,cyclone_name,cyclone_id,sar_time,file,match_type,analysis_center_quality_flag,analysis_vmax,analysis_rmax,vmax,sar_aeqd_path,sargeo_path,nan_ratio_within_100km,split
0,TALIAH,sh142025,2025-02-17 13:40:01,rcm1-sclnd-owi-cm-20250217t134001-20250217t134117-00003-xxxxx_ll_gd_GEO-IRWIN.nc,exact_contains,3.0,20.414132306287613,88000.0,19,/scale/user/mtannaou/alternance/donnees_sar_aeqd_09_janvier/sh142025/rcm1-sclnd-owi-cm-20250217t134001-20250217t134117-00003_aeqd.nc,/scale/project/ifremer-isi-jumeaunumerique/SARGEO/prototype/v00r00/cyclobs/sh142025/IRWIN/rcm1-sclnd-owi-cm-20250217t134001-20250217t134117-00003-xxxxx_ll_gd_GEO-IRWIN.nc,,nan
1,TALIAH,sh142025,2025-02-02 21:47:25,rcm2-sclnc-owi-cm-20250202t214725-20250202t214840-00003-xxxxx_ll_gd_GEO-IRWIN.nc,exact_contains,0.0,41.00188148147798,29000.0,36,/scale/user/mtannaou/alternance/donnees_sar_aeqd_09_janvier/sh142025/rcm2-sclnc-owi-cm-20250202t214725-20250202t214840-00003_aeqd.nc,/scale/project/ifremer-isi-jumeaunumerique/SARGEO/prototype/v00r00/cyclobs/sh142025/IRWIN/rcm2-sclnc-owi-cm-20250202t214725-20250202t214840-00003-xxxxx_ll_gd_GEO-IRWIN.nc,0.0,train
2,TALIAH,sh142025,2025-02-14 12:45:45,rcm2-sclna-owi-cm-20250214t124545-20250214t124701-00003-xxxxx_ll_gd_GEO-IRWIN.nc,exact_contains,1.75,20.36140148467393,158000.0,21,/scale/user/mtannaou/alternance/donnees_sar_aeqd_09_janvier/sh142025/rcm2-sclna-owi-cm-20250214t124545-20250214t124701-00003_aeqd.nc,/scale/project/ifremer-isi-jumeaunumerique/SARGEO/prototype/v00r00/cyclobs/sh142025/IRWIN/rcm2-sclna-owi-cm-20250214t124545-20250214t124701-00003-xxxxx_ll_gd_GEO-IRWIN.nc,0.4462715105162524,train
3,TALIAH,sh142025,2025-02-04 10:55:38,rcm3-sclna-owi-cm-20250204t105538-20250204t105652-00003-xxxxx_ll_gd_GEO-IRWIN.nc,exact_contains,0.7,39.48039259259243,45000.0,44,/scale/user/mtannaou/alternance/donnees_sar_aeqd_09_janvier/sh142025/rcm3-sclna-owi-cm-20250204t105538-20250204t105652-00003_aeqd.nc,/scale/project/ifremer-isi-jumeaunumerique/SARGEO/prototype/v00r00/cyclobs/sh142025/IRWIN/rcm3-sclna-owi-cm-20250204t105538-20250204t105652-00003-xxxxx_ll_gd_GEO-IRWIN.nc,0.1792224346717654,val
4,TALIAH,sh142025,2025-02-10 12:16:08,rcm2-sclnb-owi-cm-20250210t121608-20250210t121722-00003-xxxxx_ll_gd_GEO-IRWIN.nc,exact_contains,0.0,24.64941947929802,66000.0,23,/scale/user/mtannaou/alternance/donnees_sar_aeqd_09_janvier/sh142025/rcm2-sclnb-owi-cm-20250210t121608-20250210t121722-00003_aeqd.nc,/scale/project/ifremer-isi-jumeaunumerique/SARGEO/prototype/v00r00/cyclobs/sh142025/IRWIN/rcm2-sclnb-owi-cm-20250210t121608-20250210t121722-00003-xxxxx_ll_gd_GEO-IRWIN.nc,0.0,train
5,TALIAH,sh142025,2025-02-06 11:43:38,rcm2-sclnd-owi-cm-20250206t114338-20250206t114453-00003-xxxxx_ll_gd_GEO-IRWIN.nc,exact_contains,0.3,22.62235135484788,126000.0,31,/scale/user/mtannaou/alternance/donnees_sar_aeqd_09_janvier/sh142025/rcm2-sclnd-owi-cm-20250206t114338-20250206t114453-00003_aeqd.nc,/scale/project/ifremer-isi-jumeaunumerique/SARGEO/prototype/v00r00/cyclobs/sh142025/IRWIN/rcm2-sclnd-owi-cm-20250206t114338-20250206t114453-00003-xxxxx_ll_gd_GEO-IRWIN.nc,0.0,train
6,TALIAH,sh142025,2025-02-08 11:59:42,rcm2-sclna-owi-cm-20250208t115942-20250208t120059-00003-xxxxx_ll_gd_GEO-IRWIN.nc,exact_contains,0.6,15.875702658883478,173000.0,23,/scale/user/mtannaou/alternance/donnees_sar_aeqd_09_janvier/sh142025/rcm2-sclna-owi-cm-20250208t115942-20250208t120059-00003_aeqd.nc,/scale/project/ifremer-isi-jumeaunumerique/SARGEO/prototype/v00r00/cyclobs/sh142025/IRWIN/rcm2-sclna-owi-cm-20250208t115942-20250208t120059-00003-xxxxx_ll_gd_GEO-IRWIN.nc,0.0,test
7,TALIAH,sh142025,2025-02-16 00:07:10,rcm1-sclna-owi-cm-20250216t000710-20250216t000825-00003-xxxxx_ll_gd_GEO-IRWIN.nc,exact_contains,1.7999999999999998,23.53298830029534,125000.0,26,/scale/user/mtannaou/alternance/donnees_sar_aeqd_09_janvier/sh142025/rcm1-sclna-owi-cm-20250216t000710-20250216t000825-00003_aeqd.nc,/scale/project/ifremer-isi-jumeaunumerique/SARGEO/prototype/v00r00/cyclobs/sh142025/IRWIN/rcm1-sclna-owi-cm-20250216t000710-20250216t000825-00003-xxxxx_ll_gd_GEO-IRWIN.nc,0.1827915869980879,train
8,TALIAH,sh142025,2025-02-04 11:12:21,s1a-ew-owi-cm-20250204t111221-20250204t111324-000003-071E7C_ll_gd_GEO-IRWIN.nc,exact_contains,3.05,35.03180119047619,53000.0,44,/scale/user/mtannaou/alternance/donnees_sar_aeqd_09_janvier/sh142025/s1a-ew-owi-cm-20250204t111221-20250204t111324-000003-_aeqd.nc,/scale/project/ifremer-isi-jumeaunumerique/SARGEO/prototype/v00r00/cyclobs/sh142025/IRWIN/s1a-ew-owi-cm-20250204t111221-20250204t111324-000003-071E7C_ll_gd_GEO-IRWIN.nc,0.7004461440407903,nan
9,TALIAH,sh142025,2025-02-18 13:47:45,rcm1-sclnd-owi-cm-20250218t134745-20250218t134859-00003-xxxxx_ll_gd_GEO-IRWIN.nc,exact_contains,3.9,,,21,/scale/user/mtannaou/alternance/donnees_sar_aeqd_09_janvier/sh142025/rcm1-sclnd-owi-cm-20250218t134745-20250218t134859-00003_aeqd.nc,/scale/project/ifremer-isi-jumeaunumerique/SARGEO/prototype/v00r00/cyclobs/sh142025/IRWIN/rcm1-sclnd-owi-cm-20250218t134745-20250218t134859-00003-xxxxx_ll_gd_GEO-IRWIN.nc,0.2476736775015933,nan
10,TALIAH,sh142025,2025-02-14 23:58:40,rcm1-sclna-owi-cm-20250214t235840-20250214t235955-00003-xxxxx_ll_gd_GEO-IRWIN.nc,exact_contains,0.5,26.98380666583946,259000.0,26,/scale/user/mtannaou/alternance/donnees_sar_aeqd_09_janvier/sh142025/rcm1-sclna-owi-cm-20250214t235840-20250214t235955-00003_aeqd.nc,/scale/project/ifremer-isi-jumeaunumerique/SARGEO/prototype/v00r00/cyclobs/sh142025/IRWIN/rcm1-sclna-owi-cm-20250214t235840-20250214t235955-00003-xxxxx_ll_gd_GEO-IRWIN.nc,0.0,nan
11,TALIAH,sh142025,2025-02-08 23:08:14,rcm1-sclnd-owi-cm-20250208t230814-20250208t230932-00003-xxxxx_ll_gd_GEO-IRWIN.nc,exact_contains,0.3,20.41912915099216,118000.0,21,/scale/user/mtannaou/alternance/donnees_sar_aeqd_09_janvier/sh142025/rcm1-sclnd-owi-cm-20250208t230814-20250208t230932-00003_aeqd.nc,/scale/project/ifremer-isi-jumeaunumerique/SARGEO/prototype/v00r00/cyclobs/sh142025/IRWIN/rcm1-sclnd-owi-cm-20250208t230814-20250208t230932-00003-xxxxx_ll_gd_GEO-IRWIN.nc,0.0,train
12,TALIAH,sh142025,2025-02-18 00:24:20,rcm1-sclna-owi-cm-20250218t002420-20250218t002534-00003-xxxxx_ll_gd_GEO-IRWIN.nc,exact_contains,3.8,25.905007707705305,113000.0,21,/scale/user/mtannaou/alternance/donnees_sar_aeqd_09_janvier/sh142025/rcm1-sclna-owi-cm-20250218t002420-20250218t002534-00003_aeqd.nc,/scale/project/ifremer-isi-jumeaunumerique/SARGEO/prototype/v00r00/cyclobs/sh142025/IRWIN/rcm1-sclna-owi-cm-20250218t002420-20250218t002534-00003-xxxxx_ll_gd_GEO-IRWIN.nc,0.1552581261950286,train
13,TALIAH,sh142025,2025-02-09 12:07:59,rcm2-sclna-owi-cm-20250209t120759-20250209t120913-00003-xxxxx_ll_gd_GEO-IRWIN.nc,exact_contains,0.3,16.40140192689365,139000.0,20,/scale/user/mtannaou/alternance/donnees_sar_aeqd_09_janvier/sh142025/rcm2-sclna-owi-cm-20250209t120759-20250209t120913-00003_aeqd.nc,/scale/project/ifremer-isi-jumeaunumerique/SARGEO/prototype/v00r00/cyclobs/sh142025/IRWIN/rcm2-sclna-owi-cm-20250209t120759-20250209t120913-00003-xxxxx_ll_gd_GEO-IRWIN.nc,0.0,train
14,TALIAH,sh142025,2025-02-02 10:39:47,rcm3-sclnc-owi-cm-20250202t103947-20250202t104104-00003-xxxxx_ll_gd_GEO-IRWIN.nc,exact_contains,0.0,30.90239245687646,33000.0,32,/scale/user/mtannaou/alternance/donnees_sar_aeqd_09_janvier/sh142025/rcm3-sclnc-owi-cm-20250202t103947-20250202t104104-00003_aeqd.nc,/scale/project/ifremer-isi-jumeaunumerique/SARGEO/prototype/v00r00/cyclobs/sh142025/IRWIN/rcm3-sclnc-owi-cm-20250202t103947-20250202t104104-00003-xxxxx_ll_gd_GEO-IRWIN.nc,0.0,train
15,TALIAH,sh142025,2025-02-07 23:00:15,rcm1-sclnd-owi-cm-20250207t230015-20250207t230132-00003-xxxxx_ll_gd_GEO-IRWIN.nc,exact_contains,0.0,20.82546920704731,89000.0,26,/scale/user/mtannaou/alternance/donnees_sar_aeqd_09_janvier/sh142025/rcm1-sclnd-owi-cm-20250207t230015-20250207t230132-00003_aeqd.nc,/scale/project/ifremer-isi-jumeaunumerique/SARGEO/prototype/v00r00/cyclobs/sh142025/IRWIN/rcm1-sclnd-owi-cm-20250207t230015-20250207t230132-00003-xxxxx_ll_gd_GEO-IRWIN.nc,0.0,val
16,TALIAH,sh142025,2025-02-12 12:31:09,rcm2-sclnc-owi-cm-20250212t123109-20250212t123225-00003-xxxxx_ll_gd_GEO-IRWIN.nc,exact_contains,0.0,35.17774444247656,78000.0,33,/scale/user/mtannaou/alternance/donnees_sar_aeqd_09_janvier/sh142025/rcm2-sclnc-owi-cm-20250212t123109-20250212t123225-00003_aeqd.nc,/scale/project/ifremer-isi-jumeaunumerique/SARGEO/prototype/v00r00/cyclobs/sh142025/IRWIN/rcm2-sclnc-owi-cm-20250212t123109-20250212t123225-00003-xxxxx_ll_gd_GEO-IRWIN.nc,0.0,train
17,TALIAH,sh142025,2025-02-12 23:41:14,rcm1-sclna-owi-cm-20250212t234114-20250212t234228-00003-xxxxx_ll_gd_GEO-IRWIN.nc,exact_contains,0.0,32.283681481235604,121000.0,33,/scale/user/mtannaou/alternance/donnees_sar_aeqd_09_janvier/sh142025/rcm1-sclna-owi-cm-20250212t234114-20250212t234228-00003_aeqd.nc,/scale/project/ifremer-isi-jumeaunumerique/SARGEO/prototype/v00r00/cyclobs/sh142025/IRWIN/rcm1-sclna-owi-cm-20250212t234114-20250212t234228-00003-xxxxx_ll_gd_GEO-IRWIN.nc,0.0,val
18,TALIAH,sh142025,2025-02-03 10:47:42,rcm3-sclna-owi-cm-20250203t104742-20250203t104858-00003-xxxxx_ll_gd_GEO-IRWIN.nc,exact_contains,0.0,36.312403703629386,38000.0,36,/scale/user/mtannaou/alternance/donnees_sar_aeqd_09_janvier/sh142025/rcm3-sclna-owi-cm-20250203t104742-20250203t104858-00003_aeqd.nc,/scale/project/ifremer-isi-jumeaunumerique/SARGEO/prototype/v00r00/cyclobs/sh142025/IRWIN/rcm3-sclna-owi-cm-20250203t104742-20250203t104858-00003-xxxxx_ll_gd_GEO-IRWIN.nc,0.0,train
19,TALIAH,sh142025,2025-02-13 12:38:17,rcm2-sclna-owi-cm-20250213t123817-20250213t123931-00003-xxxxx_ll_gd_GEO-IRWIN.nc,exact_contains,0.0,27.284933101421533,124000.0,25,/scale/user/mtannaou/alternance/donnees_sar_aeqd_09_janvier/sh142025/rcm2-sclna-owi-cm-20250213t123817-20250213t123931-00003_aeqd.nc,/scale/project/ifremer-isi-jumeaunumerique/SARGEO/prototype/v00r00/cyclobs/sh142025/IRWIN/rcm2-sclna-owi-cm-20250213t123817-20250213t123931-00003-xxxxx_ll_gd_GEO-IRWIN.nc,0.0571064372211599,train
20,TALIAH,sh142025,2025-02-16 13:32:37,rcm1-sclnd-owi-cm-20250216t133237-20250216t133353-00003-xxxxx_ll_gd_GEO-IRWIN.nc,exact_contains,4.05,,,23,/scale/user/mtannaou/alternance/donnees_sar_aeqd_09_janvier/sh142025/rcm1-sclnd-owi-cm-20250216t133237-20250216t133353-00003_aeqd.nc,/scale/project/ifremer-isi-jumeaunumerique/SARGEO/prototype/v00r00/cyclobs/sh142025/IRWIN/rcm1-sclnd-owi-cm-20250216t133237-20250216t133353-00003-xxxxx_ll_gd_GEO-IRWIN.nc,0.5792224346717655,nan
21,TALIAH,sh142025,2025-02-11 12:23:51,rcm2-sclnc-owi-cm-20250211t122351-20250211t122507-00003-xxxxx_ll_gd_GEO-IRWIN.nc,exact_contains,0.0,34.599622204827945,132000.0,33,/scale/user/mtannaou/alternance/donnees_sar_aeqd_09_janvier/sh142025/rcm2-sclnc-owi-cm-20250211t122351-20250211t122507-00003_aeqd.nc,/scale/project/ifremer-isi-jumeaunumerique/SARGEO/prototype/v00r00/cyclobs/sh142025/IRWIN/rcm2-sclnc-owi-cm-20250211t122351-20250211t122507-00003-xxxxx_ll_gd_GEO-IRWIN.nc,0.0,train
22,TALIAH,sh142025,2025-02-19 13:55:47,rcm1-sclnd-owi-cm-20250219t135547-20250219t135705-00003-xxxxx_ll_gd_GEO-IRWIN.nc,exact_contains,4.2,16.713460939812375,88000.0,19,/scale/user/mtannaou/alternance/donnees_sar_aeqd_09_janvier/sh142025/rcm1-sclnd-owi-cm-20250219t135547-20250219t135705-00003_aeqd.nc,/scale/project/ifremer-isi-jumeaunumerique/SARGEO/prototype/v00r00/cyclobs/sh142025/IRWIN/rcm1-sclnd-owi-cm-20250219t135547-20250219t135705-00003-xxxxx_ll_gd_GEO-IRWIN.nc,0.9861057998725302,nan
23,TALIAH,sh142025,2025-02-13 23:50:08,rcm1-sclna-owi-cm-20250213t235008-20250213t235122-00003-xxxxx_ll_gd_GEO-IRWIN.nc,exact_contains,0.0,25.63644128899558,161000.0,23,/scale/user/mtannaou/alternance/donnees_sar_aeqd_09_janvier/sh142025/rcm1-sclna-owi-cm-20250213t235008-20250213t235122-00003_aeqd.nc,/scale/project/ifremer-isi-jumeaunumerique/SARGEO/prototype/v00r00/cyclobs/sh142025/IRWIN/rcm1-sclna-owi-cm-20250213t235008-20250213t235122-00003-xxxxx_ll_gd_GEO-IRWIN.nc,0.0,train
24,TALIAH,sh142025,2025-02-06 22:51:59,rcm1-sclnc-owi-cm-20250206t225159-20250206t225314-00003-xxxxx_ll_gd_GEO-IRWIN.nc,exact_contains,2.2,21.68594398564744,94000.0,24,/scale/user/mtannaou/alternance/donnees_sar_aeqd_09_janvier/sh142025/rcm1-sclnc-owi-cm-20250206t225159-20250206t225314-00003_aeqd.nc,/scale/project/ifremer-isi-jumeaunumerique/SARGEO/prototype/v00r00/cyclobs/sh142025/IRWIN/rcm1-sclnc-owi-cm-20250206t225159-20250206t225314-00003-xxxxx_ll_gd_GEO-IRWIN.nc,0.1841937539834289,train
25,TALIAH,sh142025,2025-02-05 22:43:50,rcm1-sclna-owi-cm-20250205t224350-20250205t224505-00003-xxxxx_ll_gd_GEO-IRWIN.nc,exact_contains,1.9,33.29325923756585,73000.0,29,/scale/user/mtannaou/alternance/donnees_sar_aeqd_09_janvier/sh142025/rcm1-sclna-owi-cm-20250205t224350-20250205t224505-00003_aeqd.nc,/scale/project/ifremer-isi-jumeaunumerique/SARGEO/prototype/v00r00/cyclobs/sh142025/IRWIN/rcm1-sclna-owi-cm-20250205t224350-20250205t224505-00003-xxxxx_ll_gd_GEO-IRWIN.nc,0.3960484384958572,train
26,TALIAH,sh142025,2025-02-05 11:35:19,rcm2-sclnd-owi-cm-20250205t113519-20250205t113635-00003-xxxxx_ll_gd_GEO-IRWIN.nc,exact_contains,3.05,23.54485149653592,13000.0,33,/scale/user/mtannaou/alternance/donnees_sar_aeqd_09_janvier/sh142025/rcm2-sclnd-owi-cm-20250205t113519-20250205t113635-00003_aeqd.nc,/scale/project/ifremer-isi-jumeaunumerique/SARGEO/prototype/v00r00/cyclobs/sh142025/IRWIN/rcm2-sclnd-owi-cm-20250205t113519-20250205t113635-00003-xxxxx_ll_gd_GEO-IRWIN.nc,0.9994901210962396,nan
27,TALIAH,sh142025,2025-02-05 22:44:07,s1a-ew-owi-cm-20250205t224407-20250205t224511-000003-071F5A_ll_gd_GEO-IRWIN.nc,exact_contains,2.2,26.67504930500812,78000.0,29,/scale/user/mtannaou/alternance/donnees_sar_aeqd_09_janvier/sh142025/s1a-ew-owi-cm-20250205t224407-20250205t224511-000003-_aeqd.nc,/scale/project/ifremer-isi-jumeaunumerique/SARGEO/prototype/v00r00/cyclobs/sh142025/IRWIN/s1a-ew-owi-cm-20250205t224407-20250205t224511-000003-071F5A_ll_gd_GEO-IRWIN.nc,0.6736775015933716,nan
28,TALIAH,sh142025,2025-02-07 11:51:35,rcm2-sclna-owi-cm-20250207t115135-20250207t115250-00003-xxxxx_ll_gd_GEO-IRWIN.nc,exact_contains,0.0,18.18170212250579,192000.0,21,/scale/user/mtannaou/alternance/donnees_sar_aeqd_09_janvier/sh142025/rcm2-sclna-owi-cm-20250207t115135-20250207t115250-00003_aeqd.nc,/scale/project/ifremer-isi-jumeaunumerique/SARGEO/prototype/v00r00/cyclobs/sh142025/IRWIN/rcm2-sclna-owi-cm-20250207t115135-20250207t115250-00003-xxxxx_ll_gd_GEO-IRWIN.nc,0.0,nan
29,TALIAH,sh142025,2025-02-09 23:15:55,rcm1-sclnd-owi-cm-20250209t231555-20250209t231711-00003-xxxxx_ll_gd_GEO-IRWIN.nc,exact_contains,1.4,23.400164967725285,47000.0,20,/scale/user/mtannaou/alternance/donnees_sar_aeqd_09_janvier/sh142025/rcm1-sclnd-owi-cm-20250209t231555-20250209t231711-00003_aeqd.nc,/scale/project/ifremer-isi-jumeaunumerique/SARGEO/prototype/v00r00/cyclobs/sh142025/IRWIN/rcm1-sclnd-owi-cm-20250209t231555-20250209t231711-00003-xxxxx_ll_gd_GEO-IRWIN.nc,0.0,train
30,TALIAH,sh142025,2025-02-11 23:32:21,rcm1-sclnb-owi-cm-20250211t233221-20250211t233337-00003-xxxxx_ll_gd_GEO-IRWIN.nc,exact_contains,0.0,30.106192575664146,86000.0,33,/scale/user/mtannaou/alternance/donnees_sar_aeqd_09_janvier/sh142025/rcm1-sclnb-owi-cm-20250211t233221-20250211t233337-00003_aeqd.nc,/scale/project/ifremer-isi-jumeaunumerique/SARGEO/prototype/v00r00/cyclobs/sh142025/IRWIN/rcm1-sclnb-owi-cm-20250211t233221-20250211t233337-00003-xxxxx_ll_gd_GEO-IRWIN.nc,0.1376673040152963,train
31,TALIAH,sh142025,2025-02-03 21:55:57,rcm2-sclnd-owi-cm-20250203t215557-20250203t215713-00003-xxxxx_ll_gd_GEO-IRWIN.nc,exact_contains,0.0,43.81933333333237,40000.0,42,/scale/user/mtannaou/alternance/donnees_sar_aeqd_09_janvier/sh142025/rcm2-sclnd-owi-cm-20250203t215557-20250203t215713-00003_aeqd.nc,/scale/project/ifremer-isi-jumeaunumerique/SARGEO/prototype/v00r00/cyclobs/sh142025/IRWIN/rcm2-sclnd-owi-cm-20250203t215557-20250203t215713-00003-xxxxx_ll_gd_GEO-IRWIN.nc,0.0,train
32,TALIAH,sh142025,2025-02-10 23:23:53,rcm1-sclnc-owi-cm-20250210t232353-20250210t232507-00003-xxxxx_ll_gd_GEO-IRWIN.nc,exact_contains,0.0,30.10068842331432,97000.0,28,/scale/user/mtannaou/alternance/donnees_sar_aeqd_09_janvier/sh142025/rcm1-sclnc-owi-cm-20250210t232353-20250210t232507-00003_aeqd.nc,/scale/project/ifremer-isi-jumeaunumerique/SARGEO/prototype/v00r00/cyclobs/sh142025/IRWIN/rcm1-sclnc-owi-cm-20250210t232353-20250210t232507-00003-xxxxx_ll_gd_GEO-IRWIN.nc,0.0,train
33,TALIAH,sh142025,2025-02-17 00:15:54,rcm1-sclna-owi-cm-20250217t001554-20250217t001710-00003-xxxxx_ll_gd_GEO-IRWIN.nc,exact_contains,0.0,20.40693592178385,129000.0,20,/scale/user/mtannaou/alternance/donnees_sar_aeqd_09_janvier/sh142025/rcm1-sclna-owi-cm-20250217t001554-20250217t001710-00003_aeqd.nc,/scale/project/ifremer-isi-jumeaunumerique/SARGEO/prototype/v00r00/cyclobs/sh142025/IRWIN/rcm1-sclna-owi-cm-20250217t001554-20250217t001710-00003-xxxxx_ll_gd_GEO-IRWIN.nc,0.0,val
34,JERRY,al102019,2019-09-20 22:18:37,s1a-iw-owi-cm-20190920t221952-20190920t222132-000003-034DF5_ll_gd_GEO-IRWIN.nc,fuzzy_sat_time,1.0,36.31814814814816,21000.0,32,/scale/user/mtannaou/alternance/donnees_sar_aeqd_09_janvier/al102019/s1a-iw-owi-cm-20190920t221837-20190920t222132-000003-_aeqd.nc,/scale/project/ifremer-isi-jumeaunumerique/SARGEO/prototype/v00r00/cyclobs/al102019/IRWIN/s1a-iw-owi-cm-20190920t221952-20190920t222132-000003-034DF5_ll_gd_GEO-IRWIN.nc,0.4220522625876354,test
35,BARRY,al022025,2025-06-30 00:37:45,rcm2-sclnd-owi-cm-20250630t003745-20250630t003900-00003-xxxxx_ll_gd_GEO-IRWIN.nc,exact_contains,3.8,15.379181180372084,16000.0,17,/scale/user/mtannaou/alternance/donnees_sar_aeqd_09_janvier/al022025no_env/rcm2-sclnd-owi-cm-20250630t003745-20250630t003900-00003_aeqd.nc,/scale/project/ifremer-isi-jumeaunumerique/SARGEO/prototype/v00r00/cyclobs/al022025/IRWIN/rcm2-sclnd-owi-cm-20250630t003745-20250630t003900-00003-xxxxx_ll_gd_GEO-IRWIN.nc,0.4785213511790949,train
36,BARRY,al022025,2025-06-29 12:23:06,rcm2-sclna-owi-cm-20250629t122306-20250629t122421-00003-xxxxx_ll_gd_GEO-IRWIN.nc,exact_contains,5.6,18.383176243360207,38000.0,18,/scale/user/mtannaou/alternance/donnees_sar_aeqd_09_janvier/al022025no_env/rcm2-sclna-owi-cm-20250629t122306-20250629t122421-00003_aeqd.nc,/scale/project/ifremer-isi-jumeaunumerique/SARGEO/prototype/v00r00/cyclobs/al022025/IRWIN/rcm2-sclna-owi-cm-20250629t122306-20250629t122421-00003-xxxxx_ll_gd_GEO-IRWIN.nc,0.1669853409815168,train
37,ROSLYN,ep192022,2022-10-22 12:47:53,rcm2-sclnd-owi-cm-20221022t124742-20221022t124922-00003-______ll_gd_GEO-IRWIN.nc,fuzzy_sat_time,1.4,57.74698888888889,8000.0,57,/scale/user/mtannaou/alternance/donnees_sar_aeqd_09_janvier/ep192022/rcm2-sclnd-owi-cm-20221022t124753-20221022t124853-00003_aeqd.nc,/scale/project/ifremer-isi-jumeaunumerique/SARGEO/prototype/v00r00/cyclobs/ep192022/IRWIN/rcm2-sclnd-owi-cm-20221022t124742-20221022t124922-00003-______ll_gd_GEO-IRWIN.nc,0.0592734225621414,val
38,FAIDA,sh112025,2025-02-01 14:16:10,rcm2-sclna-owi-cm-20250201t141610-20250201t141725-00003-xxxxx_ll_gd_GEO-IRWIN.nc,exact_contains,1.7,16.092676314262917,74000.0,17,/scale/user/mtannaou/alternance/donnees_sar_aeqd_09_janvier/sh112025/rcm2-sclna-owi-cm-20250201t141610-20250201t141725-00003_aeqd.nc,/scale/project/ifremer-isi-jumeaunumerique/SARGEO/prototype/v00r00/cyclobs/sh112025/IRWIN/rcm2-sclna-owi-cm-20250201t141610-20250201t141725-00003-xxxxx_ll_gd_GEO-IRWIN.nc,0.501338432122371,nan
39,FAIDA,sh112025,2025-02-02 14:55:33,rcm1-sclnd-owi-cm-20250202t145533-20250202t145650-00003-xxxxx_ll_gd_GEO-IRWIN.nc,exact_contains,2.8,21.21498328560472,230000.0,18,/scale/user/mtannaou/alternance/donnees_sar_aeqd_09_janvier/sh112025/rcm1-sclnd-owi-cm-20250202t145533-20250202t145650-00003_aeqd.nc,/scale/project/ifremer-isi-jumeaunumerique/SARGEO/prototype/v00r00/cyclobs/sh112025/IRWIN/rcm1-sclnd-owi-cm-20250202t145533-20250202t145650-00003-xxxxx_ll_gd_GEO-IRWIN.nc,0.0,nan
40,FAIDA,sh112025,2025-02-01 01:17:17,rcm1-sclnb-owi-cm-20250201t011717-20250201t011831-00003-xxxxx_ll_gd_GEO-IRWIN.nc,exact_contains,1.0,15.10469417288672,337000.0,18,/scale/user/mtannaou/alternance/donnees_sar_aeqd_09_janvier/sh112025/rcm1-sclnb-owi-cm-20250201t011717-20250201t011831-00003_aeqd.nc,/scale/project/ifremer-isi-jumeaunumerique/SARGEO/prototype/v00r00/cyclobs/sh112025/IRWIN/rcm1-sclnb-owi-cm-20250201t011717-20250201t011831-00003-xxxxx_ll_gd_GEO-IRWIN.nc,0.4815806246016571,nan
41,FAIDA,sh112025,2025-01-31 14:07:54,rcm2-sclnc-owi-cm-20250131t140754-20250131t140910-00003-xxxxx_ll_gd_GEO-IRWIN.nc,exact_contains,2.0,18.23070919629479,6000.0,18,/scale/user/mtannaou/alternance/donnees_sar_aeqd_09_janvier/sh112025/rcm2-sclnc-owi-cm-20250131t140754-20250131t140910-00003_aeqd.nc,/scale/project/ifremer-isi-jumeaunumerique/SARGEO/prototype/v00r00/cyclobs/sh112025/IRWIN/rcm2-sclnc-owi-cm-20250131t140754-20250131t140910-00003-xxxxx_ll_gd_GEO-IRWIN.nc,0.0,train
42,FAIDA,sh112025,2025-02-02 14:44:30,s1a-ew-owi-cm-20250202t144430-20250202t144735-000003-071D6E_ll_gd_GEO-IRWIN.nc,exact_contains,1.65,23.811104681434795,5000.0,18,/scale/user/mtannaou/alternance/donnees_sar_aeqd_09_janvier/sh112025/s1a-ew-owi-cm-20250202t144430-20250202t144735-000003-_aeqd.nc,/scale/project/ifremer-isi-jumeaunumerique/SARGEO/prototype/v00r00/cyclobs/sh112025/IRWIN/s1a-ew-owi-cm-20250202t144430-20250202t144735-000003-071D6E_ll_gd_GEO-IRWIN.nc,0.0573613766730401,train
43,FAIDA,sh112025,2025-02-03 15:03:41,rcm1-sclnd-owi-cm-20250203t150341-20250203t150456-00003-xxxxx_ll_gd_GEO-IRWIN.nc,exact_contains,3.5,11.20348989539491,131000.0,19,/scale/user/mtannaou/alternance/donnees_sar_aeqd_09_janvier/sh112025/rcm1-sclnd-owi-cm-20250203t150341-20250203t150456-00003_aeqd.nc,/scale/project/ifremer-isi-jumeaunumerique/SARGEO/prototype/v00r00/cyclobs/sh112025/IRWIN/rcm1-sclnd-owi-cm-20250203t150341-20250203t150456-00003-xxxxx_ll_gd_GEO-IRWIN.nc,0.4280433397068196,train
44,FAIDA,sh112025,2025-02-04 02:14:00,rcm3-sclna-owi-cm-20250204t021400-20250204t021515-00003-xxxxx_ll_gd_GEO-IRWIN.nc,exact_contains,4.2,,,17,/scale/user/mtannaou/alternance/donnees_sar_aeqd_09_janvier/sh112025/rcm3-sclna-owi-cm-20250204t021400-20250204t021515-00003_aeqd.nc,/scale/project/ifremer-isi-jumeaunumerique/SARGEO/prototype/v00r00/cyclobs/sh112025/IRWIN/rcm3-sclna-owi-cm-20250204t021400-20250204t021515-00003-xxxxx_ll_gd_GEO-IRWIN.nc,0.0713830465264499,nan
45,FAIDA,sh112025,2025-02-02 01:25:29,rcm1-sclnd-owi-cm-20250202t012529-20250202t012647-00003-xxxxx_ll_gd_GEO-IRWIN.nc,exact_contains,3.45,,,15,/scale/user/mtannaou/alternance/donnees_sar_aeqd_09_janvier/sh112025/rcm1-sclnd-owi-cm-20250202t012529-20250202t012647-00003_aeqd.nc,/scale/project/ifremer-isi-jumeaunumerique/SARGEO/prototype/v00r00/cyclobs/sh112025/IRWIN/rcm1-sclnd-owi-cm-20250202t012529-20250202t012647-00003-xxxxx_ll_gd_GEO-IRWIN.nc,0.5107711918419375,nan
46,FAIDA,sh112025,2025-02-03 02:06:00,rcm3-sclna-owi-cm-20250203t020600-20250203t020715-00003-xxxxx_ll_gd_GEO-IRWIN.nc,exact_contains,3.3,17.47313927067491,238000.0,21,/scale/user/mtannaou/alternance/donnees_sar_aeqd_09_janvier/sh112025/rcm3-sclna-owi-cm-20250203t020600-20250203t020715-00003_aeqd.nc,/scale/project/ifremer-isi-jumeaunumerique/SARGEO/prototype/v00r00/cyclobs/sh112025/IRWIN/rcm3-sclna-owi-cm-20250203t020600-20250203t020715-00003-xxxxx_ll_gd_GEO-IRWIN.nc,0.0,nan
47,LINDA,ep122021,2021-08-18 14:39:06,rcm2-sc100ma-owi-cm-20210818t143906-20210818t144138-00003-______ll_gd_GEO-IRWIN.nc,exact_contains,0.0,41.341944444412704,26000.0,45,/scale/user/mtannaou/alternance/donnees_sar_aeqd_09_janvier/ep122021/rcm2-sc100ma-owi-cm-20210818t143906-20210818t144138-00003_aeqd.nc,/scale/project/ifremer-isi-jumeaunumerique/SARGEO/prototype/v00r00/cyclobs/ep122021/IRWIN/rcm2-sc100ma-owi-cm-20210818t143906-20210818t144138-00003-______ll_gd_GEO-IRWIN.nc,0.0,train
48,LINDA,ep122021,2021-08-23 16:15:35,s1a-iw-owi-cm-20210823t161535-20210823t161654-000003-04A612_ll_gd_GEO-IRWIN.nc,exact_contains,4.8,11.018516666666669,196000.0,18,/scale/user/mtannaou/alternance/donnees_sar_aeqd_09_janvier/ep122021/s1a-iw-owi-cm-20210823t161535-20210823t161654-000003-_aeqd.nc,/scale/project/ifremer-isi-jumeaunumerique/SARGEO/prototype/v00r00/cyclobs/ep122021/IRWIN/s1a-iw-owi-cm-20210823t161535-20210823t161654-000003-04A612_ll_gd_GEO-IRWIN.nc,0.2480560866794136,nan
49,DANA,io032024,2024-10-25 00:10:48,rcm2-sclna-owi-cm-20241025t001048-20241025t001205-00003-______ll_gd_GEO-IRWIN.nc,exact_contains,3.8,30.53906245127624,77000.0,33,/scale/user/mtannaou/alternance/donnees_sar_aeqd_09_janvier/io032024/rcm2-sclna-owi-cm-20241025t001048-20241025t001205-00003_aeqd.nc,/scale/project/ifremer-isi-jumeaunumerique/SARGEO/prototype/v00r00/cyclobs/io032024/IRWIN/rcm2-sclna-owi-cm-20241025t001048-20241025t001205-00003-______ll_gd_GEO-IRWIN.nc,0.5435309114085405,nan
50,DANA,io032024,2024-10-25 12:25:36,rcm2-sclnd-owi-cm-20241025t122536-20241025t122653-00003-______ll_gd_GEO-IRWIN.nc,exact_contains,3.2,15.796823572817864,32000.0,20,/scale/user/mtannaou/alternance/donnees_sar_aeqd_09_janvier/io032024/rcm2-sclnd-owi-cm-20241025t122536-20241025t122653-00003_aeqd.nc,/scale/project/ifremer-isi-jumeaunumerique/SARGEO/prototype/v00r00/cyclobs/io032024/IRWIN/rcm2-sclnd-owi-cm-20241025t122536-20241025t122653-00003-______ll_gd_GEO-IRWIN.nc,0.8824729126832377,nan
51,DANA,io032024,2024-10-24 12:17:20,rcm2-sclnc-owi-cm-20241024t121720-20241024t121835-00003-______ll_gd_GEO-IRWIN.nc,exact_contains,1.5,30.33349582883096,83000.0,33,/scale/user/mtannaou/alternance/donnees_sar_aeqd_09_janvier/io032024/rcm2-sclnc-owi-cm-20241024t121720-20241024t121835-00003_aeqd.nc,/scale/project/ifremer-isi-jumeaunumerique/SARGEO/prototype/v00r00/cyclobs/io032024/IRWIN/rcm2-sclnc-owi-cm-20241024t121720-20241024t121835-00003-______ll_gd_GEO-IRWIN.nc,0.0093052899936265,train
52,DANA,io032024,2024-10-23 12:08:41,rcm2-sclnb-owi-cm-20241023t120841-20241023t120956-00003-______ll_gd_GEO-IRWIN.nc,exact_contains,2.0,28.740243659312814,93000.0,23,/scale/user/mtannaou/alternance/donnees_sar_aeqd_09_janvier/io032024/rcm2-sclnb-owi-cm-20241023t120841-20241023t120956-00003_aeqd.nc,/scale/project/ifremer-isi-jumeaunumerique/SARGEO/prototype/v00r00/cyclobs/io032024/IRWIN/rcm2-sclnb-owi-cm-20241023t120841-20241023t120956-00003-______ll_gd_GEO-IRWIN.nc,0.0123645634161886,train
53,DUMAKO,sh122022,2022-02-13 14:36:21,s1a-ew-owi-cm-20220213t143725-20220213t143926-000003-04FCF7_ll_gd_GEO-IRWIN.nc,fuzzy_sat_time,2.7,22.61787626522,13000.0,22,/scale/user/mtannaou/alternance/donnees_sar_aeqd_09_janvier/sh122022/s1a-ew-owi-cm-20220213t143621-20220213t143926-000003-_aeqd.nc,/scale/project/ifremer-isi-jumeaunumerique/SARGEO/prototype/v00r00/cyclobs/sh122022/IRWIN/s1a-ew-owi-cm-20220213t143725-20220213t143926-000003-04FCF7_ll_gd_GEO-IRWIN.nc,0.7623964308476737,nan
54,DUMAKO,sh122022,2022-02-15 02:10:05,s1a-iw-owi-cm-20220215t021005-20220215t021149-000003-04FDBB_ll_gd_GEO-IRWIN.nc,exact_contains,0.25,24.317466666666668,25000.0,23,/scale/user/mtannaou/alternance/donnees_sar_aeqd_09_janvier/sh122022/s1a-iw-owi-cm-20220215t021005-20220215t021149-000003-_aeqd.nc,/scale/project/ifremer-isi-jumeaunumerique/SARGEO/prototype/v00r00/cyclobs/sh122022/IRWIN/s1a-iw-owi-cm-20220215t021005-20220215t021149-000003-04FDBB_ll_gd_GEO-IRWIN.nc,0.4048438495857234,test
55,COSME,ep032025,2025-06-11 01:48:37,rcm1-sc50mc-owi-cm-20250611t014837-20250611t014955-00003-xxxxx_ll_gd_GEO-IRWIN.nc,exact_contains,0.3,23.85615131133593,33000.0,21,/scale/user/mtannaou/alternance/donnees_sar_aeqd_09_janvier/ep032025no_env/rcm1-sc50mc-owi-cm-20250611t014837-20250611t014955-00003_aeqd.nc,/scale/project/ifremer-isi-jumeaunumerique/SARGEO/prototype/v00r00/cyclobs/ep032025/IRWIN/rcm1-sc50mc-owi-cm-20250611t014837-20250611t014955-00003-xxxxx_ll_gd_GEO-IRWIN.nc,0.0,train
56,COSME,ep032025,2025-06-10 01:40:20,rcm1-sc50ma-owi-cm-20250610t014020-20250610t014137-00003-xxxxx_ll_gd_GEO-IRWIN.nc,exact_contains,0.7,30.323283628461084,20000.0,31,/scale/user/mtannaou/alternance/donnees_sar_aeqd_09_janvier/ep032025no_env/rcm1-sc50ma-owi-cm-20250610t014020-20250610t014137-00003_aeqd.nc,/scale/project/ifremer-isi-jumeaunumerique/SARGEO/prototype/v00r00/cyclobs/ep032025/IRWIN/rcm1-sc50ma-owi-cm-20250610t014020-20250610t014137-00003-xxxxx_ll_gd_GEO-IRWIN.nc,0.0,train
57,COSME,ep032025,2025-06-09 01:32:07,rcm1-sc50mc-owi-cm-20250609t013207-20250609t013325-00003-xxxxx_ll_gd_GEO-IRWIN.nc,exact_contains,5.1,19.526110325521728,99000.0,21,/scale/user/mtannaou/alternance/donnees_sar_aeqd_09_janvier/ep032025no_env/rcm1-sc50mc-owi-cm-20250609t013207-20250609t013325-00003_aeqd.nc,/scale/project/ifremer-isi-jumeaunumerique/SARGEO/prototype/v00r00/cyclobs/ep032025/IRWIN/rcm1-sc50mc-owi-cm-20250609t013207-20250609t013325-00003-xxxxx_ll_gd_GEO-IRWIN.nc,0.6921606118546845,nan
58,COSME,ep032025,2025-06-10 13:36:29,rcm1-sc50ma-owi-cm-20250610t133629-20250610t133746-00003-xxxxx_ll_gd_GEO-IRWIN.nc,exact_contains,1.7,33.9634444284134,22000.0,28,/scale/user/mtannaou/alternance/donnees_sar_aeqd_09_janvier/ep032025no_env/rcm1-sc50ma-owi-cm-20250610t133629-20250610t133746-00003_aeqd.nc,/scale/project/ifremer-isi-jumeaunumerique/SARGEO/prototype/v00r00/cyclobs/ep032025/IRWIN/rcm1-sc50ma-owi-cm-20250610t133629-20250610t133746-00003-xxxxx_ll_gd_GEO-IRWIN.nc,0.0,train
59,COSME,ep032025,2025-06-09 13:28:40,rcm1-sc50ma-owi-cm-20250609t132840-20250609t132957-00003-xxxxx_ll_gd_GEO-IRWIN.nc,exact_contains,1.4,32.80624441510091,21000.0,29,/scale/user/mtannaou/alternance/donnees_sar_aeqd_09_janvier/ep032025no_env/rcm1-sc50ma-owi-cm-20250609t132840-20250609t132957-00003_aeqd.nc,/scale/project/ifremer-isi-jumeaunumerique/SARGEO/prototype/v00r00/cyclobs/ep032025/IRWIN/rcm1-sc50ma-owi-cm-20250609t132840-20250609t132957-00003-xxxxx_ll_gd_GEO-IRWIN.nc,0.0,train
60,EMILIA,ep052024,2024-08-07 13:43:55,rcm2-sc50mb-owi-cm-20240807t134355-20240807t134513-00003-______ll_gd_GEO-IRWIN.nc,exact_contains,0.95,21.68644750696546,57000.0,30,/scale/user/mtannaou/alternance/donnees_sar_aeqd_09_janvier/ep052024/rcm2-sc50mb-owi-cm-20240807t134355-20240807t134513-00003_aeqd.nc,/scale/project/ifremer-isi-jumeaunumerique/SARGEO/prototype/v00r00/cyclobs/ep052024/IRWIN/rcm2-sc50mb-owi-cm-20240807t134355-20240807t134513-00003-______ll_gd_GEO-IRWIN.nc,0.207138304652645,train
61,EMILIA,ep052024,2024-08-07 01:48:52,rcm2-sc50ma-owi-cm-20240807t014852-20240807t015009-00003-______ll_gd_GEO-IRWIN.nc,exact_contains,0.0,26.379617908778645,63000.0,29,/scale/user/mtannaou/alternance/donnees_sar_aeqd_09_janvier/ep052024/rcm2-sc50ma-owi-cm-20240807t014852-20240807t015009-00003_aeqd.nc,/scale/project/ifremer-isi-jumeaunumerique/SARGEO/prototype/v00r00/cyclobs/ep052024/IRWIN/rcm2-sc50ma-owi-cm-20240807t014852-20240807t015009-00003-______ll_gd_GEO-IRWIN.nc,0.0,val
62,EMILIA,ep052024,2024-08-08 01:58:03,rcm2-sc50ma-owi-cm-20240808t015803-20240808t015920-00003-______ll_gd_GEO-IRWIN.nc,exact_contains,0.0,19.77504630445094,83000.0,24,/scale/user/mtannaou/alternance/donnees_sar_aeqd_09_janvier/ep052024/rcm2-sc50ma-owi-cm-20240808t015803-20240808t015920-00003_aeqd.nc,/scale/project/ifremer-isi-jumeaunumerique/SARGEO/prototype/v00r00/cyclobs/ep052024/IRWIN/rcm2-sc50ma-owi-cm-20240808t015803-20240808t015920-00003-______ll_gd_GEO-IRWIN.nc,0.0841300191204589,val
63,EMILIA,ep052024,2024-08-06 01:40:22,rcm2-sc50ma-owi-cm-20240806t014022-20240806t014139-00003-______ll_gd_GEO-IRWIN.nc,exact_contains,1.0,27.74777630629803,61000.0,25,/scale/user/mtannaou/alternance/donnees_sar_aeqd_09_janvier/ep052024/rcm2-sc50ma-owi-cm-20240806t014022-20240806t014139-00003_aeqd.nc,/scale/project/ifremer-isi-jumeaunumerique/SARGEO/prototype/v00r00/cyclobs/ep052024/IRWIN/rcm2-sc50ma-owi-cm-20240806t014022-20240806t014139-00003-______ll_gd_GEO-IRWIN.nc,0.1604843849585723,train
64,EMILIA,ep052024,2024-08-05 13:28:53,rcm2-sc50ma-owi-cm-20240805t132853-20240805t133010-00003-______ll_gd_GEO-IRWIN.nc,exact_contains,3.0,23.21166141007847,68000.0,21,/scale/user/mtannaou/alternance/donnees_sar_aeqd_09_janvier/ep052024/rcm2-sc50ma-owi-cm-20240805t132853-20240805t133010-00003_aeqd.nc,/scale/project/ifremer-isi-jumeaunumerique/SARGEO/prototype/v00r00/cyclobs/ep052024/IRWIN/rcm2-sc50ma-owi-cm-20240805t132853-20240805t133010-00003-______ll_gd_GEO-IRWIN.nc,0.0,train
65,EMILIA,ep052024,2024-08-06 13:36:46,rcm2-sc50ma-owi-cm-20240806t133646-20240806t133803-00003-______ll_gd_GEO-IRWIN.nc,exact_contains,0.0,37.90925555401701,60000.0,28,/scale/user/mtannaou/alternance/donnees_sar_aeqd_09_janvier/ep052024/rcm2-sc50ma-owi-cm-20240806t133646-20240806t133803-00003_aeqd.nc,/scale/project/ifremer-isi-jumeaunumerique/SARGEO/prototype/v00r00/cyclobs/ep052024/IRWIN/rcm2-sc50ma-owi-cm-20240806t133646-20240806t133803-00003-______ll_gd_GEO-IRWIN.nc,0.0005098789037603,train
66,FRANKLIN,al082023,2023-08-25 10:29:29,rcm2-sclna-owi-cm-20230825t102929-20230825t103044-00003-______ll_gd_GEO-IRWIN.nc,exact_contains,2.0,18.397653568407,15000.0,24,/scale/user/mtannaou/alternance/donnees_sar_aeqd_09_janvier/al082023/rcm2-sclna-owi-cm-20230825t102929-20230825t103044-00003_aeqd.nc,/scale/project/ifremer-isi-jumeaunumerique/SARGEO/prototype/v00r00/cyclobs/al082023/IRWIN/rcm2-sclna-owi-cm-20230825t102929-20230825t103044-00003-______ll_gd_GEO-IRWIN.nc,0.0,train
67,FRANKLIN,al082023,2023-08-26 10:21:24,s1a-ew-owi-cm-20230826t102124-20230826t102228-000003-060585_ll_gd_GEO-IRWIN.nc,exact_contains,0.0,31.20276006015208,25000.0,32,/scale/user/mtannaou/alternance/donnees_sar_aeqd_09_janvier/al082023/s1a-ew-owi-cm-20230826t102124-20230826t102228-000003-_aeqd.nc,/scale/project/ifremer-isi-jumeaunumerique/SARGEO/prototype/v00r00/cyclobs/al082023/IRWIN/s1a-ew-owi-cm-20230826t102124-20230826t102228-000003-060585_ll_gd_GEO-IRWIN.nc,0.0,train
68,FRANKLIN,al082023,2023-08-29 22:48:13,rcm3-sclnd-owi-cm-20230829t224813-20230829t224928-00003-______ll_gd_GEO-IRWIN.nc,exact_contains,0.3,51.44283333333333,36000.0,53,/scale/user/mtannaou/alternance/donnees_sar_aeqd_09_janvier/al082023/rcm3-sclnd-owi-cm-20230829t224813-20230829t224928-00003_aeqd.nc,/scale/project/ifremer-isi-jumeaunumerique/SARGEO/prototype/v00r00/cyclobs/al082023/IRWIN/rcm3-sclnd-owi-cm-20230829t224813-20230829t224928-00003-______ll_gd_GEO-IRWIN.nc,0.0,train
69,FRANKLIN,al082023,2023-08-31 10:09:25,rcm1-sc50mb-owi-cm-20230831t100925-20230831t101309-00003-______ll_gd_GEO-IRWIN.nc,exact_contains,2.8,34.95595667292569,22000.0,44,/scale/user/mtannaou/alternance/donnees_sar_aeqd_09_janvier/al082023/rcm1-sc50mb-owi-cm-20230831t100925-20230831t101309-00003_aeqd.nc,/scale/project/ifremer-isi-jumeaunumerique/SARGEO/prototype/v00r00/cyclobs/al082023/IRWIN/rcm1-sc50mb-owi-cm-20230831t100925-20230831t101309-00003-______ll_gd_GEO-IRWIN.nc,0.9581899298916507,nan
70,FRANKLIN,al082023,2023-08-28 22:39:27,s1a-ew-owi-cm-20230828t223927-20230828t224031-000003-0606CB_ll_gd_GEO-IRWIN.nc,exact_contains,0.0,59.95870740740741,12000.0,66,/scale/user/mtannaou/alternance/donnees_sar_aeqd_09_janvier/al082023/s1a-ew-owi-cm-20230828t223927-20230828t224031-000003-_aeqd.nc,/scale/project/ifremer-isi-jumeaunumerique/SARGEO/prototype/v00r00/cyclobs/al082023/IRWIN/s1a-ew-owi-cm-20230828t223927-20230828t224031-000003-0606CB_ll_gd_GEO-IRWIN.nc,0.135755258126195,test
71,FRANKLIN,al082023,2023-08-24 22:37:32,rcm2-sclnb-owi-cm-20230824t223732-20230824t223849-00003-______ll_gd_GEO-IRWIN.nc,exact_contains,3.4,28.58386971030676,179000.0,26,/scale/user/mtannaou/alternance/donnees_sar_aeqd_09_janvier/al082023/rcm2-sclnb-owi-cm-20230824t223732-20230824t223849-00003_aeqd.nc,/scale/project/ifremer-isi-jumeaunumerique/SARGEO/prototype/v00r00/cyclobs/al082023/IRWIN/rcm2-sclnb-owi-cm-20230824t223732-20230824t223849-00003-______ll_gd_GEO-IRWIN.nc,0.0,train
72,FRANKLIN,al082023,2023-08-23 23:00:25,rcm1-sclnd-owi-cm-20230823t230025-20230823t230205-00003-______ll_gd_GEO-IRWIN.nc,exact_contains,3.45,16.067615370907284,20000.0,20,/scale/user/mtannaou/alternance/donnees_sar_aeqd_09_janvier/al082023/rcm1-sclnd-owi-cm-20230823t230025-20230823t230205-00003_aeqd.nc,/scale/project/ifremer-isi-jumeaunumerique/SARGEO/prototype/v00r00/cyclobs/al082023/IRWIN/rcm1-sclnd-owi-cm-20230823t230025-20230823t230205-00003-______ll_gd_GEO-IRWIN.nc,0.4819630337794773,train
73,FRANKLIN,al082023,2023-08-30 22:25:18,s1a-iw-owi-cm-20230830t222518-20230830t222612-000003-0607CE_ll_gd_GEO-IRWIN.nc,fuzzy_sat_time,2.2,31.39118518518519,29000.0,46,/scale/user/mtannaou/alternance/donnees_sar_aeqd_09_janvier/al082023/s1a-iw-owi-cm-20230830t222518-20230830t222702-000003-_aeqd.nc,/scale/project/ifremer-isi-jumeaunumerique/SARGEO/prototype/v00r00/cyclobs/al082023/IRWIN/s1a-iw-owi-cm-20230830t222518-20230830t222612-000003-0607CE_ll_gd_GEO-IRWIN.nc,0.9124282982791588,nan
74,FRANKLIN,al082023,2023-08-24 10:21:58,rcm2-sclnd-owi-cm-20230824t102158-20230824t102317-00003-______ll_gd_GEO-IRWIN.nc,exact_contains,1.0,32.19230865098235,27000.0,25,/scale/user/mtannaou/alternance/donnees_sar_aeqd_09_janvier/al082023/rcm2-sclnd-owi-cm-20230824t102158-20230824t102317-00003_aeqd.nc,/scale/project/ifremer-isi-jumeaunumerique/SARGEO/prototype/v00r00/cyclobs/al082023/IRWIN/rcm2-sclnd-owi-cm-20230824t102158-20230824t102317-00003-______ll_gd_GEO-IRWIN.nc,0.5479923518164436,nan
75,FRANKLIN,al082023,2023-08-23 10:47:01,rcm1-sclna-owi-cm-20230823t104701-20230823t104732-00003-______ll_gd_GEO-IRWIN.nc,exact_contains,4.45,,,21,/scale/user/mtannaou/alternance/donnees_sar_aeqd_09_janvier/al082023/rcm1-sclna-owi-cm-20230823t104701-20230823t104732-00003_aeqd.nc,/scale/project/ifremer-isi-jumeaunumerique/SARGEO/prototype/v00r00/cyclobs/al082023/IRWIN/rcm1-sclna-owi-cm-20230823t104701-20230823t104732-00003-______ll_gd_GEO-IRWIN.nc,0.812874442319949,nan
76,FRANKLIN,al082023,2023-08-29 10:27:46,rcm3-sclnd-owi-cm-20230829t102746-20230829t102905-00003-______ll_gd_GEO-IRWIN.nc,exact_contains,0.5,45.76152592592564,6000.0,60,/scale/user/mtannaou/alternance/donnees_sar_aeqd_09_janvier/al082023/rcm3-sclnd-owi-cm-20230829t102746-20230829t102905-00003_aeqd.nc,/scale/project/ifremer-isi-jumeaunumerique/SARGEO/prototype/v00r00/cyclobs/al082023/IRWIN/rcm3-sclnd-owi-cm-20230829t102746-20230829t102905-00003-______ll_gd_GEO-IRWIN.nc,0.5288718929254302,nan
77,FRANKLIN,al082023,2023-08-22 10:39:14,rcm1-sclnb-owi-cm-20230822t103914-20230822t104029-00003-______ll_gd_GEO-IRWIN.nc,exact_contains,1.9,20.944393755118423,18000.0,21,/scale/user/mtannaou/alternance/donnees_sar_aeqd_09_janvier/al082023/rcm1-sclnb-owi-cm-20230822t103914-20230822t104029-00003_aeqd.nc,/scale/project/ifremer-isi-jumeaunumerique/SARGEO/prototype/v00r00/cyclobs/al082023/IRWIN/rcm1-sclnb-owi-cm-20230822t103914-20230822t104029-00003-______ll_gd_GEO-IRWIN.nc,0.1706819630337794,train
78,FRANKLIN,al082023,2023-08-30 22:24:41,rcm1-sclnd-owi-cm-20230830t222441-20230830t222556-00003-______ll_gd_GEO-IRWIN.nc,exact_contains,0.0,44.80618518518518,37000.0,46,/scale/user/mtannaou/alternance/donnees_sar_aeqd_09_janvier/al082023/rcm1-sclnd-owi-cm-20230830t222441-20230830t222556-00003_aeqd.nc,/scale/project/ifremer-isi-jumeaunumerique/SARGEO/prototype/v00r00/cyclobs/al082023/IRWIN/rcm1-sclnd-owi-cm-20230830t222441-20230830t222556-00003-______ll_gd_GEO-IRWIN.nc,0.1318036966220522,test
79,FRANKLIN,al082023,2023-08-29 10:44:13,s1a-ew-owi-cm-20230829t104413-20230829t104516-000003-060704_ll_gd_GEO-IRWIN.nc,exact_contains,0.0,43.50187037037037,21000.0,60,/scale/user/mtannaou/alternance/donnees_sar_aeqd_09_janvier/al082023/s1a-ew-owi-cm-20230829t104413-20230829t104516-000003-_aeqd.nc,/scale/project/ifremer-isi-jumeaunumerique/SARGEO/prototype/v00r00/cyclobs/al082023/IRWIN/s1a-ew-owi-cm-20230829t104413-20230829t104516-000003-060704_ll_gd_GEO-IRWIN.nc,0.0,val
80,CHOI-WAN,wp042021,2021-06-03 10:13:25,rcm2-sc50ma-owi-cm-20210603t101325-20210603t101821-00003-______ll_gd_GEO-IRWIN.nc,exact_contains,0.5,32.220264280475114,23000.0,20,/scale/user/mtannaou/alternance/donnees_sar_aeqd_09_janvier/wp042021/rcm2-sc50ma-owi-cm-20210603t101325-20210603t101821-00003_aeqd.nc,/scale/project/ifremer-isi-jumeaunumerique/SARGEO/prototype/v00r00/cyclobs/wp042021/IRWIN/rcm2-sc50ma-owi-cm-20210603t101325-20210603t101821-00003-______ll_gd_GEO-IRWIN.nc,0.304397705544933,test
81,KRISTY,ep122024,2024-10-26 14:16:19,rcm3-sclnd-owi-cm-20241026t141619-20241026t141735-00003-______ll_gd_GEO-IRWIN.nc,exact_contains,0.0,40.69351851843051,40000.0,34,/scale/user/mtannaou/alternance/donnees_sar_aeqd_09_janvier/ep122024/rcm3-sclnd-owi-cm-20241026t141619-20241026t141735-00003_aeqd.nc,/scale/project/ifremer-isi-jumeaunumerique/SARGEO/prototype/v00r00/cyclobs/ep122024/IRWIN/rcm3-sclnd-owi-cm-20241026t141619-20241026t141735-00003-______ll_gd_GEO-IRWIN.nc,0.2721478648820905,train
82,KRISTY,ep122024,2024-10-23 01:23:55,rcm1-sc50mb-owi-cm-20241023t012355-20241023t012513-00003-______ll_gd_GEO-IRWIN.nc,exact_contains,0.7,41.615703703691,19000.0,38,/scale/user/mtannaou/alternance/donnees_sar_aeqd_09_janvier/ep122024/rcm1-sc50mb-owi-cm-20241023t012355-20241023t012513-00003_aeqd.nc,/scale/project/ifremer-isi-jumeaunumerique/SARGEO/prototype/v00r00/cyclobs/ep122024/IRWIN/rcm1-sc50mb-owi-cm-20241023t012355-20241023t012513-00003-______ll_gd_GEO-IRWIN.nc,0.0223072020395156,train
83,KRISTY,ep122024,2024-10-25 14:09:06,rcm3-sclnc-owi-cm-20241025t140906-20241025t141023-00003-______ll_gd_GEO-IRWIN.nc,exact_contains,0.0,48.343651851851845,17000.0,57,/scale/user/mtannaou/alternance/donnees_sar_aeqd_09_janvier/ep122024/rcm3-sclnc-owi-cm-20241025t140906-20241025t141023-00003_aeqd.nc,/scale/project/ifremer-isi-jumeaunumerique/SARGEO/prototype/v00r00/cyclobs/ep122024/IRWIN/rcm3-sclnc-owi-cm-20241025t140906-20241025t141023-00003-______ll_gd_GEO-IRWIN.nc,0.0,train
84,KRISTY,ep122024,2024-10-27 14:23:24,rcm3-sclnd-owi-cm-20241027t142324-20241027t142441-00003-______ll_gd_GEO-IRWIN.nc,exact_contains,2.3,16.569190755750963,80000.0,21,/scale/user/mtannaou/alternance/donnees_sar_aeqd_09_janvier/ep122024/rcm3-sclnd-owi-cm-20241027t142324-20241027t142441-00003_aeqd.nc,/scale/project/ifremer-isi-jumeaunumerique/SARGEO/prototype/v00r00/cyclobs/ep122024/IRWIN/rcm3-sclnd-owi-cm-20241027t142324-20241027t142441-00003-______ll_gd_GEO-IRWIN.nc,0.0894837476099426,train
85,KRISTY,ep122024,2024-10-23 13:20:45,rcm1-sc50mb-owi-cm-20241023t132045-20241023t132202-00003-______ll_gd_GEO-IRWIN.nc,exact_contains,0.0,47.74532592592592,15000.0,57,/scale/user/mtannaou/alternance/donnees_sar_aeqd_09_janvier/ep122024/rcm1-sc50mb-owi-cm-20241023t132045-20241023t132202-00003_aeqd.nc,/scale/project/ifremer-isi-jumeaunumerique/SARGEO/prototype/v00r00/cyclobs/ep122024/IRWIN/rcm1-sc50mb-owi-cm-20241023t132045-20241023t132202-00003-______ll_gd_GEO-IRWIN.nc,0.137157425111536,train
86,KRISTY,ep122024,2024-10-24 14:01:17,rcm3-sclna-owi-cm-20241024t140117-20241024t140232-00003-______ll_gd_GEO-IRWIN.nc,exact_contains,1.1,68.49960000000002,15000.0,69,/scale/user/mtannaou/alternance/donnees_sar_aeqd_09_janvier/ep122024/rcm3-sclna-owi-cm-20241024t140117-20241024t140232-00003_aeqd.nc,/scale/project/ifremer-isi-jumeaunumerique/SARGEO/prototype/v00r00/cyclobs/ep122024/IRWIN/rcm3-sclna-owi-cm-20241024t140117-20241024t140232-00003-______ll_gd_GEO-IRWIN.nc,0.4590184831102613,train
87,KRISTY,ep122024,2024-10-25 02:12:49,rcm3-sclna-owi-cm-20241025t021249-20241025t021404-00003-______ll_gd_GEO-IRWIN.nc,exact_contains,1.4,59.03937037037037,14000.0,70,/scale/user/mtannaou/alternance/donnees_sar_aeqd_09_janvier/ep122024/rcm3-sclna-owi-cm-20241025t021249-20241025t021404-00003_aeqd.nc,/scale/project/ifremer-isi-jumeaunumerique/SARGEO/prototype/v00r00/cyclobs/ep122024/IRWIN/rcm3-sclna-owi-cm-20241025t021249-20241025t021404-00003-______ll_gd_GEO-IRWIN.nc,0.0967495219885277,val
88,KRISTY,ep122024,2024-10-21 12:32:54,rcm2-sc50ma-owi-cm-20241021t123254-20241021t123411-00003-______ll_gd_GEO-IRWIN.nc,exact_contains,0.0,,,16,/scale/user/mtannaou/alternance/donnees_sar_aeqd_09_janvier/ep122024/rcm2-sc50ma-owi-cm-20241021t123254-20241021t123411-00003_aeqd.nc,/scale/project/ifremer-isi-jumeaunumerique/SARGEO/prototype/v00r00/cyclobs/ep122024/IRWIN/rcm2-sc50ma-owi-cm-20241021t123254-20241021t123411-00003-______ll_gd_GEO-IRWIN.nc,0.0,nan
89,KRISTY,ep122024,2024-10-25 02:17:34,s1a-ew-owi-cm-20241025t021734-20241025t021838-000003-06E34A_ll_gd_GEO-IRWIN.nc,exact_contains,1.4,52.83089629629631,12000.0,70,/scale/user/mtannaou/alternance/donnees_sar_aeqd_09_janvier/ep122024/s1a-ew-owi-cm-20241025t021734-20241025t021838-000003-_aeqd.nc,/scale/project/ifremer-isi-jumeaunumerique/SARGEO/prototype/v00r00/cyclobs/ep122024/IRWIN/s1a-ew-owi-cm-20241025t021734-20241025t021838-000003-06E34A_ll_gd_GEO-IRWIN.nc,0.0,train
90,HAROLD,sh252020,2020-04-06 07:12:35,s1a-iw-owi-cm-20200406t071235-20200406t071509-000003-03B25D_ll_gd_GEO-IRWIN.nc,exact_contains,1.8,56.86075555555556,10000.0,71,/scale/user/mtannaou/alternance/donnees_sar_aeqd_09_janvier/sh252020/s1a-iw-owi-cm-20200406t071235-20200406t071509-000003-_aeqd.nc,/scale/project/ifremer-isi-jumeaunumerique/SARGEO/prototype/v00r00/cyclobs/sh252020/IRWIN/s1a-iw-owi-cm-20200406t071235-20200406t071509-000003-03B25D_ll_gd_GEO-IRWIN.nc,0.3376673040152964,train
91,ZETA,al282020,2020-10-28 12:07:10,rs2-scwa-owi-cm-20201028t120710-20201028t120825-00003-______ll_gd_GEO-IRWIN.nc,exact_contains,0.0,43.29628148148148,30000.0,41,/scale/user/mtannaou/alternance/donnees_sar_aeqd_09_janvier/al282020/rs2-scwa-owi-cm-20201028t120710-20201028t120825-00003_aeqd.nc,/scale/project/ifremer-isi-jumeaunumerique/SARGEO/prototype/v00r00/cyclobs/al282020/IRWIN/rs2-scwa-owi-cm-20201028t120710-20201028t120825-00003-______ll_gd_GEO-IRWIN.nc,0.0,train
92,ZETA,al282020,2020-10-26 23:57:35,s1b-iw-owi-cm-20201026t235804-20201026t235944-000003-02D99A_ll_gd_GEO-IRWIN.nc,fuzzy_sat_time,2.0,22.404725,53000.0,36,/scale/user/mtannaou/alternance/donnees_sar_aeqd_09_janvier/al282020/s1b-iw-owi-cm-20201026t235735-20201026t235944-000003-_aeqd.nc,/scale/project/ifremer-isi-jumeaunumerique/SARGEO/prototype/v00r00/cyclobs/al282020/IRWIN/s1b-iw-owi-cm-20201026t235804-20201026t235944-000003-02D99A_ll_gd_GEO-IRWIN.nc,0.635691523263225,nan
93,PABLO,al182019,2019-10-25 08:12:25,s1b-ew-owi-cm-20191025t081225-20191025t081426-000003-023199_ll_gd_GEO-IRWIN.nc,exact_contains,0.0,24.48556296296297,14000.0,22,/scale/user/mtannaou/alternance/donnees_sar_aeqd_09_janvier/al182019/s1b-ew-owi-cm-20191025t081225-20191025t081426-000003-_aeqd.nc,/scale/project/ifremer-isi-jumeaunumerique/SARGEO/prototype/v00r00/cyclobs/al182019/IRWIN/s1b-ew-owi-cm-20191025t081225-20191025t081426-000003-023199_ll_gd_GEO-IRWIN.nc,0.0913957934990439,train
94,PABLO,al182019,2019-10-26 08:05:55,s1a-iw-owi-cm-20191026t080555-20191026t080712-000003-035FAD_ll_gd_GEO-IRWIN.nc,exact_contains,0.0,33.25014444444445,12000.0,21,/scale/user/mtannaou/alternance/donnees_sar_aeqd_09_janvier/al182019/s1a-iw-owi-cm-20191026t080555-20191026t080712-000003-_aeqd.nc,/scale/project/ifremer-isi-jumeaunumerique/SARGEO/prototype/v00r00/cyclobs/al182019/IRWIN/s1a-iw-owi-cm-20191026t080555-20191026t080712-000003-035FAD_ll_gd_GEO-IRWIN.nc,0.2753346080305927,train
95,DIANNE,sh282025,2025-03-28 10:23:00,rcm2-sclnd-owi-cm-20250328t102300-20250328t102416-00003-xxxxx_ll_gd_GEO-IRWIN.nc,exact_contains,2.3,29.44813575159843,55000.0,23,/scale/user/mtannaou/alternance/donnees_sar_aeqd_09_janvier/sh282025/rcm2-sclnd-owi-cm-20250328t102300-20250328t102416-00003_aeqd.nc,/scale/project/ifremer-isi-jumeaunumerique/SARGEO/prototype/v00r00/cyclobs/sh282025/IRWIN/rcm2-sclnd-owi-cm-20250328t102300-20250328t102416-00003-xxxxx_ll_gd_GEO-IRWIN.nc,0.4019120458891013,train
96,al012023,al012023,2023-01-16 22:09:08,s1a-iw-owi-cm-20230116t220908-20230116t221023-000003-059CF8_ll_gd_GEO-IRWIN.nc,exact_contains,0.0,37.76437037037038,47000.0,30,/scale/user/mtannaou/alternance/donnees_sar_aeqd_09_janvier/al012023/s1a-iw-owi-cm-20230116t220908-20230116t221023-000003-_aeqd.nc,/scale/project/ifremer-isi-jumeaunumerique/SARGEO/prototype/v00r00/cyclobs/al012023/IRWIN/s1a-iw-owi-cm-20230116t220908-20230116t221023-000003-059CF8_ll_gd_GEO-IRWIN.nc,0.2606755895474825,train
97,BERYL,al022024,2024-07-06 12:06:29,rcm3-sclna-owi-cm-20240706t120629-20240706t120746-00003-______ll_gd_GEO-IRWIN.nc,exact_contains,1.0,22.35982208492372,75000.0,26,/scale/user/mtannaou/alternance/donnees_sar_aeqd_09_janvier/al022024/rcm3-sclna-owi-cm-20240706t120629-20240706t120746-00003_aeqd.nc,/scale/project/ifremer-isi-jumeaunumerique/SARGEO/prototype/v00r00/cyclobs/al022024/IRWIN/rcm3-sclna-owi-cm-20240706t120629-20240706t120746-00003-______ll_gd_GEO-IRWIN.nc,0.0,train
98,BERYL,al022024,2024-07-05 11:44:27,s1a-iw-owi-cm-20240705t114427-20240705t114546-000003-06A64E_ll_gd_GEO-IRWIN.nc,fuzzy_sat_time,4.2,19.197112962962965,53000.0,39,/scale/user/mtannaou/alternance/donnees_sar_aeqd_09_janvier/al022024/s1a-iw-owi-cm-20240705t114427-20240705t114611-000003-_aeqd.nc,/scale/project/ifremer-isi-jumeaunumerique/SARGEO/prototype/v00r00/cyclobs/al022024/IRWIN/s1a-iw-owi-cm-20240705t114427-20240705t114546-000003-06A64E_ll_gd_GEO-IRWIN.nc,0.7485022307202039,nan
99,BERYL,al022024,2024-07-02 22:43:44,rcm2-sc50ma-owi-cm-20240702t224344-20240702t224458-00003-______ll_gd_GEO-IRWIN.nc,exact_contains,0.5,,,67,/scale/user/mtannaou/alternance/donnees_sar_aeqd_09_janvier/al022024/rcm2-sc50ma-owi-cm-20240702t224344-20240702t224458-00003_aeqd.nc,/scale/project/ifremer-isi-jumeaunumerique/SARGEO/prototype/v00r00/cyclobs/al022024/IRWIN/rcm2-sc50ma-owi-cm-20240702t224344-20240702t224458-00003-______ll_gd_GEO-IRWIN.nc,0.5612492033142129,nan
100,BERYL,al022024,2024-06-30 09:12:14,rcm1-sclnd-owi-cm-20240630t091214-20240630t091332-00003-______ll_gd_GEO-IRWIN.nc,exact_contains,0.0,47.11592222222219,18000.0,48,/scale/user/mtannaou/alternance/donnees_sar_aeqd_09_janvier/al022024/rcm1-sclnd-owi-cm-20240630t091214-20240630t091332-00003_aeqd.nc,/scale/project/ifremer-isi-jumeaunumerique/SARGEO/prototype/v00r00/cyclobs/al022024/IRWIN/rcm1-sclnd-owi-cm-20240630t091214-20240630t091332-00003-______ll_gd_GEO-IRWIN.nc,0.0305927342256214,train
101,BERYL,al022024,2024-07-01 09:52:28,rcm3-sclnb-owi-cm-20240701t095228-20240701t095343-00003-______ll_gd_GEO-IRWIN.nc,exact_contains,0.0,55.02283333333333,20000.0,56,/scale/user/mtannaou/alternance/donnees_sar_aeqd_09_janvier/al022024/rcm3-sclnb-owi-cm-20240701t095228-20240701t095343-00003_aeqd.nc,/scale/project/ifremer-isi-jumeaunumerique/SARGEO/prototype/v00r00/cyclobs/al022024/IRWIN/rcm3-sclnb-owi-cm-20240701t095228-20240701t095343-00003-______ll_gd_GEO-IRWIN.nc,0.0163161249203314,train
102,BERYL,al022024,2024-07-04 11:19:21,rcm1-sclnc-owi-cm-20240704t111921-20240704t112014-00003-______ll_gd_GEO-IRWIN.nc,exact_contains,0.9,49.48861481481482,15000.0,50,/scale/user/mtannaou/alternance/donnees_sar_aeqd_09_janvier/al022024/rcm1-sclnc-owi-cm-20240704t111921-20240704t112014-00003_aeqd.nc,/scale/project/ifremer-isi-jumeaunumerique/SARGEO/prototype/v00r00/cyclobs/al022024/IRWIN/rcm1-sclnc-owi-cm-20240704t111921-20240704t112014-00003-______ll_gd_GEO-IRWIN.nc,0.3177820267686424,train
103,BERYL,al022024,2024-07-02 10:31:48,rcm2-sc50ma-owi-cm-20240702t103148-20240702t103304-00003-______ll_gd_GEO-IRWIN.nc,exact_contains,3.25,29.22189920408221,7000.0,73,/scale/user/mtannaou/alternance/donnees_sar_aeqd_09_janvier/al022024/rcm2-sc50ma-owi-cm-20240702t103148-20240702t103304-00003_aeqd.nc,/scale/project/ifremer-isi-jumeaunumerique/SARGEO/prototype/v00r00/cyclobs/al022024/IRWIN/rcm2-sc50ma-owi-cm-20240702t103148-20240702t103304-00003-______ll_gd_GEO-IRWIN.nc,0.5121733588272785,nan
104,BERYL,al022024,2024-07-07 00:22:28,rcm3-sclnb-owi-cm-20240707t002228-20240707t002343-00003-______ll_gd_GEO-IRWIN.nc,exact_contains,2.3,24.949019585707525,66000.0,26,/scale/user/mtannaou/alternance/donnees_sar_aeqd_09_janvier/al022024/rcm3-sclnb-owi-cm-20240707t002228-20240707t002343-00003_aeqd.nc,/scale/project/ifremer-isi-jumeaunumerique/SARGEO/prototype/v00r00/cyclobs/al022024/IRWIN/rcm3-sclnb-owi-cm-20240707t002228-20240707t002343-00003-______ll_gd_GEO-IRWIN.nc,0.1080943275971956,train
105,BERYL,al022024,2024-07-03 23:24:14,rcm1-sclnc-owi-cm-20240703t232414-20240703t232529-00003-______ll_gd_GEO-IRWIN.nc,exact_contains,1.8,54.97895925925927,11000.0,59,/scale/user/mtannaou/alternance/donnees_sar_aeqd_09_janvier/al022024/rcm1-sclnc-owi-cm-20240703t232414-20240703t232529-00003_aeqd.nc,/scale/project/ifremer-isi-jumeaunumerique/SARGEO/prototype/v00r00/cyclobs/al022024/IRWIN/rcm1-sclnc-owi-cm-20240703t232414-20240703t232529-00003-______ll_gd_GEO-IRWIN.nc,0.21427660930529,train
106,BERYL,al022024,2024-07-07 12:13:52,rcm3-sclnc-owi-cm-20240707t121352-20240707t121507-00003-______ll_gd_GEO-IRWIN.nc,exact_contains,0.0,28.85778742637036,59000.0,28,/scale/user/mtannaou/alternance/donnees_sar_aeqd_09_janvier/al022024/rcm3-sclnc-owi-cm-20240707t121352-20240707t121507-00003_aeqd.nc,/scale/project/ifremer-isi-jumeaunumerique/SARGEO/prototype/v00r00/cyclobs/al022024/IRWIN/rcm3-sclnc-owi-cm-20240707t121352-20240707t121507-00003-______ll_gd_GEO-IRWIN.nc,0.0,train
107,BERYL,al022024,2024-06-28 21:05:00,rcm1-sclnd-owi-cm-20240628t210500-20240628t210617-00003-______ll_gd_GEO-IRWIN.nc,exact_contains,0.0,,,17,/scale/user/mtannaou/alternance/donnees_sar_aeqd_09_janvier/al022024/rcm1-sclnd-owi-cm-20240628t210500-20240628t210617-00003_aeqd.nc,/scale/project/ifremer-isi-jumeaunumerique/SARGEO/prototype/v00r00/cyclobs/al022024/IRWIN/rcm1-sclnd-owi-cm-20240628t210500-20240628t210617-00003-______ll_gd_GEO-IRWIN.nc,0.0,nan
108,BERYL,al022024,2024-06-30 21:54:35,rcm3-sclnb-owi-cm-20240630t215435-20240630t215552-00003-______ll_gd_GEO-IRWIN.nc,exact_contains,0.0,56.3232888888889,11000.0,57,/scale/user/mtannaou/alternance/donnees_sar_aeqd_09_janvier/al022024/rcm3-sclnb-owi-cm-20240630t215435-20240630t215552-00003_aeqd.nc,/scale/project/ifremer-isi-jumeaunumerique/SARGEO/prototype/v00r00/cyclobs/al022024/IRWIN/rcm3-sclnb-owi-cm-20240630t215435-20240630t215552-00003-______ll_gd_GEO-IRWIN.nc,0.0610579987253027,test
109,BERYL,al022024,2024-07-06 00:13:37,rcm3-sclnd-owi-cm-20240706t001337-20240706t001452-00003-______ll_gd_GEO-IRWIN.nc,exact_contains,2.8,22.038735984864967,62000.0,26,/scale/user/mtannaou/alternance/donnees_sar_aeqd_09_janvier/al022024/rcm3-sclnd-owi-cm-20240706t001337-20240706t001452-00003_aeqd.nc,/scale/project/ifremer-isi-jumeaunumerique/SARGEO/prototype/v00r00/cyclobs/al022024/IRWIN/rcm3-sclnd-owi-cm-20240706t001337-20240706t001452-00003-______ll_gd_GEO-IRWIN.nc,0.3584448693435309,train
110,BERYL,al022024,2024-07-08 00:31:17,rcm3-sclnc-owi-cm-20240708t003117-20240708t003234-00003-______ll_gd_GEO-IRWIN.nc,exact_contains,0.0,26.971524395132825,45000.0,31,/scale/user/mtannaou/alternance/donnees_sar_aeqd_09_janvier/al022024/rcm3-sclnc-owi-cm-20240708t003117-20240708t003234-00003_aeqd.nc,/scale/project/ifremer-isi-jumeaunumerique/SARGEO/prototype/v00r00/cyclobs/al022024/IRWIN/rcm3-sclnc-owi-cm-20240708t003117-20240708t003234-00003-______ll_gd_GEO-IRWIN.nc,0.0,train
111,WIPHA,wp092025,2025-07-18 09:59:52,rcm1-sc50mc-owi-cm-20250718t095952-20250718t100108-00003-xxxxx_ll_gd_GEO-IRWIN.nc,exact_contains,1.8,,,20,/scale/user/mtannaou/alternance/donnees_sar_aeqd_09_janvier/wp092025no_env/rcm1-sc50mc-owi-cm-20250718t095952-20250718t100108-00003_aeqd.nc,/scale/project/ifremer-isi-jumeaunumerique/SARGEO/prototype/v00r00/cyclobs/wp092025/IRWIN/rcm1-sc50mc-owi-cm-20250718t095952-20250718t100108-00003-xxxxx_ll_gd_GEO-IRWIN.nc,0.0746972594008923,nan
112,WIPHA,wp092025,2025-07-18 21:54:31,rcm1-sc50ma-owi-cm-20250718t215431-20250718t215535-00003-xxxxx_ll_gd_GEO-IRWIN.nc,exact_contains,0.0,31.975628614177584,86000.0,25,/scale/user/mtannaou/alternance/donnees_sar_aeqd_09_janvier/wp092025no_env/rcm1-sc50ma-owi-cm-20250718t215431-20250718t215535-00003_aeqd.nc,/scale/project/ifremer-isi-jumeaunumerique/SARGEO/prototype/v00r00/cyclobs/wp092025/IRWIN/rcm1-sc50ma-owi-cm-20250718t215431-20250718t215535-00003-xxxxx_ll_gd_GEO-IRWIN.nc,0.1871255576800509,val
113,MATMO,wp232019,2019-11-09 12:11:37,s1a-iw-owi-cm-20191109t121137-20191109t121321-000003-0366F3_ll_gd_GEO-IRWIN.nc,exact_contains,1.8,56.56512592592593,18000.0,44,/scale/user/mtannaou/alternance/donnees_sar_aeqd_09_janvier/wp232019/s1a-iw-owi-cm-20191109t121137-20191109t121321-000003-_aeqd.nc,/scale/project/ifremer-isi-jumeaunumerique/SARGEO/prototype/v00r00/cyclobs/wp232019/IRWIN/s1a-iw-owi-cm-20191109t121137-20191109t121321-000003-0366F3_ll_gd_GEO-IRWIN.nc,0.4590184831102613,train
114,FENGAL,io042024,2024-11-30 12:55:13,rcm1-sclnd-owi-cm-20241130t125513-20241130t125629-00003-______ll_gd_GEO-IRWIN.nc,exact_contains,1.8,26.25559043729872,38000.0,23,/scale/user/mtannaou/alternance/donnees_sar_aeqd_09_janvier/io042024/rcm1-sclnd-owi-cm-20241130t125513-20241130t125629-00003_aeqd.nc,/scale/project/ifremer-isi-jumeaunumerique/SARGEO/prototype/v00r00/cyclobs/io042024/IRWIN/rcm1-sclnd-owi-cm-20241130t125513-20241130t125629-00003-______ll_gd_GEO-IRWIN.nc,0.1502868068833652,train
115,FENGAL,io042024,2024-11-29 12:47:00,rcm1-sclnb-owi-cm-20241129t124700-20241129t124817-00003-______ll_gd_GEO-IRWIN.nc,exact_contains,1.65,24.258674045957022,45000.0,21,/scale/user/mtannaou/alternance/donnees_sar_aeqd_09_janvier/io042024/rcm1-sclnb-owi-cm-20241129t124700-20241129t124817-00003_aeqd.nc,/scale/project/ifremer-isi-jumeaunumerique/SARGEO/prototype/v00r00/cyclobs/io042024/IRWIN/rcm1-sclnb-owi-cm-20241129t124700-20241129t124817-00003-______ll_gd_GEO-IRWIN.nc,0.3436583811344805,train
116,FENGAL,io042024,2024-12-01 00:21:16,rcm2-sclnd-owi-cm-20241201t002116-20241201t002231-00003-______ll_gd_GEO-IRWIN.nc,exact_contains,1.8,28.42923831041084,16000.0,20,/scale/user/mtannaou/alternance/donnees_sar_aeqd_09_janvier/io042024/rcm2-sclnd-owi-cm-20241201t002116-20241201t002231-00003_aeqd.nc,/scale/project/ifremer-isi-jumeaunumerique/SARGEO/prototype/v00r00/cyclobs/io042024/IRWIN/rcm2-sclnd-owi-cm-20241201t002116-20241201t002231-00003-______ll_gd_GEO-IRWIN.nc,0.4378585086042065,train
117,JUDE,sh252025,2025-03-13 03:00:10,s1a-iw-owi-cm-20250313t030010-20250313t030215-000003-07341E_ll_gd_GEO-IRWIN.nc,exact_contains,2.8,18.519674074074075,142000.0,19,/scale/user/mtannaou/alternance/donnees_sar_aeqd_09_janvier/sh252025/s1a-iw-owi-cm-20250313t030010-20250313t030215-000003-_aeqd.nc,/scale/project/ifremer-isi-jumeaunumerique/SARGEO/prototype/v00r00/cyclobs/sh252025/IRWIN/s1a-iw-owi-cm-20250313t030010-20250313t030215-000003-07341E_ll_gd_GEO-IRWIN.nc,0.0664117272147864,train
118,JUDE,sh252025,2025-03-15 02:39:50,rcm3-sclna-owi-cm-20250315t023950-20250315t024021-00003-xxxxx_ll_gd_GEO-IRWIN.nc,exact_contains,4.6,21.333969065096948,62000.0,27,/scale/user/mtannaou/alternance/donnees_sar_aeqd_09_janvier/sh252025/rcm3-sclna-owi-cm-20250315t023950-20250315t024021-00003_aeqd.nc,/scale/project/ifremer-isi-jumeaunumerique/SARGEO/prototype/v00r00/cyclobs/sh252025/IRWIN/rcm3-sclna-owi-cm-20250315t023950-20250315t024021-00003-xxxxx_ll_gd_GEO-IRWIN.nc,1.0,nan
119,DIANE,sh102020,2020-01-24 14:44:15,s1a-ew-owi-cm-20200124t144415-20200124t144720-000003-038D72_ll_gd_GEO-IRWIN.nc,exact_contains,0.3,28.115825925925925,62000.0,19,/scale/user/mtannaou/alternance/donnees_sar_aeqd_09_janvier/sh102020/s1a-ew-owi-cm-20200124t144415-20200124t144720-000003-_aeqd.nc,/scale/project/ifremer-isi-jumeaunumerique/SARGEO/prototype/v00r00/cyclobs/sh102020/IRWIN/s1a-ew-owi-cm-20200124t144415-20200124t144720-000003-038D72_ll_gd_GEO-IRWIN.nc,0.0,train
120,LAURA,al132020,2020-08-27 00:08:18,s1a-iw-owi-cm-20200827t000908-20200827t001138-000003-03F518_ll_gd_GEO-IRWIN.nc,fuzzy_sat_time,2.7,,,67,/scale/user/mtannaou/alternance/donnees_sar_aeqd_09_janvier/al132020/s1a-iw-owi-cm-20200827t000818-20200827t001138-000003-_aeqd.nc,/scale/project/ifremer-isi-jumeaunumerique/SARGEO/prototype/v00r00/cyclobs/al132020/IRWIN/s1a-iw-owi-cm-20200827t000908-20200827t001138-000003-03F518_ll_gd_GEO-IRWIN.nc,0.5979604843849585,nan
121,LAURA,al132020,2020-08-21 22:19:32,s1a-iw-owi-cm-20200821t221932-20200821t222047-000003-03F28D_ll_gd_GEO-IRWIN.nc,exact_contains,4.3,10.04,186000.0,21,/scale/user/mtannaou/alternance/donnees_sar_aeqd_09_janvier/al132020/s1a-iw-owi-cm-20200821t221932-20200821t222047-000003-_aeqd.nc,/scale/project/ifremer-isi-jumeaunumerique/SARGEO/prototype/v00r00/cyclobs/al132020/IRWIN/s1a-iw-owi-cm-20200821t221932-20200821t222047-000003-03F28D_ll_gd_GEO-IRWIN.nc,0.1167622689611217,nan
122,LAURA,al132020,2020-08-25 11:33:34,rs2-scwa-owi-cm-20200825t113334-20200825t113556-00003-______ll_gd_GEO-IRWIN.nc,exact_contains,0.0,30.34737995004169,102000.0,33,/scale/user/mtannaou/alternance/donnees_sar_aeqd_09_janvier/al132020/rs2-scwa-owi-cm-20200825t113334-20200825t113556-00003_aeqd.nc,/scale/project/ifremer-isi-jumeaunumerique/SARGEO/prototype/v00r00/cyclobs/al132020/IRWIN/rs2-scwa-owi-cm-20200825t113334-20200825t113556-00003-______ll_gd_GEO-IRWIN.nc,0.0,train
123,SHAHEEN-GU,io032021,2021-10-03 02:02:13,rcm1-sc50mb-owi-cm-20211003t020213-20211003t020301-00003-______ll_gd_GEO-IRWIN.nc,exact_contains,0.7,35.4396925849811,29000.0,36,/scale/user/mtannaou/alternance/donnees_sar_aeqd_09_janvier/io032021/rcm1-sc50mb-owi-cm-20211003t020213-20211003t020301-00003_aeqd.nc,/scale/project/ifremer-isi-jumeaunumerique/SARGEO/prototype/v00r00/cyclobs/io032021/IRWIN/rcm1-sc50mb-owi-cm-20211003t020213-20211003t020301-00003-______ll_gd_GEO-IRWIN.nc,0.2110898661567877,train
124,SHAHEEN-GU,io032021,2021-10-02 01:54:18,rcm1-sc50ma-owi-cm-20211002t015418-20211002t015522-00003-______ll_gd_GEO-IRWIN.nc,exact_contains,0.0,32.214633271791435,34000.0,33,/scale/user/mtannaou/alternance/donnees_sar_aeqd_09_janvier/io032021/rcm1-sc50ma-owi-cm-20211002t015418-20211002t015522-00003_aeqd.nc,/scale/project/ifremer-isi-jumeaunumerique/SARGEO/prototype/v00r00/cyclobs/io032021/IRWIN/rcm1-sc50ma-owi-cm-20211002t015418-20211002t015522-00003-______ll_gd_GEO-IRWIN.nc,0.3676226896112173,val
125,NARI,wp062025,2025-07-14 08:25:23,s1c-iw-owi-cm-20250714t082523-20250714t082707-000003-0067F6_ll_gd_GEO-IRWIN.nc,exact_contains,0.8999999999999999,26.58282222222222,20000.0,22,/scale/user/mtannaou/alternance/donnees_sar_aeqd_09_janvier/wp062025no_env/s1c-iw-owi-cm-20250714t082523-20250714t082707-000003-_aeqd.nc,/scale/project/ifremer-isi-jumeaunumerique/SARGEO/prototype/v00r00/cyclobs/wp062025/IRWIN/s1c-iw-owi-cm-20250714t082523-20250714t082707-000003-0067F6_ll_gd_GEO-IRWIN.nc,0.1108986615678776,train
126,OPHELIA,al162023,2023-09-23 11:06:52,rcm2-sclna-owi-cm-20230923t110652-20230923t110812-00003-______ll_gd_GEO-IRWIN.nc,exact_contains,4.3,22.16247830804477,18000.0,28,/scale/user/mtannaou/alternance/donnees_sar_aeqd_09_janvier/al162023/rcm2-sclna-owi-cm-20230923t110652-20230923t110812-00003_aeqd.nc,/scale/project/ifremer-isi-jumeaunumerique/SARGEO/prototype/v00r00/cyclobs/al162023/IRWIN/rcm2-sclna-owi-cm-20230923t110652-20230923t110812-00003-______ll_gd_GEO-IRWIN.nc,0.7617590822179733,nan
127,MELISSA,al132025,2025-10-20 22:35:17,rcm1-sc50ma-owi-cm-20251020t223517-20251020t223629-00003-xxxxx_ll_gd_GEO-IRWIN.nc,exact_contains,3.5,,,18,/scale/user/mtannaou/alternance/donnees_sar_aeqd_09_janvier/al132025no_env/rcm1-sc50ma-owi-cm-20251020t223517-20251020t223629-00003_aeqd.nc,/scale/project/ifremer-isi-jumeaunumerique/SARGEO/prototype/v00r00/cyclobs/al132025/IRWIN/rcm1-sc50ma-owi-cm-20251020t223517-20251020t223629-00003-xxxxx_ll_gd_GEO-IRWIN.nc,0.2596558317399617,nan
128,MELISSA,al132025,2025-10-24 23:07:49,s1a-iw-owi-cm-20251024t230749-20251024t230954-000003-07B0C2_ll_gd_GEO-IRWIN.nc,exact_contains,0.0,26.462666666666667,28000.0,28,/scale/user/mtannaou/alternance/donnees_sar_aeqd_09_janvier/al132025no_env/s1a-iw-owi-cm-20251024t230749-20251024t230954-000003-_aeqd.nc,/scale/project/ifremer-isi-jumeaunumerique/SARGEO/prototype/v00r00/cyclobs/al132025/IRWIN/s1a-iw-owi-cm-20251024t230749-20251024t230954-000003-07B0C2_ll_gd_GEO-IRWIN.nc,0.0,val
129,MELISSA,al132025,2025-10-23 10:47:34,rcm1-sc50mc-owi-cm-20251023t104734-20251023t104847-00003-xxxxx_ll_gd_GEO-IRWIN.nc,exact_contains,3.4,18.059940845429782,178000.0,21,/scale/user/mtannaou/alternance/donnees_sar_aeqd_09_janvier/al132025no_env/rcm1-sc50mc-owi-cm-20251023t104734-20251023t104847-00003_aeqd.nc,/scale/project/ifremer-isi-jumeaunumerique/SARGEO/prototype/v00r00/cyclobs/al132025/IRWIN/rcm1-sc50mc-owi-cm-20251023t104734-20251023t104847-00003-xxxxx_ll_gd_GEO-IRWIN.nc,0.0,train
130,MELISSA,al132025,2025-10-23 23:15:49,s1c-ew-owi-cm-20251023t231549-20251023t231652-000003-00947A_ll_gd_GEO-IRWIN.nc,exact_contains,3.1500000000000004,11.59304877949766,219000.0,21,/scale/user/mtannaou/alternance/donnees_sar_aeqd_09_janvier/al132025no_env/s1c-ew-owi-cm-20251023t231549-20251023t231652-000003-_aeqd.nc,/scale/project/ifremer-isi-jumeaunumerique/SARGEO/prototype/v00r00/cyclobs/al132025/IRWIN/s1c-ew-owi-cm-20251023t231549-20251023t231652-000003-00947A_ll_gd_GEO-IRWIN.nc,0.3898024219247928,nan
131,MELISSA,al132025,2025-10-31 10:26:06,s1a-ew-owi-cm-20251031t102606-20251031t102710-000003-07B486_ll_gd_GEO-IRWIN.nc,exact_contains,0.0,44.675207407407406,56000.0,39,/scale/user/mtannaou/alternance/donnees_sar_aeqd_09_janvier/al132025no_env/s1a-ew-owi-cm-20251031t102606-20251031t102710-000003-_aeqd.nc,/scale/project/ifremer-isi-jumeaunumerique/SARGEO/prototype/v00r00/cyclobs/al132025/IRWIN/s1a-ew-owi-cm-20251031t102606-20251031t102710-000003-07B486_ll_gd_GEO-IRWIN.nc,0.5509241555130656,nan
132,MELISSA,al132025,2025-10-26 23:23:58,rcm1-sc50mc-owi-cm-20251026t232358-20251026t232514-00003-xxxxx_ll_gd_GEO-IRWIN.nc,exact_contains,0.0,61.45054444444444,14000.0,64,/scale/user/mtannaou/alternance/donnees_sar_aeqd_09_janvier/al132025no_env/rcm1-sc50mc-owi-cm-20251026t232358-20251026t232514-00003_aeqd.nc,/scale/project/ifremer-isi-jumeaunumerique/SARGEO/prototype/v00r00/cyclobs/al132025/IRWIN/rcm1-sc50mc-owi-cm-20251026t232358-20251026t232514-00003-xxxxx_ll_gd_GEO-IRWIN.nc,0.0953473550031867,train
133,MELISSA,al132025,2025-10-24 10:55:32,rcm1-sc50ma-owi-cm-20251024t105532-20251024t105647-00003-xxxxx_ll_gd_GEO-IRWIN.nc,exact_contains,3.8,21.107397331614344,208000.0,21,/scale/user/mtannaou/alternance/donnees_sar_aeqd_09_janvier/al132025no_env/rcm1-sc50ma-owi-cm-20251024t105532-20251024t105647-00003_aeqd.nc,/scale/project/ifremer-isi-jumeaunumerique/SARGEO/prototype/v00r00/cyclobs/al132025/IRWIN/rcm1-sc50ma-owi-cm-20251024t105532-20251024t105647-00003-xxxxx_ll_gd_GEO-IRWIN.nc,0.0,nan
134,MELISSA,al132025,2025-10-25 23:16:13,rcm1-sc50mc-owi-cm-20251025t231613-20251025t231723-00003-xxxxx_ll_gd_GEO-IRWIN.nc,exact_contains,0.0,49.402808333333326,27000.0,45,/scale/user/mtannaou/alternance/donnees_sar_aeqd_09_janvier/al132025no_env/rcm1-sc50mc-owi-cm-20251025t231613-20251025t231723-00003_aeqd.nc,/scale/project/ifremer-isi-jumeaunumerique/SARGEO/prototype/v00r00/cyclobs/al132025/IRWIN/rcm1-sc50mc-owi-cm-20251025t231613-20251025t231723-00003-xxxxx_ll_gd_GEO-IRWIN.nc,0.0,train
135,MELISSA,al132025,2025-10-27 23:32:07,rcm1-sclnd-owi-cm-20251027t233207-20251027t233317-00003-xxxxx_ll_gd_GEO-IRWIN.nc,exact_contains,0.6,66.50273703703705,13000.0,77,/scale/user/mtannaou/alternance/donnees_sar_aeqd_09_janvier/al132025no_env/rcm1-sclnd-owi-cm-20251027t233207-20251027t233317-00003_aeqd.nc,/scale/project/ifremer-isi-jumeaunumerique/SARGEO/prototype/v00r00/cyclobs/al132025/IRWIN/rcm1-sclnd-owi-cm-20251027t233207-20251027t233317-00003-xxxxx_ll_gd_GEO-IRWIN.nc,0.0349267049075844,val
136,MELISSA,al132025,2025-10-22 10:39:33,rcm1-sc50mc-owi-cm-20251022t103933-20251022t104051-00003-xxxxx_ll_gd_GEO-IRWIN.nc,exact_contains,2.25,23.78886799514064,93000.0,23,/scale/user/mtannaou/alternance/donnees_sar_aeqd_09_janvier/al132025no_env/rcm1-sc50mc-owi-cm-20251022t103933-20251022t104051-00003_aeqd.nc,/scale/project/ifremer-isi-jumeaunumerique/SARGEO/prototype/v00r00/cyclobs/al132025/IRWIN/rcm1-sc50mc-owi-cm-20251022t103933-20251022t104051-00003-xxxxx_ll_gd_GEO-IRWIN.nc,0.2118546845124283,train
137,MELISSA,al132025,2025-10-23 22:59:55,rcm1-sc50ma-owi-cm-20251023t225955-20251023t230111-00003-xxxxx_ll_gd_GEO-IRWIN.nc,exact_contains,3.7,25.4364183018024,27000.0,21,/scale/user/mtannaou/alternance/donnees_sar_aeqd_09_janvier/al132025no_env/rcm1-sc50ma-owi-cm-20251023t225955-20251023t230111-00003_aeqd.nc,/scale/project/ifremer-isi-jumeaunumerique/SARGEO/prototype/v00r00/cyclobs/al132025/IRWIN/rcm1-sc50ma-owi-cm-20251023t225955-20251023t230111-00003-xxxxx_ll_gd_GEO-IRWIN.nc,0.6664117272147865,nan
138,MELISSA,al132025,2025-10-24 23:07:58,rcm1-sc50mb-owi-cm-20251024t230758-20251024t230908-00003-xxxxx_ll_gd_GEO-IRWIN.nc,exact_contains,0.0,26.295147009637446,26000.0,28,/scale/user/mtannaou/alternance/donnees_sar_aeqd_09_janvier/al132025no_env/rcm1-sc50mb-owi-cm-20251024t230758-20251024t230908-00003_aeqd.nc,/scale/project/ifremer-isi-jumeaunumerique/SARGEO/prototype/v00r00/cyclobs/al132025/IRWIN/rcm1-sc50mb-owi-cm-20251024t230758-20251024t230908-00003-xxxxx_ll_gd_GEO-IRWIN.nc,0.0,train
139,MELISSA,al132025,2025-10-28 10:55:24,rcm2-sclnd-owi-cm-20251028t105524-20251028t105634-00003-xxxxx_ll_gd_GEO-IRWIN.nc,exact_contains,2.4,74.86064814814817,10000.0,79,/scale/user/mtannaou/alternance/donnees_sar_aeqd_09_janvier/al132025no_env/rcm2-sclnd-owi-cm-20251028t105524-20251028t105634-00003_aeqd.nc,/scale/project/ifremer-isi-jumeaunumerique/SARGEO/prototype/v00r00/cyclobs/al132025/IRWIN/rcm2-sclnd-owi-cm-20251028t105524-20251028t105634-00003-xxxxx_ll_gd_GEO-IRWIN.nc,0.1309114085404716,train
140,MELISSA,al132025,2025-10-25 11:03:14,rcm1-sclna-owi-cm-20251025t110314-20251025t110426-00003-xxxxx_ll_gd_GEO-IRWIN.nc,exact_contains,3.3,21.6010215211727,9000.0,31,/scale/user/mtannaou/alternance/donnees_sar_aeqd_09_janvier/al132025no_env/rcm1-sclna-owi-cm-20251025t110314-20251025t110426-00003_aeqd.nc,/scale/project/ifremer-isi-jumeaunumerique/SARGEO/prototype/v00r00/cyclobs/al132025/IRWIN/rcm1-sclna-owi-cm-20251025t110314-20251025t110426-00003-xxxxx_ll_gd_GEO-IRWIN.nc,0.7532186105799873,nan
141,MELISSA,al132025,2025-10-27 11:04:35,s1a-ew-owi-cm-20251027t110435-20251027t110539-000003-07B234_ll_gd_GEO-IRWIN.nc,exact_contains,0.6,64.6089888888889,10000.0,72,/scale/user/mtannaou/alternance/donnees_sar_aeqd_09_janvier/al132025no_env/s1a-ew-owi-cm-20251027t110435-20251027t110539-000003-_aeqd.nc,/scale/project/ifremer-isi-jumeaunumerique/SARGEO/prototype/v00r00/cyclobs/al132025/IRWIN/s1a-ew-owi-cm-20251027t110435-20251027t110539-000003-07B234_ll_gd_GEO-IRWIN.nc,0.0,train
142,MELISSA,al132025,2025-10-21 10:32:02,rcm1-sc50mb-owi-cm-20251021t103202-20251021t103314-00003-xxxxx_ll_gd_GEO-IRWIN.nc,exact_contains,1.4,25.91355775921363,49000.0,23,/scale/user/mtannaou/alternance/donnees_sar_aeqd_09_janvier/al132025no_env/rcm1-sc50mb-owi-cm-20251021t103202-20251021t103314-00003_aeqd.nc,/scale/project/ifremer-isi-jumeaunumerique/SARGEO/prototype/v00r00/cyclobs/al132025/IRWIN/rcm1-sc50mb-owi-cm-20251021t103202-20251021t103314-00003-xxxxx_ll_gd_GEO-IRWIN.nc,0.0318674314850223,train
143,FABIO,ep062024,2024-08-05 12:56:46,rcm3-sc50mc-owi-cm-20240805t125646-20240805t125804-00003-______ll_gd_GEO-IRWIN.nc,exact_contains,3.8,20.145108527509056,132000.0,18,/scale/user/mtannaou/alternance/donnees_sar_aeqd_09_janvier/ep062024/rcm3-sc50mc-owi-cm-20240805t125646-20240805t125804-00003_aeqd.nc,/scale/project/ifremer-isi-jumeaunumerique/SARGEO/prototype/v00r00/cyclobs/ep062024/IRWIN/rcm3-sc50mc-owi-cm-20240805t125646-20240805t125804-00003-______ll_gd_GEO-IRWIN.nc,0.0659018483110261,train
144,GARANCE,sh222025,2025-02-26 14:55:38,rcm1-sclnd-owi-cm-20250226t145538-20250226t145653-00003-xxxxx_ll_gd_GEO-IRWIN.nc,exact_contains,0.0,45.389977777776906,22000.0,40,/scale/user/mtannaou/alternance/donnees_sar_aeqd_09_janvier/sh222025/rcm1-sclnd-owi-cm-20250226t145538-20250226t145653-00003_aeqd.nc,/scale/project/ifremer-isi-jumeaunumerique/SARGEO/prototype/v00r00/cyclobs/sh222025/IRWIN/rcm1-sclnd-owi-cm-20250226t145538-20250226t145653-00003-xxxxx_ll_gd_GEO-IRWIN.nc,0.0,train
145,GARANCE,sh222025,2025-03-02 01:29:31,rcm2-sclnc-owi-cm-20250302t012931-20250302t013045-00003-xxxxx_ll_gd_GEO-IRWIN.nc,exact_contains,1.4,29.38575548555105,36000.0,25,/scale/user/mtannaou/alternance/donnees_sar_aeqd_09_janvier/sh222025/rcm2-sclnc-owi-cm-20250302t012931-20250302t013045-00003_aeqd.nc,/scale/project/ifremer-isi-jumeaunumerique/SARGEO/prototype/v00r00/cyclobs/sh222025/IRWIN/rcm2-sclnc-owi-cm-20250302t012931-20250302t013045-00003-xxxxx_ll_gd_GEO-IRWIN.nc,0.0,val
146,GARANCE,sh222025,2025-02-26 14:44:29,s1a-ew-owi-cm-20250226t144429-20250226t144734-000003-072B88_ll_gd_GEO-IRWIN.nc,exact_contains,0.0,44.6369851851852,23000.0,40,/scale/user/mtannaou/alternance/donnees_sar_aeqd_09_janvier/sh222025/s1a-ew-owi-cm-20250226t144429-20250226t144734-000003-_aeqd.nc,/scale/project/ifremer-isi-jumeaunumerique/SARGEO/prototype/v00r00/cyclobs/sh222025/IRWIN/s1a-ew-owi-cm-20250226t144429-20250226t144734-000003-072B88_ll_gd_GEO-IRWIN.nc,0.0706182281708094,train
147,GARANCE,sh222025,2025-03-02 14:51:38,rcm2-sclnd-owi-cm-20250302t145138-20250302t145255-00003-xxxxx_ll_gd_GEO-IRWIN.nc,exact_contains,1.55,26.029503713209408,58000.0,23,/scale/user/mtannaou/alternance/donnees_sar_aeqd_09_janvier/sh222025/rcm2-sclnd-owi-cm-20250302t145138-20250302t145255-00003_aeqd.nc,/scale/project/ifremer-isi-jumeaunumerique/SARGEO/prototype/v00r00/cyclobs/sh222025/IRWIN/rcm2-sclnd-owi-cm-20250302t145138-20250302t145255-00003-xxxxx_ll_gd_GEO-IRWIN.nc,0.6094327597195666,nan
148,GARANCE,sh222025,2025-03-01 01:51:37,rcm1-sclna-owi-cm-20250301t015137-20250301t015252-00003-xxxxx_ll_gd_GEO-IRWIN.nc,exact_contains,1.4,35.83493333331192,43000.0,28,/scale/user/mtannaou/alternance/donnees_sar_aeqd_09_janvier/sh222025/rcm1-sclna-owi-cm-20250301t015137-20250301t015252-00003_aeqd.nc,/scale/project/ifremer-isi-jumeaunumerique/SARGEO/prototype/v00r00/cyclobs/sh222025/IRWIN/rcm1-sclna-owi-cm-20250301t015137-20250301t015252-00003-xxxxx_ll_gd_GEO-IRWIN.nc,0.0,train
149,GARANCE,sh222025,2025-03-01 14:44:46,rcm2-sclna-owi-cm-20250301t144446-20250301t144601-00003-xxxxx_ll_gd_GEO-IRWIN.nc,exact_contains,4.05,29.34414071610111,54000.0,26,/scale/user/mtannaou/alternance/donnees_sar_aeqd_09_janvier/sh222025/rcm2-sclna-owi-cm-20250301t144446-20250301t144601-00003_aeqd.nc,/scale/project/ifremer-isi-jumeaunumerique/SARGEO/prototype/v00r00/cyclobs/sh222025/IRWIN/rcm2-sclna-owi-cm-20250301t144446-20250301t144601-00003-xxxxx_ll_gd_GEO-IRWIN.nc,0.6145315487571702,nan
150,GARANCE,sh222025,2025-02-28 01:42:25,rcm1-sclnd-owi-cm-20250228t014225-20250228t014340-00003-xxxxx_ll_gd_GEO-IRWIN.nc,exact_contains,0.7,57.06305555555557,20000.0,52,/scale/user/mtannaou/alternance/donnees_sar_aeqd_09_janvier/sh222025/rcm1-sclnd-owi-cm-20250228t014225-20250228t014340-00003_aeqd.nc,/scale/project/ifremer-isi-jumeaunumerique/SARGEO/prototype/v00r00/cyclobs/sh222025/IRWIN/rcm1-sclnd-owi-cm-20250228t014225-20250228t014340-00003-xxxxx_ll_gd_GEO-IRWIN.nc,0.0091778202676864,train
151,ALCIDE,sh032019,2018-11-10 02:01:15,s1a-ew-owi-cm-20181110t020115-20181110t020319-000003-02B0A7_ll_gd_GEO-IRWIN.nc,fuzzy_sat_time,0.0,34.838304166666674,26000.0,31,/scale/user/mtannaou/alternance/donnees_sar_aeqd_09_janvier/sh032019/s1a-ew-owi-cm-20181110t020115-20181110t020420-000003-_aeqd.nc,/scale/project/ifremer-isi-jumeaunumerique/SARGEO/prototype/v00r00/cyclobs/sh032019/IRWIN/s1a-ew-owi-cm-20181110t020115-20181110t020319-000003-02B0A7_ll_gd_GEO-IRWIN.nc,0.0766093052899936,val
152,HENRI,al082021,2021-08-17 10:08:53,rcm1-sc50mc-owi-cm-20210817t100853-20210817t101301-00003-______ll_gd_GEO-IRWIN.nc,exact_contains,3.7,,,23,/scale/user/mtannaou/alternance/donnees_sar_aeqd_09_janvier/al082021/rcm1-sc50mc-owi-cm-20210817t100853-20210817t101301-00003_aeqd.nc,/scale/project/ifremer-isi-jumeaunumerique/SARGEO/prototype/v00r00/cyclobs/al082021/IRWIN/rcm1-sc50mc-owi-cm-20210817t100853-20210817t101301-00003-______ll_gd_GEO-IRWIN.nc,0.4506054811982154,nan
153,HENRI,al082021,2021-08-18 10:17:56,rcm1-sc50mc-owi-cm-20210818t101756-20210818t102104-00003-______ll_gd_GEO-IRWIN.nc,exact_contains,0.0,35.43548886392851,20000.0,28,/scale/user/mtannaou/alternance/donnees_sar_aeqd_09_janvier/al082021/rcm1-sc50mc-owi-cm-20210818t101756-20210818t102104-00003_aeqd.nc,/scale/project/ifremer-isi-jumeaunumerique/SARGEO/prototype/v00r00/cyclobs/al082021/IRWIN/rcm1-sc50mc-owi-cm-20210818t101756-20210818t102104-00003-______ll_gd_GEO-IRWIN.nc,0.0,train
154,HENRI,al082021,2021-08-20 22:44:30,rs2-scwa-owi-cm-20210820t224430-20210820t224546-00003-______ll_gd_GEO-IRWIN.nc,exact_contains,2.35,32.8445743193089,101000.0,31,/scale/user/mtannaou/alternance/donnees_sar_aeqd_09_janvier/al082021/rs2-scwa-owi-cm-20210820t224430-20210820t224546-00003_aeqd.nc,/scale/project/ifremer-isi-jumeaunumerique/SARGEO/prototype/v00r00/cyclobs/al082021/IRWIN/rs2-scwa-owi-cm-20210820t224430-20210820t224546-00003-______ll_gd_GEO-IRWIN.nc,0.3421287444231995,train
155,NICHOLAS,al142021,2021-09-13 00:23:51,s1a-iw-owi-cm-20210913t002506-20210913t002621-000003-04B04F_ll_gd_GEO-IRWIN.nc,fuzzy_sat_time,6.1,16.962358333333338,93000.0,21,/scale/user/mtannaou/alternance/donnees_sar_aeqd_09_janvier/al142021/s1a-iw-owi-cm-20210913t002351-20210913t002646-000003-_aeqd.nc,/scale/project/ifremer-isi-jumeaunumerique/SARGEO/prototype/v00r00/cyclobs/al142021/IRWIN/s1a-iw-owi-cm-20210913t002506-20210913t002621-000003-04B04F_ll_gd_GEO-IRWIN.nc,0.6243467176545571,nan
156,LANE,ep132024,2024-11-03 02:51:32,rcm1-sclnb-owi-cm-20241103t025132-20241103t025312-00003-______ll_gd_GEO-IRWIN.nc,exact_contains,3.8,14.919093104992273,224000.0,17,/scale/user/mtannaou/alternance/donnees_sar_aeqd_09_janvier/ep132024/rcm1-sclnb-owi-cm-20241103t025132-20241103t025312-00003_aeqd.nc,/scale/project/ifremer-isi-jumeaunumerique/SARGEO/prototype/v00r00/cyclobs/ep132024/IRWIN/rcm1-sclnb-owi-cm-20241103t025132-20241103t025312-00003-______ll_gd_GEO-IRWIN.nc,0.0,nan
157,BELNA,sh022020,2019-12-08 02:24:42,s1b-iw-owi-cm-20191208t022442-20191208t022601-000003-024608_ll_gd_GEO-IRWIN.nc,fuzzy_sat_time,0.25,39.482062500000005,13000.0,46,/scale/user/mtannaou/alternance/donnees_sar_aeqd_09_janvier/sh022020/s1b-iw-owi-cm-20191208t022442-20191208t022635-000003-_aeqd.nc,/scale/project/ifremer-isi-jumeaunumerique/SARGEO/prototype/v00r00/cyclobs/sh022020/IRWIN/s1b-iw-owi-cm-20191208t022442-20191208t022601-000003-024608_ll_gd_GEO-IRWIN.nc,0.4049713193116634,test
158,BELNA,sh022020,2019-12-07 02:32:26,s1a-ew-owi-cm-20191207t023226-20191207t023357-000003-0374DF_ll_gd_GEO-IRWIN.nc,exact_contains,0.0,37.78146296296296,27000.0,41,/scale/user/mtannaou/alternance/donnees_sar_aeqd_09_janvier/sh022020/s1a-ew-owi-cm-20191207t023226-20191207t023357-000003-_aeqd.nc,/scale/project/ifremer-isi-jumeaunumerique/SARGEO/prototype/v00r00/cyclobs/sh022020/IRWIN/s1a-ew-owi-cm-20191207t023226-20191207t023357-000003-0374DF_ll_gd_GEO-IRWIN.nc,0.0147864882090503,train
159,BELNA,sh022020,2019-12-07 02:21:00,rs2-scwa-owi-cm-20191207t022100-20191207t022324-00003-______ll_gd_GEO-IRWIN.nc,exact_contains,0.0,36.23871481481481,25000.0,41,/scale/user/mtannaou/alternance/donnees_sar_aeqd_09_janvier/sh022020/rs2-scwa-owi-cm-20191207t022100-20191207t022324-00003_aeqd.nc,/scale/project/ifremer-isi-jumeaunumerique/SARGEO/prototype/v00r00/cyclobs/sh022020/IRWIN/rs2-scwa-owi-cm-20191207t022100-20191207t022324-00003-______ll_gd_GEO-IRWIN.nc,0.0,val
160,JERRY,al102025,2025-10-10 22:21:22,rcm2-sclnd-owi-cm-20251010t222122-20251010t222232-00003-xxxxx_ll_gd_GEO-IRWIN.nc,exact_contains,1.5,19.799147496429928,304000.0,25,/scale/user/mtannaou/alternance/donnees_sar_aeqd_09_janvier/al102025no_env/rcm2-sclnd-owi-cm-20251010t222122-20251010t222232-00003_aeqd.nc,/scale/project/ifremer-isi-jumeaunumerique/SARGEO/prototype/v00r00/cyclobs/al102025/IRWIN/rcm2-sclnd-owi-cm-20251010t222122-20251010t222232-00003-xxxxx_ll_gd_GEO-IRWIN.nc,0.3301465901848311,nan
161,JERRY,al102025,2025-10-10 10:04:35,s1c-ew-owi-cm-20251010t100435-20251010t100538-000003-008E7D_ll_gd_GEO-IRWIN.nc,exact_contains,3.0,22.27331515602481,232000.0,23,/scale/user/mtannaou/alternance/donnees_sar_aeqd_09_janvier/al102025no_env/s1c-ew-owi-cm-20251010t100435-20251010t100538-000003-_aeqd.nc,/scale/project/ifremer-isi-jumeaunumerique/SARGEO/prototype/v00r00/cyclobs/al102025/IRWIN/s1c-ew-owi-cm-20251010t100435-20251010t100538-000003-008E7D_ll_gd_GEO-IRWIN.nc,0.1083492670490758,nan
162,JERRY,al102025,2025-10-07 21:22:27,rcm3-sclnd-owi-cm-20251007t212227-20251007t212337-00003-xxxxx_ll_gd_GEO-IRWIN.nc,exact_contains,2.8,22.902072212120807,141000.0,23,/scale/user/mtannaou/alternance/donnees_sar_aeqd_09_janvier/al102025no_env/rcm3-sclnd-owi-cm-20251007t212227-20251007t212337-00003_aeqd.nc,/scale/project/ifremer-isi-jumeaunumerique/SARGEO/prototype/v00r00/cyclobs/al102025/IRWIN/rcm3-sclnd-owi-cm-20251007t212227-20251007t212337-00003-xxxxx_ll_gd_GEO-IRWIN.nc,0.0,train
163,JERRY,al102025,2025-10-08 09:20:07,rcm3-sclna-owi-cm-20251008t092007-20251008t092119-00003-xxxxx_ll_gd_GEO-IRWIN.nc,exact_contains,2.0,30.711629628034355,45000.0,25,/scale/user/mtannaou/alternance/donnees_sar_aeqd_09_janvier/al102025no_env/rcm3-sclna-owi-cm-20251008t092007-20251008t092119-00003_aeqd.nc,/scale/project/ifremer-isi-jumeaunumerique/SARGEO/prototype/v00r00/cyclobs/al102025/IRWIN/rcm3-sclna-owi-cm-20251008t092007-20251008t092119-00003-xxxxx_ll_gd_GEO-IRWIN.nc,0.0,train
164,JERRY,al102025,2025-10-11 10:13:22,rcm2-sc50ma-owi-cm-20251011t101322-20251011t101435-00003-xxxxx_ll_gd_GEO-IRWIN.nc,exact_contains,2.65,21.19066887862697,312000.0,21,/scale/user/mtannaou/alternance/donnees_sar_aeqd_09_janvier/al102025no_env/rcm2-sc50ma-owi-cm-20251011t101322-20251011t101435-00003_aeqd.nc,/scale/project/ifremer-isi-jumeaunumerique/SARGEO/prototype/v00r00/cyclobs/al102025/IRWIN/rcm2-sc50ma-owi-cm-20251011t101322-20251011t101435-00003-xxxxx_ll_gd_GEO-IRWIN.nc,0.0091778202676864,nan
165,JERRY,al102025,2025-10-09 22:12:09,rcm2-sc50mc-owi-cm-20251009t221209-20251009t221322-00003-xxxxx_ll_gd_GEO-IRWIN.nc,exact_contains,2.0,26.96779238970684,203000.0,26,/scale/user/mtannaou/alternance/donnees_sar_aeqd_09_janvier/al102025no_env/rcm2-sc50mc-owi-cm-20251009t221209-20251009t221322-00003_aeqd.nc,/scale/project/ifremer-isi-jumeaunumerique/SARGEO/prototype/v00r00/cyclobs/al102025/IRWIN/rcm2-sc50mc-owi-cm-20251009t221209-20251009t221322-00003-xxxxx_ll_gd_GEO-IRWIN.nc,0.0007648183556405,nan
166,DORA,ep052023,2023-08-10 05:18:06,s1a-ew-owi-cm-20230810t051806-20230810t051909-000003-05FD6C_ll_gd_GEO-IRWIN.nc,exact_contains,1.4,43.78923143607074,5000.0,62,/scale/user/mtannaou/alternance/donnees_sar_aeqd_09_janvier/ep052023/s1a-ew-owi-cm-20230810t051806-20230810t051909-000003-_aeqd.nc,/scale/project/ifremer-isi-jumeaunumerique/SARGEO/prototype/v00r00/cyclobs/ep052023/IRWIN/s1a-ew-owi-cm-20230810t051806-20230810t051909-000003-05FD6C_ll_gd_GEO-IRWIN.nc,0.4161886551943913,train
167,DORA,ep052023,2023-08-08 16:10:07,s1a-ew-owi-cm-20230808t161007-20230808t161110-000003-05FCAD_ll_gd_GEO-IRWIN.nc,exact_contains,0.5,54.65110000000001,14000.0,59,/scale/user/mtannaou/alternance/donnees_sar_aeqd_09_janvier/ep052023/s1a-ew-owi-cm-20230808t161007-20230808t161110-000003-_aeqd.nc,/scale/project/ifremer-isi-jumeaunumerique/SARGEO/prototype/v00r00/cyclobs/ep052023/IRWIN/s1a-ew-owi-cm-20230808t161007-20230808t161110-000003-05FCAD_ll_gd_GEO-IRWIN.nc,0.5357552581261951,nan
168,DORA,ep052023,2023-08-10 17:06:23,rcm1-sclnd-owi-cm-20230810t170623-20230810t170740-00003-______ll_gd_GEO-IRWIN.nc,exact_contains,0.0,39.94812222203154,15000.0,54,/scale/user/mtannaou/alternance/donnees_sar_aeqd_09_janvier/ep052023/rcm1-sclnd-owi-cm-20230810t170623-20230810t170740-00003_aeqd.nc,/scale/project/ifremer-isi-jumeaunumerique/SARGEO/prototype/v00r00/cyclobs/ep052023/IRWIN/rcm1-sclnd-owi-cm-20230810t170623-20230810t170740-00003-______ll_gd_GEO-IRWIN.nc,0.2817080943275972,train
169,DORA,ep052023,2023-08-03 14:01:24,rcm2-sclna-owi-cm-20230803t140124-20230803t140204-00003-______ll_gd_GEO-IRWIN.nc,exact_contains,2.2,32.08409259246552,10000.0,56,/scale/user/mtannaou/alternance/donnees_sar_aeqd_09_janvier/ep052023/rcm2-sclna-owi-cm-20230803t140124-20230803t140204-00003_aeqd.nc,/scale/project/ifremer-isi-jumeaunumerique/SARGEO/prototype/v00r00/cyclobs/ep052023/IRWIN/rcm2-sclna-owi-cm-20230803t140124-20230803t140204-00003-______ll_gd_GEO-IRWIN.nc,0.7965583173996176,nan
170,DORA,ep052023,2023-08-07 03:40:44,rcm3-sclna-owi-cm-20230807t034044-20230807t034200-00003-______ll_gd_GEO-IRWIN.nc,exact_contains,0.0,60.00602,7000.0,62,/scale/user/mtannaou/alternance/donnees_sar_aeqd_09_janvier/ep052023/rcm3-sclna-owi-cm-20230807t034044-20230807t034200-00003_aeqd.nc,/scale/project/ifremer-isi-jumeaunumerique/SARGEO/prototype/v00r00/cyclobs/ep052023/IRWIN/rcm3-sclna-owi-cm-20230807t034044-20230807t034200-00003-______ll_gd_GEO-IRWIN.nc,0.0838750796685787,train
171,DORA,ep052023,2023-08-13 06:38:47,rcm2-sclnd-owi-cm-20230813t063847-20230813t064004-00003-______ll_gd_GEO-IRWIN.nc,exact_contains,0.6,26.639917931796965,3000.0,25,/scale/user/mtannaou/alternance/donnees_sar_aeqd_09_janvier/ep052023/rcm2-sclnd-owi-cm-20230813t063847-20230813t064004-00003_aeqd.nc,/scale/project/ifremer-isi-jumeaunumerique/SARGEO/prototype/v00r00/cyclobs/ep052023/IRWIN/rcm2-sclnd-owi-cm-20230813t063847-20230813t064004-00003-______ll_gd_GEO-IRWIN.nc,0.0,test
172,DORA,ep052023,2023-08-03 02:04:25,rcm2-sc50mc-owi-cm-20230803t020425-20230803t020534-00003-______ll_gd_GEO-IRWIN.nc,exact_contains,0.5,48.73583333333342,10000.0,57,/scale/user/mtannaou/alternance/donnees_sar_aeqd_09_janvier/ep052023/rcm2-sc50mc-owi-cm-20230803t020425-20230803t020534-00003_aeqd.nc,/scale/project/ifremer-isi-jumeaunumerique/SARGEO/prototype/v00r00/cyclobs/ep052023/IRWIN/rcm2-sc50mc-owi-cm-20230803t020425-20230803t020534-00003-______ll_gd_GEO-IRWIN.nc,0.4390057361376673,test
173,DORA,ep052023,2023-08-04 14:09:12,rcm2-sclnc-owi-cm-20230804t140912-20230804t141028-00003-______ll_gd_GEO-IRWIN.nc,exact_contains,0.7,51.75074166666667,13000.0,53,/scale/user/mtannaou/alternance/donnees_sar_aeqd_09_janvier/ep052023/rcm2-sclnc-owi-cm-20230804t140912-20230804t141028-00003_aeqd.nc,/scale/project/ifremer-isi-jumeaunumerique/SARGEO/prototype/v00r00/cyclobs/ep052023/IRWIN/rcm2-sclnc-owi-cm-20230804t140912-20230804t141028-00003-______ll_gd_GEO-IRWIN.nc,0.3319311663479923,train
174,DORA,ep052023,2023-08-09 05:00:27,rcm1-sclnd-owi-cm-20230809t050027-20230809t050143-00003-______ll_gd_GEO-IRWIN.nc,exact_contains,0.0,56.046037037037046,12000.0,59,/scale/user/mtannaou/alternance/donnees_sar_aeqd_09_janvier/ep052023/rcm1-sclnd-owi-cm-20230809t050027-20230809t050143-00003_aeqd.nc,/scale/project/ifremer-isi-jumeaunumerique/SARGEO/prototype/v00r00/cyclobs/ep052023/IRWIN/rcm1-sclnd-owi-cm-20230809t050027-20230809t050143-00003-______ll_gd_GEO-IRWIN.nc,0.0,val
175,DORA,ep052023,2023-08-09 16:51:07,s1a-ew-owi-cm-20230809t165107-20230809t165210-000003-05FD3D_ll_gd_GEO-IRWIN.nc,exact_contains,0.0,55.96194074074074,8000.0,61,/scale/user/mtannaou/alternance/donnees_sar_aeqd_09_janvier/ep052023/s1a-ew-owi-cm-20230809t165107-20230809t165210-000003-_aeqd.nc,/scale/project/ifremer-isi-jumeaunumerique/SARGEO/prototype/v00r00/cyclobs/ep052023/IRWIN/s1a-ew-owi-cm-20230809t165107-20230809t165210-000003-05FD3D_ll_gd_GEO-IRWIN.nc,0.1434034416826003,train
176,DORA,ep052023,2023-08-11 05:49:45,rcm3-sclna-owi-cm-20230811t054945-20230811t055101-00003-______ll_gd_GEO-IRWIN.nc,exact_contains,0.0,49.7634925925926,11000.0,54,/scale/user/mtannaou/alternance/donnees_sar_aeqd_09_janvier/ep052023/rcm3-sclna-owi-cm-20230811t054945-20230811t055101-00003_aeqd.nc,/scale/project/ifremer-isi-jumeaunumerique/SARGEO/prototype/v00r00/cyclobs/ep052023/IRWIN/rcm3-sclna-owi-cm-20230811t054945-20230811t055101-00003-______ll_gd_GEO-IRWIN.nc,0.0,val
177,DORA,ep052023,2023-08-02 13:20:47,rcm3-sc50mc-owi-cm-20230802t132047-20230802t132203-00003-______ll_gd_GEO-IRWIN.nc,exact_contains,0.0,44.80357037037154,8000.0,46,/scale/user/mtannaou/alternance/donnees_sar_aeqd_09_janvier/ep052023/rcm3-sc50mc-owi-cm-20230802t132047-20230802t132203-00003_aeqd.nc,/scale/project/ifremer-isi-jumeaunumerique/SARGEO/prototype/v00r00/cyclobs/ep052023/IRWIN/rcm3-sc50mc-owi-cm-20230802t132047-20230802t132203-00003-______ll_gd_GEO-IRWIN.nc,0.0646271510516252,test
178,DORA,ep052023,2023-08-08 16:18:15,rcm2-sclna-owi-cm-20230808t161815-20230808t161931-00003-______ll_gd_GEO-IRWIN.nc,exact_contains,0.0,59.64911851851851,11000.0,59,/scale/user/mtannaou/alternance/donnees_sar_aeqd_09_janvier/ep052023/rcm2-sclna-owi-cm-20230808t161815-20230808t161931-00003_aeqd.nc,/scale/project/ifremer-isi-jumeaunumerique/SARGEO/prototype/v00r00/cyclobs/ep052023/IRWIN/rcm2-sclna-owi-cm-20230808t161815-20230808t161931-00003-______ll_gd_GEO-IRWIN.nc,0.0,test
179,DORA,ep052023,2023-08-09 16:58:11,rcm1-sclna-owi-cm-20230809t165811-20230809t165925-00003-______ll_gd_GEO-IRWIN.nc,exact_contains,3.6,24.139997817156235,4000.0,61,/scale/user/mtannaou/alternance/donnees_sar_aeqd_09_janvier/ep052023/rcm1-sclna-owi-cm-20230809t165811-20230809t165925-00003_aeqd.nc,/scale/project/ifremer-isi-jumeaunumerique/SARGEO/prototype/v00r00/cyclobs/ep052023/IRWIN/rcm1-sclna-owi-cm-20230809t165811-20230809t165925-00003-______ll_gd_GEO-IRWIN.nc,0.5765455704270236,nan
180,DORA,ep052023,2023-08-03 14:01:24,rcm2-sc50ma-owi-cm-20230803t140047-20230803t140125-00003-______ll_gd_GEO-IRWIN.nc,fuzzy_sat_time,2.2,32.08409259246552,10000.0,56,/scale/user/mtannaou/alternance/donnees_sar_aeqd_09_janvier/ep052023/rcm2-sclna-owi-cm-20230803t140124-20230803t140204-00003_aeqd.nc,/scale/project/ifremer-isi-jumeaunumerique/SARGEO/prototype/v00r00/cyclobs/ep052023/IRWIN/rcm2-sc50ma-owi-cm-20230803t140047-20230803t140125-00003-______ll_gd_GEO-IRWIN.nc,0.7965583173996176,nan
181,NARDA,ep142025,2025-09-28 02:30:18,rcm3-sclna-owi-cm-20250928t023018-20250928t023128-00003-xxxxx_ll_gd_GEO-IRWIN.nc,exact_contains,0.0,27.156110302068893,57000.0,30,/scale/user/mtannaou/alternance/donnees_sar_aeqd_09_janvier/ep142025no_env/rcm3-sclna-owi-cm-20250928t023018-20250928t023128-00003_aeqd.nc,/scale/project/ifremer-isi-jumeaunumerique/SARGEO/prototype/v00r00/cyclobs/ep142025/IRWIN/rcm3-sclna-owi-cm-20250928t023018-20250928t023128-00003-xxxxx_ll_gd_GEO-IRWIN.nc,0.1233906947100063,train
182,NARDA,ep142025,2025-09-21 12:24:55,rcm2-sc50mc-owi-cm-20250921t122455-20250921t122605-00003-xxxxx_ll_gd_GEO-IRWIN.nc,exact_contains,1.8,,,16,/scale/user/mtannaou/alternance/donnees_sar_aeqd_09_janvier/ep142025no_env/rcm2-sc50mc-owi-cm-20250921t122455-20250921t122605-00003_aeqd.nc,/scale/project/ifremer-isi-jumeaunumerique/SARGEO/prototype/v00r00/cyclobs/ep142025/IRWIN/rcm2-sc50mc-owi-cm-20250921t122455-20250921t122605-00003-xxxxx_ll_gd_GEO-IRWIN.nc,0.0,nan
183,NARDA,ep142025,2025-09-24 13:20:25,rcm1-sc50ma-owi-cm-20250924t132025-20250924t132141-00003-xxxxx_ll_gd_GEO-IRWIN.nc,exact_contains,0.0,52.255796296296296,20000.0,46,/scale/user/mtannaou/alternance/donnees_sar_aeqd_09_janvier/ep142025no_env/rcm1-sc50ma-owi-cm-20250924t132025-20250924t132141-00003_aeqd.nc,/scale/project/ifremer-isi-jumeaunumerique/SARGEO/prototype/v00r00/cyclobs/ep142025/IRWIN/rcm1-sc50ma-owi-cm-20250924t132025-20250924t132141-00003-xxxxx_ll_gd_GEO-IRWIN.nc,0.0,val
184,NARDA,ep142025,2025-09-22 12:32:44,rcm2-sc50mc-owi-cm-20250922t123244-20250922t123356-00003-xxxxx_ll_gd_GEO-IRWIN.nc,exact_contains,0.75,33.12481726689858,11000.0,23,/scale/user/mtannaou/alternance/donnees_sar_aeqd_09_janvier/ep142025no_env/rcm2-sc50mc-owi-cm-20250922t123244-20250922t123356-00003_aeqd.nc,/scale/project/ifremer-isi-jumeaunumerique/SARGEO/prototype/v00r00/cyclobs/ep142025/IRWIN/rcm2-sc50mc-owi-cm-20250922t123244-20250922t123356-00003-xxxxx_ll_gd_GEO-IRWIN.nc,0.4238368387507967,train
185,NARDA,ep142025,2025-09-26 02:13:18,rcm3-sc50mc-owi-cm-20250926t021318-20250926t021431-00003-xxxxx_ll_gd_GEO-IRWIN.nc,exact_contains,0.7,36.56060742812102,57000.0,41,/scale/user/mtannaou/alternance/donnees_sar_aeqd_09_janvier/ep142025no_env/rcm3-sc50mc-owi-cm-20250926t021318-20250926t021431-00003_aeqd.nc,/scale/project/ifremer-isi-jumeaunumerique/SARGEO/prototype/v00r00/cyclobs/ep142025/IRWIN/rcm3-sc50mc-owi-cm-20250926t021318-20250926t021431-00003-xxxxx_ll_gd_GEO-IRWIN.nc,0.2481835564053537,train
186,NARDA,ep142025,2025-09-27 14:16:30,rcm3-sclnb-owi-cm-20250927t141630-20250927t141740-00003-xxxxx_ll_gd_GEO-IRWIN.nc,exact_contains,0.0,44.75913703703704,38000.0,39,/scale/user/mtannaou/alternance/donnees_sar_aeqd_09_janvier/ep142025no_env/rcm3-sclnb-owi-cm-20250927t141630-20250927t141740-00003_aeqd.nc,/scale/project/ifremer-isi-jumeaunumerique/SARGEO/prototype/v00r00/cyclobs/ep142025/IRWIN/rcm3-sclnb-owi-cm-20250927t141630-20250927t141740-00003-xxxxx_ll_gd_GEO-IRWIN.nc,0.0695984703632887,test
187,NARDA,ep142025,2025-09-25 01:32:47,rcm1-sc50ma-owi-cm-20250925t013247-20250925t013404-00003-xxxxx_ll_gd_GEO-IRWIN.nc,exact_contains,0.7,38.168688888835376,42000.0,41,/scale/user/mtannaou/alternance/donnees_sar_aeqd_09_janvier/ep142025no_env/rcm1-sc50ma-owi-cm-20250925t013247-20250925t013404-00003_aeqd.nc,/scale/project/ifremer-isi-jumeaunumerique/SARGEO/prototype/v00r00/cyclobs/ep142025/IRWIN/rcm1-sc50ma-owi-cm-20250925t013247-20250925t013404-00003-xxxxx_ll_gd_GEO-IRWIN.nc,0.3650732950924155,val
188,NARDA,ep142025,2025-09-27 02:21:37,rcm3-sclnb-owi-cm-20250927t022137-20250927t022249-00003-xxxxx_ll_gd_GEO-IRWIN.nc,exact_contains,0.0,48.967170370370376,32000.0,41,/scale/user/mtannaou/alternance/donnees_sar_aeqd_09_janvier/ep142025no_env/rcm3-sclnb-owi-cm-20250927t022137-20250927t022249-00003_aeqd.nc,/scale/project/ifremer-isi-jumeaunumerique/SARGEO/prototype/v00r00/cyclobs/ep142025/IRWIN/rcm3-sclnb-owi-cm-20250927t022137-20250927t022249-00003-xxxxx_ll_gd_GEO-IRWIN.nc,0.0,train
189,NARDA,ep142025,2025-09-25 13:28:35,rcm1-sc50mc-owi-cm-20250925t132835-20250925t132947-00003-xxxxx_ll_gd_GEO-IRWIN.nc,exact_contains,0.0,44.592651851951146,19000.0,41,/scale/user/mtannaou/alternance/donnees_sar_aeqd_09_janvier/ep142025no_env/rcm1-sc50mc-owi-cm-20250925t132835-20250925t132947-00003_aeqd.nc,/scale/project/ifremer-isi-jumeaunumerique/SARGEO/prototype/v00r00/cyclobs/ep142025/IRWIN/rcm1-sc50mc-owi-cm-20250925t132835-20250925t132947-00003-xxxxx_ll_gd_GEO-IRWIN.nc,0.2787762906309751,test
190,ENALA,sh142023,2023-02-27 14:05:09,rcm3-sclna-owi-cm-20230227t140509-20230227t140626-00003-______ll_gd_GEO-IRWIN.nc,exact_contains,0.3,27.11807255721771,55000.0,23,/scale/user/mtannaou/alternance/donnees_sar_aeqd_09_janvier/sh142023/rcm3-sclna-owi-cm-20230227t140509-20230227t140626-00003_aeqd.nc,/scale/project/ifremer-isi-jumeaunumerique/SARGEO/prototype/v00r00/cyclobs/sh142023/IRWIN/rcm3-sclna-owi-cm-20230227t140509-20230227t140626-00003-______ll_gd_GEO-IRWIN.nc,0.0,train
191,ENALA,sh142023,2023-02-28 00:48:11,rcm3-sclnd-owi-cm-20230228t004811-20230228t004929-00003-______ll_gd_GEO-IRWIN.nc,exact_contains,1.6,22.05882140000451,77000.0,21,/scale/user/mtannaou/alternance/donnees_sar_aeqd_09_janvier/sh142023/rcm3-sclnd-owi-cm-20230228t004811-20230228t004929-00003_aeqd.nc,/scale/project/ifremer-isi-jumeaunumerique/SARGEO/prototype/v00r00/cyclobs/sh142023/IRWIN/rcm3-sclnd-owi-cm-20230228t004811-20230228t004929-00003-______ll_gd_GEO-IRWIN.nc,0.0,train
192,ENALA,sh142023,2023-02-28 14:13:19,rcm3-sclnd-owi-cm-20230228t141319-20230228t141411-00003-______ll_gd_GEO-IRWIN.nc,exact_contains,3.8,25.874510855504028,127000.0,18,/scale/user/mtannaou/alternance/donnees_sar_aeqd_09_janvier/sh142023/rcm3-sclnd-owi-cm-20230228t141319-20230228t141411-00003_aeqd.nc,/scale/project/ifremer-isi-jumeaunumerique/SARGEO/prototype/v00r00/cyclobs/sh142023/IRWIN/rcm3-sclnd-owi-cm-20230228t141319-20230228t141411-00003-______ll_gd_GEO-IRWIN.nc,0.0295729764181007,train
193,ENALA,sh142023,2023-02-25 00:54:36,rcm2-sclnb-owi-cm-20230225t005436-20230225t005553-00003-______ll_gd_GEO-IRWIN.nc,exact_contains,0.0,32.3993666651299,54000.0,28,/scale/user/mtannaou/alternance/donnees_sar_aeqd_09_janvier/sh142023/rcm2-sclnb-owi-cm-20230225t005436-20230225t005553-00003_aeqd.nc,/scale/project/ifremer-isi-jumeaunumerique/SARGEO/prototype/v00r00/cyclobs/sh142023/IRWIN/rcm2-sclnb-owi-cm-20230225t005436-20230225t005553-00003-______ll_gd_GEO-IRWIN.nc,0.0262587635436583,train
194,ENALA,sh142023,2023-02-24 13:42:45,rcm3-sclna-owi-cm-20230224t134245-20230224t134402-00003-______ll_gd_GEO-IRWIN.nc,exact_contains,0.25,38.30413333333333,38000.0,35,/scale/user/mtannaou/alternance/donnees_sar_aeqd_09_janvier/sh142023/rcm3-sclna-owi-cm-20230224t134245-20230224t134402-00003_aeqd.nc,/scale/project/ifremer-isi-jumeaunumerique/SARGEO/prototype/v00r00/cyclobs/sh142023/IRWIN/rcm3-sclna-owi-cm-20230224t134245-20230224t134402-00003-______ll_gd_GEO-IRWIN.nc,0.3937539834289356,val
195,ENALA,sh142023,2023-02-26 01:03:18,rcm2-sclnb-owi-cm-20230226t010318-20230226t010435-00003-______ll_gd_GEO-IRWIN.nc,exact_contains,2.6,31.499999999103675,5000.0,23,/scale/user/mtannaou/alternance/donnees_sar_aeqd_09_janvier/sh142023/rcm2-sclnb-owi-cm-20230226t010318-20230226t010435-00003_aeqd.nc,/scale/project/ifremer-isi-jumeaunumerique/SARGEO/prototype/v00r00/cyclobs/sh142023/IRWIN/rcm2-sclnb-owi-cm-20230226t010318-20230226t010435-00003-______ll_gd_GEO-IRWIN.nc,0.8634799235181644,nan
196,GELENA,sh132019,2019-02-13 13:28:57,s1a-ew-owi-cm-20190213t132857-20190213t133043-000003-02E2A0_ll_gd_GEO-IRWIN.nc,exact_contains,2.7,24.298214814814813,67000.0,27,/scale/user/mtannaou/alternance/donnees_sar_aeqd_09_janvier/sh132019/s1a-ew-owi-cm-20190213t132857-20190213t133043-000003-_aeqd.nc,/scale/project/ifremer-isi-jumeaunumerique/SARGEO/prototype/v00r00/cyclobs/sh132019/IRWIN/s1a-ew-owi-cm-20190213t132857-20190213t133043-000003-02E2A0_ll_gd_GEO-IRWIN.nc,0.6868068833652008,nan
197,GELENA,sh132019,2019-02-09 01:52:21,s1a-ew-owi-cm-20190209t015221-20190209t015452-000003-02E046_ll_gd_GEO-IRWIN.nc,exact_contains,3.05,28.418703703703702,27000.0,57,/scale/user/mtannaou/alternance/donnees_sar_aeqd_09_janvier/sh132019/s1a-ew-owi-cm-20190209t015221-20190209t015452-000003-_aeqd.nc,/scale/project/ifremer-isi-jumeaunumerique/SARGEO/prototype/v00r00/cyclobs/sh132019/IRWIN/s1a-ew-owi-cm-20190209t015221-20190209t015452-000003-02E046_ll_gd_GEO-IRWIN.nc,0.9621414913957936,nan
198,GELENA,sh132019,2019-02-07 02:08:34,s1a-ew-owi-cm-20190207t020834-20190207t021051-000003-02DF33_ll_gd_GEO-IRWIN.nc,exact_contains,0.0,34.20926296296297,40000.0,34,/scale/user/mtannaou/alternance/donnees_sar_aeqd_09_janvier/sh132019/s1a-ew-owi-cm-20190207t020834-20190207t021051-000003-_aeqd.nc,/scale/project/ifremer-isi-jumeaunumerique/SARGEO/prototype/v00r00/cyclobs/sh132019/IRWIN/s1a-ew-owi-cm-20190207t020834-20190207t021051-000003-02DF33_ll_gd_GEO-IRWIN.nc,0.0270235818992989,train
199,CHRIS,al032024,2024-07-01 00:37:24,rcm1-sclnd-owi-cm-20240701t003724-20240701t003841-00003-______ll_gd_GEO-IRWIN.nc,exact_contains,4.5,19.41204759749304,18000.0,18,/scale/user/mtannaou/alternance/donnees_sar_aeqd_09_janvier/al032024/rcm1-sclnd-owi-cm-20240701t003724-20240701t003841-00003_aeqd.nc,/scale/project/ifremer-isi-jumeaunumerique/SARGEO/prototype/v00r00/cyclobs/al032024/IRWIN/rcm1-sclnd-owi-cm-20240701t003724-20240701t003841-00003-______ll_gd_GEO-IRWIN.nc,0.2760994263862332,train
200,KIKO,ep112025,2025-09-07 15:21:15,rcm2-sclnd-owi-cm-20250907t152115-20250907t152225-00003-xxxxx_ll_gd_GEO-IRWIN.nc,exact_contains,0.0,51.24460740740136,17000.0,51,/scale/user/mtannaou/alternance/donnees_sar_aeqd_09_janvier/ep112025no_env/rcm2-sclnd-owi-cm-20250907t152115-20250907t152225-00003_aeqd.nc,/scale/project/ifremer-isi-jumeaunumerique/SARGEO/prototype/v00r00/cyclobs/ep112025/IRWIN/rcm2-sclnd-owi-cm-20250907t152115-20250907t152225-00003-xxxxx_ll_gd_GEO-IRWIN.nc,0.0656469088591459,val
201,KIKO,ep112025,2025-09-05 14:55:24,s1a-ew-owi-cm-20250905t145524-20250905t145627-000003-0793D4_ll_gd_GEO-IRWIN.nc,exact_contains,0.7,48.69761481481482,18000.0,53,/scale/user/mtannaou/alternance/donnees_sar_aeqd_09_janvier/ep112025no_env/s1a-ew-owi-cm-20250905t145524-20250905t145627-000003-_aeqd.nc,/scale/project/ifremer-isi-jumeaunumerique/SARGEO/prototype/v00r00/cyclobs/ep112025/IRWIN/s1a-ew-owi-cm-20250905t145524-20250905t145627-000003-0793D4_ll_gd_GEO-IRWIN.nc,0.1806246016571064,train
202,KIKO,ep112025,2025-09-06 15:13:21,rcm2-sclnb-owi-cm-20250906t151321-20250906t151431-00003-xxxxx_ll_gd_GEO-IRWIN.nc,exact_contains,0.0,50.54681851851853,14000.0,58,/scale/user/mtannaou/alternance/donnees_sar_aeqd_09_janvier/ep112025no_env/rcm2-sclnb-owi-cm-20250906t151321-20250906t151431-00003_aeqd.nc,/scale/project/ifremer-isi-jumeaunumerique/SARGEO/prototype/v00r00/cyclobs/ep112025/IRWIN/rcm2-sclnb-owi-cm-20250906t151321-20250906t151431-00003-xxxxx_ll_gd_GEO-IRWIN.nc,0.0,train
203,KIKO,ep112025,2025-09-08 03:56:10,s1c-ew-owi-cm-20250908t035610-20250908t035714-000003-008025_ll_gd_GEO-IRWIN.nc,exact_contains,0.0,43.94970370370371,16000.0,45,/scale/user/mtannaou/alternance/donnees_sar_aeqd_09_janvier/ep112025no_env/s1c-ew-owi-cm-20250908t035610-20250908t035714-000003-_aeqd.nc,/scale/project/ifremer-isi-jumeaunumerique/SARGEO/prototype/v00r00/cyclobs/ep112025/IRWIN/s1c-ew-owi-cm-20250908t035610-20250908t035714-000003-008025_ll_gd_GEO-IRWIN.nc,0.2258763543658381,test
204,KIKO,ep112025,2025-09-10 04:31:55,s1a-ew-owi-cm-20250910t043155-20250910t043258-000003-079679_ll_gd_GEO-IRWIN.nc,exact_contains,3.85,,,18,/scale/user/mtannaou/alternance/donnees_sar_aeqd_09_janvier/ep112025no_env/s1a-ew-owi-cm-20250910t043155-20250910t043258-000003-_aeqd.nc,/scale/project/ifremer-isi-jumeaunumerique/SARGEO/prototype/v00r00/cyclobs/ep112025/IRWIN/s1a-ew-owi-cm-20250910t043155-20250910t043258-000003-079679_ll_gd_GEO-IRWIN.nc,0.3755258126195028,nan
205,KIKO,ep112025,2025-08-31 13:53:04,rcm3-sc50mc-owi-cm-20250831t135304-20250831t135416-00003-xxxxx_ll_gd_GEO-IRWIN.nc,exact_contains,4.2,25.470062429494096,25000.0,18,/scale/user/mtannaou/alternance/donnees_sar_aeqd_09_janvier/ep112025no_env/rcm3-sc50mc-owi-cm-20250831t135304-20250831t135416-00003_aeqd.nc,/scale/project/ifremer-isi-jumeaunumerique/SARGEO/prototype/v00r00/cyclobs/ep112025/IRWIN/rcm3-sc50mc-owi-cm-20250831t135304-20250831t135416-00003-xxxxx_ll_gd_GEO-IRWIN.nc,0.6507329509241555,nan
206,KIKO,ep112025,2025-09-01 02:36:57,rcm2-sclnd-owi-cm-20250901t023657-20250901t023807-00003-xxxxx_ll_gd_GEO-IRWIN.nc,exact_contains,3.4,18.884065516447933,54000.0,21,/scale/user/mtannaou/alternance/donnees_sar_aeqd_09_janvier/ep112025no_env/rcm2-sclnd-owi-cm-20250901t023657-20250901t023807-00003_aeqd.nc,/scale/project/ifremer-isi-jumeaunumerique/SARGEO/prototype/v00r00/cyclobs/ep112025/IRWIN/rcm2-sclnd-owi-cm-20250901t023657-20250901t023807-00003-xxxxx_ll_gd_GEO-IRWIN.nc,0.0,train
207,KIKO,ep112025,2025-09-06 03:17:12,rcm2-sclna-owi-cm-20250906t031712-20250906t031822-00003-xxxxx_ll_gd_GEO-IRWIN.nc,exact_contains,0.0,54.67814074074075,13000.0,61,/scale/user/mtannaou/alternance/donnees_sar_aeqd_09_janvier/ep112025no_env/rcm2-sclna-owi-cm-20250906t031712-20250906t031822-00003_aeqd.nc,/scale/project/ifremer-isi-jumeaunumerique/SARGEO/prototype/v00r00/cyclobs/ep112025/IRWIN/rcm2-sclna-owi-cm-20250906t031712-20250906t031822-00003-xxxxx_ll_gd_GEO-IRWIN.nc,0.0670490758444869,train
208,KIKO,ep112025,2025-09-05 15:05:30,rcm2-sclna-owi-cm-20250905t150530-20250905t150640-00003-xxxxx_ll_gd_GEO-IRWIN.nc,exact_contains,0.0,53.29844444444445,17000.0,53,/scale/user/mtannaou/alternance/donnees_sar_aeqd_09_janvier/ep112025no_env/rcm2-sclna-owi-cm-20250905t150530-20250905t150640-00003_aeqd.nc,/scale/project/ifremer-isi-jumeaunumerique/SARGEO/prototype/v00r00/cyclobs/ep112025/IRWIN/rcm2-sclna-owi-cm-20250905t150530-20250905t150640-00003-xxxxx_ll_gd_GEO-IRWIN.nc,0.0161886551943913,train
209,KIKO,ep112025,2025-09-02 14:30:37,s1a-ew-owi-cm-20250902t143037-20250902t143141-000003-07920B_ll_gd_GEO-IRWIN.nc,exact_contains,0.7,40.23938888888889,19000.0,40,/scale/user/mtannaou/alternance/donnees_sar_aeqd_09_janvier/ep112025no_env/s1a-ew-owi-cm-20250902t143037-20250902t143141-000003-_aeqd.nc,/scale/project/ifremer-isi-jumeaunumerique/SARGEO/prototype/v00r00/cyclobs/ep112025/IRWIN/s1a-ew-owi-cm-20250902t143037-20250902t143141-000003-07920B_ll_gd_GEO-IRWIN.nc,0.1165073295092415,train
210,KIKO,ep112025,2025-09-02 02:44:48,rcm2-sclnc-owi-cm-20250902t024448-20250902t024558-00003-xxxxx_ll_gd_GEO-IRWIN.nc,exact_contains,0.0,32.76044438772472,19000.0,31,/scale/user/mtannaou/alternance/donnees_sar_aeqd_09_janvier/ep112025no_env/rcm2-sclnc-owi-cm-20250902t024448-20250902t024558-00003_aeqd.nc,/scale/project/ifremer-isi-jumeaunumerique/SARGEO/prototype/v00r00/cyclobs/ep112025/IRWIN/rcm2-sclnc-owi-cm-20250902t024448-20250902t024558-00003-xxxxx_ll_gd_GEO-IRWIN.nc,0.0104525175270873,val
211,KIKO,ep112025,2025-09-09 04:15:01,rcm1-sclnc-owi-cm-20250909t041501-20250909t041614-00003-xxxxx_ll_gd_GEO-IRWIN.nc,exact_contains,0.0,27.925720355531727,35000.0,31,/scale/user/mtannaou/alternance/donnees_sar_aeqd_09_janvier/ep112025no_env/rcm1-sclnc-owi-cm-20250909t041501-20250909t041614-00003_aeqd.nc,/scale/project/ifremer-isi-jumeaunumerique/SARGEO/prototype/v00r00/cyclobs/ep112025/IRWIN/rcm1-sclnc-owi-cm-20250909t041501-20250909t041614-00003-xxxxx_ll_gd_GEO-IRWIN.nc,0.0,test
212,KIKO,ep112025,2025-09-10 04:24:07,rcm1-sclna-owi-cm-20250910t042407-20250910t042459-00003-xxxxx_ll_gd_GEO-IRWIN.nc,exact_contains,3.45,20.027229890053164,72000.0,18,/scale/user/mtannaou/alternance/donnees_sar_aeqd_09_janvier/ep112025no_env/rcm1-sclna-owi-cm-20250910t042407-20250910t042459-00003_aeqd.nc,/scale/project/ifremer-isi-jumeaunumerique/SARGEO/prototype/v00r00/cyclobs/ep112025/IRWIN/rcm1-sclna-owi-cm-20250910t042407-20250910t042459-00003-xxxxx_ll_gd_GEO-IRWIN.nc,0.7748884639898024,nan
213,KIKO,ep112025,2025-09-04 03:01:09,rcm2-sclnd-owi-cm-20250904t030109-20250904t030131-00003-xxxxx_ll_gd_GEO-IRWIN.nc,exact_contains,0.0,58.0782851851852,13000.0,64,/scale/user/mtannaou/alternance/donnees_sar_aeqd_09_janvier/ep112025no_env/rcm2-sclnd-owi-cm-20250904t030109-20250904t030131-00003_aeqd.nc,/scale/project/ifremer-isi-jumeaunumerique/SARGEO/prototype/v00r00/cyclobs/ep112025/IRWIN/rcm2-sclnd-owi-cm-20250904t030109-20250904t030131-00003-xxxxx_ll_gd_GEO-IRWIN.nc,0.4073932441045251,train
214,KIKO,ep112025,2025-09-09 16:07:35,rcm1-sclnc-owi-cm-20250909t160735-20250909t160847-00003-xxxxx_ll_gd_GEO-IRWIN.nc,exact_contains,1.7,16.35381642270952,243000.0,19,/scale/user/mtannaou/alternance/donnees_sar_aeqd_09_janvier/ep112025no_env/rcm1-sclnc-owi-cm-20250909t160735-20250909t160847-00003_aeqd.nc,/scale/project/ifremer-isi-jumeaunumerique/SARGEO/prototype/v00r00/cyclobs/ep112025/IRWIN/rcm1-sclnc-owi-cm-20250909t160735-20250909t160847-00003-xxxxx_ll_gd_GEO-IRWIN.nc,0.0,nan
215,KIKO,ep112025,2025-09-08 04:06:07,rcm1-sclnd-owi-cm-20250908t040607-20250908t040717-00003-xxxxx_ll_gd_GEO-IRWIN.nc,exact_contains,0.5,42.27387407401929,16000.0,45,/scale/user/mtannaou/alternance/donnees_sar_aeqd_09_janvier/ep112025no_env/rcm1-sclnd-owi-cm-20250908t040607-20250908t040717-00003_aeqd.nc,/scale/project/ifremer-isi-jumeaunumerique/SARGEO/prototype/v00r00/cyclobs/ep112025/IRWIN/rcm1-sclnd-owi-cm-20250908t040607-20250908t040717-00003-xxxxx_ll_gd_GEO-IRWIN.nc,0.4567240280433397,train
216,HAMOON,io062023,2023-10-24 23:54:27,rcm1-sclnb-owi-cm-20231024t235427-20231024t235542-00003-______ll_gd_GEO-IRWIN.nc,exact_contains,3.5,10.983812730839489,26000.0,18,/scale/user/mtannaou/alternance/donnees_sar_aeqd_09_janvier/io062023/rcm1-sclnb-owi-cm-20231024t235427-20231024t235542-00003_aeqd.nc,/scale/project/ifremer-isi-jumeaunumerique/SARGEO/prototype/v00r00/cyclobs/io062023/IRWIN/rcm1-sclnb-owi-cm-20231024t235427-20231024t235542-00003-______ll_gd_GEO-IRWIN.nc,0.7667304015296367,nan
217,HAMOON,io062023,2023-10-24 12:01:11,rcm1-sclna-owi-cm-20231024t120111-20231024t120227-00003-______ll_gd_GEO-IRWIN.nc,exact_contains,1.4,48.55887407407407,16000.0,44,/scale/user/mtannaou/alternance/donnees_sar_aeqd_09_janvier/io062023/rcm1-sclna-owi-cm-20231024t120111-20231024t120227-00003_aeqd.nc,/scale/project/ifremer-isi-jumeaunumerique/SARGEO/prototype/v00r00/cyclobs/io062023/IRWIN/rcm1-sclna-owi-cm-20231024t120111-20231024t120227-00003-______ll_gd_GEO-IRWIN.nc,0.3054174633524538,train
218,HAISHEN,wp112020,2020-09-07 09:22:59,s1a-iw-owi-cm-20200907t092349-20200907t092506-000003-03FAED_ll_gd_GEO-IRWIN.nc,fuzzy_sat_time,2.4,,,23,/scale/user/mtannaou/alternance/donnees_sar_aeqd_09_janvier/wp112020/s1a-iw-owi-cm-20200907t092259-20200907t092506-000003-_aeqd.nc,/scale/project/ifremer-isi-jumeaunumerique/SARGEO/prototype/v00r00/cyclobs/wp112020/IRWIN/s1a-iw-owi-cm-20200907t092349-20200907t092506-000003-03FAED_ll_gd_GEO-IRWIN.nc,0.2407903123008285,nan
219,HAISHEN,wp112020,2020-09-03 20:35:31,rs2-scwa-owi-cm-20200903t203531-20200903t203902-00003-______ll_gd_GEO-IRWIN.nc,exact_contains,3.8,39.430270370370366,81000.0,66,/scale/user/mtannaou/alternance/donnees_sar_aeqd_09_janvier/wp112020/rs2-scwa-owi-cm-20200903t203531-20200903t203902-00003_aeqd.nc,/scale/project/ifremer-isi-jumeaunumerique/SARGEO/prototype/v00r00/cyclobs/wp112020/IRWIN/rs2-scwa-owi-cm-20200903t203531-20200903t203902-00003-______ll_gd_GEO-IRWIN.nc,0.9983428935627788,nan
220,HAISHEN,wp112020,2020-09-06 09:28:20,s1b-iw-owi-cm-20200906t092820-20200906t092940-000003-02C288_ll_gd_GEO-IRWIN.nc,exact_contains,5.1,39.948616666666666,28000.0,49,/scale/user/mtannaou/alternance/donnees_sar_aeqd_09_janvier/wp112020/s1b-iw-owi-cm-20200906t092820-20200906t092940-000003-_aeqd.nc,/scale/project/ifremer-isi-jumeaunumerique/SARGEO/prototype/v00r00/cyclobs/wp112020/IRWIN/s1b-iw-owi-cm-20200906t092820-20200906t092940-000003-02C288_ll_gd_GEO-IRWIN.nc,0.7532186105799873,nan
221,HAISHEN,wp112020,2020-09-02 08:40:47,rs2-scwa-owi-cm-20200902t084047-20200902t084419-00003-______ll_gd_GEO-IRWIN.nc,exact_contains,0.0,39.931696296296295,47000.0,35,/scale/user/mtannaou/alternance/donnees_sar_aeqd_09_janvier/wp112020/rs2-scwa-owi-cm-20200902t084047-20200902t084419-00003_aeqd.nc,/scale/project/ifremer-isi-jumeaunumerique/SARGEO/prototype/v00r00/cyclobs/wp112020/IRWIN/rs2-scwa-owi-cm-20200902t084047-20200902t084419-00003-______ll_gd_GEO-IRWIN.nc,0.0,train
222,HAISHEN,wp112020,2020-09-04 21:02:00,s1a-ew-owi-cm-20200904t210200-20200904t210504-000003-03F9A9_ll_gd_GEO-IRWIN.nc,fuzzy_sat_time,1.0,58.085970370370376,27000.0,67,/scale/user/mtannaou/alternance/donnees_sar_aeqd_09_janvier/wp112020/s1a-ew-owi-cm-20200904t210200-20200904t210535-000003-_aeqd.nc,/scale/project/ifremer-isi-jumeaunumerique/SARGEO/prototype/v00r00/cyclobs/wp112020/IRWIN/s1a-ew-owi-cm-20200904t210200-20200904t210504-000003-03F9A9_ll_gd_GEO-IRWIN.nc,0.1833014659018483,train
223,GILMA,ep072024,2024-08-20 01:56:39,rcm2-sc50mc-owi-cm-20240820t015639-20240820t015756-00003-______ll_gd_GEO-IRWIN.nc,exact_contains,2.75,19.37922994926353,110000.0,25,/scale/user/mtannaou/alternance/donnees_sar_aeqd_09_janvier/ep072024/rcm2-sc50mc-owi-cm-20240820t015639-20240820t015756-00003_aeqd.nc,/scale/project/ifremer-isi-jumeaunumerique/SARGEO/prototype/v00r00/cyclobs/ep072024/IRWIN/rcm2-sc50mc-owi-cm-20240820t015639-20240820t015756-00003-______ll_gd_GEO-IRWIN.nc,0.2578712555768005,train
224,GILMA,ep072024,2024-08-24 02:35:03,s1a-ew-owi-cm-20240824t023503-20240824t023607-000003-06BFDD_ll_gd_GEO-IRWIN.nc,exact_contains,0.7,46.04914444444446,26000.0,45,/scale/user/mtannaou/alternance/donnees_sar_aeqd_09_janvier/ep072024/s1a-ew-owi-cm-20240824t023503-20240824t023607-000003-_aeqd.nc,/scale/project/ifremer-isi-jumeaunumerique/SARGEO/prototype/v00r00/cyclobs/ep072024/IRWIN/s1a-ew-owi-cm-20240824t023503-20240824t023607-000003-06BFDD_ll_gd_GEO-IRWIN.nc,0.1641810070108349,train
225,GILMA,ep072024,2024-08-23 14:16:11,rcm2-sc50md-owi-cm-20240823t141611-20240823t141729-00003-______ll_gd_GEO-IRWIN.nc,exact_contains,0.0,45.55089259259265,21000.0,50,/scale/user/mtannaou/alternance/donnees_sar_aeqd_09_janvier/ep072024/rcm2-sc50md-owi-cm-20240823t141611-20240823t141729-00003_aeqd.nc,/scale/project/ifremer-isi-jumeaunumerique/SARGEO/prototype/v00r00/cyclobs/ep072024/IRWIN/rcm2-sc50md-owi-cm-20240823t141611-20240823t141729-00003-______ll_gd_GEO-IRWIN.nc,0.0423199490121096,test
226,GILMA,ep072024,2024-08-24 14:24:22,rcm2-sclnd-owi-cm-20240824t142422-20240824t142538-00003-______ll_gd_GEO-IRWIN.nc,exact_contains,0.0,51.35768888888889,17000.0,42,/scale/user/mtannaou/alternance/donnees_sar_aeqd_09_janvier/ep072024/rcm2-sclnd-owi-cm-20240824t142422-20240824t142538-00003_aeqd.nc,/scale/project/ifremer-isi-jumeaunumerique/SARGEO/prototype/v00r00/cyclobs/ep072024/IRWIN/rcm2-sclnd-owi-cm-20240824t142422-20240824t142538-00003-______ll_gd_GEO-IRWIN.nc,0.0,train
227,GILMA,ep072024,2024-08-26 03:17:41,rcm1-sclnd-owi-cm-20240826t031741-20240826t031859-00003-______ll_gd_GEO-IRWIN.nc,exact_contains,0.7,45.521822222222,17000.0,45,/scale/user/mtannaou/alternance/donnees_sar_aeqd_09_janvier/ep072024/rcm1-sclnd-owi-cm-20240826t031741-20240826t031859-00003_aeqd.nc,/scale/project/ifremer-isi-jumeaunumerique/SARGEO/prototype/v00r00/cyclobs/ep072024/IRWIN/rcm1-sclnd-owi-cm-20240826t031741-20240826t031859-00003-______ll_gd_GEO-IRWIN.nc,0.0019120458891013,train
228,GILMA,ep072024,2024-08-22 14:08:21,rcm2-sclnd-owi-cm-20240822t140821-20240822t140937-00003-______ll_gd_GEO-IRWIN.nc,exact_contains,0.0,52.087388888888896,19000.0,57,/scale/user/mtannaou/alternance/donnees_sar_aeqd_09_janvier/ep072024/rcm2-sclnd-owi-cm-20240822t140821-20240822t140937-00003_aeqd.nc,/scale/project/ifremer-isi-jumeaunumerique/SARGEO/prototype/v00r00/cyclobs/ep072024/IRWIN/rcm2-sclnd-owi-cm-20240822t140821-20240822t140937-00003-______ll_gd_GEO-IRWIN.nc,0.1770554493307839,train
229,GILMA,ep072024,2024-08-23 02:21:43,rcm2-sclna-owi-cm-20240823t022143-20240823t022258-00003-______ll_gd_GEO-IRWIN.nc,exact_contains,0.0,48.97004444444445,18000.0,54,/scale/user/mtannaou/alternance/donnees_sar_aeqd_09_janvier/ep072024/rcm2-sclna-owi-cm-20240823t022143-20240823t022258-00003_aeqd.nc,/scale/project/ifremer-isi-jumeaunumerique/SARGEO/prototype/v00r00/cyclobs/ep072024/IRWIN/rcm2-sclna-owi-cm-20240823t022143-20240823t022258-00003-______ll_gd_GEO-IRWIN.nc,0.2834926704907584,train
230,GILMA,ep072024,2024-08-22 02:13:33,rcm2-sclna-owi-cm-20240822t021333-20240822t021449-00003-______ll_gd_GEO-IRWIN.nc,exact_contains,0.5,42.11518518518518,23000.0,50,/scale/user/mtannaou/alternance/donnees_sar_aeqd_09_janvier/ep072024/rcm2-sclna-owi-cm-20240822t021333-20240822t021449-00003_aeqd.nc,/scale/project/ifremer-isi-jumeaunumerique/SARGEO/prototype/v00r00/cyclobs/ep072024/IRWIN/rcm2-sclna-owi-cm-20240822t021333-20240822t021449-00003-______ll_gd_GEO-IRWIN.nc,0.5186743148502231,nan
231,GILMA,ep072024,2024-08-28 03:34:01,rcm1-sclna-owi-cm-20240828t033401-20240828t033517-00003-______ll_gd_GEO-IRWIN.nc,exact_contains,0.3,20.46155053081258,58000.0,23,/scale/user/mtannaou/alternance/donnees_sar_aeqd_09_janvier/ep072024/rcm1-sclna-owi-cm-20240828t033401-20240828t033517-00003_aeqd.nc,/scale/project/ifremer-isi-jumeaunumerique/SARGEO/prototype/v00r00/cyclobs/ep072024/IRWIN/rcm1-sclna-owi-cm-20240828t033401-20240828t033517-00003-______ll_gd_GEO-IRWIN.nc,0.0319949012109624,train
232,GILMA,ep072024,2024-08-21 14:00:27,rcm2-sclnc-owi-cm-20240821t140027-20240821t140143-00003-______ll_gd_GEO-IRWIN.nc,exact_contains,0.0,47.86998888888888,23000.0,41,/scale/user/mtannaou/alternance/donnees_sar_aeqd_09_janvier/ep072024/rcm2-sclnc-owi-cm-20240821t140027-20240821t140143-00003_aeqd.nc,/scale/project/ifremer-isi-jumeaunumerique/SARGEO/prototype/v00r00/cyclobs/ep072024/IRWIN/rcm2-sclnc-owi-cm-20240821t140027-20240821t140143-00003-______ll_gd_GEO-IRWIN.nc,0.0,val
233,GILMA,ep072024,2024-08-19 01:48:11,rcm2-sc50mc-owi-cm-20240819t014811-20240819t014929-00003-______ll_gd_GEO-IRWIN.nc,exact_contains,1.0,22.72578203179168,30000.0,20,/scale/user/mtannaou/alternance/donnees_sar_aeqd_09_janvier/ep072024/rcm2-sc50mc-owi-cm-20240819t014811-20240819t014929-00003_aeqd.nc,/scale/project/ifremer-isi-jumeaunumerique/SARGEO/prototype/v00r00/cyclobs/ep072024/IRWIN/rcm2-sc50mc-owi-cm-20240819t014811-20240819t014929-00003-______ll_gd_GEO-IRWIN.nc,0.0053537284894837,test
234,GILMA,ep072024,2024-08-27 15:20:10,rcm1-sclna-owi-cm-20240827t152010-20240827t152126-00003-______ll_gd_GEO-IRWIN.nc,exact_contains,0.0,28.629844381531736,39000.0,33,/scale/user/mtannaou/alternance/donnees_sar_aeqd_09_janvier/ep072024/rcm1-sclna-owi-cm-20240827t152010-20240827t152126-00003_aeqd.nc,/scale/project/ifremer-isi-jumeaunumerique/SARGEO/prototype/v00r00/cyclobs/ep072024/IRWIN/rcm1-sclna-owi-cm-20240827t152010-20240827t152126-00003-______ll_gd_GEO-IRWIN.nc,0.0,train
235,GILMA,ep072024,2024-08-27 03:25:50,rcm1-sclnc-owi-cm-20240827t032550-20240827t032705-00003-______ll_gd_GEO-IRWIN.nc,exact_contains,0.0,49.24201481481482,16000.0,47,/scale/user/mtannaou/alternance/donnees_sar_aeqd_09_janvier/ep072024/rcm1-sclnc-owi-cm-20240827t032550-20240827t032705-00003_aeqd.nc,/scale/project/ifremer-isi-jumeaunumerique/SARGEO/prototype/v00r00/cyclobs/ep072024/IRWIN/rcm1-sclnc-owi-cm-20240827t032550-20240827t032705-00003-______ll_gd_GEO-IRWIN.nc,0.0,test
236,GILMA,ep072024,2024-08-18 13:05:20,rcm3-sc50mc-owi-cm-20240818t130520-20240818t130638-00003-______ll_gd_GEO-IRWIN.nc,exact_contains,0.0,11.92206269795194,363000.0,16,/scale/user/mtannaou/alternance/donnees_sar_aeqd_09_janvier/ep072024/rcm3-sc50mc-owi-cm-20240818t130520-20240818t130638-00003_aeqd.nc,/scale/project/ifremer-isi-jumeaunumerique/SARGEO/prototype/v00r00/cyclobs/ep072024/IRWIN/rcm3-sc50mc-owi-cm-20240818t130520-20240818t130638-00003-______ll_gd_GEO-IRWIN.nc,0.3963033779477374,nan
237,YUN-YEUNG,wp122023,2023-09-07 20:46:27,rcm1-sc50ma-owi-cm-20230907t204627-20230907t204736-00003-______ll_gd_GEO-IRWIN.nc,exact_contains,2.0,18.63477906185281,64000.0,19,/scale/user/mtannaou/alternance/donnees_sar_aeqd_09_janvier/wp122023/rcm1-sc50ma-owi-cm-20230907t204627-20230907t204736-00003_aeqd.nc,/scale/project/ifremer-isi-jumeaunumerique/SARGEO/prototype/v00r00/cyclobs/wp122023/IRWIN/rcm1-sc50ma-owi-cm-20230907t204627-20230907t204736-00003-______ll_gd_GEO-IRWIN.nc,0.8256214149139579,nan
238,YUN-YEUNG,wp122023,2023-09-06 09:04:46,s1a-ew-owi-cm-20230906t090446-20230906t090549-000003-060AF0_ll_gd_GEO-IRWIN.nc,exact_contains,1.0,23.84467962651488,65000.0,19,/scale/user/mtannaou/alternance/donnees_sar_aeqd_09_janvier/wp122023/s1a-ew-owi-cm-20230906t090446-20230906t090549-000003-_aeqd.nc,/scale/project/ifremer-isi-jumeaunumerique/SARGEO/prototype/v00r00/cyclobs/wp122023/IRWIN/s1a-ew-owi-cm-20230906t090446-20230906t090549-000003-060AF0_ll_gd_GEO-IRWIN.nc,0.0017845761631612,train
239,KENNETH,ep132023,2023-09-21 14:08:28,rcm2-sclnd-owi-cm-20230921t140828-20230921t140945-00003-______ll_gd_GEO-IRWIN.nc,exact_contains,2.4,12.322564579203204,145000.0,20,/scale/user/mtannaou/alternance/donnees_sar_aeqd_09_janvier/ep132023/rcm2-sclnd-owi-cm-20230921t140828-20230921t140945-00003_aeqd.nc,/scale/project/ifremer-isi-jumeaunumerique/SARGEO/prototype/v00r00/cyclobs/ep132023/IRWIN/rcm2-sclnd-owi-cm-20230921t140828-20230921t140945-00003-______ll_gd_GEO-IRWIN.nc,0.0,train
240,DOKSURI,wp052023,2023-07-26 10:09:22,rcm3-sc50mc-owi-cm-20230726t100805-20230726t100935-00003-______ll_gd_GEO-IRWIN.nc,fuzzy_sat_time,4.25,,,48,/scale/user/mtannaou/alternance/donnees_sar_aeqd_09_janvier/wp052023/rcm3-sc50mc-owi-cm-20230726t100922-20230726t100935-00003_aeqd.nc,/scale/project/ifremer-isi-jumeaunumerique/SARGEO/prototype/v00r00/cyclobs/wp052023/IRWIN/rcm3-sc50mc-owi-cm-20230726t100805-20230726t100935-00003-______ll_gd_GEO-IRWIN.nc,0.9784576163161248,nan
241,DOKSURI,wp052023,2023-07-24 09:51:34,rcm3-sc50mc-owi-cm-20230724t095134-20230724t095251-00003-______ll_gd_GEO-IRWIN.nc,exact_contains,0.3,48.30116666666667,34000.0,61,/scale/user/mtannaou/alternance/donnees_sar_aeqd_09_janvier/wp052023/rcm3-sc50mc-owi-cm-20230724t095134-20230724t095251-00003_aeqd.nc,/scale/project/ifremer-isi-jumeaunumerique/SARGEO/prototype/v00r00/cyclobs/wp052023/IRWIN/rcm3-sc50mc-owi-cm-20230724t095134-20230724t095251-00003-______ll_gd_GEO-IRWIN.nc,0.1553855959209687,train
242,DOKSURI,wp052023,2023-07-25 21:54:40,rcm3-sc50ma-owi-cm-20230725t215440-20230725t215539-00003-______ll_gd_GEO-IRWIN.nc,exact_contains,1.8,49.95867037037037,24000.0,56,/scale/user/mtannaou/alternance/donnees_sar_aeqd_09_janvier/wp052023/rcm3-sc50ma-owi-cm-20230725t215440-20230725t215539-00003_aeqd.nc,/scale/project/ifremer-isi-jumeaunumerique/SARGEO/prototype/v00r00/cyclobs/wp052023/IRWIN/rcm3-sc50ma-owi-cm-20230725t215440-20230725t215539-00003-______ll_gd_GEO-IRWIN.nc,0.3210962396430847,train
243,DOKSURI,wp052023,2023-07-26 22:02:36,rcm3-sc50ma-owi-cm-20230726t220236-20230726t220309-00003-______ll_gd_GEO-IRWIN.nc,exact_contains,0.0,36.04781111070873,27000.0,42,/scale/user/mtannaou/alternance/donnees_sar_aeqd_09_janvier/wp052023/rcm3-sc50ma-owi-cm-20230726t220236-20230726t220309-00003_aeqd.nc,/scale/project/ifremer-isi-jumeaunumerique/SARGEO/prototype/v00r00/cyclobs/wp052023/IRWIN/rcm3-sc50ma-owi-cm-20230726t220236-20230726t220309-00003-______ll_gd_GEO-IRWIN.nc,0.2251115360101975,val
244,DOKSURI,wp052023,2023-07-25 10:00:13,rcm3-sc50mc-owi-cm-20230725t100013-20230725t100130-00003-______ll_gd_GEO-IRWIN.nc,exact_contains,1.8,57.4628962962963,26000.0,63,/scale/user/mtannaou/alternance/donnees_sar_aeqd_09_janvier/wp052023/rcm3-sc50mc-owi-cm-20230725t100013-20230725t100130-00003_aeqd.nc,/scale/project/ifremer-isi-jumeaunumerique/SARGEO/prototype/v00r00/cyclobs/wp052023/IRWIN/rcm3-sc50mc-owi-cm-20230725t100013-20230725t100130-00003-______ll_gd_GEO-IRWIN.nc,0.0099426386233269,train
245,DOKSURI,wp052023,2023-07-27 10:17:28,rcm3-sc50mc-owi-cm-20230727t101728-20230727t101751-00003-______ll_gd_GEO-IRWIN.nc,exact_contains,0.25,40.80082962978111,12000.0,52,/scale/user/mtannaou/alternance/donnees_sar_aeqd_09_janvier/wp052023/rcm3-sc50mc-owi-cm-20230727t101728-20230727t101751-00003_aeqd.nc,/scale/project/ifremer-isi-jumeaunumerique/SARGEO/prototype/v00r00/cyclobs/wp052023/IRWIN/rcm3-sc50mc-owi-cm-20230727t101728-20230727t101751-00003-______ll_gd_GEO-IRWIN.nc,0.5631612492033142,nan
246,DOKSURI,wp052023,2023-07-26 22:01:24,s1a-ew-owi-cm-20230726t220124-20230726t220228-000003-05F6DE_ll_gd_GEO-IRWIN.nc,exact_contains,3.0,36.21212372703493,101000.0,42,/scale/user/mtannaou/alternance/donnees_sar_aeqd_09_janvier/wp052023/s1a-ew-owi-cm-20230726t220124-20230726t220228-000003-_aeqd.nc,/scale/project/ifremer-isi-jumeaunumerique/SARGEO/prototype/v00r00/cyclobs/wp052023/IRWIN/s1a-ew-owi-cm-20230726t220124-20230726t220228-000003-05F6DE_ll_gd_GEO-IRWIN.nc,0.032887189292543,train
247,DOKSURI,wp052023,2023-07-23 09:43:06,rcm3-sc50mc-owi-cm-20230723t094306-20230723t094424-00003-______ll_gd_GEO-IRWIN.nc,exact_contains,0.0,45.150400000007,51000.0,38,/scale/user/mtannaou/alternance/donnees_sar_aeqd_09_janvier/wp052023/rcm3-sc50mc-owi-cm-20230723t094306-20230723t094424-00003_aeqd.nc,/scale/project/ifremer-isi-jumeaunumerique/SARGEO/prototype/v00r00/cyclobs/wp052023/IRWIN/rcm3-sc50mc-owi-cm-20230723t094306-20230723t094424-00003-______ll_gd_GEO-IRWIN.nc,0.0124920331421287,train
248,EARL,al062022,2022-09-10 09:44:58,rcm3-sc50mc-owi-cm-20220910t094458-20220910t094518-00003-______ll_gd_GEO-IRWIN.nc,exact_contains,1.5,34.0726888576326,107000.0,43,/scale/user/mtannaou/alternance/donnees_sar_aeqd_09_janvier/al062022/rcm3-sc50mc-owi-cm-20220910t094458-20220910t094518-00003_aeqd.nc,/scale/project/ifremer-isi-jumeaunumerique/SARGEO/prototype/v00r00/cyclobs/al062022/IRWIN/rcm3-sc50mc-owi-cm-20220910t094458-20220910t094518-00003-______ll_gd_GEO-IRWIN.nc,0.7963033779477374,nan
249,HAGUPIT,wp032020,2020-08-03 10:00:48,s1a-iw-owi-cm-20200803t100117-20200803t100257-000003-03E924_ll_gd_GEO-IRWIN.nc,fuzzy_sat_time,0.5,30.896995238095244,22000.0,37,/scale/user/mtannaou/alternance/donnees_sar_aeqd_09_janvier/wp032020/s1a-iw-owi-cm-20200803t100048-20200803t100257-000003-_aeqd.nc,/scale/project/ifremer-isi-jumeaunumerique/SARGEO/prototype/v00r00/cyclobs/wp032020/IRWIN/s1a-iw-owi-cm-20200803t100117-20200803t100257-000003-03E924_ll_gd_GEO-IRWIN.nc,0.5352453792224346,nan
250,ALPHA,al242020,2020-09-18 18:33:54,s1a-iw-owi-cm-20200918t183534-20200918t183649-000003-0400C8_ll_gd_GEO-IRWIN.nc,fuzzy_sat_time,2.8,19.662477777777777,28000.0,23,/scale/user/mtannaou/alternance/donnees_sar_aeqd_09_janvier/al242020/s1a-iw-owi-cm-20200918t183354-20200918t183649-000003-_aeqd.nc,/scale/project/ifremer-isi-jumeaunumerique/SARGEO/prototype/v00r00/cyclobs/al242020/IRWIN/s1a-iw-owi-cm-20200918t183534-20200918t183649-000003-0400C8_ll_gd_GEO-IRWIN.nc,0.5645634161886552,nan
251,ALPHA,al242020,2020-09-18 06:41:45,s1b-iw-owi-cm-20200918t064235-20200918t064340-000003-02C7F6_ll_gd_GEO-IRWIN.nc,fuzzy_sat_time,5.2,24.188677777777777,52000.0,23,/scale/user/mtannaou/alternance/donnees_sar_aeqd_09_janvier/al242020/s1b-iw-owi-cm-20200918t064145-20200918t064340-000003-_aeqd.nc,/scale/project/ifremer-isi-jumeaunumerique/SARGEO/prototype/v00r00/cyclobs/al242020/IRWIN/s1b-iw-owi-cm-20200918t064235-20200918t064340-000003-02C7F6_ll_gd_GEO-IRWIN.nc,0.4647546207775653,train
252,DEBBY,al042024,2024-08-03 23:50:31,rcm2-sclnd-owi-cm-20240803t235031-20240803t235142-00003-______ll_gd_GEO-IRWIN.nc,exact_contains,2.05,10.027526606711058,306000.0,20,/scale/user/mtannaou/alternance/donnees_sar_aeqd_09_janvier/al042024/rcm2-sclnd-owi-cm-20240803t235031-20240803t235142-00003_aeqd.nc,/scale/project/ifremer-isi-jumeaunumerique/SARGEO/prototype/v00r00/cyclobs/al042024/IRWIN/rcm2-sclnd-owi-cm-20240803t235031-20240803t235142-00003-______ll_gd_GEO-IRWIN.nc,0.4490758444869343,nan
253,DEBBY,al042024,2024-08-07 10:59:24,rcm1-sclnd-owi-cm-20240807t105924-20240807t110034-00003-______ll_gd_GEO-IRWIN.nc,exact_contains,7.3,,,25,/scale/user/mtannaou/alternance/donnees_sar_aeqd_09_janvier/al042024/rcm1-sclnd-owi-cm-20240807t105924-20240807t110034-00003_aeqd.nc,/scale/project/ifremer-isi-jumeaunumerique/SARGEO/prototype/v00r00/cyclobs/al042024/IRWIN/rcm1-sclnd-owi-cm-20240807t105924-20240807t110034-00003-______ll_gd_GEO-IRWIN.nc,0.9617590822179732,nan
254,DEBBY,al042024,2024-08-08 11:07:03,rcm1-sclnd-owi-cm-20240808t110703-20240808t110804-00003-______ll_gd_GEO-IRWIN.nc,exact_contains,5.7,,,21,/scale/user/mtannaou/alternance/donnees_sar_aeqd_09_janvier/al042024/rcm1-sclnd-owi-cm-20240808t110703-20240808t110804-00003_aeqd.nc,/scale/project/ifremer-isi-jumeaunumerique/SARGEO/prototype/v00r00/cyclobs/al042024/IRWIN/rcm1-sclnd-owi-cm-20240808t110703-20240808t110804-00003-______ll_gd_GEO-IRWIN.nc,0.9416188655194392,nan
255,DEBBY,al042024,2024-08-06 23:12:39,rcm1-sclna-owi-cm-20240806t231239-20240806t231325-00003-______ll_gd_GEO-IRWIN.nc,exact_contains,4.05,16.40668637182785,249000.0,20,/scale/user/mtannaou/alternance/donnees_sar_aeqd_09_janvier/al042024/rcm1-sclna-owi-cm-20240806t231239-20240806t231325-00003_aeqd.nc,/scale/project/ifremer-isi-jumeaunumerique/SARGEO/prototype/v00r00/cyclobs/al042024/IRWIN/rcm1-sclna-owi-cm-20240806t231239-20240806t231325-00003-______ll_gd_GEO-IRWIN.nc,0.6758444869343531,nan
256,DEBBY,al042024,2024-08-04 11:41:03,rcm2-sclna-owi-cm-20240804t114103-20240804t114218-00003-______ll_gd_GEO-IRWIN.nc,exact_contains,4.2,21.41805173695824,147000.0,26,/scale/user/mtannaou/alternance/donnees_sar_aeqd_09_janvier/al042024/rcm2-sclna-owi-cm-20240804t114103-20240804t114218-00003_aeqd.nc,/scale/project/ifremer-isi-jumeaunumerique/SARGEO/prototype/v00r00/cyclobs/al042024/IRWIN/rcm2-sclna-owi-cm-20240804t114103-20240804t114218-00003-______ll_gd_GEO-IRWIN.nc,0.0166985340981516,train
257,WUTIP,wp022019,2019-02-24 08:50:10,s1b-ew-owi-cm-20190224t085010-20190224t085218-000003-01C31C_ll_gd_GEO-IRWIN.nc,exact_contains,2.8,44.14026296296297,37000.0,57,/scale/user/mtannaou/alternance/donnees_sar_aeqd_09_janvier/wp022019/s1b-ew-owi-cm-20190224t085010-20190224t085218-000003-_aeqd.nc,/scale/project/ifremer-isi-jumeaunumerique/SARGEO/prototype/v00r00/cyclobs/wp022019/IRWIN/s1b-ew-owi-cm-20190224t085010-20190224t085218-000003-01C31C_ll_gd_GEO-IRWIN.nc,0.6905035054174633,nan
258,WUTIP,wp022019,2019-02-22 08:16:38,s1a-ew-owi-cm-20190222t081638-20190222t081928-000003-02E72E_ll_gd_GEO-IRWIN.nc,exact_contains,2.8,29.65840370370371,20000.0,52,/scale/user/mtannaou/alternance/donnees_sar_aeqd_09_janvier/wp022019/s1a-ew-owi-cm-20190222t081638-20190222t081928-000003-_aeqd.nc,/scale/project/ifremer-isi-jumeaunumerique/SARGEO/prototype/v00r00/cyclobs/wp022019/IRWIN/s1a-ew-owi-cm-20190222t081638-20190222t081928-000003-02E72E_ll_gd_GEO-IRWIN.nc,0.944295729764181,nan
259,WUTIP,wp022019,2019-02-23 20:23:48,s1b-ew-owi-cm-20190223t202348-20190223t202552-000003-01C2E0_ll_gd_GEO-IRWIN.nc,exact_contains,0.0,54.36235925925927,15000.0,67,/scale/user/mtannaou/alternance/donnees_sar_aeqd_09_janvier/wp022019/s1b-ew-owi-cm-20190223t202348-20190223t202552-000003-_aeqd.nc,/scale/project/ifremer-isi-jumeaunumerique/SARGEO/prototype/v00r00/cyclobs/wp022019/IRWIN/s1b-ew-owi-cm-20190223t202348-20190223t202552-000003-01C2E0_ll_gd_GEO-IRWIN.nc,0.0,val
260,WUTIP,wp022019,2019-02-27 20:40:07,s1a-ew-owi-cm-20190227t204007-20190227t204132-000003-02EA0C_ll_gd_GEO-IRWIN.nc,exact_contains,1.4,14.842666666666666,53000.0,19,/scale/user/mtannaou/alternance/donnees_sar_aeqd_09_janvier/wp022019/s1a-ew-owi-cm-20190227t204007-20190227t204132-000003-_aeqd.nc,/scale/project/ifremer-isi-jumeaunumerique/SARGEO/prototype/v00r00/cyclobs/wp022019/IRWIN/s1a-ew-owi-cm-20190227t204007-20190227t204132-000003-02EA0C_ll_gd_GEO-IRWIN.nc,0.0987890376035691,train
261,DARBY,ep052022,2022-07-14 15:18:57,s1a-ew-owi-cm-20220714t151857-20220714t152046-000003-05438A_ll_gd_GEO-IRWIN.nc,exact_contains,0.7,47.16943703703705,11000.0,45,/scale/user/mtannaou/alternance/donnees_sar_aeqd_09_janvier/ep052022/s1a-ew-owi-cm-20220714t151857-20220714t152046-000003-_aeqd.nc,/scale/project/ifremer-isi-jumeaunumerique/SARGEO/prototype/v00r00/cyclobs/ep052022/IRWIN/s1a-ew-owi-cm-20220714t151857-20220714t152046-000003-05438A_ll_gd_GEO-IRWIN.nc,0.0,train
262,TAM,sh302025,2025-04-15 18:05:20,rcm3-sclna-owi-cm-20250415t180520-20250415t180634-00003-xxxxx_ll_gd_GEO-IRWIN.nc,exact_contains,2.5,22.95073614100845,88000.0,28,/scale/user/mtannaou/alternance/donnees_sar_aeqd_09_janvier/sh302025/rcm3-sclna-owi-cm-20250415t180520-20250415t180634-00003_aeqd.nc,/scale/project/ifremer-isi-jumeaunumerique/SARGEO/prototype/v00r00/cyclobs/sh302025/IRWIN/rcm3-sclna-owi-cm-20250415t180520-20250415t180634-00003-xxxxx_ll_gd_GEO-IRWIN.nc,0.5092415551306565,nan
263,TAM,sh302025,2025-04-16 07:09:26,s1a-ew-owi-cm-20250416t070926-20250416t071030-000003-074830_ll_gd_GEO-IRWIN.nc,exact_contains,2.8,35.21829628521824,122000.0,30,/scale/user/mtannaou/alternance/donnees_sar_aeqd_09_janvier/sh302025/s1a-ew-owi-cm-20250416t070926-20250416t071030-000003-_aeqd.nc,/scale/project/ifremer-isi-jumeaunumerique/SARGEO/prototype/v00r00/cyclobs/sh302025/IRWIN/s1a-ew-owi-cm-20250416t070926-20250416t071030-000003-074830_ll_gd_GEO-IRWIN.nc,1.0,nan
264,KARL,al142022,2022-10-14 00:23:57,s1a-iw-owi-cm-20221014t002357-20221014t002537-000003-056EC6_ll_gd_GEO-IRWIN.nc,exact_contains,2.0,16.306691666666662,40000.0,20,/scale/user/mtannaou/alternance/donnees_sar_aeqd_09_janvier/al142022/s1a-iw-owi-cm-20221014t002357-20221014t002537-000003-_aeqd.nc,/scale/project/ifremer-isi-jumeaunumerique/SARGEO/prototype/v00r00/cyclobs/al142022/IRWIN/s1a-iw-owi-cm-20221014t002357-20221014t002537-000003-056EC6_ll_gd_GEO-IRWIN.nc,0.5334608030592735,nan
265,JOYCE,al112024,2024-09-27 20:59:59,rcm3-sclna-owi-cm-20240927t205959-20240927t210114-00003-______ll_gd_GEO-IRWIN.nc,exact_contains,2.4,26.91911432930776,26000.0,23,/scale/user/mtannaou/alternance/donnees_sar_aeqd_09_janvier/al112024/rcm3-sclna-owi-cm-20240927t205959-20240927t210114-00003_aeqd.nc,/scale/project/ifremer-isi-jumeaunumerique/SARGEO/prototype/v00r00/cyclobs/al112024/IRWIN/rcm3-sclna-owi-cm-20240927t205959-20240927t210114-00003-______ll_gd_GEO-IRWIN.nc,0.0,train
266,JOYCE,al112024,2024-09-28 21:08:31,rcm3-sclna-owi-cm-20240928t210831-20240928t210947-00003-______ll_gd_GEO-IRWIN.nc,exact_contains,2.7,22.46972708801818,86000.0,21,/scale/user/mtannaou/alternance/donnees_sar_aeqd_09_janvier/al112024/rcm3-sclna-owi-cm-20240928t210831-20240928t210947-00003_aeqd.nc,/scale/project/ifremer-isi-jumeaunumerique/SARGEO/prototype/v00r00/cyclobs/al112024/IRWIN/rcm3-sclna-owi-cm-20240928t210831-20240928t210947-00003-______ll_gd_GEO-IRWIN.nc,0.0,train
267,JOYCE,al112024,2024-09-29 09:02:07,rcm3-sclnd-owi-cm-20240929t090207-20240929t090323-00003-______ll_gd_GEO-IRWIN.nc,exact_contains,0.0,20.27904961801294,29000.0,21,/scale/user/mtannaou/alternance/donnees_sar_aeqd_09_janvier/al112024/rcm3-sclnd-owi-cm-20240929t090207-20240929t090323-00003_aeqd.nc,/scale/project/ifremer-isi-jumeaunumerique/SARGEO/prototype/v00r00/cyclobs/al112024/IRWIN/rcm3-sclnd-owi-cm-20240929t090207-20240929t090323-00003-______ll_gd_GEO-IRWIN.nc,0.0,train
268,CO-MAY,wp112025,2025-07-29 21:43:47,rcm1-sc50mc-owi-cm-20250729t214347-20250729t214500-00003-xxxxx_ll_gd_GEO-IRWIN.nc,exact_contains,1.8,79.16248888888889,353000.0,21,/scale/user/mtannaou/alternance/donnees_sar_aeqd_09_janvier/wp112025no_env/rcm1-sc50mc-owi-cm-20250729t214347-20250729t214500-00003_aeqd.nc,/scale/project/ifremer-isi-jumeaunumerique/SARGEO/prototype/v00r00/cyclobs/wp112025/IRWIN/rcm1-sc50mc-owi-cm-20250729t214347-20250729t214500-00003-xxxxx_ll_gd_GEO-IRWIN.nc,0.244359464627151,nan
269,CO-MAY,wp112025,2025-07-28 09:46:29,rcm1-sc50mc-owi-cm-20250728t094629-20250728t094742-00003-xxxxx_ll_gd_GEO-IRWIN.nc,exact_contains,5.75,17.620407633208966,145000.0,18,/scale/user/mtannaou/alternance/donnees_sar_aeqd_09_janvier/wp112025no_env/rcm1-sc50mc-owi-cm-20250728t094629-20250728t094742-00003_aeqd.nc,/scale/project/ifremer-isi-jumeaunumerique/SARGEO/prototype/v00r00/cyclobs/wp112025/IRWIN/rcm1-sc50mc-owi-cm-20250728t094629-20250728t094742-00003-xxxxx_ll_gd_GEO-IRWIN.nc,0.8540471637985978,nan
270,CO-MAY,wp112025,2025-07-25 09:53:04,rcm3-sc50ma-owi-cm-20250725t095304-20250725t095346-00003-xxxxx_ll_gd_GEO-IRWIN.nc,exact_contains,3.55,18.42221404585796,133000.0,20,/scale/user/mtannaou/alternance/donnees_sar_aeqd_09_janvier/wp112025no_env/rcm3-sc50ma-owi-cm-20250725t095304-20250725t095346-00003_aeqd.nc,/scale/project/ifremer-isi-jumeaunumerique/SARGEO/prototype/v00r00/cyclobs/wp112025/IRWIN/rcm3-sc50ma-owi-cm-20250725t095304-20250725t095346-00003-xxxxx_ll_gd_GEO-IRWIN.nc,0.7507966857871256,nan
271,CO-MAY,wp112025,2025-07-29 09:54:53,rcm1-sc50mc-owi-cm-20250729t095453-20250729t095545-00003-xxxxx_ll_gd_GEO-IRWIN.nc,exact_contains,1.8,55.06666666011788,120000.0,20,/scale/user/mtannaou/alternance/donnees_sar_aeqd_09_janvier/wp112025no_env/rcm1-sc50mc-owi-cm-20250729t095453-20250729t095545-00003_aeqd.nc,/scale/project/ifremer-isi-jumeaunumerique/SARGEO/prototype/v00r00/cyclobs/wp112025/IRWIN/rcm1-sc50mc-owi-cm-20250729t095453-20250729t095545-00003-xxxxx_ll_gd_GEO-IRWIN.nc,0.0277884002549394,train
272,HECTOR,ep082024,2024-08-26 14:08:48,rcm3-sclnd-owi-cm-20240826t140848-20240826t141004-00003-______ll_gd_GEO-IRWIN.nc,exact_contains,3.4,24.8921073897028,71000.0,23,/scale/user/mtannaou/alternance/donnees_sar_aeqd_09_janvier/ep082024/rcm3-sclnd-owi-cm-20240826t140848-20240826t141004-00003_aeqd.nc,/scale/project/ifremer-isi-jumeaunumerique/SARGEO/prototype/v00r00/cyclobs/ep082024/IRWIN/rcm3-sclnd-owi-cm-20240826t140848-20240826t141004-00003-______ll_gd_GEO-IRWIN.nc,0.092925430210325,train
273,HECTOR,ep082024,2024-08-29 03:09:55,rcm2-sclnc-owi-cm-20240829t030955-20240829t031111-00003-______ll_gd_GEO-IRWIN.nc,exact_contains,3.25,10.948876598843734,249000.0,17,/scale/user/mtannaou/alternance/donnees_sar_aeqd_09_janvier/ep082024/rcm2-sclnc-owi-cm-20240829t030955-20240829t031111-00003_aeqd.nc,/scale/project/ifremer-isi-jumeaunumerique/SARGEO/prototype/v00r00/cyclobs/ep082024/IRWIN/rcm2-sclnc-owi-cm-20240829t030955-20240829t031111-00003-______ll_gd_GEO-IRWIN.nc,0.1210962396430847,nan
274,HECTOR,ep082024,2024-08-28 03:01:31,rcm2-sclnd-owi-cm-20240828t030131-20240828t030246-00003-______ll_gd_GEO-IRWIN.nc,exact_contains,1.7,17.734499033786623,9000.0,23,/scale/user/mtannaou/alternance/donnees_sar_aeqd_09_janvier/ep082024/rcm2-sclnd-owi-cm-20240828t030131-20240828t030246-00003_aeqd.nc,/scale/project/ifremer-isi-jumeaunumerique/SARGEO/prototype/v00r00/cyclobs/ep082024/IRWIN/rcm2-sclnd-owi-cm-20240828t030131-20240828t030246-00003-______ll_gd_GEO-IRWIN.nc,0.1878903760356915,train
275,HECTOR,ep082024,2024-08-27 14:16:46,rcm3-sclnd-owi-cm-20240827t141646-20240827t141801-00003-______ll_gd_GEO-IRWIN.nc,exact_contains,1.0,23.4064014777508,66000.0,22,/scale/user/mtannaou/alternance/donnees_sar_aeqd_09_janvier/ep082024/rcm3-sclnd-owi-cm-20240827t141646-20240827t141801-00003_aeqd.nc,/scale/project/ifremer-isi-jumeaunumerique/SARGEO/prototype/v00r00/cyclobs/ep082024/IRWIN/rcm3-sclnd-owi-cm-20240827t141646-20240827t141801-00003-______ll_gd_GEO-IRWIN.nc,0.1541108986615678,train
276,HECTOR,ep082024,2024-08-26 02:13:27,rcm3-sc50ma-owi-cm-20240826t021327-20240826t021444-00003-______ll_gd_GEO-IRWIN.nc,exact_contains,2.4,20.28222034058288,62000.0,21,/scale/user/mtannaou/alternance/donnees_sar_aeqd_09_janvier/ep082024/rcm3-sc50ma-owi-cm-20240826t021327-20240826t021444-00003_aeqd.nc,/scale/project/ifremer-isi-jumeaunumerique/SARGEO/prototype/v00r00/cyclobs/ep082024/IRWIN/rcm3-sc50ma-owi-cm-20240826t021327-20240826t021444-00003-______ll_gd_GEO-IRWIN.nc,0.1310388782664117,train
277,HECTOR,ep082024,2024-08-25 14:00:39,rcm3-sc50ma-owi-cm-20240825t140039-20240825t140155-00003-______ll_gd_GEO-IRWIN.nc,exact_contains,0.0,,,17,/scale/user/mtannaou/alternance/donnees_sar_aeqd_09_janvier/ep082024/rcm3-sc50ma-owi-cm-20240825t140039-20240825t140155-00003_aeqd.nc,/scale/project/ifremer-isi-jumeaunumerique/SARGEO/prototype/v00r00/cyclobs/ep082024/IRWIN/rcm3-sc50ma-owi-cm-20240825t140039-20240825t140155-00003-______ll_gd_GEO-IRWIN.nc,0.0,nan
278,ELIDA,ep092020,2020-08-12 01:49:59,rcm1-sc50ma-owi-cm-20200812t014959-20200812t015243-00003-______ll_gd_GEO-IRWIN.nc,exact_contains,0.0,37.48851851688698,17000.0,39,/scale/user/mtannaou/alternance/donnees_sar_aeqd_09_janvier/ep092020/rcm1-sc50ma-owi-cm-20200812t014959-20200812t015243-00003_aeqd.nc,/scale/project/ifremer-isi-jumeaunumerique/SARGEO/prototype/v00r00/cyclobs/ep092020/IRWIN/rcm1-sc50ma-owi-cm-20200812t014959-20200812t015243-00003-______ll_gd_GEO-IRWIN.nc,0.0627151051625239,train
279,CONSON,wp182021,2021-09-08 10:05:52,s1a-iw-owi-cm-20210908t100621-20210908t100801-000003-04ADF7_ll_gd_GEO-IRWIN.nc,fuzzy_sat_time,3.8,21.036340740740744,8000.0,27,/scale/user/mtannaou/alternance/donnees_sar_aeqd_09_janvier/wp182021/s1a-iw-owi-cm-20210908t100552-20210908t100801-000003-_aeqd.nc,/scale/project/ifremer-isi-jumeaunumerique/SARGEO/prototype/v00r00/cyclobs/wp182021/IRWIN/s1a-iw-owi-cm-20210908t100621-20210908t100801-000003-04ADF7_ll_gd_GEO-IRWIN.nc,0.707202039515615,nan
280,CONSON,wp182021,2021-09-07 21:38:00,s1a-iw-owi-cm-20210907t213854-20210907t214009-000003-04ADC3_ll_gd_GEO-IRWIN.nc,fuzzy_sat_time,3.7,,,28,/scale/user/mtannaou/alternance/donnees_sar_aeqd_09_janvier/wp182021/s1a-iw-owi-cm-20210907t213800-20210907t214009-000003-_aeqd.nc,/scale/project/ifremer-isi-jumeaunumerique/SARGEO/prototype/v00r00/cyclobs/wp182021/IRWIN/s1a-iw-owi-cm-20210907t213854-20210907t214009-000003-04ADC3_ll_gd_GEO-IRWIN.nc,0.7625239005736137,nan
281,KOMPASU,wp242021,2021-10-11 21:54:14,s1a-iw-owi-cm-20211011t215414-20211011t215508-000003-04BEC0_ll_gd_GEO-IRWIN.nc,fuzzy_sat_time,2.4,26.677599999999984,144000.0,28,/scale/user/mtannaou/alternance/donnees_sar_aeqd_09_janvier/wp242021/s1a-iw-owi-cm-20211011t215414-20211011t215558-000003-_aeqd.nc,/scale/project/ifremer-isi-jumeaunumerique/SARGEO/prototype/v00r00/cyclobs/wp242021/IRWIN/s1a-iw-owi-cm-20211011t215414-20211011t215508-000003-04BEC0_ll_gd_GEO-IRWIN.nc,0.2606755895474825,train
282,BUALOI,wp222019,2019-10-22 20:14:38,s1a-ew-owi-cm-20191022t201438-20191022t201648-000003-035DF5_ll_gd_GEO-IRWIN.nc,exact_contains,3.2,33.390166666666666,27000.0,62,/scale/user/mtannaou/alternance/donnees_sar_aeqd_09_janvier/wp222019/s1a-ew-owi-cm-20191022t201438-20191022t201648-000003-_aeqd.nc,/scale/project/ifremer-isi-jumeaunumerique/SARGEO/prototype/v00r00/cyclobs/wp222019/IRWIN/s1a-ew-owi-cm-20191022t201438-20191022t201648-000003-035DF5_ll_gd_GEO-IRWIN.nc,0.9348629700446144,nan
283,BUALOI,wp222019,2019-10-23 08:30:16,rs2-scwa-owi-cm-20191023t083016-20191023t083348-00003-______ll_gd_GEO-IRWIN.nc,exact_contains,0.0,62.2357925925926,20000.0,53,/scale/user/mtannaou/alternance/donnees_sar_aeqd_09_janvier/wp222019/rs2-scwa-owi-cm-20191023t083016-20191023t083348-00003_aeqd.nc,/scale/project/ifremer-isi-jumeaunumerique/SARGEO/prototype/v00r00/cyclobs/wp222019/IRWIN/rs2-scwa-owi-cm-20191023t083016-20191023t083348-00003-______ll_gd_GEO-IRWIN.nc,0.0042065009560229,val
284,BUALOI,wp222019,2019-10-24 20:21:09,rs2-scwa-owi-cm-20191024t202109-20191024t202332-00003-______ll_gd_GEO-IRWIN.nc,exact_contains,0.4,53.21488888888889,35000.0,40,/scale/user/mtannaou/alternance/donnees_sar_aeqd_09_janvier/wp222019/rs2-scwa-owi-cm-20191024t202109-20191024t202332-00003_aeqd.nc,/scale/project/ifremer-isi-jumeaunumerique/SARGEO/prototype/v00r00/cyclobs/wp222019/IRWIN/rs2-scwa-owi-cm-20191024t202109-20191024t202332-00003-______ll_gd_GEO-IRWIN.nc,0.0,val
285,GERT,al062023,2023-09-04 09:37:00,rcm3-sc50ma-owi-cm-20230904t093700-20230904t093759-00003-______ll_gd_GEO-IRWIN.nc,exact_contains,3.25,23.57534850209836,93000.0,23,/scale/user/mtannaou/alternance/donnees_sar_aeqd_09_janvier/al062023/rcm3-sc50ma-owi-cm-20230904t093700-20230904t093759-00003_aeqd.nc,/scale/project/ifremer-isi-jumeaunumerique/SARGEO/prototype/v00r00/cyclobs/al062023/IRWIN/rcm3-sc50ma-owi-cm-20230904t093700-20230904t093759-00003-______ll_gd_GEO-IRWIN.nc,0.5075844486934353,nan
286,GERT,al062023,2023-08-21 09:26:52,rcm3-sclnd-owi-cm-20230821t092652-20230821t092836-00003-______ll_gd_GEO-IRWIN.nc,exact_contains,2.4,8.904256049921592,248000.0,17,/scale/user/mtannaou/alternance/donnees_sar_aeqd_09_janvier/al062023/rcm3-sclnd-owi-cm-20230821t092652-20230821t092836-00003_aeqd.nc,/scale/project/ifremer-isi-jumeaunumerique/SARGEO/prototype/v00r00/cyclobs/al062023/IRWIN/rcm3-sclnd-owi-cm-20230821t092652-20230821t092836-00003-______ll_gd_GEO-IRWIN.nc,0.1298916507329509,nan
287,GERT,al062023,2023-09-03 21:19:14,rcm1-sc50ma-owi-cm-20230903t211914-20230903t212031-00003-______ll_gd_GEO-IRWIN.nc,exact_contains,1.0,27.65236754790357,26000.0,23,/scale/user/mtannaou/alternance/donnees_sar_aeqd_09_janvier/al062023/rcm1-sc50ma-owi-cm-20230903t211914-20230903t212031-00003_aeqd.nc,/scale/project/ifremer-isi-jumeaunumerique/SARGEO/prototype/v00r00/cyclobs/al062023/IRWIN/rcm1-sc50ma-owi-cm-20230903t211914-20230903t212031-00003-______ll_gd_GEO-IRWIN.nc,0.1087316762268961,val
288,GERT,al062023,2023-09-03 09:31:41,rcm3-sc50ma-owi-cm-20230903t093141-20230903t093259-00003-______ll_gd_GEO-IRWIN.nc,exact_contains,3.0,30.61184562691564,26000.0,26,/scale/user/mtannaou/alternance/donnees_sar_aeqd_09_janvier/al062023/rcm3-sc50ma-owi-cm-20230903t093141-20230903t093259-00003_aeqd.nc,/scale/project/ifremer-isi-jumeaunumerique/SARGEO/prototype/v00r00/cyclobs/al062023/IRWIN/rcm3-sc50ma-owi-cm-20230903t093141-20230903t093259-00003-______ll_gd_GEO-IRWIN.nc,0.0,train
289,MARIAN,sh222021,2021-03-02 23:19:16,rs2-scwa-owi-cm-20210302t231916-20210302t232032-00003-______ll_gd_GEO-IRWIN.nc,exact_contains,0.0,30.65311187186934,101000.0,41,/scale/user/mtannaou/alternance/donnees_sar_aeqd_09_janvier/sh222021/rs2-scwa-owi-cm-20210302t231916-20210302t232032-00003_aeqd.nc,/scale/project/ifremer-isi-jumeaunumerique/SARGEO/prototype/v00r00/cyclobs/sh222021/IRWIN/rs2-scwa-owi-cm-20210302t231916-20210302t232032-00003-______ll_gd_GEO-IRWIN.nc,0.0,val
290,ERNESTO,al052024,2024-08-13 09:43:23,rcm2-sclnd-owi-cm-20240813t094323-20240813t094440-00003-______ll_gd_GEO-IRWIN.nc,exact_contains,4.3,29.97055816031212,27000.0,20,/scale/user/mtannaou/alternance/donnees_sar_aeqd_09_janvier/al052024/rcm2-sclnd-owi-cm-20240813t094323-20240813t094440-00003_aeqd.nc,/scale/project/ifremer-isi-jumeaunumerique/SARGEO/prototype/v00r00/cyclobs/al052024/IRWIN/rcm2-sclnd-owi-cm-20240813t094323-20240813t094440-00003-______ll_gd_GEO-IRWIN.nc,0.8684512428298279,nan
291,ERNESTO,al052024,2024-08-15 22:46:17,rcm1-sclnc-owi-cm-20240815t224617-20240815t224734-00003-______ll_gd_GEO-IRWIN.nc,exact_contains,0.0,36.7076511899932,69000.0,43,/scale/user/mtannaou/alternance/donnees_sar_aeqd_09_janvier/al052024/rcm1-sclnc-owi-cm-20240815t224617-20240815t224734-00003_aeqd.nc,/scale/project/ifremer-isi-jumeaunumerique/SARGEO/prototype/v00r00/cyclobs/al052024/IRWIN/rcm1-sclnc-owi-cm-20240815t224617-20240815t224734-00003-______ll_gd_GEO-IRWIN.nc,0.41427660930529,train
292,ERNESTO,al052024,2024-08-19 21:47:33,rcm1-sclnd-owi-cm-20240819t214733-20240819t214801-00003-______ll_gd_GEO-IRWIN.nc,exact_contains,2.8,20.74473018952819,22000.0,40,/scale/user/mtannaou/alternance/donnees_sar_aeqd_09_janvier/al052024/rcm1-sclnd-owi-cm-20240819t214733-20240819t214801-00003_aeqd.nc,/scale/project/ifremer-isi-jumeaunumerique/SARGEO/prototype/v00r00/cyclobs/al052024/IRWIN/rcm1-sclnd-owi-cm-20240819t214733-20240819t214801-00003-______ll_gd_GEO-IRWIN.nc,0.9045251752708732,nan
293,ERNESTO,al052024,2024-08-19 09:52:59,rcm3-sclnd-owi-cm-20240819t095259-20240819t095416-00003-______ll_gd_GEO-IRWIN.nc,exact_contains,0.0,39.808214814722206,31000.0,40,/scale/user/mtannaou/alternance/donnees_sar_aeqd_09_janvier/al052024/rcm3-sclnd-owi-cm-20240819t095259-20240819t095416-00003_aeqd.nc,/scale/project/ifremer-isi-jumeaunumerique/SARGEO/prototype/v00r00/cyclobs/al052024/IRWIN/rcm3-sclnd-owi-cm-20240819t095259-20240819t095416-00003-______ll_gd_GEO-IRWIN.nc,0.1232632249840662,val
294,ERNESTO,al052024,2024-08-20 09:26:34,rcm1-sclna-owi-cm-20240820t092636-20240820t092753-00003-______ll_gd_GEO-IRWIN.nc,fuzzy_sat_time,1.0,23.7700583089622,180000.0,32,/scale/user/mtannaou/alternance/donnees_sar_aeqd_09_janvier/al052024/rcm1-sclna-owi-cm-20240820t092634-20240820t092733-00003_aeqd.nc,/scale/project/ifremer-isi-jumeaunumerique/SARGEO/prototype/v00r00/cyclobs/al052024/IRWIN/rcm1-sclna-owi-cm-20240820t092636-20240820t092753-00003-______ll_gd_GEO-IRWIN.nc,0.0033142128744423,val
295,ERNESTO,al052024,2024-08-17 10:11:20,rcm2-sc50mc-owi-cm-20240817t101120-20240817t101239-00003-______ll_gd_GEO-IRWIN.nc,exact_contains,0.0,40.19064074095114,54000.0,37,/scale/user/mtannaou/alternance/donnees_sar_aeqd_09_janvier/al052024/rcm2-sc50mc-owi-cm-20240817t101120-20240817t101239-00003_aeqd.nc,/scale/project/ifremer-isi-jumeaunumerique/SARGEO/prototype/v00r00/cyclobs/al052024/IRWIN/rcm2-sc50mc-owi-cm-20240817t101120-20240817t101239-00003-______ll_gd_GEO-IRWIN.nc,0.1324410452517527,test
296,ERNESTO,al052024,2024-08-16 10:36:03,rcm1-sc50ma-owi-cm-20240816t103603-20240816t103720-00003-______ll_gd_GEO-IRWIN.nc,exact_contains,0.0,36.99488571422998,54000.0,44,/scale/user/mtannaou/alternance/donnees_sar_aeqd_09_janvier/al052024/rcm1-sc50ma-owi-cm-20240816t103603-20240816t103720-00003_aeqd.nc,/scale/project/ifremer-isi-jumeaunumerique/SARGEO/prototype/v00r00/cyclobs/al052024/IRWIN/rcm1-sc50ma-owi-cm-20240816t103603-20240816t103720-00003-______ll_gd_GEO-IRWIN.nc,0.3649458253664754,train
297,ERNESTO,al052024,2024-08-14 22:37:07,rcm1-sclnb-owi-cm-20240814t223707-20240814t223822-00003-______ll_gd_GEO-IRWIN.nc,exact_contains,1.7,28.943852091696456,117000.0,35,/scale/user/mtannaou/alternance/donnees_sar_aeqd_09_janvier/al052024/rcm1-sclnb-owi-cm-20240814t223707-20240814t223822-00003_aeqd.nc,/scale/project/ifremer-isi-jumeaunumerique/SARGEO/prototype/v00r00/cyclobs/al052024/IRWIN/rcm1-sclnb-owi-cm-20240814t223707-20240814t223822-00003-______ll_gd_GEO-IRWIN.nc,0.0,train
298,ERNESTO,al052024,2024-08-18 22:09:33,rcm3-sclnb-owi-cm-20240818t221028-20240818t221048-00003-______ll_gd_GEO-IRWIN.nc,fuzzy_sat_time,0.0,37.67666666658125,40000.0,35,/scale/user/mtannaou/alternance/donnees_sar_aeqd_09_janvier/al052024/rcm3-sclnb-owi-cm-20240818t220933-20240818t221048-00003_aeqd.nc,/scale/project/ifremer-isi-jumeaunumerique/SARGEO/prototype/v00r00/cyclobs/al052024/IRWIN/rcm3-sclnb-owi-cm-20240818t221028-20240818t221048-00003-______ll_gd_GEO-IRWIN.nc,0.0140216698534098,test
299,ERNESTO,al052024,2024-08-14 10:22:18,rcm1-sclna-owi-cm-20240814t102218-20240814t102334-00003-______ll_gd_GEO-IRWIN.nc,exact_contains,2.8,29.196659153317096,123000.0,33,/scale/user/mtannaou/alternance/donnees_sar_aeqd_09_janvier/al052024/rcm1-sclna-owi-cm-20240814t102218-20240814t102334-00003_aeqd.nc,/scale/project/ifremer-isi-jumeaunumerique/SARGEO/prototype/v00r00/cyclobs/al052024/IRWIN/rcm1-sclna-owi-cm-20240814t102218-20240814t102334-00003-______ll_gd_GEO-IRWIN.nc,0.0,train
300,ERNESTO,al052024,2024-08-12 21:47:25,rcm2-sclna-owi-cm-20240812t214725-20240812t214839-00003-______ll_gd_GEO-IRWIN.nc,exact_contains,3.2,16.19067972709094,16000.0,18,/scale/user/mtannaou/alternance/donnees_sar_aeqd_09_janvier/al052024/rcm2-sclna-owi-cm-20240812t214725-20240812t214839-00003_aeqd.nc,/scale/project/ifremer-isi-jumeaunumerique/SARGEO/prototype/v00r00/cyclobs/al052024/IRWIN/rcm2-sclna-owi-cm-20240812t214725-20240812t214839-00003-______ll_gd_GEO-IRWIN.nc,0.8934353091140854,nan
301,ERNESTO,al052024,2024-08-13 22:27:43,rcm1-sclnd-owi-cm-20240813t222743-20240813t222858-00003-______ll_gd_GEO-IRWIN.nc,exact_contains,1.6,27.2086849654242,92000.0,28,/scale/user/mtannaou/alternance/donnees_sar_aeqd_09_janvier/al052024/rcm1-sclnd-owi-cm-20240813t222743-20240813t222858-00003_aeqd.nc,/scale/project/ifremer-isi-jumeaunumerique/SARGEO/prototype/v00r00/cyclobs/al052024/IRWIN/rcm1-sclnd-owi-cm-20240813t222743-20240813t222858-00003-______ll_gd_GEO-IRWIN.nc,0.190057361376673,train
302,ERNESTO,al052024,2024-08-16 22:23:27,rcm2-sc50ma-owi-cm-20240816t222327-20240816t222445-00003-______ll_gd_GEO-IRWIN.nc,exact_contains,0.3,44.71190000000264,53000.0,42,/scale/user/mtannaou/alternance/donnees_sar_aeqd_09_janvier/al052024/rcm2-sc50ma-owi-cm-20240816t222327-20240816t222445-00003_aeqd.nc,/scale/project/ifremer-isi-jumeaunumerique/SARGEO/prototype/v00r00/cyclobs/al052024/IRWIN/rcm2-sc50ma-owi-cm-20240816t222327-20240816t222445-00003-______ll_gd_GEO-IRWIN.nc,0.132950924155513,train
303,ERNESTO,al052024,2024-08-15 10:29:15,rcm1-sclnc-owi-cm-20240815t102915-20240815t103032-00003-______ll_gd_GEO-IRWIN.nc,exact_contains,0.0,29.42613165367762,97000.0,39,/scale/user/mtannaou/alternance/donnees_sar_aeqd_09_janvier/al052024/rcm1-sclnc-owi-cm-20240815t102915-20240815t103032-00003_aeqd.nc,/scale/project/ifremer-isi-jumeaunumerique/SARGEO/prototype/v00r00/cyclobs/al052024/IRWIN/rcm1-sclnc-owi-cm-20240815t102915-20240815t103032-00003-______ll_gd_GEO-IRWIN.nc,0.0,val
304,KIRK,al122024,2024-10-01 20:58:43,rcm1-sclnd-owi-cm-20241001t205843-20241001t210000-00003-______ll_gd_GEO-IRWIN.nc,exact_contains,0.0,28.32562765413175,35000.0,33,/scale/user/mtannaou/alternance/donnees_sar_aeqd_09_janvier/al122024/rcm1-sclnd-owi-cm-20241001t205843-20241001t210000-00003_aeqd.nc,/scale/project/ifremer-isi-jumeaunumerique/SARGEO/prototype/v00r00/cyclobs/al122024/IRWIN/rcm1-sclnd-owi-cm-20241001t205843-20241001t210000-00003-______ll_gd_GEO-IRWIN.nc,0.1148502230720203,train
305,KIRK,al122024,2024-10-02 08:36:11,s1a-ew-owi-cm-20241002t083611-20241002t083727-000003-06D630_ll_gd_GEO-IRWIN.nc,exact_contains,0.8,36.465770370370365,32000.0,37,/scale/user/mtannaou/alternance/donnees_sar_aeqd_09_janvier/al122024/s1a-ew-owi-cm-20241002t083611-20241002t083727-000003-_aeqd.nc,/scale/project/ifremer-isi-jumeaunumerique/SARGEO/prototype/v00r00/cyclobs/al122024/IRWIN/s1a-ew-owi-cm-20241002t083611-20241002t083727-000003-06D630_ll_gd_GEO-IRWIN.nc,0.4239643084767368,test
306,KIRK,al122024,2024-10-06 21:12:44,rcm2-sc50mc-owi-cm-20241006t211244-20241006t211403-00003-______ll_gd_GEO-IRWIN.nc,exact_contains,0.85,41.31261481484999,123000.0,38,/scale/user/mtannaou/alternance/donnees_sar_aeqd_09_janvier/al122024/rcm2-sc50mc-owi-cm-20241006t211244-20241006t211403-00003_aeqd.nc,/scale/project/ifremer-isi-jumeaunumerique/SARGEO/prototype/v00r00/cyclobs/al122024/IRWIN/rcm2-sc50mc-owi-cm-20241006t211244-20241006t211403-00003-______ll_gd_GEO-IRWIN.nc,0.4684512428298279,train
307,KIRK,al122024,2024-10-06 09:22:22,rcm1-sc50ma-owi-cm-20241006t092222-20241006t092339-00003-______ll_gd_GEO-IRWIN.nc,exact_contains,1.0,41.916418518518405,96000.0,46,/scale/user/mtannaou/alternance/donnees_sar_aeqd_09_janvier/al122024/rcm1-sc50ma-owi-cm-20241006t092222-20241006t092339-00003_aeqd.nc,/scale/project/ifremer-isi-jumeaunumerique/SARGEO/prototype/v00r00/cyclobs/al122024/IRWIN/rcm1-sc50ma-owi-cm-20241006t092222-20241006t092339-00003-______ll_gd_GEO-IRWIN.nc,0.0,train
308,KIRK,al122024,2024-10-07 08:56:27,rcm2-sc50ma-owi-cm-20241007t085627-20241007t085745-00003-______ll_gd_GEO-IRWIN.nc,exact_contains,0.0,35.02194444377739,116000.0,33,/scale/user/mtannaou/alternance/donnees_sar_aeqd_09_janvier/al122024/rcm2-sc50ma-owi-cm-20241007t085627-20241007t085745-00003_aeqd.nc,/scale/project/ifremer-isi-jumeaunumerique/SARGEO/prototype/v00r00/cyclobs/al122024/IRWIN/rcm2-sc50ma-owi-cm-20241007t085627-20241007t085745-00003-______ll_gd_GEO-IRWIN.nc,0.0,train
309,KIRK,al122024,2024-10-03 09:01:45,rcm1-sclna-owi-cm-20241003t090145-20241003t090300-00003-______ll_gd_GEO-IRWIN.nc,exact_contains,0.7,41.38932592592592,32000.0,55,/scale/user/mtannaou/alternance/donnees_sar_aeqd_09_janvier/al122024/rcm1-sclna-owi-cm-20241003t090145-20241003t090300-00003_aeqd.nc,/scale/project/ifremer-isi-jumeaunumerique/SARGEO/prototype/v00r00/cyclobs/al122024/IRWIN/rcm1-sclna-owi-cm-20241003t090145-20241003t090300-00003-______ll_gd_GEO-IRWIN.nc,0.1304015296367112,train
310,KIRK,al122024,2024-09-30 20:50:22,rcm1-sclnd-owi-cm-20240930t205022-20240930t205139-00003-______ll_gd_GEO-IRWIN.nc,exact_contains,2.2,14.769196713171896,184000.0,26,/scale/user/mtannaou/alternance/donnees_sar_aeqd_09_janvier/al122024/rcm1-sclnd-owi-cm-20240930t205022-20240930t205139-00003_aeqd.nc,/scale/project/ifremer-isi-jumeaunumerique/SARGEO/prototype/v00r00/cyclobs/al122024/IRWIN/rcm1-sclnd-owi-cm-20240930t205022-20240930t205139-00003-______ll_gd_GEO-IRWIN.nc,1.0,nan
311,KIRK,al122024,2024-10-09 06:41:32,s1a-iw-owi-cm-20241009t064132-20241009t064312-000003-06DA1F_ll_gd_GEO-IRWIN.nc,exact_contains,3.2,,,25,/scale/user/mtannaou/alternance/donnees_sar_aeqd_09_janvier/al122024/s1a-iw-owi-cm-20241009t064132-20241009t064312-000003-_aeqd.nc,/scale/project/ifremer-isi-jumeaunumerique/SARGEO/prototype/v00r00/cyclobs/al122024/IRWIN/s1a-iw-owi-cm-20241009t064132-20241009t064312-000003-06DA1F_ll_gd_GEO-IRWIN.nc,0.2731676226896112,nan
312,KIRK,al122024,2024-10-04 09:09:11,rcm1-sclnb-owi-cm-20241004t090911-20241004t091027-00003-______ll_gd_GEO-IRWIN.nc,exact_contains,0.0,59.42722222222223,17000.0,64,/scale/user/mtannaou/alternance/donnees_sar_aeqd_09_janvier/al122024/rcm1-sclnb-owi-cm-20241004t090911-20241004t091027-00003_aeqd.nc,/scale/project/ifremer-isi-jumeaunumerique/SARGEO/prototype/v00r00/cyclobs/al122024/IRWIN/rcm1-sclnb-owi-cm-20241004t090911-20241004t091027-00003-______ll_gd_GEO-IRWIN.nc,0.0,val
313,KIRK,al122024,2024-10-07 20:17:54,rcm1-sclnc-owi-cm-20241007t201754-20241007t201912-00003-______ll_gd_GEO-IRWIN.nc,exact_contains,0.3,33.875799999171555,212000.0,30,/scale/user/mtannaou/alternance/donnees_sar_aeqd_09_janvier/al122024/rcm1-sclnc-owi-cm-20241007t201754-20241007t201912-00003_aeqd.nc,/scale/project/ifremer-isi-jumeaunumerique/SARGEO/prototype/v00r00/cyclobs/al122024/IRWIN/rcm1-sclnc-owi-cm-20241007t201754-20241007t201912-00003-______ll_gd_GEO-IRWIN.nc,0.0,nan
314,KIRK,al122024,2024-10-02 21:07:44,rcm1-sclnd-owi-cm-20241002t210744-20241002t210836-00003-______ll_gd_GEO-IRWIN.nc,exact_contains,0.7,43.12089999999464,37000.0,47,/scale/user/mtannaou/alternance/donnees_sar_aeqd_09_janvier/al122024/rcm1-sclnd-owi-cm-20241002t210744-20241002t210836-00003_aeqd.nc,/scale/project/ifremer-isi-jumeaunumerique/SARGEO/prototype/v00r00/cyclobs/al122024/IRWIN/rcm1-sclnd-owi-cm-20241002t210744-20241002t210836-00003-______ll_gd_GEO-IRWIN.nc,0.1264499681325685,test
315,KIRK,al122024,2024-10-04 21:25:18,rcm1-sclnc-owi-cm-20241004t212518-20241004t212636-00003-______ll_gd_GEO-IRWIN.nc,exact_contains,0.0,52.71741851851853,19000.0,59,/scale/user/mtannaou/alternance/donnees_sar_aeqd_09_janvier/al122024/rcm1-sclnc-owi-cm-20241004t212518-20241004t212636-00003_aeqd.nc,/scale/project/ifremer-isi-jumeaunumerique/SARGEO/prototype/v00r00/cyclobs/al122024/IRWIN/rcm1-sclnc-owi-cm-20241004t212518-20241004t212636-00003-______ll_gd_GEO-IRWIN.nc,0.0,train
316,KIRK,al122024,2024-10-08 07:59:10,rcm1-sclnb-owi-cm-20241008t075910-20241008t080027-00003-______ll_gd_GEO-IRWIN.nc,exact_contains,0.0,31.46387774978187,268000.0,28,/scale/user/mtannaou/alternance/donnees_sar_aeqd_09_janvier/al122024/rcm1-sclnb-owi-cm-20241008t075910-20241008t080027-00003_aeqd.nc,/scale/project/ifremer-isi-jumeaunumerique/SARGEO/prototype/v00r00/cyclobs/al122024/IRWIN/rcm1-sclnb-owi-cm-20241008t075910-20241008t080027-00003-______ll_gd_GEO-IRWIN.nc,0.0,nan
317,KIRK,al122024,2024-10-02 21:05:52,s1a-ew-owi-cm-20241002t210552-20241002t210655-000003-06D67D_ll_gd_GEO-IRWIN.nc,exact_contains,0.0,46.88043703703704,36000.0,46,/scale/user/mtannaou/alternance/donnees_sar_aeqd_09_janvier/al122024/s1a-ew-owi-cm-20241002t210552-20241002t210655-000003-_aeqd.nc,/scale/project/ifremer-isi-jumeaunumerique/SARGEO/prototype/v00r00/cyclobs/al122024/IRWIN/s1a-ew-owi-cm-20241002t210552-20241002t210655-000003-06D67D_ll_gd_GEO-IRWIN.nc,0.272912683237731,val
318,KIRK,al122024,2024-10-03 21:16:27,rcm1-sclnc-owi-cm-20241003t211627-20241003t211742-00003-______ll_gd_GEO-IRWIN.nc,exact_contains,0.0,54.074244444444446,21000.0,63,/scale/user/mtannaou/alternance/donnees_sar_aeqd_09_janvier/al122024/rcm1-sclnc-owi-cm-20241003t211627-20241003t211742-00003_aeqd.nc,/scale/project/ifremer-isi-jumeaunumerique/SARGEO/prototype/v00r00/cyclobs/al122024/IRWIN/rcm1-sclnc-owi-cm-20241003t211627-20241003t211742-00003-______ll_gd_GEO-IRWIN.nc,0.0,train
319,KIRK,al122024,2024-10-01 08:15:20,rcm2-sclnd-owi-cm-20241001t081520-20241001t081635-00003-______ll_gd_GEO-IRWIN.nc,exact_contains,0.0,22.114463049324563,296000.0,28,/scale/user/mtannaou/alternance/donnees_sar_aeqd_09_janvier/al122024/rcm2-sclnd-owi-cm-20241001t081520-20241001t081635-00003_aeqd.nc,/scale/project/ifremer-isi-jumeaunumerique/SARGEO/prototype/v00r00/cyclobs/al122024/IRWIN/rcm2-sclnd-owi-cm-20241001t081520-20241001t081635-00003-______ll_gd_GEO-IRWIN.nc,0.0,nan
320,KIRK,al122024,2024-10-05 21:34:48,rcm1-sclnd-owi-cm-20241005t213448-20241005t213606-00003-______ll_gd_GEO-IRWIN.nc,exact_contains,1.65,44.33095555555431,31000.0,53,/scale/user/mtannaou/alternance/donnees_sar_aeqd_09_janvier/al122024/rcm1-sclnd-owi-cm-20241005t213448-20241005t213606-00003_aeqd.nc,/scale/project/ifremer-isi-jumeaunumerique/SARGEO/prototype/v00r00/cyclobs/al122024/IRWIN/rcm1-sclnd-owi-cm-20241005t213448-20241005t213606-00003-______ll_gd_GEO-IRWIN.nc,0.4121096239643085,train
321,KIRK,al122024,2024-10-08 19:22:13,rcm3-sclnd-owi-cm-20241008t192213-20241008t192332-00003-______ll_gd_GEO-IRWIN.nc,exact_contains,3.0,26.61596785084135,262000.0,28,/scale/user/mtannaou/alternance/donnees_sar_aeqd_09_janvier/al122024/rcm3-sclnd-owi-cm-20241008t192213-20241008t192332-00003_aeqd.nc,/scale/project/ifremer-isi-jumeaunumerique/SARGEO/prototype/v00r00/cyclobs/al122024/IRWIN/rcm3-sclnd-owi-cm-20241008t192213-20241008t192332-00003-______ll_gd_GEO-IRWIN.nc,0.0,nan
322,KIRK,al122024,2024-10-05 09:16:13,rcm1-sclnb-owi-cm-20241005t091613-20241005t091730-00003-______ll_gd_GEO-IRWIN.nc,exact_contains,1.0,47.78912592592592,35000.0,55,/scale/user/mtannaou/alternance/donnees_sar_aeqd_09_janvier/al122024/rcm1-sclnb-owi-cm-20241005t091613-20241005t091730-00003_aeqd.nc,/scale/project/ifremer-isi-jumeaunumerique/SARGEO/prototype/v00r00/cyclobs/al122024/IRWIN/rcm1-sclnb-owi-cm-20241005t091613-20241005t091730-00003-______ll_gd_GEO-IRWIN.nc,0.0,test
323,ILEANA,ep092024,2024-09-14 01:34:53,rcm3-sclnd-owi-cm-20240914t013453-20240914t013609-00003-______ll_gd_GEO-IRWIN.nc,exact_contains,5.85,,,21,/scale/user/mtannaou/alternance/donnees_sar_aeqd_09_janvier/ep092024/rcm3-sclnd-owi-cm-20240914t013453-20240914t013609-00003_aeqd.nc,/scale/project/ifremer-isi-jumeaunumerique/SARGEO/prototype/v00r00/cyclobs/ep092024/IRWIN/rcm3-sclnd-owi-cm-20240914t013453-20240914t013609-00003-______ll_gd_GEO-IRWIN.nc,0.6390057361376673,nan
324,ENRIQUE,ep052021,2021-06-29 13:05:56,s1a-iw-owi-cm-20210629t130556-20210629t130711-000003-048CB1_ll_gd_GEO-IRWIN.nc,exact_contains,1.0,26.6247,29000.0,20,,/scale/project/ifremer-isi-jumeaunumerique/SARGEO/prototype/v00r00/cyclobs/ep052021/IRWIN/s1a-iw-owi-cm-20210629t130556-20210629t130711-000003-048CB1_ll_gd_GEO-IRWIN.nc,,nan
325,ENRIQUE,ep052021,2021-06-27 01:12:07,s1a-iw-owi-cm-20210627t011207-20210627t011351-000003-048BAA_ll_gd_GEO-IRWIN.nc,exact_contains,0.0,26.916544444444444,40000.0,39,/scale/user/mtannaou/alternance/donnees_sar_aeqd_09_janvier/ep052021/s1a-iw-owi-cm-20210627t011207-20210627t011351-000003-_aeqd.nc,/scale/project/ifremer-isi-jumeaunumerique/SARGEO/prototype/v00r00/cyclobs/ep052021/IRWIN/s1a-iw-owi-cm-20210627t011207-20210627t011351-000003-048BAA_ll_gd_GEO-IRWIN.nc,0.0,train
326,MONTHA,io032025,2025-10-28 00:12:48,rcm1-sclnd-owi-cm-20251028t001248-20251028t001340-00003-xxxxx_ll_gd_GEO-IRWIN.nc,exact_contains,0.0,29.224988264587576,191000.0,23,/scale/user/mtannaou/alternance/donnees_sar_aeqd_09_janvier/io032025no_env/rcm1-sclnd-owi-cm-20251028t001248-20251028t001340-00003_aeqd.nc,/scale/project/ifremer-isi-jumeaunumerique/SARGEO/prototype/v00r00/cyclobs/io032025/IRWIN/rcm1-sclnd-owi-cm-20251028t001248-20251028t001340-00003-xxxxx_ll_gd_GEO-IRWIN.nc,0.0,nan
327,TAPAH,wp222025,2025-09-07 10:41:19,s1a-iw-owi-cm-20250907t104119-20250907t104213-000003-0794DD_ll_gd_GEO-IRWIN.nc,exact_contains,2.8,13.534639285714285,17000.0,25,/scale/user/mtannaou/alternance/donnees_sar_aeqd_09_janvier/wp222025no_env/s1a-iw-owi-cm-20250907t104119-20250907t104213-000003-_aeqd.nc,/scale/project/ifremer-isi-jumeaunumerique/SARGEO/prototype/v00r00/cyclobs/wp222025/IRWIN/s1a-iw-owi-cm-20250907t104119-20250907t104213-000003-0794DD_ll_gd_GEO-IRWIN.nc,0.9089866156787764,nan
328,MARGOT,al142023,2023-09-11 20:45:41,rcm1-sclnb-owi-cm-20230911t204541-20230911t204657-00003-______ll_gd_GEO-IRWIN.nc,exact_contains,0.0,37.68914074072664,26000.0,35,,/scale/project/ifremer-isi-jumeaunumerique/SARGEO/prototype/v00r00/cyclobs/al142023/IRWIN/rcm1-sclnb-owi-cm-20230911t204541-20230911t204657-00003-______ll_gd_GEO-IRWIN.nc,,nan
329,MARGOT,al142023,2023-09-14 08:49:34,rcm1-sc50mb-owi-cm-20230914t084934-20230914t085051-00003-______ll_gd_GEO-IRWIN.nc,exact_contains,0.6,33.88173331651457,94000.0,36,/scale/user/mtannaou/alternance/donnees_sar_aeqd_09_janvier/al142023/rcm1-sc50mb-owi-cm-20230914t084934-20230914t085051-00003_aeqd.nc,/scale/project/ifremer-isi-jumeaunumerique/SARGEO/prototype/v00r00/cyclobs/al142023/IRWIN/rcm1-sc50mb-owi-cm-20230914t084934-20230914t085051-00003-______ll_gd_GEO-IRWIN.nc,0.2317399617590822,train
330,MARGOT,al142023,2023-09-16 08:33:34,rcm2-sc50mc-owi-cm-20230916t083334-20230916t083451-00003-______ll_gd_GEO-IRWIN.nc,exact_contains,0.0,27.44710824692,150000.0,26,/scale/user/mtannaou/alternance/donnees_sar_aeqd_09_janvier/al142023/rcm2-sc50mc-owi-cm-20230916t083334-20230916t083451-00003_aeqd.nc,/scale/project/ifremer-isi-jumeaunumerique/SARGEO/prototype/v00r00/cyclobs/al142023/IRWIN/rcm2-sc50mc-owi-cm-20230916t083334-20230916t083451-00003-______ll_gd_GEO-IRWIN.nc,0.0,test
331,MARGOT,al142023,2023-09-11 08:28:17,rcm1-sclnd-owi-cm-20230911t082817-20230911t082933-00003-______ll_gd_GEO-IRWIN.nc,exact_contains,0.0,33.5090405080142,27000.0,29,/scale/user/mtannaou/alternance/donnees_sar_aeqd_09_janvier/al142023/rcm1-sclnd-owi-cm-20230911t082817-20230911t082933-00003_aeqd.nc,/scale/project/ifremer-isi-jumeaunumerique/SARGEO/prototype/v00r00/cyclobs/al142023/IRWIN/rcm1-sclnd-owi-cm-20230911t082817-20230911t082933-00003-______ll_gd_GEO-IRWIN.nc,0.0,train
332,MARGOT,al142023,2023-09-12 20:54:55,rcm1-sclnd-owi-cm-20230912t205455-20230912t205612-00003-______ll_gd_GEO-IRWIN.nc,exact_contains,1.75,,,37,/scale/user/mtannaou/alternance/donnees_sar_aeqd_09_janvier/al142023/rcm1-sclnd-owi-cm-20230912t205455-20230912t205612-00003_aeqd.nc,/scale/project/ifremer-isi-jumeaunumerique/SARGEO/prototype/v00r00/cyclobs/al142023/IRWIN/rcm1-sclnd-owi-cm-20230912t205455-20230912t205612-00003-______ll_gd_GEO-IRWIN.nc,0.8387507966857871,nan
333,MARGOT,al142023,2023-09-09 08:13:38,rcm1-sclnd-owi-cm-20230909t081338-20230909t081454-00003-______ll_gd_GEO-IRWIN.nc,exact_contains,3.0,18.282919139174368,69000.0,21,/scale/user/mtannaou/alternance/donnees_sar_aeqd_09_janvier/al142023/rcm1-sclnd-owi-cm-20230909t081338-20230909t081454-00003_aeqd.nc,/scale/project/ifremer-isi-jumeaunumerique/SARGEO/prototype/v00r00/cyclobs/al142023/IRWIN/rcm1-sclnd-owi-cm-20230909t081338-20230909t081454-00003-______ll_gd_GEO-IRWIN.nc,0.0,train
334,MARGOT,al142023,2023-09-13 20:32:04,rcm2-sclna-owi-cm-20230913t203204-20230913t203320-00003-______ll_gd_GEO-IRWIN.nc,exact_contains,0.0,35.39411111110466,15000.0,39,/scale/user/mtannaou/alternance/donnees_sar_aeqd_09_janvier/al142023/rcm2-sclna-owi-cm-20230913t203204-20230913t203320-00003_aeqd.nc,/scale/project/ifremer-isi-jumeaunumerique/SARGEO/prototype/v00r00/cyclobs/al142023/IRWIN/rcm2-sclna-owi-cm-20230913t203204-20230913t203320-00003-______ll_gd_GEO-IRWIN.nc,0.1782026768642447,test
335,MARGOT,al142023,2023-09-12 08:35:07,rcm1-sclnc-owi-cm-20230912t083507-20230912t083624-00003-______ll_gd_GEO-IRWIN.nc,exact_contains,0.0,38.86392592590879,19000.0,39,/scale/user/mtannaou/alternance/donnees_sar_aeqd_09_janvier/al142023/rcm1-sclnc-owi-cm-20230912t083507-20230912t083624-00003_aeqd.nc,/scale/project/ifremer-isi-jumeaunumerique/SARGEO/prototype/v00r00/cyclobs/al142023/IRWIN/rcm1-sclnc-owi-cm-20230912t083507-20230912t083624-00003-______ll_gd_GEO-IRWIN.nc,0.0003824091778202,train
336,MARGOT,al142023,2023-09-13 08:42:07,rcm1-sclnc-owi-cm-20230913t084207-20230913t084324-00003-______ll_gd_GEO-IRWIN.nc,exact_contains,0.0,38.86221481481172,14000.0,41,/scale/user/mtannaou/alternance/donnees_sar_aeqd_09_janvier/al142023/rcm1-sclnc-owi-cm-20230913t084207-20230913t084324-00003_aeqd.nc,/scale/project/ifremer-isi-jumeaunumerique/SARGEO/prototype/v00r00/cyclobs/al142023/IRWIN/rcm1-sclnc-owi-cm-20230913t084207-20230913t084324-00003-______ll_gd_GEO-IRWIN.nc,0.1402166985340981,train
337,MARGOT,al142023,2023-09-10 20:37:05,rcm1-sclna-owi-cm-20230910t203705-20230910t203821-00003-______ll_gd_GEO-IRWIN.nc,exact_contains,0.0,32.55784074056303,47000.0,28,/scale/user/mtannaou/alternance/donnees_sar_aeqd_09_janvier/al142023/rcm1-sclna-owi-cm-20230910t203705-20230910t203821-00003_aeqd.nc,/scale/project/ifremer-isi-jumeaunumerique/SARGEO/prototype/v00r00/cyclobs/al142023/IRWIN/rcm1-sclna-owi-cm-20230910t203705-20230910t203821-00003-______ll_gd_GEO-IRWIN.nc,0.0694710006373486,train
338,MARGOT,al142023,2023-09-10 08:20:58,rcm1-sclnd-owi-cm-20230910t082058-20230910t082215-00003-______ll_gd_GEO-IRWIN.nc,exact_contains,0.0,22.086446933779094,31000.0,23,/scale/user/mtannaou/alternance/donnees_sar_aeqd_09_janvier/al142023/rcm1-sclnd-owi-cm-20230910t082058-20230910t082215-00003_aeqd.nc,/scale/project/ifremer-isi-jumeaunumerique/SARGEO/prototype/v00r00/cyclobs/al142023/IRWIN/rcm1-sclnd-owi-cm-20230910t082058-20230910t082215-00003-______ll_gd_GEO-IRWIN.nc,0.2994263862332696,train
339,MARGOT,al142023,2023-09-09 20:28:11,rcm1-sclna-owi-cm-20230909t202811-20230909t202926-00003-______ll_gd_GEO-IRWIN.nc,exact_contains,2.95,22.51925896011064,11000.0,22,/scale/user/mtannaou/alternance/donnees_sar_aeqd_09_janvier/al142023/rcm1-sclna-owi-cm-20230909t202811-20230909t202926-00003_aeqd.nc,/scale/project/ifremer-isi-jumeaunumerique/SARGEO/prototype/v00r00/cyclobs/al142023/IRWIN/rcm1-sclna-owi-cm-20230909t202811-20230909t202926-00003-______ll_gd_GEO-IRWIN.nc,0.751434034416826,nan
340,MARGOT,al142023,2023-09-14 20:40:28,rcm2-sc50ma-owi-cm-20230914t204028-20230914t204145-00003-______ll_gd_GEO-IRWIN.nc,exact_contains,2.5,28.754720836398253,34000.0,35,/scale/user/mtannaou/alternance/donnees_sar_aeqd_09_janvier/al142023/rcm2-sc50ma-owi-cm-20230914t204028-20230914t204145-00003_aeqd.nc,/scale/project/ifremer-isi-jumeaunumerique/SARGEO/prototype/v00r00/cyclobs/al142023/IRWIN/rcm2-sc50ma-owi-cm-20230914t204028-20230914t204145-00003-______ll_gd_GEO-IRWIN.nc,0.78572339069471,nan
341,FABIEN,sh192023,2023-05-21 00:59:19,rcm2-sclna-owi-cm-20230521t005919-20230521t010001-00003-______ll_gd_GEO-IRWIN.nc,exact_contains,1.0,15.003418093639192,397000.0,18,/scale/user/mtannaou/alternance/donnees_sar_aeqd_09_janvier/sh192023/rcm2-sclna-owi-cm-20230521t005919-20230521t010001-00003_aeqd.nc,/scale/project/ifremer-isi-jumeaunumerique/SARGEO/prototype/v00r00/cyclobs/sh192023/IRWIN/rcm2-sclna-owi-cm-20230521t005919-20230521t010001-00003-______ll_gd_GEO-IRWIN.nc,0.5850860420650096,nan
342,FABIEN,sh192023,2023-05-19 13:45:55,rcm3-sclnb-owi-cm-20230519t134555-20230519t134710-00003-______ll_gd_GEO-IRWIN.nc,exact_contains,0.7,37.9544296277523,64000.0,23,/scale/user/mtannaou/alternance/donnees_sar_aeqd_09_janvier/sh192023/rcm3-sclnb-owi-cm-20230519t134555-20230519t134710-00003_aeqd.nc,/scale/project/ifremer-isi-jumeaunumerique/SARGEO/prototype/v00r00/cyclobs/sh192023/IRWIN/rcm3-sclnb-owi-cm-20230519t134555-20230519t134710-00003-______ll_gd_GEO-IRWIN.nc,0.0010197578075207,train
343,FABIEN,sh192023,2023-05-18 00:35:18,rcm2-sclnd-owi-cm-20230518t003518-20230518t003616-00003-______ll_gd_GEO-IRWIN.nc,exact_contains,3.55,24.136495304420336,10000.0,30,/scale/user/mtannaou/alternance/donnees_sar_aeqd_09_janvier/sh192023/rcm2-sclnd-owi-cm-20230518t003518-20230518t003616-00003_aeqd.nc,/scale/project/ifremer-isi-jumeaunumerique/SARGEO/prototype/v00r00/cyclobs/sh192023/IRWIN/rcm2-sclnd-owi-cm-20230518t003518-20230518t003616-00003-______ll_gd_GEO-IRWIN.nc,0.6897386870618228,nan
344,FABIEN,sh192023,2023-05-20 00:51:12,rcm2-sclnd-owi-cm-20230520t005112-20230520t005229-00003-______ll_gd_GEO-IRWIN.nc,exact_contains,0.7,34.143829518973064,44000.0,26,/scale/user/mtannaou/alternance/donnees_sar_aeqd_09_janvier/sh192023/rcm2-sclnd-owi-cm-20230520t005112-20230520t005229-00003_aeqd.nc,/scale/project/ifremer-isi-jumeaunumerique/SARGEO/prototype/v00r00/cyclobs/sh192023/IRWIN/rcm2-sclnd-owi-cm-20230520t005112-20230520t005229-00003-______ll_gd_GEO-IRWIN.nc,0.0002549394518801,val
345,FABIEN,sh192023,2023-05-20 13:53:54,rcm3-sclnd-owi-cm-20230520t135354-20230520t135420-00003-______ll_gd_GEO-IRWIN.nc,exact_contains,2.5,31.3445735319331,53000.0,24,/scale/user/mtannaou/alternance/donnees_sar_aeqd_09_janvier/sh192023/rcm3-sclnd-owi-cm-20230520t135354-20230520t135420-00003_aeqd.nc,/scale/project/ifremer-isi-jumeaunumerique/SARGEO/prototype/v00r00/cyclobs/sh192023/IRWIN/rcm3-sclnd-owi-cm-20230520t135354-20230520t135420-00003-______ll_gd_GEO-IRWIN.nc,0.7129381771829191,nan
346,FABIEN,sh192023,2023-05-18 13:37:54,rcm3-sclnb-owi-cm-20230518t133754-20230518t133849-00003-______ll_gd_GEO-IRWIN.nc,exact_contains,0.0,28.119847298225523,69000.0,23,/scale/user/mtannaou/alternance/donnees_sar_aeqd_09_janvier/sh192023/rcm3-sclnb-owi-cm-20230518t133754-20230518t133849-00003_aeqd.nc,/scale/project/ifremer-isi-jumeaunumerique/SARGEO/prototype/v00r00/cyclobs/sh192023/IRWIN/rcm3-sclnb-owi-cm-20230518t133754-20230518t133849-00003-______ll_gd_GEO-IRWIN.nc,0.1824091778202677,train
347,FABIEN,sh192023,2023-05-15 13:14:40,rcm3-sclnd-owi-cm-20230515t131440-20230515t131555-00003-______ll_gd_GEO-IRWIN.nc,exact_contains,0.0,53.05078888888888,19000.0,44,/scale/user/mtannaou/alternance/donnees_sar_aeqd_09_janvier/sh192023/rcm3-sclnd-owi-cm-20230515t131440-20230515t131555-00003_aeqd.nc,/scale/project/ifremer-isi-jumeaunumerique/SARGEO/prototype/v00r00/cyclobs/sh192023/IRWIN/rcm3-sclnd-owi-cm-20230515t131440-20230515t131555-00003-______ll_gd_GEO-IRWIN.nc,0.0,train
348,FABIEN,sh192023,2023-05-16 13:22:31,rcm3-sclnc-owi-cm-20230516t132231-20230516t132346-00003-______ll_gd_GEO-IRWIN.nc,exact_contains,0.0,47.23295555555556,21000.0,51,/scale/user/mtannaou/alternance/donnees_sar_aeqd_09_janvier/sh192023/rcm3-sclnc-owi-cm-20230516t132231-20230516t132346-00003_aeqd.nc,/scale/project/ifremer-isi-jumeaunumerique/SARGEO/prototype/v00r00/cyclobs/sh192023/IRWIN/rcm3-sclnc-owi-cm-20230516t132231-20230516t132346-00003-______ll_gd_GEO-IRWIN.nc,0.0,train
349,FABIEN,sh192023,2023-05-17 13:29:56,rcm3-sclnc-owi-cm-20230517t132956-20230517t133052-00003-______ll_gd_GEO-IRWIN.nc,exact_contains,0.0,41.43745555555444,25000.0,39,/scale/user/mtannaou/alternance/donnees_sar_aeqd_09_janvier/sh192023/rcm3-sclnc-owi-cm-20230517t132956-20230517t133052-00003_aeqd.nc,/scale/project/ifremer-isi-jumeaunumerique/SARGEO/prototype/v00r00/cyclobs/sh192023/IRWIN/rcm3-sclnc-owi-cm-20230517t132956-20230517t133052-00003-______ll_gd_GEO-IRWIN.nc,0.1098789037603569,train
350,LUPIT,wp132021,2021-08-06 21:51:40,s1b-iw-owi-cm-20210806t215140-20210806t215226-000003-035B26_ll_gd_GEO-IRWIN.nc,exact_contains,3.65,22.06393333333333,68000.0,21,/scale/user/mtannaou/alternance/donnees_sar_aeqd_09_janvier/wp132021/s1b-iw-owi-cm-20210806t215140-20210806t215226-000003-_aeqd.nc,/scale/project/ifremer-isi-jumeaunumerique/SARGEO/prototype/v00r00/cyclobs/wp132021/IRWIN/s1b-iw-owi-cm-20210806t215140-20210806t215226-000003-035B26_ll_gd_GEO-IRWIN.nc,0.427151051625239,train
351,FRANCINE,al062024,2024-09-09 00:23:08,s1a-iw-owi-cm-20240909t002423-20240909t002538-000003-06C8BE_ll_gd_GEO-IRWIN.nc,fuzzy_sat_time,2.8,19.276434722222223,95000.0,23,/scale/user/mtannaou/alternance/donnees_sar_aeqd_09_janvier/al062024/s1a-iw-owi-cm-20240909t002308-20240909t002603-000003-_aeqd.nc,/scale/project/ifremer-isi-jumeaunumerique/SARGEO/prototype/v00r00/cyclobs/al062024/IRWIN/s1a-iw-owi-cm-20240909t002423-20240909t002538-000003-06C8BE_ll_gd_GEO-IRWIN.nc,0.0713830465264499,train
352,FRANCINE,al062024,2024-09-09 12:14:37,rcm1-sclna-owi-cm-20240909t121437-20240909t121553-00003-______ll_gd_GEO-IRWIN.nc,exact_contains,1.25,18.77701828582927,283000.0,23,/scale/user/mtannaou/alternance/donnees_sar_aeqd_09_janvier/al062024/rcm1-sclna-owi-cm-20240909t121437-20240909t121553-00003_aeqd.nc,/scale/project/ifremer-isi-jumeaunumerique/SARGEO/prototype/v00r00/cyclobs/al062024/IRWIN/rcm1-sclna-owi-cm-20240909t121437-20240909t121553-00003-______ll_gd_GEO-IRWIN.nc,0.798597833014659,nan
353,FRANCINE,al062024,2024-09-11 11:56:56,rcm2-sclnd-owi-cm-20240911t115656-20240911t115814-00003-______ll_gd_GEO-IRWIN.nc,exact_contains,2.1,39.58625185163518,56000.0,41,/scale/user/mtannaou/alternance/donnees_sar_aeqd_09_janvier/al062024/rcm2-sclnd-owi-cm-20240911t115656-20240911t115814-00003_aeqd.nc,/scale/project/ifremer-isi-jumeaunumerique/SARGEO/prototype/v00r00/cyclobs/al062024/IRWIN/rcm2-sclnd-owi-cm-20240911t115656-20240911t115814-00003-______ll_gd_GEO-IRWIN.nc,0.4488209050350542,train
354,FRANCINE,al062024,2024-09-12 00:15:56,rcm2-sclnd-owi-cm-20240912t001556-20240912t001714-00003-______ll_gd_GEO-IRWIN.nc,exact_contains,3.8,28.03466320471433,5000.0,35,/scale/user/mtannaou/alternance/donnees_sar_aeqd_09_janvier/al062024/rcm2-sclnd-owi-cm-20240912t001556-20240912t001714-00003_aeqd.nc,/scale/project/ifremer-isi-jumeaunumerique/SARGEO/prototype/v00r00/cyclobs/al062024/IRWIN/rcm2-sclnd-owi-cm-20240912t001556-20240912t001714-00003-______ll_gd_GEO-IRWIN.nc,0.7806246016571065,nan
355,FRANCINE,al062024,2024-09-10 00:29:46,rcm1-sclnc-owi-cm-20240910t002946-20240910t003059-00003-______ll_gd_GEO-IRWIN.nc,exact_contains,1.3,26.255750575693146,23000.0,28,/scale/user/mtannaou/alternance/donnees_sar_aeqd_09_janvier/al062024/rcm1-sclnc-owi-cm-20240910t002946-20240910t003059-00003_aeqd.nc,/scale/project/ifremer-isi-jumeaunumerique/SARGEO/prototype/v00r00/cyclobs/al062024/IRWIN/rcm1-sclnc-owi-cm-20240910t002946-20240910t003059-00003-______ll_gd_GEO-IRWIN.nc,0.4622052262587635,train
356,FRANCINE,al062024,2024-09-11 12:15:25,s1a-ew-owi-cm-20240911t121525-20240911t121628-000003-06CA2A_ll_gd_GEO-IRWIN.nc,exact_contains,0.3,44.85866666666667,45000.0,41,/scale/user/mtannaou/alternance/donnees_sar_aeqd_09_janvier/al062024/s1a-ew-owi-cm-20240911t121525-20240911t121628-000003-_aeqd.nc,/scale/project/ifremer-isi-jumeaunumerique/SARGEO/prototype/v00r00/cyclobs/al062024/IRWIN/s1a-ew-owi-cm-20240911t121525-20240911t121628-000003-06CA2A_ll_gd_GEO-IRWIN.nc,0.0,test
357,FRANCINE,al062024,2024-09-10 12:21:37,rcm1-sclna-owi-cm-20240910t122137-20240910t122253-00003-______ll_gd_GEO-IRWIN.nc,exact_contains,0.0,26.894635145756457,30000.0,28,/scale/user/mtannaou/alternance/donnees_sar_aeqd_09_janvier/al062024/rcm1-sclna-owi-cm-20240910t122137-20240910t122253-00003_aeqd.nc,/scale/project/ifremer-isi-jumeaunumerique/SARGEO/prototype/v00r00/cyclobs/al062024/IRWIN/rcm1-sclna-owi-cm-20240910t122137-20240910t122253-00003-______ll_gd_GEO-IRWIN.nc,0.0,test
358,JOANINHA,sh222019,2019-03-29 14:02:31,s1a-ew-owi-cm-20190329t140231-20190329t140436-000003-02F9EC_ll_gd_GEO-IRWIN.nc,fuzzy_sat_time,0.0,46.89135925925927,65000.0,35,/scale/user/mtannaou/alternance/donnees_sar_aeqd_09_janvier/sh222019/s1a-ew-owi-cm-20190329t140231-20190329t140515-000003-_aeqd.nc,/scale/project/ifremer-isi-jumeaunumerique/SARGEO/prototype/v00r00/cyclobs/sh222019/IRWIN/s1a-ew-owi-cm-20190329t140231-20190329t140436-000003-02F9EC_ll_gd_GEO-IRWIN.nc,0.0834926704907584,train
359,JOANINHA,sh222019,2019-03-30 00:57:18,s1a-ew-owi-cm-20190330t005718-20190330t010032-000003-02FA24_ll_gd_GEO-IRWIN.nc,exact_contains,0.0,42.64370370370371,108000.0,31,/scale/user/mtannaou/alternance/donnees_sar_aeqd_09_janvier/sh222019/s1a-ew-owi-cm-20190330t005718-20190330t010032-000003-_aeqd.nc,/scale/project/ifremer-isi-jumeaunumerique/SARGEO/prototype/v00r00/cyclobs/sh222019/IRWIN/s1a-ew-owi-cm-20190330t005718-20190330t010032-000003-02FA24_ll_gd_GEO-IRWIN.nc,0.3936265137029955,train
360,JOANINHA,sh222019,2019-03-28 00:52:21,rs2-scwa-owi-cm-20190328t005221-20190328t005444-00003-______ll_gd_GEO-IRWIN.nc,exact_contains,0.0,53.167592592592605,28000.0,59,/scale/user/mtannaou/alternance/donnees_sar_aeqd_09_janvier/sh222019/rs2-scwa-owi-cm-20190328t005221-20190328t005444-00003_aeqd.nc,/scale/project/ifremer-isi-jumeaunumerique/SARGEO/prototype/v00r00/cyclobs/sh222019/IRWIN/rs2-scwa-owi-cm-20190328t005221-20190328t005444-00003-______ll_gd_GEO-IRWIN.nc,0.0,test
361,JOANINHA,sh222019,2019-03-31 00:49:28,s1b-ew-owi-cm-20190331t004928-20190331t005133-000003-01D3A6_ll_gd_GEO-IRWIN.nc,exact_contains,0.0,32.83202962962963,95000.0,18,/scale/user/mtannaou/alternance/donnees_sar_aeqd_09_janvier/sh222019/s1b-ew-owi-cm-20190331t004928-20190331t005133-000003-_aeqd.nc,/scale/project/ifremer-isi-jumeaunumerique/SARGEO/prototype/v00r00/cyclobs/sh222019/IRWIN/s1b-ew-owi-cm-20190331t004928-20190331t005133-000003-01D3A6_ll_gd_GEO-IRWIN.nc,0.0,train
362,JOANINHA,sh222019,2019-03-30 13:53:23,s1b-ew-owi-cm-20190330t135323-20190330t135509-000003-01D369_ll_gd_GEO-IRWIN.nc,exact_contains,0.0,41.17174814814816,65000.0,27,/scale/user/mtannaou/alternance/donnees_sar_aeqd_09_janvier/sh222019/s1b-ew-owi-cm-20190330t135323-20190330t135509-000003-_aeqd.nc,/scale/project/ifremer-isi-jumeaunumerique/SARGEO/prototype/v00r00/cyclobs/sh222019/IRWIN/s1b-ew-owi-cm-20190330t135323-20190330t135509-000003-01D369_ll_gd_GEO-IRWIN.nc,0.0050987890376035,test
363,NORU,wp182022,2022-09-25 10:07:17,rcm2-sc50mb-owi-cm-20220925t100717-20220925t100849-00003-______ll_gd_GEO-IRWIN.nc,exact_contains,4.7,,,62,/scale/user/mtannaou/alternance/donnees_sar_aeqd_09_janvier/wp182022/rcm2-sc50mb-owi-cm-20220925t100717-20220925t100849-00003_aeqd.nc,/scale/project/ifremer-isi-jumeaunumerique/SARGEO/prototype/v00r00/cyclobs/wp182022/IRWIN/rcm2-sc50mb-owi-cm-20220925t100717-20220925t100849-00003-______ll_gd_GEO-IRWIN.nc,0.8300828553218611,nan
364,NORU,wp182022,2022-09-25 22:02:53,rcm2-sc50ma-owi-cm-20220925t220253-20220925t220352-00003-______ll_gd_GEO-IRWIN.nc,exact_contains,1.5,,,41,/scale/user/mtannaou/alternance/donnees_sar_aeqd_09_janvier/wp182022/rcm2-sc50ma-owi-cm-20220925t220253-20220925t220352-00003_aeqd.nc,/scale/project/ifremer-isi-jumeaunumerique/SARGEO/prototype/v00r00/cyclobs/wp182022/IRWIN/rcm2-sc50ma-owi-cm-20220925t220253-20220925t220352-00003-______ll_gd_GEO-IRWIN.nc,0.5950286806883365,nan
365,MAHA,io052019,2019-10-31 00:54:50,s1b-iw-owi-cm-20191031t005540-20191031t005626-000003-023451_ll_gd_GEO-IRWIN.nc,fuzzy_sat_time,3.25,,,28,/scale/user/mtannaou/alternance/donnees_sar_aeqd_09_janvier/io052019/s1b-iw-owi-cm-20191031t005450-20191031t005626-000003-_aeqd.nc,/scale/project/ifremer-isi-jumeaunumerique/SARGEO/prototype/v00r00/cyclobs/io052019/IRWIN/s1b-iw-owi-cm-20191031t005540-20191031t005626-000003-023451_ll_gd_GEO-IRWIN.nc,0.7579349904397705,nan
366,MAHA,io052019,2019-11-05 13:51:13,rs2-scwa-owi-cm-20191105t135113-20191105t135447-00003-______ll_gd_GEO-IRWIN.nc,exact_contains,0.0,37.6904925925926,23000.0,41,/scale/user/mtannaou/alternance/donnees_sar_aeqd_09_janvier/io052019/rs2-scwa-owi-cm-20191105t135113-20191105t135447-00003_aeqd.nc,/scale/project/ifremer-isi-jumeaunumerique/SARGEO/prototype/v00r00/cyclobs/io052019/IRWIN/rs2-scwa-owi-cm-20191105t135113-20191105t135447-00003-______ll_gd_GEO-IRWIN.nc,0.0,train
367,CALVIN,ep032023,2023-07-16 02:52:57,rcm2-sclna-owi-cm-20230716t025257-20230716t025414-00003-______ll_gd_GEO-IRWIN.nc,exact_contains,0.7,33.71773333336148,32000.0,41,/scale/user/mtannaou/alternance/donnees_sar_aeqd_09_janvier/ep032023/rcm2-sclna-owi-cm-20230716t025257-20230716t025414-00003_aeqd.nc,/scale/project/ifremer-isi-jumeaunumerique/SARGEO/prototype/v00r00/cyclobs/ep032023/IRWIN/rcm2-sclna-owi-cm-20230716t025257-20230716t025414-00003-______ll_gd_GEO-IRWIN.nc,0.0,val
368,CALVIN,ep032023,2023-07-14 02:04:21,rcm3-sc50ma-owi-cm-20230714t020421-20230714t020538-00003-______ll_gd_GEO-IRWIN.nc,exact_contains,0.0,42.58810740740736,27000.0,43,/scale/user/mtannaou/alternance/donnees_sar_aeqd_09_janvier/ep032023/rcm3-sc50ma-owi-cm-20230714t020421-20230714t020538-00003_aeqd.nc,/scale/project/ifremer-isi-jumeaunumerique/SARGEO/prototype/v00r00/cyclobs/ep032023/IRWIN/rcm3-sc50ma-owi-cm-20230714t020421-20230714t020538-00003-______ll_gd_GEO-IRWIN.nc,0.0596558317399617,train
369,CALVIN,ep032023,2023-07-19 04:22:13,rcm3-sclnd-owi-cm-20230719t042213-20230719t042329-00003-______ll_gd_GEO-IRWIN.nc,exact_contains,2.5,20.102025435943897,33000.0,24,/scale/user/mtannaou/alternance/donnees_sar_aeqd_09_janvier/ep032023/rcm3-sclnd-owi-cm-20230719t042213-20230719t042329-00003_aeqd.nc,/scale/project/ifremer-isi-jumeaunumerique/SARGEO/prototype/v00r00/cyclobs/ep032023/IRWIN/rcm3-sclnd-owi-cm-20230719t042213-20230719t042329-00003-______ll_gd_GEO-IRWIN.nc,0.6121096239643085,nan
370,CALVIN,ep032023,2023-07-16 14:48:49,rcm2-sclnc-owi-cm-20230716t144849-20230716t145006-00003-______ll_gd_GEO-IRWIN.nc,exact_contains,0.0,28.296455938239784,36000.0,31,/scale/user/mtannaou/alternance/donnees_sar_aeqd_09_janvier/ep032023/rcm2-sclnc-owi-cm-20230716t144849-20230716t145006-00003_aeqd.nc,/scale/project/ifremer-isi-jumeaunumerique/SARGEO/prototype/v00r00/cyclobs/ep032023/IRWIN/rcm2-sclnc-owi-cm-20230716t144849-20230716t145006-00003-______ll_gd_GEO-IRWIN.nc,0.0,train
371,CALVIN,ep032023,2023-07-15 02:44:31,rcm2-sclnd-owi-cm-20230715t024431-20230715t024548-00003-______ll_gd_GEO-IRWIN.nc,exact_contains,0.0,41.19317037031141,22000.0,52,/scale/user/mtannaou/alternance/donnees_sar_aeqd_09_janvier/ep032023/rcm2-sclnd-owi-cm-20230715t024431-20230715t024548-00003_aeqd.nc,/scale/project/ifremer-isi-jumeaunumerique/SARGEO/prototype/v00r00/cyclobs/ep032023/IRWIN/rcm2-sclnd-owi-cm-20230715t024431-20230715t024548-00003-______ll_gd_GEO-IRWIN.nc,0.3091140854047163,train
372,CALVIN,ep032023,2023-07-14 14:01:40,rcm3-sclnc-owi-cm-20230714t140140-20230714t140238-00003-______ll_gd_GEO-IRWIN.nc,exact_contains,0.0,56.15428518518519,14000.0,53,/scale/user/mtannaou/alternance/donnees_sar_aeqd_09_janvier/ep032023/rcm3-sclnc-owi-cm-20230714t140140-20230714t140238-00003_aeqd.nc,/scale/project/ifremer-isi-jumeaunumerique/SARGEO/prototype/v00r00/cyclobs/ep032023/IRWIN/rcm3-sclnc-owi-cm-20230714t140140-20230714t140238-00003-______ll_gd_GEO-IRWIN.nc,0.0,test
373,CALVIN,ep032023,2023-07-17 03:33:08,rcm1-sclnd-owi-cm-20230717t033308-20230717t033424-00003-______ll_gd_GEO-IRWIN.nc,exact_contains,1.0,22.92257468047372,51000.0,25,/scale/user/mtannaou/alternance/donnees_sar_aeqd_09_janvier/ep032023/rcm1-sclnd-owi-cm-20230717t033308-20230717t033424-00003_aeqd.nc,/scale/project/ifremer-isi-jumeaunumerique/SARGEO/prototype/v00r00/cyclobs/ep032023/IRWIN/rcm1-sclnd-owi-cm-20230717t033308-20230717t033424-00003-______ll_gd_GEO-IRWIN.nc,0.488591459528362,train
374,CALVIN,ep032023,2023-07-18 03:41:39,rcm1-sclna-owi-cm-20230718t034139-20230718t034254-00003-______ll_gd_GEO-IRWIN.nc,exact_contains,1.65,22.56617895027293,38000.0,21,/scale/user/mtannaou/alternance/donnees_sar_aeqd_09_janvier/ep032023/rcm1-sclna-owi-cm-20230718t034139-20230718t034254-00003_aeqd.nc,/scale/project/ifremer-isi-jumeaunumerique/SARGEO/prototype/v00r00/cyclobs/ep032023/IRWIN/rcm1-sclna-owi-cm-20230718t034139-20230718t034254-00003-______ll_gd_GEO-IRWIN.nc,0.3009560229445506,train
375,CALVIN,ep032023,2023-07-19 16:16:59,rcm3-sclnb-owi-cm-20230719t161659-20230719t161805-00003-______ll_gd_GEO-IRWIN.nc,exact_contains,2.3,12.143911962549716,70000.0,19,/scale/user/mtannaou/alternance/donnees_sar_aeqd_09_janvier/ep032023/rcm3-sclnb-owi-cm-20230719t161659-20230719t161805-00003_aeqd.nc,/scale/project/ifremer-isi-jumeaunumerique/SARGEO/prototype/v00r00/cyclobs/ep032023/IRWIN/rcm3-sclnb-owi-cm-20230719t161659-20230719t161805-00003-______ll_gd_GEO-IRWIN.nc,0.2196303377947737,train
376,CALVIN,ep032023,2023-07-17 15:28:25,rcm1-sclna-owi-cm-20230717t152825-20230717t152942-00003-______ll_gd_GEO-IRWIN.nc,exact_contains,3.3,22.001672739919705,9000.0,23,/scale/user/mtannaou/alternance/donnees_sar_aeqd_09_janvier/ep032023/rcm1-sclna-owi-cm-20230717t152825-20230717t152942-00003_aeqd.nc,/scale/project/ifremer-isi-jumeaunumerique/SARGEO/prototype/v00r00/cyclobs/ep032023/IRWIN/rcm1-sclna-owi-cm-20230717t152825-20230717t152942-00003-______ll_gd_GEO-IRWIN.nc,0.5186743148502231,nan
377,MOLAVE,wp212020,2020-10-27 10:39:02,s1a-ew-owi-cm-20201027t103902-20201027t104036-000003-04147D_ll_gd_GEO-IRWIN.nc,exact_contains,1.4,46.90132222222222,39000.0,53,/scale/user/mtannaou/alternance/donnees_sar_aeqd_09_janvier/wp212020/s1a-ew-owi-cm-20201027t103902-20201027t104036-000003-_aeqd.nc,/scale/project/ifremer-isi-jumeaunumerique/SARGEO/prototype/v00r00/cyclobs/wp212020/IRWIN/s1a-ew-owi-cm-20201027t103902-20201027t104036-000003-04147D_ll_gd_GEO-IRWIN.nc,0.0,train
378,MOLAVE,wp212020,2020-10-26 22:11:02,s1a-ew-owi-cm-20201026t221102-20201026t221307-000003-041438_ll_gd_GEO-IRWIN.nc,exact_contains,0.7,44.85128888888889,35000.0,50,/scale/user/mtannaou/alternance/donnees_sar_aeqd_09_janvier/wp212020/s1a-ew-owi-cm-20201026t221102-20201026t221307-000003-_aeqd.nc,/scale/project/ifremer-isi-jumeaunumerique/SARGEO/prototype/v00r00/cyclobs/wp212020/IRWIN/s1a-ew-owi-cm-20201026t221102-20201026t221307-000003-041438_ll_gd_GEO-IRWIN.nc,0.0,train
379,GABRIELLE,sh122023,2023-02-13 17:27:57,s1a-iw-owi-cm-20230213t172916-20230213t173031-000003-05AA87_ll_gd_GEO-IRWIN.nc,fuzzy_sat_time,1.8,28.08115625,141000.0,26,/scale/user/mtannaou/alternance/donnees_sar_aeqd_09_janvier/sh122023/s1a-iw-owi-cm-20230213t172757-20230213t173056-000003-_aeqd.nc,/scale/project/ifremer-isi-jumeaunumerique/SARGEO/prototype/v00r00/cyclobs/sh122023/IRWIN/s1a-iw-owi-cm-20230213t172916-20230213t173031-000003-05AA87_ll_gd_GEO-IRWIN.nc,0.2591459528362014,train
380,GABRIELLE,sh122023,2023-02-11 07:38:35,rcm2-sclnd-owi-cm-20230211t073835-20230211t073951-00003-______ll_gd_GEO-IRWIN.nc,exact_contains,0.0,39.30187037036784,203000.0,30,/scale/user/mtannaou/alternance/donnees_sar_aeqd_09_janvier/sh122023/rcm2-sclnd-owi-cm-20230211t073835-20230211t073951-00003_aeqd.nc,/scale/project/ifremer-isi-jumeaunumerique/SARGEO/prototype/v00r00/cyclobs/sh122023/IRWIN/rcm2-sclnd-owi-cm-20230211t073835-20230211t073951-00003-______ll_gd_GEO-IRWIN.nc,0.0736775015933715,nan
381,GABRIELLE,sh122023,2023-02-10 08:03:28,rcm1-sclnd-owi-cm-20230210t080328-20230210t080508-00003-______ll_gd_GEO-IRWIN.nc,exact_contains,0.5,,,44,/scale/user/mtannaou/alternance/donnees_sar_aeqd_09_janvier/sh122023/rcm1-sclnd-owi-cm-20230210t080328-20230210t080508-00003_aeqd.nc,/scale/project/ifremer-isi-jumeaunumerique/SARGEO/prototype/v00r00/cyclobs/sh122023/IRWIN/rcm1-sclnd-owi-cm-20230210t080328-20230210t080508-00003-______ll_gd_GEO-IRWIN.nc,0.5051625239005736,nan
382,LESLIE,al132024,2024-10-08 08:38:34,rcm3-sclnd-owi-cm-20241008t083834-20241008t083950-00003-______ll_gd_GEO-IRWIN.nc,exact_contains,1.9,23.253153949769302,3000.0,31,/scale/user/mtannaou/alternance/donnees_sar_aeqd_09_janvier/al132024/rcm3-sclnd-owi-cm-20241008t083834-20241008t083950-00003_aeqd.nc,/scale/project/ifremer-isi-jumeaunumerique/SARGEO/prototype/v00r00/cyclobs/al132024/IRWIN/rcm3-sclnd-owi-cm-20241008t083834-20241008t083950-00003-______ll_gd_GEO-IRWIN.nc,0.4884639898024219,train
383,LESLIE,al132024,2024-10-10 09:25:08,rcm2-sclna-owi-cm-20241010t092508-20241010t092623-00003-______ll_gd_GEO-IRWIN.nc,exact_contains,0.25,39.42905555555548,24000.0,45,/scale/user/mtannaou/alternance/donnees_sar_aeqd_09_janvier/al132024/rcm2-sclna-owi-cm-20241010t092508-20241010t092623-00003_aeqd.nc,/scale/project/ifremer-isi-jumeaunumerique/SARGEO/prototype/v00r00/cyclobs/al132024/IRWIN/rcm2-sclna-owi-cm-20241010t092508-20241010t092623-00003-______ll_gd_GEO-IRWIN.nc,0.4512428298279158,train
384,LESLIE,al132024,2024-10-09 21:32:59,rcm2-sclnd-owi-cm-20241009t213259-20241009t213417-00003-______ll_gd_GEO-IRWIN.nc,exact_contains,0.0,45.3954740740733,18000.0,44,/scale/user/mtannaou/alternance/donnees_sar_aeqd_09_janvier/al132024/rcm2-sclnd-owi-cm-20241009t213259-20241009t213417-00003_aeqd.nc,/scale/project/ifremer-isi-jumeaunumerique/SARGEO/prototype/v00r00/cyclobs/al132024/IRWIN/rcm2-sclnd-owi-cm-20241009t213259-20241009t213417-00003-______ll_gd_GEO-IRWIN.nc,0.3681325685149777,test
385,LESLIE,al132024,2024-10-03 08:00:18,rcm3-sclna-owi-cm-20241003t080018-20241003t080135-00003-______ll_gd_GEO-IRWIN.nc,exact_contains,2.6,26.399252326288963,38000.0,19,/scale/user/mtannaou/alternance/donnees_sar_aeqd_09_janvier/al132024/rcm3-sclna-owi-cm-20241003t080018-20241003t080135-00003_aeqd.nc,/scale/project/ifremer-isi-jumeaunumerique/SARGEO/prototype/v00r00/cyclobs/al132024/IRWIN/rcm3-sclna-owi-cm-20241003t080018-20241003t080135-00003-______ll_gd_GEO-IRWIN.nc,0.5070745697896749,nan
386,LESLIE,al132024,2024-10-05 20:26:06,rcm3-sclna-owi-cm-20241005t202606-20241005t202722-00003-______ll_gd_GEO-IRWIN.nc,exact_contains,0.25,33.1928296294622,23000.0,36,/scale/user/mtannaou/alternance/donnees_sar_aeqd_09_janvier/al132024/rcm3-sclna-owi-cm-20241005t202606-20241005t202722-00003_aeqd.nc,/scale/project/ifremer-isi-jumeaunumerique/SARGEO/prototype/v00r00/cyclobs/al132024/IRWIN/rcm3-sclna-owi-cm-20241005t202606-20241005t202722-00003-______ll_gd_GEO-IRWIN.nc,0.3292543021032504,test
387,LESLIE,al132024,2024-10-06 20:34:45,rcm3-sclna-owi-cm-20241006t203445-20241006t203559-00003-______ll_gd_GEO-IRWIN.nc,exact_contains,0.95,43.34174814814816,19000.0,41,/scale/user/mtannaou/alternance/donnees_sar_aeqd_09_janvier/al132024/rcm3-sclna-owi-cm-20241006t203445-20241006t203559-00003_aeqd.nc,/scale/project/ifremer-isi-jumeaunumerique/SARGEO/prototype/v00r00/cyclobs/al132024/IRWIN/rcm3-sclna-owi-cm-20241006t203445-20241006t203559-00003-______ll_gd_GEO-IRWIN.nc,0.3601019757807521,val
388,LESLIE,al132024,2024-10-06 08:24:01,rcm3-sclna-owi-cm-20241006t082401-20241006t082517-00003-______ll_gd_GEO-IRWIN.nc,exact_contains,0.0,45.1448,14000.0,38,/scale/user/mtannaou/alternance/donnees_sar_aeqd_09_janvier/al132024/rcm3-sclna-owi-cm-20241006t082401-20241006t082517-00003_aeqd.nc,/scale/project/ifremer-isi-jumeaunumerique/SARGEO/prototype/v00r00/cyclobs/al132024/IRWIN/rcm3-sclna-owi-cm-20241006t082401-20241006t082517-00003-______ll_gd_GEO-IRWIN.nc,0.0,train
389,LESLIE,al132024,2024-10-12 09:07:17,rcm3-sclna-owi-cm-20241012t090717-20241012t090832-00003-______ll_gd_GEO-IRWIN.nc,exact_contains,0.0,30.89299242563455,22000.0,23,/scale/user/mtannaou/alternance/donnees_sar_aeqd_09_janvier/al132024/rcm3-sclna-owi-cm-20241012t090717-20241012t090832-00003_aeqd.nc,/scale/project/ifremer-isi-jumeaunumerique/SARGEO/prototype/v00r00/cyclobs/al132024/IRWIN/rcm3-sclna-owi-cm-20241012t090717-20241012t090832-00003-______ll_gd_GEO-IRWIN.nc,0.0,test
390,LESLIE,al132024,2024-10-11 21:18:45,rcm3-sclnb-owi-cm-20241011t211845-20241011t212001-00003-______ll_gd_GEO-IRWIN.nc,exact_contains,1.7,25.313327372179234,80000.0,23,/scale/user/mtannaou/alternance/donnees_sar_aeqd_09_janvier/al132024/rcm3-sclnb-owi-cm-20241011t211845-20241011t212001-00003_aeqd.nc,/scale/project/ifremer-isi-jumeaunumerique/SARGEO/prototype/v00r00/cyclobs/al132024/IRWIN/rcm3-sclnb-owi-cm-20241011t211845-20241011t212001-00003-______ll_gd_GEO-IRWIN.nc,0.0,train
391,LESLIE,al132024,2024-10-02 20:01:37,rcm3-sclna-owi-cm-20241002t200137-20241002t200253-00003-______ll_gd_GEO-IRWIN.nc,exact_contains,0.0,,,16,/scale/user/mtannaou/alternance/donnees_sar_aeqd_09_janvier/al132024/rcm3-sclna-owi-cm-20241002t200137-20241002t200253-00003_aeqd.nc,/scale/project/ifremer-isi-jumeaunumerique/SARGEO/prototype/v00r00/cyclobs/al132024/IRWIN/rcm3-sclna-owi-cm-20241002t200137-20241002t200253-00003-______ll_gd_GEO-IRWIN.nc,0.1788400254939451,nan
392,LESLIE,al132024,2024-10-08 21:24:17,rcm2-sclnd-owi-cm-20241008t212417-20241008t212532-00003-______ll_gd_GEO-IRWIN.nc,exact_contains,0.0,39.93789629582114,37000.0,35,/scale/user/mtannaou/alternance/donnees_sar_aeqd_09_janvier/al132024/rcm2-sclnd-owi-cm-20241008t212417-20241008t212532-00003_aeqd.nc,/scale/project/ifremer-isi-jumeaunumerique/SARGEO/prototype/v00r00/cyclobs/al132024/IRWIN/rcm2-sclnd-owi-cm-20241008t212417-20241008t212532-00003-______ll_gd_GEO-IRWIN.nc,0.3077119184193754,train
393,LESLIE,al132024,2024-10-05 08:16:22,rcm3-sclna-owi-cm-20241005t081622-20241005t081738-00003-______ll_gd_GEO-IRWIN.nc,exact_contains,0.7,41.935503703703695,21000.0,36,/scale/user/mtannaou/alternance/donnees_sar_aeqd_09_janvier/al132024/rcm3-sclna-owi-cm-20241005t081622-20241005t081738-00003_aeqd.nc,/scale/project/ifremer-isi-jumeaunumerique/SARGEO/prototype/v00r00/cyclobs/al132024/IRWIN/rcm3-sclna-owi-cm-20241005t081622-20241005t081738-00003-______ll_gd_GEO-IRWIN.nc,0.2168260038240917,train
394,LESLIE,al132024,2024-10-10 09:07:18,s1a-ew-owi-cm-20241010t090718-20241010t090821-000003-06DAC3_ll_gd_GEO-IRWIN.nc,exact_contains,2.8,36.36585925925926,28000.0,45,/scale/user/mtannaou/alternance/donnees_sar_aeqd_09_janvier/al132024/s1a-ew-owi-cm-20241010t090718-20241010t090821-000003-_aeqd.nc,/scale/project/ifremer-isi-jumeaunumerique/SARGEO/prototype/v00r00/cyclobs/al132024/IRWIN/s1a-ew-owi-cm-20241010t090718-20241010t090821-000003-06DAC3_ll_gd_GEO-IRWIN.nc,0.850095602294455,nan
395,LESLIE,al132024,2024-10-04 20:17:58,rcm3-sclna-owi-cm-20241004t201758-20241004t201914-00003-______ll_gd_GEO-IRWIN.nc,exact_contains,0.0,44.939029629629616,18000.0,32,/scale/user/mtannaou/alternance/donnees_sar_aeqd_09_janvier/al132024/rcm3-sclna-owi-cm-20241004t201758-20241004t201914-00003_aeqd.nc,/scale/project/ifremer-isi-jumeaunumerique/SARGEO/prototype/v00r00/cyclobs/al132024/IRWIN/rcm3-sclna-owi-cm-20241004t201758-20241004t201914-00003-______ll_gd_GEO-IRWIN.nc,0.2182281708094327,train
396,LESLIE,al132024,2024-10-07 08:31:25,rcm3-sclnb-owi-cm-20241007t083125-20241007t083241-00003-______ll_gd_GEO-IRWIN.nc,exact_contains,0.0,42.23926666666663,21000.0,40,/scale/user/mtannaou/alternance/donnees_sar_aeqd_09_janvier/al132024/rcm3-sclnb-owi-cm-20241007t083125-20241007t083241-00003_aeqd.nc,/scale/project/ifremer-isi-jumeaunumerique/SARGEO/prototype/v00r00/cyclobs/al132024/IRWIN/rcm3-sclnb-owi-cm-20241007t083125-20241007t083241-00003-______ll_gd_GEO-IRWIN.nc,0.0,test
397,PITA,sh082025,2025-01-12 05:08:10,rcm2-sclnc-owi-cm-20250112t050810-20250112t050847-00003-xxxxx_ll_gd_GEO-IRWIN.nc,exact_contains,1.0,,,16,/scale/user/mtannaou/alternance/donnees_sar_aeqd_09_janvier/sh082025/rcm2-sclnc-owi-cm-20250112t050810-20250112t050847-00003_aeqd.nc,/scale/project/ifremer-isi-jumeaunumerique/SARGEO/prototype/v00r00/cyclobs/sh082025/IRWIN/rcm2-sclnc-owi-cm-20250112t050810-20250112t050847-00003-xxxxx_ll_gd_GEO-IRWIN.nc,0.5315487571701721,nan
398,io042023,io042023,2023-07-31 23:48:15,s1a-iw-owi-cm-20230731t234815-20230731t234931-000003-05F92A_ll_gd_GEO-IRWIN.nc,exact_contains,1.8,19.258974074074075,52000.0,21,/scale/user/mtannaou/alternance/donnees_sar_aeqd_09_janvier/io042023/s1a-iw-owi-cm-20230731t234815-20230731t234931-000003-_aeqd.nc,/scale/project/ifremer-isi-jumeaunumerique/SARGEO/prototype/v00r00/cyclobs/io042023/IRWIN/s1a-iw-owi-cm-20230731t234815-20230731t234931-000003-05F92A_ll_gd_GEO-IRWIN.nc,0.4011472275334608,train
399,OTIS,ep182023,2023-10-24 00:47:08,s1a-iw-owi-cm-20231024t004708-20231024t004802-000003-0622AE_ll_gd_GEO-IRWIN.nc,fuzzy_sat_time,0.55,21.908459259259267,46000.0,26,/scale/user/mtannaou/alternance/donnees_sar_aeqd_09_janvier/ep182023/s1a-iw-owi-cm-20231024t004708-20231024t004852-000003-_aeqd.nc,/scale/project/ifremer-isi-jumeaunumerique/SARGEO/prototype/v00r00/cyclobs/ep182023/IRWIN/s1a-iw-owi-cm-20231024t004708-20231024t004802-000003-0622AE_ll_gd_GEO-IRWIN.nc,0.2799235181644359,train
400,OTIS,ep182023,2023-10-25 00:51:45,rcm1-sc50mc-owi-cm-20231025t005145-20231025t005302-00003-______ll_gd_GEO-IRWIN.nc,exact_contains,0.7,59.75215925925926,15000.0,66,/scale/user/mtannaou/alternance/donnees_sar_aeqd_09_janvier/ep182023/rcm1-sc50mc-owi-cm-20231025t005145-20231025t005302-00003_aeqd.nc,/scale/project/ifremer-isi-jumeaunumerique/SARGEO/prototype/v00r00/cyclobs/ep182023/IRWIN/rcm1-sc50mc-owi-cm-20231025t005145-20231025t005302-00003-______ll_gd_GEO-IRWIN.nc,0.0506054811982154,train
401,sh052024,sh052025,2024-12-27 12:08:44,rcm3-sclnd-owi-cm-20241227t120844-20241227t121000-00003-xxxxx_ll_gd_GEO-IRWIN.nc,exact_contains,1.0,15.388595052971224,285000.0,18,/scale/user/mtannaou/alternance/donnees_sar_aeqd_09_janvier/sh052025/rcm3-sclnd-owi-cm-20241227t120844-20241227t121000-00003_aeqd.nc,/scale/project/ifremer-isi-jumeaunumerique/SARGEO/prototype/v00r00/cyclobs/sh052025/IRWIN/rcm3-sclnd-owi-cm-20241227t120844-20241227t121000-00003-xxxxx_ll_gd_GEO-IRWIN.nc,0.0444869343530911,nan
402,sh052024,sh052025,2024-12-27 23:15:22,rcm2-sclna-owi-cm-20241227t231522-20241227t231636-00003-xxxxx_ll_gd_GEO-IRWIN.nc,exact_contains,2.4,21.520187467797324,193000.0,16,/scale/user/mtannaou/alternance/donnees_sar_aeqd_09_janvier/sh052025/rcm2-sclna-owi-cm-20241227t231522-20241227t231636-00003_aeqd.nc,/scale/project/ifremer-isi-jumeaunumerique/SARGEO/prototype/v00r00/cyclobs/sh052025/IRWIN/rcm2-sclna-owi-cm-20241227t231522-20241227t231636-00003-xxxxx_ll_gd_GEO-IRWIN.nc,0.0,nan
403,HAIKUI,wp102023,2023-08-30 08:56:29,rcm2-sc50ma-owi-cm-20230830t085629-20230830t085747-00003-______ll_gd_GEO-IRWIN.nc,exact_contains,2.3,17.34653487636294,86000.0,24,/scale/user/mtannaou/alternance/donnees_sar_aeqd_09_janvier/wp102023/rcm2-sc50ma-owi-cm-20230830t085629-20230830t085747-00003_aeqd.nc,/scale/project/ifremer-isi-jumeaunumerique/SARGEO/prototype/v00r00/cyclobs/wp102023/IRWIN/rcm2-sc50ma-owi-cm-20230830t085629-20230830t085747-00003-______ll_gd_GEO-IRWIN.nc,0.2921606118546845,train
404,HAIKUI,wp102023,2023-08-30 20:49:33,rcm2-sclnd-owi-cm-20230830t204933-20230830t205050-00003-______ll_gd_GEO-IRWIN.nc,exact_contains,1.1,29.492122810680108,76000.0,27,/scale/user/mtannaou/alternance/donnees_sar_aeqd_09_janvier/wp102023/rcm2-sclnd-owi-cm-20230830t204933-20230830t205050-00003_aeqd.nc,/scale/project/ifremer-isi-jumeaunumerique/SARGEO/prototype/v00r00/cyclobs/wp102023/IRWIN/rcm2-sclnd-owi-cm-20230830t204933-20230830t205050-00003-______ll_gd_GEO-IRWIN.nc,0.1488846398980242,train
405,LOLA,sh012024,2023-10-24 07:02:11,rcm1-sc50ma-owi-cm-20231024t070211-20231024t070327-00003-______ll_gd_GEO-IRWIN.nc,exact_contains,0.9,60.846459259259255,21000.0,61,/scale/user/mtannaou/alternance/donnees_sar_aeqd_09_janvier/sh012024/rcm1-sc50ma-owi-cm-20231024t070211-20231024t070327-00003_aeqd.nc,/scale/project/ifremer-isi-jumeaunumerique/SARGEO/prototype/v00r00/cyclobs/sh012024/IRWIN/rcm1-sc50ma-owi-cm-20231024t070211-20231024t070327-00003-______ll_gd_GEO-IRWIN.nc,0.3309114085404716,train
406,LOLA,sh012024,2023-10-24 07:13:01,s1a-iw-owi-cm-20231024t071330-20231024t071535-000003-0622CF_ll_gd_GEO-IRWIN.nc,fuzzy_sat_time,0.9,57.86903703703704,21000.0,61,/scale/user/mtannaou/alternance/donnees_sar_aeqd_09_janvier/sh012024/s1a-iw-owi-cm-20231024t071301-20231024t071535-000003-_aeqd.nc,/scale/project/ifremer-isi-jumeaunumerique/SARGEO/prototype/v00r00/cyclobs/sh012024/IRWIN/s1a-iw-owi-cm-20231024t071330-20231024t071535-000003-0622CF_ll_gd_GEO-IRWIN.nc,0.0766093052899936,train
407,LOLA,sh012024,2023-10-25 18:19:23,rcm3-sclnd-owi-cm-20231025t181923-20231025t182038-00003-______ll_gd_GEO-IRWIN.nc,exact_contains,0.0,15.145141164646754,359000.0,18,/scale/user/mtannaou/alternance/donnees_sar_aeqd_09_janvier/sh012024/rcm3-sclnd-owi-cm-20231025t181923-20231025t182038-00003_aeqd.nc,/scale/project/ifremer-isi-jumeaunumerique/SARGEO/prototype/v00r00/cyclobs/sh012024/IRWIN/rcm3-sclnd-owi-cm-20231025t181923-20231025t182038-00003-______ll_gd_GEO-IRWIN.nc,0.0359464627151051,nan
408,LOLA,sh012024,2023-10-25 07:09:47,rcm1-sc50ma-owi-cm-20231025t070947-20231025t071104-00003-______ll_gd_GEO-IRWIN.nc,exact_contains,2.5,22.3573828307599,138000.0,28,/scale/user/mtannaou/alternance/donnees_sar_aeqd_09_janvier/sh012024/rcm1-sc50ma-owi-cm-20231025t070947-20231025t071104-00003_aeqd.nc,/scale/project/ifremer-isi-jumeaunumerique/SARGEO/prototype/v00r00/cyclobs/sh012024/IRWIN/rcm1-sc50ma-owi-cm-20231025t070947-20231025t071104-00003-______ll_gd_GEO-IRWIN.nc,0.3988527724665392,train
409,JOVA,ep112023,2023-09-09 14:07:08,rcm2-sc50mc-owi-cm-20230909t140708-20230909t140823-00003-______ll_gd_GEO-IRWIN.nc,exact_contains,1.3,25.37484782017604,59000.0,27,/scale/user/mtannaou/alternance/donnees_sar_aeqd_09_janvier/ep112023/rcm2-sc50mc-owi-cm-20230909t140708-20230909t140823-00003_aeqd.nc,/scale/project/ifremer-isi-jumeaunumerique/SARGEO/prototype/v00r00/cyclobs/ep112023/IRWIN/rcm2-sc50mc-owi-cm-20230909t140708-20230909t140823-00003-______ll_gd_GEO-IRWIN.nc,0.4959847036328872,train
410,JOVA,ep112023,2023-09-10 02:23:04,rcm2-sc50ma-owi-cm-20230910t022304-20230910t022420-00003-______ll_gd_GEO-IRWIN.nc,exact_contains,0.0,21.01788787123282,72000.0,22,/scale/user/mtannaou/alternance/donnees_sar_aeqd_09_janvier/ep112023/rcm2-sc50ma-owi-cm-20230910t022304-20230910t022420-00003_aeqd.nc,/scale/project/ifremer-isi-jumeaunumerique/SARGEO/prototype/v00r00/cyclobs/ep112023/IRWIN/rcm2-sc50ma-owi-cm-20230910t022304-20230910t022420-00003-______ll_gd_GEO-IRWIN.nc,0.0282982791586998,test
411,JOVA,ep112023,2023-09-08 13:59:58,rcm2-sc50ma-owi-cm-20230908t135958-20230908t140114-00003-______ll_gd_GEO-IRWIN.nc,exact_contains,0.3,32.34562959580726,66000.0,42,/scale/user/mtannaou/alternance/donnees_sar_aeqd_09_janvier/ep112023/rcm2-sc50ma-owi-cm-20230908t135958-20230908t140114-00003_aeqd.nc,/scale/project/ifremer-isi-jumeaunumerique/SARGEO/prototype/v00r00/cyclobs/ep112023/IRWIN/rcm2-sc50ma-owi-cm-20230908t135958-20230908t140114-00003-______ll_gd_GEO-IRWIN.nc,0.0224346717654557,train
412,JOVA,ep112023,2023-09-08 02:05:04,rcm2-sc50mc-owi-cm-20230908t020504-20230908t020620-00003-______ll_gd_GEO-IRWIN.nc,exact_contains,0.0,47.32539259259262,10000.0,57,/scale/user/mtannaou/alternance/donnees_sar_aeqd_09_janvier/ep112023/rcm2-sc50mc-owi-cm-20230908t020504-20230908t020620-00003_aeqd.nc,/scale/project/ifremer-isi-jumeaunumerique/SARGEO/prototype/v00r00/cyclobs/ep112023/IRWIN/rcm2-sc50mc-owi-cm-20230908t020504-20230908t020620-00003-______ll_gd_GEO-IRWIN.nc,0.0,test
413,JOVA,ep112023,2023-09-09 02:14:07,rcm2-sc50ma-owi-cm-20230909t021407-20230909t021511-00003-______ll_gd_GEO-IRWIN.nc,exact_contains,1.0,27.815621227316736,82000.0,34,/scale/user/mtannaou/alternance/donnees_sar_aeqd_09_janvier/ep112023/rcm2-sc50ma-owi-cm-20230909t021407-20230909t021511-00003_aeqd.nc,/scale/project/ifremer-isi-jumeaunumerique/SARGEO/prototype/v00r00/cyclobs/ep112023/IRWIN/rcm2-sc50ma-owi-cm-20230909t021407-20230909t021511-00003-______ll_gd_GEO-IRWIN.nc,0.0,train
414,JOVA,ep112023,2023-09-06 13:12:57,rcm3-sc50ma-owi-cm-20230906t131257-20230906t131414-00003-______ll_gd_GEO-IRWIN.nc,exact_contains,0.0,39.42875925888122,19000.0,49,/scale/user/mtannaou/alternance/donnees_sar_aeqd_09_janvier/ep112023/rcm3-sc50ma-owi-cm-20230906t131257-20230906t131414-00003_aeqd.nc,/scale/project/ifremer-isi-jumeaunumerique/SARGEO/prototype/v00r00/cyclobs/ep112023/IRWIN/rcm3-sc50ma-owi-cm-20230906t131257-20230906t131414-00003-______ll_gd_GEO-IRWIN.nc,0.0,train
415,IDA,al092021,2021-09-02 10:40:27,s1b-iw-owi-cm-20210902t104027-20210902t104142-000003-036731_ll_gd_GEO-IRWIN.nc,exact_contains,4.95,23.372,205000.0,21,/scale/user/mtannaou/alternance/donnees_sar_aeqd_09_janvier/al092021/s1b-iw-owi-cm-20210902t104027-20210902t104142-000003-_aeqd.nc,/scale/project/ifremer-isi-jumeaunumerique/SARGEO/prototype/v00r00/cyclobs/al092021/IRWIN/s1b-iw-owi-cm-20210902t104027-20210902t104142-000003-036731_ll_gd_GEO-IRWIN.nc,0.5612492033142129,nan
416,ODETTE,al152021,2021-09-22 20:26:06,rcm2-sc50ma-owi-cm-20210922t202606-20210922t202926-00003-______ll_gd_GEO-IRWIN.nc,exact_contains,0.0,21.593121165248267,89000.0,21,/scale/user/mtannaou/alternance/donnees_sar_aeqd_09_janvier/al152021/rcm2-sc50ma-owi-cm-20210922t202606-20210922t202926-00003_aeqd.nc,/scale/project/ifremer-isi-jumeaunumerique/SARGEO/prototype/v00r00/cyclobs/al152021/IRWIN/rcm2-sc50ma-owi-cm-20210922t202606-20210922t202926-00003-______ll_gd_GEO-IRWIN.nc,0.1782026768642447,train
417,ODETTE,al152021,2021-09-18 10:40:52,rcm2-sc50ma-owi-cm-20210918t104052-20210918t104157-00003-______ll_gd_GEO-IRWIN.nc,exact_contains,2.3,20.97133400630049,173000.0,21,/scale/user/mtannaou/alternance/donnees_sar_aeqd_09_janvier/al152021/rcm2-sc50ma-owi-cm-20210918t104052-20210918t104157-00003_aeqd.nc,/scale/project/ifremer-isi-jumeaunumerique/SARGEO/prototype/v00r00/cyclobs/al152021/IRWIN/rcm2-sc50ma-owi-cm-20210918t104052-20210918t104157-00003-______ll_gd_GEO-IRWIN.nc,0.6665391969407266,nan
418,ODETTE,al152021,2021-09-23 20:34:05,rcm2-sc50mb-owi-cm-20210923t203405-20210923t203745-00003-______ll_gd_GEO-IRWIN.nc,exact_contains,1.0,17.869352223771187,120000.0,18,/scale/user/mtannaou/alternance/donnees_sar_aeqd_09_janvier/al152021/rcm2-sc50mb-owi-cm-20210923t203405-20210923t203745-00003_aeqd.nc,/scale/project/ifremer-isi-jumeaunumerique/SARGEO/prototype/v00r00/cyclobs/al152021/IRWIN/rcm2-sc50mb-owi-cm-20210923t203405-20210923t203745-00003-______ll_gd_GEO-IRWIN.nc,0.1144678138942001,train
419,GORDON,al072024,2024-09-13 20:44:26,rcm3-sclnb-owi-cm-20240913t204426-20240913t204542-00003-______ll_gd_GEO-IRWIN.nc,exact_contains,2.4,17.57665640803744,201000.0,19,/scale/user/mtannaou/alternance/donnees_sar_aeqd_09_janvier/al072024/rcm3-sclnb-owi-cm-20240913t204426-20240913t204542-00003_aeqd.nc,/scale/project/ifremer-isi-jumeaunumerique/SARGEO/prototype/v00r00/cyclobs/al072024/IRWIN/rcm3-sclnb-owi-cm-20240913t204426-20240913t204542-00003-______ll_gd_GEO-IRWIN.nc,0.0,nan
420,GORDON,al072024,2024-09-14 20:52:30,rcm3-sclna-owi-cm-20240914t205230-20240914t205345-00003-______ll_gd_GEO-IRWIN.nc,exact_contains,2.7,16.743985408281628,200000.0,19,/scale/user/mtannaou/alternance/donnees_sar_aeqd_09_janvier/al072024/rcm3-sclna-owi-cm-20240914t205230-20240914t205345-00003_aeqd.nc,/scale/project/ifremer-isi-jumeaunumerique/SARGEO/prototype/v00r00/cyclobs/al072024/IRWIN/rcm3-sclna-owi-cm-20240914t205230-20240914t205345-00003-______ll_gd_GEO-IRWIN.nc,0.0,nan
421,GORDON,al072024,2024-09-15 08:46:13,rcm3-sclnd-owi-cm-20240915t084613-20240915t084728-00003-______ll_gd_GEO-IRWIN.nc,exact_contains,2.4,14.638950915265893,145000.0,18,/scale/user/mtannaou/alternance/donnees_sar_aeqd_09_janvier/al072024/rcm3-sclnd-owi-cm-20240915t084613-20240915t084728-00003_aeqd.nc,/scale/project/ifremer-isi-jumeaunumerique/SARGEO/prototype/v00r00/cyclobs/al072024/IRWIN/rcm3-sclnd-owi-cm-20240915t084613-20240915t084728-00003-______ll_gd_GEO-IRWIN.nc,0.0,train
422,GUCHOL,wp032023,2023-06-09 21:06:12,rcm2-sc50mc-owi-cm-20230609t210612-20230609t210727-00003-______ll_gd_GEO-IRWIN.nc,exact_contains,0.0,41.13953333336568,66000.0,46,/scale/user/mtannaou/alternance/donnees_sar_aeqd_09_janvier/wp032023/rcm2-sc50mc-owi-cm-20230609t210612-20230609t210727-00003_aeqd.nc,/scale/project/ifremer-isi-jumeaunumerique/SARGEO/prototype/v00r00/cyclobs/wp032023/IRWIN/rcm2-sc50mc-owi-cm-20230609t210612-20230609t210727-00003-______ll_gd_GEO-IRWIN.nc,0.1671128107074569,val
423,GUCHOL,wp032023,2023-06-10 21:13:24,rcm2-sc50ma-owi-cm-20230610t211324-20230610t211436-00003-______ll_gd_GEO-IRWIN.nc,exact_contains,1.2999999999999998,41.66615555554897,88000.0,44,/scale/user/mtannaou/alternance/donnees_sar_aeqd_09_janvier/wp032023/rcm2-sc50ma-owi-cm-20230610t211324-20230610t211436-00003_aeqd.nc,/scale/project/ifremer-isi-jumeaunumerique/SARGEO/prototype/v00r00/cyclobs/wp032023/IRWIN/rcm2-sc50ma-owi-cm-20230610t211324-20230610t211436-00003-______ll_gd_GEO-IRWIN.nc,0.0,train
424,GUCHOL,wp032023,2023-06-11 20:48:27,rcm3-sc50mc-owi-cm-20230611t204827-20230611t204945-00003-______ll_gd_GEO-IRWIN.nc,exact_contains,0.0,32.48780747398602,102000.0,30,/scale/user/mtannaou/alternance/donnees_sar_aeqd_09_janvier/wp032023/rcm3-sc50mc-owi-cm-20230611t204827-20230611t204945-00003_aeqd.nc,/scale/project/ifremer-isi-jumeaunumerique/SARGEO/prototype/v00r00/cyclobs/wp032023/IRWIN/rcm3-sc50mc-owi-cm-20230611t204827-20230611t204945-00003-______ll_gd_GEO-IRWIN.nc,0.2854047163798597,test
425,BHEKI,sh022025,2024-11-15 13:29:04,rcm2-sclnc-owi-cm-20241115t132904-20241115t133020-00003-xxxxx_ll_gd_GEO-IRWIN.nc,exact_contains,0.0,35.25138888526945,21000.0,33,/scale/user/mtannaou/alternance/donnees_sar_aeqd_09_janvier/sh022025/rcm2-sclnc-owi-cm-20241115t132904-20241115t133020-00003_aeqd.nc,/scale/project/ifremer-isi-jumeaunumerique/SARGEO/prototype/v00r00/cyclobs/sh022025/IRWIN/rcm2-sclnc-owi-cm-20241115t132904-20241115t133020-00003-xxxxx_ll_gd_GEO-IRWIN.nc,0.0,train
426,BHEKI,sh022025,2024-11-16 00:36:02,rcm1-sclnd-owi-cm-20241116t003602-20241116t003718-00003-xxxxx_ll_gd_GEO-IRWIN.nc,exact_contains,0.0,38.53469629625413,17000.0,39,/scale/user/mtannaou/alternance/donnees_sar_aeqd_09_janvier/sh022025/rcm1-sclnd-owi-cm-20241116t003602-20241116t003718-00003_aeqd.nc,/scale/project/ifremer-isi-jumeaunumerique/SARGEO/prototype/v00r00/cyclobs/sh022025/IRWIN/rcm1-sclnd-owi-cm-20241116t003602-20241116t003718-00003-xxxxx_ll_gd_GEO-IRWIN.nc,0.0,test
427,BHEKI,sh022025,2024-11-17 13:44:15,rcm2-sclnb-owi-cm-20241117t134415-20241117t134529-00003-xxxxx_ll_gd_GEO-IRWIN.nc,exact_contains,0.0,56.56542592592593,26000.0,58,/scale/user/mtannaou/alternance/donnees_sar_aeqd_09_janvier/sh022025/rcm2-sclnb-owi-cm-20241117t134415-20241117t134529-00003_aeqd.nc,/scale/project/ifremer-isi-jumeaunumerique/SARGEO/prototype/v00r00/cyclobs/sh022025/IRWIN/rcm2-sclnb-owi-cm-20241117t134415-20241117t134529-00003-xxxxx_ll_gd_GEO-IRWIN.nc,0.0,train
428,BHEKI,sh022025,2024-11-19 01:01:15,rcm1-sclnc-owi-cm-20241119t010115-20241119t010232-00003-xxxxx_ll_gd_GEO-IRWIN.nc,exact_contains,0.0,40.38225925925743,53000.0,36,/scale/user/mtannaou/alternance/donnees_sar_aeqd_09_janvier/sh022025/rcm1-sclnc-owi-cm-20241119t010115-20241119t010232-00003_aeqd.nc,/scale/project/ifremer-isi-jumeaunumerique/SARGEO/prototype/v00r00/cyclobs/sh022025/IRWIN/rcm1-sclnc-owi-cm-20241119t010115-20241119t010232-00003-xxxxx_ll_gd_GEO-IRWIN.nc,0.0,train
429,BHEKI,sh022025,2024-11-16 13:36:38,rcm2-sclnb-owi-cm-20241116t133638-20241116t133753-00003-xxxxx_ll_gd_GEO-IRWIN.nc,exact_contains,0.0,41.76478518518512,39000.0,48,/scale/user/mtannaou/alternance/donnees_sar_aeqd_09_janvier/sh022025/rcm2-sclnb-owi-cm-20241116t133638-20241116t133753-00003_aeqd.nc,/scale/project/ifremer-isi-jumeaunumerique/SARGEO/prototype/v00r00/cyclobs/sh022025/IRWIN/rcm2-sclnb-owi-cm-20241116t133638-20241116t133753-00003-xxxxx_ll_gd_GEO-IRWIN.nc,0.0,train
430,BHEKI,sh022025,2024-11-17 00:44:36,rcm1-sclnd-owi-cm-20241117t004436-20241117t004550-00003-xxxxx_ll_gd_GEO-IRWIN.nc,exact_contains,0.7,47.83801481481481,25000.0,54,/scale/user/mtannaou/alternance/donnees_sar_aeqd_09_janvier/sh022025/rcm1-sclnd-owi-cm-20241117t004436-20241117t004550-00003_aeqd.nc,/scale/project/ifremer-isi-jumeaunumerique/SARGEO/prototype/v00r00/cyclobs/sh022025/IRWIN/rcm1-sclnd-owi-cm-20241117t004436-20241117t004550-00003-xxxxx_ll_gd_GEO-IRWIN.nc,0.0,train
431,BHEKI,sh022025,2024-11-15 00:27:35,rcm1-sclnd-owi-cm-20241115t002735-20241115t002851-00003-xxxxx_ll_gd_GEO-IRWIN.nc,exact_contains,0.0,30.675935887988185,31000.0,33,/scale/user/mtannaou/alternance/donnees_sar_aeqd_09_janvier/sh022025/rcm1-sclnd-owi-cm-20241115t002735-20241115t002851-00003_aeqd.nc,/scale/project/ifremer-isi-jumeaunumerique/SARGEO/prototype/v00r00/cyclobs/sh022025/IRWIN/rcm1-sclnd-owi-cm-20241115t002735-20241115t002851-00003-xxxxx_ll_gd_GEO-IRWIN.nc,0.0,train
432,BHEKI,sh022025,2024-11-18 00:52:53,rcm1-sclnc-owi-cm-20241118t005253-20241118t005408-00003-xxxxx_ll_gd_GEO-IRWIN.nc,exact_contains,0.0,46.01436296296296,33000.0,51,/scale/user/mtannaou/alternance/donnees_sar_aeqd_09_janvier/sh022025/rcm1-sclnc-owi-cm-20241118t005253-20241118t005408-00003_aeqd.nc,/scale/project/ifremer-isi-jumeaunumerique/SARGEO/prototype/v00r00/cyclobs/sh022025/IRWIN/rcm1-sclnc-owi-cm-20241118t005253-20241118t005408-00003-xxxxx_ll_gd_GEO-IRWIN.nc,0.0,test
433,BHEKI,sh022025,2024-11-14 13:21:25,rcm2-sclnb-owi-cm-20241114t132125-20241114t132241-00003-xxxxx_ll_gd_GEO-IRWIN.nc,exact_contains,0.0,29.22251723476369,15000.0,22,/scale/user/mtannaou/alternance/donnees_sar_aeqd_09_janvier/sh022025/rcm2-sclnb-owi-cm-20241114t132125-20241114t132241-00003_aeqd.nc,/scale/project/ifremer-isi-jumeaunumerique/SARGEO/prototype/v00r00/cyclobs/sh022025/IRWIN/rcm2-sclnb-owi-cm-20241114t132125-20241114t132241-00003-xxxxx_ll_gd_GEO-IRWIN.nc,0.0865519439133205,val
434,BHEKI,sh022025,2024-11-19 13:59:42,rcm2-sclna-owi-cm-20241119t135942-20241119t140059-00003-xxxxx_ll_gd_GEO-IRWIN.nc,exact_contains,0.0,48.39510740740741,37000.0,33,/scale/user/mtannaou/alternance/donnees_sar_aeqd_09_janvier/sh022025/rcm2-sclna-owi-cm-20241119t135942-20241119t140059-00003_aeqd.nc,/scale/project/ifremer-isi-jumeaunumerique/SARGEO/prototype/v00r00/cyclobs/sh022025/IRWIN/rcm2-sclna-owi-cm-20241119t135942-20241119t140059-00003-xxxxx_ll_gd_GEO-IRWIN.nc,0.0,train
435,BHEKI,sh022025,2024-11-18 13:51:54,rcm2-sclnb-owi-cm-20241118t135154-20241118t135311-00003-xxxxx_ll_gd_GEO-IRWIN.nc,exact_contains,0.0,53.00693333333333,26000.0,42,/scale/user/mtannaou/alternance/donnees_sar_aeqd_09_janvier/sh022025/rcm2-sclnb-owi-cm-20241118t135154-20241118t135311-00003_aeqd.nc,/scale/project/ifremer-isi-jumeaunumerique/SARGEO/prototype/v00r00/cyclobs/sh022025/IRWIN/rcm2-sclnb-owi-cm-20241118t135154-20241118t135311-00003-xxxxx_ll_gd_GEO-IRWIN.nc,0.0,test
436,EWINIAR,wp012024,2024-05-29 20:55:41,rcm1-sc50mc-owi-cm-20240529t205541-20240529t205657-00003-______ll_gd_GEO-IRWIN.nc,exact_contains,1.4,31.00468866084801,30000.0,28,/scale/user/mtannaou/alternance/donnees_sar_aeqd_09_janvier/wp012024/rcm1-sc50mc-owi-cm-20240529t205541-20240529t205657-00003_aeqd.nc,/scale/project/ifremer-isi-jumeaunumerique/SARGEO/prototype/v00r00/cyclobs/wp012024/IRWIN/rcm1-sc50mc-owi-cm-20240529t205541-20240529t205657-00003-______ll_gd_GEO-IRWIN.nc,0.0,train
437,EWINIAR,wp012024,2024-05-28 21:21:11,rcm3-sc50ma-owi-cm-20240528t212111-20240528t212226-00003-______ll_gd_GEO-IRWIN.nc,exact_contains,0.0,41.71496296296259,24000.0,37,/scale/user/mtannaou/alternance/donnees_sar_aeqd_09_janvier/wp012024/rcm3-sc50ma-owi-cm-20240528t212111-20240528t212226-00003_aeqd.nc,/scale/project/ifremer-isi-jumeaunumerique/SARGEO/prototype/v00r00/cyclobs/wp012024/IRWIN/rcm3-sc50ma-owi-cm-20240528t212111-20240528t212226-00003-______ll_gd_GEO-IRWIN.nc,0.0,val
438,EWINIAR,wp012024,2024-05-28 09:28:56,rcm3-sc50ma-owi-cm-20240528t092856-20240528t093011-00003-______ll_gd_GEO-IRWIN.nc,exact_contains,0.0,38.83096296287668,34000.0,39,/scale/user/mtannaou/alternance/donnees_sar_aeqd_09_janvier/wp012024/rcm3-sc50ma-owi-cm-20240528t092856-20240528t093011-00003_aeqd.nc,/scale/project/ifremer-isi-jumeaunumerique/SARGEO/prototype/v00r00/cyclobs/wp012024/IRWIN/rcm3-sc50ma-owi-cm-20240528t092856-20240528t093011-00003-______ll_gd_GEO-IRWIN.nc,0.0490758444869343,train
439,EWINIAR,wp012024,2024-05-27 09:51:44,rcm2-sc50ma-owi-cm-20240527t095144-20240527t095259-00003-______ll_gd_GEO-IRWIN.nc,exact_contains,1.4,40.24898518509546,14000.0,46,/scale/user/mtannaou/alternance/donnees_sar_aeqd_09_janvier/wp012024/rcm2-sc50ma-owi-cm-20240527t095144-20240527t095259-00003_aeqd.nc,/scale/project/ifremer-isi-jumeaunumerique/SARGEO/prototype/v00r00/cyclobs/wp012024/IRWIN/rcm2-sc50ma-owi-cm-20240527t095144-20240527t095259-00003-______ll_gd_GEO-IRWIN.nc,0.0,train
440,EWINIAR,wp012024,2024-05-30 08:42:58,rcm2-sc50ma-owi-cm-20240530t084258-20240530t084415-00003-______ll_gd_GEO-IRWIN.nc,exact_contains,2.7,19.55238611024821,25000.0,25,/scale/user/mtannaou/alternance/donnees_sar_aeqd_09_janvier/wp012024/rcm2-sc50ma-owi-cm-20240530t084258-20240530t084415-00003_aeqd.nc,/scale/project/ifremer-isi-jumeaunumerique/SARGEO/prototype/v00r00/cyclobs/wp012024/IRWIN/rcm2-sc50ma-owi-cm-20240530t084258-20240530t084415-00003-______ll_gd_GEO-IRWIN.nc,0.8424474187380497,nan
441,EWINIAR,wp012024,2024-05-26 21:38:55,rcm2-sc50mb-owi-cm-20240526t213855-20240526t214011-00003-______ll_gd_GEO-IRWIN.nc,exact_contains,0.0,40.169270370357445,11000.0,45,/scale/user/mtannaou/alternance/donnees_sar_aeqd_09_janvier/wp012024/rcm2-sc50mb-owi-cm-20240526t213855-20240526t214011-00003_aeqd.nc,/scale/project/ifremer-isi-jumeaunumerique/SARGEO/prototype/v00r00/cyclobs/wp012024/IRWIN/rcm2-sc50mb-owi-cm-20240526t213855-20240526t214011-00003-______ll_gd_GEO-IRWIN.nc,0.0460165710643722,val
442,EWINIAR,wp012024,2024-05-29 09:05:34,rcm1-sc50ma-owi-cm-20240529t090534-20240529t090650-00003-______ll_gd_GEO-IRWIN.nc,exact_contains,1.7999999999999998,39.54371851851505,34000.0,30,/scale/user/mtannaou/alternance/donnees_sar_aeqd_09_janvier/wp012024/rcm1-sc50ma-owi-cm-20240529t090534-20240529t090650-00003_aeqd.nc,/scale/project/ifremer-isi-jumeaunumerique/SARGEO/prototype/v00r00/cyclobs/wp012024/IRWIN/rcm1-sc50ma-owi-cm-20240529t090534-20240529t090650-00003-______ll_gd_GEO-IRWIN.nc,0.1227533460803059,train
443,DELTA,al262020,2020-10-05 23:32:19,s1a-iw-owi-cm-20201005t233309-20201005t233449-000003-0409B0_ll_gd_GEO-IRWIN.nc,fuzzy_sat_time,2.45,23.926816666666664,36000.0,33,/scale/user/mtannaou/alternance/donnees_sar_aeqd_09_janvier/al262020/s1a-iw-owi-cm-20201005t233219-20201005t233514-000003-_aeqd.nc,/scale/project/ifremer-isi-jumeaunumerique/SARGEO/prototype/v00r00/cyclobs/al262020/IRWIN/s1a-iw-owi-cm-20201005t233309-20201005t233449-000003-0409B0_ll_gd_GEO-IRWIN.nc,0.547100063734863,nan
444,DELTA,al262020,2020-10-08 00:07:02,s1b-iw-owi-cm-20201008t000702-20201008t000846-000003-02D0FE_ll_gd_GEO-IRWIN.nc,fuzzy_sat_time,0.9,42.70349259259259,27000.0,41,/scale/user/mtannaou/alternance/donnees_sar_aeqd_09_janvier/al262020/s1b-iw-owi-cm-20201008t000702-20201008t000911-000003-_aeqd.nc,/scale/project/ifremer-isi-jumeaunumerique/SARGEO/prototype/v00r00/cyclobs/al262020/IRWIN/s1b-iw-owi-cm-20201008t000702-20201008t000846-000003-02D0FE_ll_gd_GEO-IRWIN.nc,0.0142766093052899,test
445,DELTA,al262020,2020-10-09 12:06:43,s1a-iw-owi-cm-20201009t120643-20201009t120826-000003-040B68_ll_gd_GEO-IRWIN.nc,exact_contains,3.3,44.785688888888885,12000.0,54,/scale/user/mtannaou/alternance/donnees_sar_aeqd_09_janvier/al262020/s1a-iw-owi-cm-20201009t120643-20201009t120826-000003-_aeqd.nc,/scale/project/ifremer-isi-jumeaunumerique/SARGEO/prototype/v00r00/cyclobs/al262020/IRWIN/s1a-iw-owi-cm-20201009t120643-20201009t120826-000003-040B68_ll_gd_GEO-IRWIN.nc,0.6349267049075844,nan
446,DELTA,al262020,2020-10-08 11:50:43,rs2-scwa-owi-cm-20201008t115043-20201008t115306-00003-______ll_gd_GEO-IRWIN.nc,exact_contains,3.05,36.36691111111111,8000.0,44,/scale/user/mtannaou/alternance/donnees_sar_aeqd_09_janvier/al262020/rs2-scwa-owi-cm-20201008t115043-20201008t115306-00003_aeqd.nc,/scale/project/ifremer-isi-jumeaunumerique/SARGEO/prototype/v00r00/cyclobs/al262020/IRWIN/rs2-scwa-owi-cm-20201008t115043-20201008t115306-00003-______ll_gd_GEO-IRWIN.nc,0.781389420012747,nan
447,NESTOR,al162019,2019-10-18 00:24:29,s1a-iw-owi-cm-20191018t002429-20191018t002544-000003-035B80_ll_gd_GEO-IRWIN.nc,exact_contains,4.2,13.771122222222225,324000.0,18,/scale/user/mtannaou/alternance/donnees_sar_aeqd_09_janvier/al162019/s1a-iw-owi-cm-20191018t002429-20191018t002544-000003-_aeqd.nc,/scale/project/ifremer-isi-jumeaunumerique/SARGEO/prototype/v00r00/cyclobs/al162019/IRWIN/s1a-iw-owi-cm-20191018t002429-20191018t002544-000003-035B80_ll_gd_GEO-IRWIN.nc,0.0063734862970044,nan
448,MILTON,al142024,2024-10-09 11:25:21,rcm1-sclnd-owi-cm-20241009t112521-20241009t112639-00003-______ll_gd_GEO-IRWIN.nc,exact_contains,0.0,61.46952222222222,15000.0,70,/scale/user/mtannaou/alternance/donnees_sar_aeqd_09_janvier/al142024/rcm1-sclnd-owi-cm-20241009t112521-20241009t112639-00003_aeqd.nc,/scale/project/ifremer-isi-jumeaunumerique/SARGEO/prototype/v00r00/cyclobs/al142024/IRWIN/rcm1-sclnd-owi-cm-20241009t112521-20241009t112639-00003-______ll_gd_GEO-IRWIN.nc,0.0419375398342893,val
449,MILTON,al142024,2024-10-07 12:14:10,rcm2-sclna-owi-cm-20241007t121410-20241007t121526-00003-______ll_gd_GEO-IRWIN.nc,exact_contains,3.3,39.28398518518517,10000.0,62,/scale/user/mtannaou/alternance/donnees_sar_aeqd_09_janvier/al142024/rcm2-sclna-owi-cm-20241007t121410-20241007t121526-00003_aeqd.nc,/scale/project/ifremer-isi-jumeaunumerique/SARGEO/prototype/v00r00/cyclobs/al142024/IRWIN/rcm2-sclna-owi-cm-20241007t121410-20241007t121526-00003-______ll_gd_GEO-IRWIN.nc,0.6202676864244742,nan
450,MILTON,al142024,2024-10-09 00:06:24,rcm3-sclnd-owi-cm-20241009t000624-20241009t000741-00003-______ll_gd_GEO-IRWIN.nc,exact_contains,2.65,58.84787407407407,44000.0,72,/scale/user/mtannaou/alternance/donnees_sar_aeqd_09_janvier/al142024/rcm3-sclnd-owi-cm-20241009t000624-20241009t000741-00003_aeqd.nc,/scale/project/ifremer-isi-jumeaunumerique/SARGEO/prototype/v00r00/cyclobs/al142024/IRWIN/rcm3-sclnd-owi-cm-20241009t000624-20241009t000741-00003-______ll_gd_GEO-IRWIN.nc,0.5588272785213512,nan
451,MILTON,al142024,2024-10-07 23:58:27,rcm3-sclna-owi-cm-20241007t235827-20241007t235944-00003-______ll_gd_GEO-IRWIN.nc,exact_contains,0.0,63.44783703703703,7000.0,75,/scale/user/mtannaou/alternance/donnees_sar_aeqd_09_janvier/al142024/rcm3-sclna-owi-cm-20241007t235827-20241007t235944-00003_aeqd.nc,/scale/project/ifremer-isi-jumeaunumerique/SARGEO/prototype/v00r00/cyclobs/al142024/IRWIN/rcm3-sclna-owi-cm-20241007t235827-20241007t235944-00003-______ll_gd_GEO-IRWIN.nc,0.4063734862970045,train
452,MILTON,al142024,2024-10-06 12:06:23,rcm2-sclnd-owi-cm-20241006t120623-20241006t120739-00003-______ll_gd_GEO-IRWIN.nc,exact_contains,0.0,28.99952235621033,27000.0,28,/scale/user/mtannaou/alternance/donnees_sar_aeqd_09_janvier/al142024/rcm2-sclnd-owi-cm-20241006t120623-20241006t120739-00003_aeqd.nc,/scale/project/ifremer-isi-jumeaunumerique/SARGEO/prototype/v00r00/cyclobs/al142024/IRWIN/rcm2-sclnd-owi-cm-20241006t120623-20241006t120739-00003-______ll_gd_GEO-IRWIN.nc,0.0,train
453,MILTON,al142024,2024-10-08 11:50:37,rcm3-sclnb-owi-cm-20241008t115037-20241008t115138-00003-______ll_gd_GEO-IRWIN.nc,exact_contains,0.6,66.39223703703703,12000.0,64,/scale/user/mtannaou/alternance/donnees_sar_aeqd_09_janvier/al142024/rcm3-sclnb-owi-cm-20241008t115037-20241008t115138-00003_aeqd.nc,/scale/project/ifremer-isi-jumeaunumerique/SARGEO/prototype/v00r00/cyclobs/al142024/IRWIN/rcm3-sclnb-owi-cm-20241008t115037-20241008t115138-00003-______ll_gd_GEO-IRWIN.nc,0.0135117909496494,test
454,MILTON,al142024,2024-10-07 00:22:03,rcm2-sclnd-owi-cm-20241007t002203-20241007t002321-00003-______ll_gd_GEO-IRWIN.nc,exact_contains,0.0,39.12206666649679,17000.0,39,/scale/user/mtannaou/alternance/donnees_sar_aeqd_09_janvier/al142024/rcm2-sclnd-owi-cm-20241007t002203-20241007t002321-00003_aeqd.nc,/scale/project/ifremer-isi-jumeaunumerique/SARGEO/prototype/v00r00/cyclobs/al142024/IRWIN/rcm2-sclnd-owi-cm-20241007t002203-20241007t002321-00003-______ll_gd_GEO-IRWIN.nc,0.0309751434034416,train
455,MILTON,al142024,2024-10-09 23:42:35,rcm1-sclnd-owi-cm-20241009t234235-20241009t234415-00003-______ll_gd_GEO-IRWIN.nc,exact_contains,2.8,49.88945925925926,38000.0,52,/scale/user/mtannaou/alternance/donnees_sar_aeqd_09_janvier/al142024/rcm1-sclnd-owi-cm-20241009t234235-20241009t234415-00003_aeqd.nc,/scale/project/ifremer-isi-jumeaunumerique/SARGEO/prototype/v00r00/cyclobs/al142024/IRWIN/rcm1-sclnd-owi-cm-20241009t234235-20241009t234415-00003-______ll_gd_GEO-IRWIN.nc,0.3847036328871893,train
456,GENIEVE,ep122020,2020-08-20 13:13:30,s1b-ew-owi-cm-20200820t131330-20200820t131534-000003-02BAD1_ll_gd_GEO-IRWIN.nc,exact_contains,3.35,28.490888006560724,31000.0,33,/scale/user/mtannaou/alternance/donnees_sar_aeqd_09_janvier/ep122020/s1b-ew-owi-cm-20200820t131330-20200820t131534-000003-_aeqd.nc,/scale/project/ifremer-isi-jumeaunumerique/SARGEO/prototype/v00r00/cyclobs/ep122020/IRWIN/s1b-ew-owi-cm-20200820t131330-20200820t131534-000003-02BAD1_ll_gd_GEO-IRWIN.nc,0.6651370299553856,nan
457,GENIEVE,ep122020,2020-08-21 13:31:53,rs2-scwa-owi-cm-20200821t133153-20200821t133416-00003-______ll_gd_GEO-IRWIN.nc,exact_contains,0.6,20.391002539065926,69000.0,20,/scale/user/mtannaou/alternance/donnees_sar_aeqd_09_janvier/ep122020/rs2-scwa-owi-cm-20200821t133153-20200821t133416-00003_aeqd.nc,/scale/project/ifremer-isi-jumeaunumerique/SARGEO/prototype/v00r00/cyclobs/ep122020/IRWIN/rs2-scwa-owi-cm-20200821t133153-20200821t133416-00003-______ll_gd_GEO-IRWIN.nc,0.0,val
458,GIL,ep072025,2025-08-02 14:16:14,rcm1-sclnd-owi-cm-20250802t141614-20250802t141724-00003-xxxxx_ll_gd_GEO-IRWIN.nc,exact_contains,0.0,29.41202569928588,48000.0,32,/scale/user/mtannaou/alternance/donnees_sar_aeqd_09_janvier/ep072025no_env/rcm1-sclnd-owi-cm-20250802t141614-20250802t141724-00003_aeqd.nc,/scale/project/ifremer-isi-jumeaunumerique/SARGEO/prototype/v00r00/cyclobs/ep072025/IRWIN/rcm1-sclnd-owi-cm-20250802t141614-20250802t141724-00003-xxxxx_ll_gd_GEO-IRWIN.nc,0.1267049075844487,train
459,GIL,ep072025,2025-08-03 03:02:31,rcm3-sclnd-owi-cm-20250803t030231-20250803t030305-00003-xxxxx_ll_gd_GEO-IRWIN.nc,exact_contains,0.25,28.092082015395583,60000.0,27,/scale/user/mtannaou/alternance/donnees_sar_aeqd_09_janvier/ep072025no_env/rcm3-sclnd-owi-cm-20250803t030231-20250803t030305-00003_aeqd.nc,/scale/project/ifremer-isi-jumeaunumerique/SARGEO/prototype/v00r00/cyclobs/ep072025/IRWIN/rcm3-sclnd-owi-cm-20250803t030231-20250803t030305-00003-xxxxx_ll_gd_GEO-IRWIN.nc,0.3426386233269598,train
460,GIL,ep072025,2025-08-01 02:12:32,rcm1-sc50mc-owi-cm-20250801t021232-20250801t021342-00003-xxxxx_ll_gd_GEO-IRWIN.nc,exact_contains,2.5,24.806302765557103,58000.0,27,/scale/user/mtannaou/alternance/donnees_sar_aeqd_09_janvier/ep072025no_env/rcm1-sc50mc-owi-cm-20250801t021232-20250801t021342-00003_aeqd.nc,/scale/project/ifremer-isi-jumeaunumerique/SARGEO/prototype/v00r00/cyclobs/ep072025/IRWIN/rcm1-sc50mc-owi-cm-20250801t021232-20250801t021342-00003-xxxxx_ll_gd_GEO-IRWIN.nc,0.5256851497769279,nan
461,GIL,ep072025,2025-08-02 02:21:17,rcm1-sc50ma-owi-cm-20250802t022117-20250802t022227-00003-xxxxx_ll_gd_GEO-IRWIN.nc,exact_contains,0.0,29.35644498946929,46000.0,33,/scale/user/mtannaou/alternance/donnees_sar_aeqd_09_janvier/ep072025no_env/rcm1-sc50ma-owi-cm-20250802t022117-20250802t022227-00003_aeqd.nc,/scale/project/ifremer-isi-jumeaunumerique/SARGEO/prototype/v00r00/cyclobs/ep072025/IRWIN/rcm1-sc50ma-owi-cm-20250802t022117-20250802t022227-00003-xxxxx_ll_gd_GEO-IRWIN.nc,0.0433397068196303,val
462,RAE,sh192025,2025-02-27 05:30:47,s1a-ew-owi-cm-20250227t053047-20250227t053151-000003-072BE5_ll_gd_GEO-IRWIN.nc,exact_contains,0.6,34.26966291013554,77000.0,33,/scale/user/mtannaou/alternance/donnees_sar_aeqd_09_janvier/sh192025/s1a-ew-owi-cm-20250227t053047-20250227t053151-000003-_aeqd.nc,/scale/project/ifremer-isi-jumeaunumerique/SARGEO/prototype/v00r00/cyclobs/sh192025/IRWIN/s1a-ew-owi-cm-20250227t053047-20250227t053151-000003-072BE5_ll_gd_GEO-IRWIN.nc,0.3654557042702358,train
463,RAE,sh192025,2025-02-26 06:18:20,rcm2-sclnd-owi-cm-20250226t061820-20250226t061937-00003-xxxxx_ll_gd_GEO-IRWIN.nc,exact_contains,2.5,31.17886311483653,68000.0,28,/scale/user/mtannaou/alternance/donnees_sar_aeqd_09_janvier/sh192025/rcm2-sclnd-owi-cm-20250226t061820-20250226t061937-00003_aeqd.nc,/scale/project/ifremer-isi-jumeaunumerique/SARGEO/prototype/v00r00/cyclobs/sh192025/IRWIN/rcm2-sclnd-owi-cm-20250226t061820-20250226t061937-00003-xxxxx_ll_gd_GEO-IRWIN.nc,0.6778840025493945,nan
464,RAE,sh192025,2025-02-26 16:30:04,rcm3-sclnd-owi-cm-20250226t163004-20250226t163121-00003-xxxxx_ll_gd_GEO-IRWIN.nc,exact_contains,0.0,44.99111111111108,32000.0,28,/scale/user/mtannaou/alternance/donnees_sar_aeqd_09_janvier/sh192025/rcm3-sclnd-owi-cm-20250226t163004-20250226t163121-00003_aeqd.nc,/scale/project/ifremer-isi-jumeaunumerique/SARGEO/prototype/v00r00/cyclobs/sh192025/IRWIN/rcm3-sclnd-owi-cm-20250226t163004-20250226t163121-00003-xxxxx_ll_gd_GEO-IRWIN.nc,0.1467176545570427,train
465,BARBARA,ep022019,2019-07-04 02:32:28,s1b-ew-owi-cm-20190704t023228-20190704t023438-000003-01FF1E_ll_gd_GEO-IRWIN.nc,exact_contains,1.1,46.285555555555554,19000.0,57,/scale/user/mtannaou/alternance/donnees_sar_aeqd_09_janvier/ep022019/s1b-ew-owi-cm-20190704t023228-20190704t023438-000003-_aeqd.nc,/scale/project/ifremer-isi-jumeaunumerique/SARGEO/prototype/v00r00/cyclobs/ep022019/IRWIN/s1b-ew-owi-cm-20190704t023228-20190704t023438-000003-01FF1E_ll_gd_GEO-IRWIN.nc,0.521478648820905,nan
466,BARBARA,ep022019,2019-07-06 03:07:14,s1a-ew-owi-cm-20190706t030714-20190706t030900-000003-03292B_ll_gd_GEO-IRWIN.nc,exact_contains,2.7,23.818437037037043,85000.0,23,/scale/user/mtannaou/alternance/donnees_sar_aeqd_09_janvier/ep022019/s1a-ew-owi-cm-20190706t030714-20190706t030900-000003-_aeqd.nc,/scale/project/ifremer-isi-jumeaunumerique/SARGEO/prototype/v00r00/cyclobs/ep022019/IRWIN/s1a-ew-owi-cm-20190706t030714-20190706t030900-000003-03292B_ll_gd_GEO-IRWIN.nc,0.0,train
467,MAL,sh022024,2023-11-16 06:19:25,rcm2-sclna-owi-cm-20231116t061925-20231116t062041-00003-______ll_gd_GEO-IRWIN.nc,exact_contains,0.0,29.377066326974013,170000.0,23,/scale/user/mtannaou/alternance/donnees_sar_aeqd_09_janvier/sh022024/rcm2-sclna-owi-cm-20231116t061925-20231116t062041-00003_aeqd.nc,/scale/project/ifremer-isi-jumeaunumerique/SARGEO/prototype/v00r00/cyclobs/sh022024/IRWIN/rcm2-sclna-owi-cm-20231116t061925-20231116t062041-00003-______ll_gd_GEO-IRWIN.nc,0.0627151051625239,test
468,MAL,sh022024,2023-11-16 17:01:24,rcm2-sclnd-owi-cm-20231116t170124-20231116t170238-00003-______ll_gd_GEO-IRWIN.nc,exact_contains,1.6,25.678002993746013,142000.0,23,/scale/user/mtannaou/alternance/donnees_sar_aeqd_09_janvier/sh022024/rcm2-sclnd-owi-cm-20231116t170124-20231116t170238-00003_aeqd.nc,/scale/project/ifremer-isi-jumeaunumerique/SARGEO/prototype/v00r00/cyclobs/sh022024/IRWIN/rcm2-sclnd-owi-cm-20231116t170124-20231116t170238-00003-______ll_gd_GEO-IRWIN.nc,0.0,train
469,MAL,sh022024,2023-11-14 17:40:47,s1a-iw-owi-cm-20231114t174047-20231114t174139-000003-062D9A_ll_gd_GEO-IRWIN.nc,exact_contains,0.5,,,38,/scale/user/mtannaou/alternance/donnees_sar_aeqd_09_janvier/sh022024/s1a-iw-owi-cm-20231114t174047-20231114t174139-000003-_aeqd.nc,/scale/project/ifremer-isi-jumeaunumerique/SARGEO/prototype/v00r00/cyclobs/sh022024/IRWIN/s1a-iw-owi-cm-20231114t174047-20231114t174139-000003-062D9A_ll_gd_GEO-IRWIN.nc,0.6823454429572976,nan
470,MAL,sh022024,2023-11-14 17:47:32,rcm3-sc50ma-owi-cm-20231114t174732-20231114t174847-00003-______ll_gd_GEO-IRWIN.nc,exact_contains,0.0,37.60058988078108,42000.0,38,/scale/user/mtannaou/alternance/donnees_sar_aeqd_09_janvier/sh022024/rcm3-sc50ma-owi-cm-20231114t174732-20231114t174847-00003_aeqd.nc,/scale/project/ifremer-isi-jumeaunumerique/SARGEO/prototype/v00r00/cyclobs/sh022024/IRWIN/rcm3-sc50ma-owi-cm-20231114t174732-20231114t174847-00003-______ll_gd_GEO-IRWIN.nc,0.00012746972594,test
471,MAL,sh022024,2023-11-14 06:37:22,rcm1-sc50ma-owi-cm-20231114t063722-20231114t063839-00003-______ll_gd_GEO-IRWIN.nc,exact_contains,0.0,32.08169258975644,42000.0,34,/scale/user/mtannaou/alternance/donnees_sar_aeqd_09_janvier/sh022024/rcm1-sc50ma-owi-cm-20231114t063722-20231114t063839-00003_aeqd.nc,/scale/project/ifremer-isi-jumeaunumerique/SARGEO/prototype/v00r00/cyclobs/sh022024/IRWIN/rcm1-sc50ma-owi-cm-20231114t063722-20231114t063839-00003-______ll_gd_GEO-IRWIN.nc,0.1824091778202677,train
472,al082024,al082024,2024-09-16 10:59:33,rcm2-sclnd-owi-cm-20240916t105933-20240916t110050-00003-______ll_gd_GEO-IRWIN.nc,exact_contains,5.45,19.80496628529464,92000.0,23,/scale/user/mtannaou/alternance/donnees_sar_aeqd_09_janvier/al082024/rcm2-sclnd-owi-cm-20240916t105933-20240916t110050-00003_aeqd.nc,/scale/project/ifremer-isi-jumeaunumerique/SARGEO/prototype/v00r00/cyclobs/al082024/IRWIN/rcm2-sclnd-owi-cm-20240916t105933-20240916t110050-00003-______ll_gd_GEO-IRWIN.nc,0.375653282345443,train
473,GABRIELLE,al072025,2025-09-21 21:59:10,rcm1-sc50ma-owi-cm-20250921t215910-20250921t220020-00003-xxxxx_ll_gd_GEO-IRWIN.nc,exact_contains,0.5,36.6543259258542,23000.0,35,/scale/user/mtannaou/alternance/donnees_sar_aeqd_09_janvier/al072025no_env/rcm1-sc50ma-owi-cm-20250921t215910-20250921t220020-00003_aeqd.nc,/scale/project/ifremer-isi-jumeaunumerique/SARGEO/prototype/v00r00/cyclobs/al072025/IRWIN/rcm1-sc50ma-owi-cm-20250921t215910-20250921t220020-00003-xxxxx_ll_gd_GEO-IRWIN.nc,0.4613129381771829,test
474,GABRIELLE,al072025,2025-09-19 21:41:26,rcm1-sclna-owi-cm-20250919t214126-20250919t214235-00003-xxxxx_ll_gd_GEO-IRWIN.nc,exact_contains,2.9,25.359622217270733,41000.0,23,/scale/user/mtannaou/alternance/donnees_sar_aeqd_09_janvier/al072025no_env/rcm1-sclna-owi-cm-20250919t214126-20250919t214235-00003_aeqd.nc,/scale/project/ifremer-isi-jumeaunumerique/SARGEO/prototype/v00r00/cyclobs/al072025/IRWIN/rcm1-sclna-owi-cm-20250919t214126-20250919t214235-00003-xxxxx_ll_gd_GEO-IRWIN.nc,0.5441682600382409,nan
475,GABRIELLE,al072025,2025-09-18 21:32:32,rcm1-sclnd-owi-cm-20250918t213232-20250918t213341-00003-xxxxx_ll_gd_GEO-IRWIN.nc,exact_contains,2.8,24.810902811297325,9000.0,23,/scale/user/mtannaou/alternance/donnees_sar_aeqd_09_janvier/al072025no_env/rcm1-sclnd-owi-cm-20250918t213232-20250918t213341-00003_aeqd.nc,/scale/project/ifremer-isi-jumeaunumerique/SARGEO/prototype/v00r00/cyclobs/al072025/IRWIN/rcm1-sclnd-owi-cm-20250918t213232-20250918t213341-00003-xxxxx_ll_gd_GEO-IRWIN.nc,0.9982154238368388,nan
476,GABRIELLE,al072025,2025-09-25 08:33:29,rcm1-sclnd-owi-cm-20250925t083329-20250925t083439-00003-xxxxx_ll_gd_GEO-IRWIN.nc,exact_contains,1.7,42.3561105982937,25000.0,36,/scale/user/mtannaou/alternance/donnees_sar_aeqd_09_janvier/al072025no_env/rcm1-sclnd-owi-cm-20250925t083329-20250925t083439-00003_aeqd.nc,/scale/project/ifremer-isi-jumeaunumerique/SARGEO/prototype/v00r00/cyclobs/al072025/IRWIN/rcm1-sclnd-owi-cm-20250925t083329-20250925t083439-00003-xxxxx_ll_gd_GEO-IRWIN.nc,0.0706182281708094,train
477,GABRIELLE,al072025,2025-09-20 22:04:47,s1c-ew-owi-cm-20250920t220447-20250920t220550-000003-0085CC_ll_gd_GEO-IRWIN.nc,exact_contains,1.35,19.79729171128337,31000.0,28,/scale/user/mtannaou/alternance/donnees_sar_aeqd_09_janvier/al072025no_env/s1c-ew-owi-cm-20250920t220447-20250920t220550-000003-_aeqd.nc,/scale/project/ifremer-isi-jumeaunumerique/SARGEO/prototype/v00r00/cyclobs/al072025/IRWIN/s1c-ew-owi-cm-20250920t220447-20250920t220550-000003-0085CC_ll_gd_GEO-IRWIN.nc,0.5029955385595921,nan
478,GABRIELLE,al072025,2025-09-24 09:30:13,rcm2-sc50mb-owi-cm-20250924t093013-20250924t093131-00003-xxxxx_ll_gd_GEO-IRWIN.nc,exact_contains,0.0,55.9503925925926,31000.0,50,/scale/user/mtannaou/alternance/donnees_sar_aeqd_09_janvier/al072025no_env/rcm2-sc50mb-owi-cm-20250924t093013-20250924t093131-00003_aeqd.nc,/scale/project/ifremer-isi-jumeaunumerique/SARGEO/prototype/v00r00/cyclobs/al072025/IRWIN/rcm2-sc50mb-owi-cm-20250924t093013-20250924t093131-00003-xxxxx_ll_gd_GEO-IRWIN.nc,0.0,train
479,GABRIELLE,al072025,2025-09-21 10:12:34,rcm3-sc50ma-owi-cm-20250921t101234-20250921t101343-00003-xxxxx_ll_gd_GEO-IRWIN.nc,exact_contains,3.0,20.117565465059787,18000.0,30,/scale/user/mtannaou/alternance/donnees_sar_aeqd_09_janvier/al072025no_env/rcm3-sc50ma-owi-cm-20250921t101234-20250921t101343-00003_aeqd.nc,/scale/project/ifremer-isi-jumeaunumerique/SARGEO/prototype/v00r00/cyclobs/al072025/IRWIN/rcm3-sc50ma-owi-cm-20250921t101234-20250921t101343-00003-xxxxx_ll_gd_GEO-IRWIN.nc,0.8442319949012109,nan
480,GABRIELLE,al072025,2025-09-19 09:25:29,rcm1-sclnd-owi-cm-20250919t092529-20250919t092639-00003-xxxxx_ll_gd_GEO-IRWIN.nc,exact_contains,1.0,23.37249178195708,221000.0,23,/scale/user/mtannaou/alternance/donnees_sar_aeqd_09_janvier/al072025no_env/rcm1-sclnd-owi-cm-20250919t092529-20250919t092639-00003_aeqd.nc,/scale/project/ifremer-isi-jumeaunumerique/SARGEO/prototype/v00r00/cyclobs/al072025/IRWIN/rcm1-sclnd-owi-cm-20250919t092529-20250919t092639-00003-xxxxx_ll_gd_GEO-IRWIN.nc,0.0,nan
481,GABRIELLE,al072025,2025-09-26 07:47:54,s1a-iw-owi-cm-20250926t074754-20250926t075003-000003-079FF0_ll_gd_GEO-IRWIN.nc,exact_contains,1.5,36.99933333333333,54000.0,28,/scale/user/mtannaou/alternance/donnees_sar_aeqd_09_janvier/al072025no_env/s1a-iw-owi-cm-20250926t074754-20250926t075003-000003-_aeqd.nc,/scale/project/ifremer-isi-jumeaunumerique/SARGEO/prototype/v00r00/cyclobs/al072025/IRWIN/s1a-iw-owi-cm-20250926t074754-20250926t075003-000003-079FF0_ll_gd_GEO-IRWIN.nc,0.0488209050350541,test
482,GABRIELLE,al072025,2025-09-22 10:02:30,s1a-ew-owi-cm-20250922t100230-20250922t100333-000003-079DA5_ll_gd_GEO-IRWIN.nc,exact_contains,2.75,33.49175919584754,30000.0,48,/scale/user/mtannaou/alternance/donnees_sar_aeqd_09_janvier/al072025no_env/s1a-ew-owi-cm-20250922t100230-20250922t100333-000003-_aeqd.nc,/scale/project/ifremer-isi-jumeaunumerique/SARGEO/prototype/v00r00/cyclobs/al072025/IRWIN/s1a-ew-owi-cm-20250922t100230-20250922t100333-000003-079DA5_ll_gd_GEO-IRWIN.nc,0.8492033142128744,nan
483,GABRIELLE,al072025,2025-09-17 08:39:37,rcm2-sclnc-owi-cm-20250917t083937-20250917t084049-00003-xxxxx_ll_gd_GEO-IRWIN.nc,exact_contains,2.8,20.693969683724013,28000.0,22,/scale/user/mtannaou/alternance/donnees_sar_aeqd_09_janvier/al072025no_env/rcm2-sclnc-owi-cm-20250917t083937-20250917t084049-00003_aeqd.nc,/scale/project/ifremer-isi-jumeaunumerique/SARGEO/prototype/v00r00/cyclobs/al072025/IRWIN/rcm2-sclnc-owi-cm-20250917t083937-20250917t084049-00003-xxxxx_ll_gd_GEO-IRWIN.nc,1.0,nan
484,GABRIELLE,al072025,2025-09-23 09:52:47,s1c-ew-owi-cm-20250923t095247-20250923t095351-000003-0086E7_ll_gd_GEO-IRWIN.nc,exact_contains,1.2,52.52591851851852,20000.0,62,/scale/user/mtannaou/alternance/donnees_sar_aeqd_09_janvier/al072025no_env/s1c-ew-owi-cm-20250923t095247-20250923t095351-000003-_aeqd.nc,/scale/project/ifremer-isi-jumeaunumerique/SARGEO/prototype/v00r00/cyclobs/al072025/IRWIN/s1c-ew-owi-cm-20250923t095247-20250923t095351-000003-0086E7_ll_gd_GEO-IRWIN.nc,0.4513702995538559,val
485,GABRIELLE,al072025,2025-09-25 20:24:46,rcm2-sclnd-owi-cm-20250925t202446-20250925t202556-00003-xxxxx_ll_gd_GEO-IRWIN.nc,exact_contains,1.55,21.45244479872825,47000.0,30,/scale/user/mtannaou/alternance/donnees_sar_aeqd_09_janvier/al072025no_env/rcm2-sclnd-owi-cm-20250925t202446-20250925t202556-00003_aeqd.nc,/scale/project/ifremer-isi-jumeaunumerique/SARGEO/prototype/v00r00/cyclobs/al072025/IRWIN/rcm2-sclnd-owi-cm-20250925t202446-20250925t202556-00003-xxxxx_ll_gd_GEO-IRWIN.nc,0.7485022307202039,nan
486,GABRIELLE,al072025,2025-09-23 21:44:36,rcm2-sc50mb-owi-cm-20250923t214436-20250923t214546-00003-xxxxx_ll_gd_GEO-IRWIN.nc,exact_contains,0.0,51.32960370370371,22000.0,58,/scale/user/mtannaou/alternance/donnees_sar_aeqd_09_janvier/al072025no_env/rcm2-sc50mb-owi-cm-20250923t214436-20250923t214546-00003_aeqd.nc,/scale/project/ifremer-isi-jumeaunumerique/SARGEO/prototype/v00r00/cyclobs/al072025/IRWIN/rcm2-sc50mb-owi-cm-20250923t214436-20250923t214546-00003-xxxxx_ll_gd_GEO-IRWIN.nc,0.0,val
487,sh162025,sh162025,2025-02-13 07:16:07,rcm3-sclna-owi-cm-20250213t071607-20250213t071725-00003-xxxxx_ll_gd_GEO-IRWIN.nc,exact_contains,2.45,15.139712263863908,62000.0,18,/scale/user/mtannaou/alternance/donnees_sar_aeqd_09_janvier/sh162025/rcm3-sclna-owi-cm-20250213t071607-20250213t071725-00003_aeqd.nc,/scale/project/ifremer-isi-jumeaunumerique/SARGEO/prototype/v00r00/cyclobs/sh162025/IRWIN/rcm3-sclna-owi-cm-20250213t071607-20250213t071725-00003-xxxxx_ll_gd_GEO-IRWIN.nc,1.0,nan
488,sh162025,sh162025,2025-02-12 18:20:54,rcm2-sclna-owi-cm-20250212t182054-20250212t182210-00003-xxxxx_ll_gd_GEO-IRWIN.nc,exact_contains,0.75,20.687617225413888,79000.0,18,/scale/user/mtannaou/alternance/donnees_sar_aeqd_09_janvier/sh162025/rcm2-sclna-owi-cm-20250212t182054-20250212t182210-00003_aeqd.nc,/scale/project/ifremer-isi-jumeaunumerique/SARGEO/prototype/v00r00/cyclobs/sh162025/IRWIN/rcm2-sclna-owi-cm-20250212t182054-20250212t182210-00003-xxxxx_ll_gd_GEO-IRWIN.nc,0.6429572976418101,nan
489,sh162025,sh162025,2025-02-12 07:39:48,rcm2-sclnd-owi-cm-20250212t073948-20250212t074104-00003-xxxxx_ll_gd_GEO-IRWIN.nc,exact_contains,3.4,16.46999906883513,128000.0,21,/scale/user/mtannaou/alternance/donnees_sar_aeqd_09_janvier/sh162025/rcm2-sclnd-owi-cm-20250212t073948-20250212t074104-00003_aeqd.nc,/scale/project/ifremer-isi-jumeaunumerique/SARGEO/prototype/v00r00/cyclobs/sh162025/IRWIN/rcm2-sclnd-owi-cm-20250212t073948-20250212t074104-00003-xxxxx_ll_gd_GEO-IRWIN.nc,1.0,nan
490,DANNY,al042021,2021-06-28 23:21:29,s1a-iw-owi-cm-20210628t232129-20210628t232244-000003-048C7A_ll_gd_GEO-IRWIN.nc,exact_contains,5.6,17.225791666666666,41000.0,18,/scale/user/mtannaou/alternance/donnees_sar_aeqd_09_janvier/al042021/s1a-iw-owi-cm-20210628t232129-20210628t232244-000003-_aeqd.nc,/scale/project/ifremer-isi-jumeaunumerique/SARGEO/prototype/v00r00/cyclobs/al042021/IRWIN/s1a-iw-owi-cm-20210628t232129-20210628t232244-000003-048C7A_ll_gd_GEO-IRWIN.nc,0.550031867431485,nan
491,DANIELLE,al052022,2022-09-06 20:30:52,s1a-ew-owi-cm-20220906t203052-20220906t203311-000003-055C9D_ll_gd_GEO-IRWIN.nc,exact_contains,0.0,38.22214814814815,104000.0,33,/scale/user/mtannaou/alternance/donnees_sar_aeqd_09_janvier/al052022/s1a-ew-owi-cm-20220906t203052-20220906t203311-000003-_aeqd.nc,/scale/project/ifremer-isi-jumeaunumerique/SARGEO/prototype/v00r00/cyclobs/al052022/IRWIN/s1a-ew-owi-cm-20220906t203052-20220906t203311-000003-055C9D_ll_gd_GEO-IRWIN.nc,0.0,train
492,DANIELLE,al052022,2022-09-13 18:44:40,s1a-iw-owi-cm-20220913t184440-20220913t184557-000003-056002_ll_gd_GEO-IRWIN.nc,exact_contains,0.75,18.97045185185185,30000.0,18,/scale/user/mtannaou/alternance/donnees_sar_aeqd_09_janvier/al052022/s1a-iw-owi-cm-20220913t184440-20220913t184557-000003-_aeqd.nc,/scale/project/ifremer-isi-jumeaunumerique/SARGEO/prototype/v00r00/cyclobs/al052022/IRWIN/s1a-iw-owi-cm-20220913t184440-20220913t184557-000003-056002_ll_gd_GEO-IRWIN.nc,0.4205226258763543,train
493,DANIELLE,al052022,2022-09-06 20:34:09,rcm2-sc50ma-owi-cm-20220906t203409-20220906t203749-00003-______ll_gd_GEO-IRWIN.nc,exact_contains,0.0,36.52986296251714,92000.0,33,/scale/user/mtannaou/alternance/donnees_sar_aeqd_09_janvier/al052022/rcm2-sc50ma-owi-cm-20220906t203409-20220906t203749-00003_aeqd.nc,/scale/project/ifremer-isi-jumeaunumerique/SARGEO/prototype/v00r00/cyclobs/al052022/IRWIN/rcm2-sc50ma-owi-cm-20220906t203409-20220906t203749-00003-______ll_gd_GEO-IRWIN.nc,0.0,test
494,NADINE,al152024,2024-10-19 11:43:46,rcm3-sclnb-owi-cm-20241019t114346-20241019t114502-00003-______ll_gd_GEO-IRWIN.nc,exact_contains,6.1,,,23,/scale/user/mtannaou/alternance/donnees_sar_aeqd_09_janvier/al152024/rcm3-sclnb-owi-cm-20241019t114346-20241019t114502-00003_aeqd.nc,/scale/project/ifremer-isi-jumeaunumerique/SARGEO/prototype/v00r00/cyclobs/al152024/IRWIN/rcm3-sclnb-owi-cm-20241019t114346-20241019t114502-00003-______ll_gd_GEO-IRWIN.nc,0.124410452517527,nan
495,CINDY,al042023,2023-06-25 09:50:38,rcm3-sclna-owi-cm-20230625t095038-20230625t095155-00003-______ll_gd_GEO-IRWIN.nc,exact_contains,3.0,26.75892211466284,109000.0,22,/scale/user/mtannaou/alternance/donnees_sar_aeqd_09_janvier/al042023/rcm3-sclna-owi-cm-20230625t095038-20230625t095155-00003_aeqd.nc,/scale/project/ifremer-isi-jumeaunumerique/SARGEO/prototype/v00r00/cyclobs/al042023/IRWIN/rcm3-sclna-owi-cm-20230625t095038-20230625t095155-00003-______ll_gd_GEO-IRWIN.nc,0.320076481835564,train
496,CINDY,al042023,2023-06-24 21:55:39,rcm3-sclnd-owi-cm-20230624t215539-20230624t215655-00003-______ll_gd_GEO-IRWIN.nc,exact_contains,3.0,28.9855575489741,45000.0,26,/scale/user/mtannaou/alternance/donnees_sar_aeqd_09_janvier/al042023/rcm3-sclnd-owi-cm-20230624t215539-20230624t215655-00003_aeqd.nc,/scale/project/ifremer-isi-jumeaunumerique/SARGEO/prototype/v00r00/cyclobs/al042023/IRWIN/rcm3-sclnd-owi-cm-20230624t215539-20230624t215655-00003-______ll_gd_GEO-IRWIN.nc,0.0075207138304652,train
497,CINDY,al042023,2023-06-25 22:04:40,rcm3-sclnb-owi-cm-20230625t220440-20230625t220554-00003-______ll_gd_GEO-IRWIN.nc,exact_contains,4.3,25.30970426454985,161000.0,19,/scale/user/mtannaou/alternance/donnees_sar_aeqd_09_janvier/al042023/rcm3-sclnb-owi-cm-20230625t220440-20230625t220554-00003_aeqd.nc,/scale/project/ifremer-isi-jumeaunumerique/SARGEO/prototype/v00r00/cyclobs/al042023/IRWIN/rcm3-sclnb-owi-cm-20230625t220440-20230625t220554-00003-______ll_gd_GEO-IRWIN.nc,0.6109623964308477,nan
498,CINDY,al042023,2023-06-23 21:14:23,rcm1-sclna-owi-cm-20230623t211423-20230623t211540-00003-______ll_gd_GEO-IRWIN.nc,exact_contains,3.3,14.64914805095781,23000.0,23,/scale/user/mtannaou/alternance/donnees_sar_aeqd_09_janvier/al042023/rcm1-sclna-owi-cm-20230623t211423-20230623t211540-00003_aeqd.nc,/scale/project/ifremer-isi-jumeaunumerique/SARGEO/prototype/v00r00/cyclobs/al042023/IRWIN/rcm1-sclna-owi-cm-20230623t211423-20230623t211540-00003-______ll_gd_GEO-IRWIN.nc,0.9681325685149776,nan
499,CINDY,al042023,2023-06-24 09:11:03,rcm1-sclnd-owi-cm-20230624t091103-20230624t091220-00003-______ll_gd_GEO-IRWIN.nc,exact_contains,1.0,28.456080332830663,51000.0,26,/scale/user/mtannaou/alternance/donnees_sar_aeqd_09_janvier/al042023/rcm1-sclnd-owi-cm-20230624t091103-20230624t091220-00003_aeqd.nc,/scale/project/ifremer-isi-jumeaunumerique/SARGEO/prototype/v00r00/cyclobs/al042023/IRWIN/rcm1-sclnd-owi-cm-20230624t091103-20230624t091220-00003-______ll_gd_GEO-IRWIN.nc,0.0,val
500,KAMMURI,wp292019,2019-12-01 21:23:03,s1a-iw-owi-cm-20191201t212303-20191201t212357-000003-037255_ll_gd_GEO-IRWIN.nc,fuzzy_sat_time,2.8,25.63675555555556,9000.0,44,/scale/user/mtannaou/alternance/donnees_sar_aeqd_09_janvier/wp292019/s1a-iw-owi-cm-20191201t212303-20191201t212447-000003-_aeqd.nc,/scale/project/ifremer-isi-jumeaunumerique/SARGEO/prototype/v00r00/cyclobs/wp292019/IRWIN/s1a-iw-owi-cm-20191201t212303-20191201t212357-000003-037255_ll_gd_GEO-IRWIN.nc,1.0,nan
501,DEXTER,al042025,2025-08-07 09:28:44,rcm2-sc50mc-owi-cm-20250807t092844-20250807t092957-00003-xxxxx_ll_gd_GEO-IRWIN.nc,exact_contains,1.4,35.60795183765237,83000.0,25,/scale/user/mtannaou/alternance/donnees_sar_aeqd_09_janvier/al042025no_env/rcm2-sc50mc-owi-cm-20250807t092844-20250807t092957-00003_aeqd.nc,/scale/project/ifremer-isi-jumeaunumerique/SARGEO/prototype/v00r00/cyclobs/al042025/IRWIN/rcm2-sc50mc-owi-cm-20250807t092844-20250807t092957-00003-xxxxx_ll_gd_GEO-IRWIN.nc,0.0,train
502,DEXTER,al042025,2025-08-05 10:17:52,rcm3-sc50mb-owi-cm-20250805t101752-20250805t101822-00003-xxxxx_ll_gd_GEO-IRWIN.nc,exact_contains,3.45,14.7731923171158,132000.0,18,/scale/user/mtannaou/alternance/donnees_sar_aeqd_09_janvier/al042025no_env/rcm3-sc50mb-owi-cm-20250805t101752-20250805t101822-00003_aeqd.nc,/scale/project/ifremer-isi-jumeaunumerique/SARGEO/prototype/v00r00/cyclobs/al042025/IRWIN/rcm3-sc50mb-owi-cm-20250805t101752-20250805t101822-00003-xxxxx_ll_gd_GEO-IRWIN.nc,1.0,nan
503,DEXTER,al042025,2025-08-04 22:33:16,rcm3-sc50mc-owi-cm-20250804t223316-20250804t223429-00003-xxxxx_ll_gd_GEO-IRWIN.nc,exact_contains,1.9,16.78623604210937,63000.0,19,/scale/user/mtannaou/alternance/donnees_sar_aeqd_09_janvier/al042025no_env/rcm3-sc50mc-owi-cm-20250804t223316-20250804t223429-00003_aeqd.nc,/scale/project/ifremer-isi-jumeaunumerique/SARGEO/prototype/v00r00/cyclobs/al042025/IRWIN/rcm3-sc50mc-owi-cm-20250804t223316-20250804t223429-00003-xxxxx_ll_gd_GEO-IRWIN.nc,0.417208413001912,train
504,DEXTER,al042025,2025-08-05 22:09:30,rcm1-sc50mc-owi-cm-20250805t220930-20250805t221048-00003-xxxxx_ll_gd_GEO-IRWIN.nc,exact_contains,0.0,17.42910106522442,59000.0,18,/scale/user/mtannaou/alternance/donnees_sar_aeqd_09_janvier/al042025no_env/rcm1-sc50mc-owi-cm-20250805t220930-20250805t221048-00003_aeqd.nc,/scale/project/ifremer-isi-jumeaunumerique/SARGEO/prototype/v00r00/cyclobs/al042025/IRWIN/rcm1-sc50mc-owi-cm-20250805t220930-20250805t221048-00003-xxxxx_ll_gd_GEO-IRWIN.nc,0.0,train
505,DEXTER,al042025,2025-08-06 21:46:49,rcm2-sc50ma-owi-cm-20250806t214649-20250806t214741-00003-xxxxx_ll_gd_GEO-IRWIN.nc,exact_contains,3.05,15.861282278222864,35000.0,23,/scale/user/mtannaou/alternance/donnees_sar_aeqd_09_janvier/al042025no_env/rcm2-sc50ma-owi-cm-20250806t214649-20250806t214741-00003_aeqd.nc,/scale/project/ifremer-isi-jumeaunumerique/SARGEO/prototype/v00r00/cyclobs/al042025/IRWIN/rcm2-sc50ma-owi-cm-20250806t214649-20250806t214741-00003-xxxxx_ll_gd_GEO-IRWIN.nc,1.0,nan
506,DEXTER,al042025,2025-08-06 09:53:21,rcm1-sclnd-owi-cm-20250806t095321-20250806t095355-00003-xxxxx_ll_gd_GEO-IRWIN.nc,exact_contains,0.3,28.657496398794784,52000.0,22,/scale/user/mtannaou/alternance/donnees_sar_aeqd_09_janvier/al042025no_env/rcm1-sclnd-owi-cm-20250806t095321-20250806t095355-00003_aeqd.nc,/scale/project/ifremer-isi-jumeaunumerique/SARGEO/prototype/v00r00/cyclobs/al042025/IRWIN/rcm1-sclnd-owi-cm-20250806t095321-20250806t095355-00003-xxxxx_ll_gd_GEO-IRWIN.nc,0.0681963033779477,train
507,VINCE,sh132025,2025-02-04 12:31:21,rcm3-sclna-owi-cm-20250204t123121-20250204t123237-00003-xxxxx_ll_gd_GEO-IRWIN.nc,exact_contains,1.4,41.38011666666642,35000.0,49,/scale/user/mtannaou/alternance/donnees_sar_aeqd_09_janvier/sh132025/rcm3-sclna-owi-cm-20250204t123121-20250204t123237-00003_aeqd.nc,/scale/project/ifremer-isi-jumeaunumerique/SARGEO/prototype/v00r00/cyclobs/sh132025/IRWIN/rcm3-sclna-owi-cm-20250204t123121-20250204t123237-00003-xxxxx_ll_gd_GEO-IRWIN.nc,0.0,test
508,VINCE,sh132025,2025-02-04 23:42:56,s1a-ew-owi-cm-20250204t234256-20250204t234359-000003-071EC8_ll_gd_GEO-IRWIN.nc,exact_contains,0.7,41.54374074074075,38000.0,44,/scale/user/mtannaou/alternance/donnees_sar_aeqd_09_janvier/sh132025/s1a-ew-owi-cm-20250204t234256-20250204t234359-000003-_aeqd.nc,/scale/project/ifremer-isi-jumeaunumerique/SARGEO/prototype/v00r00/cyclobs/sh132025/IRWIN/s1a-ew-owi-cm-20250204t234256-20250204t234359-000003-071EC8_ll_gd_GEO-IRWIN.nc,0.0,test
509,VINCE,sh132025,2025-02-09 00:48:58,s1a-ew-owi-cm-20250209t004858-20250209t005001-000003-07211D_ll_gd_GEO-IRWIN.nc,exact_contains,0.7,52.25048888888889,29000.0,56,/scale/user/mtannaou/alternance/donnees_sar_aeqd_09_janvier/sh132025/s1a-ew-owi-cm-20250209t004858-20250209t005001-000003-_aeqd.nc,/scale/project/ifremer-isi-jumeaunumerique/SARGEO/prototype/v00r00/cyclobs/sh132025/IRWIN/s1a-ew-owi-cm-20250209t004858-20250209t005001-000003-07211D_ll_gd_GEO-IRWIN.nc,0.0,train
510,VINCE,sh132025,2025-02-02 22:52:23,rcm3-sclnd-owi-cm-20250202t225223-20250202t225340-00003-xxxxx_ll_gd_GEO-IRWIN.nc,exact_contains,2.2,21.446133369545763,40000.0,25,/scale/user/mtannaou/alternance/donnees_sar_aeqd_09_janvier/sh132025/rcm3-sclnd-owi-cm-20250202t225223-20250202t225340-00003_aeqd.nc,/scale/project/ifremer-isi-jumeaunumerique/SARGEO/prototype/v00r00/cyclobs/sh132025/IRWIN/rcm3-sclnd-owi-cm-20250202t225223-20250202t225340-00003-xxxxx_ll_gd_GEO-IRWIN.nc,0.8915232632249841,nan
511,VINCE,sh132025,2025-02-03 23:32:52,rcm2-sclna-owi-cm-20250203t233252-20250203t233407-00003-xxxxx_ll_gd_GEO-IRWIN.nc,exact_contains,0.7,43.5790925925926,13000.0,44,/scale/user/mtannaou/alternance/donnees_sar_aeqd_09_janvier/sh132025/rcm2-sclna-owi-cm-20250203t233252-20250203t233407-00003_aeqd.nc,/scale/project/ifremer-isi-jumeaunumerique/SARGEO/prototype/v00r00/cyclobs/sh132025/IRWIN/rcm2-sclna-owi-cm-20250203t233252-20250203t233407-00003-xxxxx_ll_gd_GEO-IRWIN.nc,0.0,train
512,VINCE,sh132025,2025-02-09 00:45:54,rcm1-sclnc-owi-cm-20250209t004554-20250209t004710-00003-xxxxx_ll_gd_GEO-IRWIN.nc,exact_contains,0.7,54.59535555555555,31000.0,56,/scale/user/mtannaou/alternance/donnees_sar_aeqd_09_janvier/sh132025/rcm1-sclnc-owi-cm-20250209t004554-20250209t004710-00003_aeqd.nc,/scale/project/ifremer-isi-jumeaunumerique/SARGEO/prototype/v00r00/cyclobs/sh132025/IRWIN/rcm1-sclnc-owi-cm-20250209t004554-20250209t004710-00003-xxxxx_ll_gd_GEO-IRWIN.nc,0.0,val
513,VINCE,sh132025,2025-02-03 12:23:26,rcm3-sclnd-owi-cm-20250203t122326-20250203t122443-00003-xxxxx_ll_gd_GEO-IRWIN.nc,exact_contains,0.7,39.663944444156,24000.0,36,/scale/user/mtannaou/alternance/donnees_sar_aeqd_09_janvier/sh132025/rcm3-sclnd-owi-cm-20250203t122326-20250203t122443-00003_aeqd.nc,/scale/project/ifremer-isi-jumeaunumerique/SARGEO/prototype/v00r00/cyclobs/sh132025/IRWIN/rcm3-sclnd-owi-cm-20250203t122326-20250203t122443-00003-xxxxx_ll_gd_GEO-IRWIN.nc,0.1151051625239005,train
514,VINCE,sh132025,2025-02-04 23:41:22,rcm2-sclnd-owi-cm-20250204t234122-20250204t234237-00003-xxxxx_ll_gd_GEO-IRWIN.nc,exact_contains,0.7,39.44789259259029,32000.0,44,/scale/user/mtannaou/alternance/donnees_sar_aeqd_09_janvier/sh132025/rcm2-sclnd-owi-cm-20250204t234122-20250204t234237-00003_aeqd.nc,/scale/project/ifremer-isi-jumeaunumerique/SARGEO/prototype/v00r00/cyclobs/sh132025/IRWIN/rcm2-sclnd-owi-cm-20250204t234122-20250204t234237-00003-xxxxx_ll_gd_GEO-IRWIN.nc,0.0644996813256851,train
515,VINCE,sh132025,2025-02-10 00:54:28,rcm1-sclnb-owi-cm-20250210t005428-20250210t005543-00003-xxxxx_ll_gd_GEO-IRWIN.nc,exact_contains,1.4,50.97420370370371,34000.0,51,/scale/user/mtannaou/alternance/donnees_sar_aeqd_09_janvier/sh132025/rcm1-sclnb-owi-cm-20250210t005428-20250210t005543-00003_aeqd.nc,/scale/project/ifremer-isi-jumeaunumerique/SARGEO/prototype/v00r00/cyclobs/sh132025/IRWIN/rcm1-sclnb-owi-cm-20250210t005428-20250210t005543-00003-xxxxx_ll_gd_GEO-IRWIN.nc,0.0,train
516,VINCE,sh132025,2025-02-09 13:42:53,rcm2-sclna-owi-cm-20250209t134253-20250209t134407-00003-xxxxx_ll_gd_GEO-IRWIN.nc,exact_contains,0.0,56.29852222222222,25000.0,54,/scale/user/mtannaou/alternance/donnees_sar_aeqd_09_janvier/sh132025/rcm2-sclna-owi-cm-20250209t134253-20250209t134407-00003_aeqd.nc,/scale/project/ifremer-isi-jumeaunumerique/SARGEO/prototype/v00r00/cyclobs/sh132025/IRWIN/rcm2-sclna-owi-cm-20250209t134253-20250209t134407-00003-xxxxx_ll_gd_GEO-IRWIN.nc,0.2987890376035692,val
517,VINCE,sh132025,2025-02-11 01:03:17,rcm1-sclna-owi-cm-20250211t010317-20250211t010431-00003-xxxxx_ll_gd_GEO-IRWIN.nc,exact_contains,2.8,36.340555555554886,9000.0,40,/scale/user/mtannaou/alternance/donnees_sar_aeqd_09_janvier/sh132025/rcm1-sclna-owi-cm-20250211t010317-20250211t010431-00003_aeqd.nc,/scale/project/ifremer-isi-jumeaunumerique/SARGEO/prototype/v00r00/cyclobs/sh132025/IRWIN/rcm1-sclna-owi-cm-20250211t010317-20250211t010431-00003-xxxxx_ll_gd_GEO-IRWIN.nc,0.7250478011472276,nan
518,VINCE,sh132025,2025-02-12 14:03:20,rcm2-sclnd-owi-cm-20250212t140320-20250212t140434-00003-xxxxx_ll_gd_GEO-IRWIN.nc,exact_contains,0.0,23.6044663652048,104000.0,22,/scale/user/mtannaou/alternance/donnees_sar_aeqd_09_janvier/sh132025/rcm2-sclnd-owi-cm-20250212t140320-20250212t140434-00003_aeqd.nc,/scale/project/ifremer-isi-jumeaunumerique/SARGEO/prototype/v00r00/cyclobs/sh132025/IRWIN/rcm2-sclnd-owi-cm-20250212t140320-20250212t140434-00003-xxxxx_ll_gd_GEO-IRWIN.nc,0.1370299553855959,train
519,VINCE,sh132025,2025-02-02 11:43:37,rcm1-sclna-owi-cm-20250202t114337-20250202t114453-00003-xxxxx_ll_gd_GEO-IRWIN.nc,exact_contains,1.2,30.028833328770578,32000.0,21,/scale/user/mtannaou/alternance/donnees_sar_aeqd_09_janvier/sh132025/rcm1-sclna-owi-cm-20250202t114337-20250202t114453-00003_aeqd.nc,/scale/project/ifremer-isi-jumeaunumerique/SARGEO/prototype/v00r00/cyclobs/sh132025/IRWIN/rcm1-sclna-owi-cm-20250202t114337-20250202t114453-00003-xxxxx_ll_gd_GEO-IRWIN.nc,0.5173996175908222,nan
520,VINCE,sh132025,2025-02-07 13:26:56,rcm2-sclnc-owi-cm-20250207t132656-20250207t132811-00003-xxxxx_ll_gd_GEO-IRWIN.nc,exact_contains,0.6,64.1212962962963,19000.0,67,/scale/user/mtannaou/alternance/donnees_sar_aeqd_09_janvier/sh132025/rcm2-sclnc-owi-cm-20250207t132656-20250207t132811-00003_aeqd.nc,/scale/project/ifremer-isi-jumeaunumerique/SARGEO/prototype/v00r00/cyclobs/sh132025/IRWIN/rcm2-sclnc-owi-cm-20250207t132656-20250207t132811-00003-xxxxx_ll_gd_GEO-IRWIN.nc,0.0,train
521,VINCE,sh132025,2025-02-05 23:49:42,rcm2-sclnd-owi-cm-20250205t234942-20250205t235058-00003-xxxxx_ll_gd_GEO-IRWIN.nc,exact_contains,0.0,50.02439999999999,26000.0,52,/scale/user/mtannaou/alternance/donnees_sar_aeqd_09_janvier/sh132025/rcm2-sclnd-owi-cm-20250205t234942-20250205t235058-00003_aeqd.nc,/scale/project/ifremer-isi-jumeaunumerique/SARGEO/prototype/v00r00/cyclobs/sh132025/IRWIN/rcm2-sclnd-owi-cm-20250205t234942-20250205t235058-00003-xxxxx_ll_gd_GEO-IRWIN.nc,0.0,train
522,VINCE,sh132025,2025-02-08 00:37:44,rcm1-sclna-owi-cm-20250208t003744-20250208t003859-00003-xxxxx_ll_gd_GEO-IRWIN.nc,exact_contains,1.4,60.79202962962964,17000.0,64,/scale/user/mtannaou/alternance/donnees_sar_aeqd_09_janvier/sh132025/rcm1-sclna-owi-cm-20250208t003744-20250208t003859-00003_aeqd.nc,/scale/project/ifremer-isi-jumeaunumerique/SARGEO/prototype/v00r00/cyclobs/sh132025/IRWIN/rcm1-sclna-owi-cm-20250208t003744-20250208t003859-00003-xxxxx_ll_gd_GEO-IRWIN.nc,0.0,test
523,VINCE,sh132025,2025-02-10 13:50:10,rcm2-sclna-owi-cm-20250210t135010-20250210t135125-00003-xxxxx_ll_gd_GEO-IRWIN.nc,exact_contains,0.0,52.31445925925925,34000.0,48,/scale/user/mtannaou/alternance/donnees_sar_aeqd_09_janvier/sh132025/rcm2-sclna-owi-cm-20250210t135010-20250210t135125-00003_aeqd.nc,/scale/project/ifremer-isi-jumeaunumerique/SARGEO/prototype/v00r00/cyclobs/sh132025/IRWIN/rcm2-sclna-owi-cm-20250210t135010-20250210t135125-00003-xxxxx_ll_gd_GEO-IRWIN.nc,0.2304652644996813,train
524,VINCE,sh132025,2025-02-11 13:57:01,rcm2-sclna-owi-cm-20250211t135701-20250211t135816-00003-xxxxx_ll_gd_GEO-IRWIN.nc,exact_contains,0.0,41.5751703703698,62000.0,37,/scale/user/mtannaou/alternance/donnees_sar_aeqd_09_janvier/sh132025/rcm2-sclna-owi-cm-20250211t135701-20250211t135816-00003_aeqd.nc,/scale/project/ifremer-isi-jumeaunumerique/SARGEO/prototype/v00r00/cyclobs/sh132025/IRWIN/rcm2-sclna-owi-cm-20250211t135701-20250211t135816-00003-xxxxx_ll_gd_GEO-IRWIN.nc,0.1344805608667941,train
525,VINCE,sh132025,2025-02-12 00:40:37,rcm2-sclnc-owi-cm-20250212t004037-20250212t004152-00003-xxxxx_ll_gd_GEO-IRWIN.nc,exact_contains,0.0,34.19958887043794,90000.0,35,/scale/user/mtannaou/alternance/donnees_sar_aeqd_09_janvier/sh132025/rcm2-sclnc-owi-cm-20250212t004037-20250212t004152-00003_aeqd.nc,/scale/project/ifremer-isi-jumeaunumerique/SARGEO/prototype/v00r00/cyclobs/sh132025/IRWIN/rcm2-sclnc-owi-cm-20250212t004037-20250212t004152-00003-xxxxx_ll_gd_GEO-IRWIN.nc,0.018610579987253,train
526,BONNIE,ep042022,2022-07-06 13:07:50,s1a-ew-owi-cm-20220706t130750-20220706t130915-000003-053FF6_ll_gd_GEO-IRWIN.nc,exact_contains,0.0,34.42589259199951,12000.0,46,/scale/user/mtannaou/alternance/donnees_sar_aeqd_09_janvier/ep042022/s1a-ew-owi-cm-20220706t130750-20220706t130915-000003-_aeqd.nc,/scale/project/ifremer-isi-jumeaunumerique/SARGEO/prototype/v00r00/cyclobs/ep042022/IRWIN/s1a-ew-owi-cm-20220706t130750-20220706t130915-000003-053FF6_ll_gd_GEO-IRWIN.nc,0.0,train
527,BONNIE,ep042022,2022-07-07 01:36:53,s1a-ew-owi-cm-20220707t013653-20220707t013827-000003-054032_ll_gd_GEO-IRWIN.nc,exact_contains,0.0,43.66712592592594,16000.0,43,/scale/user/mtannaou/alternance/donnees_sar_aeqd_09_janvier/ep042022/s1a-ew-owi-cm-20220707t013653-20220707t013827-000003-_aeqd.nc,/scale/project/ifremer-isi-jumeaunumerique/SARGEO/prototype/v00r00/cyclobs/ep042022/IRWIN/s1a-ew-owi-cm-20220707t013653-20220707t013827-000003-054032_ll_gd_GEO-IRWIN.nc,0.2641172721478649,train
528,BONNIE,ep042022,2022-07-05 00:44:24,rs2-scwa-owi-cm-20220705t004424-20220705t004648-00003-______ll_gd_GEO-IRWIN.nc,exact_contains,0.0,44.15695185185185,23000.0,46,/scale/user/mtannaou/alternance/donnees_sar_aeqd_09_janvier/ep042022/rs2-scwa-owi-cm-20220705t004424-20220705t004648-00003_aeqd.nc,/scale/project/ifremer-isi-jumeaunumerique/SARGEO/prototype/v00r00/cyclobs/ep042022/IRWIN/rs2-scwa-owi-cm-20220705t004424-20220705t004648-00003-______ll_gd_GEO-IRWIN.nc,0.181516889738687,val
529,ANDREA,al012025,2025-06-24 09:30:10,rcm3-sc50mb-owi-cm-20250624t093010-20250624t093121-00003-xxxxx_ll_gd_GEO-IRWIN.nc,exact_contains,2.4,24.21485765501117,43000.0,18,/scale/user/mtannaou/alternance/donnees_sar_aeqd_09_janvier/al012025no_env/rcm3-sc50mb-owi-cm-20250624t093010-20250624t093121-00003_aeqd.nc,/scale/project/ifremer-isi-jumeaunumerique/SARGEO/prototype/v00r00/cyclobs/al012025/IRWIN/rcm3-sc50mb-owi-cm-20250624t093010-20250624t093121-00003-xxxxx_ll_gd_GEO-IRWIN.nc,0.2661567877629063,train
530,ANDREA,al012025,2025-06-24 09:30:10,rcm3-sc50mc-owi-cm-20250624t092909-20250624t093009-00003-xxxxx_ll_gd_GEO-IRWIN.nc,fuzzy_sat_time,2.4,24.21485765501117,43000.0,18,/scale/user/mtannaou/alternance/donnees_sar_aeqd_09_janvier/al012025no_env/rcm3-sc50mb-owi-cm-20250624t093010-20250624t093121-00003_aeqd.nc,/scale/project/ifremer-isi-jumeaunumerique/SARGEO/prototype/v00r00/cyclobs/al012025/IRWIN/rcm3-sc50mc-owi-cm-20250624t092909-20250624t093009-00003-xxxxx_ll_gd_GEO-IRWIN.nc,0.2661567877629063,train
531,PAULETTE,al172020,2020-09-21 19:47:28,s1b-iw-owi-cm-20200921t194728-20200921t194822-000003-02C997_ll_gd_GEO-IRWIN.nc,fuzzy_sat_time,0.0,29.116814814814816,46000.0,22,/scale/user/mtannaou/alternance/donnees_sar_aeqd_09_janvier/al172020/s1b-iw-owi-cm-20200921t194728-20200921t194912-000003-_aeqd.nc,/scale/project/ifremer-isi-jumeaunumerique/SARGEO/prototype/v00r00/cyclobs/al172020/IRWIN/s1b-iw-owi-cm-20200921t194728-20200921t194822-000003-02C997_ll_gd_GEO-IRWIN.nc,0.2670490758444869,val
532,PAULETTE,al172020,2020-09-16 09:25:07,s1a-iw-owi-cm-20200916t092622-20200916t092738-000003-03FF8D_ll_gd_GEO-IRWIN.nc,fuzzy_sat_time,3.7,,,40,/scale/user/mtannaou/alternance/donnees_sar_aeqd_09_janvier/al172020/s1a-iw-owi-cm-20200916t092507-20200916t092738-000003-_aeqd.nc,/scale/project/ifremer-isi-jumeaunumerique/SARGEO/prototype/v00r00/cyclobs/al172020/IRWIN/s1a-iw-owi-cm-20200916t092622-20200916t092738-000003-03FF8D_ll_gd_GEO-IRWIN.nc,0.6197578075207139,nan
533,PAULETTE,al172020,2020-09-21 07:57:38,s1a-iw-owi-cm-20200921t075828-20200921t075920-000003-04022D_ll_gd_GEO-IRWIN.nc,fuzzy_sat_time,1.45,26.1172,56000.0,18,/scale/user/mtannaou/alternance/donnees_sar_aeqd_09_janvier/al172020/s1a-iw-owi-cm-20200921t075738-20200921t075920-000003-_aeqd.nc,/scale/project/ifremer-isi-jumeaunumerique/SARGEO/prototype/v00r00/cyclobs/al172020/IRWIN/s1a-iw-owi-cm-20200921t075828-20200921t075920-000003-04022D_ll_gd_GEO-IRWIN.nc,0.711408540471638,nan
534,PAULETTE,al172020,2020-09-18 08:19:38,s1b-ew-owi-cm-20200918t081938-20200918t082143-000003-02C801_ll_gd_GEO-IRWIN.nc,fuzzy_sat_time,0.3,22.8988698019252,216000.0,22,/scale/user/mtannaou/alternance/donnees_sar_aeqd_09_janvier/al172020/s1b-ew-owi-cm-20200918t081938-20200918t082243-000003-_aeqd.nc,/scale/project/ifremer-isi-jumeaunumerique/SARGEO/prototype/v00r00/cyclobs/al172020/IRWIN/s1b-ew-owi-cm-20200918t081938-20200918t082143-000003-02C801_ll_gd_GEO-IRWIN.nc,0.0,nan
535,PAULETTE,al172020,2020-09-20 08:04:40,s1b-iw-owi-cm-20200920t080530-20200920t080636-000003-02C8E1_ll_gd_GEO-IRWIN.nc,fuzzy_sat_time,3.5,14.876644444444446,30000.0,18,/scale/user/mtannaou/alternance/donnees_sar_aeqd_09_janvier/al172020/s1b-iw-owi-cm-20200920t080440-20200920t080636-000003-_aeqd.nc,/scale/project/ifremer-isi-jumeaunumerique/SARGEO/prototype/v00r00/cyclobs/al172020/IRWIN/s1b-iw-owi-cm-20200920t080530-20200920t080636-000003-02C8E1_ll_gd_GEO-IRWIN.nc,0.687061822817081,nan
536,PAULETTE,al172020,2020-09-15 21:29:36,rcm3-sc50mb-owi-cm-20200915t212936-20200915t213056-00003-______ll_gd_GEO-IRWIN.nc,exact_contains,1.6,43.88481481481477,102000.0,44,/scale/user/mtannaou/alternance/donnees_sar_aeqd_09_janvier/al172020/rcm3-sc50mb-owi-cm-20200915t212936-20200915t213056-00003_aeqd.nc,/scale/project/ifremer-isi-jumeaunumerique/SARGEO/prototype/v00r00/cyclobs/al172020/IRWIN/rcm3-sc50mb-owi-cm-20200915t212936-20200915t213056-00003-______ll_gd_GEO-IRWIN.nc,0.3007010834926705,train
537,PAULETTE,al172020,2020-09-19 08:11:32,s1a-ew-owi-cm-20200919t081237-20200919t081514-000003-040117_ll_gd_GEO-IRWIN.nc,fuzzy_sat_time,3.8,17.869833333333336,185000.0,21,/scale/user/mtannaou/alternance/donnees_sar_aeqd_09_janvier/al172020/s1a-ew-owi-cm-20200919t081132-20200919t081514-000003-_aeqd.nc,/scale/project/ifremer-isi-jumeaunumerique/SARGEO/prototype/v00r00/cyclobs/al172020/IRWIN/s1a-ew-owi-cm-20200919t081237-20200919t081514-000003-040117_ll_gd_GEO-IRWIN.nc,0.0,nan
538,SEAN,sh102025,2025-01-21 11:26:06,s1a-ew-owi-cm-20250121t112606-20250121t112710-000003-07166F_ll_gd_GEO-IRWIN.nc,exact_contains,0.6,35.10215185185185,44000.0,36,/scale/user/mtannaou/alternance/donnees_sar_aeqd_09_janvier/sh102025/s1a-ew-owi-cm-20250121t112606-20250121t112710-000003-_aeqd.nc,/scale/project/ifremer-isi-jumeaunumerique/SARGEO/prototype/v00r00/cyclobs/sh102025/IRWIN/s1a-ew-owi-cm-20250121t112606-20250121t112710-000003-07166F_ll_gd_GEO-IRWIN.nc,0.0,train
539,SEAN,sh102025,2025-01-22 11:16:08,rcm2-sclna-owi-cm-20250122t111608-20250122t111723-00003-xxxxx_ll_gd_GEO-IRWIN.nc,exact_contains,1.3,,,23,/scale/user/mtannaou/alternance/donnees_sar_aeqd_09_janvier/sh102025/rcm2-sclna-owi-cm-20250122t111608-20250122t111723-00003_aeqd.nc,/scale/project/ifremer-isi-jumeaunumerique/SARGEO/prototype/v00r00/cyclobs/sh102025/IRWIN/rcm2-sclna-owi-cm-20250122t111608-20250122t111723-00003-xxxxx_ll_gd_GEO-IRWIN.nc,0.3996175908221797,nan
540,SEAN,sh102025,2025-01-20 22:13:52,rcm1-sclnb-owi-cm-20250120t221352-20250120t221508-00003-xxxxx_ll_gd_GEO-IRWIN.nc,exact_contains,0.0,41.88091851851839,34000.0,49,/scale/user/mtannaou/alternance/donnees_sar_aeqd_09_janvier/sh102025/rcm1-sclnb-owi-cm-20250120t221352-20250120t221508-00003_aeqd.nc,/scale/project/ifremer-isi-jumeaunumerique/SARGEO/prototype/v00r00/cyclobs/sh102025/IRWIN/rcm1-sclnb-owi-cm-20250120t221352-20250120t221508-00003-xxxxx_ll_gd_GEO-IRWIN.nc,0.0462715105162523,train
541,SEAN,sh102025,2025-01-21 22:22:38,rcm1-sclna-owi-cm-20250121t222238-20250121t222353-00003-xxxxx_ll_gd_GEO-IRWIN.nc,exact_contains,0.6,28.243514328735763,105000.0,27,/scale/user/mtannaou/alternance/donnees_sar_aeqd_09_janvier/sh102025/rcm1-sclna-owi-cm-20250121t222238-20250121t222353-00003_aeqd.nc,/scale/project/ifremer-isi-jumeaunumerique/SARGEO/prototype/v00r00/cyclobs/sh102025/IRWIN/rcm1-sclna-owi-cm-20250121t222238-20250121t222353-00003-xxxxx_ll_gd_GEO-IRWIN.nc,0.0,val
542,SEAN,sh102025,2025-01-20 11:01:40,rcm2-sclna-owi-cm-20250120t110140-20250120t110256-00003-xxxxx_ll_gd_GEO-IRWIN.nc,exact_contains,0.0,51.35191851851853,12000.0,57,/scale/user/mtannaou/alternance/donnees_sar_aeqd_09_janvier/sh102025/rcm2-sclna-owi-cm-20250120t110140-20250120t110256-00003_aeqd.nc,/scale/project/ifremer-isi-jumeaunumerique/SARGEO/prototype/v00r00/cyclobs/sh102025/IRWIN/rcm2-sclna-owi-cm-20250120t110140-20250120t110256-00003-xxxxx_ll_gd_GEO-IRWIN.nc,0.0,train
543,SEAN,sh102025,2025-01-19 10:54:02,rcm2-sclnc-owi-cm-20250119t105402-20250119t105517-00003-xxxxx_ll_gd_GEO-IRWIN.nc,exact_contains,0.6,35.17619259065383,34000.0,35,/scale/user/mtannaou/alternance/donnees_sar_aeqd_09_janvier/sh102025/rcm2-sclnc-owi-cm-20250119t105402-20250119t105517-00003_aeqd.nc,/scale/project/ifremer-isi-jumeaunumerique/SARGEO/prototype/v00r00/cyclobs/sh102025/IRWIN/rcm2-sclnc-owi-cm-20250119t105402-20250119t105517-00003-xxxxx_ll_gd_GEO-IRWIN.nc,0.0,train
544,SEAN,sh102025,2025-01-23 11:23:13,rcm2-sclnb-owi-cm-20250123t112313-20250123t112429-00003-xxxxx_ll_gd_GEO-IRWIN.nc,exact_contains,0.3,19.670295532699864,203000.0,18,/scale/user/mtannaou/alternance/donnees_sar_aeqd_09_janvier/sh102025/rcm2-sclnb-owi-cm-20250123t112313-20250123t112429-00003_aeqd.nc,/scale/project/ifremer-isi-jumeaunumerique/SARGEO/prototype/v00r00/cyclobs/sh102025/IRWIN/rcm2-sclnb-owi-cm-20250123t112313-20250123t112429-00003-xxxxx_ll_gd_GEO-IRWIN.nc,0.0,nan
545,SEAN,sh102025,2025-01-19 22:05:06,rcm1-sclna-owi-cm-20250119t220506-20250119t220620-00003-xxxxx_ll_gd_GEO-IRWIN.nc,exact_contains,0.0,39.23991481481467,18000.0,45,/scale/user/mtannaou/alternance/donnees_sar_aeqd_09_janvier/sh102025/rcm1-sclna-owi-cm-20250119t220506-20250119t220620-00003_aeqd.nc,/scale/project/ifremer-isi-jumeaunumerique/SARGEO/prototype/v00r00/cyclobs/sh102025/IRWIN/rcm1-sclna-owi-cm-20250119t220506-20250119t220620-00003-xxxxx_ll_gd_GEO-IRWIN.nc,0.0,train
546,ERICK,ep052025,2025-06-18 12:01:04,rcm3-sclnd-owi-cm-20250618t120104-20250618t120214-00003-xxxxx_ll_gd_GEO-IRWIN.nc,exact_contains,0.5,33.3245553420852,20000.0,36,/scale/user/mtannaou/alternance/donnees_sar_aeqd_09_janvier/ep052025no_env/rcm3-sclnd-owi-cm-20250618t120104-20250618t120214-00003_aeqd.nc,/scale/project/ifremer-isi-jumeaunumerique/SARGEO/prototype/v00r00/cyclobs/ep052025/IRWIN/rcm3-sclnd-owi-cm-20250618t120104-20250618t120214-00003-xxxxx_ll_gd_GEO-IRWIN.nc,0.519949012109624,nan
547,ERICK,ep052025,2025-06-19 00:44:07,rcm2-sc50mc-owi-cm-20250619t004407-20250619t004517-00003-xxxxx_ll_gd_GEO-IRWIN.nc,exact_contains,0.0,57.72448148148149,23000.0,60,/scale/user/mtannaou/alternance/donnees_sar_aeqd_09_janvier/ep052025no_env/rcm2-sc50mc-owi-cm-20250619t004407-20250619t004517-00003_aeqd.nc,/scale/project/ifremer-isi-jumeaunumerique/SARGEO/prototype/v00r00/cyclobs/ep052025/IRWIN/rcm2-sc50mc-owi-cm-20250619t004407-20250619t004517-00003-xxxxx_ll_gd_GEO-IRWIN.nc,0.2549394518801784,val
548,ERICK,ep052025,2025-06-18 00:35:37,rcm2-sc50mc-owi-cm-20250618t003537-20250618t003648-00003-xxxxx_ll_gd_GEO-IRWIN.nc,exact_contains,0.0,24.16050709991308,42000.0,26,/scale/user/mtannaou/alternance/donnees_sar_aeqd_09_janvier/ep052025no_env/rcm2-sc50mc-owi-cm-20250618t003537-20250618t003648-00003_aeqd.nc,/scale/project/ifremer-isi-jumeaunumerique/SARGEO/prototype/v00r00/cyclobs/ep052025/IRWIN/rcm2-sc50mc-owi-cm-20250618t003537-20250618t003648-00003-xxxxx_ll_gd_GEO-IRWIN.nc,0.1153601019757807,test
549,VERONICA,sh212019,2019-03-23 21:38:33,s1b-iw-owi-cm-20190323t213833-20190323t214017-000003-01D040_ll_gd_GEO-IRWIN.nc,exact_contains,2.1,52.0489037037037,37000.0,57,/scale/user/mtannaou/alternance/donnees_sar_aeqd_09_janvier/sh212019/s1b-iw-owi-cm-20190323t213833-20190323t214017-000003-_aeqd.nc,/scale/project/ifremer-isi-jumeaunumerique/SARGEO/prototype/v00r00/cyclobs/sh212019/IRWIN/s1b-iw-owi-cm-20190323t213833-20190323t214017-000003-01D040_ll_gd_GEO-IRWIN.nc,0.1555130656469088,train
550,VERONICA,sh212019,2019-03-23 10:45:23,s1b-ew-owi-cm-20190323t104523-20190323t104727-000003-01D003_ll_gd_GEO-IRWIN.nc,exact_contains,0.0,47.85322962962963,42000.0,50,/scale/user/mtannaou/alternance/donnees_sar_aeqd_09_janvier/sh212019/s1b-ew-owi-cm-20190323t104523-20190323t104727-000003-_aeqd.nc,/scale/project/ifremer-isi-jumeaunumerique/SARGEO/prototype/v00r00/cyclobs/sh212019/IRWIN/s1b-ew-owi-cm-20190323t104523-20190323t104727-000003-01D003_ll_gd_GEO-IRWIN.nc,0.3667304015296367,val
551,VERONICA,sh212019,2019-03-24 10:38:03,s1a-ew-owi-cm-20190324t103803-20190324t103949-000003-02F72C_ll_gd_GEO-IRWIN.nc,exact_contains,1.8,48.14987037037037,23000.0,40,/scale/user/mtannaou/alternance/donnees_sar_aeqd_09_janvier/sh212019/s1a-ew-owi-cm-20190324t103803-20190324t103949-000003-_aeqd.nc,/scale/project/ifremer-isi-jumeaunumerique/SARGEO/prototype/v00r00/cyclobs/sh212019/IRWIN/s1a-ew-owi-cm-20190324t103803-20190324t103949-000003-02F72C_ll_gd_GEO-IRWIN.nc,0.3437858508604206,train
552,VERONICA,sh212019,2019-03-22 21:46:43,s1a-ew-owi-cm-20190322t214643-20190322t214850-000003-02F65C_ll_gd_GEO-IRWIN.nc,exact_contains,0.0,45.67908888888889,45000.0,43,/scale/user/mtannaou/alternance/donnees_sar_aeqd_09_janvier/sh212019/s1a-ew-owi-cm-20190322t214643-20190322t214850-000003-_aeqd.nc,/scale/project/ifremer-isi-jumeaunumerique/SARGEO/prototype/v00r00/cyclobs/sh212019/IRWIN/s1a-ew-owi-cm-20190322t214643-20190322t214850-000003-02F65C_ll_gd_GEO-IRWIN.nc,0.0,train
553,KYARR,io042019,2019-10-30 01:51:23,s1b-ew-owi-cm-20191030t015123-20191030t015337-000003-0233DE_ll_gd_GEO-IRWIN.nc,exact_contains,1.0,40.28421851851853,65000.0,48,/scale/user/mtannaou/alternance/donnees_sar_aeqd_09_janvier/io042019/s1b-ew-owi-cm-20191030t015123-20191030t015337-000003-_aeqd.nc,/scale/project/ifremer-isi-jumeaunumerique/SARGEO/prototype/v00r00/cyclobs/io042019/IRWIN/s1b-ew-owi-cm-20191030t015123-20191030t015337-000003-0233DE_ll_gd_GEO-IRWIN.nc,0.0799235181644359,train
554,KAY,ep122022,2022-09-08 01:26:36,rcm2-sc50ma-owi-cm-20220908t012636-20220908t012732-00003-______ll_gd_GEO-IRWIN.nc,exact_contains,0.5,34.71915185142586,58000.0,41,/scale/user/mtannaou/alternance/donnees_sar_aeqd_09_janvier/ep122022/rcm2-sc50ma-owi-cm-20220908t012636-20220908t012732-00003_aeqd.nc,/scale/project/ifremer-isi-jumeaunumerique/SARGEO/prototype/v00r00/cyclobs/ep122022/IRWIN/rcm2-sc50ma-owi-cm-20220908t012636-20220908t012732-00003-______ll_gd_GEO-IRWIN.nc,0.4992989165073295,test
555,KAY,ep122022,2022-09-07 13:29:52,s1a-iw-owi-cm-20220907t133107-20220907t133151-000003-055CF5_ll_gd_GEO-IRWIN.nc,fuzzy_sat_time,3.35,24.79060740740741,8000.0,46,/scale/user/mtannaou/alternance/donnees_sar_aeqd_09_janvier/ep122022/s1a-iw-owi-cm-20220907t132952-20220907t133151-000003-_aeqd.nc,/scale/project/ifremer-isi-jumeaunumerique/SARGEO/prototype/v00r00/cyclobs/ep122022/IRWIN/s1a-iw-owi-cm-20220907t133107-20220907t133151-000003-055CF5_ll_gd_GEO-IRWIN.nc,0.97131931166348,nan
556,JASPER,sh032024,2023-12-06 07:59:16,rcm1-sclnb-owi-cm-20231206t075916-20231206t080032-00003-______ll_gd_GEO-IRWIN.nc,exact_contains,0.5,33.89985182481856,66000.0,38,/scale/user/mtannaou/alternance/donnees_sar_aeqd_09_janvier/sh032024/rcm1-sclnb-owi-cm-20231206t075916-20231206t080032-00003_aeqd.nc,/scale/project/ifremer-isi-jumeaunumerique/SARGEO/prototype/v00r00/cyclobs/sh032024/IRWIN/rcm1-sclnb-owi-cm-20231206t075916-20231206t080032-00003-______ll_gd_GEO-IRWIN.nc,0.2925430210325048,train
557,JASPER,sh032024,2023-12-07 19:14:22,rcm3-sclnb-owi-cm-20231207t191422-20231207t191537-00003-______ll_gd_GEO-IRWIN.nc,exact_contains,0.0,56.193675,35000.0,60,/scale/user/mtannaou/alternance/donnees_sar_aeqd_09_janvier/sh032024/rcm3-sclnb-owi-cm-20231207t191422-20231207t191537-00003_aeqd.nc,/scale/project/ifremer-isi-jumeaunumerique/SARGEO/prototype/v00r00/cyclobs/sh032024/IRWIN/rcm3-sclnb-owi-cm-20231207t191422-20231207t191537-00003-______ll_gd_GEO-IRWIN.nc,0.3578075207138305,train
558,JASPER,sh032024,2023-12-11 19:43:46,s1a-ew-owi-cm-20231211t194346-20231211t194450-000003-063B46_ll_gd_GEO-IRWIN.nc,exact_contains,0.4,36.0968344448675,54000.0,26,/scale/user/mtannaou/alternance/donnees_sar_aeqd_09_janvier/sh032024/s1a-ew-owi-cm-20231211t194346-20231211t194450-000003-_aeqd.nc,/scale/project/ifremer-isi-jumeaunumerique/SARGEO/prototype/v00r00/cyclobs/sh032024/IRWIN/s1a-ew-owi-cm-20231211t194346-20231211t194450-000003-063B46_ll_gd_GEO-IRWIN.nc,0.0,train
559,JASPER,sh032024,2023-12-10 19:39:31,rcm3-sclna-owi-cm-20231210t193931-20231210t194046-00003-______ll_gd_GEO-IRWIN.nc,exact_contains,2.4000000000000004,23.55611790367473,99000.0,25,/scale/user/mtannaou/alternance/donnees_sar_aeqd_09_janvier/sh032024/rcm3-sclna-owi-cm-20231210t193931-20231210t194046-00003_aeqd.nc,/scale/project/ifremer-isi-jumeaunumerique/SARGEO/prototype/v00r00/cyclobs/sh032024/IRWIN/rcm3-sclna-owi-cm-20231210t193931-20231210t194046-00003-______ll_gd_GEO-IRWIN.nc,0.7133205863607394,nan
560,JASPER,sh032024,2023-12-11 08:37:52,rcm1-sclnd-owi-cm-20231211t083752-20231211t083908-00003-______ll_gd_GEO-IRWIN.nc,exact_contains,0.0,26.321360347631188,100000.0,23,/scale/user/mtannaou/alternance/donnees_sar_aeqd_09_janvier/sh032024/rcm1-sclnd-owi-cm-20231211t083752-20231211t083908-00003_aeqd.nc,/scale/project/ifremer-isi-jumeaunumerique/SARGEO/prototype/v00r00/cyclobs/sh032024/IRWIN/rcm1-sclnd-owi-cm-20231211t083752-20231211t083908-00003-______ll_gd_GEO-IRWIN.nc,0.0,test
561,JASPER,sh032024,2023-12-11 19:47:14,rcm3-sclna-owi-cm-20231211t194714-20231211t194831-00003-______ll_gd_GEO-IRWIN.nc,exact_contains,1.4,36.17627089946806,76000.0,26,/scale/user/mtannaou/alternance/donnees_sar_aeqd_09_janvier/sh032024/rcm3-sclna-owi-cm-20231211t194714-20231211t194831-00003_aeqd.nc,/scale/project/ifremer-isi-jumeaunumerique/SARGEO/prototype/v00r00/cyclobs/sh032024/IRWIN/rcm3-sclna-owi-cm-20231211t194714-20231211t194831-00003-______ll_gd_GEO-IRWIN.nc,0.0061185468451242,train
562,JASPER,sh032024,2023-12-10 08:29:38,rcm1-sclnd-owi-cm-20231210t082938-20231210t083053-00003-______ll_gd_GEO-IRWIN.nc,exact_contains,2.8,29.059498663401,46000.0,30,/scale/user/mtannaou/alternance/donnees_sar_aeqd_09_janvier/sh032024/rcm1-sclnd-owi-cm-20231210t082938-20231210t083053-00003_aeqd.nc,/scale/project/ifremer-isi-jumeaunumerique/SARGEO/prototype/v00r00/cyclobs/sh032024/IRWIN/rcm1-sclnd-owi-cm-20231210t082938-20231210t083053-00003-______ll_gd_GEO-IRWIN.nc,0.935755258126195,nan
563,JASPER,sh032024,2023-12-06 19:06:05,rcm3-sclnd-owi-cm-20231206t190605-20231206t190722-00003-______ll_gd_GEO-IRWIN.nc,exact_contains,0.0,34.55874444318293,60000.0,44,/scale/user/mtannaou/alternance/donnees_sar_aeqd_09_janvier/sh032024/rcm3-sclnd-owi-cm-20231206t190605-20231206t190722-00003_aeqd.nc,/scale/project/ifremer-isi-jumeaunumerique/SARGEO/prototype/v00r00/cyclobs/sh032024/IRWIN/rcm3-sclnd-owi-cm-20231206t190605-20231206t190722-00003-______ll_gd_GEO-IRWIN.nc,0.077246653919694,test
564,JASPER,sh032024,2023-12-07 08:06:53,rcm1-sclnd-owi-cm-20231207t080653-20231207t080808-00003-______ll_gd_GEO-IRWIN.nc,exact_contains,0.0,42.66509629627462,47000.0,48,/scale/user/mtannaou/alternance/donnees_sar_aeqd_09_janvier/sh032024/rcm1-sclnd-owi-cm-20231207t080653-20231207t080808-00003_aeqd.nc,/scale/project/ifremer-isi-jumeaunumerique/SARGEO/prototype/v00r00/cyclobs/sh032024/IRWIN/rcm1-sclnd-owi-cm-20231207t080653-20231207t080808-00003-______ll_gd_GEO-IRWIN.nc,0.0535372848948374,train
565,JASPER,sh032024,2023-12-10 08:11:20,s1a-ew-owi-cm-20231210t081120-20231210t081224-000003-063A7C_ll_gd_GEO-IRWIN.nc,exact_contains,0.0,40.858029629629634,83000.0,30,/scale/user/mtannaou/alternance/donnees_sar_aeqd_09_janvier/sh032024/s1a-ew-owi-cm-20231210t081120-20231210t081224-000003-_aeqd.nc,/scale/project/ifremer-isi-jumeaunumerique/SARGEO/prototype/v00r00/cyclobs/sh032024/IRWIN/s1a-ew-owi-cm-20231210t081120-20231210t081224-000003-063A7C_ll_gd_GEO-IRWIN.nc,0.0,train
566,JASPER,sh032024,2023-12-08 19:18:32,s1a-ew-owi-cm-20231208t191832-20231208t191936-000003-0639B7_ll_gd_GEO-IRWIN.nc,exact_contains,0.5,50.54888888888889,26000.0,48,/scale/user/mtannaou/alternance/donnees_sar_aeqd_09_janvier/sh032024/s1a-ew-owi-cm-20231208t191832-20231208t191936-000003-_aeqd.nc,/scale/project/ifremer-isi-jumeaunumerique/SARGEO/prototype/v00r00/cyclobs/sh032024/IRWIN/s1a-ew-owi-cm-20231208t191832-20231208t191936-000003-0639B7_ll_gd_GEO-IRWIN.nc,0.4734225621414914,train
567,JASPER,sh032024,2023-12-12 08:45:48,rcm1-sclnd-owi-cm-20231212t084548-20231212t084705-00003-______ll_gd_GEO-IRWIN.nc,exact_contains,3.0,24.07445827331837,92000.0,28,/scale/user/mtannaou/alternance/donnees_sar_aeqd_09_janvier/sh032024/rcm1-sclnd-owi-cm-20231212t084548-20231212t084705-00003_aeqd.nc,/scale/project/ifremer-isi-jumeaunumerique/SARGEO/prototype/v00r00/cyclobs/sh032024/IRWIN/rcm1-sclnd-owi-cm-20231212t084548-20231212t084705-00003-______ll_gd_GEO-IRWIN.nc,0.1896749521988527,train
568,HELENE,al092024,2024-09-25 11:42:40,rcm3-sclna-owi-cm-20240925t114240-20240925t114356-00003-______ll_gd_GEO-IRWIN.nc,exact_contains,1.8,37.72023333332736,32000.0,33,/scale/user/mtannaou/alternance/donnees_sar_aeqd_09_janvier/al092024/rcm3-sclna-owi-cm-20240925t114240-20240925t114356-00003_aeqd.nc,/scale/project/ifremer-isi-jumeaunumerique/SARGEO/prototype/v00r00/cyclobs/al092024/IRWIN/rcm3-sclna-owi-cm-20240925t114240-20240925t114356-00003-______ll_gd_GEO-IRWIN.nc,0.1182919056724028,train
569,HELENE,al092024,2024-09-26 11:49:40,rcm3-sclna-owi-cm-20240926t114940-20240926t115035-00003-______ll_gd_GEO-IRWIN.nc,exact_contains,0.25,33.118003703652526,40000.0,44,/scale/user/mtannaou/alternance/donnees_sar_aeqd_09_janvier/al092024/rcm3-sclna-owi-cm-20240926t114940-20240926t115035-00003_aeqd.nc,/scale/project/ifremer-isi-jumeaunumerique/SARGEO/prototype/v00r00/cyclobs/al092024/IRWIN/rcm3-sclna-owi-cm-20240926t114940-20240926t115035-00003-______ll_gd_GEO-IRWIN.nc,0.4625876354365838,val
570,HELENE,al092024,2024-09-25 23:58:14,rcm3-sclnd-owi-cm-20240925t235814-20240925t235932-00003-______ll_gd_GEO-IRWIN.nc,exact_contains,1.8,36.337892586376206,75000.0,36,/scale/user/mtannaou/alternance/donnees_sar_aeqd_09_janvier/al092024/rcm3-sclnd-owi-cm-20240925t235814-20240925t235932-00003_aeqd.nc,/scale/project/ifremer-isi-jumeaunumerique/SARGEO/prototype/v00r00/cyclobs/al092024/IRWIN/rcm3-sclnd-owi-cm-20240925t235814-20240925t235932-00003-______ll_gd_GEO-IRWIN.nc,0.0,train
571,HELENE,al092024,2024-09-26 23:35:27,s1a-iw-owi-cm-20240926t233642-20240926t233847-000003-06D316_ll_gd_GEO-IRWIN.nc,fuzzy_sat_time,3.1,53.67178518518519,33000.0,61,/scale/user/mtannaou/alternance/donnees_sar_aeqd_09_janvier/al092024/s1a-iw-owi-cm-20240926t233527-20240926t233847-000003-_aeqd.nc,/scale/project/ifremer-isi-jumeaunumerique/SARGEO/prototype/v00r00/cyclobs/al092024/IRWIN/s1a-iw-owi-cm-20240926t233642-20240926t233847-000003-06D316_ll_gd_GEO-IRWIN.nc,0.3273422562141491,train
572,HELENE,al092024,2024-09-26 23:35:36,rcm1-sclna-owi-cm-20240926t233536-20240926t233653-00003-______ll_gd_GEO-IRWIN.nc,exact_contains,3.1,56.42783333333335,35000.0,61,/scale/user/mtannaou/alternance/donnees_sar_aeqd_09_janvier/al092024/rcm1-sclna-owi-cm-20240926t233536-20240926t233653-00003_aeqd.nc,/scale/project/ifremer-isi-jumeaunumerique/SARGEO/prototype/v00r00/cyclobs/al092024/IRWIN/rcm1-sclna-owi-cm-20240926t233536-20240926t233653-00003-______ll_gd_GEO-IRWIN.nc,0.0,train
573,HELENE,al092024,2024-09-24 23:49:27,rcm3-sclnc-owi-cm-20240924t234927-20240924t235044-00003-______ll_gd_GEO-IRWIN.nc,exact_contains,3.1,23.1324283195465,98000.0,26,/scale/user/mtannaou/alternance/donnees_sar_aeqd_09_janvier/al092024/rcm3-sclnc-owi-cm-20240924t234927-20240924t235044-00003_aeqd.nc,/scale/project/ifremer-isi-jumeaunumerique/SARGEO/prototype/v00r00/cyclobs/al092024/IRWIN/rcm3-sclnc-owi-cm-20240924t234927-20240924t235044-00003-______ll_gd_GEO-IRWIN.nc,0.0,train
574,CHANTHU,wp192021,2021-09-08 21:12:59,rcm1-sc50mb-owi-cm-20210908t211259-20210908t211759-00003-______ll_gd_GEO-IRWIN.nc,exact_contains,0.6,66.63624444444444,7000.0,71,/scale/user/mtannaou/alternance/donnees_sar_aeqd_09_janvier/wp192021/rcm1-sc50mb-owi-cm-20210908t211259-20210908t211759-00003_aeqd.nc,/scale/project/ifremer-isi-jumeaunumerique/SARGEO/prototype/v00r00/cyclobs/wp192021/IRWIN/rcm1-sc50mb-owi-cm-20210908t211259-20210908t211759-00003-______ll_gd_GEO-IRWIN.nc,0.0007648183556405,train
575,CHANTHU,wp192021,2021-09-14 09:38:55,rcm2-sc50ma-owi-cm-20210914t093855-20210914t094255-00003-______ll_gd_GEO-IRWIN.nc,exact_contains,0.6,23.69685864274501,92000.0,22,/scale/user/mtannaou/alternance/donnees_sar_aeqd_09_janvier/wp192021/rcm2-sc50ma-owi-cm-20210914t093855-20210914t094255-00003_aeqd.nc,/scale/project/ifremer-isi-jumeaunumerique/SARGEO/prototype/v00r00/cyclobs/wp192021/IRWIN/rcm2-sc50ma-owi-cm-20210914t093855-20210914t094255-00003-______ll_gd_GEO-IRWIN.nc,0.0,train
576,CHANTHU,wp192021,2021-09-08 09:16:31,s1b-ew-owi-cm-20210908t091631-20210908t091835-000003-0369DA_ll_gd_GEO-IRWIN.nc,exact_contains,1.95,59.035,7000.0,71,/scale/user/mtannaou/alternance/donnees_sar_aeqd_09_janvier/wp192021/s1b-ew-owi-cm-20210908t091631-20210908t091835-000003-_aeqd.nc,/scale/project/ifremer-isi-jumeaunumerique/SARGEO/prototype/v00r00/cyclobs/wp192021/IRWIN/s1b-ew-owi-cm-20210908t091631-20210908t091835-000003-0369DA_ll_gd_GEO-IRWIN.nc,0.4766093052899936,train
577,CHANTHU,wp192021,2021-09-12 09:44:20,rs2-scwa-owi-cm-20210912t094420-20210912t094644-00003-______ll_gd_GEO-IRWIN.nc,exact_contains,0.5,60.11642222222223,11000.0,51,/scale/user/mtannaou/alternance/donnees_sar_aeqd_09_janvier/wp192021/rs2-scwa-owi-cm-20210912t094420-20210912t094644-00003_aeqd.nc,/scale/project/ifremer-isi-jumeaunumerique/SARGEO/prototype/v00r00/cyclobs/wp192021/IRWIN/rs2-scwa-owi-cm-20210912t094420-20210912t094644-00003-______ll_gd_GEO-IRWIN.nc,0.5502868068833652,nan
578,CHANTHU,wp192021,2021-09-11 21:51:42,s1b-iw-owi-cm-20210911t215142-20210911t215228-000003-036B86_ll_gd_GEO-IRWIN.nc,exact_contains,7.15,,,58,/scale/user/mtannaou/alternance/donnees_sar_aeqd_09_janvier/wp192021/s1b-iw-owi-cm-20210911t215142-20210911t215228-000003-_aeqd.nc,/scale/project/ifremer-isi-jumeaunumerique/SARGEO/prototype/v00r00/cyclobs/wp192021/IRWIN/s1b-iw-owi-cm-20210911t215142-20210911t215228-000003-036B86_ll_gd_GEO-IRWIN.nc,0.837093690248566,nan
579,CHANTHU,wp192021,2021-09-13 21:36:38,rs2-scwa-owi-cm-20210913t213638-20210913t213901-00003-______ll_gd_GEO-IRWIN.nc,exact_contains,0.6,27.36475310841823,27000.0,27,/scale/user/mtannaou/alternance/donnees_sar_aeqd_09_janvier/wp192021/rs2-scwa-owi-cm-20210913t213638-20210913t213901-00003_aeqd.nc,/scale/project/ifremer-isi-jumeaunumerique/SARGEO/prototype/v00r00/cyclobs/wp192021/IRWIN/rs2-scwa-owi-cm-20210913t213638-20210913t213901-00003-______ll_gd_GEO-IRWIN.nc,0.0,train
580,MALOU,wp252021,2021-10-27 20:28:21,s1b-ew-owi-cm-20211027t202821-20211027t203105-000003-03800D_ll_gd_GEO-IRWIN.nc,exact_contains,0.0,40.97174814814815,70000.0,41,/scale/user/mtannaou/alternance/donnees_sar_aeqd_09_janvier/wp252021/s1b-ew-owi-cm-20211027t202821-20211027t203105-000003-_aeqd.nc,/scale/project/ifremer-isi-jumeaunumerique/SARGEO/prototype/v00r00/cyclobs/wp252021/IRWIN/s1b-ew-owi-cm-20211027t202821-20211027t203105-000003-03800D_ll_gd_GEO-IRWIN.nc,0.2503505417463352,train
581,MALOU,wp252021,2021-10-28 20:19:47,s1a-ew-owi-cm-20211028t201947-20211028t202249-000003-04C757_ll_gd_GEO-IRWIN.nc,exact_contains,0.0,49.52376284722222,53000.0,39,/scale/user/mtannaou/alternance/donnees_sar_aeqd_09_janvier/wp252021/s1a-ew-owi-cm-20211028t201947-20211028t202249-000003-_aeqd.nc,/scale/project/ifremer-isi-jumeaunumerique/SARGEO/prototype/v00r00/cyclobs/wp252021/IRWIN/s1a-ew-owi-cm-20211028t201947-20211028t202249-000003-04C757_ll_gd_GEO-IRWIN.nc,0.0410452517527087,train
582,MALOU,wp252021,2021-10-26 20:45:01,rs2-scwa-owi-cm-20211026t204501-20211026t204724-00003-______ll_gd_GEO-IRWIN.nc,exact_contains,1.0,41.08047916666667,62000.0,29,/scale/user/mtannaou/alternance/donnees_sar_aeqd_09_janvier/wp252021/rs2-scwa-owi-cm-20211026t204501-20211026t204724-00003_aeqd.nc,/scale/project/ifremer-isi-jumeaunumerique/SARGEO/prototype/v00r00/cyclobs/wp252021/IRWIN/rs2-scwa-owi-cm-20211026t204501-20211026t204724-00003-______ll_gd_GEO-IRWIN.nc,0.6846398980242192,nan
583,MALOU,wp252021,2021-10-26 20:38:18,s1a-ew-owi-cm-20211026t203818-20211026t204047-000003-04C656_ll_gd_GEO-IRWIN.nc,exact_contains,1.1,40.13344444444444,73000.0,29,/scale/user/mtannaou/alternance/donnees_sar_aeqd_09_janvier/wp252021/s1a-ew-owi-cm-20211026t203818-20211026t204047-000003-_aeqd.nc,/scale/project/ifremer-isi-jumeaunumerique/SARGEO/prototype/v00r00/cyclobs/wp252021/IRWIN/s1a-ew-owi-cm-20211026t203818-20211026t204047-000003-04C656_ll_gd_GEO-IRWIN.nc,0.0,train
584,BARBARA,ep022025,2025-06-09 12:55:55,rcm2-sc50mc-owi-cm-20250609t125555-20250609t125712-00003-xxxxx_ll_gd_GEO-IRWIN.nc,exact_contains,1.4,32.059233102708724,21000.0,33,/scale/user/mtannaou/alternance/donnees_sar_aeqd_09_janvier/ep022025no_env/rcm2-sc50mc-owi-cm-20250609t125555-20250609t125712-00003_aeqd.nc,/scale/project/ifremer-isi-jumeaunumerique/SARGEO/prototype/v00r00/cyclobs/ep022025/IRWIN/rcm2-sc50mc-owi-cm-20250609t125555-20250609t125712-00003-xxxxx_ll_gd_GEO-IRWIN.nc,0.0149139579349904,train
585,BARBARA,ep022025,2025-06-09 01:00:46,rcm2-sc50mb-owi-cm-20250609t010046-20250609t010202-00003-xxxxx_ll_gd_GEO-IRWIN.nc,exact_contains,1.9,36.65979999781423,28000.0,29,/scale/user/mtannaou/alternance/donnees_sar_aeqd_09_janvier/ep022025no_env/rcm2-sc50mb-owi-cm-20250609t010046-20250609t010202-00003_aeqd.nc,/scale/project/ifremer-isi-jumeaunumerique/SARGEO/prototype/v00r00/cyclobs/ep022025/IRWIN/rcm2-sc50mb-owi-cm-20250609t010046-20250609t010202-00003-xxxxx_ll_gd_GEO-IRWIN.nc,0.4202676864244742,train
586,BARBARA,ep022025,2025-06-08 00:55:41,s1a-iw-owi-cm-20250608t005541-20250608t005700-000003-07648E_ll_gd_GEO-IRWIN.nc,exact_contains,0.25,,,16,/scale/user/mtannaou/alternance/donnees_sar_aeqd_09_janvier/ep022025no_env/s1a-iw-owi-cm-20250608t005541-20250608t005700-000003-_aeqd.nc,/scale/project/ifremer-isi-jumeaunumerique/SARGEO/prototype/v00r00/cyclobs/ep022025/IRWIN/s1a-iw-owi-cm-20250608t005541-20250608t005700-000003-07648E_ll_gd_GEO-IRWIN.nc,0.037221159974506,nan
587,BARBARA,ep022025,2025-06-08 12:48:27,rcm2-sc50ma-owi-cm-20250608t124827-20250608t124944-00003-xxxxx_ll_gd_GEO-IRWIN.nc,exact_contains,2.4,24.290540328603768,47000.0,26,/scale/user/mtannaou/alternance/donnees_sar_aeqd_09_janvier/ep022025no_env/rcm2-sc50ma-owi-cm-20250608t124827-20250608t124944-00003_aeqd.nc,/scale/project/ifremer-isi-jumeaunumerique/SARGEO/prototype/v00r00/cyclobs/ep022025/IRWIN/rcm2-sc50ma-owi-cm-20250608t124827-20250608t124944-00003-xxxxx_ll_gd_GEO-IRWIN.nc,0.0,train
588,BARBARA,ep022025,2025-06-10 13:03:34,rcm2-sc50mc-owi-cm-20250610t130334-20250610t130451-00003-xxxxx_ll_gd_GEO-IRWIN.nc,exact_contains,1.4,19.462452012219487,33000.0,22,/scale/user/mtannaou/alternance/donnees_sar_aeqd_09_janvier/ep022025no_env/rcm2-sc50mc-owi-cm-20250610t130334-20250610t130451-00003_aeqd.nc,/scale/project/ifremer-isi-jumeaunumerique/SARGEO/prototype/v00r00/cyclobs/ep022025/IRWIN/rcm2-sc50mc-owi-cm-20250610t130334-20250610t130451-00003-xxxxx_ll_gd_GEO-IRWIN.nc,0.0,val
589,GREG,ep082023,2023-08-15 03:40:12,rcm2-sclna-owi-cm-20230815t034012-20230815t034128-00003-______ll_gd_GEO-IRWIN.nc,exact_contains,1.6,28.65566009347673,34000.0,22,/scale/user/mtannaou/alternance/donnees_sar_aeqd_09_janvier/ep082023/rcm2-sclna-owi-cm-20230815t034012-20230815t034128-00003_aeqd.nc,/scale/project/ifremer-isi-jumeaunumerique/SARGEO/prototype/v00r00/cyclobs/ep082023/IRWIN/rcm2-sclna-owi-cm-20230815t034012-20230815t034128-00003-______ll_gd_GEO-IRWIN.nc,0.0,train
590,GREG,ep082023,2023-08-15 15:38:14,rcm2-sclna-owi-cm-20230815t153814-20230815t153931-00003-______ll_gd_GEO-IRWIN.nc,exact_contains,1.7,28.9886586059328,32000.0,23,/scale/user/mtannaou/alternance/donnees_sar_aeqd_09_janvier/ep082023/rcm2-sclna-owi-cm-20230815t153814-20230815t153931-00003_aeqd.nc,/scale/project/ifremer-isi-jumeaunumerique/SARGEO/prototype/v00r00/cyclobs/ep082023/IRWIN/rcm2-sclna-owi-cm-20230815t153814-20230815t153931-00003-______ll_gd_GEO-IRWIN.nc,0.0,train
591,GREG,ep082023,2023-08-17 04:28:25,rcm1-sclnd-owi-cm-20230817t042825-20230817t042941-00003-______ll_gd_GEO-IRWIN.nc,exact_contains,1.0,15.463056389837938,126000.0,21,/scale/user/mtannaou/alternance/donnees_sar_aeqd_09_janvier/ep082023/rcm1-sclnd-owi-cm-20230817t042825-20230817t042941-00003_aeqd.nc,/scale/project/ifremer-isi-jumeaunumerique/SARGEO/prototype/v00r00/cyclobs/ep082023/IRWIN/rcm1-sclnd-owi-cm-20230817t042825-20230817t042941-00003-______ll_gd_GEO-IRWIN.nc,0.0030592734225621,train
592,KATIA,al122023,2023-09-03 07:56:25,rcm3-sclnd-owi-cm-20230903t075625-20230903t075741-00003-______ll_gd_GEO-IRWIN.nc,exact_contains,1.0,15.543461840033508,97000.0,20,/scale/user/mtannaou/alternance/donnees_sar_aeqd_09_janvier/al122023/rcm3-sclnd-owi-cm-20230903t075625-20230903t075741-00003_aeqd.nc,/scale/project/ifremer-isi-jumeaunumerique/SARGEO/prototype/v00r00/cyclobs/al122023/IRWIN/rcm3-sclnd-owi-cm-20230903t075625-20230903t075741-00003-______ll_gd_GEO-IRWIN.nc,0.0,train
593,CHABA,wp042022,2022-07-01 10:41:23,s1a-iw-owi-cm-20220701t104123-20220701t104217-000003-053DCB_ll_gd_GEO-IRWIN.nc,exact_contains,1.0,20.984,118000.0,30,/scale/user/mtannaou/alternance/donnees_sar_aeqd_09_janvier/wp042022/s1a-iw-owi-cm-20220701t104123-20220701t104217-000003-_aeqd.nc,/scale/project/ifremer-isi-jumeaunumerique/SARGEO/prototype/v00r00/cyclobs/wp042022/IRWIN/s1a-iw-owi-cm-20220701t104123-20220701t104217-000003-053DCB_ll_gd_GEO-IRWIN.nc,0.8015296367112811,nan
594,NAT,sh102024,2024-02-08 04:44:10,rcm2-sclnd-owi-cm-20240208t044410-20240208t044526-00003-______ll_gd_GEO-IRWIN.nc,exact_contains,3.8,27.61997129525676,6000.0,21,/scale/user/mtannaou/alternance/donnees_sar_aeqd_09_janvier/sh102024/rcm2-sclnd-owi-cm-20240208t044410-20240208t044526-00003_aeqd.nc,/scale/project/ifremer-isi-jumeaunumerique/SARGEO/prototype/v00r00/cyclobs/sh102024/IRWIN/rcm2-sclnd-owi-cm-20240208t044410-20240208t044526-00003-______ll_gd_GEO-IRWIN.nc,0.7075844486934353,nan
595,NAT,sh102024,2024-02-07 15:46:28,rcm1-sclnb-owi-cm-20240207t154628-20240207t154744-00003-______ll_gd_GEO-IRWIN.nc,exact_contains,2.5,18.826119475073344,61000.0,22,/scale/user/mtannaou/alternance/donnees_sar_aeqd_09_janvier/sh102024/rcm1-sclnb-owi-cm-20240207t154628-20240207t154744-00003_aeqd.nc,/scale/project/ifremer-isi-jumeaunumerique/SARGEO/prototype/v00r00/cyclobs/sh102024/IRWIN/rcm1-sclnb-owi-cm-20240207t154628-20240207t154744-00003-______ll_gd_GEO-IRWIN.nc,0.779987253027406,nan
596,HERMAN,sh172023,2023-03-30 11:19:10,rcm1-sclna-owi-cm-20230330t111910-20230330t112038-00003-______ll_gd_GEO-IRWIN.nc,exact_contains,0.0,50.63548888888889,15000.0,38,/scale/user/mtannaou/alternance/donnees_sar_aeqd_09_janvier/sh172023/rcm1-sclna-owi-cm-20230330t111910-20230330t112038-00003_aeqd.nc,/scale/project/ifremer-isi-jumeaunumerique/SARGEO/prototype/v00r00/cyclobs/sh172023/IRWIN/rcm1-sclna-owi-cm-20230330t111910-20230330t112038-00003-______ll_gd_GEO-IRWIN.nc,0.0,val
597,HERMAN,sh172023,2023-04-01 11:34:18,rcm1-sclnd-owi-cm-20230401t113418-20230401t113533-00003-______ll_gd_GEO-IRWIN.nc,exact_contains,2.25,36.92518518002706,13000.0,42,/scale/user/mtannaou/alternance/donnees_sar_aeqd_09_janvier/sh172023/rcm1-sclnd-owi-cm-20230401t113418-20230401t113533-00003_aeqd.nc,/scale/project/ifremer-isi-jumeaunumerique/SARGEO/prototype/v00r00/cyclobs/sh172023/IRWIN/rcm1-sclnd-owi-cm-20230401t113418-20230401t113533-00003-______ll_gd_GEO-IRWIN.nc,0.6781389420012747,nan
598,HERMAN,sh172023,2023-03-31 11:26:51,rcm1-sclnd-owi-cm-20230331t112651-20230331t112806-00003-______ll_gd_GEO-IRWIN.nc,exact_contains,0.7,56.43156666666666,11000.0,57,/scale/user/mtannaou/alternance/donnees_sar_aeqd_09_janvier/sh172023/rcm1-sclnd-owi-cm-20230331t112651-20230331t112806-00003_aeqd.nc,/scale/project/ifremer-isi-jumeaunumerique/SARGEO/prototype/v00r00/cyclobs/sh172023/IRWIN/rcm1-sclnd-owi-cm-20230331t112651-20230331t112806-00003-______ll_gd_GEO-IRWIN.nc,0.0274059910771191,train
599,HERMAN,sh172023,2023-03-30 22:28:09,rcm3-sclnc-owi-cm-20230330t222809-20230330t222926-00003-______ll_gd_GEO-IRWIN.nc,exact_contains,0.6,69.33189629629629,10000.0,51,/scale/user/mtannaou/alternance/donnees_sar_aeqd_09_janvier/sh172023/rcm3-sclnc-owi-cm-20230330t222809-20230330t222926-00003_aeqd.nc,/scale/project/ifremer-isi-jumeaunumerique/SARGEO/prototype/v00r00/cyclobs/sh172023/IRWIN/rcm3-sclnc-owi-cm-20230330t222809-20230330t222926-00003-______ll_gd_GEO-IRWIN.nc,0.0,test
600,ISAIAS,al092020,2020-08-03 23:11:56,s1a-iw-owi-cm-20200803t231311-20200803t231426-000003-03E964_ll_gd_GEO-IRWIN.nc,fuzzy_sat_time,2.3,36.1885037037037,63000.0,38,/scale/user/mtannaou/alternance/donnees_sar_aeqd_09_janvier/al092020/s1a-iw-owi-cm-20200803t231156-20200803t231426-000003-_aeqd.nc,/scale/project/ifremer-isi-jumeaunumerique/SARGEO/prototype/v00r00/cyclobs/al092020/IRWIN/s1a-iw-owi-cm-20200803t231311-20200803t231426-000003-03E964_ll_gd_GEO-IRWIN.nc,0.4731676226896112,train
601,ISAIAS,al092020,2020-08-02 23:17:58,s1b-iw-owi-cm-20200802t231913-20200802t232034-000003-02B2DB_ll_gd_GEO-IRWIN.nc,fuzzy_sat_time,3.1,29.24532592592593,88000.0,31,/scale/user/mtannaou/alternance/donnees_sar_aeqd_09_janvier/al092020/s1b-iw-owi-cm-20200802t231758-20200802t232034-000003-_aeqd.nc,/scale/project/ifremer-isi-jumeaunumerique/SARGEO/prototype/v00r00/cyclobs/al092020/IRWIN/s1b-iw-owi-cm-20200802t231913-20200802t232034-000003-02B2DB_ll_gd_GEO-IRWIN.nc,0.0936902485659655,train
602,NIRAN,sh232021,2021-03-06 07:27:58,s1a-iw-owi-cm-20210306t072758-20210306t072942-000003-04562A_ll_gd_GEO-IRWIN.nc,exact_contains,4.2,43.105496296296295,63000.0,50,/scale/user/mtannaou/alternance/donnees_sar_aeqd_09_janvier/sh232021/s1a-iw-owi-cm-20210306t072758-20210306t072942-000003-_aeqd.nc,/scale/project/ifremer-isi-jumeaunumerique/SARGEO/prototype/v00r00/cyclobs/sh232021/IRWIN/s1a-iw-owi-cm-20210306t072758-20210306t072942-000003-04562A_ll_gd_GEO-IRWIN.nc,0.28578712555768,train
603,OSCAR,al162024,2024-10-22 11:02:28,rcm2-sclna-owi-cm-20241022t110228-20241022t110314-00003-______ll_gd_GEO-IRWIN.nc,exact_contains,3.6,12.339576005047729,50000.0,18,/scale/user/mtannaou/alternance/donnees_sar_aeqd_09_janvier/al162024/rcm2-sclna-owi-cm-20241022t110228-20241022t110314-00003_aeqd.nc,/scale/project/ifremer-isi-jumeaunumerique/SARGEO/prototype/v00r00/cyclobs/al162024/IRWIN/rcm2-sclna-owi-cm-20241022t110228-20241022t110314-00003-______ll_gd_GEO-IRWIN.nc,0.6434671765455704,nan
604,OSCAR,al162024,2024-10-21 23:09:22,rcm2-sclnb-owi-cm-20241021t230922-20241021t231029-00003-______ll_gd_GEO-IRWIN.nc,exact_contains,4.6,,,18,/scale/user/mtannaou/alternance/donnees_sar_aeqd_09_janvier/al162024/rcm2-sclnb-owi-cm-20241021t230922-20241021t231029-00003_aeqd.nc,/scale/project/ifremer-isi-jumeaunumerique/SARGEO/prototype/v00r00/cyclobs/al162024/IRWIN/rcm2-sclnb-owi-cm-20241021t230922-20241021t231029-00003-______ll_gd_GEO-IRWIN.nc,0.2479286169534735,nan
605,OSCAR,al162024,2024-10-20 10:46:22,rcm2-sclnb-owi-cm-20241020t104622-20241020t104738-00003-______ll_gd_GEO-IRWIN.nc,exact_contains,4.6,,,36,/scale/user/mtannaou/alternance/donnees_sar_aeqd_09_janvier/al162024/rcm2-sclnb-owi-cm-20241020t104622-20241020t104738-00003_aeqd.nc,/scale/project/ifremer-isi-jumeaunumerique/SARGEO/prototype/v00r00/cyclobs/al162024/IRWIN/rcm2-sclnb-owi-cm-20241020t104622-20241020t104738-00003-______ll_gd_GEO-IRWIN.nc,0.0956022944550669,nan
606,OSCAR,al162024,2024-10-19 22:53:13,rcm2-sclnc-owi-cm-20241019t225313-20241019t225429-00003-______ll_gd_GEO-IRWIN.nc,exact_contains,1.6,30.66535152904201,12000.0,38,/scale/user/mtannaou/alternance/donnees_sar_aeqd_09_janvier/al162024/rcm2-sclnc-owi-cm-20241019t225313-20241019t225429-00003_aeqd.nc,/scale/project/ifremer-isi-jumeaunumerique/SARGEO/prototype/v00r00/cyclobs/al162024/IRWIN/rcm2-sclnc-owi-cm-20241019t225313-20241019t225429-00003-______ll_gd_GEO-IRWIN.nc,0.0606755895474824,train
607,OSCAR,al162024,2024-10-19 22:53:18,s1a-iw-owi-cm-20241019t225347-20241019t225459-000003-06E04E_ll_gd_GEO-IRWIN.nc,fuzzy_sat_time,1.6,31.3618925925926,11000.0,38,/scale/user/mtannaou/alternance/donnees_sar_aeqd_09_janvier/al162024/s1a-iw-owi-cm-20241019t225318-20241019t225459-000003-_aeqd.nc,/scale/project/ifremer-isi-jumeaunumerique/SARGEO/prototype/v00r00/cyclobs/al162024/IRWIN/s1a-iw-owi-cm-20241019t225347-20241019t225459-000003-06E04E_ll_gd_GEO-IRWIN.nc,0.0592734225621414,train
608,SAVANNAH,sh192019,2019-03-20 12:49:52,s1a-ew-owi-cm-20190320t124952-20190320t125126-000003-02F50E_ll_gd_GEO-IRWIN.nc,exact_contains,2.7,41.44205555555556,137000.0,21,/scale/user/mtannaou/alternance/donnees_sar_aeqd_09_janvier/sh192019/s1a-ew-owi-cm-20190320t124952-20190320t125126-000003-_aeqd.nc,/scale/project/ifremer-isi-jumeaunumerique/SARGEO/prototype/v00r00/cyclobs/sh192019/IRWIN/s1a-ew-owi-cm-20190320t124952-20190320t125126-000003-02F50E_ll_gd_GEO-IRWIN.nc,0.0,train
609,SAVANNAH,sh192019,2019-03-19 23:49:35,s1b-ew-owi-cm-20190319t234935-20190319t235109-000003-01CE62_ll_gd_GEO-IRWIN.nc,exact_contains,0.0,26.999259259259265,48000.0,21,/scale/user/mtannaou/alternance/donnees_sar_aeqd_09_janvier/sh192019/s1b-ew-owi-cm-20190319t234935-20190319t235109-000003-_aeqd.nc,/scale/project/ifremer-isi-jumeaunumerique/SARGEO/prototype/v00r00/cyclobs/sh192019/IRWIN/s1b-ew-owi-cm-20190319t234935-20190319t235109-000003-01CE62_ll_gd_GEO-IRWIN.nc,0.1891650732950924,test
610,JONGDARI,wp102024,2024-08-19 21:43:17,rcm2-sc50ma-owi-cm-20240819t214317-20240819t214434-00003-______ll_gd_GEO-IRWIN.nc,exact_contains,0.3,27.52033332358153,40000.0,16,/scale/user/mtannaou/alternance/donnees_sar_aeqd_09_janvier/wp102024/rcm2-sc50ma-owi-cm-20240819t214317-20240819t214434-00003_aeqd.nc,/scale/project/ifremer-isi-jumeaunumerique/SARGEO/prototype/v00r00/cyclobs/wp102024/IRWIN/rcm2-sc50ma-owi-cm-20240819t214317-20240819t214434-00003-______ll_gd_GEO-IRWIN.nc,0.0,test
611,MUIFA,wp142022,2022-09-08 09:14:28,rs2-scwa-owi-cm-20220908t091428-20220908t091544-00003-______ll_gd_GEO-IRWIN.nc,exact_contains,0.25,22.82332010713956,26000.0,22,/scale/user/mtannaou/alternance/donnees_sar_aeqd_09_janvier/wp142022/rs2-scwa-owi-cm-20220908t091428-20220908t091544-00003_aeqd.nc,/scale/project/ifremer-isi-jumeaunumerique/SARGEO/prototype/v00r00/cyclobs/wp142022/IRWIN/rs2-scwa-owi-cm-20220908t091428-20220908t091544-00003-______ll_gd_GEO-IRWIN.nc,0.3509241555130656,val
612,ADRIAN,ep012023,2023-06-29 13:04:17,rcm1-sclnd-owi-cm-20230629t130417-20230629t130535-00003-______ll_gd_GEO-IRWIN.nc,exact_contains,0.0,37.71005925893196,25000.0,39,/scale/user/mtannaou/alternance/donnees_sar_aeqd_09_janvier/ep012023/rcm1-sclnd-owi-cm-20230629t130417-20230629t130535-00003_aeqd.nc,/scale/project/ifremer-isi-jumeaunumerique/SARGEO/prototype/v00r00/cyclobs/ep012023/IRWIN/rcm1-sclnd-owi-cm-20230629t130417-20230629t130535-00003-______ll_gd_GEO-IRWIN.nc,0.0,test
613,ADRIAN,ep012023,2023-06-30 13:12:13,rcm1-sc50mc-owi-cm-20230630t131213-20230630t131326-00003-______ll_gd_GEO-IRWIN.nc,exact_contains,0.0,43.43114814815201,20000.0,46,/scale/user/mtannaou/alternance/donnees_sar_aeqd_09_janvier/ep012023/rcm1-sc50mc-owi-cm-20230630t131213-20230630t131326-00003_aeqd.nc,/scale/project/ifremer-isi-jumeaunumerique/SARGEO/prototype/v00r00/cyclobs/ep012023/IRWIN/rcm1-sc50mc-owi-cm-20230630t131213-20230630t131326-00003-______ll_gd_GEO-IRWIN.nc,0.3063097514340344,train
614,COURTNEY,sh272025,2025-03-30 12:46:08,rcm1-sclnd-owi-cm-20250330t124608-20250330t124723-00003-xxxxx_ll_gd_GEO-IRWIN.nc,exact_contains,0.0,39.068174073950594,35000.0,41,/scale/user/mtannaou/alternance/donnees_sar_aeqd_09_janvier/sh272025/rcm1-sclnd-owi-cm-20250330t124608-20250330t124723-00003_aeqd.nc,/scale/project/ifremer-isi-jumeaunumerique/SARGEO/prototype/v00r00/cyclobs/sh272025/IRWIN/rcm1-sclnd-owi-cm-20250330t124608-20250330t124723-00003-xxxxx_ll_gd_GEO-IRWIN.nc,0.0,train
615,COURTNEY,sh272025,2025-03-30 23:26:04,rcm1-sclnd-owi-cm-20250330t232604-20250330t232720-00003-xxxxx_ll_gd_GEO-IRWIN.nc,exact_contains,0.0,39.301192589899806,47000.0,36,/scale/user/mtannaou/alternance/donnees_sar_aeqd_09_janvier/sh272025/rcm1-sclnd-owi-cm-20250330t232604-20250330t232720-00003_aeqd.nc,/scale/project/ifremer-isi-jumeaunumerique/SARGEO/prototype/v00r00/cyclobs/sh272025/IRWIN/rcm1-sclnd-owi-cm-20250330t232604-20250330t232720-00003-xxxxx_ll_gd_GEO-IRWIN.nc,0.008667941363926,val
616,COURTNEY,sh272025,2025-03-27 11:51:09,rcm2-sclnb-owi-cm-20250327t115109-20250327t115225-00003-xxxxx_ll_gd_GEO-IRWIN.nc,exact_contains,0.0,45.929870370370345,24000.0,46,/scale/user/mtannaou/alternance/donnees_sar_aeqd_09_janvier/sh272025/rcm2-sclnb-owi-cm-20250327t115109-20250327t115225-00003_aeqd.nc,/scale/project/ifremer-isi-jumeaunumerique/SARGEO/prototype/v00r00/cyclobs/sh272025/IRWIN/rcm2-sclnb-owi-cm-20250327t115109-20250327t115225-00003-xxxxx_ll_gd_GEO-IRWIN.nc,0.0,train
617,COURTNEY,sh272025,2025-03-27 23:00:31,rcm1-sclnc-owi-cm-20250327t230031-20250327t230146-00003-xxxxx_ll_gd_GEO-IRWIN.nc,exact_contains,1.4,38.946170370336745,32000.0,42,/scale/user/mtannaou/alternance/donnees_sar_aeqd_09_janvier/sh272025/rcm1-sclnc-owi-cm-20250327t230031-20250327t230146-00003_aeqd.nc,/scale/project/ifremer-isi-jumeaunumerique/SARGEO/prototype/v00r00/cyclobs/sh272025/IRWIN/rcm1-sclnc-owi-cm-20250327t230031-20250327t230146-00003-xxxxx_ll_gd_GEO-IRWIN.nc,0.0,train
618,COURTNEY,sh272025,2025-03-28 12:17:34,s1a-ew-owi-cm-20250328t121734-20250328t121838-000003-073CFD_ll_gd_GEO-IRWIN.nc,exact_contains,3.3,38.65401851851852,17000.0,57,/scale/user/mtannaou/alternance/donnees_sar_aeqd_09_janvier/sh272025/s1a-ew-owi-cm-20250328t121734-20250328t121838-000003-_aeqd.nc,/scale/project/ifremer-isi-jumeaunumerique/SARGEO/prototype/v00r00/cyclobs/sh272025/IRWIN/s1a-ew-owi-cm-20250328t121734-20250328t121838-000003-073CFD_ll_gd_GEO-IRWIN.nc,0.6602931803696622,nan
619,COURTNEY,sh272025,2025-04-01 23:42:55,rcm1-sclna-owi-cm-20250401t234255-20250401t234411-00003-xxxxx_ll_gd_GEO-IRWIN.nc,exact_contains,3.0,18.07510072227286,258000.0,18,/scale/user/mtannaou/alternance/donnees_sar_aeqd_09_janvier/sh272025/rcm1-sclna-owi-cm-20250401t234255-20250401t234411-00003_aeqd.nc,/scale/project/ifremer-isi-jumeaunumerique/SARGEO/prototype/v00r00/cyclobs/sh272025/IRWIN/rcm1-sclna-owi-cm-20250401t234255-20250401t234411-00003-xxxxx_ll_gd_GEO-IRWIN.nc,0.0,nan
620,COURTNEY,sh272025,2025-03-29 12:38:47,rcm1-sclnd-owi-cm-20250329t123847-20250329t124002-00003-xxxxx_ll_gd_GEO-IRWIN.nc,exact_contains,0.7,54.46580740740742,14000.0,67,/scale/user/mtannaou/alternance/donnees_sar_aeqd_09_janvier/sh272025/rcm1-sclnd-owi-cm-20250329t123847-20250329t124002-00003_aeqd.nc,/scale/project/ifremer-isi-jumeaunumerique/SARGEO/prototype/v00r00/cyclobs/sh272025/IRWIN/rcm1-sclnd-owi-cm-20250329t123847-20250329t124002-00003-xxxxx_ll_gd_GEO-IRWIN.nc,0.1084767367750159,train
621,COURTNEY,sh272025,2025-03-28 11:59:26,rcm2-sclna-owi-cm-20250328t115926-20250328t120040-00003-xxxxx_ll_gd_GEO-IRWIN.nc,exact_contains,0.0,48.884761904761895,15000.0,57,/scale/user/mtannaou/alternance/donnees_sar_aeqd_09_janvier/sh272025/rcm2-sclna-owi-cm-20250328t115926-20250328t120040-00003_aeqd.nc,/scale/project/ifremer-isi-jumeaunumerique/SARGEO/prototype/v00r00/cyclobs/sh272025/IRWIN/rcm2-sclna-owi-cm-20250328t115926-20250328t120040-00003-xxxxx_ll_gd_GEO-IRWIN.nc,0.3794773741236456,train
622,COURTNEY,sh272025,2025-03-26 11:43:02,rcm2-sclnd-owi-cm-20250326t114302-20250326t114416-00003-xxxxx_ll_gd_GEO-IRWIN.nc,exact_contains,0.0,41.18309629626761,23000.0,36,/scale/user/mtannaou/alternance/donnees_sar_aeqd_09_janvier/sh272025/rcm2-sclnd-owi-cm-20250326t114302-20250326t114416-00003_aeqd.nc,/scale/project/ifremer-isi-jumeaunumerique/SARGEO/prototype/v00r00/cyclobs/sh272025/IRWIN/rcm2-sclnd-owi-cm-20250326t114302-20250326t114416-00003-xxxxx_ll_gd_GEO-IRWIN.nc,0.0,val
623,COURTNEY,sh272025,2025-04-01 12:29:14,rcm2-sclna-owi-cm-20250401t122914-20250401t123028-00003-xxxxx_ll_gd_GEO-IRWIN.nc,exact_contains,1.3,20.54822107310578,165000.0,20,/scale/user/mtannaou/alternance/donnees_sar_aeqd_09_janvier/sh272025/rcm2-sclna-owi-cm-20250401t122914-20250401t123028-00003_aeqd.nc,/scale/project/ifremer-isi-jumeaunumerique/SARGEO/prototype/v00r00/cyclobs/sh272025/IRWIN/rcm2-sclna-owi-cm-20250401t122914-20250401t123028-00003-xxxxx_ll_gd_GEO-IRWIN.nc,0.244359464627151,train
624,COURTNEY,sh272025,2025-03-26 22:52:08,rcm1-sclna-owi-cm-20250326t225208-20250326t225322-00003-xxxxx_ll_gd_GEO-IRWIN.nc,exact_contains,0.0,36.7425666666527,35000.0,38,/scale/user/mtannaou/alternance/donnees_sar_aeqd_09_janvier/sh272025/rcm1-sclna-owi-cm-20250326t225208-20250326t225322-00003_aeqd.nc,/scale/project/ifremer-isi-jumeaunumerique/SARGEO/prototype/v00r00/cyclobs/sh272025/IRWIN/rcm1-sclna-owi-cm-20250326t225208-20250326t225322-00003-xxxxx_ll_gd_GEO-IRWIN.nc,0.0,val
625,DORIAN,al052019,2019-09-06 22:40:52,s1a-iw-owi-cm-20190906t224121-20190906t224301-000003-0346EC_ll_gd_GEO-IRWIN.nc,fuzzy_sat_time,2.0,42.83517047619048,103000.0,44,/scale/user/mtannaou/alternance/donnees_sar_aeqd_09_janvier/al052019/s1a-iw-owi-cm-20190906t224052-20190906t224301-000003-_aeqd.nc,/scale/project/ifremer-isi-jumeaunumerique/SARGEO/prototype/v00r00/cyclobs/al052019/IRWIN/s1a-iw-owi-cm-20190906t224121-20190906t224301-000003-0346EC_ll_gd_GEO-IRWIN.nc,0.2544295729764181,train
626,DORIAN,al052019,2019-08-29 10:21:27,s1b-iw-owi-cm-20190829t102127-20190829t102221-000003-0217F3_ll_gd_GEO-IRWIN.nc,fuzzy_sat_time,0.0,39.73805925925927,11000.0,39,/scale/user/mtannaou/alternance/donnees_sar_aeqd_09_janvier/al052019/s1b-iw-owi-cm-20190829t102127-20190829t102311-000003-_aeqd.nc,/scale/project/ifremer-isi-jumeaunumerique/SARGEO/prototype/v00r00/cyclobs/al052019/IRWIN/s1b-iw-owi-cm-20190829t102127-20190829t102221-000003-0217F3_ll_gd_GEO-IRWIN.nc,0.072912683237731,train
627,DORIAN,al052019,2019-09-03 11:16:02,s1a-iw-owi-cm-20190903t111721-20190903t111901-000003-03451E_ll_gd_GEO-IRWIN.nc,fuzzy_sat_time,4.6,43.22498,34000.0,52,/scale/user/mtannaou/alternance/donnees_sar_aeqd_09_janvier/al052019/s1a-iw-owi-cm-20190903t111602-20190903t111901-000003-_aeqd.nc,/scale/project/ifremer-isi-jumeaunumerique/SARGEO/prototype/v00r00/cyclobs/al052019/IRWIN/s1a-iw-owi-cm-20190903t111721-20190903t111901-000003-03451E_ll_gd_GEO-IRWIN.nc,0.7625239005736137,nan
628,DORIAN,al052019,2019-08-27 22:17:42,s1a-iw-owi-cm-20190827t221901-20190827t222016-000003-0341DA_ll_gd_GEO-IRWIN.nc,fuzzy_sat_time,1.4,25.88754814814815,9000.0,25,/scale/user/mtannaou/alternance/donnees_sar_aeqd_09_janvier/al052019/s1a-iw-owi-cm-20190827t221742-20190827t222016-000003-_aeqd.nc,/scale/project/ifremer-isi-jumeaunumerique/SARGEO/prototype/v00r00/cyclobs/al052019/IRWIN/s1a-iw-owi-cm-20190827t221901-20190827t222016-000003-0341DA_ll_gd_GEO-IRWIN.nc,0.0434671765455704,val
629,DORIAN,al052019,2019-08-30 22:44:58,s1a-iw-owi-cm-20190830t224548-20190830t224705-000003-03435D_ll_gd_GEO-IRWIN.nc,fuzzy_sat_time,0.0,57.312414814814815,12000.0,58,/scale/user/mtannaou/alternance/donnees_sar_aeqd_09_janvier/al052019/s1a-iw-owi-cm-20190830t224458-20190830t224705-000003-_aeqd.nc,/scale/project/ifremer-isi-jumeaunumerique/SARGEO/prototype/v00r00/cyclobs/al052019/IRWIN/s1a-iw-owi-cm-20190830t224548-20190830t224705-000003-03435D_ll_gd_GEO-IRWIN.nc,0.4268961121733588,train
630,DORIAN,al052019,2019-09-02 23:10:11,s1a-iw-owi-cm-20190902t231101-20190902t231306-000003-0344E3_ll_gd_GEO-IRWIN.nc,fuzzy_sat_time,4.0,53.32998095238094,19000.0,60,/scale/user/mtannaou/alternance/donnees_sar_aeqd_09_janvier/al052019/s1a-iw-owi-cm-20190902t231011-20190902t231306-000003-_aeqd.nc,/scale/project/ifremer-isi-jumeaunumerique/SARGEO/prototype/v00r00/cyclobs/al052019/IRWIN/s1a-iw-owi-cm-20190902t231101-20190902t231306-000003-0344E3_ll_gd_GEO-IRWIN.nc,0.7732313575525812,nan
631,DORIAN,al052019,2019-09-04 11:15:53,rs2-scwa-owi-cm-20190904t111553-20190904t111709-00003-______ll_gd_GEO-IRWIN.nc,exact_contains,2.0,,,46,/scale/user/mtannaou/alternance/donnees_sar_aeqd_09_janvier/al052019/rs2-scwa-owi-cm-20190904t111553-20190904t111709-00003_aeqd.nc,/scale/project/ifremer-isi-jumeaunumerique/SARGEO/prototype/v00r00/cyclobs/al052019/IRWIN/rs2-scwa-owi-cm-20190904t111553-20190904t111709-00003-______ll_gd_GEO-IRWIN.nc,0.7143403441682601,nan
632,DORIAN,al052019,2019-09-01 11:03:02,rs2-scwa-owi-cm-20190901t110302-20190901t110526-00003-______ll_gd_GEO-IRWIN.nc,exact_contains,2.0,72.3433925925926,3000.0,79,/scale/user/mtannaou/alternance/donnees_sar_aeqd_09_janvier/al052019/rs2-scwa-owi-cm-20190901t110302-20190901t110526-00003_aeqd.nc,/scale/project/ifremer-isi-jumeaunumerique/SARGEO/prototype/v00r00/cyclobs/al052019/IRWIN/rs2-scwa-owi-cm-20190901t110302-20190901t110526-00003-______ll_gd_GEO-IRWIN.nc,0.5309114085404716,nan
633,DORIAN,al052019,2019-08-31 10:53:29,s1a-iw-owi-cm-20190831t105329-20190831t105448-000003-03439C_ll_gd_GEO-IRWIN.nc,fuzzy_sat_time,3.3,36.24317037037038,10000.0,64,/scale/user/mtannaou/alternance/donnees_sar_aeqd_09_janvier/al052019/s1a-iw-owi-cm-20190831t105329-20190831t105513-000003-_aeqd.nc,/scale/project/ifremer-isi-jumeaunumerique/SARGEO/prototype/v00r00/cyclobs/al052019/IRWIN/s1a-iw-owi-cm-20190831t105329-20190831t105448-000003-03439C_ll_gd_GEO-IRWIN.nc,0.6211599745060548,nan
634,DORIAN,al052019,2019-08-27 09:51:10,s1a-iw-owi-cm-20190827t095110-20190827t095204-000003-03418D_ll_gd_GEO-IRWIN.nc,exact_contains,3.2,16.13436666666667,41000.0,23,/scale/user/mtannaou/alternance/donnees_sar_aeqd_09_janvier/al052019/s1a-iw-owi-cm-20190827t095110-20190827t095204-000003-_aeqd.nc,/scale/project/ifremer-isi-jumeaunumerique/SARGEO/prototype/v00r00/cyclobs/al052019/IRWIN/s1a-iw-owi-cm-20190827t095110-20190827t095204-000003-03418D_ll_gd_GEO-IRWIN.nc,0.2535372848948374,train
635,DORIAN,al052019,2019-09-04 11:06:35,s1b-iw-owi-cm-20190904t110754-20190904t110934-000003-021A9D_ll_gd_GEO-IRWIN.nc,fuzzy_sat_time,2.8,40.27868333333333,41000.0,46,/scale/user/mtannaou/alternance/donnees_sar_aeqd_09_janvier/al052019/s1b-iw-owi-cm-20190904t110635-20190904t110934-000003-_aeqd.nc,/scale/project/ifremer-isi-jumeaunumerique/SARGEO/prototype/v00r00/cyclobs/al052019/IRWIN/s1b-iw-owi-cm-20190904t110754-20190904t110934-000003-021A9D_ll_gd_GEO-IRWIN.nc,0.91434034416826,nan
636,NORA,ep142021,2021-08-28 12:43:15,rs2-scwa-owi-cm-20210828t124315-20210828t124431-00003-______ll_gd_GEO-IRWIN.nc,exact_contains,0.3,35.696755555555555,91000.0,36,/scale/user/mtannaou/alternance/donnees_sar_aeqd_09_janvier/ep142021/rs2-scwa-owi-cm-20210828t124315-20210828t124431-00003_aeqd.nc,/scale/project/ifremer-isi-jumeaunumerique/SARGEO/prototype/v00r00/cyclobs/ep142021/IRWIN/rs2-scwa-owi-cm-20210828t124315-20210828t124431-00003-______ll_gd_GEO-IRWIN.nc,0.2351816443594646,val
637,NORA,ep142021,2021-08-29 12:57:31,s1b-ew-owi-cm-20210829t125731-20210829t125905-000003-036572_ll_gd_GEO-IRWIN.nc,exact_contains,3.2,25.82245109486043,31000.0,30,/scale/user/mtannaou/alternance/donnees_sar_aeqd_09_janvier/ep142021/s1b-ew-owi-cm-20210829t125731-20210829t125905-000003-_aeqd.nc,/scale/project/ifremer-isi-jumeaunumerique/SARGEO/prototype/v00r00/cyclobs/ep142021/IRWIN/s1b-ew-owi-cm-20210829t125731-20210829t125905-000003-036572_ll_gd_GEO-IRWIN.nc,0.5194391332058637,nan
638,FELICIA,ep062021,2021-07-17 02:21:56,rs2-scwa-owi-cm-20210717t022156-20210717t022312-00003-______ll_gd_GEO-IRWIN.nc,exact_contains,0.0,54.66294259259261,10000.0,60,/scale/user/mtannaou/alternance/donnees_sar_aeqd_09_janvier/ep062021/rs2-scwa-owi-cm-20210717t022156-20210717t022312-00003_aeqd.nc,/scale/project/ifremer-isi-jumeaunumerique/SARGEO/prototype/v00r00/cyclobs/ep062021/IRWIN/rs2-scwa-owi-cm-20210717t022156-20210717t022312-00003-______ll_gd_GEO-IRWIN.nc,0.0,train
639,FELICIA,ep062021,2021-07-18 14:20:39,rs2-scwa-owi-cm-20210718t142039-20210718t142154-00003-______ll_gd_GEO-IRWIN.nc,exact_contains,0.0,60.53162380952381,8000.0,58,/scale/user/mtannaou/alternance/donnees_sar_aeqd_09_janvier/ep062021/rs2-scwa-owi-cm-20210718t142039-20210718t142154-00003_aeqd.nc,/scale/project/ifremer-isi-jumeaunumerique/SARGEO/prototype/v00r00/cyclobs/ep062021/IRWIN/rs2-scwa-owi-cm-20210718t142039-20210718t142154-00003-______ll_gd_GEO-IRWIN.nc,0.0,train
640,BOLAVEN,wp152023,2023-10-12 20:08:43,rcm2-sclnd-owi-cm-20231012t200843-20231012t201000-00003-______ll_gd_GEO-IRWIN.nc,exact_contains,2.4,58.75092592592593,16000.0,71,/scale/user/mtannaou/alternance/donnees_sar_aeqd_09_janvier/wp152023/rcm2-sclnd-owi-cm-20231012t200843-20231012t201000-00003_aeqd.nc,/scale/project/ifremer-isi-jumeaunumerique/SARGEO/prototype/v00r00/cyclobs/wp152023/IRWIN/rcm2-sclnd-owi-cm-20231012t200843-20231012t201000-00003-______ll_gd_GEO-IRWIN.nc,0.0,train
641,BOLAVEN,wp152023,2023-10-10 20:26:27,rcm1-sclna-owi-cm-20231010t202627-20231010t202739-00003-______ll_gd_GEO-IRWIN.nc,exact_contains,3.05,24.72197401755613,19000.0,63,/scale/user/mtannaou/alternance/donnees_sar_aeqd_09_janvier/wp152023/rcm1-sclna-owi-cm-20231010t202627-20231010t202739-00003_aeqd.nc,/scale/project/ifremer-isi-jumeaunumerique/SARGEO/prototype/v00r00/cyclobs/wp152023/IRWIN/rcm1-sclna-owi-cm-20231010t202627-20231010t202739-00003-______ll_gd_GEO-IRWIN.nc,0.7872530274059911,nan
642,BOLAVEN,wp152023,2023-10-13 08:06:55,s1a-ew-owi-cm-20231013t080655-20231013t080759-000003-061D67_ll_gd_GEO-IRWIN.nc,exact_contains,0.5,45.05587499999999,117000.0,52,/scale/user/mtannaou/alternance/donnees_sar_aeqd_09_janvier/wp152023/s1a-ew-owi-cm-20231013t080655-20231013t080759-000003-_aeqd.nc,/scale/project/ifremer-isi-jumeaunumerique/SARGEO/prototype/v00r00/cyclobs/wp152023/IRWIN/s1a-ew-owi-cm-20231013t080655-20231013t080759-000003-061D67_ll_gd_GEO-IRWIN.nc,0.0,test
643,BOLAVEN,wp152023,2023-10-11 20:30:59,s1a-ew-owi-cm-20231011t203059-20231011t203203-000003-061CAB_ll_gd_GEO-IRWIN.nc,exact_contains,0.6,67.21673333333334,11000.0,79,/scale/user/mtannaou/alternance/donnees_sar_aeqd_09_janvier/wp152023/s1a-ew-owi-cm-20231011t203059-20231011t203203-000003-_aeqd.nc,/scale/project/ifremer-isi-jumeaunumerique/SARGEO/prototype/v00r00/cyclobs/wp152023/IRWIN/s1a-ew-owi-cm-20231011t203059-20231011t203203-000003-061CAB_ll_gd_GEO-IRWIN.nc,0.3662205226258763,train
644,BOLAVEN,wp152023,2023-10-10 08:31:02,rcm1-sclnd-owi-cm-20231010t083102-20231010t083203-00003-______ll_gd_GEO-IRWIN.nc,exact_contains,3.95,30.4187629537342,41000.0,38,/scale/user/mtannaou/alternance/donnees_sar_aeqd_09_janvier/wp152023/rcm1-sclnd-owi-cm-20231010t083102-20231010t083203-00003_aeqd.nc,/scale/project/ifremer-isi-jumeaunumerique/SARGEO/prototype/v00r00/cyclobs/wp152023/IRWIN/rcm1-sclnd-owi-cm-20231010t083102-20231010t083203-00003-______ll_gd_GEO-IRWIN.nc,0.6544295729764181,nan
645,BOLAVEN,wp152023,2023-10-11 20:33:15,rcm1-sclna-owi-cm-20231011t203315-20231011t203430-00003-______ll_gd_GEO-IRWIN.nc,exact_contains,4.05,36.6791904761901,63000.0,79,/scale/user/mtannaou/alternance/donnees_sar_aeqd_09_janvier/wp152023/rcm1-sclna-owi-cm-20231011t203315-20231011t203430-00003_aeqd.nc,/scale/project/ifremer-isi-jumeaunumerique/SARGEO/prototype/v00r00/cyclobs/wp152023/IRWIN/rcm1-sclna-owi-cm-20231011t203315-20231011t203430-00003-______ll_gd_GEO-IRWIN.nc,0.7105162523900573,nan
646,BOLAVEN,wp152023,2023-10-09 08:21:29,rcm1-sclnd-owi-cm-20231009t082129-20231009t082245-00003-______ll_gd_GEO-IRWIN.nc,exact_contains,0.0,27.372882449874783,29000.0,28,/scale/user/mtannaou/alternance/donnees_sar_aeqd_09_janvier/wp152023/rcm1-sclnd-owi-cm-20231009t082129-20231009t082245-00003_aeqd.nc,/scale/project/ifremer-isi-jumeaunumerique/SARGEO/prototype/v00r00/cyclobs/wp152023/IRWIN/rcm1-sclnd-owi-cm-20231009t082129-20231009t082245-00003-______ll_gd_GEO-IRWIN.nc,0.0,train
647,BOLAVEN,wp152023,2023-10-11 08:39:35,rcm1-sclnc-owi-cm-20231011t083935-20231011t084051-00003-______ll_gd_GEO-IRWIN.nc,exact_contains,0.6,72.56041111111114,10000.0,77,/scale/user/mtannaou/alternance/donnees_sar_aeqd_09_janvier/wp152023/rcm1-sclnc-owi-cm-20231011t083935-20231011t084051-00003_aeqd.nc,/scale/project/ifremer-isi-jumeaunumerique/SARGEO/prototype/v00r00/cyclobs/wp152023/IRWIN/rcm1-sclnc-owi-cm-20231011t083935-20231011t084051-00003-______ll_gd_GEO-IRWIN.nc,0.0,train
648,BOLAVEN,wp152023,2023-10-09 19:47:41,rcm2-sclnd-owi-cm-20231009t194741-20231009t194857-00003-______ll_gd_GEO-IRWIN.nc,exact_contains,3.35,35.13966662838276,31000.0,32,/scale/user/mtannaou/alternance/donnees_sar_aeqd_09_janvier/wp152023/rcm2-sclnd-owi-cm-20231009t194741-20231009t194857-00003_aeqd.nc,/scale/project/ifremer-isi-jumeaunumerique/SARGEO/prototype/v00r00/cyclobs/wp152023/IRWIN/rcm2-sclnd-owi-cm-20231009t194741-20231009t194857-00003-______ll_gd_GEO-IRWIN.nc,0.7859783301465901,nan
649,IVONE,sh242025,2025-03-13 14:14:11,rcm3-sclnd-owi-cm-20250313t141411-20250313t141431-00003-xxxxx_ll_gd_GEO-IRWIN.nc,exact_contains,3.05,20.68097482120376,130000.0,18,/scale/user/mtannaou/alternance/donnees_sar_aeqd_09_janvier/sh242025/rcm3-sclnd-owi-cm-20250313t141411-20250313t141431-00003_aeqd.nc,/scale/project/ifremer-isi-jumeaunumerique/SARGEO/prototype/v00r00/cyclobs/sh242025/IRWIN/rcm3-sclnd-owi-cm-20250313t141411-20250313t141431-00003-xxxxx_ll_gd_GEO-IRWIN.nc,1.0,nan
650,IVONE,sh242025,2025-03-09 13:11:35,rcm1-sclnd-owi-cm-20250309t131135-20250309t131250-00003-xxxxx_ll_gd_GEO-IRWIN.nc,exact_contains,3.05,22.83675994794069,5000.0,26,/scale/user/mtannaou/alternance/donnees_sar_aeqd_09_janvier/sh242025/rcm1-sclnd-owi-cm-20250309t131135-20250309t131250-00003_aeqd.nc,/scale/project/ifremer-isi-jumeaunumerique/SARGEO/prototype/v00r00/cyclobs/sh242025/IRWIN/rcm1-sclnd-owi-cm-20250309t131135-20250309t131250-00003-xxxxx_ll_gd_GEO-IRWIN.nc,1.0,nan
651,IVONE,sh242025,2025-03-14 00:55:56,rcm3-sclnb-owi-cm-20250314t005556-20250314t005712-00003-xxxxx_ll_gd_GEO-IRWIN.nc,exact_contains,2.2,24.22780633819888,123000.0,18,/scale/user/mtannaou/alternance/donnees_sar_aeqd_09_janvier/sh242025/rcm3-sclnb-owi-cm-20250314t005556-20250314t005712-00003_aeqd.nc,/scale/project/ifremer-isi-jumeaunumerique/SARGEO/prototype/v00r00/cyclobs/sh242025/IRWIN/rcm3-sclnb-owi-cm-20250314t005556-20250314t005712-00003-xxxxx_ll_gd_GEO-IRWIN.nc,0.889993626513703,nan
652,IVONE,sh242025,2025-03-11 13:26:46,rcm1-sclnd-owi-cm-20250311t132646-20250311t132802-00003-xxxxx_ll_gd_GEO-IRWIN.nc,exact_contains,2.0,21.303778171642243,238000.0,23,/scale/user/mtannaou/alternance/donnees_sar_aeqd_09_janvier/sh242025/rcm1-sclnd-owi-cm-20250311t132646-20250311t132802-00003_aeqd.nc,/scale/project/ifremer-isi-jumeaunumerique/SARGEO/prototype/v00r00/cyclobs/sh242025/IRWIN/rcm1-sclnd-owi-cm-20250311t132646-20250311t132802-00003-xxxxx_ll_gd_GEO-IRWIN.nc,0.0,nan
653,IVONE,sh242025,2025-03-12 13:34:43,rcm1-sclna-owi-cm-20250312t133443-20250312t133559-00003-xxxxx_ll_gd_GEO-IRWIN.nc,exact_contains,1.6,17.572386317393015,402000.0,18,/scale/user/mtannaou/alternance/donnees_sar_aeqd_09_janvier/sh242025/rcm1-sclna-owi-cm-20250312t133443-20250312t133559-00003_aeqd.nc,/scale/project/ifremer-isi-jumeaunumerique/SARGEO/prototype/v00r00/cyclobs/sh242025/IRWIN/rcm1-sclna-owi-cm-20250312t133443-20250312t133559-00003-xxxxx_ll_gd_GEO-IRWIN.nc,0.0,nan
654,IVONE,sh242025,2025-03-13 00:46:50,rcm3-sclnd-owi-cm-20250313t004650-20250313t004806-00003-xxxxx_ll_gd_GEO-IRWIN.nc,exact_contains,3.1,26.48972813209312,200000.0,18,/scale/user/mtannaou/alternance/donnees_sar_aeqd_09_janvier/sh242025/rcm3-sclnd-owi-cm-20250313t004650-20250313t004806-00003_aeqd.nc,/scale/project/ifremer-isi-jumeaunumerique/SARGEO/prototype/v00r00/cyclobs/sh242025/IRWIN/rcm3-sclnd-owi-cm-20250313t004650-20250313t004806-00003-xxxxx_ll_gd_GEO-IRWIN.nc,0.0,nan
655,IVONE,sh242025,2025-03-10 23:57:33,rcm1-sclnd-owi-cm-20250310t235733-20250310t235849-00003-xxxxx_ll_gd_GEO-IRWIN.nc,exact_contains,2.0,18.142814294322186,310000.0,23,/scale/user/mtannaou/alternance/donnees_sar_aeqd_09_janvier/sh242025/rcm1-sclnd-owi-cm-20250310t235733-20250310t235849-00003_aeqd.nc,/scale/project/ifremer-isi-jumeaunumerique/SARGEO/prototype/v00r00/cyclobs/sh242025/IRWIN/rcm1-sclnd-owi-cm-20250310t235733-20250310t235849-00003-xxxxx_ll_gd_GEO-IRWIN.nc,0.2265137029955385,nan
656,IVONE,sh242025,2025-03-12 00:37:54,rcm3-sclna-owi-cm-20250312t003754-20250312t003909-00003-xxxxx_ll_gd_GEO-IRWIN.nc,exact_contains,1.7,21.625025256241564,259000.0,20,/scale/user/mtannaou/alternance/donnees_sar_aeqd_09_janvier/sh242025/rcm3-sclna-owi-cm-20250312t003754-20250312t003909-00003_aeqd.nc,/scale/project/ifremer-isi-jumeaunumerique/SARGEO/prototype/v00r00/cyclobs/sh242025/IRWIN/rcm3-sclna-owi-cm-20250312t003754-20250312t003909-00003-xxxxx_ll_gd_GEO-IRWIN.nc,0.1578075207138304,nan
657,BIPARJOY,io022023,2023-06-10 13:37:12,rcm3-sc50ma-owi-cm-20230610t133712-20230610t133827-00003-______ll_gd_GEO-IRWIN.nc,exact_contains,0.0,54.53273703703704,24000.0,54,/scale/user/mtannaou/alternance/donnees_sar_aeqd_09_janvier/io022023/rcm3-sc50ma-owi-cm-20230610t133712-20230610t133827-00003_aeqd.nc,/scale/project/ifremer-isi-jumeaunumerique/SARGEO/prototype/v00r00/cyclobs/io022023/IRWIN/rcm3-sc50ma-owi-cm-20230610t133712-20230610t133827-00003-______ll_gd_GEO-IRWIN.nc,0.0,test
658,BIPARJOY,io022023,2023-06-08 13:52:10,rcm2-sc50mc-owi-cm-20230608t135210-20230608t135327-00003-______ll_gd_GEO-IRWIN.nc,exact_contains,0.0,49.51020000000002,19000.0,39,/scale/user/mtannaou/alternance/donnees_sar_aeqd_09_janvier/io022023/rcm2-sc50mc-owi-cm-20230608t135210-20230608t135327-00003_aeqd.nc,/scale/project/ifremer-isi-jumeaunumerique/SARGEO/prototype/v00r00/cyclobs/io022023/IRWIN/rcm2-sc50mc-owi-cm-20230608t135210-20230608t135327-00003-______ll_gd_GEO-IRWIN.nc,0.1667304015296367,train
659,BIPARJOY,io022023,2023-06-13 13:30:12,rcm1-sclna-owi-cm-20230613t133012-20230613t133103-00003-______ll_gd_GEO-IRWIN.nc,exact_contains,0.0,42.92965925925927,48000.0,48,/scale/user/mtannaou/alternance/donnees_sar_aeqd_09_janvier/io022023/rcm1-sclna-owi-cm-20230613t133012-20230613t133103-00003_aeqd.nc,/scale/project/ifremer-isi-jumeaunumerique/SARGEO/prototype/v00r00/cyclobs/io022023/IRWIN/rcm1-sclna-owi-cm-20230613t133012-20230613t133103-00003-______ll_gd_GEO-IRWIN.nc,0.4912683237731038,train
660,BIPARJOY,io022023,2023-06-11 01:32:01,rcm3-sc50mb-owi-cm-20230611t013201-20230611t013318-00003-______ll_gd_GEO-IRWIN.nc,exact_contains,2.5,23.958869218653923,32000.0,54,/scale/user/mtannaou/alternance/donnees_sar_aeqd_09_janvier/io022023/rcm3-sc50mb-owi-cm-20230611t013201-20230611t013318-00003_aeqd.nc,/scale/project/ifremer-isi-jumeaunumerique/SARGEO/prototype/v00r00/cyclobs/io022023/IRWIN/rcm3-sc50mb-owi-cm-20230611t013201-20230611t013318-00003-______ll_gd_GEO-IRWIN.nc,0.9806246016571064,nan
661,BIPARJOY,io022023,2023-06-14 01:26:41,s1a-iw-owi-cm-20230614t012641-20230614t012816-000003-05E3BE_ll_gd_GEO-IRWIN.nc,exact_contains,0.7,47.89531481481482,42000.0,45,/scale/user/mtannaou/alternance/donnees_sar_aeqd_09_janvier/io022023/s1a-iw-owi-cm-20230614t012641-20230614t012816-000003-_aeqd.nc,/scale/project/ifremer-isi-jumeaunumerique/SARGEO/prototype/v00r00/cyclobs/io022023/IRWIN/s1a-iw-owi-cm-20230614t012641-20230614t012816-000003-05E3BE_ll_gd_GEO-IRWIN.nc,0.0930528999362651,test
662,BIPARJOY,io022023,2023-06-14 01:22:42,rcm1-sc50mc-owi-cm-20230614t012242-20230614t012349-00003-______ll_gd_GEO-IRWIN.nc,exact_contains,0.7,45.601659259259456,43000.0,45,/scale/user/mtannaou/alternance/donnees_sar_aeqd_09_janvier/io022023/rcm1-sc50mc-owi-cm-20230614t012242-20230614t012349-00003_aeqd.nc,/scale/project/ifremer-isi-jumeaunumerique/SARGEO/prototype/v00r00/cyclobs/io022023/IRWIN/rcm1-sc50mc-owi-cm-20230614t012242-20230614t012349-00003-______ll_gd_GEO-IRWIN.nc,0.0131293817718291,val
663,BIPARJOY,io022023,2023-06-13 13:30:12,rcm1-sc50ma-owi-cm-20230613t132954-20230613t133013-00003-______ll_gd_GEO-IRWIN.nc,fuzzy_sat_time,0.0,42.92965925925927,48000.0,48,/scale/user/mtannaou/alternance/donnees_sar_aeqd_09_janvier/io022023/rcm1-sclna-owi-cm-20230613t133012-20230613t133103-00003_aeqd.nc,/scale/project/ifremer-isi-jumeaunumerique/SARGEO/prototype/v00r00/cyclobs/io022023/IRWIN/rcm1-sc50ma-owi-cm-20230613t132954-20230613t133013-00003-______ll_gd_GEO-IRWIN.nc,0.4912683237731038,train
664,BIPARJOY,io022023,2023-06-10 01:24:27,rcm3-sc50mc-owi-cm-20230610t012427-20230610t012545-00003-______ll_gd_GEO-IRWIN.nc,exact_contains,1.4,54.58828888888856,19000.0,50,/scale/user/mtannaou/alternance/donnees_sar_aeqd_09_janvier/io022023/rcm3-sc50mc-owi-cm-20230610t012427-20230610t012545-00003_aeqd.nc,/scale/project/ifremer-isi-jumeaunumerique/SARGEO/prototype/v00r00/cyclobs/io022023/IRWIN/rcm3-sc50mc-owi-cm-20230610t012427-20230610t012545-00003-______ll_gd_GEO-IRWIN.nc,0.1876354365838113,test
665,BIPARJOY,io022023,2023-06-11 13:45:33,rcm3-sc50mc-owi-cm-20230611t134533-20230611t134648-00003-______ll_gd_GEO-IRWIN.nc,exact_contains,1.2,,,50,/scale/user/mtannaou/alternance/donnees_sar_aeqd_09_janvier/io022023/rcm3-sc50mc-owi-cm-20230611t134533-20230611t134648-00003_aeqd.nc,/scale/project/ifremer-isi-jumeaunumerique/SARGEO/prototype/v00r00/cyclobs/io022023/IRWIN/rcm3-sc50mc-owi-cm-20230611t134533-20230611t134648-00003-______ll_gd_GEO-IRWIN.nc,0.5696622052262588,nan
666,LEKIMA,wp102019,2019-08-09 10:00:42,s1a-iw-owi-cm-20190809t100111-20190809t100316-000003-033873_ll_gd_GEO-IRWIN.nc,fuzzy_sat_time,5.0,39.5913,59000.0,51,/scale/user/mtannaou/alternance/donnees_sar_aeqd_09_janvier/wp102019/s1a-iw-owi-cm-20190809t100042-20190809t100316-000003-_aeqd.nc,/scale/project/ifremer-isi-jumeaunumerique/SARGEO/prototype/v00r00/cyclobs/wp102019/IRWIN/s1a-iw-owi-cm-20190809t100111-20190809t100316-000003-033873_ll_gd_GEO-IRWIN.nc,0.7593371574251115,nan
667,LEKIMA,wp102019,2019-08-10 09:53:40,s1b-iw-owi-cm-20190810t095340-20190810t095455-000003-020F3E_ll_gd_GEO-IRWIN.nc,exact_contains,4.6,,,32,/scale/user/mtannaou/alternance/donnees_sar_aeqd_09_janvier/wp102019/s1b-iw-owi-cm-20190810t095340-20190810t095455-000003-_aeqd.nc,/scale/project/ifremer-isi-jumeaunumerique/SARGEO/prototype/v00r00/cyclobs/wp102019/IRWIN/s1b-iw-owi-cm-20190810t095340-20190810t095455-000003-020F3E_ll_gd_GEO-IRWIN.nc,0.935627788400255,nan
668,KUJIRA,wp152020,2020-09-30 06:48:59,rs2-scwa-owi-cm-20200930t064859-20200930t065230-00003-______ll_gd_GEO-IRWIN.nc,exact_contains,2.1,25.34584109050225,112000.0,23,/scale/user/mtannaou/alternance/donnees_sar_aeqd_09_janvier/wp152020/rs2-scwa-owi-cm-20200930t064859-20200930t065230-00003_aeqd.nc,/scale/project/ifremer-isi-jumeaunumerique/SARGEO/prototype/v00r00/cyclobs/wp152020/IRWIN/rs2-scwa-owi-cm-20200930t064859-20200930t065230-00003-______ll_gd_GEO-IRWIN.nc,0.15717017208413,train
669,TAMMY,al202023,2023-10-21 22:20:16,rcm2-sclnc-owi-cm-20231021t222016-20231021t222133-00003-______ll_gd_GEO-IRWIN.nc,exact_contains,0.9,38.78108518514269,13000.0,39,/scale/user/mtannaou/alternance/donnees_sar_aeqd_09_janvier/al202023/rcm2-sclnc-owi-cm-20231021t222016-20231021t222133-00003_aeqd.nc,/scale/project/ifremer-isi-jumeaunumerique/SARGEO/prototype/v00r00/cyclobs/al202023/IRWIN/rcm2-sclnc-owi-cm-20231021t222016-20231021t222133-00003-______ll_gd_GEO-IRWIN.nc,0.1140854047163798,train
670,TAMMY,al202023,2023-10-24 22:13:58,rcm3-sclnc-owi-cm-20231024t221358-20231024t221514-00003-______ll_gd_GEO-IRWIN.nc,exact_contains,0.0,37.03557777746301,29000.0,37,/scale/user/mtannaou/alternance/donnees_sar_aeqd_09_janvier/al202023/rcm3-sclnc-owi-cm-20231024t221358-20231024t221514-00003_aeqd.nc,/scale/project/ifremer-isi-jumeaunumerique/SARGEO/prototype/v00r00/cyclobs/al202023/IRWIN/rcm3-sclnc-owi-cm-20231024t221358-20231024t221514-00003-______ll_gd_GEO-IRWIN.nc,0.0,train
671,TAMMY,al202023,2023-10-26 21:59:20,rcm1-sc50ma-owi-cm-20231026t215920-20231026t220038-00003-______ll_gd_GEO-IRWIN.nc,exact_contains,0.0,28.47555417419231,92000.0,32,/scale/user/mtannaou/alternance/donnees_sar_aeqd_09_janvier/al202023/rcm1-sc50ma-owi-cm-20231026t215920-20231026t220038-00003_aeqd.nc,/scale/project/ifremer-isi-jumeaunumerique/SARGEO/prototype/v00r00/cyclobs/al202023/IRWIN/rcm1-sc50ma-owi-cm-20231026t215920-20231026t220038-00003-______ll_gd_GEO-IRWIN.nc,0.0246016571064372,val
672,TAMMY,al202023,2023-10-19 22:02:00,s1a-iw-owi-cm-20231019t220229-20231019t220344-000003-0620B5_ll_gd_GEO-IRWIN.nc,fuzzy_sat_time,1.25,13.812518518518516,56000.0,26,/scale/user/mtannaou/alternance/donnees_sar_aeqd_09_janvier/al202023/s1a-iw-owi-cm-20231019t220200-20231019t220344-000003-_aeqd.nc,/scale/project/ifremer-isi-jumeaunumerique/SARGEO/prototype/v00r00/cyclobs/al202023/IRWIN/s1a-iw-owi-cm-20231019t220229-20231019t220344-000003-0620B5_ll_gd_GEO-IRWIN.nc,0.2981516889738687,train
673,TAMMY,al202023,2023-10-22 10:14:27,rcm2-sclna-owi-cm-20231022t101427-20231022t101542-00003-______ll_gd_GEO-IRWIN.nc,exact_contains,3.95,30.15172962656433,26000.0,37,/scale/user/mtannaou/alternance/donnees_sar_aeqd_09_janvier/al202023/rcm2-sclna-owi-cm-20231022t101427-20231022t101542-00003_aeqd.nc,/scale/project/ifremer-isi-jumeaunumerique/SARGEO/prototype/v00r00/cyclobs/al202023/IRWIN/rcm2-sclna-owi-cm-20231022t101427-20231022t101542-00003-______ll_gd_GEO-IRWIN.nc,0.6836201402166985,nan
674,TAMMY,al202023,2023-10-25 10:04:50,rcm3-sc50ma-owi-cm-20231025t100450-20231025t100606-00003-______ll_gd_GEO-IRWIN.nc,exact_contains,0.0,59.05272962962962,19000.0,45,/scale/user/mtannaou/alternance/donnees_sar_aeqd_09_janvier/al202023/rcm3-sc50ma-owi-cm-20231025t100450-20231025t100606-00003_aeqd.nc,/scale/project/ifremer-isi-jumeaunumerique/SARGEO/prototype/v00r00/cyclobs/al202023/IRWIN/rcm3-sc50ma-owi-cm-20231025t100450-20231025t100606-00003-______ll_gd_GEO-IRWIN.nc,0.2401529636711281,test
675,TAMMY,al202023,2023-10-20 22:11:21,rcm2-sclnb-owi-cm-20231020t221121-20231020t221235-00003-______ll_gd_GEO-IRWIN.nc,exact_contains,0.0,39.75513703639373,17000.0,35,/scale/user/mtannaou/alternance/donnees_sar_aeqd_09_janvier/al202023/rcm2-sclnb-owi-cm-20231020t221121-20231020t221235-00003_aeqd.nc,/scale/project/ifremer-isi-jumeaunumerique/SARGEO/prototype/v00r00/cyclobs/al202023/IRWIN/rcm2-sclnb-owi-cm-20231020t221121-20231020t221235-00003-______ll_gd_GEO-IRWIN.nc,0.2312300828553218,test
676,TAMMY,al202023,2023-10-27 22:07:29,rcm1-sc50mc-owi-cm-20231027t220729-20231027t220848-00003-______ll_gd_GEO-IRWIN.nc,exact_contains,0.0,33.78083696570918,36000.0,27,/scale/user/mtannaou/alternance/donnees_sar_aeqd_09_janvier/al202023/rcm1-sc50mc-owi-cm-20231027t220729-20231027t220848-00003_aeqd.nc,/scale/project/ifremer-isi-jumeaunumerique/SARGEO/prototype/v00r00/cyclobs/al202023/IRWIN/rcm1-sc50mc-owi-cm-20231027t220729-20231027t220848-00003-______ll_gd_GEO-IRWIN.nc,0.0,train
677,TAMMY,al202023,2023-10-22 22:28:41,rcm2-sclnd-owi-cm-20231022t222841-20231022t222957-00003-______ll_gd_GEO-IRWIN.nc,exact_contains,0.0,30.99011430155592,25000.0,38,/scale/user/mtannaou/alternance/donnees_sar_aeqd_09_janvier/al202023/rcm2-sclnd-owi-cm-20231022t222841-20231022t222957-00003_aeqd.nc,/scale/project/ifremer-isi-jumeaunumerique/SARGEO/prototype/v00r00/cyclobs/al202023/IRWIN/rcm2-sclnd-owi-cm-20231022t222841-20231022t222957-00003-______ll_gd_GEO-IRWIN.nc,0.0,train
678,ALVARO,sh042024,2024-01-01 02:52:43,s1a-ew-owi-cm-20240101t025243-20240101t025441-000003-06457B_ll_gd_GEO-IRWIN.nc,exact_contains,0.5,30.76125670718584,25000.0,26,/scale/user/mtannaou/alternance/donnees_sar_aeqd_09_janvier/sh042024/s1a-ew-owi-cm-20240101t025243-20240101t025441-000003-_aeqd.nc,/scale/project/ifremer-isi-jumeaunumerique/SARGEO/prototype/v00r00/cyclobs/sh042024/IRWIN/s1a-ew-owi-cm-20240101t025243-20240101t025441-000003-06457B_ll_gd_GEO-IRWIN.nc,0.3260675589547482,val
679,ALVARO,sh042024,2024-01-05 14:36:34,rcm2-sclnc-owi-cm-20240105t143634-20240105t143749-00003-______ll_gd_GEO-IRWIN.nc,exact_contains,2.25,21.273803176869272,187000.0,20,/scale/user/mtannaou/alternance/donnees_sar_aeqd_09_janvier/sh042024/rcm2-sclnc-owi-cm-20240105t143634-20240105t143749-00003_aeqd.nc,/scale/project/ifremer-isi-jumeaunumerique/SARGEO/prototype/v00r00/cyclobs/sh042024/IRWIN/rcm2-sclnc-owi-cm-20240105t143634-20240105t143749-00003-______ll_gd_GEO-IRWIN.nc,0.3908221797323136,nan
680,DAMREY,wp082023,2023-08-26 07:53:23,rcm3-sclnb-owi-cm-20230826t075323-20230826t075440-00003-______ll_gd_GEO-IRWIN.nc,exact_contains,0.6,39.19424074074046,31000.0,26,/scale/user/mtannaou/alternance/donnees_sar_aeqd_09_janvier/wp082023/rcm3-sclnb-owi-cm-20230826t075323-20230826t075440-00003_aeqd.nc,/scale/project/ifremer-isi-jumeaunumerique/SARGEO/prototype/v00r00/cyclobs/wp082023/IRWIN/rcm3-sclnb-owi-cm-20230826t075323-20230826t075440-00003-______ll_gd_GEO-IRWIN.nc,0.0546845124282982,val
681,DAMREY,wp082023,2023-08-28 08:13:25,rcm3-sclnc-owi-cm-20230828t081325-20230828t081443-00003-______ll_gd_GEO-IRWIN.nc,exact_contains,0.0,33.03904814256321,54000.0,26,/scale/user/mtannaou/alternance/donnees_sar_aeqd_09_janvier/wp082023/rcm3-sclnc-owi-cm-20230828t081325-20230828t081443-00003_aeqd.nc,/scale/project/ifremer-isi-jumeaunumerique/SARGEO/prototype/v00r00/cyclobs/wp082023/IRWIN/rcm3-sclnc-owi-cm-20230828t081325-20230828t081443-00003-______ll_gd_GEO-IRWIN.nc,0.0,val
682,DAMREY,wp082023,2023-08-27 08:03:50,rcm3-sclna-owi-cm-20230827t080350-20230827t080507-00003-______ll_gd_GEO-IRWIN.nc,exact_contains,3.3,39.12423333333332,14000.0,33,/scale/user/mtannaou/alternance/donnees_sar_aeqd_09_janvier/wp082023/rcm3-sclna-owi-cm-20230827t080350-20230827t080507-00003_aeqd.nc,/scale/project/ifremer-isi-jumeaunumerique/SARGEO/prototype/v00r00/cyclobs/wp082023/IRWIN/rcm3-sclna-owi-cm-20230827t080350-20230827t080507-00003-______ll_gd_GEO-IRWIN.nc,0.838623326959847,nan
683,DAMREY,wp082023,2023-08-27 20:21:00,rcm2-sclna-owi-cm-20230827t202100-20230827t202217-00003-______ll_gd_GEO-IRWIN.nc,exact_contains,3.05,27.50656732447468,53000.0,31,/scale/user/mtannaou/alternance/donnees_sar_aeqd_09_janvier/wp082023/rcm2-sclna-owi-cm-20230827t202100-20230827t202217-00003_aeqd.nc,/scale/project/ifremer-isi-jumeaunumerique/SARGEO/prototype/v00r00/cyclobs/wp082023/IRWIN/rcm2-sclna-owi-cm-20230827t202100-20230827t202217-00003-______ll_gd_GEO-IRWIN.nc,0.7611217335882727,nan
684,SEBASTIEN,al202019,2019-11-21 22:04:35,s1a-iw-owi-cm-20191121t220435-20191121t220530-000003-036D35_ll_gd_GEO-IRWIN.nc,exact_contains,1.45,31.543851851851848,29000.0,26,/scale/user/mtannaou/alternance/donnees_sar_aeqd_09_janvier/al202019/s1a-iw-owi-cm-20191121t220435-20191121t220530-000003-_aeqd.nc,/scale/project/ifremer-isi-jumeaunumerique/SARGEO/prototype/v00r00/cyclobs/al202019/IRWIN/s1a-iw-owi-cm-20191121t220435-20191121t220530-000003-036D35_ll_gd_GEO-IRWIN.nc,0.5895474824729127,nan
685,DANAS,wp052025,2025-07-05 10:25:04,rcm3-sc50mc-owi-cm-20250705t102504-20250705t102621-00003-xxxxx_ll_gd_GEO-IRWIN.nc,exact_contains,3.0,31.638663435140245,60000.0,30,/scale/user/mtannaou/alternance/donnees_sar_aeqd_09_janvier/wp052025no_env/rcm3-sc50mc-owi-cm-20250705t102504-20250705t102621-00003_aeqd.nc,/scale/project/ifremer-isi-jumeaunumerique/SARGEO/prototype/v00r00/cyclobs/wp052025/IRWIN/rcm3-sc50mc-owi-cm-20250705t102504-20250705t102621-00003-xxxxx_ll_gd_GEO-IRWIN.nc,0.6294455066921606,nan
686,DANAS,wp052025,2025-07-04 10:16:44,rcm3-sc50mc-owi-cm-20250704t101644-20250704t101748-00003-xxxxx_ll_gd_GEO-IRWIN.nc,exact_contains,0.0,,,17,/scale/user/mtannaou/alternance/donnees_sar_aeqd_09_janvier/wp052025no_env/rcm3-sc50mc-owi-cm-20250704t101644-20250704t101748-00003_aeqd.nc,/scale/project/ifremer-isi-jumeaunumerique/SARGEO/prototype/v00r00/cyclobs/wp052025/IRWIN/rcm3-sc50mc-owi-cm-20250704t101644-20250704t101748-00003-xxxxx_ll_gd_GEO-IRWIN.nc,0.1377947737412364,nan
687,LORENZO,al122025,2025-10-14 21:15:37,rcm2-sclnd-owi-cm-20251014t211537-20251014t211647-00003-xxxxx_ll_gd_GEO-IRWIN.nc,exact_contains,2.75,14.557489550921089,36000.0,18,/scale/user/mtannaou/alternance/donnees_sar_aeqd_09_janvier/al122025no_env/rcm2-sclnd-owi-cm-20251014t211537-20251014t211647-00003_aeqd.nc,/scale/project/ifremer-isi-jumeaunumerique/SARGEO/prototype/v00r00/cyclobs/al122025/IRWIN/rcm2-sclnd-owi-cm-20251014t211537-20251014t211647-00003-xxxxx_ll_gd_GEO-IRWIN.nc,0.3645634161886552,train
688,SERU,sh212025,2025-02-27 06:59:56,rcm1-sclnb-owi-cm-20250227t065956-20250227t070111-00003-xxxxx_ll_gd_GEO-IRWIN.nc,exact_contains,0.25,20.54411322597305,425000.0,23,/scale/user/mtannaou/alternance/donnees_sar_aeqd_09_janvier/sh212025/rcm1-sclnb-owi-cm-20250227t065956-20250227t070111-00003_aeqd.nc,/scale/project/ifremer-isi-jumeaunumerique/SARGEO/prototype/v00r00/cyclobs/sh212025/IRWIN/rcm1-sclnb-owi-cm-20250227t065956-20250227t070111-00003-xxxxx_ll_gd_GEO-IRWIN.nc,0.2876991714467813,nan
689,SERU,sh212025,2025-02-27 07:12:06,s1a-iw-owi-cm-20250227t071206-20250227t071241-000003-072BF0_ll_gd_GEO-IRWIN.nc,exact_contains,0.25,31.67050654761905,115000.0,23,/scale/user/mtannaou/alternance/donnees_sar_aeqd_09_janvier/sh212025/s1a-iw-owi-cm-20250227t071206-20250227t071241-000003-_aeqd.nc,/scale/project/ifremer-isi-jumeaunumerique/SARGEO/prototype/v00r00/cyclobs/sh212025/IRWIN/s1a-iw-owi-cm-20250227t071206-20250227t071241-000003-072BF0_ll_gd_GEO-IRWIN.nc,0.3166347992351816,val
690,SERU,sh212025,2025-02-25 07:17:36,rcm3-sclnd-owi-cm-20250225t071736-20250225t071852-00003-xxxxx_ll_gd_GEO-IRWIN.nc,exact_contains,2.55,20.429895306245868,21000.0,26,/scale/user/mtannaou/alternance/donnees_sar_aeqd_09_janvier/sh212025/rcm3-sclnd-owi-cm-20250225t071736-20250225t071852-00003_aeqd.nc,/scale/project/ifremer-isi-jumeaunumerique/SARGEO/prototype/v00r00/cyclobs/sh212025/IRWIN/rcm3-sclnd-owi-cm-20250225t071736-20250225t071852-00003-xxxxx_ll_gd_GEO-IRWIN.nc,0.5965583173996176,nan
691,SERU,sh212025,2025-02-28 17:48:19,rcm1-sclnc-owi-cm-20250228t174819-20250228t174934-00003-xxxxx_ll_gd_GEO-IRWIN.nc,exact_contains,0.0,16.172748905823926,295000.0,16,/scale/user/mtannaou/alternance/donnees_sar_aeqd_09_janvier/sh212025/rcm1-sclnc-owi-cm-20250228t174819-20250228t174934-00003_aeqd.nc,/scale/project/ifremer-isi-jumeaunumerique/SARGEO/prototype/v00r00/cyclobs/sh212025/IRWIN/rcm1-sclnc-owi-cm-20250228t174819-20250228t174934-00003-xxxxx_ll_gd_GEO-IRWIN.nc,0.0317399617590822,nan
692,SERU,sh212025,2025-02-26 18:04:04,rcm3-sclna-owi-cm-20250226t180404-20250226t180518-00003-xxxxx_ll_gd_GEO-IRWIN.nc,exact_contains,0.25,25.37053162705239,80000.0,26,/scale/user/mtannaou/alternance/donnees_sar_aeqd_09_janvier/sh212025/rcm3-sclna-owi-cm-20250226t180404-20250226t180518-00003_aeqd.nc,/scale/project/ifremer-isi-jumeaunumerique/SARGEO/prototype/v00r00/cyclobs/sh212025/IRWIN/rcm3-sclna-owi-cm-20250226t180404-20250226t180518-00003-xxxxx_ll_gd_GEO-IRWIN.nc,0.4545570427023582,val
693,SERU,sh212025,2025-02-25 17:55:36,rcm3-sclnd-owi-cm-20250225t175536-20250225t175651-00003-xxxxx_ll_gd_GEO-IRWIN.nc,exact_contains,3.6,30.97201267308353,27000.0,28,/scale/user/mtannaou/alternance/donnees_sar_aeqd_09_janvier/sh212025/rcm3-sclnd-owi-cm-20250225t175536-20250225t175651-00003_aeqd.nc,/scale/project/ifremer-isi-jumeaunumerique/SARGEO/prototype/v00r00/cyclobs/sh212025/IRWIN/rcm3-sclnd-owi-cm-20250225t175536-20250225t175651-00003-xxxxx_ll_gd_GEO-IRWIN.nc,0.7074569789674953,nan
694,SERU,sh212025,2025-02-28 07:07:42,rcm1-sclnd-owi-cm-20250228t070742-20250228t070859-00003-xxxxx_ll_gd_GEO-IRWIN.nc,exact_contains,0.6,21.4270128778022,262000.0,21,/scale/user/mtannaou/alternance/donnees_sar_aeqd_09_janvier/sh212025/rcm1-sclnd-owi-cm-20250228t070742-20250228t070859-00003_aeqd.nc,/scale/project/ifremer-isi-jumeaunumerique/SARGEO/prototype/v00r00/cyclobs/sh212025/IRWIN/rcm1-sclnd-owi-cm-20250228t070742-20250228t070859-00003-xxxxx_ll_gd_GEO-IRWIN.nc,0.0,nan
695,SERU,sh212025,2025-02-26 06:52:48,rcm1-sclna-owi-cm-20250226t065248-20250226t065404-00003-xxxxx_ll_gd_GEO-IRWIN.nc,exact_contains,2.1500000000000004,24.24807713466139,32000.0,28,/scale/user/mtannaou/alternance/donnees_sar_aeqd_09_janvier/sh212025/rcm1-sclna-owi-cm-20250226t065248-20250226t065404-00003_aeqd.nc,/scale/project/ifremer-isi-jumeaunumerique/SARGEO/prototype/v00r00/cyclobs/sh212025/IRWIN/rcm1-sclna-owi-cm-20250226t065248-20250226t065404-00003-xxxxx_ll_gd_GEO-IRWIN.nc,1.0,nan
696,PRISCILLA,ep162025,2025-10-10 13:49:44,rcm1-sc50ma-owi-cm-20251010t134944-20251010t135056-00003-xxxxx_ll_gd_GEO-IRWIN.nc,exact_contains,4.55,19.24794330823348,27000.0,19,/scale/user/mtannaou/alternance/donnees_sar_aeqd_09_janvier/ep162025no_env/rcm1-sc50ma-owi-cm-20251010t134944-20251010t135056-00003_aeqd.nc,/scale/project/ifremer-isi-jumeaunumerique/SARGEO/prototype/v00r00/cyclobs/ep162025/IRWIN/rcm1-sc50ma-owi-cm-20251010t134944-20251010t135056-00003-xxxxx_ll_gd_GEO-IRWIN.nc,0.7376673040152963,nan
697,PRISCILLA,ep162025,2025-10-05 13:12:23,rcm1-sc50ma-owi-cm-20251005t131223-20251005t131338-00003-xxxxx_ll_gd_GEO-IRWIN.nc,exact_contains,2.8,23.41731674671719,48000.0,29,/scale/user/mtannaou/alternance/donnees_sar_aeqd_09_janvier/ep162025no_env/rcm1-sc50ma-owi-cm-20251005t131223-20251005t131338-00003_aeqd.nc,/scale/project/ifremer-isi-jumeaunumerique/SARGEO/prototype/v00r00/cyclobs/ep162025/IRWIN/rcm1-sc50ma-owi-cm-20251005t131223-20251005t131338-00003-xxxxx_ll_gd_GEO-IRWIN.nc,0.9153601019757808,nan
698,PRISCILLA,ep162025,2025-10-09 13:42:20,rcm1-sc50ma-owi-cm-20251009t134220-20251009t134332-00003-xxxxx_ll_gd_GEO-IRWIN.nc,exact_contains,0.0,25.40766523230172,83000.0,21,/scale/user/mtannaou/alternance/donnees_sar_aeqd_09_janvier/ep162025no_env/rcm1-sc50ma-owi-cm-20251009t134220-20251009t134332-00003_aeqd.nc,/scale/project/ifremer-isi-jumeaunumerique/SARGEO/prototype/v00r00/cyclobs/ep162025/IRWIN/rcm1-sc50ma-owi-cm-20251009t134220-20251009t134332-00003-xxxxx_ll_gd_GEO-IRWIN.nc,0.1524537922243467,val
699,PRISCILLA,ep162025,2025-10-09 13:28:54,s1a-iw-owi-cm-20251009t132854-20251009t133111-000003-07A7BB_ll_gd_GEO-IRWIN.nc,exact_contains,0.25,23.783944444444444,86000.0,21,/scale/user/mtannaou/alternance/donnees_sar_aeqd_09_janvier/ep162025no_env/s1a-iw-owi-cm-20251009t132854-20251009t133111-000003-_aeqd.nc,/scale/project/ifremer-isi-jumeaunumerique/SARGEO/prototype/v00r00/cyclobs/ep162025/IRWIN/s1a-iw-owi-cm-20251009t132854-20251009t133111-000003-07A7BB_ll_gd_GEO-IRWIN.nc,0.4803059273422562,train
700,PRISCILLA,ep162025,2025-10-06 01:24:37,rcm1-sc50mc-owi-cm-20251006t012437-20251006t012551-00003-xxxxx_ll_gd_GEO-IRWIN.nc,exact_contains,0.25,29.61382923677247,101000.0,35,/scale/user/mtannaou/alternance/donnees_sar_aeqd_09_janvier/ep162025no_env/rcm1-sc50mc-owi-cm-20251006t012437-20251006t012551-00003_aeqd.nc,/scale/project/ifremer-isi-jumeaunumerique/SARGEO/prototype/v00r00/cyclobs/ep162025/IRWIN/rcm1-sc50mc-owi-cm-20251006t012437-20251006t012551-00003-xxxxx_ll_gd_GEO-IRWIN.nc,0.2998087954110898,train
701,PRISCILLA,ep162025,2025-10-08 01:28:51,s1c-ew-owi-cm-20251008t012851-20251008t012954-000003-008D6E_ll_gd_GEO-IRWIN.nc,exact_contains,0.0,37.85081481481482,49000.0,48,/scale/user/mtannaou/alternance/donnees_sar_aeqd_09_janvier/ep162025no_env/s1c-ew-owi-cm-20251008t012851-20251008t012954-000003-_aeqd.nc,/scale/project/ifremer-isi-jumeaunumerique/SARGEO/prototype/v00r00/cyclobs/ep162025/IRWIN/s1c-ew-owi-cm-20251008t012851-20251008t012954-000003-008D6E_ll_gd_GEO-IRWIN.nc,0.0,test
702,PRISCILLA,ep162025,2025-10-08 13:34:54,rcm1-sc50ma-owi-cm-20251008t133454-20251008t133609-00003-xxxxx_ll_gd_GEO-IRWIN.nc,exact_contains,1.3,,,35,/scale/user/mtannaou/alternance/donnees_sar_aeqd_09_janvier/ep162025no_env/rcm1-sc50ma-owi-cm-20251008t133454-20251008t133609-00003_aeqd.nc,/scale/project/ifremer-isi-jumeaunumerique/SARGEO/prototype/v00r00/cyclobs/ep162025/IRWIN/rcm1-sc50ma-owi-cm-20251008t133454-20251008t133609-00003-xxxxx_ll_gd_GEO-IRWIN.nc,0.6615678776290631,nan
703,PRISCILLA,ep162025,2025-10-09 01:50:26,rcm1-sc50mc-owi-cm-20251009t015026-20251009t015142-00003-xxxxx_ll_gd_GEO-IRWIN.nc,exact_contains,1.55,26.78862608830319,52000.0,28,/scale/user/mtannaou/alternance/donnees_sar_aeqd_09_janvier/ep162025no_env/rcm1-sc50mc-owi-cm-20251009t015026-20251009t015142-00003_aeqd.nc,/scale/project/ifremer-isi-jumeaunumerique/SARGEO/prototype/v00r00/cyclobs/ep162025/IRWIN/rcm1-sc50mc-owi-cm-20251009t015026-20251009t015142-00003-xxxxx_ll_gd_GEO-IRWIN.nc,0.7507966857871256,nan
704,PRAPIROON,wp042024,2024-07-21 22:42:26,rcm2-sc50ma-owi-cm-20240721t224226-20240721t224343-00003-______ll_gd_GEO-IRWIN.nc,exact_contains,3.8,16.386899887539425,3000.0,26,/scale/user/mtannaou/alternance/donnees_sar_aeqd_09_janvier/wp042024/rcm2-sc50ma-owi-cm-20240721t224226-20240721t224343-00003_aeqd.nc,/scale/project/ifremer-isi-jumeaunumerique/SARGEO/prototype/v00r00/cyclobs/wp042024/IRWIN/rcm2-sc50ma-owi-cm-20240721t224226-20240721t224343-00003-______ll_gd_GEO-IRWIN.nc,0.7133205863607394,nan
705,PRAPIROON,wp042024,2024-07-21 10:48:42,rcm2-sc50mc-owi-cm-20240721t104842-20240721t104939-00003-______ll_gd_GEO-IRWIN.nc,exact_contains,0.25,27.39565723931035,20000.0,23,/scale/user/mtannaou/alternance/donnees_sar_aeqd_09_janvier/wp042024/rcm2-sc50mc-owi-cm-20240721t104842-20240721t104939-00003_aeqd.nc,/scale/project/ifremer-isi-jumeaunumerique/SARGEO/prototype/v00r00/cyclobs/wp042024/IRWIN/rcm2-sc50mc-owi-cm-20240721t104842-20240721t104939-00003-______ll_gd_GEO-IRWIN.nc,0.2381134480560866,val
706,MINDULLE,wp202021,2021-09-27 09:09:02,s1b-ew-owi-cm-20210927t090902-20210927t091207-000003-03725C_ll_gd_GEO-IRWIN.nc,fuzzy_sat_time,2.8,32.13119285628648,61000.0,47,/scale/user/mtannaou/alternance/donnees_sar_aeqd_09_janvier/wp202021/s1b-ew-owi-cm-20210927t090902-20210927t091238-000003-_aeqd.nc,/scale/project/ifremer-isi-jumeaunumerique/SARGEO/prototype/v00r00/cyclobs/wp202021/IRWIN/s1b-ew-owi-cm-20210927t090902-20210927t091207-000003-03725C_ll_gd_GEO-IRWIN.nc,0.9724665391969408,nan
707,MINDULLE,wp202021,2021-09-28 21:00:26,rs2-scwa-owi-cm-20210928t210026-20210928t210249-00003-______ll_gd_GEO-IRWIN.nc,exact_contains,2.9000000000000004,49.52795555555556,52000.0,58,/scale/user/mtannaou/alternance/donnees_sar_aeqd_09_janvier/wp202021/rs2-scwa-owi-cm-20210928t210026-20210928t210249-00003_aeqd.nc,/scale/project/ifremer-isi-jumeaunumerique/SARGEO/prototype/v00r00/cyclobs/wp202021/IRWIN/rs2-scwa-owi-cm-20210928t210026-20210928t210249-00003-______ll_gd_GEO-IRWIN.nc,0.4934353091140854,train
708,MINDULLE,wp202021,2021-09-25 20:48:47,rs2-scwa-owi-cm-20210925t204847-20210925t205110-00003-______ll_gd_GEO-IRWIN.nc,exact_contains,0.6,65.68913333333334,20000.0,65,/scale/user/mtannaou/alternance/donnees_sar_aeqd_09_janvier/wp202021/rs2-scwa-owi-cm-20210925t204847-20210925t205110-00003_aeqd.nc,/scale/project/ifremer-isi-jumeaunumerique/SARGEO/prototype/v00r00/cyclobs/wp202021/IRWIN/rs2-scwa-owi-cm-20210925t204847-20210925t205110-00003-______ll_gd_GEO-IRWIN.nc,0.1247928616953473,train
709,MINDULLE,wp202021,2021-09-29 20:47:41,rcm1-sc50mc-owi-cm-20210929t204741-20210929t204917-00003-______ll_gd_GEO-IRWIN.nc,exact_contains,2.0,44.25000740740715,126000.0,54,/scale/user/mtannaou/alternance/donnees_sar_aeqd_09_janvier/wp202021/rcm1-sc50mc-owi-cm-20210929t204741-20210929t204917-00003_aeqd.nc,/scale/project/ifremer-isi-jumeaunumerique/SARGEO/prototype/v00r00/cyclobs/wp202021/IRWIN/rcm1-sc50mc-owi-cm-20210929t204741-20210929t204917-00003-______ll_gd_GEO-IRWIN.nc,0.0,train
710,MINDULLE,wp202021,2021-09-27 09:06:05,rs2-scwa-owi-cm-20210927t090605-20210927t090829-00003-______ll_gd_GEO-IRWIN.nc,exact_contains,0.0,37.99193703703704,64000.0,48,/scale/user/mtannaou/alternance/donnees_sar_aeqd_09_janvier/wp202021/rs2-scwa-owi-cm-20210927t090605-20210927t090829-00003_aeqd.nc,/scale/project/ifremer-isi-jumeaunumerique/SARGEO/prototype/v00r00/cyclobs/wp202021/IRWIN/rs2-scwa-owi-cm-20210927t090605-20210927t090829-00003-______ll_gd_GEO-IRWIN.nc,0.098661567877629,train
711,MINDULLE,wp202021,2021-09-29 21:00:33,s1b-ew-owi-cm-20210929t210033-20210929t210307-000003-03737C_ll_gd_GEO-IRWIN.nc,exact_contains,0.6,36.59046666666666,50000.0,54,/scale/user/mtannaou/alternance/donnees_sar_aeqd_09_janvier/wp202021/s1b-ew-owi-cm-20210929t210033-20210929t210307-000003-_aeqd.nc,/scale/project/ifremer-isi-jumeaunumerique/SARGEO/prototype/v00r00/cyclobs/wp202021/IRWIN/s1b-ew-owi-cm-20210929t210033-20210929t210307-000003-03737C_ll_gd_GEO-IRWIN.nc,0.3817718291905672,train
712,MINDULLE,wp202021,2021-09-25 20:46:59,s1a-ew-owi-cm-20210925t204659-20210925t204934-000003-04B69E_ll_gd_GEO-IRWIN.nc,exact_contains,0.7,58.04384074074075,21000.0,65,/scale/user/mtannaou/alternance/donnees_sar_aeqd_09_janvier/wp202021/s1a-ew-owi-cm-20210925t204659-20210925t204934-000003-_aeqd.nc,/scale/project/ifremer-isi-jumeaunumerique/SARGEO/prototype/v00r00/cyclobs/wp202021/IRWIN/s1a-ew-owi-cm-20210925t204659-20210925t204934-000003-04B69E_ll_gd_GEO-IRWIN.nc,0.0,test
713,MINDULLE,wp202021,2021-09-30 20:53:00,s1a-ew-owi-cm-20210930t205300-20210930t205405-000003-04B935_ll_gd_GEO-IRWIN.nc,exact_contains,5.1,44.2610925925926,141000.0,41,/scale/user/mtannaou/alternance/donnees_sar_aeqd_09_janvier/wp202021/s1a-ew-owi-cm-20210930t205300-20210930t205405-000003-_aeqd.nc,/scale/project/ifremer-isi-jumeaunumerique/SARGEO/prototype/v00r00/cyclobs/wp202021/IRWIN/s1a-ew-owi-cm-20210930t205300-20210930t205405-000003-04B935_ll_gd_GEO-IRWIN.nc,0.8998087954110898,nan
714,MINDULLE,wp202021,2021-09-29 08:56:55,rcm1-sc50ma-owi-cm-20210929t085655-20210929t085807-00003-______ll_gd_GEO-IRWIN.nc,exact_contains,2.0,53.68862222222222,52000.0,58,/scale/user/mtannaou/alternance/donnees_sar_aeqd_09_janvier/wp202021/rcm1-sc50ma-owi-cm-20210929t085655-20210929t085807-00003_aeqd.nc,/scale/project/ifremer-isi-jumeaunumerique/SARGEO/prototype/v00r00/cyclobs/wp202021/IRWIN/rcm1-sc50ma-owi-cm-20210929t085655-20210929t085807-00003-______ll_gd_GEO-IRWIN.nc,0.2447418738049713,train
715,MINDULLE,wp202021,2021-10-01 20:28:57,rcm2-sc50ma-owi-cm-20211001t202857-20211001t202952-00003-______ll_gd_GEO-IRWIN.nc,exact_contains,1.85,39.66687037036477,136000.0,30,/scale/user/mtannaou/alternance/donnees_sar_aeqd_09_janvier/wp202021/rcm2-sc50ma-owi-cm-20211001t202857-20211001t202952-00003_aeqd.nc,/scale/project/ifremer-isi-jumeaunumerique/SARGEO/prototype/v00r00/cyclobs/wp202021/IRWIN/rcm2-sc50ma-owi-cm-20211001t202857-20211001t202952-00003-______ll_gd_GEO-IRWIN.nc,0.4441045251752709,train
716,HAGIBIS,wp202019,2019-10-12 08:40:28,s1b-iw-owi-cm-20191012t084028-20191012t084212-000003-022BD1_ll_gd_GEO-IRWIN.nc,fuzzy_sat_time,1.8,37.6549925925926,59000.0,41,/scale/user/mtannaou/alternance/donnees_sar_aeqd_09_janvier/wp202019/s1b-iw-owi-cm-20191012t084028-20191012t084237-000003-_aeqd.nc,/scale/project/ifremer-isi-jumeaunumerique/SARGEO/prototype/v00r00/cyclobs/wp202019/IRWIN/s1b-iw-owi-cm-20191012t084028-20191012t084212-000003-022BD1_ll_gd_GEO-IRWIN.nc,0.5362651370299554,nan
717,HAGIBIS,wp202019,2019-10-08 20:30:40,s1a-ew-owi-cm-20191008t203040-20191008t203250-000003-0356ED_ll_gd_GEO-IRWIN.nc,exact_contains,0.3,63.55611111111111,23000.0,72,/scale/user/mtannaou/alternance/donnees_sar_aeqd_09_janvier/wp202019/s1a-ew-owi-cm-20191008t203040-20191008t203250-000003-_aeqd.nc,/scale/project/ifremer-isi-jumeaunumerique/SARGEO/prototype/v00r00/cyclobs/wp202019/IRWIN/s1a-ew-owi-cm-20191008t203040-20191008t203250-000003-0356ED_ll_gd_GEO-IRWIN.nc,0.0,train
718,HAGIBIS,wp202019,2019-10-07 20:21:39,rs2-scwa-owi-cm-20191007t202139-20191007t202254-00003-______ll_gd_GEO-IRWIN.nc,exact_contains,0.85,73.21367407407405,5000.0,71,/scale/user/mtannaou/alternance/donnees_sar_aeqd_09_janvier/wp202019/rs2-scwa-owi-cm-20191007t202139-20191007t202254-00003_aeqd.nc,/scale/project/ifremer-isi-jumeaunumerique/SARGEO/prototype/v00r00/cyclobs/wp202019/IRWIN/rs2-scwa-owi-cm-20191007t202139-20191007t202254-00003-______ll_gd_GEO-IRWIN.nc,0.4469088591459528,train
719,HAGIBIS,wp202019,2019-10-11 20:52:30,s1a-ew-owi-cm-20191011t205230-20191011t205434-000003-03587A_ll_gd_GEO-IRWIN.nc,exact_contains,0.0,44.54703333333334,43000.0,52,/scale/user/mtannaou/alternance/donnees_sar_aeqd_09_janvier/wp202019/s1a-ew-owi-cm-20191011t205230-20191011t205434-000003-_aeqd.nc,/scale/project/ifremer-isi-jumeaunumerique/SARGEO/prototype/v00r00/cyclobs/wp202019/IRWIN/s1a-ew-owi-cm-20191011t205230-20191011t205434-000003-03587A_ll_gd_GEO-IRWIN.nc,0.0,train
720,HAGIBIS,wp202019,2019-10-10 08:52:39,s1b-ew-owi-cm-20191010t085239-20191010t085526-000003-022AE7_ll_gd_GEO-IRWIN.nc,exact_contains,3.2,42.9105851851852,85000.0,69,/scale/user/mtannaou/alternance/donnees_sar_aeqd_09_janvier/wp202019/s1b-ew-owi-cm-20191010t085239-20191010t085526-000003-_aeqd.nc,/scale/project/ifremer-isi-jumeaunumerique/SARGEO/prototype/v00r00/cyclobs/wp202019/IRWIN/s1b-ew-owi-cm-20191010t085239-20191010t085526-000003-022AE7_ll_gd_GEO-IRWIN.nc,0.7673677501593371,nan
721,PATTY,al172024,2024-11-02 08:20:34,s1a-ew-owi-cm-20241102t082034-20241102t082339-000003-06E811_ll_gd_GEO-IRWIN.nc,exact_contains,0.0,36.40217407407408,23000.0,27,/scale/user/mtannaou/alternance/donnees_sar_aeqd_09_janvier/al172024/s1a-ew-owi-cm-20241102t082034-20241102t082339-000003-_aeqd.nc,/scale/project/ifremer-isi-jumeaunumerique/SARGEO/prototype/v00r00/cyclobs/al172024/IRWIN/s1a-ew-owi-cm-20241102t082034-20241102t082339-000003-06E811_ll_gd_GEO-IRWIN.nc,0.0,train
722,PATTY,al172024,2024-11-03 19:36:49,rcm3-sclnd-owi-cm-20241103t193649-20241103t193807-00003-______ll_gd_GEO-IRWIN.nc,exact_contains,2.7,20.51029798674309,17000.0,21,/scale/user/mtannaou/alternance/donnees_sar_aeqd_09_janvier/al172024/rcm3-sclnd-owi-cm-20241103t193649-20241103t193807-00003_aeqd.nc,/scale/project/ifremer-isi-jumeaunumerique/SARGEO/prototype/v00r00/cyclobs/al172024/IRWIN/rcm3-sclnd-owi-cm-20241103t193649-20241103t193807-00003-______ll_gd_GEO-IRWIN.nc,0.0,train
723,CHAMPI,wp062021,2021-06-25 20:31:11,rs2-scwa-owi-cm-20210625t203111-20210625t203227-00003-______ll_gd_GEO-IRWIN.nc,exact_contains,0.0,34.60833892355175,61000.0,33,/scale/user/mtannaou/alternance/donnees_sar_aeqd_09_janvier/wp062021/rs2-scwa-owi-cm-20210625t203111-20210625t203227-00003_aeqd.nc,/scale/project/ifremer-isi-jumeaunumerique/SARGEO/prototype/v00r00/cyclobs/wp062021/IRWIN/rs2-scwa-owi-cm-20210625t203111-20210625t203227-00003-______ll_gd_GEO-IRWIN.nc,0.0010197578075207,val
724,SANVU,wp012023,2023-04-21 19:24:10,rcm2-sclnd-owi-cm-20230421t192410-20230421t192527-00003-______ll_gd_GEO-IRWIN.nc,exact_contains,3.8,14.60464551038429,195000.0,15,/scale/user/mtannaou/alternance/donnees_sar_aeqd_09_janvier/wp012023/rcm2-sclnd-owi-cm-20230421t192410-20230421t192527-00003_aeqd.nc,/scale/project/ifremer-isi-jumeaunumerique/SARGEO/prototype/v00r00/cyclobs/wp012023/IRWIN/rcm2-sclnd-owi-cm-20230421t192410-20230421t192527-00003-______ll_gd_GEO-IRWIN.nc,0.0,nan
725,SANVU,wp012023,2023-04-21 07:56:17,rcm1-sclnd-owi-cm-20230421t075617-20230421t075757-00003-______ll_gd_GEO-IRWIN.nc,exact_contains,2.5,23.69727940530282,39000.0,22,/scale/user/mtannaou/alternance/donnees_sar_aeqd_09_janvier/wp012023/rcm1-sclnd-owi-cm-20230421t075617-20230421t075757-00003_aeqd.nc,/scale/project/ifremer-isi-jumeaunumerique/SARGEO/prototype/v00r00/cyclobs/wp012023/IRWIN/rcm1-sclnd-owi-cm-20230421t075617-20230421t075757-00003-______ll_gd_GEO-IRWIN.nc,0.0831102613129381,train
726,ELOISE,sh122021,2021-01-22 02:49:29,s1b-iw-owi-cm-20210122t025113-20210122t025228-000003-030207_ll_gd_GEO-IRWIN.nc,fuzzy_sat_time,0.55,43.418518518518525,65000.0,36,/scale/user/mtannaou/alternance/donnees_sar_aeqd_09_janvier/sh122021/s1b-iw-owi-cm-20210122t024929-20210122t025228-000003-_aeqd.nc,/scale/project/ifremer-isi-jumeaunumerique/SARGEO/prototype/v00r00/cyclobs/sh122021/IRWIN/s1b-iw-owi-cm-20210122t025113-20210122t025228-000003-030207_ll_gd_GEO-IRWIN.nc,0.438623326959847,train
727,ELOISE,sh122021,2021-01-18 14:44:21,s1a-ew-owi-cm-20210118t144525-20210118t144726-000003-043E8B_ll_gd_GEO-IRWIN.nc,fuzzy_sat_time,0.95,40.04724444444445,53000.0,26,/scale/user/mtannaou/alternance/donnees_sar_aeqd_09_janvier/sh122021/s1a-ew-owi-cm-20210118t144421-20210118t144726-000003-_aeqd.nc,/scale/project/ifremer-isi-jumeaunumerique/SARGEO/prototype/v00r00/cyclobs/sh122021/IRWIN/s1a-ew-owi-cm-20210118t144525-20210118t144726-000003-043E8B_ll_gd_GEO-IRWIN.nc,0.2364563416188655,val
728,SHANSHAN,wp112024,2024-08-27 21:11:36,rcm2-sc50mc-owi-cm-20240827t211136-20240827t211254-00003-______ll_gd_GEO-IRWIN.nc,exact_contains,0.9,52.6311851851852,24000.0,56,/scale/user/mtannaou/alternance/donnees_sar_aeqd_09_janvier/wp112024/rcm2-sc50mc-owi-cm-20240827t211136-20240827t211254-00003_aeqd.nc,/scale/project/ifremer-isi-jumeaunumerique/SARGEO/prototype/v00r00/cyclobs/wp112024/IRWIN/rcm2-sc50mc-owi-cm-20240827t211136-20240827t211254-00003-______ll_gd_GEO-IRWIN.nc,0.0356915232632249,test
729,SHANSHAN,wp112024,2024-08-30 09:16:02,rcm3-sc50mc-owi-cm-20240830t091602-20240830t091655-00003-______ll_gd_GEO-IRWIN.nc,exact_contains,5.1,,,17,/scale/user/mtannaou/alternance/donnees_sar_aeqd_09_janvier/wp112024/rcm3-sc50mc-owi-cm-20240830t091602-20240830t091655-00003_aeqd.nc,/scale/project/ifremer-isi-jumeaunumerique/SARGEO/prototype/v00r00/cyclobs/wp112024/IRWIN/rcm3-sc50mc-owi-cm-20240830t091602-20240830t091655-00003-______ll_gd_GEO-IRWIN.nc,0.8643722115997451,nan
730,SHANSHAN,wp112024,2024-08-26 21:03:29,rcm2-sc50mc-owi-cm-20240826t210329-20240826t210447-00003-______ll_gd_GEO-IRWIN.nc,exact_contains,0.5,48.94244444444444,21000.0,53,/scale/user/mtannaou/alternance/donnees_sar_aeqd_09_janvier/wp112024/rcm2-sc50mc-owi-cm-20240826t210329-20240826t210447-00003_aeqd.nc,/scale/project/ifremer-isi-jumeaunumerique/SARGEO/prototype/v00r00/cyclobs/wp112024/IRWIN/rcm2-sc50mc-owi-cm-20240826t210329-20240826t210447-00003-______ll_gd_GEO-IRWIN.nc,0.5872530274059911,nan
731,SHANSHAN,wp112024,2024-08-22 08:39:32,rcm2-sclnc-owi-cm-20240822t083932-20240822t084046-00003-______ll_gd_GEO-IRWIN.nc,exact_contains,3.5,30.1116345491692,46000.0,22,/scale/user/mtannaou/alternance/donnees_sar_aeqd_09_janvier/wp112024/rcm2-sclnc-owi-cm-20240822t083932-20240822t084046-00003_aeqd.nc,/scale/project/ifremer-isi-jumeaunumerique/SARGEO/prototype/v00r00/cyclobs/wp112024/IRWIN/rcm2-sclnc-owi-cm-20240822t083932-20240822t084046-00003-______ll_gd_GEO-IRWIN.nc,0.7202039515615042,nan
732,SHANSHAN,wp112024,2024-08-25 20:56:01,rcm2-sc50ma-owi-cm-20240825t205601-20240825t205718-00003-______ll_gd_GEO-IRWIN.nc,exact_contains,1.9,38.94151851840248,28000.0,40,/scale/user/mtannaou/alternance/donnees_sar_aeqd_09_janvier/wp112024/rcm2-sc50ma-owi-cm-20240825t205601-20240825t205718-00003_aeqd.nc,/scale/project/ifremer-isi-jumeaunumerique/SARGEO/prototype/v00r00/cyclobs/wp112024/IRWIN/rcm2-sc50ma-owi-cm-20240825t205601-20240825t205718-00003-______ll_gd_GEO-IRWIN.nc,0.6217973231357553,nan
733,SHANSHAN,wp112024,2024-08-28 09:31:01,rcm2-sc50mc-owi-cm-20240828t093101-20240828t093220-00003-______ll_gd_GEO-IRWIN.nc,exact_contains,3.3,42.3128888889038,20000.0,50,/scale/user/mtannaou/alternance/donnees_sar_aeqd_09_janvier/wp112024/rcm2-sc50mc-owi-cm-20240828t093101-20240828t093220-00003_aeqd.nc,/scale/project/ifremer-isi-jumeaunumerique/SARGEO/prototype/v00r00/cyclobs/wp112024/IRWIN/rcm2-sc50mc-owi-cm-20240828t093101-20240828t093220-00003-______ll_gd_GEO-IRWIN.nc,0.4675589547482472,train
734,SHANSHAN,wp112024,2024-08-28 21:19:12,rcm2-sc50mc-owi-cm-20240828t211912-20240828t212029-00003-______ll_gd_GEO-IRWIN.nc,exact_contains,2.9000000000000004,,,41,/scale/user/mtannaou/alternance/donnees_sar_aeqd_09_janvier/wp112024/rcm2-sc50mc-owi-cm-20240828t211912-20240828t212029-00003_aeqd.nc,/scale/project/ifremer-isi-jumeaunumerique/SARGEO/prototype/v00r00/cyclobs/wp112024/IRWIN/rcm2-sc50mc-owi-cm-20240828t211912-20240828t212029-00003-______ll_gd_GEO-IRWIN.nc,0.431485022307202,nan
735,SHANSHAN,wp112024,2024-08-29 21:25:01,s1a-ew-owi-cm-20240829t212501-20240829t212604-000003-06C2FF_ll_gd_GEO-IRWIN.nc,exact_contains,4.2,,,21,/scale/user/mtannaou/alternance/donnees_sar_aeqd_09_janvier/wp112024/s1a-ew-owi-cm-20240829t212501-20240829t212604-000003-_aeqd.nc,/scale/project/ifremer-isi-jumeaunumerique/SARGEO/prototype/v00r00/cyclobs/wp112024/IRWIN/s1a-ew-owi-cm-20240829t212501-20240829t212604-000003-06C2FF_ll_gd_GEO-IRWIN.nc,0.91434034416826,nan
736,SHANSHAN,wp112024,2024-08-26 09:14:41,rcm2-sc50mc-owi-cm-20240826t091441-20240826t091559-00003-______ll_gd_GEO-IRWIN.nc,exact_contains,0.0,43.928185185184574,29000.0,45,/scale/user/mtannaou/alternance/donnees_sar_aeqd_09_janvier/wp112024/rcm2-sc50mc-owi-cm-20240826t091441-20240826t091559-00003_aeqd.nc,/scale/project/ifremer-isi-jumeaunumerique/SARGEO/prototype/v00r00/cyclobs/wp112024/IRWIN/rcm2-sc50mc-owi-cm-20240826t091441-20240826t091559-00003-______ll_gd_GEO-IRWIN.nc,0.0,val
737,SHANSHAN,wp112024,2024-08-29 09:21:59,s1a-ew-owi-cm-20240829t092159-20240829t092302-000003-06C2AE_ll_gd_GEO-IRWIN.nc,exact_contains,6.15,,,28,/scale/user/mtannaou/alternance/donnees_sar_aeqd_09_janvier/wp112024/s1a-ew-owi-cm-20240829t092159-20240829t092302-000003-_aeqd.nc,/scale/project/ifremer-isi-jumeaunumerique/SARGEO/prototype/v00r00/cyclobs/wp112024/IRWIN/s1a-ew-owi-cm-20240829t092159-20240829t092302-000003-06C2AE_ll_gd_GEO-IRWIN.nc,0.9774378585086042,nan
738,SHANSHAN,wp112024,2024-08-27 09:22:57,rcm2-sc50mc-owi-cm-20240827t092257-20240827t092415-00003-______ll_gd_GEO-IRWIN.nc,exact_contains,0.9,57.0596037037037,27000.0,58,/scale/user/mtannaou/alternance/donnees_sar_aeqd_09_janvier/wp112024/rcm2-sc50mc-owi-cm-20240827t092257-20240827t092415-00003_aeqd.nc,/scale/project/ifremer-isi-jumeaunumerique/SARGEO/prototype/v00r00/cyclobs/wp112024/IRWIN/rcm2-sc50mc-owi-cm-20240827t092257-20240827t092415-00003-______ll_gd_GEO-IRWIN.nc,0.031485022307202,train
739,SHANSHAN,wp112024,2024-08-29 09:08:01,rcm3-sc50ma-owi-cm-20240829t090801-20240829t090910-00003-______ll_gd_GEO-IRWIN.nc,exact_contains,4.6,,,28,/scale/user/mtannaou/alternance/donnees_sar_aeqd_09_janvier/wp112024/rcm3-sc50ma-owi-cm-20240829t090801-20240829t090910-00003_aeqd.nc,/scale/project/ifremer-isi-jumeaunumerique/SARGEO/prototype/v00r00/cyclobs/wp112024/IRWIN/rcm3-sc50ma-owi-cm-20240829t090801-20240829t090910-00003-______ll_gd_GEO-IRWIN.nc,0.8404079031230083,nan
740,MARIO,ep132025,2025-09-13 01:01:12,rcm2-sc50ma-owi-cm-20250913t010112-20250913t010222-00003-xxxxx_ll_gd_GEO-IRWIN.nc,exact_contains,3.1,13.47165568098935,15000.0,15,/scale/user/mtannaou/alternance/donnees_sar_aeqd_09_janvier/ep132025no_env/rcm2-sc50ma-owi-cm-20250913t010112-20250913t010222-00003_aeqd.nc,/scale/project/ifremer-isi-jumeaunumerique/SARGEO/prototype/v00r00/cyclobs/ep132025/IRWIN/rcm2-sc50ma-owi-cm-20250913t010112-20250913t010222-00003-xxxxx_ll_gd_GEO-IRWIN.nc,0.0123645634161886,train
741,MARIO,ep132025,2025-09-14 13:03:33,rcm2-sc50mc-owi-cm-20250914t130333-20250914t130446-00003-xxxxx_ll_gd_GEO-IRWIN.nc,exact_contains,4.3,25.342765211004,26000.0,18,/scale/user/mtannaou/alternance/donnees_sar_aeqd_09_janvier/ep132025no_env/rcm2-sc50mc-owi-cm-20250914t130333-20250914t130446-00003_aeqd.nc,/scale/project/ifremer-isi-jumeaunumerique/SARGEO/prototype/v00r00/cyclobs/ep132025/IRWIN/rcm2-sc50mc-owi-cm-20250914t130333-20250914t130446-00003-xxxxx_ll_gd_GEO-IRWIN.nc,0.3637985978330146,train
742,MARIO,ep132025,2025-09-16 13:50:44,rcm1-sc50ma-owi-cm-20250916t135044-20250916t135159-00003-xxxxx_ll_gd_GEO-IRWIN.nc,exact_contains,1.0,19.0062975192474,49000.0,17,/scale/user/mtannaou/alternance/donnees_sar_aeqd_09_janvier/ep132025no_env/rcm1-sc50ma-owi-cm-20250916t135044-20250916t135159-00003_aeqd.nc,/scale/project/ifremer-isi-jumeaunumerique/SARGEO/prototype/v00r00/cyclobs/ep132025/IRWIN/rcm1-sc50ma-owi-cm-20250916t135044-20250916t135159-00003-xxxxx_ll_gd_GEO-IRWIN.nc,0.3641810070108349,train
743,CODY,sh052022,2022-01-12 06:52:58,rs2-scwa-owi-cm-20220112t065258-20220112t065415-00003-______ll_gd_GEO-IRWIN.nc,exact_contains,2.75,31.76717425760604,16000.0,26,/scale/user/mtannaou/alternance/donnees_sar_aeqd_09_janvier/sh052022/rs2-scwa-owi-cm-20220112t065258-20220112t065415-00003_aeqd.nc,/scale/project/ifremer-isi-jumeaunumerique/SARGEO/prototype/v00r00/cyclobs/sh052022/IRWIN/rs2-scwa-owi-cm-20220112t065258-20220112t065415-00003-______ll_gd_GEO-IRWIN.nc,0.2720203951561504,train
744,CODY,sh052022,2022-01-13 17:33:01,rs2-scwa-owi-cm-20220113t173301-20220113t173418-00003-______ll_gd_GEO-IRWIN.nc,exact_contains,0.6,35.01243703679689,186000.0,26,/scale/user/mtannaou/alternance/donnees_sar_aeqd_09_janvier/sh052022/rs2-scwa-owi-cm-20220113t173301-20220113t173418-00003_aeqd.nc,/scale/project/ifremer-isi-jumeaunumerique/SARGEO/prototype/v00r00/cyclobs/sh052022/IRWIN/rs2-scwa-owi-cm-20220113t173301-20220113t173418-00003-______ll_gd_GEO-IRWIN.nc,0.0,nan
745,ISELLE,ep142020,2020-08-30 01:34:18,rcm3-sc50ma-owi-cm-20200830t013418-20200830t013550-00003-______ll_gd_GEO-IRWIN.nc,exact_contains,3.8,18.373469754582512,35000.0,17,/scale/user/mtannaou/alternance/donnees_sar_aeqd_09_janvier/ep142020/rcm3-sc50ma-owi-cm-20200830t013418-20200830t013550-00003_aeqd.nc,/scale/project/ifremer-isi-jumeaunumerique/SARGEO/prototype/v00r00/cyclobs/ep142020/IRWIN/rcm3-sc50ma-owi-cm-20200830t013418-20200830t013550-00003-______ll_gd_GEO-IRWIN.nc,0.1149776927979604,train
746,JULIETTE,ep102025,2025-08-27 01:58:06,rcm2-sc50mb-owi-cm-20250827t015806-20250827t015921-00003-xxxxx_ll_gd_GEO-IRWIN.nc,exact_contains,1.0,21.629813419576067,80000.0,27,/scale/user/mtannaou/alternance/donnees_sar_aeqd_09_janvier/ep102025no_env/rcm2-sc50mb-owi-cm-20250827t015806-20250827t015921-00003_aeqd.nc,/scale/project/ifremer-isi-jumeaunumerique/SARGEO/prototype/v00r00/cyclobs/ep102025/IRWIN/rcm2-sc50mb-owi-cm-20250827t015806-20250827t015921-00003-xxxxx_ll_gd_GEO-IRWIN.nc,0.0,test
747,JULIETTE,ep102025,2025-08-27 13:51:14,rcm2-sc50mc-owi-cm-20250827t135114-20250827t135228-00003-xxxxx_ll_gd_GEO-IRWIN.nc,exact_contains,0.0,30.828150880897617,21000.0,22,/scale/user/mtannaou/alternance/donnees_sar_aeqd_09_janvier/ep102025no_env/rcm2-sc50mc-owi-cm-20250827t135114-20250827t135228-00003_aeqd.nc,/scale/project/ifremer-isi-jumeaunumerique/SARGEO/prototype/v00r00/cyclobs/ep102025/IRWIN/rcm2-sc50mc-owi-cm-20250827t135114-20250827t135228-00003-xxxxx_ll_gd_GEO-IRWIN.nc,0.0,train
748,JULIETTE,ep102025,2025-08-26 13:43:48,rcm2-sc50ma-owi-cm-20250826t134348-20250826t134504-00003-xxxxx_ll_gd_GEO-IRWIN.nc,exact_contains,0.0,20.290687926014947,24000.0,30,/scale/user/mtannaou/alternance/donnees_sar_aeqd_09_janvier/ep102025no_env/rcm2-sc50ma-owi-cm-20250826t134348-20250826t134504-00003_aeqd.nc,/scale/project/ifremer-isi-jumeaunumerique/SARGEO/prototype/v00r00/cyclobs/ep102025/IRWIN/rcm2-sc50ma-owi-cm-20250826t134348-20250826t134504-00003-xxxxx_ll_gd_GEO-IRWIN.nc,0.0,val
749,JULIETTE,ep102025,2025-08-25 13:36:00,rcm2-sc50ma-owi-cm-20250825t133600-20250825t133713-00003-xxxxx_ll_gd_GEO-IRWIN.nc,exact_contains,3.45,25.316323353845835,9000.0,22,/scale/user/mtannaou/alternance/donnees_sar_aeqd_09_janvier/ep102025no_env/rcm2-sc50ma-owi-cm-20250825t133600-20250825t133713-00003_aeqd.nc,/scale/project/ifremer-isi-jumeaunumerique/SARGEO/prototype/v00r00/cyclobs/ep102025/IRWIN/rcm2-sc50ma-owi-cm-20250825t133600-20250825t133713-00003-xxxxx_ll_gd_GEO-IRWIN.nc,0.6902485659655831,nan
750,JULIETTE,ep102025,2025-08-28 02:07:02,rcm2-sc50mb-owi-cm-20250828t020702-20250828t020816-00003-xxxxx_ll_gd_GEO-IRWIN.nc,exact_contains,3.8,17.692648610142268,56000.0,20,/scale/user/mtannaou/alternance/donnees_sar_aeqd_09_janvier/ep102025no_env/rcm2-sc50mb-owi-cm-20250828t020702-20250828t020816-00003_aeqd.nc,/scale/project/ifremer-isi-jumeaunumerique/SARGEO/prototype/v00r00/cyclobs/ep102025/IRWIN/rcm2-sc50mb-owi-cm-20250828t020702-20250828t020816-00003-xxxxx_ll_gd_GEO-IRWIN.nc,0.0288081580624601,train
751,JULIETTE,ep102025,2025-08-26 01:49:48,rcm2-sc50mc-owi-cm-20250826t014948-20250826t015101-00003-xxxxx_ll_gd_GEO-IRWIN.nc,exact_contains,0.7,25.354096969295,16000.0,28,/scale/user/mtannaou/alternance/donnees_sar_aeqd_09_janvier/ep102025no_env/rcm2-sc50mc-owi-cm-20250826t014948-20250826t015101-00003_aeqd.nc,/scale/project/ifremer-isi-jumeaunumerique/SARGEO/prototype/v00r00/cyclobs/ep102025/IRWIN/rcm2-sc50mc-owi-cm-20250826t014948-20250826t015101-00003-xxxxx_ll_gd_GEO-IRWIN.nc,0.1005736137667304,val
752,BELAL,sh052024,2024-01-16 01:39:05,s1a-ew-owi-cm-20240116t013905-20240116t014008-000003-064CE7_ll_gd_GEO-IRWIN.nc,exact_contains,0.0,38.81134444444445,56000.0,28,/scale/user/mtannaou/alternance/donnees_sar_aeqd_09_janvier/sh052024/s1a-ew-owi-cm-20240116t013905-20240116t014008-000003-_aeqd.nc,/scale/project/ifremer-isi-jumeaunumerique/SARGEO/prototype/v00r00/cyclobs/sh052024/IRWIN/s1a-ew-owi-cm-20240116t013905-20240116t014008-000003-064CE7_ll_gd_GEO-IRWIN.nc,0.0,test
753,BELAL,sh052024,2024-01-14 01:53:36,s1a-ew-owi-cm-20240114t015336-20240114t015641-000003-064BE1_ll_gd_GEO-IRWIN.nc,exact_contains,1.0,39.11325185185186,39000.0,39,/scale/user/mtannaou/alternance/donnees_sar_aeqd_09_janvier/sh052024/s1a-ew-owi-cm-20240114t015336-20240114t015641-000003-_aeqd.nc,/scale/project/ifremer-isi-jumeaunumerique/SARGEO/prototype/v00r00/cyclobs/sh052024/IRWIN/s1a-ew-owi-cm-20240114t015336-20240114t015641-000003-064BE1_ll_gd_GEO-IRWIN.nc,0.0248565965583174,test
754,BELAL,sh052024,2024-01-15 14:44:37,s1a-ew-owi-cm-20240115t144437-20240115t144641-000003-064CAE_ll_gd_GEO-IRWIN.nc,fuzzy_sat_time,1.8,36.20306666666667,45000.0,34,/scale/user/mtannaou/alternance/donnees_sar_aeqd_09_janvier/sh052024/s1a-ew-owi-cm-20240115t144437-20240115t144742-000003-_aeqd.nc,/scale/project/ifremer-isi-jumeaunumerique/SARGEO/prototype/v00r00/cyclobs/sh052024/IRWIN/s1a-ew-owi-cm-20240115t144437-20240115t144641-000003-064CAE_ll_gd_GEO-IRWIN.nc,0.0470363288718929,train
755,JULIETTE,ep112019,2019-09-04 13:39:32,s1a-ew-owi-cm-20190904t133932-20190904t134121-000003-0345B8_ll_gd_GEO-IRWIN.nc,exact_contains,0.0,38.08375185185185,39000.0,44,/scale/user/mtannaou/alternance/donnees_sar_aeqd_09_janvier/ep112019/s1a-ew-owi-cm-20190904t133932-20190904t134121-000003-_aeqd.nc,/scale/project/ifremer-isi-jumeaunumerique/SARGEO/prototype/v00r00/cyclobs/ep112019/IRWIN/s1a-ew-owi-cm-20190904t133932-20190904t134121-000003-0345B8_ll_gd_GEO-IRWIN.nc,0.0017845761631612,train
756,JULIETTE,ep112019,2019-09-06 14:11:03,s1b-ew-owi-cm-20190906t141103-20190906t141249-000003-021B95_ll_gd_GEO-IRWIN.nc,exact_contains,0.0,30.68657407407408,45000.0,34,/scale/user/mtannaou/alternance/donnees_sar_aeqd_09_janvier/ep112019/s1b-ew-owi-cm-20190906t141103-20190906t141249-000003-_aeqd.nc,/scale/project/ifremer-isi-jumeaunumerique/SARGEO/prototype/v00r00/cyclobs/ep112019/IRWIN/s1b-ew-owi-cm-20190906t141103-20190906t141249-000003-021B95_ll_gd_GEO-IRWIN.nc,0.0,val
757,KAJIKI,wp192025,2025-08-24 22:35:21,rcm3-sc50mc-owi-cm-20250824t223521-20250824t223630-00003-xxxxx_ll_gd_GEO-IRWIN.nc,exact_contains,0.0,36.55521853568899,25000.0,46,/scale/user/mtannaou/alternance/donnees_sar_aeqd_09_janvier/wp192025no_env/rcm3-sc50mc-owi-cm-20250824t223521-20250824t223630-00003_aeqd.nc,/scale/project/ifremer-isi-jumeaunumerique/SARGEO/prototype/v00r00/cyclobs/wp192025/IRWIN/rcm3-sc50mc-owi-cm-20250824t223521-20250824t223630-00003-xxxxx_ll_gd_GEO-IRWIN.nc,0.2411727214786488,train
758,KAJIKI,wp192025,2025-08-24 10:41:08,rcm3-sc50ma-owi-cm-20250824t104108-20250824t104157-00003-xxxxx_ll_gd_GEO-IRWIN.nc,exact_contains,1.8,54.22155925925926,25000.0,48,/scale/user/mtannaou/alternance/donnees_sar_aeqd_09_janvier/wp192025no_env/rcm3-sc50ma-owi-cm-20250824t104108-20250824t104157-00003_aeqd.nc,/scale/project/ifremer-isi-jumeaunumerique/SARGEO/prototype/v00r00/cyclobs/wp192025/IRWIN/rcm3-sc50ma-owi-cm-20250824t104108-20250824t104157-00003-xxxxx_ll_gd_GEO-IRWIN.nc,0.6369662205226259,nan
759,GAEMI,wp052024,2024-07-21 09:43:32,rcm1-sc50mb-owi-cm-20240721t094332-20240721t094449-00003-______ll_gd_GEO-IRWIN.nc,exact_contains,0.0,23.21020184477334,28000.0,25,/scale/user/mtannaou/alternance/donnees_sar_aeqd_09_janvier/wp052024/rcm1-sc50mb-owi-cm-20240721t094332-20240721t094449-00003_aeqd.nc,/scale/project/ifremer-isi-jumeaunumerique/SARGEO/prototype/v00r00/cyclobs/wp052024/IRWIN/rcm1-sc50mb-owi-cm-20240721t094332-20240721t094449-00003-______ll_gd_GEO-IRWIN.nc,0.0,test
760,GAEMI,wp052024,2024-07-25 10:01:02,s1a-iw-owi-cm-20240725t100131-20240725t100246-000003-06B064_ll_gd_GEO-IRWIN.nc,fuzzy_sat_time,3.35,22.296266666666668,221000.0,27,/scale/user/mtannaou/alternance/donnees_sar_aeqd_09_janvier/wp052024/s1a-iw-owi-cm-20240725t100102-20240725t100246-000003-_aeqd.nc,/scale/project/ifremer-isi-jumeaunumerique/SARGEO/prototype/v00r00/cyclobs/wp052024/IRWIN/s1a-iw-owi-cm-20240725t100131-20240725t100246-000003-06B064_ll_gd_GEO-IRWIN.nc,0.6317399617590822,nan
761,GAEMI,wp052024,2024-07-20 09:34:59,rcm1-sc50mc-owi-cm-20240720t093459-20240720t093617-00003-______ll_gd_GEO-IRWIN.nc,exact_contains,0.0,18.33090421757003,29000.0,20,/scale/user/mtannaou/alternance/donnees_sar_aeqd_09_janvier/wp052024/rcm1-sc50mc-owi-cm-20240720t093459-20240720t093617-00003_aeqd.nc,/scale/project/ifremer-isi-jumeaunumerique/SARGEO/prototype/v00r00/cyclobs/wp052024/IRWIN/rcm1-sc50mc-owi-cm-20240720t093459-20240720t093617-00003-______ll_gd_GEO-IRWIN.nc,0.3121733588272785,train
762,GAEMI,wp052024,2024-07-21 21:38:29,rcm1-sc50ma-owi-cm-20240721t213829-20240721t213945-00003-______ll_gd_GEO-IRWIN.nc,exact_contains,1.0,17.05133830973992,28000.0,26,/scale/user/mtannaou/alternance/donnees_sar_aeqd_09_janvier/wp052024/rcm1-sc50ma-owi-cm-20240721t213829-20240721t213945-00003_aeqd.nc,/scale/project/ifremer-isi-jumeaunumerique/SARGEO/prototype/v00r00/cyclobs/wp052024/IRWIN/rcm1-sc50ma-owi-cm-20240721t213829-20240721t213945-00003-______ll_gd_GEO-IRWIN.nc,0.4091778202676864,train
763,GAEMI,wp052024,2024-07-22 09:51:53,rcm1-sc50mc-owi-cm-20240722t095153-20240722t095311-00003-______ll_gd_GEO-IRWIN.nc,exact_contains,0.0,32.51199364510856,78000.0,30,/scale/user/mtannaou/alternance/donnees_sar_aeqd_09_janvier/wp052024/rcm1-sc50mc-owi-cm-20240722t095153-20240722t095311-00003_aeqd.nc,/scale/project/ifremer-isi-jumeaunumerique/SARGEO/prototype/v00r00/cyclobs/wp052024/IRWIN/rcm1-sc50mc-owi-cm-20240722t095153-20240722t095311-00003-______ll_gd_GEO-IRWIN.nc,0.0335245379222434,val
764,RAFAEL,al182024,2024-11-04 23:24:37,rcm2-sclnc-owi-cm-20241104t232437-20241104t232553-00003-______ll_gd_GEO-IRWIN.nc,exact_contains,3.1,20.33297070617435,12000.0,20,/scale/user/mtannaou/alternance/donnees_sar_aeqd_09_janvier/al182024/rcm2-sclnc-owi-cm-20241104t232437-20241104t232553-00003_aeqd.nc,/scale/project/ifremer-isi-jumeaunumerique/SARGEO/prototype/v00r00/cyclobs/al182024/IRWIN/rcm2-sclnc-owi-cm-20241104t232437-20241104t232553-00003-______ll_gd_GEO-IRWIN.nc,0.9018483110261312,nan
765,RAFAEL,al182024,2024-11-07 23:50:27,rcm2-sclnb-owi-cm-20241107t235027-20241107t235144-00003-______ll_gd_GEO-IRWIN.nc,exact_contains,0.0,46.76127407407408,27000.0,46,/scale/user/mtannaou/alternance/donnees_sar_aeqd_09_janvier/al182024/rcm2-sclnb-owi-cm-20241107t235027-20241107t235144-00003_aeqd.nc,/scale/project/ifremer-isi-jumeaunumerique/SARGEO/prototype/v00r00/cyclobs/al182024/IRWIN/rcm2-sclnb-owi-cm-20241107t235027-20241107t235144-00003-______ll_gd_GEO-IRWIN.nc,0.0,val
766,RAFAEL,al182024,2024-11-09 11:49:45,rcm2-sclnd-owi-cm-20241109t114945-20241109t115105-00003-______ll_gd_GEO-IRWIN.nc,exact_contains,0.0,23.1199489416327,143000.0,26,/scale/user/mtannaou/alternance/donnees_sar_aeqd_09_janvier/al182024/rcm2-sclnd-owi-cm-20241109t114945-20241109t115105-00003_aeqd.nc,/scale/project/ifremer-isi-jumeaunumerique/SARGEO/prototype/v00r00/cyclobs/al182024/IRWIN/rcm2-sclnd-owi-cm-20241109t114945-20241109t115105-00003-______ll_gd_GEO-IRWIN.nc,0.1970681963033779,train
767,RAFAEL,al182024,2024-11-05 23:33:06,rcm2-sclnc-owi-cm-20241105t233306-20241105t233329-00003-______ll_gd_GEO-IRWIN.nc,exact_contains,3.1,28.99895888366238,17000.0,36,/scale/user/mtannaou/alternance/donnees_sar_aeqd_09_janvier/al182024/rcm2-sclnc-owi-cm-20241105t233306-20241105t233329-00003_aeqd.nc,/scale/project/ifremer-isi-jumeaunumerique/SARGEO/prototype/v00r00/cyclobs/al182024/IRWIN/rcm2-sclnc-owi-cm-20241105t233306-20241105t233329-00003-______ll_gd_GEO-IRWIN.nc,0.7386870618228171,nan
768,RAFAEL,al182024,2024-11-05 23:33:40,rcm2-sclnc-owi-cm-20241105t233340-20241105t233423-00003-______ll_gd_GEO-IRWIN.nc,exact_contains,3.95,23.126488194640608,11000.0,36,/scale/user/mtannaou/alternance/donnees_sar_aeqd_09_janvier/al182024/rcm2-sclnc-owi-cm-20241105t233340-20241105t233423-00003_aeqd.nc,/scale/project/ifremer-isi-jumeaunumerique/SARGEO/prototype/v00r00/cyclobs/al182024/IRWIN/rcm2-sclnc-owi-cm-20241105t233340-20241105t233423-00003-______ll_gd_GEO-IRWIN.nc,0.8873167622689612,nan
769,RAFAEL,al182024,2024-11-06 23:43:34,s1a-ew-owi-cm-20241106t234334-20241106t234437-000003-06EAB8_ll_gd_GEO-IRWIN.nc,exact_contains,2.05,46.93465185185186,21000.0,49,/scale/user/mtannaou/alternance/donnees_sar_aeqd_09_janvier/al182024/s1a-ew-owi-cm-20241106t234334-20241106t234437-000003-_aeqd.nc,/scale/project/ifremer-isi-jumeaunumerique/SARGEO/prototype/v00r00/cyclobs/al182024/IRWIN/s1a-ew-owi-cm-20241106t234334-20241106t234437-000003-06EAB8_ll_gd_GEO-IRWIN.nc,0.6251115360101975,nan
770,RAFAEL,al182024,2024-11-06 11:26:31,rcm2-sc50ma-owi-cm-20241106t112631-20241106t112723-00003-______ll_gd_GEO-IRWIN.nc,exact_contains,0.0,46.95604074074074,15000.0,46,/scale/user/mtannaou/alternance/donnees_sar_aeqd_09_janvier/al182024/rcm2-sc50ma-owi-cm-20241106t112631-20241106t112723-00003_aeqd.nc,/scale/project/ifremer-isi-jumeaunumerique/SARGEO/prototype/v00r00/cyclobs/al182024/IRWIN/rcm2-sc50ma-owi-cm-20241106t112631-20241106t112723-00003-______ll_gd_GEO-IRWIN.nc,0.0196303377947737,train
771,RAFAEL,al182024,2024-11-10 00:09:41,s1a-iw-owi-cm-20241110t000941-20241110t001035-000003-06EC79_ll_gd_GEO-IRWIN.nc,exact_contains,5.2,,,20,/scale/user/mtannaou/alternance/donnees_sar_aeqd_09_janvier/al182024/s1a-iw-owi-cm-20241110t000941-20241110t001035-000003-_aeqd.nc,/scale/project/ifremer-isi-jumeaunumerique/SARGEO/prototype/v00r00/cyclobs/al182024/IRWIN/s1a-iw-owi-cm-20241110t000941-20241110t001035-000003-06EC79_ll_gd_GEO-IRWIN.nc,0.5631612492033142,nan
772,RAFAEL,al182024,2024-11-08 23:58:24,rcm2-sclna-owi-cm-20241108t235824-20241109t000004-00003-______ll_gd_GEO-IRWIN.nc,exact_contains,0.0,28.381347167252983,60000.0,33,/scale/user/mtannaou/alternance/donnees_sar_aeqd_09_janvier/al182024/rcm2-sclna-owi-cm-20241108t235824-20241109t000004-00003_aeqd.nc,/scale/project/ifremer-isi-jumeaunumerique/SARGEO/prototype/v00r00/cyclobs/al182024/IRWIN/rcm2-sclna-owi-cm-20241108t235824-20241109t000004-00003-______ll_gd_GEO-IRWIN.nc,0.0,train
773,RAFAEL,al182024,2024-11-06 23:41:58,rcm2-sclnc-owi-cm-20241106t234158-20241106t234314-00003-______ll_gd_GEO-IRWIN.nc,exact_contains,1.8,47.14551851851852,15000.0,49,/scale/user/mtannaou/alternance/donnees_sar_aeqd_09_janvier/al182024/rcm2-sclnc-owi-cm-20241106t234158-20241106t234314-00003_aeqd.nc,/scale/project/ifremer-isi-jumeaunumerique/SARGEO/prototype/v00r00/cyclobs/al182024/IRWIN/rcm2-sclnc-owi-cm-20241106t234158-20241106t234314-00003-______ll_gd_GEO-IRWIN.nc,0.3586998087954111,train
774,RAFAEL,al182024,2024-11-10 11:57:34,rcm2-sclnd-owi-cm-20241110t115734-20241110t115838-00003-______ll_gd_GEO-IRWIN.nc,exact_contains,1.6,15.331258954015732,177000.0,18,/scale/user/mtannaou/alternance/donnees_sar_aeqd_09_janvier/al182024/rcm2-sclnd-owi-cm-20241110t115734-20241110t115838-00003_aeqd.nc,/scale/project/ifremer-isi-jumeaunumerique/SARGEO/prototype/v00r00/cyclobs/al182024/IRWIN/rcm2-sclnd-owi-cm-20241110t115734-20241110t115838-00003-______ll_gd_GEO-IRWIN.nc,0.0,train
775,RAFAEL,al182024,2024-11-07 11:34:10,rcm2-sclnc-owi-cm-20241107t113410-20241107t113444-00003-______ll_gd_GEO-IRWIN.nc,exact_contains,0.0,49.918762962962965,23000.0,46,/scale/user/mtannaou/alternance/donnees_sar_aeqd_09_janvier/al182024/rcm2-sclnc-owi-cm-20241107t113410-20241107t113444-00003_aeqd.nc,/scale/project/ifremer-isi-jumeaunumerique/SARGEO/prototype/v00r00/cyclobs/al182024/IRWIN/rcm2-sclnc-owi-cm-20241107t113410-20241107t113444-00003-______ll_gd_GEO-IRWIN.nc,0.2183556405353728,train
776,FILI,sh232022,2022-04-07 18:21:27,rs2-scwa-owi-cm-20220407t182127-20220407t182351-00003-______ll_gd_GEO-IRWIN.nc,exact_contains,1.0,19.32962938574041,256000.0,20,/scale/user/mtannaou/alternance/donnees_sar_aeqd_09_janvier/sh232022/rs2-scwa-owi-cm-20220407t182127-20220407t182351-00003_aeqd.nc,/scale/project/ifremer-isi-jumeaunumerique/SARGEO/prototype/v00r00/cyclobs/sh232022/IRWIN/rs2-scwa-owi-cm-20220407t182127-20220407t182351-00003-______ll_gd_GEO-IRWIN.nc,0.0,nan
777,PETER,al162021,2021-09-20 09:57:34,s1b-iw-owi-cm-20210920t095734-20210920t095828-000003-036F42_ll_gd_GEO-IRWIN.nc,fuzzy_sat_time,3.45,9.487125925925923,51000.0,23,/scale/user/mtannaou/alternance/donnees_sar_aeqd_09_janvier/al162021/s1b-iw-owi-cm-20210920t095734-20210920t095918-000003-_aeqd.nc,/scale/project/ifremer-isi-jumeaunumerique/SARGEO/prototype/v00r00/cyclobs/al162021/IRWIN/s1b-iw-owi-cm-20210920t095734-20210920t095828-000003-036F42_ll_gd_GEO-IRWIN.nc,0.8563416188655194,nan
778,PODUL,wp162025,2025-08-09 20:33:51,rcm3-sclnd-owi-cm-20250809t203351-20250809t203503-00003-xxxxx_ll_gd_GEO-IRWIN.nc,exact_contains,0.0,39.65605555554826,18000.0,28,/scale/user/mtannaou/alternance/donnees_sar_aeqd_09_janvier/wp162025no_env/rcm3-sclnd-owi-cm-20250809t203351-20250809t203503-00003_aeqd.nc,/scale/project/ifremer-isi-jumeaunumerique/SARGEO/prototype/v00r00/cyclobs/wp162025/IRWIN/rcm3-sclnd-owi-cm-20250809t203351-20250809t203503-00003-xxxxx_ll_gd_GEO-IRWIN.nc,0.0891013384321223,test
779,PODUL,wp162025,2025-08-09 08:40:47,rcm3-sclnb-owi-cm-20250809t084047-20250809t084159-00003-xxxxx_ll_gd_GEO-IRWIN.nc,exact_contains,0.0,26.805415428951463,54000.0,27,/scale/user/mtannaou/alternance/donnees_sar_aeqd_09_janvier/wp162025no_env/rcm3-sclnb-owi-cm-20250809t084047-20250809t084159-00003_aeqd.nc,/scale/project/ifremer-isi-jumeaunumerique/SARGEO/prototype/v00r00/cyclobs/wp162025/IRWIN/rcm3-sclnb-owi-cm-20250809t084047-20250809t084159-00003-xxxxx_ll_gd_GEO-IRWIN.nc,0.0,test
780,PODUL,wp162025,2025-08-08 08:32:22,rcm3-sclnd-owi-cm-20250808t083222-20250808t083332-00003-xxxxx_ll_gd_GEO-IRWIN.nc,exact_contains,0.0,29.95351775135724,22000.0,22,/scale/user/mtannaou/alternance/donnees_sar_aeqd_09_janvier/wp162025no_env/rcm3-sclnd-owi-cm-20250808t083222-20250808t083332-00003_aeqd.nc,/scale/project/ifremer-isi-jumeaunumerique/SARGEO/prototype/v00r00/cyclobs/wp162025/IRWIN/rcm3-sclnd-owi-cm-20250808t083222-20250808t083332-00003-xxxxx_ll_gd_GEO-IRWIN.nc,0.0061185468451242,test
781,PODUL,wp162025,2025-08-10 08:49:14,rcm3-sclna-owi-cm-20250810t084914-20250810t085023-00003-xxxxx_ll_gd_GEO-IRWIN.nc,exact_contains,1.2,28.25375547173566,57000.0,26,/scale/user/mtannaou/alternance/donnees_sar_aeqd_09_janvier/wp162025no_env/rcm3-sclna-owi-cm-20250810t084914-20250810t085023-00003_aeqd.nc,/scale/project/ifremer-isi-jumeaunumerique/SARGEO/prototype/v00r00/cyclobs/wp162025/IRWIN/rcm3-sclna-owi-cm-20250810t084914-20250810t085023-00003-xxxxx_ll_gd_GEO-IRWIN.nc,0.4613129381771829,train
782,PODUL,wp162025,2025-08-12 09:37:08,rcm2-sc50ma-owi-cm-20250812t093708-20250812t093818-00003-xxxxx_ll_gd_GEO-IRWIN.nc,exact_contains,0.0,38.11503703694543,39000.0,39,/scale/user/mtannaou/alternance/donnees_sar_aeqd_09_janvier/wp162025no_env/rcm2-sc50ma-owi-cm-20250812t093708-20250812t093818-00003_aeqd.nc,/scale/project/ifremer-isi-jumeaunumerique/SARGEO/prototype/v00r00/cyclobs/wp162025/IRWIN/rcm2-sc50ma-owi-cm-20250812t093708-20250812t093818-00003-xxxxx_ll_gd_GEO-IRWIN.nc,0.0052262587635436,val
783,PODUL,wp162025,2025-08-11 21:21:35,rcm2-sc50ma-owi-cm-20250811t212135-20250811t212248-00003-xxxxx_ll_gd_GEO-IRWIN.nc,exact_contains,0.0,34.51682587668979,51000.0,33,/scale/user/mtannaou/alternance/donnees_sar_aeqd_09_janvier/wp162025no_env/rcm2-sc50ma-owi-cm-20250811t212135-20250811t212248-00003_aeqd.nc,/scale/project/ifremer-isi-jumeaunumerique/SARGEO/prototype/v00r00/cyclobs/wp162025/IRWIN/rcm2-sc50ma-owi-cm-20250811t212135-20250811t212248-00003-xxxxx_ll_gd_GEO-IRWIN.nc,0.0063734862970044,train
784,PODUL,wp162025,2025-08-11 09:28:53,rcm2-sc50mc-owi-cm-20250811t092853-20250811t093003-00003-xxxxx_ll_gd_GEO-IRWIN.nc,exact_contains,1.65,32.818340808361945,63000.0,28,/scale/user/mtannaou/alternance/donnees_sar_aeqd_09_janvier/wp162025no_env/rcm2-sc50mc-owi-cm-20250811t092853-20250811t093003-00003_aeqd.nc,/scale/project/ifremer-isi-jumeaunumerique/SARGEO/prototype/v00r00/cyclobs/wp162025/IRWIN/rcm2-sc50mc-owi-cm-20250811t092853-20250811t093003-00003-xxxxx_ll_gd_GEO-IRWIN.nc,0.2333970681963033,train
785,PODUL,wp162025,2025-08-08 20:25:47,rcm3-sclna-owi-cm-20250808t202547-20250808t202656-00003-xxxxx_ll_gd_GEO-IRWIN.nc,exact_contains,2.7,31.49780370406712,39000.0,24,/scale/user/mtannaou/alternance/donnees_sar_aeqd_09_janvier/wp162025no_env/rcm3-sclna-owi-cm-20250808t202547-20250808t202656-00003_aeqd.nc,/scale/project/ifremer-isi-jumeaunumerique/SARGEO/prototype/v00r00/cyclobs/wp162025/IRWIN/rcm3-sclna-owi-cm-20250808t202547-20250808t202656-00003-xxxxx_ll_gd_GEO-IRWIN.nc,0.0,train
786,YAGI,wp122024,2024-09-03 10:16:25,rcm2-sc50mc-owi-cm-20240903t101625-20240903t101743-00003-______ll_gd_GEO-IRWIN.nc,exact_contains,0.0,24.62059211076743,73000.0,25,/scale/user/mtannaou/alternance/donnees_sar_aeqd_09_janvier/wp122024/rcm2-sc50mc-owi-cm-20240903t101625-20240903t101743-00003_aeqd.nc,/scale/project/ifremer-isi-jumeaunumerique/SARGEO/prototype/v00r00/cyclobs/wp122024/IRWIN/rcm2-sc50mc-owi-cm-20240903t101625-20240903t101743-00003-______ll_gd_GEO-IRWIN.nc,0.0,train
787,YAGI,wp122024,2024-09-02 10:07:30,rcm2-sclnd-owi-cm-20240902t100730-20240902t100847-00003-______ll_gd_GEO-IRWIN.nc,exact_contains,1.8,,,20,/scale/user/mtannaou/alternance/donnees_sar_aeqd_09_janvier/wp122024/rcm2-sclnd-owi-cm-20240902t100730-20240902t100847-00003_aeqd.nc,/scale/project/ifremer-isi-jumeaunumerique/SARGEO/prototype/v00r00/cyclobs/wp122024/IRWIN/rcm2-sclnd-owi-cm-20240902t100730-20240902t100847-00003-______ll_gd_GEO-IRWIN.nc,0.7844486934353091,nan
788,YAGI,wp122024,2024-09-04 10:24:30,rcm2-sc50mc-owi-cm-20240904t102430-20240904t102548-00003-______ll_gd_GEO-IRWIN.nc,exact_contains,0.0,45.936396296296486,33000.0,53,/scale/user/mtannaou/alternance/donnees_sar_aeqd_09_janvier/wp122024/rcm2-sc50mc-owi-cm-20240904t102430-20240904t102548-00003_aeqd.nc,/scale/project/ifremer-isi-jumeaunumerique/SARGEO/prototype/v00r00/cyclobs/wp122024/IRWIN/rcm2-sc50mc-owi-cm-20240904t102430-20240904t102548-00003-______ll_gd_GEO-IRWIN.nc,0.0052262587635436,train
789,YAGI,wp122024,2024-09-03 22:10:26,rcm2-sc50ma-owi-cm-20240903t221026-20240903t221142-00003-______ll_gd_GEO-IRWIN.nc,exact_contains,0.25,28.916317547069813,40000.0,35,/scale/user/mtannaou/alternance/donnees_sar_aeqd_09_janvier/wp122024/rcm2-sc50ma-owi-cm-20240903t221026-20240903t221142-00003_aeqd.nc,/scale/project/ifremer-isi-jumeaunumerique/SARGEO/prototype/v00r00/cyclobs/wp122024/IRWIN/rcm2-sc50ma-owi-cm-20240903t221026-20240903t221142-00003-______ll_gd_GEO-IRWIN.nc,0.2846398980242192,val
790,YAGI,wp122024,2024-09-06 10:41:03,rcm2-sc50mb-owi-cm-20240906t104103-20240906t104220-00003-______ll_gd_GEO-IRWIN.nc,exact_contains,4.2,47.50432592592593,45000.0,61,/scale/user/mtannaou/alternance/donnees_sar_aeqd_09_janvier/wp122024/rcm2-sc50mb-owi-cm-20240906t104103-20240906t104220-00003_aeqd.nc,/scale/project/ifremer-isi-jumeaunumerique/SARGEO/prototype/v00r00/cyclobs/wp122024/IRWIN/rcm2-sc50mb-owi-cm-20240906t104103-20240906t104220-00003-______ll_gd_GEO-IRWIN.nc,0.5733588272785214,nan
791,YAGI,wp122024,2024-09-04 22:18:32,rcm2-sc50ma-owi-cm-20240904t221832-20240904t221941-00003-______ll_gd_GEO-IRWIN.nc,exact_contains,0.6,64.05171111111112,17000.0,70,/scale/user/mtannaou/alternance/donnees_sar_aeqd_09_janvier/wp122024/rcm2-sc50ma-owi-cm-20240904t221832-20240904t221941-00003_aeqd.nc,/scale/project/ifremer-isi-jumeaunumerique/SARGEO/prototype/v00r00/cyclobs/wp122024/IRWIN/rcm2-sc50ma-owi-cm-20240904t221832-20240904t221941-00003-______ll_gd_GEO-IRWIN.nc,0.315742511153601,train
792,YAGI,wp122024,2024-09-05 10:32:47,rcm2-sc50mc-owi-cm-20240905t103247-20240905t103359-00003-______ll_gd_GEO-IRWIN.nc,exact_contains,0.0,53.067881481481486,21000.0,64,/scale/user/mtannaou/alternance/donnees_sar_aeqd_09_janvier/wp122024/rcm2-sc50mc-owi-cm-20240905t103247-20240905t103359-00003_aeqd.nc,/scale/project/ifremer-isi-jumeaunumerique/SARGEO/prototype/v00r00/cyclobs/wp122024/IRWIN/rcm2-sc50mc-owi-cm-20240905t103247-20240905t103359-00003-______ll_gd_GEO-IRWIN.nc,0.0,train
793,YAGI,wp122024,2024-09-04 22:18:10,s1a-ew-owi-cm-20240904t221810-20240904t221913-000003-06C64F_ll_gd_GEO-IRWIN.nc,exact_contains,0.0,61.0013888888889,17000.0,70,/scale/user/mtannaou/alternance/donnees_sar_aeqd_09_janvier/wp122024/s1a-ew-owi-cm-20240904t221810-20240904t221913-000003-_aeqd.nc,/scale/project/ifremer-isi-jumeaunumerique/SARGEO/prototype/v00r00/cyclobs/wp122024/IRWIN/s1a-ew-owi-cm-20240904t221810-20240904t221913-000003-06C64F_ll_gd_GEO-IRWIN.nc,0.3635436583811345,test
794,YAGI,wp122024,2024-09-05 22:26:28,rcm2-sc50ma-owi-cm-20240905t222628-20240905t222744-00003-______ll_gd_GEO-IRWIN.nc,exact_contains,0.0,60.6314925925926,13000.0,69,/scale/user/mtannaou/alternance/donnees_sar_aeqd_09_janvier/wp122024/rcm2-sc50ma-owi-cm-20240905t222628-20240905t222744-00003_aeqd.nc,/scale/project/ifremer-isi-jumeaunumerique/SARGEO/prototype/v00r00/cyclobs/wp122024/IRWIN/rcm2-sc50ma-owi-cm-20240905t222628-20240905t222744-00003-______ll_gd_GEO-IRWIN.nc,0.0,train
795,YAGI,wp122024,2024-09-06 22:34:19,rcm2-sc50mc-owi-cm-20240906t223419-20240906t223537-00003-______ll_gd_GEO-IRWIN.nc,exact_contains,1.8,55.02213333333334,25000.0,58,/scale/user/mtannaou/alternance/donnees_sar_aeqd_09_janvier/wp122024/rcm2-sc50mc-owi-cm-20240906t223419-20240906t223537-00003_aeqd.nc,/scale/project/ifremer-isi-jumeaunumerique/SARGEO/prototype/v00r00/cyclobs/wp122024/IRWIN/rcm2-sc50mc-owi-cm-20240906t223419-20240906t223537-00003-______ll_gd_GEO-IRWIN.nc,0.0251115360101975,train
796,TREVOR,sh202019,2019-03-21 20:14:03,s1b-ew-owi-cm-20190321t201403-20190321t201625-000003-01CF41_ll_gd_GEO-IRWIN.nc,exact_contains,0.0,44.25431111111112,23000.0,34,/scale/user/mtannaou/alternance/donnees_sar_aeqd_09_janvier/sh202019/s1b-ew-owi-cm-20190321t201403-20190321t201625-000003-_aeqd.nc,/scale/project/ifremer-isi-jumeaunumerique/SARGEO/prototype/v00r00/cyclobs/sh202019/IRWIN/s1b-ew-owi-cm-20190321t201403-20190321t201625-000003-01CF41_ll_gd_GEO-IRWIN.nc,0.0,train
797,TREVOR,sh202019,2019-03-19 08:53:34,s1a-iw-owi-cm-20190319t085334-20190319t085428-000003-02F46F_ll_gd_GEO-IRWIN.nc,fuzzy_sat_time,4.0,14.484325925925924,131000.0,49,/scale/user/mtannaou/alternance/donnees_sar_aeqd_09_janvier/sh202019/s1a-iw-owi-cm-20190319t085334-20190319t085453-000003-_aeqd.nc,/scale/project/ifremer-isi-jumeaunumerique/SARGEO/prototype/v00r00/cyclobs/sh202019/IRWIN/s1a-iw-owi-cm-20190319t085334-20190319t085428-000003-02F46F_ll_gd_GEO-IRWIN.nc,0.945952836201402,nan
798,ISAAC,al102024,2024-09-29 20:18:25,rcm2-sclnc-owi-cm-20240929t201825-20240929t201938-00003-______ll_gd_GEO-IRWIN.nc,exact_contains,0.6,35.56843703634452,63000.0,30,/scale/user/mtannaou/alternance/donnees_sar_aeqd_09_janvier/al102024/rcm2-sclnc-owi-cm-20240929t201825-20240929t201938-00003_aeqd.nc,/scale/project/ifremer-isi-jumeaunumerique/SARGEO/prototype/v00r00/cyclobs/al102024/IRWIN/rcm2-sclnc-owi-cm-20240929t201825-20240929t201938-00003-______ll_gd_GEO-IRWIN.nc,0.0,val
799,ISAAC,al102024,2024-09-28 08:48:49,rcm3-sc50mc-owi-cm-20240928t084849-20240928t085005-00003-______ll_gd_GEO-IRWIN.nc,exact_contains,1.4,42.87489629629613,24000.0,46,/scale/user/mtannaou/alternance/donnees_sar_aeqd_09_janvier/al102024/rcm3-sc50mc-owi-cm-20240928t084849-20240928t085005-00003_aeqd.nc,/scale/project/ifremer-isi-jumeaunumerique/SARGEO/prototype/v00r00/cyclobs/al102024/IRWIN/rcm3-sc50mc-owi-cm-20240928t084849-20240928t085005-00003-______ll_gd_GEO-IRWIN.nc,0.0,test
800,ISAAC,al102024,2024-09-26 21:28:44,rcm2-sc50mc-owi-cm-20240926t212953-20240926t213008-00003-______ll_gd_GEO-IRWIN.nc,fuzzy_sat_time,0.95,35.16750006997081,12000.0,27,/scale/user/mtannaou/alternance/donnees_sar_aeqd_09_janvier/al102024/rcm2-sc50mc-owi-cm-20240926t212844-20240926t212944-00003_aeqd.nc,/scale/project/ifremer-isi-jumeaunumerique/SARGEO/prototype/v00r00/cyclobs/al102024/IRWIN/rcm2-sc50mc-owi-cm-20240926t212953-20240926t213008-00003-______ll_gd_GEO-IRWIN.nc,0.5230082855321861,nan
801,ISAAC,al102024,2024-09-29 08:23:38,rcm1-sclnd-owi-cm-20240929t082338-20240929t082454-00003-______ll_gd_GEO-IRWIN.nc,exact_contains,0.3,36.970396293284495,60000.0,35,/scale/user/mtannaou/alternance/donnees_sar_aeqd_09_janvier/al102024/rcm1-sclnd-owi-cm-20240929t082338-20240929t082454-00003_aeqd.nc,/scale/project/ifremer-isi-jumeaunumerique/SARGEO/prototype/v00r00/cyclobs/al102024/IRWIN/rcm1-sclnd-owi-cm-20240929t082338-20240929t082454-00003-______ll_gd_GEO-IRWIN.nc,0.0,train
802,ISAAC,al102024,2024-09-26 09:37:47,rcm1-sc50mb-owi-cm-20240926t093747-20240926t093901-00003-______ll_gd_GEO-IRWIN.nc,exact_contains,0.6,31.34042515582876,9000.0,23,/scale/user/mtannaou/alternance/donnees_sar_aeqd_09_janvier/al102024/rcm1-sc50mb-owi-cm-20240926t093747-20240926t093901-00003_aeqd.nc,/scale/project/ifremer-isi-jumeaunumerique/SARGEO/prototype/v00r00/cyclobs/al102024/IRWIN/rcm1-sc50mb-owi-cm-20240926t093747-20240926t093901-00003-______ll_gd_GEO-IRWIN.nc,0.1476099426386233,train
803,ISAAC,al102024,2024-09-28 20:41:30,rcm1-sclnd-owi-cm-20240928t204130-20240928t204248-00003-______ll_gd_GEO-IRWIN.nc,exact_contains,0.0,38.60092592568426,65000.0,41,/scale/user/mtannaou/alternance/donnees_sar_aeqd_09_janvier/al102024/rcm1-sclnd-owi-cm-20240928t204130-20240928t204248-00003_aeqd.nc,/scale/project/ifremer-isi-jumeaunumerique/SARGEO/prototype/v00r00/cyclobs/al102024/IRWIN/rcm1-sclnd-owi-cm-20240928t204130-20240928t204248-00003-______ll_gd_GEO-IRWIN.nc,0.0374760994263862,val
804,ISAAC,al102024,2024-09-30 08:00:08,rcm2-sclnd-owi-cm-20240930t080008-20240930t080023-00003-______ll_gd_GEO-IRWIN.nc,exact_contains,3.3,,,27,/scale/user/mtannaou/alternance/donnees_sar_aeqd_09_janvier/al102024/rcm2-sclnd-owi-cm-20240930t080008-20240930t080023-00003_aeqd.nc,/scale/project/ifremer-isi-jumeaunumerique/SARGEO/prototype/v00r00/cyclobs/al102024/IRWIN/rcm2-sclnd-owi-cm-20240930t080008-20240930t080023-00003-______ll_gd_GEO-IRWIN.nc,1.0,nan
805,ISAAC,al102024,2024-09-26 21:28:44,rcm2-sc50mc-owi-cm-20240926t212844-20240926t212944-00003-______ll_gd_GEO-IRWIN.nc,exact_contains,0.95,35.16750006997081,12000.0,27,/scale/user/mtannaou/alternance/donnees_sar_aeqd_09_janvier/al102024/rcm2-sc50mc-owi-cm-20240926t212844-20240926t212944-00003_aeqd.nc,/scale/project/ifremer-isi-jumeaunumerique/SARGEO/prototype/v00r00/cyclobs/al102024/IRWIN/rcm2-sc50mc-owi-cm-20240926t212844-20240926t212944-00003-______ll_gd_GEO-IRWIN.nc,0.5230082855321861,nan
806,ISAAC,al102024,2024-09-27 09:13:16,rcm2-sc50mb-owi-cm-20240927t091316-20240927t091432-00003-______ll_gd_GEO-IRWIN.nc,exact_contains,0.0,36.06345925907513,27000.0,32,/scale/user/mtannaou/alternance/donnees_sar_aeqd_09_janvier/al102024/rcm2-sc50mb-owi-cm-20240927t091316-20240927t091432-00003_aeqd.nc,/scale/project/ifremer-isi-jumeaunumerique/SARGEO/prototype/v00r00/cyclobs/al102024/IRWIN/rcm2-sc50mb-owi-cm-20240927t091316-20240927t091432-00003-______ll_gd_GEO-IRWIN.nc,0.00012746972594,val
807,ANGGREK,sh062024,2024-01-17 23:07:13,rcm3-sclnd-owi-cm-20240117t230713-20240117t230829-00003-______ll_gd_GEO-IRWIN.nc,exact_contains,2.85,,,23,/scale/user/mtannaou/alternance/donnees_sar_aeqd_09_janvier/sh062024/rcm3-sclnd-owi-cm-20240117t230713-20240117t230829-00003_aeqd.nc,/scale/project/ifremer-isi-jumeaunumerique/SARGEO/prototype/v00r00/cyclobs/sh062024/IRWIN/rcm3-sclnd-owi-cm-20240117t230713-20240117t230829-00003-______ll_gd_GEO-IRWIN.nc,0.7467176545570428,nan
808,ANGGREK,sh062024,2024-01-17 12:00:51,rcm1-sclna-owi-cm-20240117t120051-20240117t120206-00003-______ll_gd_GEO-IRWIN.nc,exact_contains,0.6,21.069731289687475,75000.0,23,/scale/user/mtannaou/alternance/donnees_sar_aeqd_09_janvier/sh062024/rcm1-sclna-owi-cm-20240117t120051-20240117t120206-00003_aeqd.nc,/scale/project/ifremer-isi-jumeaunumerique/SARGEO/prototype/v00r00/cyclobs/sh062024/IRWIN/rcm1-sclna-owi-cm-20240117t120051-20240117t120206-00003-______ll_gd_GEO-IRWIN.nc,0.0,test2
809,ANGGREK,sh062024,2024-01-26 23:49:03,rcm1-sclnd-owi-cm-20240126t234903-20240126t235020-00003-______ll_gd_GEO-IRWIN.nc,exact_contains,1.4,45.05923333333185,22000.0,52,/scale/user/mtannaou/alternance/donnees_sar_aeqd_09_janvier/sh062024/rcm1-sclnd-owi-cm-20240126t234903-20240126t235020-00003_aeqd.nc,/scale/project/ifremer-isi-jumeaunumerique/SARGEO/prototype/v00r00/cyclobs/sh062024/IRWIN/rcm1-sclnd-owi-cm-20240126t234903-20240126t235020-00003-______ll_gd_GEO-IRWIN.nc,0.0376035691523263,test2
810,ANGGREK,sh062024,2024-01-16 23:30:28,rcm2-sclna-owi-cm-20240116t233028-20240116t233141-00003-______ll_gd_GEO-IRWIN.nc,exact_contains,1.1,19.039186633839467,55000.0,26,/scale/user/mtannaou/alternance/donnees_sar_aeqd_09_janvier/sh062024/rcm2-sclna-owi-cm-20240116t233028-20240116t233141-00003_aeqd.nc,/scale/project/ifremer-isi-jumeaunumerique/SARGEO/prototype/v00r00/cyclobs/sh062024/IRWIN/rcm2-sclna-owi-cm-20240116t233028-20240116t233141-00003-______ll_gd_GEO-IRWIN.nc,0.3923518164435946,test2
811,ANGGREK,sh062024,2024-01-25 23:40:33,rcm1-sclnc-owi-cm-20240125t234033-20240125t234148-00003-______ll_gd_GEO-IRWIN.nc,exact_contains,1.4,49.22557037037037,26000.0,54,/scale/user/mtannaou/alternance/donnees_sar_aeqd_09_janvier/sh062024/rcm1-sclnc-owi-cm-20240125t234033-20240125t234148-00003_aeqd.nc,/scale/project/ifremer-isi-jumeaunumerique/SARGEO/prototype/v00r00/cyclobs/sh062024/IRWIN/rcm1-sclnc-owi-cm-20240125t234033-20240125t234148-00003-______ll_gd_GEO-IRWIN.nc,0.0,test2
812,ANGGREK,sh062024,2024-01-18 23:15:35,rcm3-sclnd-owi-cm-20240118t231535-20240118t231650-00003-______ll_gd_GEO-IRWIN.nc,exact_contains,0.0,32.084073746171946,63000.0,28,/scale/user/mtannaou/alternance/donnees_sar_aeqd_09_janvier/sh062024/rcm3-sclnd-owi-cm-20240118t231535-20240118t231650-00003_aeqd.nc,/scale/project/ifremer-isi-jumeaunumerique/SARGEO/prototype/v00r00/cyclobs/sh062024/IRWIN/rcm3-sclnd-owi-cm-20240118t231535-20240118t231650-00003-______ll_gd_GEO-IRWIN.nc,0.0,test2
813,ANGGREK,sh062024,2024-01-30 13:40:18,rcm1-sclnb-owi-cm-20240130t134018-20240130t134136-00003-______ll_gd_GEO-IRWIN.nc,exact_contains,0.3,44.82247407407407,40000.0,46,/scale/user/mtannaou/alternance/donnees_sar_aeqd_09_janvier/sh062024/rcm1-sclnb-owi-cm-20240130t134018-20240130t134136-00003_aeqd.nc,/scale/project/ifremer-isi-jumeaunumerique/SARGEO/prototype/v00r00/cyclobs/sh062024/IRWIN/rcm1-sclnb-owi-cm-20240130t134018-20240130t134136-00003-______ll_gd_GEO-IRWIN.nc,0.0,test2
814,ANGGREK,sh062024,2024-01-23 12:16:33,rcm2-sclna-owi-cm-20240123t121633-20240123t121747-00003-______ll_gd_GEO-IRWIN.nc,exact_contains,2.4000000000000004,27.03725972743102,56000.0,26,/scale/user/mtannaou/alternance/donnees_sar_aeqd_09_janvier/sh062024/rcm2-sclna-owi-cm-20240123t121633-20240123t121747-00003_aeqd.nc,/scale/project/ifremer-isi-jumeaunumerique/SARGEO/prototype/v00r00/cyclobs/sh062024/IRWIN/rcm2-sclna-owi-cm-20240123t121633-20240123t121747-00003-______ll_gd_GEO-IRWIN.nc,0.0,test2
815,ANGGREK,sh062024,2024-01-28 13:26:21,rcm1-sclna-owi-cm-20240128t132621-20240128t132745-00003-______ll_gd_GEO-IRWIN.nc,exact_contains,0.0,50.73391481481482,17000.0,53,/scale/user/mtannaou/alternance/donnees_sar_aeqd_09_janvier/sh062024/rcm1-sclna-owi-cm-20240128t132621-20240128t132745-00003_aeqd.nc,/scale/project/ifremer-isi-jumeaunumerique/SARGEO/prototype/v00r00/cyclobs/sh062024/IRWIN/rcm1-sclna-owi-cm-20240128t132621-20240128t132745-00003-______ll_gd_GEO-IRWIN.nc,0.0,test2
816,ANGGREK,sh062024,2024-01-19 23:23:44,rcm3-sclnc-owi-cm-20240119t232344-20240119t232459-00003-______ll_gd_GEO-IRWIN.nc,exact_contains,0.0,36.94427777774906,37000.0,38,/scale/user/mtannaou/alternance/donnees_sar_aeqd_09_janvier/sh062024/rcm3-sclnc-owi-cm-20240119t232344-20240119t232459-00003_aeqd.nc,/scale/project/ifremer-isi-jumeaunumerique/SARGEO/prototype/v00r00/cyclobs/sh062024/IRWIN/rcm3-sclnc-owi-cm-20240119t232344-20240119t232459-00003-______ll_gd_GEO-IRWIN.nc,0.0,test2
817,ANGGREK,sh062024,2024-01-29 00:41:39,s1a-ew-owi-cm-20240129t004139-20240129t004242-000003-065341_ll_gd_GEO-IRWIN.nc,exact_contains,0.0,55.76878518518518,22000.0,59,/scale/user/mtannaou/alternance/donnees_sar_aeqd_09_janvier/sh062024/s1a-ew-owi-cm-20240129t004139-20240129t004242-000003-_aeqd.nc,/scale/project/ifremer-isi-jumeaunumerique/SARGEO/prototype/v00r00/cyclobs/sh062024/IRWIN/s1a-ew-owi-cm-20240129t004139-20240129t004242-000003-065341_ll_gd_GEO-IRWIN.nc,0.0,test2
818,ANGGREK,sh062024,2024-01-19 12:16:14,rcm1-sclnc-owi-cm-20240119t121614-20240119t121730-00003-______ll_gd_GEO-IRWIN.nc,exact_contains,0.0,28.469203475555343,45000.0,31,/scale/user/mtannaou/alternance/donnees_sar_aeqd_09_janvier/sh062024/rcm1-sclnc-owi-cm-20240119t121614-20240119t121730-00003_aeqd.nc,/scale/project/ifremer-isi-jumeaunumerique/SARGEO/prototype/v00r00/cyclobs/sh062024/IRWIN/rcm1-sclnc-owi-cm-20240119t121614-20240119t121730-00003-______ll_gd_GEO-IRWIN.nc,0.0,test2
819,ANGGREK,sh062024,2024-01-20 23:31:38,rcm3-sclna-owi-cm-20240120t233138-20240120t233253-00003-______ll_gd_GEO-IRWIN.nc,exact_contains,0.0,37.41989629629565,32000.0,36,/scale/user/mtannaou/alternance/donnees_sar_aeqd_09_janvier/sh062024/rcm3-sclna-owi-cm-20240120t233138-20240120t233253-00003_aeqd.nc,/scale/project/ifremer-isi-jumeaunumerique/SARGEO/prototype/v00r00/cyclobs/sh062024/IRWIN/rcm3-sclna-owi-cm-20240120t233138-20240120t233253-00003-______ll_gd_GEO-IRWIN.nc,0.0,test2
820,ANGGREK,sh062024,2024-01-26 12:39:25,rcm2-sclna-owi-cm-20240126t123925-20240126t124041-00003-______ll_gd_GEO-IRWIN.nc,exact_contains,0.0,50.97441111111111,19000.0,56,/scale/user/mtannaou/alternance/donnees_sar_aeqd_09_janvier/sh062024/rcm2-sclna-owi-cm-20240126t123925-20240126t124041-00003_aeqd.nc,/scale/project/ifremer-isi-jumeaunumerique/SARGEO/prototype/v00r00/cyclobs/sh062024/IRWIN/rcm2-sclna-owi-cm-20240126t123925-20240126t124041-00003-______ll_gd_GEO-IRWIN.nc,0.0622052262587635,test2
821,ANGGREK,sh062024,2024-01-24 23:32:00,rcm1-sclnc-owi-cm-20240124t233200-20240124t233318-00003-______ll_gd_GEO-IRWIN.nc,exact_contains,0.3,36.08847037027519,38000.0,41,/scale/user/mtannaou/alternance/donnees_sar_aeqd_09_janvier/sh062024/rcm1-sclnc-owi-cm-20240124t233200-20240124t233318-00003_aeqd.nc,/scale/project/ifremer-isi-jumeaunumerique/SARGEO/prototype/v00r00/cyclobs/sh062024/IRWIN/rcm1-sclnc-owi-cm-20240124t233200-20240124t233318-00003-______ll_gd_GEO-IRWIN.nc,0.0970044614404079,test2
822,ANGGREK,sh062024,2024-01-18 12:08:27,rcm1-sclnb-owi-cm-20240118t120827-20240118t120942-00003-______ll_gd_GEO-IRWIN.nc,exact_contains,0.6,21.819255935601056,84000.0,23,/scale/user/mtannaou/alternance/donnees_sar_aeqd_09_janvier/sh062024/rcm1-sclnb-owi-cm-20240118t120827-20240118t120942-00003_aeqd.nc,/scale/project/ifremer-isi-jumeaunumerique/SARGEO/prototype/v00r00/cyclobs/sh062024/IRWIN/rcm1-sclnb-owi-cm-20240118t120827-20240118t120942-00003-______ll_gd_GEO-IRWIN.nc,0.0,test2
823,ANGGREK,sh062024,2024-01-29 00:38:41,rcm3-sclnb-owi-cm-20240129t003841-20240129t004005-00003-______ll_gd_GEO-IRWIN.nc,exact_contains,0.7,56.231262962962965,25000.0,59,/scale/user/mtannaou/alternance/donnees_sar_aeqd_09_janvier/sh062024/rcm3-sclnb-owi-cm-20240129t003841-20240129t004005-00003_aeqd.nc,/scale/project/ifremer-isi-jumeaunumerique/SARGEO/prototype/v00r00/cyclobs/sh062024/IRWIN/rcm3-sclnb-owi-cm-20240129t003841-20240129t004005-00003-______ll_gd_GEO-IRWIN.nc,0.0149139579349904,test2
824,ANGGREK,sh062024,2024-01-27 13:18:42,rcm1-sclnd-owi-cm-20240127t131842-20240127t131957-00003-______ll_gd_GEO-IRWIN.nc,exact_contains,0.3,51.00587407407407,17000.0,51,/scale/user/mtannaou/alternance/donnees_sar_aeqd_09_janvier/sh062024/rcm1-sclnd-owi-cm-20240127t131842-20240127t131957-00003_aeqd.nc,/scale/project/ifremer-isi-jumeaunumerique/SARGEO/prototype/v00r00/cyclobs/sh062024/IRWIN/rcm1-sclnd-owi-cm-20240127t131842-20240127t131957-00003-______ll_gd_GEO-IRWIN.nc,0.2079031230082855,test2
825,ANGGREK,sh062024,2024-01-30 00:47:49,rcm3-sclna-owi-cm-20240130t004749-20240130t004913-00003-______ll_gd_GEO-IRWIN.nc,exact_contains,1.2,61.34252592592592,19000.0,53,/scale/user/mtannaou/alternance/donnees_sar_aeqd_09_janvier/sh062024/rcm3-sclna-owi-cm-20240130t004749-20240130t004913-00003_aeqd.nc,/scale/project/ifremer-isi-jumeaunumerique/SARGEO/prototype/v00r00/cyclobs/sh062024/IRWIN/rcm3-sclna-owi-cm-20240130t004749-20240130t004913-00003-______ll_gd_GEO-IRWIN.nc,0.4717654557042702,test2
826,ANGGREK,sh062024,2024-01-27 13:06:41,s1a-ew-owi-cm-20240127t130641-20240127t130744-000003-06528A_ll_gd_GEO-IRWIN.nc,exact_contains,0.0,55.21657777777777,17000.0,51,/scale/user/mtannaou/alternance/donnees_sar_aeqd_09_janvier/sh062024/s1a-ew-owi-cm-20240127t130641-20240127t130744-000003-_aeqd.nc,/scale/project/ifremer-isi-jumeaunumerique/SARGEO/prototype/v00r00/cyclobs/sh062024/IRWIN/s1a-ew-owi-cm-20240127t130641-20240127t130744-000003-06528A_ll_gd_GEO-IRWIN.nc,0.0,test2
827,ANGGREK,sh062024,2024-01-20 12:24:10,rcm1-sclnd-owi-cm-20240120t122410-20240120t122527-00003-______ll_gd_GEO-IRWIN.nc,exact_contains,0.0,37.07860740279844,30000.0,36,/scale/user/mtannaou/alternance/donnees_sar_aeqd_09_janvier/sh062024/rcm1-sclnd-owi-cm-20240120t122410-20240120t122527-00003_aeqd.nc,/scale/project/ifremer-isi-jumeaunumerique/SARGEO/prototype/v00r00/cyclobs/sh062024/IRWIN/rcm1-sclnd-owi-cm-20240120t122410-20240120t122527-00003-______ll_gd_GEO-IRWIN.nc,0.14289356277884,test2
828,ANGGREK,sh062024,2024-01-25 12:31:43,rcm2-sclnc-owi-cm-20240125t123143-20240125t123259-00003-______ll_gd_GEO-IRWIN.nc,exact_contains,0.0,45.07467037037026,35000.0,47,/scale/user/mtannaou/alternance/donnees_sar_aeqd_09_janvier/sh062024/rcm2-sclnc-owi-cm-20240125t123143-20240125t123259-00003_aeqd.nc,/scale/project/ifremer-isi-jumeaunumerique/SARGEO/prototype/v00r00/cyclobs/sh062024/IRWIN/rcm2-sclnc-owi-cm-20240125t123143-20240125t123259-00003-______ll_gd_GEO-IRWIN.nc,0.0,test2
829,SALLY,al192020,2020-09-15 23:52:33,s1b-iw-owi-cm-20200915t235233-20200915t235417-000003-02C6F9_ll_gd_GEO-IRWIN.nc,exact_contains,0.9,41.72720740740741,38000.0,39,/scale/user/mtannaou/alternance/donnees_sar_aeqd_09_janvier/al192020/s1b-iw-owi-cm-20200915t235233-20200915t235417-000003-_aeqd.nc,/scale/project/ifremer-isi-jumeaunumerique/SARGEO/prototype/v00r00/cyclobs/al192020/IRWIN/s1b-iw-owi-cm-20200915t235233-20200915t235417-000003-02C6F9_ll_gd_GEO-IRWIN.nc,0.1098789037603569,test
830,FRANCISCO,wp102025,2025-07-23 21:29:16,rcm3-sc50ma-owi-cm-20250723t212916-20250723t213026-00003-xxxxx_ll_gd_GEO-IRWIN.nc,exact_contains,1.6,21.895611336791443,301000.0,21,/scale/user/mtannaou/alternance/donnees_sar_aeqd_09_janvier/wp102025no_env/rcm3-sc50ma-owi-cm-20250723t212916-20250723t213026-00003_aeqd.nc,/scale/project/ifremer-isi-jumeaunumerique/SARGEO/prototype/v00r00/cyclobs/wp102025/IRWIN/rcm3-sc50ma-owi-cm-20250723t212916-20250723t213026-00003-xxxxx_ll_gd_GEO-IRWIN.nc,0.0,nan
831,FRANCISCO,wp102025,2025-07-23 09:37:12,rcm3-sc50mc-owi-cm-20250723t093712-20250723t093823-00003-xxxxx_ll_gd_GEO-IRWIN.nc,exact_contains,3.9,14.846119909958391,141000.0,21,/scale/user/mtannaou/alternance/donnees_sar_aeqd_09_janvier/wp102025no_env/rcm3-sc50mc-owi-cm-20250723t093712-20250723t093823-00003_aeqd.nc,/scale/project/ifremer-isi-jumeaunumerique/SARGEO/prototype/v00r00/cyclobs/wp102025/IRWIN/rcm3-sc50mc-owi-cm-20250723t093712-20250723t093823-00003-xxxxx_ll_gd_GEO-IRWIN.nc,0.2891013384321224,train
832,IDAI,sh182019,2019-03-14 16:05:52,s1b-iw-owi-cm-20190314t160552-20190314t160801-000003-01CBEE_ll_gd_GEO-IRWIN.nc,exact_contains,1.8,49.15371851851853,35000.0,50,/scale/user/mtannaou/alternance/donnees_sar_aeqd_09_janvier/sh182019/s1b-iw-owi-cm-20190314t160552-20190314t160801-000003-_aeqd.nc,/scale/project/ifremer-isi-jumeaunumerique/SARGEO/prototype/v00r00/cyclobs/sh182019/IRWIN/s1b-iw-owi-cm-20190314t160552-20190314t160801-000003-01CBEE_ll_gd_GEO-IRWIN.nc,0.1420012746972594,train
833,IDAI,sh182019,2019-03-11 02:43:10,s1a-ew-owi-cm-20190311t024310-20190311t024514-000003-02F003_ll_gd_GEO-IRWIN.nc,fuzzy_sat_time,0.0,53.45795925925926,19000.0,49,/scale/user/mtannaou/alternance/donnees_sar_aeqd_09_janvier/sh182019/s1a-ew-owi-cm-20190311t024310-20190311t024606-000003-_aeqd.nc,/scale/project/ifremer-isi-jumeaunumerique/SARGEO/prototype/v00r00/cyclobs/sh182019/IRWIN/s1a-ew-owi-cm-20190311t024310-20190311t024514-000003-02F003_ll_gd_GEO-IRWIN.nc,0.0030592734225621,test
834,PHILIPPE,al172023,2023-09-27 09:34:15,rcm3-sclna-owi-cm-20230927t093415-20230927t093529-00003-______ll_gd_GEO-IRWIN.nc,exact_contains,3.7,16.190194837618076,71000.0,22,/scale/user/mtannaou/alternance/donnees_sar_aeqd_09_janvier/al172023/rcm3-sclna-owi-cm-20230927t093415-20230927t093529-00003_aeqd.nc,/scale/project/ifremer-isi-jumeaunumerique/SARGEO/prototype/v00r00/cyclobs/al172023/IRWIN/rcm3-sclna-owi-cm-20230927t093415-20230927t093529-00003-______ll_gd_GEO-IRWIN.nc,0.8452517527087317,nan
835,PHILIPPE,al172023,2023-09-26 08:54:16,rcm1-sclnd-owi-cm-20230926t085416-20230926t085533-00003-______ll_gd_GEO-IRWIN.nc,exact_contains,3.0,19.35744086730601,230000.0,22,/scale/user/mtannaou/alternance/donnees_sar_aeqd_09_janvier/al172023/rcm1-sclnd-owi-cm-20230926t085416-20230926t085533-00003_aeqd.nc,/scale/project/ifremer-isi-jumeaunumerique/SARGEO/prototype/v00r00/cyclobs/al172023/IRWIN/rcm1-sclnd-owi-cm-20230926t085416-20230926t085533-00003-______ll_gd_GEO-IRWIN.nc,0.7316762268961122,nan
836,PHILIPPE,al172023,2023-10-05 10:05:01,rcm1-sclnd-owi-cm-20231005t100501-20231005t100618-00003-______ll_gd_GEO-IRWIN.nc,exact_contains,3.45,27.624264035698904,107000.0,21,/scale/user/mtannaou/alternance/donnees_sar_aeqd_09_janvier/al172023/rcm1-sclnd-owi-cm-20231005t100501-20231005t100618-00003_aeqd.nc,/scale/project/ifremer-isi-jumeaunumerique/SARGEO/prototype/v00r00/cyclobs/al172023/IRWIN/rcm1-sclnd-owi-cm-20231005t100501-20231005t100618-00003-______ll_gd_GEO-IRWIN.nc,0.9134480560866794,nan
837,PHILIPPE,al172023,2023-10-03 09:50:20,rcm1-sclnd-owi-cm-20231003t095020-20231003t095136-00003-______ll_gd_GEO-IRWIN.nc,exact_contains,4.1000000000000005,22.006136246888417,132000.0,22,/scale/user/mtannaou/alternance/donnees_sar_aeqd_09_janvier/al172023/rcm1-sclnd-owi-cm-20231003t095020-20231003t095136-00003_aeqd.nc,/scale/project/ifremer-isi-jumeaunumerique/SARGEO/prototype/v00r00/cyclobs/al172023/IRWIN/rcm1-sclnd-owi-cm-20231003t095020-20231003t095136-00003-______ll_gd_GEO-IRWIN.nc,0.894327597195666,nan
838,PHILIPPE,al172023,2023-09-25 08:46:42,rcm1-sclnd-owi-cm-20230925t084642-20230925t084800-00003-______ll_gd_GEO-IRWIN.nc,exact_contains,1.6,24.121531099240137,99000.0,23,/scale/user/mtannaou/alternance/donnees_sar_aeqd_09_janvier/al172023/rcm1-sclnd-owi-cm-20230925t084642-20230925t084800-00003_aeqd.nc,/scale/project/ifremer-isi-jumeaunumerique/SARGEO/prototype/v00r00/cyclobs/al172023/IRWIN/rcm1-sclnd-owi-cm-20230925t084642-20230925t084800-00003-______ll_gd_GEO-IRWIN.nc,0.0936902485659655,train
839,PHILIPPE,al172023,2023-10-03 10:05:58,s1a-iw-owi-cm-20231003t100627-20231003t100742-000003-06187A_ll_gd_GEO-IRWIN.nc,fuzzy_sat_time,0.9,17.76666666666667,180000.0,21,/scale/user/mtannaou/alternance/donnees_sar_aeqd_09_janvier/al172023/s1a-iw-owi-cm-20231003t100558-20231003t100742-000003-_aeqd.nc,/scale/project/ifremer-isi-jumeaunumerique/SARGEO/prototype/v00r00/cyclobs/al172023/IRWIN/s1a-iw-owi-cm-20231003t100627-20231003t100742-000003-06187A_ll_gd_GEO-IRWIN.nc,0.0299553855959209,train
840,PHILIPPE,al172023,2023-09-26 21:40:17,rcm3-sclnd-owi-cm-20230926t214017-20230926t214132-00003-______ll_gd_GEO-IRWIN.nc,exact_contains,3.9,,,21,/scale/user/mtannaou/alternance/donnees_sar_aeqd_09_janvier/al172023/rcm3-sclnd-owi-cm-20230926t214017-20230926t214132-00003_aeqd.nc,/scale/project/ifremer-isi-jumeaunumerique/SARGEO/prototype/v00r00/cyclobs/al172023/IRWIN/rcm3-sclnd-owi-cm-20230926t214017-20230926t214132-00003-______ll_gd_GEO-IRWIN.nc,0.2244741873804971,nan
841,PHILIPPE,al172023,2023-10-06 10:11:17,rcm1-sc50mc-owi-cm-20231006t101117-20231006t101235-00003-______ll_gd_GEO-IRWIN.nc,exact_contains,3.2,17.461285268290148,494000.0,23,/scale/user/mtannaou/alternance/donnees_sar_aeqd_09_janvier/al172023/rcm1-sc50mc-owi-cm-20231006t101117-20231006t101235-00003_aeqd.nc,/scale/project/ifremer-isi-jumeaunumerique/SARGEO/prototype/v00r00/cyclobs/al172023/IRWIN/rcm1-sc50mc-owi-cm-20231006t101117-20231006t101235-00003-______ll_gd_GEO-IRWIN.nc,0.0,nan
842,PHILIPPE,al172023,2023-10-05 22:22:35,s1a-ew-owi-cm-20231005t222235-20231005t222338-000003-0619B2_ll_gd_GEO-IRWIN.nc,exact_contains,2.4,17.484758696378094,268000.0,23,/scale/user/mtannaou/alternance/donnees_sar_aeqd_09_janvier/al172023/s1a-ew-owi-cm-20231005t222235-20231005t222338-000003-_aeqd.nc,/scale/project/ifremer-isi-jumeaunumerique/SARGEO/prototype/v00r00/cyclobs/al172023/IRWIN/s1a-ew-owi-cm-20231005t222235-20231005t222338-000003-0619B2_ll_gd_GEO-IRWIN.nc,0.0,nan
843,PHILIPPE,al172023,2023-09-30 09:26:27,rcm1-sclnd-owi-cm-20230930t092627-20230930t092742-00003-______ll_gd_GEO-IRWIN.nc,exact_contains,1.6,23.79869269716709,155000.0,23,/scale/user/mtannaou/alternance/donnees_sar_aeqd_09_janvier/al172023/rcm1-sclnd-owi-cm-20230930t092627-20230930t092742-00003_aeqd.nc,/scale/project/ifremer-isi-jumeaunumerique/SARGEO/prototype/v00r00/cyclobs/al172023/IRWIN/rcm1-sclnd-owi-cm-20230930t092627-20230930t092742-00003-______ll_gd_GEO-IRWIN.nc,0.0,train
844,PHILIPPE,al172023,2023-10-01 09:34:38,rcm1-sclnc-owi-cm-20231001t093438-20231001t093554-00003-______ll_gd_GEO-IRWIN.nc,exact_contains,2.1,25.68604918831603,91000.0,23,/scale/user/mtannaou/alternance/donnees_sar_aeqd_09_janvier/al172023/rcm1-sclnc-owi-cm-20231001t093438-20231001t093554-00003_aeqd.nc,/scale/project/ifremer-isi-jumeaunumerique/SARGEO/prototype/v00r00/cyclobs/al172023/IRWIN/rcm1-sclnc-owi-cm-20231001t093438-20231001t093554-00003-______ll_gd_GEO-IRWIN.nc,0.4644996813256851,train
845,PHILIPPE,al172023,2023-10-05 22:22:18,rcm1-sc50mb-owi-cm-20231005t222218-20231005t222336-00003-______ll_gd_GEO-IRWIN.nc,exact_contains,3.2,18.03277785851629,284000.0,23,/scale/user/mtannaou/alternance/donnees_sar_aeqd_09_janvier/al172023/rcm1-sc50mb-owi-cm-20231005t222218-20231005t222336-00003_aeqd.nc,/scale/project/ifremer-isi-jumeaunumerique/SARGEO/prototype/v00r00/cyclobs/al172023/IRWIN/rcm1-sc50mb-owi-cm-20231005t222218-20231005t222336-00003-______ll_gd_GEO-IRWIN.nc,0.0741873804971319,nan
846,PHILIPPE,al172023,2023-09-28 09:42:09,rcm3-sclna-owi-cm-20230928t094209-20230928t094323-00003-______ll_gd_GEO-IRWIN.nc,exact_contains,4.6,13.261631458668251,125000.0,23,/scale/user/mtannaou/alternance/donnees_sar_aeqd_09_janvier/al172023/rcm3-sclna-owi-cm-20230928t094209-20230928t094323-00003_aeqd.nc,/scale/project/ifremer-isi-jumeaunumerique/SARGEO/prototype/v00r00/cyclobs/al172023/IRWIN/rcm3-sclna-owi-cm-20230928t094209-20230928t094323-00003-______ll_gd_GEO-IRWIN.nc,0.6229445506692161,nan
847,PHILIPPE,al172023,2023-10-06 10:27:39,s1a-ew-owi-cm-20231006t102739-20231006t102842-000003-0619EF_ll_gd_GEO-IRWIN.nc,exact_contains,2.4,16.70453857356761,240000.0,23,/scale/user/mtannaou/alternance/donnees_sar_aeqd_09_janvier/al172023/s1a-ew-owi-cm-20231006t102739-20231006t102842-000003-_aeqd.nc,/scale/project/ifremer-isi-jumeaunumerique/SARGEO/prototype/v00r00/cyclobs/al172023/IRWIN/s1a-ew-owi-cm-20231006t102739-20231006t102842-000003-0619EF_ll_gd_GEO-IRWIN.nc,0.6332695984703632,nan
848,PHILIPPE,al172023,2023-09-27 21:48:50,rcm3-sclnd-owi-cm-20230927t214850-20230927t215005-00003-______ll_gd_GEO-IRWIN.nc,exact_contains,4.3,,,23,/scale/user/mtannaou/alternance/donnees_sar_aeqd_09_janvier/al172023/rcm3-sclnd-owi-cm-20230927t214850-20230927t215005-00003_aeqd.nc,/scale/project/ifremer-isi-jumeaunumerique/SARGEO/prototype/v00r00/cyclobs/al172023/IRWIN/rcm3-sclnd-owi-cm-20230927t214850-20230927t215005-00003-______ll_gd_GEO-IRWIN.nc,0.8526449968132569,nan
849,MARIA,wp062024,2024-08-11 20:36:56,rcm2-sc50mb-owi-cm-20240811t203656-20240811t203813-00003-______ll_gd_GEO-IRWIN.nc,exact_contains,0.0,26.70650822898089,15000.0,28,/scale/user/mtannaou/alternance/donnees_sar_aeqd_09_janvier/wp062024/rcm2-sc50mb-owi-cm-20240811t203656-20240811t203813-00003_aeqd.nc,/scale/project/ifremer-isi-jumeaunumerique/SARGEO/prototype/v00r00/cyclobs/wp062024/IRWIN/rcm2-sc50mb-owi-cm-20240811t203656-20240811t203813-00003-______ll_gd_GEO-IRWIN.nc,0.1787125557680051,train
850,MARIA,wp062024,2024-08-11 08:21:01,rcm3-sc50ma-owi-cm-20240811t082101-20240811t082218-00003-______ll_gd_GEO-IRWIN.nc,exact_contains,0.0,24.56073816098172,22000.0,27,/scale/user/mtannaou/alternance/donnees_sar_aeqd_09_janvier/wp062024/rcm3-sc50ma-owi-cm-20240811t082101-20240811t082218-00003_aeqd.nc,/scale/project/ifremer-isi-jumeaunumerique/SARGEO/prototype/v00r00/cyclobs/wp062024/IRWIN/rcm3-sc50ma-owi-cm-20240811t082101-20240811t082218-00003-______ll_gd_GEO-IRWIN.nc,0.0,test
851,MARIA,wp062024,2024-08-08 20:14:47,rcm2-sc50mc-owi-cm-20240808t201447-20240808t201604-00003-______ll_gd_GEO-IRWIN.nc,exact_contains,0.0,29.869567446809697,25000.0,35,/scale/user/mtannaou/alternance/donnees_sar_aeqd_09_janvier/wp062024/rcm2-sc50mc-owi-cm-20240808t201447-20240808t201604-00003_aeqd.nc,/scale/project/ifremer-isi-jumeaunumerique/SARGEO/prototype/v00r00/cyclobs/wp062024/IRWIN/rcm2-sc50mc-owi-cm-20240808t201447-20240808t201604-00003-______ll_gd_GEO-IRWIN.nc,0.0,train
852,MARIA,wp062024,2024-08-07 20:07:52,rcm2-sclnd-owi-cm-20240807t200752-20240807t200910-00003-______ll_gd_GEO-IRWIN.nc,exact_contains,2.25,,,22,/scale/user/mtannaou/alternance/donnees_sar_aeqd_09_janvier/wp062024/rcm2-sclnd-owi-cm-20240807t200752-20240807t200910-00003_aeqd.nc,/scale/project/ifremer-isi-jumeaunumerique/SARGEO/prototype/v00r00/cyclobs/wp062024/IRWIN/rcm2-sclnd-owi-cm-20240807t200752-20240807t200910-00003-______ll_gd_GEO-IRWIN.nc,0.7437858508604207,nan
853,MARIA,wp062024,2024-08-12 08:29:41,rcm3-sc50ma-owi-cm-20240812t082941-20240812t083059-00003-______ll_gd_GEO-IRWIN.nc,exact_contains,4.5,,,16,/scale/user/mtannaou/alternance/donnees_sar_aeqd_09_janvier/wp062024/rcm3-sc50ma-owi-cm-20240812t082941-20240812t083059-00003_aeqd.nc,/scale/project/ifremer-isi-jumeaunumerique/SARGEO/prototype/v00r00/cyclobs/wp062024/IRWIN/rcm3-sc50ma-owi-cm-20240812t082941-20240812t083059-00003-______ll_gd_GEO-IRWIN.nc,0.2940726577437858,nan
854,MARIA,wp062024,2024-08-09 08:03:55,rcm3-sc50ma-owi-cm-20240809t080355-20240809t080508-00003-______ll_gd_GEO-IRWIN.nc,exact_contains,2.85,21.863341832935657,37000.0,30,/scale/user/mtannaou/alternance/donnees_sar_aeqd_09_janvier/wp062024/rcm3-sc50ma-owi-cm-20240809t080355-20240809t080508-00003_aeqd.nc,/scale/project/ifremer-isi-jumeaunumerique/SARGEO/prototype/v00r00/cyclobs/wp062024/IRWIN/rcm3-sc50ma-owi-cm-20240809t080355-20240809t080508-00003-______ll_gd_GEO-IRWIN.nc,0.7125557680050988,nan
855,MARIA,wp062024,2024-08-08 08:26:28,rcm2-sc50mb-owi-cm-20240808t082628-20240808t082746-00003-______ll_gd_GEO-IRWIN.nc,exact_contains,0.0,38.5155333349876,26000.0,32,/scale/user/mtannaou/alternance/donnees_sar_aeqd_09_janvier/wp062024/rcm2-sc50mb-owi-cm-20240808t082628-20240808t082746-00003_aeqd.nc,/scale/project/ifremer-isi-jumeaunumerique/SARGEO/prototype/v00r00/cyclobs/wp062024/IRWIN/rcm2-sc50mb-owi-cm-20240808t082628-20240808t082746-00003-______ll_gd_GEO-IRWIN.nc,0.1105162523900573,train
856,MARIA,wp062024,2024-08-10 08:12:41,rcm3-sc50ma-owi-cm-20240810t081241-20240810t081358-00003-______ll_gd_GEO-IRWIN.nc,exact_contains,0.0,22.915431550068504,131000.0,26,/scale/user/mtannaou/alternance/donnees_sar_aeqd_09_janvier/wp062024/rcm3-sc50ma-owi-cm-20240810t081241-20240810t081358-00003_aeqd.nc,/scale/project/ifremer-isi-jumeaunumerique/SARGEO/prototype/v00r00/cyclobs/wp062024/IRWIN/rcm3-sc50ma-owi-cm-20240810t081241-20240810t081358-00003-______ll_gd_GEO-IRWIN.nc,0.0,val
857,DJOUNGOU,sh132024,2024-02-18 13:23:15,s1a-ew-owi-cm-20240218t132315-20240218t132419-000003-065D5C_ll_gd_GEO-IRWIN.nc,exact_contains,3.5,46.8364625,38000.0,64,/scale/user/mtannaou/alternance/donnees_sar_aeqd_09_janvier/sh132024/s1a-ew-owi-cm-20240218t132315-20240218t132419-000003-_aeqd.nc,/scale/project/ifremer-isi-jumeaunumerique/SARGEO/prototype/v00r00/cyclobs/sh132024/IRWIN/s1a-ew-owi-cm-20240218t132315-20240218t132419-000003-065D5C_ll_gd_GEO-IRWIN.nc,0.7938814531548757,nan
858,DJOUNGOU,sh132024,2024-02-19 12:37:12,rcm2-sclna-owi-cm-20240219t123712-20240219t123829-00003-______ll_gd_GEO-IRWIN.nc,exact_contains,1.35,38.71087037036992,108000.0,38,/scale/user/mtannaou/alternance/donnees_sar_aeqd_09_janvier/sh132024/rcm2-sclna-owi-cm-20240219t123712-20240219t123829-00003_aeqd.nc,/scale/project/ifremer-isi-jumeaunumerique/SARGEO/prototype/v00r00/cyclobs/sh132024/IRWIN/rcm2-sclna-owi-cm-20240219t123712-20240219t123829-00003-______ll_gd_GEO-IRWIN.nc,0.4127469725940089,val
859,SARA,al192024,2024-11-15 23:48:01,rcm1-sclnb-owi-cm-20241115t234801-20241115t234918-00003-______ll_gd_GEO-IRWIN.nc,exact_contains,2.8,16.620862731440262,34000.0,23,/scale/user/mtannaou/alternance/donnees_sar_aeqd_09_janvier/al192024/rcm1-sclnb-owi-cm-20241115t234801-20241115t234918-00003_aeqd.nc,/scale/project/ifremer-isi-jumeaunumerique/SARGEO/prototype/v00r00/cyclobs/al192024/IRWIN/rcm1-sclnb-owi-cm-20241115t234801-20241115t234918-00003-______ll_gd_GEO-IRWIN.nc,0.5019757807520714,nan
860,SARA,al192024,2024-11-15 11:35:39,rcm1-sclna-owi-cm-20241115t113539-20241115t113654-00003-______ll_gd_GEO-IRWIN.nc,exact_contains,4.2,21.415743869193665,43000.0,23,/scale/user/mtannaou/alternance/donnees_sar_aeqd_09_janvier/al192024/rcm1-sclna-owi-cm-20241115t113539-20241115t113654-00003_aeqd.nc,/scale/project/ifremer-isi-jumeaunumerique/SARGEO/prototype/v00r00/cyclobs/al192024/IRWIN/rcm1-sclna-owi-cm-20241115t113539-20241115t113654-00003-______ll_gd_GEO-IRWIN.nc,0.4221797323135755,train
861,SARA,al192024,2024-11-16 11:43:44,rcm1-sclna-owi-cm-20241116t114344-20241116t114454-00003-______ll_gd_GEO-IRWIN.nc,exact_contains,4.8,,,21,/scale/user/mtannaou/alternance/donnees_sar_aeqd_09_janvier/al192024/rcm1-sclna-owi-cm-20241116t114344-20241116t114454-00003_aeqd.nc,/scale/project/ifremer-isi-jumeaunumerique/SARGEO/prototype/v00r00/cyclobs/al192024/IRWIN/rcm1-sclna-owi-cm-20241116t114344-20241116t114454-00003-______ll_gd_GEO-IRWIN.nc,0.3289993626513703,nan
862,SARA,al192024,2024-11-14 23:40:07,rcm1-sc50ma-owi-cm-20241114t234007-20241114t234124-00003-______ll_gd_GEO-IRWIN.nc,exact_contains,2.8,15.624687834349755,17000.0,18,/scale/user/mtannaou/alternance/donnees_sar_aeqd_09_janvier/al192024/rcm1-sc50ma-owi-cm-20241114t234007-20241114t234124-00003_aeqd.nc,/scale/project/ifremer-isi-jumeaunumerique/SARGEO/prototype/v00r00/cyclobs/al192024/IRWIN/rcm1-sc50ma-owi-cm-20241114t234007-20241114t234124-00003-______ll_gd_GEO-IRWIN.nc,0.4215423836838751,train
863,SARA,al192024,2024-11-16 23:56:00,rcm1-sclnc-owi-cm-20241116t235600-20241116t235717-00003-______ll_gd_GEO-IRWIN.nc,exact_contains,1.8,16.19380562805609,87000.0,18,/scale/user/mtannaou/alternance/donnees_sar_aeqd_09_janvier/al192024/rcm1-sclnc-owi-cm-20241116t235600-20241116t235717-00003_aeqd.nc,/scale/project/ifremer-isi-jumeaunumerique/SARGEO/prototype/v00r00/cyclobs/al192024/IRWIN/rcm1-sclnc-owi-cm-20241116t235600-20241116t235717-00003-______ll_gd_GEO-IRWIN.nc,0.21427660930529,train
864,SARA,al192024,2024-11-16 23:56:41,s1a-iw-owi-cm-20241116t235825-20241116t235940-000003-06F093_ll_gd_GEO-IRWIN.nc,fuzzy_sat_time,1.8,17.556388888888893,110000.0,18,/scale/user/mtannaou/alternance/donnees_sar_aeqd_09_janvier/al192024/s1a-iw-owi-cm-20241116t235641-20241116t235940-000003-_aeqd.nc,/scale/project/ifremer-isi-jumeaunumerique/SARGEO/prototype/v00r00/cyclobs/al192024/IRWIN/s1a-iw-owi-cm-20241116t235825-20241116t235940-000003-06F093_ll_gd_GEO-IRWIN.nc,0.1662205226258763,train
865,LEEPI,wp132024,2024-09-06 08:04:28,rcm1-sc50mc-owi-cm-20240906t080428-20240906t080547-00003-______ll_gd_GEO-IRWIN.nc,exact_contains,3.0,20.412271894098136,53000.0,18,/scale/user/mtannaou/alternance/donnees_sar_aeqd_09_janvier/wp132024/rcm1-sc50mc-owi-cm-20240906t080428-20240906t080547-00003_aeqd.nc,/scale/project/ifremer-isi-jumeaunumerique/SARGEO/prototype/v00r00/cyclobs/wp132024/IRWIN/rcm1-sc50mc-owi-cm-20240906t080428-20240906t080547-00003-______ll_gd_GEO-IRWIN.nc,0.027151051625239,train
866,LEEPI,wp132024,2024-09-05 20:13:43,rcm3-sc50mb-owi-cm-20240905t201343-20240905t201442-00003-______ll_gd_GEO-IRWIN.nc,exact_contains,0.0,38.03899999926818,19000.0,18,/scale/user/mtannaou/alternance/donnees_sar_aeqd_09_janvier/wp132024/rcm3-sc50mb-owi-cm-20240905t201343-20240905t201442-00003_aeqd.nc,/scale/project/ifremer-isi-jumeaunumerique/SARGEO/prototype/v00r00/cyclobs/wp132024/IRWIN/rcm3-sc50mb-owi-cm-20240905t201343-20240905t201442-00003-______ll_gd_GEO-IRWIN.nc,0.0056086679413639,train
867,LEEPI,wp132024,2024-09-06 19:48:03,rcm1-sc50mc-owi-cm-20240906t194803-20240906t194922-00003-______ll_gd_GEO-IRWIN.nc,exact_contains,2.4,17.467184448153603,79000.0,18,/scale/user/mtannaou/alternance/donnees_sar_aeqd_09_janvier/wp132024/rcm1-sc50mc-owi-cm-20240906t194803-20240906t194922-00003_aeqd.nc,/scale/project/ifremer-isi-jumeaunumerique/SARGEO/prototype/v00r00/cyclobs/wp132024/IRWIN/rcm1-sc50mc-owi-cm-20240906t194803-20240906t194922-00003-______ll_gd_GEO-IRWIN.nc,0.0,train
868,RITA,sh012020,2019-11-26 07:13:56,s1a-iw-owi-cm-20191126t071356-20191126t071511-000003-036F6F_ll_gd_GEO-IRWIN.nc,exact_contains,3.3,16.135466666666673,17000.0,20,/scale/user/mtannaou/alternance/donnees_sar_aeqd_09_janvier/sh012020/s1a-iw-owi-cm-20191126t071356-20191126t071511-000003-_aeqd.nc,/scale/project/ifremer-isi-jumeaunumerique/SARGEO/prototype/v00r00/cyclobs/sh012020/IRWIN/s1a-iw-owi-cm-20191126t071356-20191126t071511-000003-036F6F_ll_gd_GEO-IRWIN.nc,0.648693435309114,nan
869,DOLLY,al042020,2020-06-23 10:08:43,rcm1-sc50mc-owi-cm-20200623t100843-20200623t100939-00003-______ll_gd_GEO-IRWIN.nc,exact_contains,3.8,22.19262311926424,115000.0,20,/scale/user/mtannaou/alternance/donnees_sar_aeqd_09_janvier/al042020/rcm1-sc50mc-owi-cm-20200623t100843-20200623t100939-00003_aeqd.nc,/scale/project/ifremer-isi-jumeaunumerique/SARGEO/prototype/v00r00/cyclobs/al042020/IRWIN/rcm1-sc50mc-owi-cm-20200623t100843-20200623t100939-00003-______ll_gd_GEO-IRWIN.nc,0.0281708094327597,train
870,DOLLY,al042020,2020-06-23 22:01:34,rcm2-sc50mc-owi-cm-20200623t220134-20200623t220238-00003-______ll_gd_GEO-IRWIN.nc,exact_contains,3.0,17.501531214958842,137000.0,19,/scale/user/mtannaou/alternance/donnees_sar_aeqd_09_janvier/al042020/rcm2-sc50mc-owi-cm-20200623t220134-20200623t220238-00003_aeqd.nc,/scale/project/ifremer-isi-jumeaunumerique/SARGEO/prototype/v00r00/cyclobs/al042020/IRWIN/rcm2-sc50mc-owi-cm-20200623t220134-20200623t220238-00003-______ll_gd_GEO-IRWIN.nc,0.0237093690248565,train
871,HONE,cp012024,2024-08-29 05:19:18,rcm1-sclna-owi-cm-20240829t051918-20240829t052035-00003-______ll_gd_GEO-IRWIN.nc,exact_contains,1.7000000000000002,17.344634309729663,52000.0,21,/scale/user/mtannaou/alternance/donnees_sar_aeqd_09_janvier/cp012024/rcm1-sclna-owi-cm-20240829t051918-20240829t052035-00003_aeqd.nc,/scale/project/ifremer-isi-jumeaunumerique/SARGEO/prototype/v00r00/cyclobs/cp012024/IRWIN/rcm1-sclna-owi-cm-20240829t051918-20240829t052035-00003-______ll_gd_GEO-IRWIN.nc,0.3323135755258126,train
872,HONE,cp012024,2024-08-29 17:12:15,rcm1-sclnd-owi-cm-20240829t171215-20240829t171332-00003-______ll_gd_GEO-IRWIN.nc,exact_contains,1.0,27.83707588047361,32000.0,18,/scale/user/mtannaou/alternance/donnees_sar_aeqd_09_janvier/cp012024/rcm1-sclnd-owi-cm-20240829t171215-20240829t171332-00003_aeqd.nc,/scale/project/ifremer-isi-jumeaunumerique/SARGEO/prototype/v00r00/cyclobs/cp012024/IRWIN/rcm1-sclnd-owi-cm-20240829t171215-20240829t171332-00003-______ll_gd_GEO-IRWIN.nc,0.0604206500956022,train
873,HONE,cp012024,2024-09-01 05:44:22,rcm1-sclna-owi-cm-20240901t054422-20240901t054538-00003-______ll_gd_GEO-IRWIN.nc,exact_contains,3.0,21.97944403318397,243000.0,18,/scale/user/mtannaou/alternance/donnees_sar_aeqd_09_janvier/cp012024/rcm1-sclna-owi-cm-20240901t054422-20240901t054538-00003_aeqd.nc,/scale/project/ifremer-isi-jumeaunumerique/SARGEO/prototype/v00r00/cyclobs/cp012024/IRWIN/rcm1-sclna-owi-cm-20240901t054422-20240901t054538-00003-______ll_gd_GEO-IRWIN.nc,0.0,nan
874,HONE,cp012024,2024-08-27 16:56:37,rcm1-sclnb-owi-cm-20240827t165637-20240827t165753-00003-______ll_gd_GEO-IRWIN.nc,exact_contains,1.7,24.99454178892594,37000.0,23,/scale/user/mtannaou/alternance/donnees_sar_aeqd_09_janvier/cp012024/rcm1-sclnb-owi-cm-20240827t165637-20240827t165753-00003_aeqd.nc,/scale/project/ifremer-isi-jumeaunumerique/SARGEO/prototype/v00r00/cyclobs/cp012024/IRWIN/rcm1-sclnb-owi-cm-20240827t165637-20240827t165753-00003-______ll_gd_GEO-IRWIN.nc,0.0,train
875,HONE,cp012024,2024-08-31 17:27:45,rcm1-sclnd-owi-cm-20240831t172745-20240831t172903-00003-______ll_gd_GEO-IRWIN.nc,exact_contains,1.6,18.435234672738748,134000.0,18,/scale/user/mtannaou/alternance/donnees_sar_aeqd_09_janvier/cp012024/rcm1-sclnd-owi-cm-20240831t172745-20240831t172903-00003_aeqd.nc,/scale/project/ifremer-isi-jumeaunumerique/SARGEO/prototype/v00r00/cyclobs/cp012024/IRWIN/rcm1-sclnd-owi-cm-20240831t172745-20240831t172903-00003-______ll_gd_GEO-IRWIN.nc,0.2354365838113448,train
876,HONE,cp012024,2024-08-24 04:05:34,rcm2-sclnc-owi-cm-20240824t040534-20240824t040649-00003-______ll_gd_GEO-IRWIN.nc,exact_contains,0.0,23.328146619231195,43000.0,25,/scale/user/mtannaou/alternance/donnees_sar_aeqd_09_janvier/cp012024/rcm2-sclnc-owi-cm-20240824t040534-20240824t040649-00003_aeqd.nc,/scale/project/ifremer-isi-jumeaunumerique/SARGEO/prototype/v00r00/cyclobs/cp012024/IRWIN/rcm2-sclnc-owi-cm-20240824t040534-20240824t040649-00003-______ll_gd_GEO-IRWIN.nc,0.038623326959847,val
877,HONE,cp012024,2024-08-28 05:11:00,rcm1-sclna-owi-cm-20240828t051100-20240828t051214-00003-______ll_gd_GEO-IRWIN.nc,exact_contains,1.0,18.8802032227819,43000.0,23,/scale/user/mtannaou/alternance/donnees_sar_aeqd_09_janvier/cp012024/rcm1-sclna-owi-cm-20240828t051100-20240828t051214-00003_aeqd.nc,/scale/project/ifremer-isi-jumeaunumerique/SARGEO/prototype/v00r00/cyclobs/cp012024/IRWIN/rcm1-sclna-owi-cm-20240828t051100-20240828t051214-00003-______ll_gd_GEO-IRWIN.nc,0.0,test
878,HONE,cp012024,2024-08-28 17:04:28,rcm1-sclnd-owi-cm-20240828t170428-20240828t170544-00003-______ll_gd_GEO-IRWIN.nc,exact_contains,2.4,22.617585422098703,37000.0,23,/scale/user/mtannaou/alternance/donnees_sar_aeqd_09_janvier/cp012024/rcm1-sclnd-owi-cm-20240828t170428-20240828t170544-00003_aeqd.nc,/scale/project/ifremer-isi-jumeaunumerique/SARGEO/prototype/v00r00/cyclobs/cp012024/IRWIN/rcm1-sclnd-owi-cm-20240828t170428-20240828t170544-00003-______ll_gd_GEO-IRWIN.nc,0.0,train
879,HONE,cp012024,2024-08-24 16:01:14,rcm2-sclna-owi-cm-20240824t160114-20240824t160228-00003-______ll_gd_GEO-IRWIN.nc,exact_contains,0.0,22.761839246298,49000.0,28,/scale/user/mtannaou/alternance/donnees_sar_aeqd_09_janvier/cp012024/rcm2-sclna-owi-cm-20240824t160114-20240824t160228-00003_aeqd.nc,/scale/project/ifremer-isi-jumeaunumerique/SARGEO/prototype/v00r00/cyclobs/cp012024/IRWIN/rcm2-sclna-owi-cm-20240824t160114-20240824t160228-00003-______ll_gd_GEO-IRWIN.nc,0.1391969407265774,train
880,HONE,cp012024,2024-08-26 04:54:17,rcm1-sclnd-owi-cm-20240826t045417-20240826t045535-00003-______ll_gd_GEO-IRWIN.nc,exact_contains,0.25,33.12328018738724,19000.0,31,/scale/user/mtannaou/alternance/donnees_sar_aeqd_09_janvier/cp012024/rcm1-sclnd-owi-cm-20240826t045417-20240826t045535-00003_aeqd.nc,/scale/project/ifremer-isi-jumeaunumerique/SARGEO/prototype/v00r00/cyclobs/cp012024/IRWIN/rcm1-sclnd-owi-cm-20240826t045417-20240826t045535-00003-______ll_gd_GEO-IRWIN.nc,0.3594646271510516,train
881,HONE,cp012024,2024-08-25 04:14:11,rcm2-sc50ma-owi-cm-20240825t041411-20240825t041528-00003-______ll_gd_GEO-IRWIN.nc,exact_contains,2.7,27.44856139758826,21000.0,32,/scale/user/mtannaou/alternance/donnees_sar_aeqd_09_janvier/cp012024/rcm2-sc50ma-owi-cm-20240825t041411-20240825t041528-00003_aeqd.nc,/scale/project/ifremer-isi-jumeaunumerique/SARGEO/prototype/v00r00/cyclobs/cp012024/IRWIN/rcm2-sc50ma-owi-cm-20240825t041411-20240825t041528-00003-______ll_gd_GEO-IRWIN.nc,0.6931803696622052,nan
882,HONE,cp012024,2024-08-22 15:13:42,rcm3-sclnd-owi-cm-20240822t151342-20240822t151458-00003-______ll_gd_GEO-IRWIN.nc,exact_contains,0.0,10.203230349920451,43000.0,17,/scale/user/mtannaou/alternance/donnees_sar_aeqd_09_janvier/cp012024/rcm3-sclnd-owi-cm-20240822t151342-20240822t151458-00003_aeqd.nc,/scale/project/ifremer-isi-jumeaunumerique/SARGEO/prototype/v00r00/cyclobs/cp012024/IRWIN/rcm3-sclnd-owi-cm-20240822t151342-20240822t151458-00003-______ll_gd_GEO-IRWIN.nc,0.2384958572339069,train
883,HONE,cp012024,2024-08-27 05:02:31,rcm1-sclnc-owi-cm-20240827t050231-20240827t050347-00003-______ll_gd_GEO-IRWIN.nc,exact_contains,0.0,29.655377501865647,35000.0,26,/scale/user/mtannaou/alternance/donnees_sar_aeqd_09_janvier/cp012024/rcm1-sclnc-owi-cm-20240827t050231-20240827t050347-00003_aeqd.nc,/scale/project/ifremer-isi-jumeaunumerique/SARGEO/prototype/v00r00/cyclobs/cp012024/IRWIN/rcm1-sclnc-owi-cm-20240827t050231-20240827t050347-00003-______ll_gd_GEO-IRWIN.nc,0.0,train
884,HONE,cp012024,2024-08-25 16:09:00,rcm2-sc50md-owi-cm-20240825t160900-20240825t161017-00003-______ll_gd_GEO-IRWIN.nc,exact_contains,0.0,40.12192964529263,20000.0,37,/scale/user/mtannaou/alternance/donnees_sar_aeqd_09_janvier/cp012024/rcm2-sc50md-owi-cm-20240825t160900-20240825t161017-00003_aeqd.nc,/scale/project/ifremer-isi-jumeaunumerique/SARGEO/prototype/v00r00/cyclobs/cp012024/IRWIN/rcm2-sc50md-owi-cm-20240825t160900-20240825t161017-00003-______ll_gd_GEO-IRWIN.nc,0.0926704907584448,val
885,IDALIA,al102023,2023-08-31 23:04:49,rcm3-sclnc-owi-cm-20230831t230449-20230831t230604-00003-______ll_gd_GEO-IRWIN.nc,exact_contains,3.05,31.11061201416216,13000.0,28,/scale/user/mtannaou/alternance/donnees_sar_aeqd_09_janvier/al102023/rcm3-sclnc-owi-cm-20230831t230449-20230831t230604-00003_aeqd.nc,/scale/project/ifremer-isi-jumeaunumerique/SARGEO/prototype/v00r00/cyclobs/al102023/IRWIN/rcm3-sclnc-owi-cm-20230831t230449-20230831t230604-00003-______ll_gd_GEO-IRWIN.nc,0.9644359464627152,nan
886,IDALIA,al102023,2023-08-29 23:50:46,rcm1-sclnd-owi-cm-20230829t235046-20230829t235203-00003-______ll_gd_GEO-IRWIN.nc,exact_contains,0.0,47.53899999999996,19000.0,46,/scale/user/mtannaou/alternance/donnees_sar_aeqd_09_janvier/al102023/rcm1-sclnd-owi-cm-20230829t235046-20230829t235203-00003_aeqd.nc,/scale/project/ifremer-isi-jumeaunumerique/SARGEO/prototype/v00r00/cyclobs/al102023/IRWIN/rcm1-sclnd-owi-cm-20230829t235046-20230829t235203-00003-______ll_gd_GEO-IRWIN.nc,0.0,train
887,IDALIA,al102023,2023-08-31 11:14:58,rcm2-sclnb-owi-cm-20230831t111458-20230831t111613-00003-______ll_gd_GEO-IRWIN.nc,exact_contains,2.4,23.31119351266428,171000.0,28,/scale/user/mtannaou/alternance/donnees_sar_aeqd_09_janvier/al102023/rcm2-sclnb-owi-cm-20230831t111458-20230831t111613-00003_aeqd.nc,/scale/project/ifremer-isi-jumeaunumerique/SARGEO/prototype/v00r00/cyclobs/al102023/IRWIN/rcm2-sclnb-owi-cm-20230831t111458-20230831t111613-00003-______ll_gd_GEO-IRWIN.nc,0.2309751434034417,train
888,IDALIA,al102023,2023-09-02 10:27:10,rcm1-sc50mc-owi-cm-20230902t102710-20230902t102828-00003-______ll_gd_GEO-IRWIN.nc,exact_contains,3.3,20.04408808658236,67000.0,26,/scale/user/mtannaou/alternance/donnees_sar_aeqd_09_janvier/al102023/rcm1-sc50mc-owi-cm-20230902t102710-20230902t102828-00003_aeqd.nc,/scale/project/ifremer-isi-jumeaunumerique/SARGEO/prototype/v00r00/cyclobs/al102023/IRWIN/rcm1-sc50mc-owi-cm-20230902t102710-20230902t102828-00003-______ll_gd_GEO-IRWIN.nc,1.0,nan
889,IDALIA,al102023,2023-08-28 23:41:42,rcm1-sclna-owi-cm-20230828t234142-20230828t234256-00003-______ll_gd_GEO-IRWIN.nc,exact_contains,1.8,25.50129831527085,28000.0,31,/scale/user/mtannaou/alternance/donnees_sar_aeqd_09_janvier/al102023/rcm1-sclna-owi-cm-20230828t234142-20230828t234256-00003_aeqd.nc,/scale/project/ifremer-isi-jumeaunumerique/SARGEO/prototype/v00r00/cyclobs/al102023/IRWIN/rcm1-sclna-owi-cm-20230828t234142-20230828t234256-00003-______ll_gd_GEO-IRWIN.nc,0.0815806246016571,train
890,IDALIA,al102023,2023-08-28 11:26:19,rcm1-sclnd-owi-cm-20230828t112619-20230828t112735-00003-______ll_gd_GEO-IRWIN.nc,exact_contains,0.0,31.88945850291461,25000.0,28,/scale/user/mtannaou/alternance/donnees_sar_aeqd_09_janvier/al102023/rcm1-sclnd-owi-cm-20230828t112619-20230828t112735-00003_aeqd.nc,/scale/project/ifremer-isi-jumeaunumerique/SARGEO/prototype/v00r00/cyclobs/al102023/IRWIN/rcm1-sclnd-owi-cm-20230828t112619-20230828t112735-00003-______ll_gd_GEO-IRWIN.nc,0.0,train
891,IDALIA,al102023,2023-08-29 11:33:20,rcm1-sclnb-owi-cm-20230829t113320-20230829t113435-00003-______ll_gd_GEO-IRWIN.nc,exact_contains,0.0,39.0047222218932,20000.0,36,/scale/user/mtannaou/alternance/donnees_sar_aeqd_09_janvier/al102023/rcm1-sclnb-owi-cm-20230829t113320-20230829t113435-00003_aeqd.nc,/scale/project/ifremer-isi-jumeaunumerique/SARGEO/prototype/v00r00/cyclobs/al102023/IRWIN/rcm1-sclnb-owi-cm-20230829t113320-20230829t113435-00003-______ll_gd_GEO-IRWIN.nc,0.0,train
892,IDALIA,al102023,2023-08-30 11:40:01,rcm1-sclna-owi-cm-20230830t114001-20230830t114117-00003-______ll_gd_GEO-IRWIN.nc,exact_contains,2.1,48.660537037037045,9000.0,51,/scale/user/mtannaou/alternance/donnees_sar_aeqd_09_janvier/al102023/rcm1-sclna-owi-cm-20230830t114001-20230830t114117-00003_aeqd.nc,/scale/project/ifremer-isi-jumeaunumerique/SARGEO/prototype/v00r00/cyclobs/al102023/IRWIN/rcm1-sclna-owi-cm-20230830t114001-20230830t114117-00003-______ll_gd_GEO-IRWIN.nc,0.6564690885914596,nan
893,JUDY,sh152023,2023-03-01 18:04:11,rcm1-sclnc-owi-cm-20230301t180411-20230301t180505-00003-______ll_gd_GEO-IRWIN.nc,exact_contains,0.0,46.58585185185184,14000.0,49,,/scale/project/ifremer-isi-jumeaunumerique/SARGEO/prototype/v00r00/cyclobs/sh152023/IRWIN/rcm1-sclnc-owi-cm-20230301t180411-20230301t180505-00003-______ll_gd_GEO-IRWIN.nc,,nan
894,JUDY,sh152023,2023-03-02 17:40:42,rcm2-sclnd-owi-cm-20230302t174042-20230302t174159-00003-______ll_gd_GEO-IRWIN.nc,exact_contains,0.0,44.36981481481481,41000.0,41,/scale/user/mtannaou/alternance/donnees_sar_aeqd_09_janvier/sh152023/rcm2-sclnd-owi-cm-20230302t174042-20230302t174159-00003_aeqd.nc,/scale/project/ifremer-isi-jumeaunumerique/SARGEO/prototype/v00r00/cyclobs/sh152023/IRWIN/rcm2-sclnd-owi-cm-20230302t174042-20230302t174159-00003-______ll_gd_GEO-IRWIN.nc,0.0145315487571701,train
895,JUDY,sh152023,2023-03-02 06:59:50,rcm2-sclna-owi-cm-20230302t065950-20230302t070054-00003-______ll_gd_GEO-IRWIN.nc,exact_contains,0.25,41.0188703703697,42000.0,43,/scale/user/mtannaou/alternance/donnees_sar_aeqd_09_janvier/sh152023/rcm2-sclna-owi-cm-20230302t065950-20230302t070054-00003_aeqd.nc,/scale/project/ifremer-isi-jumeaunumerique/SARGEO/prototype/v00r00/cyclobs/sh152023/IRWIN/rcm2-sclna-owi-cm-20230302t065950-20230302t070054-00003-______ll_gd_GEO-IRWIN.nc,0.3816443594646271,val
896,JUDY,sh152023,2023-03-01 07:24:18,rcm1-sclnd-owi-cm-20230301t072418-20230301t072558-00003-______ll_gd_GEO-IRWIN.nc,exact_contains,5.85,34.87311534860552,66000.0,54,/scale/user/mtannaou/alternance/donnees_sar_aeqd_09_janvier/sh152023/rcm1-sclnd-owi-cm-20230301t072418-20230301t072558-00003_aeqd.nc,/scale/project/ifremer-isi-jumeaunumerique/SARGEO/prototype/v00r00/cyclobs/sh152023/IRWIN/rcm1-sclnd-owi-cm-20230301t072418-20230301t072558-00003-______ll_gd_GEO-IRWIN.nc,0.6625876354365838,nan
897,VAMCO,wp252020,2020-11-14 10:38:02,s1b-ew-owi-cm-20201114t103802-20201114t104036-000003-02E20F_ll_gd_GEO-IRWIN.nc,exact_contains,3.65,40.72421481481481,8000.0,49,/scale/user/mtannaou/alternance/donnees_sar_aeqd_09_janvier/wp252020/s1b-ew-owi-cm-20201114t103802-20201114t104036-000003-_aeqd.nc,/scale/project/ifremer-isi-jumeaunumerique/SARGEO/prototype/v00r00/cyclobs/wp252020/IRWIN/s1b-ew-owi-cm-20201114t103802-20201114t104036-000003-02E20F_ll_gd_GEO-IRWIN.nc,0.7300191204588911,nan
898,KRATHON,wp202024,2024-09-28 21:44:06,rcm3-sc50ma-owi-cm-20240928t214406-20240928t214810-00003-______ll_gd_GEO-IRWIN.nc,exact_contains,2.5,,,32,/scale/user/mtannaou/alternance/donnees_sar_aeqd_09_janvier/wp202024/rcm3-sc50ma-owi-cm-20240928t214406-20240928t214810-00003_aeqd.nc,/scale/project/ifremer-isi-jumeaunumerique/SARGEO/prototype/v00r00/cyclobs/wp202024/IRWIN/rcm3-sc50ma-owi-cm-20240928t214406-20240928t214810-00003-______ll_gd_GEO-IRWIN.nc,0.6495857233906948,nan
899,KRATHON,wp202024,2024-09-29 10:00:30,rcm3-sc50mc-owi-cm-20240929t100030-20240929t100148-00003-______ll_gd_GEO-IRWIN.nc,exact_contains,0.3,46.91181111111125,45000.0,46,/scale/user/mtannaou/alternance/donnees_sar_aeqd_09_janvier/wp202024/rcm3-sc50mc-owi-cm-20240929t100030-20240929t100148-00003_aeqd.nc,/scale/project/ifremer-isi-jumeaunumerique/SARGEO/prototype/v00r00/cyclobs/wp202024/IRWIN/rcm3-sc50mc-owi-cm-20240929t100030-20240929t100148-00003-______ll_gd_GEO-IRWIN.nc,0.1831739961759082,val
900,KRATHON,wp202024,2024-09-30 22:01:23,s1a-ew-owi-cm-20240930t220123-20240930t220227-000003-06D55C_ll_gd_GEO-IRWIN.nc,exact_contains,0.0,50.412525925925934,21000.0,67,/scale/user/mtannaou/alternance/donnees_sar_aeqd_09_janvier/wp202024/s1a-ew-owi-cm-20240930t220123-20240930t220227-000003-_aeqd.nc,/scale/project/ifremer-isi-jumeaunumerique/SARGEO/prototype/v00r00/cyclobs/wp202024/IRWIN/s1a-ew-owi-cm-20240930t220123-20240930t220227-000003-06D55C_ll_gd_GEO-IRWIN.nc,0.0140216698534098,train
901,KRATHON,wp202024,2024-09-28 09:52:20,rcm3-sc50mc-owi-cm-20240928t095220-20240928t095337-00003-______ll_gd_GEO-IRWIN.nc,exact_contains,0.6,28.568269342941548,92000.0,21,/scale/user/mtannaou/alternance/donnees_sar_aeqd_09_janvier/wp202024/rcm3-sc50mc-owi-cm-20240928t095220-20240928t095337-00003_aeqd.nc,/scale/project/ifremer-isi-jumeaunumerique/SARGEO/prototype/v00r00/cyclobs/wp202024/IRWIN/rcm3-sc50mc-owi-cm-20240928t095220-20240928t095337-00003-______ll_gd_GEO-IRWIN.nc,0.044359464627151,train
902,KRATHON,wp202024,2024-09-30 10:08:55,rcm3-sclnd-owi-cm-20240930t100855-20240930t100938-00003-______ll_gd_GEO-IRWIN.nc,exact_contains,0.5,58.75645185185185,29000.0,64,/scale/user/mtannaou/alternance/donnees_sar_aeqd_09_janvier/wp202024/rcm3-sclnd-owi-cm-20240930t100855-20240930t100938-00003_aeqd.nc,/scale/project/ifremer-isi-jumeaunumerique/SARGEO/prototype/v00r00/cyclobs/wp202024/IRWIN/rcm3-sclnd-owi-cm-20240930t100855-20240930t100938-00003-______ll_gd_GEO-IRWIN.nc,0.4724028043339707,train
903,KIRRILY,sh072024,2024-01-25 08:45:39,rcm3-sclnd-owi-cm-20240125t084539-20240125t084656-00003-______ll_gd_GEO-IRWIN.nc,exact_contains,3.1,36.27422591764784,140000.0,29,/scale/user/mtannaou/alternance/donnees_sar_aeqd_09_janvier/sh072024/rcm3-sclnd-owi-cm-20240125t084539-20240125t084656-00003_aeqd.nc,/scale/project/ifremer-isi-jumeaunumerique/SARGEO/prototype/v00r00/cyclobs/sh072024/IRWIN/rcm3-sclnd-owi-cm-20240125t084539-20240125t084656-00003-______ll_gd_GEO-IRWIN.nc,0.467176545570427,train
904,RAGASA,wp242025,2025-09-21 09:36:33,rcm3-sc50ma-owi-cm-20250921t093633-20250921t093746-00003-xxxxx_ll_gd_GEO-IRWIN.nc,exact_contains,0.0,60.96952592592592,16000.0,74,/scale/user/mtannaou/alternance/donnees_sar_aeqd_09_janvier/wp242025no_env/rcm3-sc50ma-owi-cm-20250921t093633-20250921t093746-00003_aeqd.nc,/scale/project/ifremer-isi-jumeaunumerique/SARGEO/prototype/v00r00/cyclobs/wp242025/IRWIN/rcm3-sc50ma-owi-cm-20250921t093633-20250921t093746-00003-xxxxx_ll_gd_GEO-IRWIN.nc,0.1718291905672402,train
905,RAGASA,wp242025,2025-09-23 22:18:17,rcm2-sc50mb-owi-cm-20250923t221817-20250923t221928-00003-xxxxx_ll_gd_GEO-IRWIN.nc,exact_contains,0.9,50.37678518518519,63000.0,57,/scale/user/mtannaou/alternance/donnees_sar_aeqd_09_janvier/wp242025no_env/rcm2-sc50mb-owi-cm-20250923t221817-20250923t221928-00003_aeqd.nc,/scale/project/ifremer-isi-jumeaunumerique/SARGEO/prototype/v00r00/cyclobs/wp242025/IRWIN/rcm2-sc50mb-owi-cm-20250923t221817-20250923t221928-00003-xxxxx_ll_gd_GEO-IRWIN.nc,0.0080305927342256,train
906,RAGASA,wp242025,2025-09-23 22:17:43,s1a-ew-owi-cm-20250923t221743-20250923t221846-000003-079E80_ll_gd_GEO-IRWIN.nc,exact_contains,0.9,49.16674074074074,63000.0,57,/scale/user/mtannaou/alternance/donnees_sar_aeqd_09_janvier/wp242025no_env/s1a-ew-owi-cm-20250923t221743-20250923t221846-000003-_aeqd.nc,/scale/project/ifremer-isi-jumeaunumerique/SARGEO/prototype/v00r00/cyclobs/wp242025/IRWIN/s1a-ew-owi-cm-20250923t221743-20250923t221846-000003-079E80_ll_gd_GEO-IRWIN.nc,0.0077756532823454,val
907,RAGASA,wp242025,2025-09-19 09:19:48,rcm3-sc50mc-owi-cm-20250919t091948-20250919t092101-00003-xxxxx_ll_gd_GEO-IRWIN.nc,exact_contains,3.05,21.98402119505145,86000.0,23,/scale/user/mtannaou/alternance/donnees_sar_aeqd_09_janvier/wp242025no_env/rcm3-sc50mc-owi-cm-20250919t091948-20250919t092101-00003_aeqd.nc,/scale/project/ifremer-isi-jumeaunumerique/SARGEO/prototype/v00r00/cyclobs/wp242025/IRWIN/rcm3-sc50mc-owi-cm-20250919t091948-20250919t092101-00003-xxxxx_ll_gd_GEO-IRWIN.nc,0.9639260675589548,nan
908,RAGASA,wp242025,2025-09-20 09:28:09,rcm3-sc50mc-owi-cm-20250920t092809-20250920t092922-00003-xxxxx_ll_gd_GEO-IRWIN.nc,exact_contains,2.2,37.92822962933144,90000.0,46,/scale/user/mtannaou/alternance/donnees_sar_aeqd_09_janvier/wp242025no_env/rcm3-sc50mc-owi-cm-20250920t092809-20250920t092922-00003_aeqd.nc,/scale/project/ifremer-isi-jumeaunumerique/SARGEO/prototype/v00r00/cyclobs/wp242025/IRWIN/rcm3-sc50mc-owi-cm-20250920t092809-20250920t092922-00003-xxxxx_ll_gd_GEO-IRWIN.nc,0.7884002549394519,nan
909,RAGASA,wp242025,2025-09-21 21:30:46,rcm3-sc50mc-owi-cm-20250921t213046-20250921t213201-00003-xxxxx_ll_gd_GEO-IRWIN.nc,exact_contains,1.95,63.33373333333335,26000.0,75,/scale/user/mtannaou/alternance/donnees_sar_aeqd_09_janvier/wp242025no_env/rcm3-sc50mc-owi-cm-20250921t213046-20250921t213201-00003_aeqd.nc,/scale/project/ifremer-isi-jumeaunumerique/SARGEO/prototype/v00r00/cyclobs/wp242025/IRWIN/rcm3-sc50mc-owi-cm-20250921t213046-20250921t213201-00003-xxxxx_ll_gd_GEO-IRWIN.nc,0.5291268323773104,nan
910,RAGASA,wp242025,2025-09-24 10:33:24,rcm2-sc50ma-owi-cm-20250924t103324-20250924t103440-00003-xxxxx_ll_gd_GEO-IRWIN.nc,exact_contains,3.8,31.37817705319915,9000.0,44,/scale/user/mtannaou/alternance/donnees_sar_aeqd_09_janvier/wp242025no_env/rcm2-sc50ma-owi-cm-20250924t103324-20250924t103440-00003_aeqd.nc,/scale/project/ifremer-isi-jumeaunumerique/SARGEO/prototype/v00r00/cyclobs/wp242025/IRWIN/rcm2-sc50ma-owi-cm-20250924t103324-20250924t103440-00003-xxxxx_ll_gd_GEO-IRWIN.nc,0.6857871255576801,nan
911,RAGASA,wp242025,2025-09-18 21:07:06,rcm3-sc50ma-owi-cm-20250918t210706-20250918t210816-00003-xxxxx_ll_gd_GEO-IRWIN.nc,exact_contains,1.6,18.905095361903705,114000.0,18,/scale/user/mtannaou/alternance/donnees_sar_aeqd_09_janvier/wp242025no_env/rcm3-sc50ma-owi-cm-20250918t210706-20250918t210816-00003_aeqd.nc,/scale/project/ifremer-isi-jumeaunumerique/SARGEO/prototype/v00r00/cyclobs/wp242025/IRWIN/rcm3-sc50ma-owi-cm-20250918t210706-20250918t210816-00003-xxxxx_ll_gd_GEO-IRWIN.nc,0.0,train
912,RAGASA,wp242025,2025-09-19 21:13:09,s1a-ew-owi-cm-20250919t211309-20250919t211412-000003-079C22_ll_gd_GEO-IRWIN.nc,exact_contains,0.0,33.631677777551765,59000.0,32,/scale/user/mtannaou/alternance/donnees_sar_aeqd_09_janvier/wp242025no_env/s1a-ew-owi-cm-20250919t211309-20250919t211412-000003-_aeqd.nc,/scale/project/ifremer-isi-jumeaunumerique/SARGEO/prototype/v00r00/cyclobs/wp242025/IRWIN/s1a-ew-owi-cm-20250919t211309-20250919t211412-000003-079C22_ll_gd_GEO-IRWIN.nc,0.0,train
913,RAGASA,wp242025,2025-09-20 21:22:42,rcm3-sc50ma-owi-cm-20250920t212242-20250920t212352-00003-xxxxx_ll_gd_GEO-IRWIN.nc,exact_contains,0.0,55.37054027777779,21000.0,61,/scale/user/mtannaou/alternance/donnees_sar_aeqd_09_janvier/wp242025no_env/rcm3-sc50ma-owi-cm-20250920t212242-20250920t212352-00003_aeqd.nc,/scale/project/ifremer-isi-jumeaunumerique/SARGEO/prototype/v00r00/cyclobs/wp242025/IRWIN/rcm3-sc50ma-owi-cm-20250920t212242-20250920t212352-00003-xxxxx_ll_gd_GEO-IRWIN.nc,0.1983428935627788,train
914,MAYSAK,wp102020,2020-09-01 21:25:22,s1b-ew-owi-cm-20200901t212522-20200901t212726-000003-02C081_ll_gd_GEO-IRWIN.nc,fuzzy_sat_time,3.2,39.48682222222222,75000.0,56,/scale/user/mtannaou/alternance/donnees_sar_aeqd_09_janvier/wp102020/s1b-ew-owi-cm-20200901t212522-20200901t212812-000003-_aeqd.nc,/scale/project/ifremer-isi-jumeaunumerique/SARGEO/prototype/v00r00/cyclobs/wp102020/IRWIN/s1b-ew-owi-cm-20200901t212522-20200901t212726-000003-02C081_ll_gd_GEO-IRWIN.nc,0.5611217335882728,nan
915,MAYSAK,wp102020,2020-08-31 09:40:52,rs2-scwa-owi-cm-20200831t094052-20200831t094316-00003-______ll_gd_GEO-IRWIN.nc,exact_contains,0.7,44.88587777777778,29000.0,55,/scale/user/mtannaou/alternance/donnees_sar_aeqd_09_janvier/wp102020/rs2-scwa-owi-cm-20200831t094052-20200831t094316-00003_aeqd.nc,/scale/project/ifremer-isi-jumeaunumerique/SARGEO/prototype/v00r00/cyclobs/wp102020/IRWIN/rs2-scwa-owi-cm-20200831t094052-20200831t094316-00003-______ll_gd_GEO-IRWIN.nc,0.1253027405991077,train
916,SON-TINH,wp072024,2024-08-13 08:04:20,rcm1-sc50ma-owi-cm-20240813t080420-20240813t080537-00003-______ll_gd_GEO-IRWIN.nc,exact_contains,1.0,15.61185590635372,116000.0,16,/scale/user/mtannaou/alternance/donnees_sar_aeqd_09_janvier/wp072024/rcm1-sc50ma-owi-cm-20240813t080420-20240813t080537-00003_aeqd.nc,/scale/project/ifremer-isi-jumeaunumerique/SARGEO/prototype/v00r00/cyclobs/wp072024/IRWIN/rcm1-sc50ma-owi-cm-20240813t080420-20240813t080537-00003-______ll_gd_GEO-IRWIN.nc,0.0010197578075207,val
917,SON-TINH,wp072024,2024-08-12 07:55:10,rcm1-sc50mb-owi-cm-20240812t075510-20240812t075628-00003-______ll_gd_GEO-IRWIN.nc,exact_contains,0.0,20.423250752694223,80000.0,21,/scale/user/mtannaou/alternance/donnees_sar_aeqd_09_janvier/wp072024/rcm1-sc50mb-owi-cm-20240812t075510-20240812t075628-00003_aeqd.nc,/scale/project/ifremer-isi-jumeaunumerique/SARGEO/prototype/v00r00/cyclobs/wp072024/IRWIN/rcm1-sc50mb-owi-cm-20240812t075510-20240812t075628-00003-______ll_gd_GEO-IRWIN.nc,0.0,train
918,SON-TINH,wp072024,2024-08-12 20:13:44,rcm3-sc50ma-owi-cm-20240812t201344-20240812t201444-00003-______ll_gd_GEO-IRWIN.nc,exact_contains,1.7,19.69821969416006,97000.0,20,/scale/user/mtannaou/alternance/donnees_sar_aeqd_09_janvier/wp072024/rcm3-sc50ma-owi-cm-20240812t201344-20240812t201444-00003_aeqd.nc,/scale/project/ifremer-isi-jumeaunumerique/SARGEO/prototype/v00r00/cyclobs/wp072024/IRWIN/rcm3-sc50ma-owi-cm-20240812t201344-20240812t201444-00003-______ll_gd_GEO-IRWIN.nc,0.1440407903123008,train
919,JAVIER,ep112022,2022-09-02 13:23:05,s1a-iw-owi-cm-20220902t132305-20220902t132357-000003-055A84_ll_gd_GEO-IRWIN.nc,exact_contains,2.3,17.446259259259257,101000.0,21,/scale/user/mtannaou/alternance/donnees_sar_aeqd_09_janvier/ep112022/s1a-iw-owi-cm-20220902t132305-20220902t132357-000003-_aeqd.nc,/scale/project/ifremer-isi-jumeaunumerique/SARGEO/prototype/v00r00/cyclobs/ep112022/IRWIN/s1a-iw-owi-cm-20220902t132305-20220902t132357-000003-055A84_ll_gd_GEO-IRWIN.nc,0.148629700446144,train
920,KHANUN,wp062023,2023-07-29 20:51:11,rcm3-sclnd-owi-cm-20230729t205111-20230729t205136-00003-______ll_gd_GEO-IRWIN.nc,exact_contains,1.3,29.68529100315386,61000.0,29,/scale/user/mtannaou/alternance/donnees_sar_aeqd_09_janvier/wp062023/rcm3-sclnd-owi-cm-20230729t205111-20230729t205136-00003_aeqd.nc,/scale/project/ifremer-isi-jumeaunumerique/SARGEO/prototype/v00r00/cyclobs/wp062023/IRWIN/rcm3-sclnd-owi-cm-20230729t205111-20230729t205136-00003-______ll_gd_GEO-IRWIN.nc,0.6987890376035691,nan
921,KHANUN,wp062023,2023-08-04 21:34:56,s1a-ew-owi-cm-20230804t213456-20230804t213559-000003-05FAEB_ll_gd_GEO-IRWIN.nc,exact_contains,1.2,31.17257441359648,159000.0,28,/scale/user/mtannaou/alternance/donnees_sar_aeqd_09_janvier/wp062023/s1a-ew-owi-cm-20230804t213456-20230804t213559-000003-_aeqd.nc,/scale/project/ifremer-isi-jumeaunumerique/SARGEO/prototype/v00r00/cyclobs/wp062023/IRWIN/s1a-ew-owi-cm-20230804t213456-20230804t213559-000003-05FAEB_ll_gd_GEO-IRWIN.nc,0.0,train
922,KHANUN,wp062023,2023-08-06 09:30:24,rcm1-sc50ma-owi-cm-20230806t093024-20230806t093122-00003-______ll_gd_GEO-IRWIN.nc,exact_contains,4.0,19.384442377381127,16000.0,28,/scale/user/mtannaou/alternance/donnees_sar_aeqd_09_janvier/wp062023/rcm1-sc50ma-owi-cm-20230806t093024-20230806t093122-00003_aeqd.nc,/scale/project/ifremer-isi-jumeaunumerique/SARGEO/prototype/v00r00/cyclobs/wp062023/IRWIN/rcm1-sc50ma-owi-cm-20230806t093024-20230806t093122-00003-______ll_gd_GEO-IRWIN.nc,1.0,nan
923,KHANUN,wp062023,2023-08-01 09:22:02,rcm3-sc50ma-owi-cm-20230801t092202-20230801t092318-00003-______ll_gd_GEO-IRWIN.nc,exact_contains,1.9,40.72581851851806,33000.0,60,/scale/user/mtannaou/alternance/donnees_sar_aeqd_09_janvier/wp062023/rcm3-sc50ma-owi-cm-20230801t092202-20230801t092318-00003_aeqd.nc,/scale/project/ifremer-isi-jumeaunumerique/SARGEO/prototype/v00r00/cyclobs/wp062023/IRWIN/rcm3-sc50ma-owi-cm-20230801t092202-20230801t092318-00003-______ll_gd_GEO-IRWIN.nc,0.2187380497131931,train
924,KHANUN,wp062023,2023-08-03 21:28:28,rcm3-sc50mc-owi-cm-20230803t212828-20230803t212943-00003-______ll_gd_GEO-IRWIN.nc,exact_contains,2.6,,,35,,/scale/project/ifremer-isi-jumeaunumerique/SARGEO/prototype/v00r00/cyclobs/wp062023/IRWIN/rcm3-sc50mc-owi-cm-20230803t212828-20230803t212943-00003-______ll_gd_GEO-IRWIN.nc,,nan
925,KHANUN,wp062023,2023-08-05 09:22:15,rcm1-sc50ma-owi-cm-20230805t092215-20230805t092333-00003-______ll_gd_GEO-IRWIN.nc,exact_contains,1.5,29.130799918760005,153000.0,31,/scale/user/mtannaou/alternance/donnees_sar_aeqd_09_janvier/wp062023/rcm1-sc50ma-owi-cm-20230805t092215-20230805t092333-00003_aeqd.nc,/scale/project/ifremer-isi-jumeaunumerique/SARGEO/prototype/v00r00/cyclobs/wp062023/IRWIN/rcm1-sc50ma-owi-cm-20230805t092215-20230805t092333-00003-______ll_gd_GEO-IRWIN.nc,0.0537922243467176,train
926,KHANUN,wp062023,2023-08-04 21:36:16,rcm3-sc50ma-owi-cm-20230804t213616-20230804t213733-00003-______ll_gd_GEO-IRWIN.nc,exact_contains,1.9,30.46894463112861,184000.0,28,/scale/user/mtannaou/alternance/donnees_sar_aeqd_09_janvier/wp062023/rcm3-sc50ma-owi-cm-20230804t213616-20230804t213733-00003_aeqd.nc,/scale/project/ifremer-isi-jumeaunumerique/SARGEO/prototype/v00r00/cyclobs/wp062023/IRWIN/rcm3-sc50ma-owi-cm-20230804t213616-20230804t213733-00003-______ll_gd_GEO-IRWIN.nc,0.0,nan
927,KHANUN,wp062023,2023-08-05 21:11:49,rcm1-sc50mc-owi-cm-20230805t211149-20230805t211304-00003-______ll_gd_GEO-IRWIN.nc,exact_contains,1.75,21.99827099141476,120000.0,29,/scale/user/mtannaou/alternance/donnees_sar_aeqd_09_janvier/wp062023/rcm1-sc50mc-owi-cm-20230805t211149-20230805t211304-00003_aeqd.nc,/scale/project/ifremer-isi-jumeaunumerique/SARGEO/prototype/v00r00/cyclobs/wp062023/IRWIN/rcm1-sc50mc-owi-cm-20230805t211149-20230805t211304-00003-______ll_gd_GEO-IRWIN.nc,0.3265774378585086,train
928,KHANUN,wp062023,2023-08-02 09:45:01,s1a-ew-owi-cm-20230802t094501-20230802t094605-000003-05F9CD_ll_gd_GEO-IRWIN.nc,exact_contains,0.0,46.95701851851852,14000.0,51,/scale/user/mtannaou/alternance/donnees_sar_aeqd_09_janvier/wp062023/s1a-ew-owi-cm-20230802t094501-20230802t094605-000003-_aeqd.nc,/scale/project/ifremer-isi-jumeaunumerique/SARGEO/prototype/v00r00/cyclobs/wp062023/IRWIN/s1a-ew-owi-cm-20230802t094501-20230802t094605-000003-05F9CD_ll_gd_GEO-IRWIN.nc,0.2209050350541746,train
929,KHANUN,wp062023,2023-08-03 09:38:29,rcm3-sc50ma-owi-cm-20230803t093829-20230803t093946-00003-______ll_gd_GEO-IRWIN.nc,exact_contains,0.0,43.09002962962945,96000.0,45,/scale/user/mtannaou/alternance/donnees_sar_aeqd_09_janvier/wp062023/rcm3-sc50ma-owi-cm-20230803t093829-20230803t093946-00003_aeqd.nc,/scale/project/ifremer-isi-jumeaunumerique/SARGEO/prototype/v00r00/cyclobs/wp062023/IRWIN/rcm3-sc50ma-owi-cm-20230803t093829-20230803t093946-00003-______ll_gd_GEO-IRWIN.nc,0.0989165073295092,test
930,KHANUN,wp062023,2023-07-31 09:13:49,rcm3-sc50ma-owi-cm-20230731t091349-20230731t091500-00003-______ll_gd_GEO-IRWIN.nc,exact_contains,0.0,50.01308518518519,27000.0,58,/scale/user/mtannaou/alternance/donnees_sar_aeqd_09_janvier/wp062023/rcm3-sc50ma-owi-cm-20230731t091349-20230731t091500-00003_aeqd.nc,/scale/project/ifremer-isi-jumeaunumerique/SARGEO/prototype/v00r00/cyclobs/wp062023/IRWIN/rcm3-sc50ma-owi-cm-20230731t091349-20230731t091500-00003-______ll_gd_GEO-IRWIN.nc,0.1497769279796048,train
931,KHANUN,wp062023,2023-08-06 21:19:22,rcm1-sc50ma-owi-cm-20230806t211922-20230806t212037-00003-______ll_gd_GEO-IRWIN.nc,exact_contains,0.9,26.99154035323061,154000.0,28,/scale/user/mtannaou/alternance/donnees_sar_aeqd_09_janvier/wp062023/rcm1-sc50ma-owi-cm-20230806t211922-20230806t212037-00003_aeqd.nc,/scale/project/ifremer-isi-jumeaunumerique/SARGEO/prototype/v00r00/cyclobs/wp062023/IRWIN/rcm1-sc50ma-owi-cm-20230806t211922-20230806t212037-00003-______ll_gd_GEO-IRWIN.nc,0.0,test
932,KHANUN,wp062023,2023-08-09 09:23:38,rcm2-sc50ma-owi-cm-20230809t092338-20230809t092437-00003-______ll_gd_GEO-IRWIN.nc,exact_contains,1.8,30.64279160517104,81000.0,29,/scale/user/mtannaou/alternance/donnees_sar_aeqd_09_janvier/wp062023/rcm2-sc50ma-owi-cm-20230809t092338-20230809t092437-00003_aeqd.nc,/scale/project/ifremer-isi-jumeaunumerique/SARGEO/prototype/v00r00/cyclobs/wp062023/IRWIN/rcm2-sc50ma-owi-cm-20230809t092338-20230809t092437-00003-______ll_gd_GEO-IRWIN.nc,0.0806883365200764,train
933,KHANUN,wp062023,2023-08-06 09:12:56,s1a-ew-owi-cm-20230806t091256-20230806t091359-000003-05FB8C_ll_gd_GEO-IRWIN.nc,exact_contains,1.65,32.59973794737337,165000.0,28,/scale/user/mtannaou/alternance/donnees_sar_aeqd_09_janvier/wp062023/s1a-ew-owi-cm-20230806t091256-20230806t091359-000003-_aeqd.nc,/scale/project/ifremer-isi-jumeaunumerique/SARGEO/prototype/v00r00/cyclobs/wp062023/IRWIN/s1a-ew-owi-cm-20230806t091256-20230806t091359-000003-05FB8C_ll_gd_GEO-IRWIN.nc,0.3040152963671128,train
934,KHANUN,wp062023,2023-08-07 09:06:42,rcm2-sc50ma-owi-cm-20230807t090642-20230807t090758-00003-______ll_gd_GEO-IRWIN.nc,exact_contains,1.9,29.321109401922243,113000.0,28,/scale/user/mtannaou/alternance/donnees_sar_aeqd_09_janvier/wp062023/rcm2-sc50ma-owi-cm-20230807t090642-20230807t090758-00003_aeqd.nc,/scale/project/ifremer-isi-jumeaunumerique/SARGEO/prototype/v00r00/cyclobs/wp062023/IRWIN/rcm2-sc50ma-owi-cm-20230807t090642-20230807t090758-00003-______ll_gd_GEO-IRWIN.nc,0.5125557680050988,nan
935,KHANUN,wp062023,2023-08-04 09:47:02,rcm3-sc50mb-owi-cm-20230804t094702-20230804t094745-00003-______ll_gd_GEO-IRWIN.nc,exact_contains,0.55,30.0028697132934,112000.0,31,/scale/user/mtannaou/alternance/donnees_sar_aeqd_09_janvier/wp062023/rcm3-sc50mb-owi-cm-20230804t094702-20230804t094745-00003_aeqd.nc,/scale/project/ifremer-isi-jumeaunumerique/SARGEO/prototype/v00r00/cyclobs/wp062023/IRWIN/rcm3-sc50mb-owi-cm-20230804t094702-20230804t094745-00003-______ll_gd_GEO-IRWIN.nc,0.534353091140854,nan
936,KHANUN,wp062023,2023-07-30 09:05:03,rcm3-sc50ma-owi-cm-20230730t090503-20230730t090618-00003-______ll_gd_GEO-IRWIN.nc,exact_contains,3.1,34.339644443759646,8000.0,41,/scale/user/mtannaou/alternance/donnees_sar_aeqd_09_janvier/wp062023/rcm3-sc50ma-owi-cm-20230730t090503-20230730t090618-00003_aeqd.nc,/scale/project/ifremer-isi-jumeaunumerique/SARGEO/prototype/v00r00/cyclobs/wp062023/IRWIN/rcm3-sc50ma-owi-cm-20230730t090503-20230730t090618-00003-______ll_gd_GEO-IRWIN.nc,0.8374760994263862,nan
937,KHANUN,wp062023,2023-08-02 09:30:18,rcm3-sc50ma-owi-cm-20230802t093018-20230802t093135-00003-______ll_gd_GEO-IRWIN.nc,exact_contains,0.5,43.90622222222196,16000.0,51,/scale/user/mtannaou/alternance/donnees_sar_aeqd_09_janvier/wp062023/rcm3-sc50ma-owi-cm-20230802t093018-20230802t093135-00003_aeqd.nc,/scale/project/ifremer-isi-jumeaunumerique/SARGEO/prototype/v00r00/cyclobs/wp062023/IRWIN/rcm3-sc50ma-owi-cm-20230802t093018-20230802t093135-00003-______ll_gd_GEO-IRWIN.nc,0.4211599745060548,train
938,KHANUN,wp062023,2023-08-08 09:14:54,rcm2-sc50ma-owi-cm-20230808t091454-20230808t091610-00003-______ll_gd_GEO-IRWIN.nc,exact_contains,1.8,28.243129588009847,103000.0,25,/scale/user/mtannaou/alternance/donnees_sar_aeqd_09_janvier/wp062023/rcm2-sc50ma-owi-cm-20230808t091454-20230808t091610-00003_aeqd.nc,/scale/project/ifremer-isi-jumeaunumerique/SARGEO/prototype/v00r00/cyclobs/wp062023/IRWIN/rcm2-sc50ma-owi-cm-20230808t091454-20230808t091610-00003-______ll_gd_GEO-IRWIN.nc,0.0648820905035054,train
939,KHANUN,wp062023,2023-08-06 21:17:01,s1a-iw-owi-cm-20230806t211820-20230806t211916-000003-05FBCB_ll_gd_GEO-IRWIN.nc,fuzzy_sat_time,1.65,21.2194125,124000.0,28,/scale/user/mtannaou/alternance/donnees_sar_aeqd_09_janvier/wp062023/s1a-iw-owi-cm-20230806t211701-20230806t211916-000003-_aeqd.nc,/scale/project/ifremer-isi-jumeaunumerique/SARGEO/prototype/v00r00/cyclobs/wp062023/IRWIN/s1a-iw-owi-cm-20230806t211820-20230806t211916-000003-05FBCB_ll_gd_GEO-IRWIN.nc,0.5723390694710007,nan
940,PEIPAH,wp212025,2025-09-04 21:19:00,rcm2-sc50ma-owi-cm-20250904t211900-20250904t211946-00003-xxxxx_ll_gd_GEO-IRWIN.nc,exact_contains,6.4,,,19,/scale/user/mtannaou/alternance/donnees_sar_aeqd_09_janvier/wp212025no_env/rcm2-sc50ma-owi-cm-20250904t211900-20250904t211946-00003_aeqd.nc,/scale/project/ifremer-isi-jumeaunumerique/SARGEO/prototype/v00r00/cyclobs/wp212025/IRWIN/rcm2-sc50ma-owi-cm-20250904t211900-20250904t211946-00003-xxxxx_ll_gd_GEO-IRWIN.nc,0.99987253027406,nan
941,PEIPAH,wp212025,2025-09-05 08:32:55,s1c-iw-owi-cm-20250905t083255-20250905t083440-000003-007EE5_ll_gd_GEO-IRWIN.nc,exact_contains,1.8,27.24506157407408,42000.0,24,/scale/user/mtannaou/alternance/donnees_sar_aeqd_09_janvier/wp212025no_env/s1c-iw-owi-cm-20250905t083255-20250905t083440-000003-_aeqd.nc,/scale/project/ifremer-isi-jumeaunumerique/SARGEO/prototype/v00r00/cyclobs/wp212025/IRWIN/s1c-iw-owi-cm-20250905t083255-20250905t083440-000003-007EE5_ll_gd_GEO-IRWIN.nc,0.4695984703632887,train
942,BEBINCA,wp142024,2024-09-13 08:57:00,rcm1-sclna-owi-cm-20240913t085700-20240913t085814-00003-______ll_gd_GEO-IRWIN.nc,exact_contains,0.7,22.54896728377716,85000.0,22,/scale/user/mtannaou/alternance/donnees_sar_aeqd_09_janvier/wp142024/rcm1-sclna-owi-cm-20240913t085700-20240913t085814-00003_aeqd.nc,/scale/project/ifremer-isi-jumeaunumerique/SARGEO/prototype/v00r00/cyclobs/wp142024/IRWIN/rcm1-sclna-owi-cm-20240913t085700-20240913t085814-00003-______ll_gd_GEO-IRWIN.nc,0.2285532186105799,test
943,BEBINCA,wp142024,2024-09-12 08:47:54,rcm1-sclnb-owi-cm-20240912t084754-20240912t084911-00003-______ll_gd_GEO-IRWIN.nc,exact_contains,1.7,30.260356379457686,12000.0,29,/scale/user/mtannaou/alternance/donnees_sar_aeqd_09_janvier/wp142024/rcm1-sclnb-owi-cm-20240912t084754-20240912t084911-00003_aeqd.nc,/scale/project/ifremer-isi-jumeaunumerique/SARGEO/prototype/v00r00/cyclobs/wp142024/IRWIN/rcm1-sclnb-owi-cm-20240912t084754-20240912t084911-00003-______ll_gd_GEO-IRWIN.nc,0.0,train
944,BEBINCA,wp142024,2024-09-15 09:47:27,rcm3-sc50mc-owi-cm-20240915t094727-20240915t094845-00003-______ll_gd_GEO-IRWIN.nc,exact_contains,0.0,42.586333333344754,30000.0,37,/scale/user/mtannaou/alternance/donnees_sar_aeqd_09_janvier/wp142024/rcm3-sc50mc-owi-cm-20240915t094727-20240915t094845-00003_aeqd.nc,/scale/project/ifremer-isi-jumeaunumerique/SARGEO/prototype/v00r00/cyclobs/wp142024/IRWIN/rcm3-sc50mc-owi-cm-20240915t094727-20240915t094845-00003-______ll_gd_GEO-IRWIN.nc,0.0456341618865519,val
945,BEBINCA,wp142024,2024-09-14 21:28:00,rcm3-sc50mc-owi-cm-20240914t212800-20240914t212918-00003-______ll_gd_GEO-IRWIN.nc,exact_contains,0.0,38.519611110509,22000.0,38,/scale/user/mtannaou/alternance/donnees_sar_aeqd_09_janvier/wp142024/rcm3-sc50mc-owi-cm-20240914t212800-20240914t212918-00003_aeqd.nc,/scale/project/ifremer-isi-jumeaunumerique/SARGEO/prototype/v00r00/cyclobs/wp142024/IRWIN/rcm3-sc50mc-owi-cm-20240914t212800-20240914t212918-00003-______ll_gd_GEO-IRWIN.nc,0.0,train
946,BEBINCA,wp142024,2024-09-12 20:41:22,rcm1-sc50mb-owi-cm-20240912t204122-20240912t204238-00003-______ll_gd_GEO-IRWIN.nc,exact_contains,1.0,20.32822084802384,113000.0,22,/scale/user/mtannaou/alternance/donnees_sar_aeqd_09_janvier/wp142024/rcm1-sc50mb-owi-cm-20240912t204122-20240912t204238-00003_aeqd.nc,/scale/project/ifremer-isi-jumeaunumerique/SARGEO/prototype/v00r00/cyclobs/wp142024/IRWIN/rcm1-sc50mb-owi-cm-20240912t204122-20240912t204238-00003-______ll_gd_GEO-IRWIN.nc,0.1959209687699171,train
947,BEBINCA,wp142024,2024-09-10 20:27:04,rcm1-sclna-owi-cm-20240910t202704-20240910t202820-00003-______ll_gd_GEO-IRWIN.nc,exact_contains,3.8,10.371608261289875,306000.0,18,/scale/user/mtannaou/alternance/donnees_sar_aeqd_09_janvier/wp142024/rcm1-sclna-owi-cm-20240910t202704-20240910t202820-00003_aeqd.nc,/scale/project/ifremer-isi-jumeaunumerique/SARGEO/prototype/v00r00/cyclobs/wp142024/IRWIN/rcm1-sclna-owi-cm-20240910t202704-20240910t202820-00003-______ll_gd_GEO-IRWIN.nc,0.4335245379222435,nan
948,BEBINCA,wp142024,2024-09-11 08:39:04,rcm1-sclnc-owi-cm-20240911t083904-20240911t084002-00003-______ll_gd_GEO-IRWIN.nc,exact_contains,3.7,17.73552039799942,102000.0,18,/scale/user/mtannaou/alternance/donnees_sar_aeqd_09_janvier/wp142024/rcm1-sclnc-owi-cm-20240911t083904-20240911t084002-00003_aeqd.nc,/scale/project/ifremer-isi-jumeaunumerique/SARGEO/prototype/v00r00/cyclobs/wp142024/IRWIN/rcm1-sclnc-owi-cm-20240911t083904-20240911t084002-00003-______ll_gd_GEO-IRWIN.nc,0.9120458891013384,nan
949,IAN,al092022,2022-09-26 11:10:03,rs2-scwa-owi-cm-20220926t111003-20220926t111119-00003-______ll_gd_GEO-IRWIN.nc,exact_contains,0.5,32.81800740726059,40000.0,36,/scale/user/mtannaou/alternance/donnees_sar_aeqd_09_janvier/al092022/rs2-scwa-owi-cm-20220926t111003-20220926t111119-00003_aeqd.nc,/scale/project/ifremer-isi-jumeaunumerique/SARGEO/prototype/v00r00/cyclobs/al092022/IRWIN/rs2-scwa-owi-cm-20220926t111003-20220926t111119-00003-______ll_gd_GEO-IRWIN.nc,0.4300828553218611,test
950,IAN,al092022,2022-09-25 23:32:31,s1a-iw-owi-cm-20220925t233346-20220925t233501-000003-056602_ll_gd_GEO-IRWIN.nc,fuzzy_sat_time,1.95,26.08101481481481,5000.0,25,/scale/user/mtannaou/alternance/donnees_sar_aeqd_09_janvier/al092022/s1a-iw-owi-cm-20220925t233231-20220925t233526-000003-_aeqd.nc,/scale/project/ifremer-isi-jumeaunumerique/SARGEO/prototype/v00r00/cyclobs/al092022/IRWIN/s1a-iw-owi-cm-20220925t233346-20220925t233501-000003-056602_ll_gd_GEO-IRWIN.nc,0.0,train
951,IAN,al092022,2022-09-27 23:27:35,rs2-scwa-owi-cm-20220927t232735-20220927t232958-00003-______ll_gd_GEO-IRWIN.nc,exact_contains,0.0,48.57497037037037,38000.0,54,/scale/user/mtannaou/alternance/donnees_sar_aeqd_09_janvier/al092022/rs2-scwa-owi-cm-20220927t232735-20220927t232958-00003_aeqd.nc,/scale/project/ifremer-isi-jumeaunumerique/SARGEO/prototype/v00r00/cyclobs/al092022/IRWIN/rs2-scwa-owi-cm-20220927t232735-20220927t232958-00003-______ll_gd_GEO-IRWIN.nc,0.0382409177820267,train
952,IAN,al092022,2022-09-25 23:31:39,rcm1-sc50mb-owi-cm-20220925t233139-20220925t233246-00003-______ll_gd_GEO-IRWIN.nc,exact_contains,3.8,16.54356762094692,128000.0,25,/scale/user/mtannaou/alternance/donnees_sar_aeqd_09_janvier/al092022/rcm1-sc50mb-owi-cm-20220925t233139-20220925t233246-00003_aeqd.nc,/scale/project/ifremer-isi-jumeaunumerique/SARGEO/prototype/v00r00/cyclobs/al092022/IRWIN/rcm1-sc50mb-owi-cm-20220925t233139-20220925t233246-00003-______ll_gd_GEO-IRWIN.nc,0.0307202039515615,train
953,IAN,al092022,2022-09-26 11:25:58,rcm1-sc100ma-owi-cm-20220926t112558-20220926t112806-00003-______ll_gd_GEO-IRWIN.nc,exact_contains,0.0,33.959188886509125,39000.0,36,/scale/user/mtannaou/alternance/donnees_sar_aeqd_09_janvier/al092022/rcm1-sc100ma-owi-cm-20220926t112558-20220926t112806-00003_aeqd.nc,/scale/project/ifremer-isi-jumeaunumerique/SARGEO/prototype/v00r00/cyclobs/al092022/IRWIN/rcm1-sc100ma-owi-cm-20220926t112558-20220926t112806-00003-______ll_gd_GEO-IRWIN.nc,0.0,train
954,OLGA,sh212024,2024-04-08 10:39:06,rcm3-sclnc-owi-cm-20240408t103906-20240408t104023-00003-______ll_gd_GEO-IRWIN.nc,exact_contains,0.0,32.37272954344187,31000.0,32,/scale/user/mtannaou/alternance/donnees_sar_aeqd_09_janvier/sh212024/rcm3-sclnc-owi-cm-20240408t103906-20240408t104023-00003_aeqd.nc,/scale/project/ifremer-isi-jumeaunumerique/SARGEO/prototype/v00r00/cyclobs/sh212024/IRWIN/rcm3-sclnc-owi-cm-20240408t103906-20240408t104023-00003-______ll_gd_GEO-IRWIN.nc,0.0474187380497131,train
955,OLGA,sh212024,2024-04-08 21:47:59,rcm2-sclnb-owi-cm-20240408t214759-20240408t214914-00003-______ll_gd_GEO-IRWIN.nc,exact_contains,1.05,26.20053193298727,67000.0,26,/scale/user/mtannaou/alternance/donnees_sar_aeqd_09_janvier/sh212024/rcm2-sclnb-owi-cm-20240408t214759-20240408t214914-00003_aeqd.nc,/scale/project/ifremer-isi-jumeaunumerique/SARGEO/prototype/v00r00/cyclobs/sh212024/IRWIN/rcm2-sclnb-owi-cm-20240408t214759-20240408t214914-00003-______ll_gd_GEO-IRWIN.nc,0.4177182919056724,train
956,OLGA,sh212024,2024-04-07 10:31:25,rcm3-sclnc-owi-cm-20240407t103125-20240407t103241-00003-______ll_gd_GEO-IRWIN.nc,exact_contains,0.0,57.48749629629631,15000.0,59,/scale/user/mtannaou/alternance/donnees_sar_aeqd_09_janvier/sh212024/rcm3-sclnc-owi-cm-20240407t103125-20240407t103241-00003_aeqd.nc,/scale/project/ifremer-isi-jumeaunumerique/SARGEO/prototype/v00r00/cyclobs/sh212024/IRWIN/rcm3-sclnc-owi-cm-20240407t103125-20240407t103241-00003-______ll_gd_GEO-IRWIN.nc,0.0,test
957,OLGA,sh212024,2024-04-09 21:56:32,rcm2-sclna-owi-cm-20240409t215632-20240409t215747-00003-______ll_gd_GEO-IRWIN.nc,exact_contains,0.5,26.202580687304167,44000.0,21,/scale/user/mtannaou/alternance/donnees_sar_aeqd_09_janvier/sh212024/rcm2-sclna-owi-cm-20240409t215632-20240409t215747-00003_aeqd.nc,/scale/project/ifremer-isi-jumeaunumerique/SARGEO/prototype/v00r00/cyclobs/sh212024/IRWIN/rcm2-sclna-owi-cm-20240409t215632-20240409t215747-00003-______ll_gd_GEO-IRWIN.nc,0.3398342893562779,train
958,OLGA,sh212024,2024-04-07 21:39:37,rcm2-sclnb-owi-cm-20240407t213937-20240407t214053-00003-______ll_gd_GEO-IRWIN.nc,exact_contains,1.4,55.23408888888889,12000.0,51,/scale/user/mtannaou/alternance/donnees_sar_aeqd_09_janvier/sh212024/rcm2-sclnb-owi-cm-20240407t213937-20240407t214053-00003_aeqd.nc,/scale/project/ifremer-isi-jumeaunumerique/SARGEO/prototype/v00r00/cyclobs/sh212024/IRWIN/rcm2-sclnb-owi-cm-20240407t213937-20240407t214053-00003-______ll_gd_GEO-IRWIN.nc,0.0,train
959,OLGA,sh212024,2024-04-09 10:46:40,rcm3-sclnb-owi-cm-20240409t104640-20240409t104756-00003-______ll_gd_GEO-IRWIN.nc,exact_contains,0.3,18.99555154234365,85000.0,21,/scale/user/mtannaou/alternance/donnees_sar_aeqd_09_janvier/sh212024/rcm3-sclnb-owi-cm-20240409t104640-20240409t104756-00003_aeqd.nc,/scale/project/ifremer-isi-jumeaunumerique/SARGEO/prototype/v00r00/cyclobs/sh212024/IRWIN/rcm3-sclnb-owi-cm-20240409t104640-20240409t104756-00003-______ll_gd_GEO-IRWIN.nc,0.2124920331421287,train
960,HABANA,sh242021,2021-03-07 13:08:16,rs2-scwa-owi-cm-20210307t130816-20210307t130931-00003-______ll_gd_GEO-IRWIN.nc,exact_contains,0.0,52.16258148148148,14000.0,53,/scale/user/mtannaou/alternance/donnees_sar_aeqd_09_janvier/sh242021/rs2-scwa-owi-cm-20210307t130816-20210307t130931-00003_aeqd.nc,/scale/project/ifremer-isi-jumeaunumerique/SARGEO/prototype/v00r00/cyclobs/sh242021/IRWIN/rs2-scwa-owi-cm-20210307t130816-20210307t130931-00003-______ll_gd_GEO-IRWIN.nc,0.0,train
961,HABANA,sh242021,2021-03-14 13:44:29,s1b-ew-owi-cm-20210314t134429-20210314t134639-000003-031A80_ll_gd_GEO-IRWIN.nc,exact_contains,1.8,44.16607407407408,34000.0,30,/scale/user/mtannaou/alternance/donnees_sar_aeqd_09_janvier/sh242021/s1b-ew-owi-cm-20210314t134429-20210314t134639-000003-_aeqd.nc,/scale/project/ifremer-isi-jumeaunumerique/SARGEO/prototype/v00r00/cyclobs/sh242021/IRWIN/s1b-ew-owi-cm-20210314t134429-20210314t134639-000003-031A80_ll_gd_GEO-IRWIN.nc,0.6187380497131931,nan
962,HABANA,sh242021,2021-03-14 00:39:20,rs2-scwa-owi-cm-20210314t003920-20210314t004036-00003-______ll_gd_GEO-IRWIN.nc,exact_contains,0.0,44.74952962962963,33000.0,36,/scale/user/mtannaou/alternance/donnees_sar_aeqd_09_janvier/sh242021/rs2-scwa-owi-cm-20210314t003920-20210314t004036-00003_aeqd.nc,/scale/project/ifremer-isi-jumeaunumerique/SARGEO/prototype/v00r00/cyclobs/sh242021/IRWIN/rs2-scwa-owi-cm-20210314t003920-20210314t004036-00003-______ll_gd_GEO-IRWIN.nc,0.1326959847036329,train
963,HABANA,sh242021,2021-03-11 00:26:12,rs2-scwa-owi-cm-20210311t002612-20210311t002728-00003-______ll_gd_GEO-IRWIN.nc,exact_contains,0.3,61.496022222222216,23000.0,67,/scale/user/mtannaou/alternance/donnees_sar_aeqd_09_janvier/sh242021/rs2-scwa-owi-cm-20210311t002612-20210311t002728-00003_aeqd.nc,/scale/project/ifremer-isi-jumeaunumerique/SARGEO/prototype/v00r00/cyclobs/sh242021/IRWIN/rs2-scwa-owi-cm-20210311t002612-20210311t002728-00003-______ll_gd_GEO-IRWIN.nc,0.0,train
964,HABANA,sh242021,2021-03-10 13:30:58,s1a-ew-owi-cm-20210310t133058-20210310t133232-000003-045873_ll_gd_GEO-IRWIN.nc,exact_contains,1.9,55.7656925925926,3000.0,69,/scale/user/mtannaou/alternance/donnees_sar_aeqd_09_janvier/sh242021/s1a-ew-owi-cm-20210310t133058-20210310t133232-000003-_aeqd.nc,/scale/project/ifremer-isi-jumeaunumerique/SARGEO/prototype/v00r00/cyclobs/sh242021/IRWIN/s1a-ew-owi-cm-20210310t133058-20210310t133232-000003-045873_ll_gd_GEO-IRWIN.nc,0.511408540471638,nan
965,BAVI,wp092020,2020-08-25 21:36:54,rs2-scwa-owi-cm-20200825t213654-20200825t213810-00003-______ll_gd_GEO-IRWIN.nc,exact_contains,1.3,41.41136296296296,49000.0,51,/scale/user/mtannaou/alternance/donnees_sar_aeqd_09_janvier/wp092020/rs2-scwa-owi-cm-20200825t213654-20200825t213810-00003_aeqd.nc,/scale/project/ifremer-isi-jumeaunumerique/SARGEO/prototype/v00r00/cyclobs/wp092020/IRWIN/rs2-scwa-owi-cm-20200825t213654-20200825t213810-00003-______ll_gd_GEO-IRWIN.nc,0.0,train
966,BAVI,wp092020,2020-08-25 21:36:54,rs2-scwa-owi-cm-20200825t213750-20200825t213907-00003-______ll_gd_GEO-IRWIN.nc,fuzzy_sat_time,1.3,41.41136296296296,49000.0,51,/scale/user/mtannaou/alternance/donnees_sar_aeqd_09_janvier/wp092020/rs2-scwa-owi-cm-20200825t213654-20200825t213810-00003_aeqd.nc,/scale/project/ifremer-isi-jumeaunumerique/SARGEO/prototype/v00r00/cyclobs/wp092020/IRWIN/rs2-scwa-owi-cm-20200825t213750-20200825t213907-00003-______ll_gd_GEO-IRWIN.nc,0.0,train
967,BARIJAT,wp212024,2024-10-11 07:27:10,rcm2-sc50ma-owi-cm-20241011t072710-20241011t072726-00003-______ll_gd_GEO-IRWIN.nc,exact_contains,1.45,37.23916666759209,230000.0,22,/scale/user/mtannaou/alternance/donnees_sar_aeqd_09_janvier/wp212024/rcm2-sc50ma-owi-cm-20241011t072710-20241011t072726-00003_aeqd.nc,/scale/project/ifremer-isi-jumeaunumerique/SARGEO/prototype/v00r00/cyclobs/wp212024/IRWIN/rcm2-sc50ma-owi-cm-20241011t072710-20241011t072726-00003-______ll_gd_GEO-IRWIN.nc,0.727087316762269,nan
968,BARIJAT,wp212024,2024-10-11 07:25:58,rcm2-sc50ma-owi-cm-20241011t072558-20241011t072716-00003-______ll_gd_GEO-IRWIN.nc,exact_contains,1.85,29.29723640803766,99000.0,22,/scale/user/mtannaou/alternance/donnees_sar_aeqd_09_janvier/wp212024/rcm2-sc50ma-owi-cm-20241011t072558-20241011t072716-00003_aeqd.nc,/scale/project/ifremer-isi-jumeaunumerique/SARGEO/prototype/v00r00/cyclobs/wp212024/IRWIN/rcm2-sc50ma-owi-cm-20241011t072558-20241011t072716-00003-______ll_gd_GEO-IRWIN.nc,0.7527087316762269,nan
969,BARIJAT,wp212024,2024-10-09 19:59:06,rcm3-sclnc-owi-cm-20241009t195906-20241009t200023-00003-______ll_gd_GEO-IRWIN.nc,exact_contains,0.0,19.188038185748336,190000.0,21,/scale/user/mtannaou/alternance/donnees_sar_aeqd_09_janvier/wp212024/rcm3-sclnc-owi-cm-20241009t195906-20241009t200023-00003_aeqd.nc,/scale/project/ifremer-isi-jumeaunumerique/SARGEO/prototype/v00r00/cyclobs/wp212024/IRWIN/rcm3-sclnc-owi-cm-20241009t195906-20241009t200023-00003-______ll_gd_GEO-IRWIN.nc,0.1212237093690248,nan
970,KALMAEGI,wp272019,2019-11-19 09:57:11,s1b-iw-owi-cm-20191119t095826-20191119t095943-000003-023D71_ll_gd_GEO-IRWIN.nc,fuzzy_sat_time,1.8,45.3020037037037,24000.0,39,/scale/user/mtannaou/alternance/donnees_sar_aeqd_09_janvier/wp272019/s1b-iw-owi-cm-20191119t095711-20191119t095943-000003-_aeqd.nc,/scale/project/ifremer-isi-jumeaunumerique/SARGEO/prototype/v00r00/cyclobs/wp272019/IRWIN/s1b-iw-owi-cm-20191119t095826-20191119t095943-000003-023D71_ll_gd_GEO-IRWIN.nc,0.1366475462077756,train
971,NICOLE,al172022,2022-11-10 11:16:18,s1a-iw-owi-cm-20221110t111737-20221110t111852-000003-057B92_ll_gd_GEO-IRWIN.nc,fuzzy_sat_time,4.8,24.856025925925927,24000.0,29,/scale/user/mtannaou/alternance/donnees_sar_aeqd_09_janvier/al172022/s1a-iw-owi-cm-20221110t111618-20221110t111917-000003-_aeqd.nc,/scale/project/ifremer-isi-jumeaunumerique/SARGEO/prototype/v00r00/cyclobs/al172022/IRWIN/s1a-iw-owi-cm-20221110t111737-20221110t111852-000003-057B92_ll_gd_GEO-IRWIN.nc,0.9918419375398344,nan
972,NICOLE,al172022,2022-11-09 23:10:27,s1a-iw-owi-cm-20221109t231142-20221109t231322-000003-057B61_ll_gd_GEO-IRWIN.nc,fuzzy_sat_time,4.85,26.046962962962965,60000.0,33,/scale/user/mtannaou/alternance/donnees_sar_aeqd_09_janvier/al172022/s1a-iw-owi-cm-20221109t231027-20221109t231322-000003-_aeqd.nc,/scale/project/ifremer-isi-jumeaunumerique/SARGEO/prototype/v00r00/cyclobs/al172022/IRWIN/s1a-iw-owi-cm-20221109t231142-20221109t231322-000003-057B61_ll_gd_GEO-IRWIN.nc,0.6910133843212237,nan
973,CANDICE,sh082024,2024-01-26 14:45:15,rcm1-sclnd-owi-cm-20240126t144515-20240126t144554-00003-______ll_gd_GEO-IRWIN.nc,exact_contains,3.1,26.89114392130662,18000.0,22,/scale/user/mtannaou/alternance/donnees_sar_aeqd_09_janvier/sh082024/rcm1-sclnd-owi-cm-20240126t144515-20240126t144554-00003_aeqd.nc,/scale/project/ifremer-isi-jumeaunumerique/SARGEO/prototype/v00r00/cyclobs/sh082024/IRWIN/rcm1-sclnd-owi-cm-20240126t144515-20240126t144554-00003-______ll_gd_GEO-IRWIN.nc,0.8098151688973869,nan
974,CANDICE,sh082024,2024-01-26 01:20:05,rcm1-sclnb-owi-cm-20240126t012005-20240126t012029-00003-______ll_gd_GEO-IRWIN.nc,exact_contains,2.0,29.162414173100306,99000.0,25,/scale/user/mtannaou/alternance/donnees_sar_aeqd_09_janvier/sh082024/rcm1-sclnb-owi-cm-20240126t012005-20240126t012029-00003_aeqd.nc,/scale/project/ifremer-isi-jumeaunumerique/SARGEO/prototype/v00r00/cyclobs/sh082024/IRWIN/rcm1-sclnb-owi-cm-20240126t012005-20240126t012029-00003-______ll_gd_GEO-IRWIN.nc,0.925812619502868,nan
975,KELI,cp022025,2025-07-29 03:56:58,rcm3-sclnc-owi-cm-20250729t035658-20250729t035808-00003-xxxxx_ll_gd_GEO-IRWIN.nc,exact_contains,0.0,27.0823948123913,18000.0,18,/scale/user/mtannaou/alternance/donnees_sar_aeqd_09_janvier/cp022025no_env/rcm3-sclnc-owi-cm-20250729t035658-20250729t035808-00003_aeqd.nc,/scale/project/ifremer-isi-jumeaunumerique/SARGEO/prototype/v00r00/cyclobs/cp022025/IRWIN/rcm3-sclnc-owi-cm-20250729t035658-20250729t035808-00003-xxxxx_ll_gd_GEO-IRWIN.nc,0.0,val
976,OLAF,ep152021,2021-09-09 13:06:00,s1a-iw-owi-cm-20210909t130625-20210909t130746-000003-04AE83_ll_gd_GEO-IRWIN.nc,fuzzy_sat_time,0.0,41.470933333333335,40000.0,34,/scale/user/mtannaou/alternance/donnees_sar_aeqd_09_janvier/ep152021/s1a-iw-owi-cm-20210909t130600-20210909t130746-000003-_aeqd.nc,/scale/project/ifremer-isi-jumeaunumerique/SARGEO/prototype/v00r00/cyclobs/ep152021/IRWIN/s1a-iw-owi-cm-20210909t130625-20210909t130746-000003-04AE83_ll_gd_GEO-IRWIN.nc,0.0,train
977,ORLENE,ep162022,2022-10-01 01:19:32,rs2-scwa-owi-cm-20221001t011932-20221001t012048-00003-______ll_gd_GEO-IRWIN.nc,exact_contains,1.4,31.889172917384165,17000.0,28,/scale/user/mtannaou/alternance/donnees_sar_aeqd_09_janvier/ep162022/rs2-scwa-owi-cm-20221001t011932-20221001t012048-00003_aeqd.nc,/scale/project/ifremer-isi-jumeaunumerique/SARGEO/prototype/v00r00/cyclobs/ep162022/IRWIN/rs2-scwa-owi-cm-20221001t011932-20221001t012048-00003-______ll_gd_GEO-IRWIN.nc,0.0,train
978,DIKELEDI,sh072025,2025-01-10 01:36:49,s1a-ew-owi-cm-20250110t013649-20250110t013752-000003-070FD1_ll_gd_GEO-IRWIN.nc,exact_contains,2.7,27.723342689455016,59000.0,24,/scale/user/mtannaou/alternance/donnees_sar_aeqd_09_janvier/sh072025/s1a-ew-owi-cm-20250110t013649-20250110t013752-000003-_aeqd.nc,/scale/project/ifremer-isi-jumeaunumerique/SARGEO/prototype/v00r00/cyclobs/sh072025/IRWIN/s1a-ew-owi-cm-20250110t013649-20250110t013752-000003-070FD1_ll_gd_GEO-IRWIN.nc,0.4675589547482472,train
979,DIKELEDI,sh072025,2025-01-15 02:46:56,rcm3-sclnd-owi-cm-20250115t024656-20250115t024810-00003-xxxxx_ll_gd_GEO-IRWIN.nc,exact_contains,0.0,29.063581325685,31000.0,33,/scale/user/mtannaou/alternance/donnees_sar_aeqd_09_janvier/sh072025/rcm3-sclnd-owi-cm-20250115t024656-20250115t024810-00003_aeqd.nc,/scale/project/ifremer-isi-jumeaunumerique/SARGEO/prototype/v00r00/cyclobs/sh072025/IRWIN/rcm3-sclnd-owi-cm-20250115t024656-20250115t024810-00003-xxxxx_ll_gd_GEO-IRWIN.nc,0.3964308476736775,train
980,DIKELEDI,sh072025,2025-01-16 02:24:11,rcm1-sclnd-owi-cm-20250116t022411-20250116t022526-00003-xxxxx_ll_gd_GEO-IRWIN.nc,exact_contains,0.0,47.44013333333324,16000.0,51,/scale/user/mtannaou/alternance/donnees_sar_aeqd_09_janvier/sh072025/rcm1-sclnd-owi-cm-20250116t022411-20250116t022526-00003_aeqd.nc,/scale/project/ifremer-isi-jumeaunumerique/SARGEO/prototype/v00r00/cyclobs/sh072025/IRWIN/rcm1-sclnd-owi-cm-20250116t022411-20250116t022526-00003-xxxxx_ll_gd_GEO-IRWIN.nc,0.0,train
981,DIKELEDI,sh072025,2025-01-12 02:20:48,rcm3-sclnd-owi-cm-20250112t022048-20250112t022204-00003-xxxxx_ll_gd_GEO-IRWIN.nc,exact_contains,0.0,27.67805330886796,22000.0,35,/scale/user/mtannaou/alternance/donnees_sar_aeqd_09_janvier/sh072025/rcm3-sclnd-owi-cm-20250112t022048-20250112t022204-00003_aeqd.nc,/scale/project/ifremer-isi-jumeaunumerique/SARGEO/prototype/v00r00/cyclobs/sh072025/IRWIN/rcm3-sclnd-owi-cm-20250112t022048-20250112t022204-00003-xxxxx_ll_gd_GEO-IRWIN.nc,0.0,train
982,DIKELEDI,sh072025,2025-01-12 15:21:09,rcm1-sclna-owi-cm-20250112t152109-20250112t152224-00003-xxxxx_ll_gd_GEO-IRWIN.nc,exact_contains,1.6,33.35960370089496,49000.0,34,/scale/user/mtannaou/alternance/donnees_sar_aeqd_09_janvier/sh072025/rcm1-sclna-owi-cm-20250112t152109-20250112t152224-00003_aeqd.nc,/scale/project/ifremer-isi-jumeaunumerique/SARGEO/prototype/v00r00/cyclobs/sh072025/IRWIN/rcm1-sclna-owi-cm-20250112t152109-20250112t152224-00003-xxxxx_ll_gd_GEO-IRWIN.nc,0.1462077756532823,train
983,DIKELEDI,sh072025,2025-01-10 14:33:23,rcm2-sclna-owi-cm-20250110t143323-20250110t143423-00003-xxxxx_ll_gd_GEO-IRWIN.nc,exact_contains,3.3,22.10197355478916,23000.0,29,/scale/user/mtannaou/alternance/donnees_sar_aeqd_09_janvier/sh072025/rcm2-sclna-owi-cm-20250110t143323-20250110t143423-00003_aeqd.nc,/scale/project/ifremer-isi-jumeaunumerique/SARGEO/prototype/v00r00/cyclobs/sh072025/IRWIN/rcm2-sclna-owi-cm-20250110t143323-20250110t143423-00003-xxxxx_ll_gd_GEO-IRWIN.nc,0.78572339069471,nan
984,DIKELEDI,sh072025,2025-01-11 02:12:40,rcm3-sclna-owi-cm-20250111t021240-20250111t021355-00003-xxxxx_ll_gd_GEO-IRWIN.nc,exact_contains,1.4,37.25675925924941,23000.0,40,/scale/user/mtannaou/alternance/donnees_sar_aeqd_09_janvier/sh072025/rcm3-sclna-owi-cm-20250111t021240-20250111t021355-00003_aeqd.nc,/scale/project/ifremer-isi-jumeaunumerique/SARGEO/prototype/v00r00/cyclobs/sh072025/IRWIN/rcm3-sclna-owi-cm-20250111t021240-20250111t021355-00003-xxxxx_ll_gd_GEO-IRWIN.nc,0.0179732313575525,val
985,DIKELEDI,sh072025,2025-01-11 15:13:20,rcm1-sclnd-owi-cm-20250111t151320-20250111t151436-00003-xxxxx_ll_gd_GEO-IRWIN.nc,exact_contains,3.2,45.62423703699681,21000.0,46,/scale/user/mtannaou/alternance/donnees_sar_aeqd_09_janvier/sh072025/rcm1-sclnd-owi-cm-20250111t151320-20250111t151436-00003_aeqd.nc,/scale/project/ifremer-isi-jumeaunumerique/SARGEO/prototype/v00r00/cyclobs/sh072025/IRWIN/rcm1-sclnd-owi-cm-20250111t151320-20250111t151436-00003-xxxxx_ll_gd_GEO-IRWIN.nc,0.3166347992351816,train
986,DIKELEDI,sh072025,2025-01-15 15:42:28,rcm1-sclna-owi-cm-20250115t154228-20250115t154344-00003-xxxxx_ll_gd_GEO-IRWIN.nc,exact_contains,0.0,45.57664074074074,39000.0,43,/scale/user/mtannaou/alternance/donnees_sar_aeqd_09_janvier/sh072025/rcm1-sclna-owi-cm-20250115t154228-20250115t154344-00003_aeqd.nc,/scale/project/ifremer-isi-jumeaunumerique/SARGEO/prototype/v00r00/cyclobs/sh072025/IRWIN/rcm1-sclna-owi-cm-20250115t154228-20250115t154344-00003-xxxxx_ll_gd_GEO-IRWIN.nc,0.0,train
987,DIKELEDI,sh072025,2025-01-16 02:29:57,s1a-ew-owi-cm-20250116t022957-20250116t023101-000003-071348_ll_gd_GEO-IRWIN.nc,exact_contains,0.0,50.19765185185185,22000.0,51,/scale/user/mtannaou/alternance/donnees_sar_aeqd_09_janvier/sh072025/s1a-ew-owi-cm-20250116t022957-20250116t023101-000003-_aeqd.nc,/scale/project/ifremer-isi-jumeaunumerique/SARGEO/prototype/v00r00/cyclobs/sh072025/IRWIN/s1a-ew-owi-cm-20250116t022957-20250116t023101-000003-071348_ll_gd_GEO-IRWIN.nc,0.0,train
988,DIKELEDI,sh072025,2025-01-17 02:01:29,rcm2-sclna-owi-cm-20250117t020129-20250117t020246-00003-xxxxx_ll_gd_GEO-IRWIN.nc,exact_contains,2.4000000000000004,29.59214073556049,20000.0,31,/scale/user/mtannaou/alternance/donnees_sar_aeqd_09_janvier/sh072025/rcm2-sclna-owi-cm-20250117t020129-20250117t020246-00003_aeqd.nc,/scale/project/ifremer-isi-jumeaunumerique/SARGEO/prototype/v00r00/cyclobs/sh072025/IRWIN/rcm2-sclna-owi-cm-20250117t020129-20250117t020246-00003-xxxxx_ll_gd_GEO-IRWIN.nc,0.8311026131293817,nan
989,DIKELEDI,sh072025,2025-01-09 14:25:10,rcm2-sclnd-owi-cm-20250109t142510-20250109t142551-00003-xxxxx_ll_gd_GEO-IRWIN.nc,exact_contains,0.0,,,19,/scale/user/mtannaou/alternance/donnees_sar_aeqd_09_janvier/sh072025/rcm2-sclnd-owi-cm-20250109t142510-20250109t142551-00003_aeqd.nc,/scale/project/ifremer-isi-jumeaunumerique/SARGEO/prototype/v00r00/cyclobs/sh072025/IRWIN/rcm2-sclnd-owi-cm-20250109t142510-20250109t142551-00003-xxxxx_ll_gd_GEO-IRWIN.nc,0.1817718291905672,nan
990,DIKELEDI,sh072025,2025-01-17 14:51:38,rcm3-sclnd-owi-cm-20250117t145138-20250117t145256-00003-xxxxx_ll_gd_GEO-IRWIN.nc,exact_contains,0.3,28.279449599457788,99000.0,23,/scale/user/mtannaou/alternance/donnees_sar_aeqd_09_janvier/sh072025/rcm3-sclnd-owi-cm-20250117t145138-20250117t145256-00003_aeqd.nc,/scale/project/ifremer-isi-jumeaunumerique/SARGEO/prototype/v00r00/cyclobs/sh072025/IRWIN/rcm3-sclnd-owi-cm-20250117t145138-20250117t145256-00003-xxxxx_ll_gd_GEO-IRWIN.nc,0.0,train
991,DIKELEDI,sh072025,2025-01-16 15:17:03,rcm2-sclna-owi-cm-20250116t151703-20250116t151817-00003-xxxxx_ll_gd_GEO-IRWIN.nc,exact_contains,0.7,44.126814814814814,38000.0,42,/scale/user/mtannaou/alternance/donnees_sar_aeqd_09_janvier/sh072025/rcm2-sclna-owi-cm-20250116t151703-20250116t151817-00003_aeqd.nc,/scale/project/ifremer-isi-jumeaunumerique/SARGEO/prototype/v00r00/cyclobs/sh072025/IRWIN/rcm2-sclna-owi-cm-20250116t151703-20250116t151817-00003-xxxxx_ll_gd_GEO-IRWIN.nc,0.3790949649458253,test
992,AMPIL,wp082024,2024-08-14 08:42:23,rcm3-sc50mb-owi-cm-20240814t084223-20240814t084339-00003-______ll_gd_GEO-IRWIN.nc,exact_contains,0.0,38.083422222001765,47000.0,36,/scale/user/mtannaou/alternance/donnees_sar_aeqd_09_janvier/wp082024/rcm3-sc50mb-owi-cm-20240814t084223-20240814t084339-00003_aeqd.nc,/scale/project/ifremer-isi-jumeaunumerique/SARGEO/prototype/v00r00/cyclobs/wp082024/IRWIN/rcm3-sc50mb-owi-cm-20240814t084223-20240814t084339-00003-______ll_gd_GEO-IRWIN.nc,0.0145315487571701,train
993,AMPIL,wp082024,2024-08-15 20:39:01,rcm3-sc50mb-owi-cm-20240815t203901-20240815t203952-00003-______ll_gd_GEO-IRWIN.nc,exact_contains,0.0,48.698365277777775,31000.0,55,/scale/user/mtannaou/alternance/donnees_sar_aeqd_09_janvier/wp082024/rcm3-sc50mb-owi-cm-20240815t203901-20240815t203952-00003_aeqd.nc,/scale/project/ifremer-isi-jumeaunumerique/SARGEO/prototype/v00r00/cyclobs/wp082024/IRWIN/rcm3-sc50mb-owi-cm-20240815t203901-20240815t203952-00003-______ll_gd_GEO-IRWIN.nc,0.2568514977692798,train
994,AMPIL,wp082024,2024-08-15 08:51:11,rcm3-sc50mc-owi-cm-20240815t085111-20240815t085230-00003-______ll_gd_GEO-IRWIN.nc,exact_contains,2.8,21.057086950179663,17000.0,47,/scale/user/mtannaou/alternance/donnees_sar_aeqd_09_janvier/wp082024/rcm3-sc50mc-owi-cm-20240815t085111-20240815t085230-00003_aeqd.nc,/scale/project/ifremer-isi-jumeaunumerique/SARGEO/prototype/v00r00/cyclobs/wp082024/IRWIN/rcm3-sc50mc-owi-cm-20240815t085111-20240815t085230-00003-______ll_gd_GEO-IRWIN.nc,0.9435309114085404,nan
995,AMPIL,wp082024,2024-08-17 08:04:45,rcm2-sc50ma-owi-cm-20240817t080445-20240817t080603-00003-______ll_gd_GEO-IRWIN.nc,exact_contains,2.4,36.456433332832205,88000.0,40,/scale/user/mtannaou/alternance/donnees_sar_aeqd_09_janvier/wp082024/rcm2-sc50ma-owi-cm-20240817t080445-20240817t080603-00003_aeqd.nc,/scale/project/ifremer-isi-jumeaunumerique/SARGEO/prototype/v00r00/cyclobs/wp082024/IRWIN/rcm2-sc50ma-owi-cm-20240817t080445-20240817t080603-00003-______ll_gd_GEO-IRWIN.nc,0.1903123008285532,train
996,AMPIL,wp082024,2024-08-16 08:27:56,rcm1-sc50ma-owi-cm-20240816t082756-20240816t082825-00003-______ll_gd_GEO-IRWIN.nc,exact_contains,2.2,36.432025925613694,18000.0,56,/scale/user/mtannaou/alternance/donnees_sar_aeqd_09_janvier/wp082024/rcm1-sc50ma-owi-cm-20240816t082756-20240816t082825-00003_aeqd.nc,/scale/project/ifremer-isi-jumeaunumerique/SARGEO/prototype/v00r00/cyclobs/wp082024/IRWIN/rcm1-sc50ma-owi-cm-20240816t082756-20240816t082825-00003-______ll_gd_GEO-IRWIN.nc,0.838623326959847,nan
997,AMPIL,wp082024,2024-08-14 20:31:38,rcm3-sc50mc-owi-cm-20240814t203138-20240814t203255-00003-______ll_gd_GEO-IRWIN.nc,exact_contains,0.0,39.41987777781572,33000.0,42,/scale/user/mtannaou/alternance/donnees_sar_aeqd_09_janvier/wp082024/rcm3-sc50mc-owi-cm-20240814t203138-20240814t203255-00003_aeqd.nc,/scale/project/ifremer-isi-jumeaunumerique/SARGEO/prototype/v00r00/cyclobs/wp082024/IRWIN/rcm3-sc50mc-owi-cm-20240814t203138-20240814t203255-00003-______ll_gd_GEO-IRWIN.nc,0.0,test
998,sh152024,sh152024,2024-02-17 15:32:41,rcm1-sclnc-owi-cm-20240217t153241-20240217t153356-00003-______ll_gd_GEO-IRWIN.nc,exact_contains,0.0,28.33299909800677,120000.0,28,/scale/user/mtannaou/alternance/donnees_sar_aeqd_09_janvier/sh152024/rcm1-sclnc-owi-cm-20240217t153241-20240217t153356-00003_aeqd.nc,/scale/project/ifremer-isi-jumeaunumerique/SARGEO/prototype/v00r00/cyclobs/sh152024/IRWIN/rcm1-sclnc-owi-cm-20240217t153241-20240217t153356-00003-______ll_gd_GEO-IRWIN.nc,0.3807520713830465,val
999,sh152024,sh152024,2024-02-17 04:50:25,rcm1-sclnb-owi-cm-20240217t045025-20240217t045142-00003-______ll_gd_GEO-IRWIN.nc,exact_contains,1.2,31.40136084550112,114000.0,27,/scale/user/mtannaou/alternance/donnees_sar_aeqd_09_janvier/sh152024/rcm1-sclnb-owi-cm-20240217t045025-20240217t045142-00003_aeqd.nc,/scale/project/ifremer-isi-jumeaunumerique/SARGEO/prototype/v00r00/cyclobs/sh152024/IRWIN/rcm1-sclnb-owi-cm-20240217t045025-20240217t045142-00003-______ll_gd_GEO-IRWIN.nc,0.0826003824091778,val
1000,VAYU,io022019,2019-06-12 01:17:25,s1b-ew-owi-cm-20190612t011725-20190612t011929-000003-01F595_ll_gd_GEO-IRWIN.nc,exact_contains,0.0,50.147751851851865,11000.0,46,/scale/user/mtannaou/alternance/donnees_sar_aeqd_09_janvier/io022019/s1b-ew-owi-cm-20190612t011725-20190612t011929-000003-_aeqd.nc,/scale/project/ifremer-isi-jumeaunumerique/SARGEO/prototype/v00r00/cyclobs/io022019/IRWIN/s1b-ew-owi-cm-20190612t011725-20190612t011929-000003-01F595_ll_gd_GEO-IRWIN.nc,0.2228170809432759,test
1001,VAYU,io022019,2019-06-14 13:32:47,s1b-ew-owi-cm-20190614t133247-20190614t133442-000003-01F6A9_ll_gd_GEO-IRWIN.nc,exact_contains,0.0,38.2205074074074,41000.0,39,/scale/user/mtannaou/alternance/donnees_sar_aeqd_09_janvier/io022019/s1b-ew-owi-cm-20190614t133247-20190614t133442-000003-_aeqd.nc,/scale/project/ifremer-isi-jumeaunumerique/SARGEO/prototype/v00r00/cyclobs/io022019/IRWIN/s1b-ew-owi-cm-20190614t133247-20190614t133442-000003-01F6A9_ll_gd_GEO-IRWIN.nc,0.0,train
1002,VAYU,io022019,2019-06-13 01:10:23,s1a-iw-owi-cm-20190613t011023-20190613t011209-000003-031F10_ll_gd_GEO-IRWIN.nc,exact_contains,0.5,50.49306666666666,18000.0,44,/scale/user/mtannaou/alternance/donnees_sar_aeqd_09_janvier/io022019/s1a-iw-owi-cm-20190613t011023-20190613t011209-000003-_aeqd.nc,/scale/project/ifremer-isi-jumeaunumerique/SARGEO/prototype/v00r00/cyclobs/io022019/IRWIN/s1a-iw-owi-cm-20190613t011023-20190613t011209-000003-031F10_ll_gd_GEO-IRWIN.nc,0.4568514977692798,val
1003,DOUGLAS,ep082020,2020-07-25 03:47:55,s1a-ew-owi-cm-20200725t034755-20200725t035002-000003-03E50E_ll_gd_GEO-IRWIN.nc,exact_contains,0.0,47.392662962962966,18000.0,50,/scale/user/mtannaou/alternance/donnees_sar_aeqd_09_janvier/ep082020/s1a-ew-owi-cm-20200725t034755-20200725t035002-000003-_aeqd.nc,/scale/project/ifremer-isi-jumeaunumerique/SARGEO/prototype/v00r00/cyclobs/ep082020/IRWIN/s1a-ew-owi-cm-20200725t034755-20200725t035002-000003-03E50E_ll_gd_GEO-IRWIN.nc,0.0,train
1004,DOUGLAS,ep082020,2020-07-26 16:10:50,rs2-scwa-owi-cm-20200726t161342-20200726t161458-00003-______ll_gd_GEO-IRWIN.nc,fuzzy_sat_time,0.0,41.51532592592592,33000.0,39,/scale/user/mtannaou/alternance/donnees_sar_aeqd_09_janvier/ep082020/rs2-scwa-owi-cm-20200726t161050-20200726t161314-00003_aeqd.nc,/scale/project/ifremer-isi-jumeaunumerique/SARGEO/prototype/v00r00/cyclobs/ep082020/IRWIN/rs2-scwa-owi-cm-20200726t161342-20200726t161458-00003-______ll_gd_GEO-IRWIN.nc,0.3431485022307202,val
1005,DOUGLAS,ep082020,2020-07-26 16:10:50,rs2-scwa-owi-cm-20200726t161050-20200726t161314-00003-______ll_gd_GEO-IRWIN.nc,exact_contains,0.0,41.51532592592592,33000.0,39,/scale/user/mtannaou/alternance/donnees_sar_aeqd_09_janvier/ep082020/rs2-scwa-owi-cm-20200726t161050-20200726t161314-00003_aeqd.nc,/scale/project/ifremer-isi-jumeaunumerique/SARGEO/prototype/v00r00/cyclobs/ep082020/IRWIN/rs2-scwa-owi-cm-20200726t161050-20200726t161314-00003-______ll_gd_GEO-IRWIN.nc,0.3431485022307202,train
1006,DOUGLAS,ep082020,2020-07-28 17:12:08,s1b-ew-owi-cm-20200728t171208-20200728t171335-000003-02B09D_ll_gd_GEO-IRWIN.nc,exact_contains,0.75,13.509092266704222,31000.0,21,/scale/user/mtannaou/alternance/donnees_sar_aeqd_09_janvier/ep082020/s1b-ew-owi-cm-20200728t171208-20200728t171335-000003-_aeqd.nc,/scale/project/ifremer-isi-jumeaunumerique/SARGEO/prototype/v00r00/cyclobs/ep082020/IRWIN/s1b-ew-owi-cm-20200728t171208-20200728t171335-000003-02B09D_ll_gd_GEO-IRWIN.nc,0.4927979604843849,test
1007,DOUGLAS,ep082020,2020-07-28 05:02:49,s1b-ew-owi-cm-20200728t050249-20200728t050456-000003-02B05B_ll_gd_GEO-IRWIN.nc,exact_contains,0.0,24.59005416195721,39000.0,27,/scale/user/mtannaou/alternance/donnees_sar_aeqd_09_janvier/ep082020/s1b-ew-owi-cm-20200728t050249-20200728t050456-000003-_aeqd.nc,/scale/project/ifremer-isi-jumeaunumerique/SARGEO/prototype/v00r00/cyclobs/ep082020/IRWIN/s1b-ew-owi-cm-20200728t050249-20200728t050456-000003-02B05B_ll_gd_GEO-IRWIN.nc,0.070108349267049,test
1008,PULASAN,wp152024,2024-09-17 08:56:29,rcm2-sclna-owi-cm-20240917t085629-20240917t085744-00003-______ll_gd_GEO-IRWIN.nc,exact_contains,3.0,29.39099961981043,350000.0,27,/scale/user/mtannaou/alternance/donnees_sar_aeqd_09_janvier/wp152024/rcm2-sclna-owi-cm-20240917t085629-20240917t085744-00003_aeqd.nc,/scale/project/ifremer-isi-jumeaunumerique/SARGEO/prototype/v00r00/cyclobs/wp152024/IRWIN/rcm2-sclna-owi-cm-20240917t085629-20240917t085744-00003-______ll_gd_GEO-IRWIN.nc,0.1812619502868069,nan
1009,PULASAN,wp152024,2024-09-19 09:46:52,rcm1-sc50ma-owi-cm-20240919t094649-20240919t094730-00003-______ll_gd_GEO-IRWIN.nc,fuzzy_sat_time,4.75,26.27241861420705,308000.0,18,/scale/user/mtannaou/alternance/donnees_sar_aeqd_09_janvier/wp152024/rcm1-sc50ma-owi-cm-20240919t094652-20240919t094754-00003_aeqd.nc,/scale/project/ifremer-isi-jumeaunumerique/SARGEO/prototype/v00r00/cyclobs/wp152024/IRWIN/rcm1-sc50ma-owi-cm-20240919t094649-20240919t094730-00003-______ll_gd_GEO-IRWIN.nc,0.5029955385595921,nan
1010,PULASAN,wp152024,2024-09-21 09:32:22,rcm2-sc50ma-owi-cm-20240921t093222-20240921t093241-00003-______ll_gd_GEO-IRWIN.nc,exact_contains,7.6,,,17,/scale/user/mtannaou/alternance/donnees_sar_aeqd_09_janvier/wp152024/rcm2-sc50ma-owi-cm-20240921t093222-20240921t093241-00003_aeqd.nc,/scale/project/ifremer-isi-jumeaunumerique/SARGEO/prototype/v00r00/cyclobs/wp152024/IRWIN/rcm2-sc50ma-owi-cm-20240921t093222-20240921t093241-00003-______ll_gd_GEO-IRWIN.nc,1.0,nan
1011,PULASAN,wp152024,2024-09-18 09:38:37,rcm1-sc50mc-owi-cm-20240918t093837-20240918t093906-00003-______ll_gd_GEO-IRWIN.nc,exact_contains,5.2,22.004405171056167,250000.0,25,/scale/user/mtannaou/alternance/donnees_sar_aeqd_09_janvier/wp152024/rcm1-sc50mc-owi-cm-20240918t093837-20240918t093906-00003_aeqd.nc,/scale/project/ifremer-isi-jumeaunumerique/SARGEO/prototype/v00r00/cyclobs/wp152024/IRWIN/rcm1-sc50mc-owi-cm-20240918t093837-20240918t093906-00003-______ll_gd_GEO-IRWIN.nc,1.0,nan
1012,CHIDO,sh042025,2024-12-15 02:52:35,rcm1-sclna-owi-cm-20241215t025235-20241215t025351-00003-xxxxx_ll_gd_GEO-IRWIN.nc,exact_contains,1.8,59.46334814814814,12000.0,55,/scale/user/mtannaou/alternance/donnees_sar_aeqd_09_janvier/sh042025/rcm1-sclna-owi-cm-20241215t025235-20241215t025351-00003_aeqd.nc,/scale/project/ifremer-isi-jumeaunumerique/SARGEO/prototype/v00r00/cyclobs/sh042025/IRWIN/rcm1-sclna-owi-cm-20241215t025235-20241215t025351-00003-xxxxx_ll_gd_GEO-IRWIN.nc,0.3867431485022307,train
1013,CHIDO,sh042025,2024-12-11 01:47:47,rcm2-sc50ma-owi-cm-20241211t014747-20241211t014903-00003-xxxxx_ll_gd_GEO-IRWIN.nc,exact_contains,0.0,46.77256666666667,13000.0,38,/scale/user/mtannaou/alternance/donnees_sar_aeqd_09_janvier/sh042025/rcm2-sc50ma-owi-cm-20241211t014747-20241211t014903-00003_aeqd.nc,/scale/project/ifremer-isi-jumeaunumerique/SARGEO/prototype/v00r00/cyclobs/sh042025/IRWIN/rcm2-sc50ma-owi-cm-20241211t014747-20241211t014903-00003-xxxxx_ll_gd_GEO-IRWIN.nc,0.0,train
1014,CHIDO,sh042025,2024-12-13 02:04:11,rcm2-sclnd-owi-cm-20241213t020411-20241213t020527-00003-xxxxx_ll_gd_GEO-IRWIN.nc,exact_contains,0.7,54.52671481481482,18000.0,57,/scale/user/mtannaou/alternance/donnees_sar_aeqd_09_janvier/sh042025/rcm2-sclnd-owi-cm-20241213t020411-20241213t020527-00003_aeqd.nc,/scale/project/ifremer-isi-jumeaunumerique/SARGEO/prototype/v00r00/cyclobs/sh042025/IRWIN/rcm2-sclnd-owi-cm-20241213t020411-20241213t020527-00003-xxxxx_ll_gd_GEO-IRWIN.nc,0.1734862970044614,train
1015,CHIDO,sh042025,2024-12-10 01:39:42,rcm2-sc50ma-owi-cm-20241210t013942-20241210t014057-00003-xxxxx_ll_gd_GEO-IRWIN.nc,exact_contains,0.0,31.751074008083,33000.0,26,/scale/user/mtannaou/alternance/donnees_sar_aeqd_09_janvier/sh042025/rcm2-sc50ma-owi-cm-20241210t013942-20241210t014057-00003_aeqd.nc,/scale/project/ifremer-isi-jumeaunumerique/SARGEO/prototype/v00r00/cyclobs/sh042025/IRWIN/rcm2-sc50ma-owi-cm-20241210t013942-20241210t014057-00003-xxxxx_ll_gd_GEO-IRWIN.nc,0.1978330146590184,train
1016,CHIDO,sh042025,2024-12-12 01:55:49,rcm2-sc50mb-owi-cm-20241212t015549-20241212t015703-00003-xxxxx_ll_gd_GEO-IRWIN.nc,exact_contains,0.6,66.06388888888888,17000.0,66,/scale/user/mtannaou/alternance/donnees_sar_aeqd_09_janvier/sh042025/rcm2-sc50mb-owi-cm-20241212t015549-20241212t015703-00003_aeqd.nc,/scale/project/ifremer-isi-jumeaunumerique/SARGEO/prototype/v00r00/cyclobs/sh042025/IRWIN/rcm2-sc50mb-owi-cm-20241212t015549-20241212t015703-00003-xxxxx_ll_gd_GEO-IRWIN.nc,0.0,train
1017,CHIDO,sh042025,2024-12-13 15:05:58,rcm3-sclna-owi-cm-20241213t150558-20241213t150715-00003-xxxxx_ll_gd_GEO-IRWIN.nc,exact_contains,0.0,63.70634814814815,18000.0,60,/scale/user/mtannaou/alternance/donnees_sar_aeqd_09_janvier/sh042025/rcm3-sclna-owi-cm-20241213t150558-20241213t150715-00003_aeqd.nc,/scale/project/ifremer-isi-jumeaunumerique/SARGEO/prototype/v00r00/cyclobs/sh042025/IRWIN/rcm3-sclna-owi-cm-20241213t150558-20241213t150715-00003-xxxxx_ll_gd_GEO-IRWIN.nc,0.0044614404079031,test
1018,CHIDO,sh042025,2024-12-09 14:02:06,rcm1-sc50ma-owi-cm-20241209t140206-20241209t140250-00003-xxxxx_ll_gd_GEO-IRWIN.nc,exact_contains,4.3,25.72188017853677,86000.0,19,/scale/user/mtannaou/alternance/donnees_sar_aeqd_09_janvier/sh042025/rcm1-sc50ma-owi-cm-20241209t140206-20241209t140250-00003_aeqd.nc,/scale/project/ifremer-isi-jumeaunumerique/SARGEO/prototype/v00r00/cyclobs/sh042025/IRWIN/rcm1-sc50ma-owi-cm-20241209t140206-20241209t140250-00003-xxxxx_ll_gd_GEO-IRWIN.nc,0.7312938177182919,nan
1019,CHIDO,sh042025,2024-12-12 14:58:04,rcm3-sclnd-owi-cm-20241212t145804-20241212t145921-00003-xxxxx_ll_gd_GEO-IRWIN.nc,exact_contains,0.6,66.17741851851852,13000.0,67,/scale/user/mtannaou/alternance/donnees_sar_aeqd_09_janvier/sh042025/rcm3-sclnd-owi-cm-20241212t145804-20241212t145921-00003_aeqd.nc,/scale/project/ifremer-isi-jumeaunumerique/SARGEO/prototype/v00r00/cyclobs/sh042025/IRWIN/rcm3-sclnd-owi-cm-20241212t145804-20241212t145921-00003-xxxxx_ll_gd_GEO-IRWIN.nc,0.0,train
1020,CHIDO,sh042025,2024-12-13 02:08:40,s1a-ew-owi-cm-20241213t020840-20241213t020943-000003-06FF9D_ll_gd_GEO-IRWIN.nc,exact_contains,1.2,57.86334444444444,24000.0,57,/scale/user/mtannaou/alternance/donnees_sar_aeqd_09_janvier/sh042025/s1a-ew-owi-cm-20241213t020840-20241213t020943-000003-_aeqd.nc,/scale/project/ifremer-isi-jumeaunumerique/SARGEO/prototype/v00r00/cyclobs/sh042025/IRWIN/s1a-ew-owi-cm-20241213t020840-20241213t020943-000003-06FF9D_ll_gd_GEO-IRWIN.nc,0.584193753983429,nan
1021,TRAMI,wp222024,2024-10-24 22:03:18,rcm3-sc50ma-owi-cm-20241024t220318-20241024t220417-00003-______ll_gd_GEO-IRWIN.nc,exact_contains,1.8,30.616743063275287,141000.0,27,/scale/user/mtannaou/alternance/donnees_sar_aeqd_09_janvier/wp222024/rcm3-sc50ma-owi-cm-20241024t220318-20241024t220417-00003_aeqd.nc,/scale/project/ifremer-isi-jumeaunumerique/SARGEO/prototype/v00r00/cyclobs/wp222024/IRWIN/rcm3-sc50ma-owi-cm-20241024t220318-20241024t220417-00003-______ll_gd_GEO-IRWIN.nc,0.0080305927342256,train
1022,TRAMI,wp222024,2024-10-22 09:51:12,rcm3-sc50mc-owi-cm-20241022t095112-20241022t095229-00003-______ll_gd_GEO-IRWIN.nc,exact_contains,0.9,25.403049793750345,168000.0,21,/scale/user/mtannaou/alternance/donnees_sar_aeqd_09_janvier/wp222024/rcm3-sc50mc-owi-cm-20241022t095112-20241022t095229-00003_aeqd.nc,/scale/project/ifremer-isi-jumeaunumerique/SARGEO/prototype/v00r00/cyclobs/wp222024/IRWIN/rcm3-sc50mc-owi-cm-20241022t095112-20241022t095229-00003-______ll_gd_GEO-IRWIN.nc,0.0590184831102613,train
1023,TRAMI,wp222024,2024-10-25 22:11:07,rcm3-sc50mc-owi-cm-20241025t221107-20241025t221159-00003-______ll_gd_GEO-IRWIN.nc,exact_contains,2.1500000000000004,29.674946792060386,25000.0,31,/scale/user/mtannaou/alternance/donnees_sar_aeqd_09_janvier/wp222024/rcm3-sc50mc-owi-cm-20241025t221107-20241025t221159-00003_aeqd.nc,/scale/project/ifremer-isi-jumeaunumerique/SARGEO/prototype/v00r00/cyclobs/wp222024/IRWIN/rcm3-sc50mc-owi-cm-20241025t221107-20241025t221159-00003-______ll_gd_GEO-IRWIN.nc,0.8435946462715105,nan
1024,TRAMI,wp222024,2024-10-21 21:07:33,rcm1-sc50mc-owi-cm-20241021t210733-20241021t210848-00003-______ll_gd_GEO-IRWIN.nc,exact_contains,3.2,22.411961324393133,92000.0,18,/scale/user/mtannaou/alternance/donnees_sar_aeqd_09_janvier/wp222024/rcm1-sc50mc-owi-cm-20241021t210733-20241021t210848-00003_aeqd.nc,/scale/project/ifremer-isi-jumeaunumerique/SARGEO/prototype/v00r00/cyclobs/wp222024/IRWIN/rcm1-sc50mc-owi-cm-20241021t210733-20241021t210848-00003-______ll_gd_GEO-IRWIN.nc,0.8560866794136393,nan
1025,TRAMI,wp222024,2024-10-27 11:03:58,rcm2-sclnd-owi-cm-20241027t110358-20241027t110514-00003-______ll_gd_GEO-IRWIN.nc,exact_contains,3.8,17.855560356647004,252000.0,18,/scale/user/mtannaou/alternance/donnees_sar_aeqd_09_janvier/wp222024/rcm2-sclnd-owi-cm-20241027t110358-20241027t110514-00003_aeqd.nc,/scale/project/ifremer-isi-jumeaunumerique/SARGEO/prototype/v00r00/cyclobs/wp222024/IRWIN/rcm2-sclnd-owi-cm-20241027t110358-20241027t110514-00003-______ll_gd_GEO-IRWIN.nc,1.0,nan
1026,TRAMI,wp222024,2024-10-23 09:59:51,rcm3-sc50mc-owi-cm-20241023t095951-20241023t100109-00003-______ll_gd_GEO-IRWIN.nc,exact_contains,1.8,31.37032317735076,101000.0,23,/scale/user/mtannaou/alternance/donnees_sar_aeqd_09_janvier/wp222024/rcm3-sc50mc-owi-cm-20241023t095951-20241023t100109-00003_aeqd.nc,/scale/project/ifremer-isi-jumeaunumerique/SARGEO/prototype/v00r00/cyclobs/wp222024/IRWIN/rcm3-sc50mc-owi-cm-20241023t095951-20241023t100109-00003-______ll_gd_GEO-IRWIN.nc,0.0766093052899936,train
1027,TRAMI,wp222024,2024-10-24 22:02:02,s1a-ew-owi-cm-20241024t220202-20241024t220306-000003-06E330_ll_gd_GEO-IRWIN.nc,exact_contains,2.55,,,27,/scale/user/mtannaou/alternance/donnees_sar_aeqd_09_janvier/wp222024/s1a-ew-owi-cm-20241024t220202-20241024t220306-000003-_aeqd.nc,/scale/project/ifremer-isi-jumeaunumerique/SARGEO/prototype/v00r00/cyclobs/wp222024/IRWIN/s1a-ew-owi-cm-20241024t220202-20241024t220306-000003-06E330_ll_gd_GEO-IRWIN.nc,0.5863607393244105,nan
1028,ETA,al292020,2020-11-03 23:39:31,s1a-iw-owi-cm-20201103t234046-20201103t234226-000003-04184A_ll_gd_GEO-IRWIN.nc,fuzzy_sat_time,5.1,28.044444444444448,12000.0,49,/scale/user/mtannaou/alternance/donnees_sar_aeqd_09_janvier/al292020/s1a-iw-owi-cm-20201103t233931-20201103t234226-000003-_aeqd.nc,/scale/project/ifremer-isi-jumeaunumerique/SARGEO/prototype/v00r00/cyclobs/al292020/IRWIN/s1a-iw-owi-cm-20201103t234046-20201103t234226-000003-04184A_ll_gd_GEO-IRWIN.nc,0.7172721478648821,nan
1029,ETA,al292020,2020-11-12 23:21:03,s1a-iw-owi-cm-20201112t232103-20201112t232243-000003-041CD6_ll_gd_GEO-IRWIN.nc,exact_contains,4.2,17.262044444444445,132000.0,20,/scale/user/mtannaou/alternance/donnees_sar_aeqd_09_janvier/al292020/s1a-iw-owi-cm-20201112t232103-20201112t232243-000003-_aeqd.nc,/scale/project/ifremer-isi-jumeaunumerique/SARGEO/prototype/v00r00/cyclobs/al292020/IRWIN/s1a-iw-owi-cm-20201112t232103-20201112t232243-000003-041CD6_ll_gd_GEO-IRWIN.nc,0.1205863607393244,train
1030,ETA,al292020,2020-11-10 23:37:27,rs2-scwa-owi-cm-20201110t233727-20201110t233842-00003-______ll_gd_GEO-IRWIN.nc,exact_contains,0.0,27.40861912791441,106000.0,28,/scale/user/mtannaou/alternance/donnees_sar_aeqd_09_janvier/al292020/rs2-scwa-owi-cm-20201110t233727-20201110t233842-00003_aeqd.nc,/scale/project/ifremer-isi-jumeaunumerique/SARGEO/prototype/v00r00/cyclobs/al292020/IRWIN/rs2-scwa-owi-cm-20201110t233727-20201110t233842-00003-______ll_gd_GEO-IRWIN.nc,0.2235818992989165,test
1031,ETA,al292020,2020-11-03 11:27:51,rcm2-sc50ma-owi-cm-20201103t112751-20201103t112855-00003-______ll_gd_GEO-IRWIN.nc,exact_contains,2.3,56.77539259259259,16000.0,65,/scale/user/mtannaou/alternance/donnees_sar_aeqd_09_janvier/al292020/rcm2-sc50ma-owi-cm-20201103t112751-20201103t112855-00003_aeqd.nc,/scale/project/ifremer-isi-jumeaunumerique/SARGEO/prototype/v00r00/cyclobs/al292020/IRWIN/rcm2-sc50ma-owi-cm-20201103t112751-20201103t112855-00003-______ll_gd_GEO-IRWIN.nc,0.669980879541109,nan
1032,ETA,al292020,2020-11-09 11:17:23,rs2-scwa-owi-cm-20201109t111723-20201109t111839-00003-______ll_gd_GEO-IRWIN.nc,exact_contains,1.15,21.85676780459053,47000.0,26,/scale/user/mtannaou/alternance/donnees_sar_aeqd_09_janvier/al292020/rs2-scwa-owi-cm-20201109t111723-20201109t111839-00003_aeqd.nc,/scale/project/ifremer-isi-jumeaunumerique/SARGEO/prototype/v00r00/cyclobs/al292020/IRWIN/rs2-scwa-owi-cm-20201109t111723-20201109t111839-00003-______ll_gd_GEO-IRWIN.nc,0.1936265137029955,train
1033,HALEH,sh172019,2019-03-07 00:47:54,s1b-ew-owi-cm-20190307t004754-20190307t005102-000003-01C845_ll_gd_GEO-IRWIN.nc,exact_contains,0.0,42.83488148148148,35000.0,36,/scale/user/mtannaou/alternance/donnees_sar_aeqd_09_janvier/sh172019/s1b-ew-owi-cm-20190307t004754-20190307t005102-000003-_aeqd.nc,/scale/project/ifremer-isi-jumeaunumerique/SARGEO/prototype/v00r00/cyclobs/sh172019/IRWIN/s1b-ew-owi-cm-20190307t004754-20190307t005102-000003-01C845_ll_gd_GEO-IRWIN.nc,0.0978967495219885,train
1034,HALEH,sh172019,2019-03-06 13:53:26,s1b-ew-owi-cm-20190306t135326-20190306t135533-000003-01C808_ll_gd_GEO-IRWIN.nc,exact_contains,0.0,45.42940370370371,41000.0,39,/scale/user/mtannaou/alternance/donnees_sar_aeqd_09_janvier/sh172019/s1b-ew-owi-cm-20190306t135326-20190306t135533-000003-_aeqd.nc,/scale/project/ifremer-isi-jumeaunumerique/SARGEO/prototype/v00r00/cyclobs/sh172019/IRWIN/s1b-ew-owi-cm-20190306t135326-20190306t135533-000003-01C808_ll_gd_GEO-IRWIN.nc,0.0,train
1035,HALEH,sh172019,2019-03-09 14:13:17,s1b-ew-owi-cm-20190309t141317-20190309t141622-000003-01C976_ll_gd_GEO-IRWIN.nc,exact_contains,0.6,25.009696296296298,179000.0,19,/scale/user/mtannaou/alternance/donnees_sar_aeqd_09_janvier/sh172019/s1b-ew-owi-cm-20190309t141317-20190309t141622-000003-_aeqd.nc,/scale/project/ifremer-isi-jumeaunumerique/SARGEO/prototype/v00r00/cyclobs/sh172019/IRWIN/s1b-ew-owi-cm-20190309t141317-20190309t141622-000003-01C976_ll_gd_GEO-IRWIN.nc,0.0,train
1036,HALEH,sh172019,2019-03-03 13:31:23,s1b-ew-owi-cm-20190303t133123-20190303t133257-000003-01C6A0_ll_gd_GEO-IRWIN.nc,exact_contains,0.0,41.42803703703704,47000.0,37,/scale/user/mtannaou/alternance/donnees_sar_aeqd_09_janvier/sh172019/s1b-ew-owi-cm-20190303t133123-20190303t133257-000003-_aeqd.nc,/scale/project/ifremer-isi-jumeaunumerique/SARGEO/prototype/v00r00/cyclobs/sh172019/IRWIN/s1b-ew-owi-cm-20190303t133123-20190303t133257-000003-01C6A0_ll_gd_GEO-IRWIN.nc,0.0,train
1037,HALEH,sh172019,2019-03-08 14:24:34,s1a-ew-owi-cm-20190308t142434-20190308t142620-000003-02EEA4_ll_gd_GEO-IRWIN.nc,exact_contains,0.0,28.209125925925925,168000.0,21,/scale/user/mtannaou/alternance/donnees_sar_aeqd_09_janvier/sh172019/s1a-ew-owi-cm-20190308t142434-20190308t142620-000003-_aeqd.nc,/scale/project/ifremer-isi-jumeaunumerique/SARGEO/prototype/v00r00/cyclobs/sh172019/IRWIN/s1a-ew-owi-cm-20190308t142434-20190308t142620-000003-02EEA4_ll_gd_GEO-IRWIN.nc,0.1537284894837476,val
1038,NANMADOL,wp162022,2022-09-18 09:26:30,rs2-scwa-owi-cm-20220918t092630-20220918t092747-00003-______ll_gd_GEO-IRWIN.nc,exact_contains,3.5,36.169585185185184,26000.0,44,/scale/user/mtannaou/alternance/donnees_sar_aeqd_09_janvier/wp162022/rs2-scwa-owi-cm-20220918t092630-20220918t092747-00003_aeqd.nc,/scale/project/ifremer-isi-jumeaunumerique/SARGEO/prototype/v00r00/cyclobs/wp162022/IRWIN/rs2-scwa-owi-cm-20220918t092630-20220918t092747-00003-______ll_gd_GEO-IRWIN.nc,0.6387507966857872,nan
1039,NANMADOL,wp162022,2022-09-16 21:03:35,rs2-scwa-owi-cm-20220916t210335-20220916t210558-00003-______ll_gd_GEO-IRWIN.nc,exact_contains,1.0,62.42532962962963,15000.0,68,/scale/user/mtannaou/alternance/donnees_sar_aeqd_09_janvier/wp162022/rs2-scwa-owi-cm-20220916t210335-20220916t210558-00003_aeqd.nc,/scale/project/ifremer-isi-jumeaunumerique/SARGEO/prototype/v00r00/cyclobs/wp162022/IRWIN/rs2-scwa-owi-cm-20220916t210335-20220916t210558-00003-______ll_gd_GEO-IRWIN.nc,0.0,train
1040,IVO,ep092025,2025-08-10 13:43:03,rcm1-sc50mb-owi-cm-20250810t134303-20250810t134419-00003-xxxxx_ll_gd_GEO-IRWIN.nc,exact_contains,0.3,20.135115706181605,42000.0,18,/scale/user/mtannaou/alternance/donnees_sar_aeqd_09_janvier/ep092025no_env/rcm1-sc50mb-owi-cm-20250810t134303-20250810t134419-00003_aeqd.nc,/scale/project/ifremer-isi-jumeaunumerique/SARGEO/prototype/v00r00/cyclobs/ep092025/IRWIN/rcm1-sc50mb-owi-cm-20250810t134303-20250810t134419-00003-xxxxx_ll_gd_GEO-IRWIN.nc,0.1465901848311026,test
1041,IVO,ep092025,2025-08-09 13:34:54,rcm1-sc50ma-owi-cm-20250809t133454-20250809t133607-00003-xxxxx_ll_gd_GEO-IRWIN.nc,exact_contains,1.3,19.122183148074804,18000.0,25,/scale/user/mtannaou/alternance/donnees_sar_aeqd_09_janvier/ep092025no_env/rcm1-sc50ma-owi-cm-20250809t133454-20250809t133607-00003_aeqd.nc,/scale/project/ifremer-isi-jumeaunumerique/SARGEO/prototype/v00r00/cyclobs/ep092025/IRWIN/rcm1-sc50ma-owi-cm-20250809t133454-20250809t133607-00003-xxxxx_ll_gd_GEO-IRWIN.nc,0.5064372211599745,nan
1042,IVO,ep092025,2025-08-07 00:55:39,s1a-iw-owi-cm-20250807t005539-20250807t005633-000003-0782C5_ll_gd_GEO-IRWIN.nc,exact_contains,3.55,7.174337037037038,48000.0,18,/scale/user/mtannaou/alternance/donnees_sar_aeqd_09_janvier/ep092025no_env/s1a-iw-owi-cm-20250807t005539-20250807t005633-000003-_aeqd.nc,/scale/project/ifremer-isi-jumeaunumerique/SARGEO/prototype/v00r00/cyclobs/ep092025/IRWIN/s1a-iw-owi-cm-20250807t005539-20250807t005633-000003-0782C5_ll_gd_GEO-IRWIN.nc,0.4367112810707457,train
1043,IVO,ep092025,2025-08-10 01:50:17,rcm1-sc50mc-owi-cm-20250810t015017-20250810t015131-00003-xxxxx_ll_gd_GEO-IRWIN.nc,exact_contains,0.8,24.596252521914,40000.0,22,/scale/user/mtannaou/alternance/donnees_sar_aeqd_09_janvier/ep092025no_env/rcm1-sc50mc-owi-cm-20250810t015017-20250810t015131-00003_aeqd.nc,/scale/project/ifremer-isi-jumeaunumerique/SARGEO/prototype/v00r00/cyclobs/ep092025/IRWIN/rcm1-sc50mc-owi-cm-20250810t015017-20250810t015131-00003-xxxxx_ll_gd_GEO-IRWIN.nc,0.3191841937539834,train
1044,DARIAN,sh052023,2022-12-29 00:40:58,s1a-ew-owi-cm-20221229t004058-20221229t004303-000003-0593A7_ll_gd_GEO-IRWIN.nc,exact_contains,0.0,26.72206326586307,101000.0,28,/scale/user/mtannaou/alternance/donnees_sar_aeqd_09_janvier/sh052023/s1a-ew-owi-cm-20221229t004058-20221229t004303-000003-_aeqd.nc,/scale/project/ifremer-isi-jumeaunumerique/SARGEO/prototype/v00r00/cyclobs/sh052023/IRWIN/s1a-ew-owi-cm-20221229t004058-20221229t004303-000003-0593A7_ll_gd_GEO-IRWIN.nc,0.1314212874442319,train
1045,DARIAN,sh052023,2022-12-26 12:39:31,rcm2-sclna-owi-cm-20221226t123931-20221226t124046-00003-______ll_gd_GEO-IRWIN.nc,exact_contains,0.0,47.763703703703705,23000.0,56,,/scale/project/ifremer-isi-jumeaunumerique/SARGEO/prototype/v00r00/cyclobs/sh052023/IRWIN/rcm2-sclna-owi-cm-20221226t123931-20221226t124046-00003-______ll_gd_GEO-IRWIN.nc,,nan
1046,DARIAN,sh052023,2022-12-30 00:47:42,rcm3-sclna-owi-cm-20221230t004731-20221230t004911-00003-______ll_gd_GEO-IRWIN.nc,fuzzy_sat_time,0.0,29.331021815130523,105000.0,23,/scale/user/mtannaou/alternance/donnees_sar_aeqd_09_janvier/sh052023/rcm3-sclna-owi-cm-20221230t004742-20221230t004857-00003_aeqd.nc,/scale/project/ifremer-isi-jumeaunumerique/SARGEO/prototype/v00r00/cyclobs/sh052023/IRWIN/rcm3-sclna-owi-cm-20221230t004731-20221230t004911-00003-______ll_gd_GEO-IRWIN.nc,0.0,train
1047,DARIAN,sh052023,2022-12-25 23:39:58,rcm1-sclnd-owi-cm-20221225t233958-20221225t234125-00003-______ll_gd_GEO-IRWIN.nc,exact_contains,0.95,43.84450370370068,30000.0,56,/scale/user/mtannaou/alternance/donnees_sar_aeqd_09_janvier/sh052023/rcm1-sclnd-owi-cm-20221225t233958-20221225t234125-00003_aeqd.nc,/scale/project/ifremer-isi-jumeaunumerique/SARGEO/prototype/v00r00/cyclobs/sh052023/IRWIN/rcm1-sclnd-owi-cm-20221225t233958-20221225t234125-00003-______ll_gd_GEO-IRWIN.nc,0.3205863607393244,train
1048,DARIAN,sh052023,2022-12-28 13:25:46,rcm1-sclnc-owi-cm-20221228t132546-20221228t132754-00003-______ll_gd_GEO-IRWIN.nc,exact_contains,0.0,30.191277481474128,103000.0,28,/scale/user/mtannaou/alternance/donnees_sar_aeqd_09_janvier/sh052023/rcm1-sclnc-owi-cm-20221228t132546-20221228t132754-00003_aeqd.nc,/scale/project/ifremer-isi-jumeaunumerique/SARGEO/prototype/v00r00/cyclobs/sh052023/IRWIN/rcm1-sclnc-owi-cm-20221228t132546-20221228t132754-00003-______ll_gd_GEO-IRWIN.nc,0.0,test
1049,DARIAN,sh052023,2022-12-24 12:56:17,rcm1-sclnc-owi-cm-20221224t125515-20221224t125759-00003-______ll_gd_GEO-IRWIN.nc,fuzzy_sat_time,0.0,53.90913333333333,24000.0,49,/scale/user/mtannaou/alternance/donnees_sar_aeqd_09_janvier/sh052023/rcm1-sclnc-owi-cm-20221224t125617-20221224t125744-00003_aeqd.nc,/scale/project/ifremer-isi-jumeaunumerique/SARGEO/prototype/v00r00/cyclobs/sh052023/IRWIN/rcm1-sclnc-owi-cm-20221224t125515-20221224t125759-00003-______ll_gd_GEO-IRWIN.nc,0.1639260675589547,val
1050,DARIAN,sh052023,2022-12-26 23:48:49,rcm1-sclnd-owi-cm-20221226t234849-20221226t235004-00003-______ll_gd_GEO-IRWIN.nc,exact_contains,0.0,40.73871111107559,25000.0,47,/scale/user/mtannaou/alternance/donnees_sar_aeqd_09_janvier/sh052023/rcm1-sclnd-owi-cm-20221226t234849-20221226t235004-00003_aeqd.nc,/scale/project/ifremer-isi-jumeaunumerique/SARGEO/prototype/v00r00/cyclobs/sh052023/IRWIN/rcm1-sclnd-owi-cm-20221226t234849-20221226t235004-00003-______ll_gd_GEO-IRWIN.nc,0.0,train
1051,DARIAN,sh052023,2022-12-23 12:48:04,rcm1-sclnb-owi-cm-20221223t124804-20221223t124948-00003-______ll_gd_GEO-IRWIN.nc,exact_contains,0.0,58.23250740740741,19000.0,66,/scale/user/mtannaou/alternance/donnees_sar_aeqd_09_janvier/sh052023/rcm1-sclnb-owi-cm-20221223t124804-20221223t124948-00003_aeqd.nc,/scale/project/ifremer-isi-jumeaunumerique/SARGEO/prototype/v00r00/cyclobs/sh052023/IRWIN/rcm1-sclnb-owi-cm-20221223t124804-20221223t124948-00003-______ll_gd_GEO-IRWIN.nc,0.0,train
1052,DARIAN,sh052023,2022-12-31 00:56:30,rcm3-sclna-owi-cm-20221231t005642-20221231t005757-00003-______ll_gd_GEO-IRWIN.nc,fuzzy_sat_time,0.0,22.932978701778243,90000.0,20,/scale/user/mtannaou/alternance/donnees_sar_aeqd_09_janvier/sh052023/rcm3-sclna-owi-cm-20221231t005630-20221231t005810-00003_aeqd.nc,/scale/project/ifremer-isi-jumeaunumerique/SARGEO/prototype/v00r00/cyclobs/sh052023/IRWIN/rcm3-sclna-owi-cm-20221231t005642-20221231t005757-00003-______ll_gd_GEO-IRWIN.nc,0.0339069471000637,test
1053,DARIAN,sh052023,2022-12-22 23:49:15,s1a-ew-owi-cm-20221222t234915-20221222t235128-000003-0590A7_ll_gd_GEO-IRWIN.nc,exact_contains,0.5,53.15940740740741,19000.0,49,/scale/user/mtannaou/alternance/donnees_sar_aeqd_09_janvier/sh052023/s1a-ew-owi-cm-20221222t234915-20221222t235128-000003-_aeqd.nc,/scale/project/ifremer-isi-jumeaunumerique/SARGEO/prototype/v00r00/cyclobs/sh052023/IRWIN/s1a-ew-owi-cm-20221222t234915-20221222t235128-000003-0590A7_ll_gd_GEO-IRWIN.nc,0.4294455066921606,train
1054,DARIAN,sh052023,2022-12-31 14:19:31,rcm3-sclnd-owi-cm-20221231t141931-20221231t142049-00003-______ll_gd_GEO-IRWIN.nc,exact_contains,1.85,18.06725670790534,219000.0,15,/scale/user/mtannaou/alternance/donnees_sar_aeqd_09_janvier/sh052023/rcm3-sclnd-owi-cm-20221231t141931-20221231t142049-00003_aeqd.nc,/scale/project/ifremer-isi-jumeaunumerique/SARGEO/prototype/v00r00/cyclobs/sh052023/IRWIN/rcm3-sclnd-owi-cm-20221231t141931-20221231t142049-00003-______ll_gd_GEO-IRWIN.nc,0.4290630975143403,nan
1055,DARIAN,sh052023,2022-12-29 00:38:36,rcm3-sclna-owi-cm-20221229t003836-20221229t003951-00003-______ll_gd_GEO-IRWIN.nc,exact_contains,0.0,24.911031574545905,233000.0,28,/scale/user/mtannaou/alternance/donnees_sar_aeqd_09_janvier/sh052023/rcm3-sclna-owi-cm-20221229t003836-20221229t003951-00003_aeqd.nc,/scale/project/ifremer-isi-jumeaunumerique/SARGEO/prototype/v00r00/cyclobs/sh052023/IRWIN/rcm3-sclna-owi-cm-20221229t003836-20221229t003951-00003-______ll_gd_GEO-IRWIN.nc,0.0,nan
1056,DARIAN,sh052023,2022-12-23 23:55:48,rcm3-sclnd-owi-cm-20221223t235601-20221223t235719-00003-______ll_gd_GEO-IRWIN.nc,fuzzy_sat_time,0.0,58.77605925925926,27000.0,54,/scale/user/mtannaou/alternance/donnees_sar_aeqd_09_janvier/sh052023/rcm3-sclnd-owi-cm-20221223t235548-20221223t235732-00003_aeqd.nc,/scale/project/ifremer-isi-jumeaunumerique/SARGEO/prototype/v00r00/cyclobs/sh052023/IRWIN/rcm3-sclnd-owi-cm-20221223t235601-20221223t235719-00003-______ll_gd_GEO-IRWIN.nc,0.0,test
1057,FLOSSIE,ep062025,2025-07-03 13:27:00,rcm1-sc50ma-owi-cm-20250703t132700-20250703t132813-00003-xxxxx_ll_gd_GEO-IRWIN.nc,exact_contains,0.0,20.463509451196053,43000.0,22,/scale/user/mtannaou/alternance/donnees_sar_aeqd_09_janvier/ep062025no_env/rcm1-sc50ma-owi-cm-20250703t132700-20250703t132813-00003_aeqd.nc,/scale/project/ifremer-isi-jumeaunumerique/SARGEO/prototype/v00r00/cyclobs/ep062025/IRWIN/rcm1-sc50ma-owi-cm-20250703t132700-20250703t132813-00003-xxxxx_ll_gd_GEO-IRWIN.nc,0.0545570427023581,val
1058,FLOSSIE,ep062025,2025-06-30 12:32:33,rcm2-sc50mc-owi-cm-20250630t123233-20250630t123345-00003-xxxxx_ll_gd_GEO-IRWIN.nc,exact_contains,2.2,29.929177641151124,95000.0,24,/scale/user/mtannaou/alternance/donnees_sar_aeqd_09_janvier/ep062025no_env/rcm2-sc50mc-owi-cm-20250630t123233-20250630t123345-00003_aeqd.nc,/scale/project/ifremer-isi-jumeaunumerique/SARGEO/prototype/v00r00/cyclobs/ep062025/IRWIN/rcm2-sc50mc-owi-cm-20250630t123233-20250630t123345-00003-xxxxx_ll_gd_GEO-IRWIN.nc,0.2478011472275334,train
1059,FLOSSIE,ep062025,2025-06-30 01:07:48,rcm1-sc50mc-owi-cm-20250630t010748-20250630t010901-00003-xxxxx_ll_gd_GEO-IRWIN.nc,exact_contains,4.6,23.57062665110173,39000.0,19,/scale/user/mtannaou/alternance/donnees_sar_aeqd_09_janvier/ep062025no_env/rcm1-sc50mc-owi-cm-20250630t010748-20250630t010901-00003_aeqd.nc,/scale/project/ifremer-isi-jumeaunumerique/SARGEO/prototype/v00r00/cyclobs/ep062025/IRWIN/rcm1-sc50mc-owi-cm-20250630t010748-20250630t010901-00003-xxxxx_ll_gd_GEO-IRWIN.nc,1.0,nan
1060,FLOSSIE,ep062025,2025-07-02 13:07:10,s1a-ew-owi-cm-20250702t130710-20250702t130813-000003-0770F2_ll_gd_GEO-IRWIN.nc,exact_contains,0.7,52.27457037037036,26000.0,48,/scale/user/mtannaou/alternance/donnees_sar_aeqd_09_janvier/ep062025no_env/s1a-ew-owi-cm-20250702t130710-20250702t130813-000003-_aeqd.nc,/scale/project/ifremer-isi-jumeaunumerique/SARGEO/prototype/v00r00/cyclobs/ep062025/IRWIN/s1a-ew-owi-cm-20250702t130710-20250702t130813-000003-0770F2_ll_gd_GEO-IRWIN.nc,0.0,train
1061,FLOSSIE,ep062025,2025-07-02 01:25:03,rcm1-sc50mc-owi-cm-20250702t012503-20250702t012613-00003-xxxxx_ll_gd_GEO-IRWIN.nc,exact_contains,0.0,39.08042375816463,26000.0,51,/scale/user/mtannaou/alternance/donnees_sar_aeqd_09_janvier/ep062025no_env/rcm1-sc50mc-owi-cm-20250702t012503-20250702t012613-00003_aeqd.nc,/scale/project/ifremer-isi-jumeaunumerique/SARGEO/prototype/v00r00/cyclobs/ep062025/IRWIN/rcm1-sc50mc-owi-cm-20250702t012503-20250702t012613-00003-xxxxx_ll_gd_GEO-IRWIN.nc,0.3579349904397705,train
1062,ELEANOR,sh162024,2024-02-21 01:37:06,s1a-ew-owi-cm-20240221t013706-20240221t013809-000003-065EA4_ll_gd_GEO-IRWIN.nc,exact_contains,0.0,33.87992592538092,62000.0,26,/scale/user/mtannaou/alternance/donnees_sar_aeqd_09_janvier/sh162024/s1a-ew-owi-cm-20240221t013706-20240221t013809-000003-_aeqd.nc,/scale/project/ifremer-isi-jumeaunumerique/SARGEO/prototype/v00r00/cyclobs/sh162024/IRWIN/s1a-ew-owi-cm-20240221t013706-20240221t013809-000003-065EA4_ll_gd_GEO-IRWIN.nc,0.0,test
1063,NIGEL,al152023,2023-09-21 20:34:07,rcm1-sc50ma-owi-cm-20230921t203407-20230921t203525-00003-______ll_gd_GEO-IRWIN.nc,exact_contains,0.5,41.405633333331245,74000.0,35,/scale/user/mtannaou/alternance/donnees_sar_aeqd_09_janvier/al152023/rcm1-sc50ma-owi-cm-20230921t203407-20230921t203525-00003_aeqd.nc,/scale/project/ifremer-isi-jumeaunumerique/SARGEO/prototype/v00r00/cyclobs/al152023/IRWIN/rcm1-sc50ma-owi-cm-20230921t203407-20230921t203525-00003-______ll_gd_GEO-IRWIN.nc,0.0,train
1064,NIGEL,al152023,2023-09-20 09:38:10,rcm1-sc50mb-owi-cm-20230920t093810-20230920t093928-00003-______ll_gd_GEO-IRWIN.nc,exact_contains,0.7,40.39428518518426,59000.0,42,/scale/user/mtannaou/alternance/donnees_sar_aeqd_09_janvier/al152023/rcm1-sc50mb-owi-cm-20230920t093810-20230920t093928-00003_aeqd.nc,/scale/project/ifremer-isi-jumeaunumerique/SARGEO/prototype/v00r00/cyclobs/al152023/IRWIN/rcm1-sc50mb-owi-cm-20230920t093810-20230920t093928-00003-______ll_gd_GEO-IRWIN.nc,0.0115997450605481,train
1065,NIGEL,al152023,2023-09-17 21:32:37,rcm1-sclnc-owi-cm-20230917t213237-20230917t213354-00003-______ll_gd_GEO-IRWIN.nc,exact_contains,3.3,14.671325144529616,26000.0,30,/scale/user/mtannaou/alternance/donnees_sar_aeqd_09_janvier/al152023/rcm1-sclnc-owi-cm-20230917t213237-20230917t213354-00003_aeqd.nc,/scale/project/ifremer-isi-jumeaunumerique/SARGEO/prototype/v00r00/cyclobs/al152023/IRWIN/rcm1-sclnc-owi-cm-20230917t213237-20230917t213354-00003-______ll_gd_GEO-IRWIN.nc,1.0,nan
1066,NIGEL,al152023,2023-09-18 09:24:13,rcm1-sclnb-owi-cm-20230918t092413-20230918t092530-00003-______ll_gd_GEO-IRWIN.nc,exact_contains,0.0,28.15328098162631,101000.0,33,/scale/user/mtannaou/alternance/donnees_sar_aeqd_09_janvier/al152023/rcm1-sclnb-owi-cm-20230918t092413-20230918t092530-00003_aeqd.nc,/scale/project/ifremer-isi-jumeaunumerique/SARGEO/prototype/v00r00/cyclobs/al152023/IRWIN/rcm1-sclnb-owi-cm-20230918t092413-20230918t092530-00003-______ll_gd_GEO-IRWIN.nc,0.0319949012109624,train
1067,NIGEL,al152023,2023-09-20 21:28:53,rcm2-sc50mb-owi-cm-20230920t212853-20230920t212959-00003-______ll_gd_GEO-IRWIN.nc,exact_contains,1.7,37.25494814860704,107000.0,41,/scale/user/mtannaou/alternance/donnees_sar_aeqd_09_janvier/al152023/rcm2-sc50mb-owi-cm-20230920t212853-20230920t212959-00003_aeqd.nc,/scale/project/ifremer-isi-jumeaunumerique/SARGEO/prototype/v00r00/cyclobs/al152023/IRWIN/rcm2-sc50mb-owi-cm-20230920t212853-20230920t212959-00003-______ll_gd_GEO-IRWIN.nc,0.0019120458891013,train
1068,NIGEL,al152023,2023-09-19 09:31:18,rcm1-sc50mc-owi-cm-20230919t093118-20230919t093236-00003-______ll_gd_GEO-IRWIN.nc,exact_contains,0.3,37.31011851820372,60000.0,40,/scale/user/mtannaou/alternance/donnees_sar_aeqd_09_janvier/al152023/rcm1-sc50mc-owi-cm-20230919t093118-20230919t093236-00003_aeqd.nc,/scale/project/ifremer-isi-jumeaunumerique/SARGEO/prototype/v00r00/cyclobs/al152023/IRWIN/rcm1-sc50mc-owi-cm-20230919t093118-20230919t093236-00003-______ll_gd_GEO-IRWIN.nc,0.0,val
1069,NIGEL,al152023,2023-09-18 21:42:10,rcm1-sclnd-owi-cm-20230918t214210-20230918t214327-00003-______ll_gd_GEO-IRWIN.nc,exact_contains,0.0,35.902883316210755,82000.0,38,/scale/user/mtannaou/alternance/donnees_sar_aeqd_09_janvier/al152023/rcm1-sclnd-owi-cm-20230918t214210-20230918t214327-00003_aeqd.nc,/scale/project/ifremer-isi-jumeaunumerique/SARGEO/prototype/v00r00/cyclobs/al152023/IRWIN/rcm1-sclnd-owi-cm-20230918t214210-20230918t214327-00003-______ll_gd_GEO-IRWIN.nc,0.1750159337157425,test
1070,NIGEL,al152023,2023-09-19 21:51:19,rcm1-sc50mc-owi-cm-20230919t215119-20230919t215237-00003-______ll_gd_GEO-IRWIN.nc,exact_contains,2.6,38.60911851965371,8000.0,44,/scale/user/mtannaou/alternance/donnees_sar_aeqd_09_janvier/al152023/rcm1-sc50mc-owi-cm-20230919t215119-20230919t215237-00003_aeqd.nc,/scale/project/ifremer-isi-jumeaunumerique/SARGEO/prototype/v00r00/cyclobs/al152023/IRWIN/rcm1-sc50mc-owi-cm-20230919t215119-20230919t215237-00003-______ll_gd_GEO-IRWIN.nc,0.6639898024219248,nan
1071,LORENZO,al132019,2019-10-02 08:03:46,s1a-iw-owi-cm-20191002t080415-20191002t080555-000003-0353A1_ll_gd_GEO-IRWIN.nc,fuzzy_sat_time,2.0,41.63558333333333,157000.0,39,/scale/user/mtannaou/alternance/donnees_sar_aeqd_09_janvier/al132019/s1a-iw-owi-cm-20191002t080346-20191002t080555-000003-_aeqd.nc,/scale/project/ifremer-isi-jumeaunumerique/SARGEO/prototype/v00r00/cyclobs/al132019/IRWIN/s1a-iw-owi-cm-20191002t080415-20191002t080555-000003-0353A1_ll_gd_GEO-IRWIN.nc,0.0596558317399617,train
1072,LORENZO,al132019,2019-09-30 08:36:54,rs2-scwa-owi-cm-20190930t083654-20190930t083917-00003-______ll_gd_GEO-IRWIN.nc,exact_contains,2.8,39.33963703703704,29000.0,46,/scale/user/mtannaou/alternance/donnees_sar_aeqd_09_janvier/al132019/rs2-scwa-owi-cm-20190930t083654-20190930t083917-00003_aeqd.nc,/scale/project/ifremer-isi-jumeaunumerique/SARGEO/prototype/v00r00/cyclobs/al132019/IRWIN/rs2-scwa-owi-cm-20190930t083654-20190930t083917-00003-______ll_gd_GEO-IRWIN.nc,0.908604206500956,nan
1073,LORENZO,al132019,2019-09-30 20:58:58,s1a-ew-owi-cm-20190930t210003-20190930t210142-000003-0352F9_ll_gd_GEO-IRWIN.nc,fuzzy_sat_time,3.05,38.38077777777777,23000.0,46,/scale/user/mtannaou/alternance/donnees_sar_aeqd_09_janvier/al132019/s1a-ew-owi-cm-20190930t205858-20190930t210142-000003-_aeqd.nc,/scale/project/ifremer-isi-jumeaunumerique/SARGEO/prototype/v00r00/cyclobs/al132019/IRWIN/s1a-ew-owi-cm-20190930t210003-20190930t210142-000003-0352F9_ll_gd_GEO-IRWIN.nc,0.994391332058636,nan
1074,LORENZO,al132019,2019-09-28 08:43:09,s1a-ew-owi-cm-20190928t084309-20190928t084513-000003-0351A9_ll_gd_GEO-IRWIN.nc,fuzzy_sat_time,2.7,34.08664074074074,49000.0,53,/scale/user/mtannaou/alternance/donnees_sar_aeqd_09_janvier/al132019/s1a-ew-owi-cm-20190928t084309-20190928t084538-000003-_aeqd.nc,/scale/project/ifremer-isi-jumeaunumerique/SARGEO/prototype/v00r00/cyclobs/al132019/IRWIN/s1a-ew-owi-cm-20190928t084309-20190928t084513-000003-0351A9_ll_gd_GEO-IRWIN.nc,1.0,nan
1075,LORENZO,al132019,2019-09-27 08:27:44,rs2-scwa-owi-cm-20190927t082744-20190927t083007-00003-______ll_gd_GEO-IRWIN.nc,exact_contains,3.8,30.61660314547936,18000.0,63,/scale/user/mtannaou/alternance/donnees_sar_aeqd_09_janvier/al132019/rs2-scwa-owi-cm-20190927t082744-20190927t083007-00003_aeqd.nc,/scale/project/ifremer-isi-jumeaunumerique/SARGEO/prototype/v00r00/cyclobs/al132019/IRWIN/rs2-scwa-owi-cm-20190927t082744-20190927t083007-00003-______ll_gd_GEO-IRWIN.nc,0.934098151688974,nan
1076,LORENZO,al132019,2019-09-26 20:38:52,s1b-ew-owi-cm-20190926t203852-20190926t204117-000003-0224BA_ll_gd_GEO-IRWIN.nc,exact_contains,3.2,30.94803333333334,74000.0,62,/scale/user/mtannaou/alternance/donnees_sar_aeqd_09_janvier/al132019/s1b-ew-owi-cm-20190926t203852-20190926t204117-000003-_aeqd.nc,/scale/project/ifremer-isi-jumeaunumerique/SARGEO/prototype/v00r00/cyclobs/al132019/IRWIN/s1b-ew-owi-cm-20190926t203852-20190926t204117-000003-0224BA_ll_gd_GEO-IRWIN.nc,0.8975143403441682,nan
1077,LORENZO,al132019,2019-09-29 21:05:06,s1b-ew-owi-cm-20190929t210610-20190929t210814-000003-02261A_ll_gd_GEO-IRWIN.nc,fuzzy_sat_time,2.8,42.72192592592592,37000.0,46,/scale/user/mtannaou/alternance/donnees_sar_aeqd_09_janvier/al132019/s1b-ew-owi-cm-20190929t210506-20190929t210814-000003-_aeqd.nc,/scale/project/ifremer-isi-jumeaunumerique/SARGEO/prototype/v00r00/cyclobs/al132019/IRWIN/s1b-ew-owi-cm-20190929t210610-20190929t210814-000003-02261A_ll_gd_GEO-IRWIN.nc,0.7775653282345443,nan
1078,HIDAYA,sh232024,2024-05-02 15:30:35,rcm3-sc50mc-owi-cm-20240502t153035-20240502t153151-00003-______ll_gd_GEO-IRWIN.nc,exact_contains,0.6,36.008222232998946,27000.0,30,/scale/user/mtannaou/alternance/donnees_sar_aeqd_09_janvier/sh232024/rcm3-sc50mc-owi-cm-20240502t153035-20240502t153151-00003_aeqd.nc,/scale/project/ifremer-isi-jumeaunumerique/SARGEO/prototype/v00r00/cyclobs/sh232024/IRWIN/rcm3-sc50mc-owi-cm-20240502t153035-20240502t153151-00003-______ll_gd_GEO-IRWIN.nc,0.0,test
1079,HIDAYA,sh232024,2024-05-02 02:27:22,rcm2-sclnd-owi-cm-20240502t022722-20240502t022845-00003-______ll_gd_GEO-IRWIN.nc,exact_contains,4.1,24.193364969625225,131000.0,22,/scale/user/mtannaou/alternance/donnees_sar_aeqd_09_janvier/sh232024/rcm2-sclnd-owi-cm-20240502t022722-20240502t022845-00003_aeqd.nc,/scale/project/ifremer-isi-jumeaunumerique/SARGEO/prototype/v00r00/cyclobs/sh232024/IRWIN/rcm2-sclnd-owi-cm-20240502t022722-20240502t022845-00003-______ll_gd_GEO-IRWIN.nc,0.6661567877629063,nan
1080,HIDAYA,sh232024,2024-05-01 15:22:56,rcm3-sc50mb-owi-cm-20240501t152256-20240501t152421-00003-______ll_gd_GEO-IRWIN.nc,exact_contains,0.0,21.21318665265236,28000.0,18,/scale/user/mtannaou/alternance/donnees_sar_aeqd_09_janvier/sh232024/rcm3-sc50mb-owi-cm-20240501t152256-20240501t152421-00003_aeqd.nc,/scale/project/ifremer-isi-jumeaunumerique/SARGEO/prototype/v00r00/cyclobs/sh232024/IRWIN/rcm3-sc50mb-owi-cm-20240501t152256-20240501t152421-00003-______ll_gd_GEO-IRWIN.nc,0.0,train
1081,HIDAYA,sh232024,2024-05-03 15:38:56,rcm3-sc50mc-owi-cm-20240503t153856-20240503t154012-00003-______ll_gd_GEO-IRWIN.nc,exact_contains,0.6,40.483407407412095,10000.0,37,/scale/user/mtannaou/alternance/donnees_sar_aeqd_09_janvier/sh232024/rcm3-sc50mc-owi-cm-20240503t153856-20240503t154012-00003_aeqd.nc,/scale/project/ifremer-isi-jumeaunumerique/SARGEO/prototype/v00r00/cyclobs/sh232024/IRWIN/rcm3-sc50mc-owi-cm-20240503t153856-20240503t154012-00003-______ll_gd_GEO-IRWIN.nc,0.0,val
1082,HIDAYA,sh232024,2024-05-03 02:35:49,rcm2-sc50mc-owi-cm-20240503t023549-20240503t023706-00003-______ll_gd_GEO-IRWIN.nc,exact_contains,2.2,33.91237504777544,28000.0,41,/scale/user/mtannaou/alternance/donnees_sar_aeqd_09_janvier/sh232024/rcm2-sc50mc-owi-cm-20240503t023549-20240503t023706-00003_aeqd.nc,/scale/project/ifremer-isi-jumeaunumerique/SARGEO/prototype/v00r00/cyclobs/sh232024/IRWIN/rcm2-sc50mc-owi-cm-20240503t023549-20240503t023706-00003-______ll_gd_GEO-IRWIN.nc,0.8210325047801147,nan
1083,IMELDA,al092025,2025-10-02 10:03:03,rcm3-sc50mc-owi-cm-20251002t100303-20251002t100416-00003-xxxxx_ll_gd_GEO-IRWIN.nc,exact_contains,0.7,49.115833333333335,38000.0,38,/scale/user/mtannaou/alternance/donnees_sar_aeqd_09_janvier/al092025no_env/rcm3-sc50mc-owi-cm-20251002t100303-20251002t100416-00003_aeqd.nc,/scale/project/ifremer-isi-jumeaunumerique/SARGEO/prototype/v00r00/cyclobs/al092025/IRWIN/rcm3-sc50mc-owi-cm-20251002t100303-20251002t100416-00003-xxxxx_ll_gd_GEO-IRWIN.nc,0.0,train
1084,IMELDA,al092025,2025-09-29 11:17:10,rcm3-sclna-owi-cm-20250929t111710-20250929t111755-00003-xxxxx_ll_gd_GEO-IRWIN.nc,exact_contains,4.35,16.90126085135779,89000.0,25,/scale/user/mtannaou/alternance/donnees_sar_aeqd_09_janvier/al092025no_env/rcm3-sclna-owi-cm-20250929t111710-20250929t111755-00003_aeqd.nc,/scale/project/ifremer-isi-jumeaunumerique/SARGEO/prototype/v00r00/cyclobs/al092025/IRWIN/rcm3-sclna-owi-cm-20250929t111710-20250929t111755-00003-xxxxx_ll_gd_GEO-IRWIN.nc,0.7960484384958573,nan
1085,IMELDA,al092025,2025-09-29 23:03:37,rcm1-sclna-owi-cm-20250929t230337-20250929t230447-00003-xxxxx_ll_gd_GEO-IRWIN.nc,exact_contains,0.25,21.098116179082588,179000.0,28,/scale/user/mtannaou/alternance/donnees_sar_aeqd_09_janvier/al092025no_env/rcm1-sclna-owi-cm-20250929t230337-20250929t230447-00003_aeqd.nc,/scale/project/ifremer-isi-jumeaunumerique/SARGEO/prototype/v00r00/cyclobs/al092025/IRWIN/rcm1-sclna-owi-cm-20250929t230337-20250929t230447-00003-xxxxx_ll_gd_GEO-IRWIN.nc,0.3727214786488209,train
1086,IMELDA,al092025,2025-09-30 10:52:24,rcm1-sclnd-owi-cm-20250930t105224-20250930t105332-00003-xxxxx_ll_gd_GEO-IRWIN.nc,exact_contains,0.5,27.73768083265461,87000.0,35,/scale/user/mtannaou/alternance/donnees_sar_aeqd_09_janvier/al092025no_env/rcm1-sclnd-owi-cm-20250930t105224-20250930t105332-00003_aeqd.nc,/scale/project/ifremer-isi-jumeaunumerique/SARGEO/prototype/v00r00/cyclobs/al092025/IRWIN/rcm1-sclnd-owi-cm-20250930t105224-20250930t105332-00003-xxxxx_ll_gd_GEO-IRWIN.nc,0.5134480560866794,nan
1087,IMELDA,al092025,2025-10-01 22:16:27,rcm3-sc50ma-owi-cm-20251001t221627-20251001t221734-00003-xxxxx_ll_gd_GEO-IRWIN.nc,exact_contains,2.5,30.82211838804104,23000.0,44,/scale/user/mtannaou/alternance/donnees_sar_aeqd_09_janvier/al092025no_env/rcm3-sc50ma-owi-cm-20251001t221627-20251001t221734-00003_aeqd.nc,/scale/project/ifremer-isi-jumeaunumerique/SARGEO/prototype/v00r00/cyclobs/al092025/IRWIN/rcm3-sc50ma-owi-cm-20251001t221627-20251001t221734-00003-xxxxx_ll_gd_GEO-IRWIN.nc,0.7923518164435946,nan
1088,IMELDA,al092025,2025-09-30 23:11:16,rcm1-sclnd-owi-cm-20250930t231116-20250930t231226-00003-xxxxx_ll_gd_GEO-IRWIN.nc,exact_contains,0.0,34.416859240216475,60000.0,39,/scale/user/mtannaou/alternance/donnees_sar_aeqd_09_janvier/al092025no_env/rcm1-sclnd-owi-cm-20250930t231116-20250930t231226-00003_aeqd.nc,/scale/project/ifremer-isi-jumeaunumerique/SARGEO/prototype/v00r00/cyclobs/al092025/IRWIN/rcm1-sclnd-owi-cm-20250930t231116-20250930t231226-00003-xxxxx_ll_gd_GEO-IRWIN.nc,0.0142766093052899,train
1089,ALFRED,sh182025,2025-02-22 19:38:41,rcm2-sclna-owi-cm-20250222t193841-20250222t193958-00003-xxxxx_ll_gd_GEO-IRWIN.nc,exact_contains,0.25,28.74570357410231,52000.0,22,/scale/user/mtannaou/alternance/donnees_sar_aeqd_09_janvier/sh182025/rcm2-sclna-owi-cm-20250222t193841-20250222t193958-00003_aeqd.nc,/scale/project/ifremer-isi-jumeaunumerique/SARGEO/prototype/v00r00/cyclobs/sh182025/IRWIN/rcm2-sclna-owi-cm-20250222t193841-20250222t193958-00003-xxxxx_ll_gd_GEO-IRWIN.nc,0.29993626513703,train
1090,ALFRED,sh182025,2025-03-03 18:46:00,rcm3-sclnd-owi-cm-20250303t184600-20250303t184715-00003-xxxxx_ll_gd_GEO-IRWIN.nc,exact_contains,0.0,35.49009627688245,130000.0,28,/scale/user/mtannaou/alternance/donnees_sar_aeqd_09_janvier/sh182025/rcm3-sclnd-owi-cm-20250303t184600-20250303t184715-00003_aeqd.nc,/scale/project/ifremer-isi-jumeaunumerique/SARGEO/prototype/v00r00/cyclobs/sh182025/IRWIN/rcm3-sclnd-owi-cm-20250303t184600-20250303t184715-00003-xxxxx_ll_gd_GEO-IRWIN.nc,0.0,train
1091,ALFRED,sh182025,2025-03-05 18:57:18,s1a-ew-owi-cm-20250305t185718-20250305t185821-000003-072FD8_ll_gd_GEO-IRWIN.nc,exact_contains,0.0,32.23712776399175,120000.0,28,/scale/user/mtannaou/alternance/donnees_sar_aeqd_09_janvier/sh182025/s1a-ew-owi-cm-20250305t185718-20250305t185821-000003-_aeqd.nc,/scale/project/ifremer-isi-jumeaunumerique/SARGEO/prototype/v00r00/cyclobs/sh182025/IRWIN/s1a-ew-owi-cm-20250305t185718-20250305t185821-000003-072FD8_ll_gd_GEO-IRWIN.nc,0.0122370936902485,val
1092,ALFRED,sh182025,2025-03-04 18:54:07,rcm3-sclnc-owi-cm-20250304t185407-20250304t185521-00003-xxxxx_ll_gd_GEO-IRWIN.nc,exact_contains,0.0,27.967542507362523,146000.0,28,/scale/user/mtannaou/alternance/donnees_sar_aeqd_09_janvier/sh182025/rcm3-sclnc-owi-cm-20250304t185407-20250304t185521-00003_aeqd.nc,/scale/project/ifremer-isi-jumeaunumerique/SARGEO/prototype/v00r00/cyclobs/sh182025/IRWIN/rcm3-sclnc-owi-cm-20250304t185407-20250304t185521-00003-xxxxx_ll_gd_GEO-IRWIN.nc,0.0,train
1093,ALFRED,sh182025,2025-02-26 08:11:07,s1a-ew-owi-cm-20250226t081107-20250226t081211-000003-072B64_ll_gd_GEO-IRWIN.nc,exact_contains,0.0,38.1557,30000.0,42,/scale/user/mtannaou/alternance/donnees_sar_aeqd_09_janvier/sh182025/s1a-ew-owi-cm-20250226t081107-20250226t081211-000003-_aeqd.nc,/scale/project/ifremer-isi-jumeaunumerique/SARGEO/prototype/v00r00/cyclobs/sh182025/IRWIN/s1a-ew-owi-cm-20250226t081107-20250226t081211-000003-072B64_ll_gd_GEO-IRWIN.nc,0.3518164435946462,val
1094,ALFRED,sh182025,2025-03-03 08:03:49,rcm3-sclnb-owi-cm-20250303t080349-20250303t080504-00003-xxxxx_ll_gd_GEO-IRWIN.nc,exact_contains,0.0,34.072218517151306,177000.0,26,/scale/user/mtannaou/alternance/donnees_sar_aeqd_09_janvier/sh182025/rcm3-sclnb-owi-cm-20250303t080349-20250303t080504-00003_aeqd.nc,/scale/project/ifremer-isi-jumeaunumerique/SARGEO/prototype/v00r00/cyclobs/sh182025/IRWIN/rcm3-sclnb-owi-cm-20250303t080349-20250303t080504-00003-xxxxx_ll_gd_GEO-IRWIN.nc,0.0,train
1095,ALFRED,sh182025,2025-03-01 08:20:48,rcm2-sclnd-owi-cm-20250301t082048-20250301t082204-00003-xxxxx_ll_gd_GEO-IRWIN.nc,exact_contains,0.7,38.46827407367383,89000.0,38,/scale/user/mtannaou/alternance/donnees_sar_aeqd_09_janvier/sh182025/rcm2-sclnd-owi-cm-20250301t082048-20250301t082204-00003_aeqd.nc,/scale/project/ifremer-isi-jumeaunumerique/SARGEO/prototype/v00r00/cyclobs/sh182025/IRWIN/rcm2-sclnd-owi-cm-20250301t082048-20250301t082204-00003-xxxxx_ll_gd_GEO-IRWIN.nc,0.1813894200127469,val
1096,ALFRED,sh182025,2025-03-01 19:00:29,rcm2-sclnd-owi-cm-20250301t190029-20250301t190146-00003-xxxxx_ll_gd_GEO-IRWIN.nc,exact_contains,0.0,30.81237496626174,99000.0,28,/scale/user/mtannaou/alternance/donnees_sar_aeqd_09_janvier/sh182025/rcm2-sclnd-owi-cm-20250301t190029-20250301t190146-00003_aeqd.nc,/scale/project/ifremer-isi-jumeaunumerique/SARGEO/prototype/v00r00/cyclobs/sh182025/IRWIN/rcm2-sclnd-owi-cm-20250301t190029-20250301t190146-00003-xxxxx_ll_gd_GEO-IRWIN.nc,0.0,train
1097,ALFRED,sh182025,2025-02-27 19:15:19,rcm1-sclna-owi-cm-20250227t191519-20250227t191634-00003-xxxxx_ll_gd_GEO-IRWIN.nc,exact_contains,0.0,55.16193333333334,40000.0,50,/scale/user/mtannaou/alternance/donnees_sar_aeqd_09_janvier/sh182025/rcm1-sclna-owi-cm-20250227t191519-20250227t191634-00003_aeqd.nc,/scale/project/ifremer-isi-jumeaunumerique/SARGEO/prototype/v00r00/cyclobs/sh182025/IRWIN/rcm1-sclna-owi-cm-20250227t191519-20250227t191634-00003-xxxxx_ll_gd_GEO-IRWIN.nc,0.0,test
1098,ALFRED,sh182025,2025-03-02 19:09:04,rcm2-sclna-owi-cm-20250302t190904-20250302t191018-00003-xxxxx_ll_gd_GEO-IRWIN.nc,exact_contains,0.0,29.685948060906654,124000.0,28,/scale/user/mtannaou/alternance/donnees_sar_aeqd_09_janvier/sh182025/rcm2-sclna-owi-cm-20250302t190904-20250302t191018-00003_aeqd.nc,/scale/project/ifremer-isi-jumeaunumerique/SARGEO/prototype/v00r00/cyclobs/sh182025/IRWIN/rcm2-sclna-owi-cm-20250302t190904-20250302t191018-00003-xxxxx_ll_gd_GEO-IRWIN.nc,0.2522625876354366,train
1099,ALFRED,sh182025,2025-02-23 08:06:36,rcm1-sclna-owi-cm-20250223t080636-20250223t080750-00003-xxxxx_ll_gd_GEO-IRWIN.nc,exact_contains,1.4,41.60018148148142,19000.0,27,/scale/user/mtannaou/alternance/donnees_sar_aeqd_09_janvier/sh182025/rcm1-sclna-owi-cm-20250223t080636-20250223t080750-00003_aeqd.nc,/scale/project/ifremer-isi-jumeaunumerique/SARGEO/prototype/v00r00/cyclobs/sh182025/IRWIN/rcm1-sclna-owi-cm-20250223t080636-20250223t080750-00003-xxxxx_ll_gd_GEO-IRWIN.nc,0.0248565965583174,test
1100,ALFRED,sh182025,2025-03-05 19:02:06,rcm3-sclnb-owi-cm-20250305t190206-20250305t190321-00003-xxxxx_ll_gd_GEO-IRWIN.nc,exact_contains,0.0,31.23704805820322,124000.0,28,/scale/user/mtannaou/alternance/donnees_sar_aeqd_09_janvier/sh182025/rcm3-sclnb-owi-cm-20250305t190206-20250305t190321-00003_aeqd.nc,/scale/project/ifremer-isi-jumeaunumerique/SARGEO/prototype/v00r00/cyclobs/sh182025/IRWIN/rcm3-sclnb-owi-cm-20250305t190206-20250305t190321-00003-xxxxx_ll_gd_GEO-IRWIN.nc,0.0,train
1101,ALFRED,sh182025,2025-02-26 07:58:22,rcm2-sclna-owi-cm-20250226t075822-20250226t075937-00003-xxxxx_ll_gd_GEO-IRWIN.nc,exact_contains,0.0,31.99017404075848,82000.0,42,/scale/user/mtannaou/alternance/donnees_sar_aeqd_09_janvier/sh182025/rcm2-sclna-owi-cm-20250226t075822-20250226t075937-00003_aeqd.nc,/scale/project/ifremer-isi-jumeaunumerique/SARGEO/prototype/v00r00/cyclobs/sh182025/IRWIN/rcm2-sclna-owi-cm-20250226t075822-20250226t075937-00003-xxxxx_ll_gd_GEO-IRWIN.nc,0.00012746972594,train
1102,ALFRED,sh182025,2025-02-22 08:30:55,rcm3-sclnc-owi-cm-20250222t083055-20250222t083210-00003-xxxxx_ll_gd_GEO-IRWIN.nc,exact_contains,3.0,22.74127827089031,56000.0,19,/scale/user/mtannaou/alternance/donnees_sar_aeqd_09_janvier/sh182025/rcm3-sclnc-owi-cm-20250222t083055-20250222t083210-00003_aeqd.nc,/scale/project/ifremer-isi-jumeaunumerique/SARGEO/prototype/v00r00/cyclobs/sh182025/IRWIN/rcm3-sclnc-owi-cm-20250222t083055-20250222t083210-00003-xxxxx_ll_gd_GEO-IRWIN.nc,0.0207775653282345,train
1103,ALFRED,sh182025,2025-02-26 19:07:10,rcm1-sclnd-owi-cm-20250226t190710-20250226t190825-00003-xxxxx_ll_gd_GEO-IRWIN.nc,exact_contains,0.0,40.05187407403847,18000.0,47,/scale/user/mtannaou/alternance/donnees_sar_aeqd_09_janvier/sh182025/rcm1-sclnd-owi-cm-20250226t190710-20250226t190825-00003_aeqd.nc,/scale/project/ifremer-isi-jumeaunumerique/SARGEO/prototype/v00r00/cyclobs/sh182025/IRWIN/rcm1-sclnd-owi-cm-20250226t190710-20250226t190825-00003-xxxxx_ll_gd_GEO-IRWIN.nc,0.0,test
1104,ALFRED,sh182025,2025-03-04 08:11:21,rcm3-sclnd-owi-cm-20250304t081121-20250304t081237-00003-xxxxx_ll_gd_GEO-IRWIN.nc,exact_contains,0.0,31.781125795863616,145000.0,31,/scale/user/mtannaou/alternance/donnees_sar_aeqd_09_janvier/sh182025/rcm3-sclnd-owi-cm-20250304t081121-20250304t081237-00003_aeqd.nc,/scale/project/ifremer-isi-jumeaunumerique/SARGEO/prototype/v00r00/cyclobs/sh182025/IRWIN/rcm3-sclnd-owi-cm-20250304t081121-20250304t081237-00003-xxxxx_ll_gd_GEO-IRWIN.nc,0.0016571064372211,test
1105,ALFRED,sh182025,2025-02-23 19:14:56,rcm3-sclnd-owi-cm-20250223t191456-20250223t191612-00003-xxxxx_ll_gd_GEO-IRWIN.nc,exact_contains,0.0,27.30477198727481,37000.0,29,/scale/user/mtannaou/alternance/donnees_sar_aeqd_09_janvier/sh182025/rcm3-sclnd-owi-cm-20250223t191456-20250223t191612-00003_aeqd.nc,/scale/project/ifremer-isi-jumeaunumerique/SARGEO/prototype/v00r00/cyclobs/sh182025/IRWIN/rcm3-sclnd-owi-cm-20250223t191456-20250223t191612-00003-xxxxx_ll_gd_GEO-IRWIN.nc,0.0,val
1106,ALFRED,sh182025,2025-02-27 08:05:56,rcm2-sclnb-owi-cm-20250227t080556-20250227t080713-00003-xxxxx_ll_gd_GEO-IRWIN.nc,exact_contains,0.0,42.30194814814814,15000.0,57,/scale/user/mtannaou/alternance/donnees_sar_aeqd_09_janvier/sh182025/rcm2-sclnb-owi-cm-20250227t080556-20250227t080713-00003_aeqd.nc,/scale/project/ifremer-isi-jumeaunumerique/SARGEO/prototype/v00r00/cyclobs/sh182025/IRWIN/rcm2-sclnb-owi-cm-20250227t080556-20250227t080713-00003-xxxxx_ll_gd_GEO-IRWIN.nc,0.0,val
1107,ALFRED,sh182025,2025-03-05 08:19:29,rcm3-sclnd-owi-cm-20250305t081929-20250305t082046-00003-xxxxx_ll_gd_GEO-IRWIN.nc,exact_contains,0.6,27.78163793759829,91000.0,28,/scale/user/mtannaou/alternance/donnees_sar_aeqd_09_janvier/sh182025/rcm3-sclnd-owi-cm-20250305t081929-20250305t082046-00003_aeqd.nc,/scale/project/ifremer-isi-jumeaunumerique/SARGEO/prototype/v00r00/cyclobs/sh182025/IRWIN/rcm3-sclnd-owi-cm-20250305t081929-20250305t082046-00003-xxxxx_ll_gd_GEO-IRWIN.nc,0.0231994901210962,val
1108,ALFRED,sh182025,2025-03-06 19:10:17,rcm3-sclnb-owi-cm-20250306t191017-20250306t191133-00003-xxxxx_ll_gd_GEO-IRWIN.nc,exact_contains,0.0,28.573554474659392,117000.0,23,/scale/user/mtannaou/alternance/donnees_sar_aeqd_09_janvier/sh182025/rcm3-sclnb-owi-cm-20250306t191017-20250306t191133-00003_aeqd.nc,/scale/project/ifremer-isi-jumeaunumerique/SARGEO/prototype/v00r00/cyclobs/sh182025/IRWIN/rcm3-sclnb-owi-cm-20250306t191017-20250306t191133-00003-xxxxx_ll_gd_GEO-IRWIN.nc,0.0831102613129381,val
1109,HALIMA,sh222022,2022-03-25 13:37:17,rs2-scwa-owi-cm-20220325t133717-20220325t133833-00003-______ll_gd_GEO-IRWIN.nc,exact_contains,0.5,50.72557916666668,10000.0,61,/scale/user/mtannaou/alternance/donnees_sar_aeqd_09_janvier/sh222022/rs2-scwa-owi-cm-20220325t133717-20220325t133833-00003_aeqd.nc,/scale/project/ifremer-isi-jumeaunumerique/SARGEO/prototype/v00r00/cyclobs/sh222022/IRWIN/rs2-scwa-owi-cm-20220325t133717-20220325t133833-00003-______ll_gd_GEO-IRWIN.nc,0.4605481198215423,test
1110,HALIMA,sh222022,2022-03-24 13:23:53,s1a-ew-owi-cm-20220324t132353-20220324t132628-000003-05105F_ll_gd_GEO-IRWIN.nc,exact_contains,0.0,40.887777777777785,19000.0,44,/scale/user/mtannaou/alternance/donnees_sar_aeqd_09_janvier/sh222022/s1a-ew-owi-cm-20220324t132353-20220324t132628-000003-_aeqd.nc,/scale/project/ifremer-isi-jumeaunumerique/SARGEO/prototype/v00r00/cyclobs/sh222022/IRWIN/s1a-ew-owi-cm-20220324t132353-20220324t132628-000003-05105F_ll_gd_GEO-IRWIN.nc,0.0,train
1111,HALIMA,sh222022,2022-03-26 00:41:33,rs2-scwa-owi-cm-20220326t004133-20220326t004249-00003-______ll_gd_GEO-IRWIN.nc,exact_contains,1.2999999999999998,46.351659259259264,81000.0,56,/scale/user/mtannaou/alternance/donnees_sar_aeqd_09_janvier/sh222022/rs2-scwa-owi-cm-20220326t004133-20220326t004249-00003_aeqd.nc,/scale/project/ifremer-isi-jumeaunumerique/SARGEO/prototype/v00r00/cyclobs/sh222022/IRWIN/rs2-scwa-owi-cm-20220326t004133-20220326t004249-00003-______ll_gd_GEO-IRWIN.nc,0.038623326959847,val
1112,KONG-REY,wp232024,2024-10-26 20:42:53,rcm3-sclnd-owi-cm-20241026t204253-20241026t204408-00003-______ll_gd_GEO-IRWIN.nc,exact_contains,1.3,17.214617744185944,267000.0,18,/scale/user/mtannaou/alternance/donnees_sar_aeqd_09_janvier/wp232024/rcm3-sclnd-owi-cm-20241026t204253-20241026t204408-00003_aeqd.nc,/scale/project/ifremer-isi-jumeaunumerique/SARGEO/prototype/v00r00/cyclobs/wp232024/IRWIN/rcm3-sclnd-owi-cm-20241026t204253-20241026t204408-00003-______ll_gd_GEO-IRWIN.nc,0.7769279796048438,nan
1113,KONG-REY,wp232024,2024-10-29 09:43:59,rcm2-sc50mb-owi-cm-20241029t094359-20241029t094440-00003-______ll_gd_GEO-IRWIN.nc,exact_contains,1.2,50.19262962962963,52000.0,55,/scale/user/mtannaou/alternance/donnees_sar_aeqd_09_janvier/wp232024/rcm2-sc50mb-owi-cm-20241029t094359-20241029t094440-00003_aeqd.nc,/scale/project/ifremer-isi-jumeaunumerique/SARGEO/prototype/v00r00/cyclobs/wp232024/IRWIN/rcm2-sc50mb-owi-cm-20241029t094359-20241029t094440-00003-______ll_gd_GEO-IRWIN.nc,0.4852772466539197,train
1114,KONG-REY,wp232024,2024-10-27 09:27:38,rcm2-sc50mc-owi-cm-20241027t092738-20241027t092856-00003-______ll_gd_GEO-IRWIN.nc,exact_contains,0.0,28.16737101845624,131000.0,22,/scale/user/mtannaou/alternance/donnees_sar_aeqd_09_janvier/wp232024/rcm2-sc50mc-owi-cm-20241027t092738-20241027t092856-00003_aeqd.nc,/scale/project/ifremer-isi-jumeaunumerique/SARGEO/prototype/v00r00/cyclobs/wp232024/IRWIN/rcm2-sc50mc-owi-cm-20241027t092738-20241027t092856-00003-______ll_gd_GEO-IRWIN.nc,0.0,train
1115,KONG-REY,wp232024,2024-10-31 21:51:53,s1a-iw-owi-cm-20241031t215153-20241031t215312-000003-06E739_ll_gd_GEO-IRWIN.nc,fuzzy_sat_time,4.9,,,29,/scale/user/mtannaou/alternance/donnees_sar_aeqd_09_janvier/wp232024/s1a-iw-owi-cm-20241031t215153-20241031t215337-000003-_aeqd.nc,/scale/project/ifremer-isi-jumeaunumerique/SARGEO/prototype/v00r00/cyclobs/wp232024/IRWIN/s1a-iw-owi-cm-20241031t215153-20241031t215312-000003-06E739_ll_gd_GEO-IRWIN.nc,0.3548757170172084,nan
1116,KONG-REY,wp232024,2024-10-25 08:39:28,rcm3-sclnd-owi-cm-20241025t083928-20241025t084014-00003-______ll_gd_GEO-IRWIN.nc,exact_contains,0.8,,,17,/scale/user/mtannaou/alternance/donnees_sar_aeqd_09_janvier/wp232024/rcm3-sclnd-owi-cm-20241025t083928-20241025t084014-00003_aeqd.nc,/scale/project/ifremer-isi-jumeaunumerique/SARGEO/prototype/v00r00/cyclobs/wp232024/IRWIN/rcm3-sclnd-owi-cm-20241025t083928-20241025t084014-00003-______ll_gd_GEO-IRWIN.nc,0.6231994901210962,nan
1117,KONG-REY,wp232024,2024-10-28 21:29:17,s1a-ew-owi-cm-20241028t212917-20241028t213021-000003-06E57F_ll_gd_GEO-IRWIN.nc,exact_contains,0.0,38.974948148148144,82000.0,39,/scale/user/mtannaou/alternance/donnees_sar_aeqd_09_janvier/wp232024/s1a-ew-owi-cm-20241028t212917-20241028t213021-000003-_aeqd.nc,/scale/project/ifremer-isi-jumeaunumerique/SARGEO/prototype/v00r00/cyclobs/wp232024/IRWIN/s1a-ew-owi-cm-20241028t212917-20241028t213021-000003-06E57F_ll_gd_GEO-IRWIN.nc,0.177182919056724,test
1118,KONG-REY,wp232024,2024-10-25 20:34:43,rcm3-sclna-owi-cm-20241025t203443-20241025t203559-00003-______ll_gd_GEO-IRWIN.nc,exact_contains,1.9,19.347820436062968,84000.0,18,/scale/user/mtannaou/alternance/donnees_sar_aeqd_09_janvier/wp232024/rcm3-sclna-owi-cm-20241025t203443-20241025t203559-00003_aeqd.nc,/scale/project/ifremer-isi-jumeaunumerique/SARGEO/prototype/v00r00/cyclobs/wp232024/IRWIN/rcm3-sclna-owi-cm-20241025t203443-20241025t203559-00003-______ll_gd_GEO-IRWIN.nc,0.5092415551306565,nan
1119,KONG-REY,wp232024,2024-10-30 09:52:33,rcm2-sc50mb-owi-cm-20241030t095233-20241030t095334-00003-______ll_gd_GEO-IRWIN.nc,exact_contains,2.0,54.92894444444445,40000.0,63,/scale/user/mtannaou/alternance/donnees_sar_aeqd_09_janvier/wp232024/rcm2-sc50mb-owi-cm-20241030t095233-20241030t095334-00003_aeqd.nc,/scale/project/ifremer-isi-jumeaunumerique/SARGEO/prototype/v00r00/cyclobs/wp232024/IRWIN/rcm2-sc50mb-owi-cm-20241030t095233-20241030t095334-00003-______ll_gd_GEO-IRWIN.nc,0.0003824091778202,train
1120,KONG-REY,wp232024,2024-10-28 09:35:40,rcm2-sc50mc-owi-cm-20241028t093540-20241028t093657-00003-______ll_gd_GEO-IRWIN.nc,exact_contains,0.0,36.11978517074756,135000.0,30,/scale/user/mtannaou/alternance/donnees_sar_aeqd_09_janvier/wp232024/rcm2-sc50mc-owi-cm-20241028t093540-20241028t093657-00003_aeqd.nc,/scale/project/ifremer-isi-jumeaunumerique/SARGEO/prototype/v00r00/cyclobs/wp232024/IRWIN/rcm2-sc50mc-owi-cm-20241028t093540-20241028t093657-00003-______ll_gd_GEO-IRWIN.nc,0.0,train
1121,KONG-REY,wp232024,2024-10-26 08:47:50,rcm3-sclna-owi-cm-20241026t084750-20241026t084904-00003-______ll_gd_GEO-IRWIN.nc,exact_contains,3.1,16.99624533821186,45000.0,18,/scale/user/mtannaou/alternance/donnees_sar_aeqd_09_janvier/wp232024/rcm3-sclna-owi-cm-20241026t084750-20241026t084904-00003_aeqd.nc,/scale/project/ifremer-isi-jumeaunumerique/SARGEO/prototype/v00r00/cyclobs/wp232024/IRWIN/rcm3-sclna-owi-cm-20241026t084750-20241026t084904-00003-______ll_gd_GEO-IRWIN.nc,1.0,nan
1122,FERNAND,al062025,2025-08-27 09:28:53,rcm1-sc50mc-owi-cm-20250827t092853-20250827t092952-00003-xxxxx_ll_gd_GEO-IRWIN.nc,exact_contains,2.2,23.667289010235613,42000.0,22,/scale/user/mtannaou/alternance/donnees_sar_aeqd_09_janvier/al062025no_env/rcm1-sc50mc-owi-cm-20250827t092853-20250827t092952-00003_aeqd.nc,/scale/project/ifremer-isi-jumeaunumerique/SARGEO/prototype/v00r00/cyclobs/al062025/IRWIN/rcm1-sc50mc-owi-cm-20250827t092853-20250827t092952-00003-xxxxx_ll_gd_GEO-IRWIN.nc,0.55717017208413,nan
1123,FERNAND,al062025,2025-08-26 21:14:03,rcm2-sc50ma-owi-cm-20250826t211403-20250826t211502-00003-xxxxx_ll_gd_GEO-IRWIN.nc,exact_contains,3.3,15.713261936428356,34000.0,19,/scale/user/mtannaou/alternance/donnees_sar_aeqd_09_janvier/al062025no_env/rcm2-sc50ma-owi-cm-20250826t211403-20250826t211502-00003_aeqd.nc,/scale/project/ifremer-isi-jumeaunumerique/SARGEO/prototype/v00r00/cyclobs/al062025/IRWIN/rcm2-sc50ma-owi-cm-20250826t211403-20250826t211502-00003-xxxxx_ll_gd_GEO-IRWIN.nc,1.0,nan
1124,FERNAND,al062025,2025-08-25 09:46:47,rcm3-sc50mc-owi-cm-20250825t094647-20250825t094801-00003-xxxxx_ll_gd_GEO-IRWIN.nc,exact_contains,3.5,29.68592612936657,86000.0,25,/scale/user/mtannaou/alternance/donnees_sar_aeqd_09_janvier/al062025no_env/rcm3-sc50mc-owi-cm-20250825t094647-20250825t094801-00003_aeqd.nc,/scale/project/ifremer-isi-jumeaunumerique/SARGEO/prototype/v00r00/cyclobs/al062025/IRWIN/rcm3-sc50mc-owi-cm-20250825t094647-20250825t094801-00003-xxxxx_ll_gd_GEO-IRWIN.nc,0.1919694072657743,train
1125,SURIGAE,wp022021,2021-04-22 21:16:44,rcm2-sc50md-owi-cm-20210422t211644-20210422t212548-00003-______ll_gd_GEO-IRWIN.nc,exact_contains,0.3,42.20648518518298,65000.0,40,/scale/user/mtannaou/alternance/donnees_sar_aeqd_09_janvier/wp022021/rcm2-sc50md-owi-cm-20210422t211644-20210422t212548-00003_aeqd.nc,/scale/project/ifremer-isi-jumeaunumerique/SARGEO/prototype/v00r00/cyclobs/wp022021/IRWIN/rcm2-sc50md-owi-cm-20210422t211644-20210422t212548-00003-______ll_gd_GEO-IRWIN.nc,0.0319949012109624,train
1126,SURIGAE,wp022021,2021-04-19 21:28:38,rs2-scwa-owi-cm-20210419t212838-20210419t212954-00003-______ll_gd_GEO-IRWIN.nc,exact_contains,0.0,58.05422962962963,51000.0,59,/scale/user/mtannaou/alternance/donnees_sar_aeqd_09_janvier/wp022021/rs2-scwa-owi-cm-20210419t212838-20210419t212954-00003_aeqd.nc,/scale/project/ifremer-isi-jumeaunumerique/SARGEO/prototype/v00r00/cyclobs/wp022021/IRWIN/rs2-scwa-owi-cm-20210419t212838-20210419t212954-00003-______ll_gd_GEO-IRWIN.nc,0.0,val
1127,SURIGAE,wp022021,2021-04-20 09:41:05,rcm1-sc50ma-owi-cm-20210420t094105-20210420t094513-00003-______ll_gd_GEO-IRWIN.nc,exact_contains,0.6,58.21276296296296,52000.0,61,/scale/user/mtannaou/alternance/donnees_sar_aeqd_09_janvier/wp022021/rcm1-sc50ma-owi-cm-20210420t094105-20210420t094513-00003_aeqd.nc,/scale/project/ifremer-isi-jumeaunumerique/SARGEO/prototype/v00r00/cyclobs/wp022021/IRWIN/rcm1-sc50ma-owi-cm-20210420t094105-20210420t094513-00003-______ll_gd_GEO-IRWIN.nc,0.0010197578075207,train
1128,SURIGAE,wp022021,2021-04-19 09:48:20,s1a-iw-owi-cm-20210419t094935-20210419t095129-000003-046C7F_ll_gd_GEO-IRWIN.nc,fuzzy_sat_time,1.3,,,63,/scale/user/mtannaou/alternance/donnees_sar_aeqd_09_janvier/wp022021/s1a-iw-owi-cm-20210419t094820-20210419t095129-000003-_aeqd.nc,/scale/project/ifremer-isi-jumeaunumerique/SARGEO/prototype/v00r00/cyclobs/wp022021/IRWIN/s1a-iw-owi-cm-20210419t094935-20210419t095129-000003-046C7F_ll_gd_GEO-IRWIN.nc,0.5607393244104525,nan
1129,SURIGAE,wp022021,2021-04-22 21:35:24,s1b-ew-owi-cm-20210422t213524-20210422t213729-000003-032CBB_ll_gd_GEO-IRWIN.nc,exact_contains,2.8,41.28382222222222,37000.0,40,/scale/user/mtannaou/alternance/donnees_sar_aeqd_09_janvier/wp022021/s1b-ew-owi-cm-20210422t213524-20210422t213729-000003-_aeqd.nc,/scale/project/ifremer-isi-jumeaunumerique/SARGEO/prototype/v00r00/cyclobs/wp022021/IRWIN/s1b-ew-owi-cm-20210422t213524-20210422t213729-000003-032CBB_ll_gd_GEO-IRWIN.nc,0.7709369024856596,nan
1130,SURIGAE,wp022021,2021-04-20 09:40:23,s1b-iw-owi-cm-20210420t094117-20210420t094300-000003-032B99_ll_gd_GEO-IRWIN.nc,fuzzy_sat_time,0.55,56.62057407407408,55000.0,61,/scale/user/mtannaou/alternance/donnees_sar_aeqd_09_janvier/wp022021/s1b-iw-owi-cm-20210420t094023-20210420t094300-000003-_aeqd.nc,/scale/project/ifremer-isi-jumeaunumerique/SARGEO/prototype/v00r00/cyclobs/wp022021/IRWIN/s1b-iw-owi-cm-20210420t094117-20210420t094300-000003-032B99_ll_gd_GEO-IRWIN.nc,0.3685149776927979,train
1131,SURIGAE,wp022021,2021-04-19 09:32:50,rcm1-sc50ma-owi-cm-20210419t093250-20210419t093822-00003-______ll_gd_GEO-IRWIN.nc,exact_contains,0.0,58.329474074074085,33000.0,63,/scale/user/mtannaou/alternance/donnees_sar_aeqd_09_janvier/wp022021/rcm1-sc50ma-owi-cm-20210419t093250-20210419t093822-00003_aeqd.nc,/scale/project/ifremer-isi-jumeaunumerique/SARGEO/prototype/v00r00/cyclobs/wp022021/IRWIN/rcm1-sc50ma-owi-cm-20210419t093250-20210419t093822-00003-______ll_gd_GEO-IRWIN.nc,0.3244104525175271,train
1132,SURIGAE,wp022021,2021-04-18 09:30:03,rs2-scwa-owi-cm-20210418t093003-20210418t093118-00003-______ll_gd_GEO-IRWIN.nc,exact_contains,3.2,44.7287962962963,49000.0,66,/scale/user/mtannaou/alternance/donnees_sar_aeqd_09_janvier/wp022021/rs2-scwa-owi-cm-20210418t093003-20210418t093118-00003_aeqd.nc,/scale/project/ifremer-isi-jumeaunumerique/SARGEO/prototype/v00r00/cyclobs/wp022021/IRWIN/rs2-scwa-owi-cm-20210418t093003-20210418t093118-00003-______ll_gd_GEO-IRWIN.nc,0.8567240280433397,nan
1133,SURIGAE,wp022021,2021-04-18 21:22:23,s1a-iw-owi-cm-20210418t212223-20210418t212342-000003-046C42_ll_gd_GEO-IRWIN.nc,fuzzy_sat_time,0.3,61.050125925925926,38000.0,63,/scale/user/mtannaou/alternance/donnees_sar_aeqd_09_janvier/wp022021/s1a-iw-owi-cm-20210418t212223-20210418t212407-000003-_aeqd.nc,/scale/project/ifremer-isi-jumeaunumerique/SARGEO/prototype/v00r00/cyclobs/wp022021/IRWIN/s1a-iw-owi-cm-20210418t212223-20210418t212342-000003-046C42_ll_gd_GEO-IRWIN.nc,0.2321223709369025,train
1134,SURIGAE,wp022021,2021-04-23 09:18:48,s1a-ew-owi-cm-20210423t091848-20210423t092013-000003-046E76_ll_gd_GEO-IRWIN.nc,exact_contains,1.0,,,32,/scale/user/mtannaou/alternance/donnees_sar_aeqd_09_janvier/wp022021/s1a-ew-owi-cm-20210423t091848-20210423t092013-000003-_aeqd.nc,/scale/project/ifremer-isi-jumeaunumerique/SARGEO/prototype/v00r00/cyclobs/wp022021/IRWIN/s1a-ew-owi-cm-20210423t091848-20210423t092013-000003-046E76_ll_gd_GEO-IRWIN.nc,0.589929891650733,nan
1135,SURIGAE,wp022021,2021-04-18 21:15:49,rcm1-sc50md-owi-cm-20210418t211549-20210418t212533-00003-______ll_gd_GEO-IRWIN.nc,exact_contains,0.0,62.05431111111111,37000.0,63,/scale/user/mtannaou/alternance/donnees_sar_aeqd_09_janvier/wp022021/rcm1-sc50md-owi-cm-20210418t211549-20210418t212533-00003_aeqd.nc,/scale/project/ifremer-isi-jumeaunumerique/SARGEO/prototype/v00r00/cyclobs/wp022021/IRWIN/rcm1-sc50md-owi-cm-20210418t211549-20210418t212533-00003-______ll_gd_GEO-IRWIN.nc,0.3333333333333333,train
1136,SURIGAE,wp022021,2021-04-21 09:43:52,rs2-scwa-owi-cm-20210421t094352-20210421t094508-00003-______ll_gd_GEO-IRWIN.nc,exact_contains,0.6,59.21126296296297,42000.0,60,/scale/user/mtannaou/alternance/donnees_sar_aeqd_09_janvier/wp022021/rs2-scwa-owi-cm-20210421t094352-20210421t094508-00003_aeqd.nc,/scale/project/ifremer-isi-jumeaunumerique/SARGEO/prototype/v00r00/cyclobs/wp022021/IRWIN/rs2-scwa-owi-cm-20210421t094352-20210421t094508-00003-______ll_gd_GEO-IRWIN.nc,0.0,train
1137,SURIGAE,wp022021,2021-04-17 21:12:14,rcm1-sc50md-owi-cm-20210417t211214-20210417t211638-00003-______ll_gd_GEO-IRWIN.nc,exact_contains,0.6,64.16171851851853,18000.0,81,/scale/user/mtannaou/alternance/donnees_sar_aeqd_09_janvier/wp022021/rcm1-sc50md-owi-cm-20210417t211214-20210417t211638-00003_aeqd.nc,/scale/project/ifremer-isi-jumeaunumerique/SARGEO/prototype/v00r00/cyclobs/wp022021/IRWIN/rcm1-sc50md-owi-cm-20210417t211214-20210417t211638-00003-______ll_gd_GEO-IRWIN.nc,0.1511790949649458,test
1138,SURIGAE,wp022021,2021-04-24 09:09:25,s1b-ew-owi-cm-20210424t090925-20210424t091159-000003-032D63_ll_gd_GEO-IRWIN.nc,exact_contains,0.0,23.9601658957714,166000.0,22,/scale/user/mtannaou/alternance/donnees_sar_aeqd_09_janvier/wp022021/s1b-ew-owi-cm-20210424t090925-20210424t091159-000003-_aeqd.nc,/scale/project/ifremer-isi-jumeaunumerique/SARGEO/prototype/v00r00/cyclobs/wp022021/IRWIN/s1b-ew-owi-cm-20210424t090925-20210424t091159-000003-032D63_ll_gd_GEO-IRWIN.nc,0.0,train
1139,sh152025,sh152025,2025-02-04 17:47:58,rcm1-sclnc-owi-cm-20250204t174758-20250204t174911-00003-xxxxx_ll_gd_GEO-IRWIN.nc,exact_contains,0.95,24.9297743399343,70000.0,20,/scale/user/mtannaou/alternance/donnees_sar_aeqd_09_janvier/sh152025/rcm1-sclnc-owi-cm-20250204t174758-20250204t174911-00003_aeqd.nc,/scale/project/ifremer-isi-jumeaunumerique/SARGEO/prototype/v00r00/cyclobs/sh152025/IRWIN/rcm1-sclnc-owi-cm-20250204t174758-20250204t174911-00003-xxxxx_ll_gd_GEO-IRWIN.nc,0.3465901848311026,test
1140,sh152025,sh152025,2025-02-04 07:08:15,rcm1-sclnd-owi-cm-20250204t070815-20250204t070932-00003-xxxxx_ll_gd_GEO-IRWIN.nc,exact_contains,0.0,24.223484884370976,52000.0,18,/scale/user/mtannaou/alternance/donnees_sar_aeqd_09_janvier/sh152025/rcm1-sclnd-owi-cm-20250204t070815-20250204t070932-00003_aeqd.nc,/scale/project/ifremer-isi-jumeaunumerique/SARGEO/prototype/v00r00/cyclobs/sh152025/IRWIN/rcm1-sclnd-owi-cm-20250204t070815-20250204t070932-00003-xxxxx_ll_gd_GEO-IRWIN.nc,0.0720203951561504,train
1141,sh152025,sh152025,2025-02-03 07:12:50,s1a-iw-owi-cm-20250203t071250-20250203t071434-000003-071DD2_ll_gd_GEO-IRWIN.nc,exact_contains,3.6,16.869233333333337,118000.0,23,/scale/user/mtannaou/alternance/donnees_sar_aeqd_09_janvier/sh152025/s1a-iw-owi-cm-20250203t071250-20250203t071434-000003-_aeqd.nc,/scale/project/ifremer-isi-jumeaunumerique/SARGEO/prototype/v00r00/cyclobs/sh152025/IRWIN/s1a-iw-owi-cm-20250203t071250-20250203t071434-000003-071DD2_ll_gd_GEO-IRWIN.nc,1.0,nan
1142,sh152025,sh152025,2025-02-03 18:12:11,rcm3-sclna-owi-cm-20250203t181211-20250203t181327-00003-xxxxx_ll_gd_GEO-IRWIN.nc,exact_contains,3.8,20.68310117218533,95000.0,21,/scale/user/mtannaou/alternance/donnees_sar_aeqd_09_janvier/sh152025/rcm3-sclna-owi-cm-20250203t181211-20250203t181327-00003_aeqd.nc,/scale/project/ifremer-isi-jumeaunumerique/SARGEO/prototype/v00r00/cyclobs/sh152025/IRWIN/rcm3-sclna-owi-cm-20250203t181211-20250203t181327-00003-xxxxx_ll_gd_GEO-IRWIN.nc,0.6416826003824092,nan
1143,DINGANI,sh132023,2023-02-15 14:05:18,rcm3-sclnc-owi-cm-20230215t140518-20230215t140635-00003-______ll_gd_GEO-IRWIN.nc,exact_contains,0.0,27.267305541883022,75000.0,21,/scale/user/mtannaou/alternance/donnees_sar_aeqd_09_janvier/sh132023/rcm3-sclnc-owi-cm-20230215t140518-20230215t140635-00003_aeqd.nc,/scale/project/ifremer-isi-jumeaunumerique/SARGEO/prototype/v00r00/cyclobs/sh132023/IRWIN/rcm3-sclnc-owi-cm-20230215t140518-20230215t140635-00003-______ll_gd_GEO-IRWIN.nc,0.0,train
1144,DINGANI,sh132023,2023-02-16 00:48:22,rcm3-sclnd-owi-cm-20230216t004822-20230216t004938-00003-______ll_gd_GEO-IRWIN.nc,exact_contains,0.0,25.11083607403014,73000.0,20,/scale/user/mtannaou/alternance/donnees_sar_aeqd_09_janvier/sh132023/rcm3-sclnd-owi-cm-20230216t004822-20230216t004938-00003_aeqd.nc,/scale/project/ifremer-isi-jumeaunumerique/SARGEO/prototype/v00r00/cyclobs/sh132023/IRWIN/rcm3-sclnd-owi-cm-20230216t004822-20230216t004938-00003-______ll_gd_GEO-IRWIN.nc,0.0242192479286169,train
1145,DINGANI,sh132023,2023-02-15 00:38:56,rcm3-sclnd-owi-cm-20230215t003856-20230215t004011-00003-______ll_gd_GEO-IRWIN.nc,exact_contains,2.5,26.036229627087504,5000.0,26,/scale/user/mtannaou/alternance/donnees_sar_aeqd_09_janvier/sh132023/rcm3-sclnd-owi-cm-20230215t003856-20230215t004011-00003_aeqd.nc,/scale/project/ifremer-isi-jumeaunumerique/SARGEO/prototype/v00r00/cyclobs/sh132023/IRWIN/rcm3-sclnd-owi-cm-20230215t003856-20230215t004011-00003-______ll_gd_GEO-IRWIN.nc,0.3808795411089866,train
1146,DINGANI,sh132023,2023-02-15 00:41:48,s1a-ew-owi-cm-20230215t004148-20230215t004408-000003-05AB21_ll_gd_GEO-IRWIN.nc,exact_contains,0.0,32.76614414616966,69000.0,26,/scale/user/mtannaou/alternance/donnees_sar_aeqd_09_janvier/sh132023/s1a-ew-owi-cm-20230215t004148-20230215t004408-000003-_aeqd.nc,/scale/project/ifremer-isi-jumeaunumerique/SARGEO/prototype/v00r00/cyclobs/sh132023/IRWIN/s1a-ew-owi-cm-20230215t004148-20230215t004408-000003-05AB21_ll_gd_GEO-IRWIN.nc,0.0,test
1147,DINGANI,sh132023,2023-02-14 13:46:26,s1a-ew-owi-cm-20230214t134626-20230214t134830-000003-05AAE6_ll_gd_GEO-IRWIN.nc,fuzzy_sat_time,0.7,38.19663333333334,71000.0,32,/scale/user/mtannaou/alternance/donnees_sar_aeqd_09_janvier/sh132023/s1a-ew-owi-cm-20230214t134626-20230214t134931-000003-_aeqd.nc,/scale/project/ifremer-isi-jumeaunumerique/SARGEO/prototype/v00r00/cyclobs/sh132023/IRWIN/s1a-ew-owi-cm-20230214t134626-20230214t134830-000003-05AAE6_ll_gd_GEO-IRWIN.nc,0.0,train
1148,DINGANI,sh132023,2023-02-14 00:30:04,rcm3-sclnd-owi-cm-20230214t003004-20230214t003120-00003-______ll_gd_GEO-IRWIN.nc,exact_contains,0.0,37.752103700511285,33000.0,36,/scale/user/mtannaou/alternance/donnees_sar_aeqd_09_janvier/sh132023/rcm3-sclnd-owi-cm-20230214t003004-20230214t003120-00003_aeqd.nc,/scale/project/ifremer-isi-jumeaunumerique/SARGEO/prototype/v00r00/cyclobs/sh132023/IRWIN/rcm3-sclnd-owi-cm-20230214t003004-20230214t003120-00003-______ll_gd_GEO-IRWIN.nc,0.0,train
1149,CHANTAL,al032025,2025-07-05 23:20:34,rcm3-sclnd-owi-cm-20250705t232034-20250705t232148-00003-xxxxx_ll_gd_GEO-IRWIN.nc,exact_contains,4.5,17.025045701827196,216000.0,21,/scale/user/mtannaou/alternance/donnees_sar_aeqd_09_janvier/al032025no_env/rcm3-sclnd-owi-cm-20250705t232034-20250705t232148-00003_aeqd.nc,/scale/project/ifremer-isi-jumeaunumerique/SARGEO/prototype/v00r00/cyclobs/al032025/IRWIN/rcm3-sclnd-owi-cm-20250705t232034-20250705t232148-00003-xxxxx_ll_gd_GEO-IRWIN.nc,0.0,nan
1150,CHANTAL,al032025,2025-07-06 11:07:36,rcm3-sclnd-owi-cm-20250706t110736-20250706t110824-00003-xxxxx_ll_gd_GEO-IRWIN.nc,exact_contains,4.8,16.31020462867201,129000.0,19,/scale/user/mtannaou/alternance/donnees_sar_aeqd_09_janvier/al032025no_env/rcm3-sclnd-owi-cm-20250706t110736-20250706t110824-00003_aeqd.nc,/scale/project/ifremer-isi-jumeaunumerique/SARGEO/prototype/v00r00/cyclobs/al032025/IRWIN/rcm3-sclnd-owi-cm-20250706t110736-20250706t110824-00003-xxxxx_ll_gd_GEO-IRWIN.nc,0.8210325047801147,nan
1151,ELVIS,sh122025,2025-01-31 02:16:37,rcm2-sclnc-owi-cm-20250131t021637-20250131t021752-00003-xxxxx_ll_gd_GEO-IRWIN.nc,exact_contains,2.6,,,21,/scale/user/mtannaou/alternance/donnees_sar_aeqd_09_janvier/sh122025/rcm2-sclnc-owi-cm-20250131t021637-20250131t021752-00003_aeqd.nc,/scale/project/ifremer-isi-jumeaunumerique/SARGEO/prototype/v00r00/cyclobs/sh122025/IRWIN/rcm2-sclnc-owi-cm-20250131t021637-20250131t021752-00003-xxxxx_ll_gd_GEO-IRWIN.nc,0.994136392606756,nan
1152,ELVIS,sh122025,2025-01-31 15:08:42,rcm3-sclna-owi-cm-20250131t150842-20250131t150958-00003-xxxxx_ll_gd_GEO-IRWIN.nc,exact_contains,4.8,,,18,/scale/user/mtannaou/alternance/donnees_sar_aeqd_09_janvier/sh122025/rcm3-sclna-owi-cm-20250131t150842-20250131t150958-00003_aeqd.nc,/scale/project/ifremer-isi-jumeaunumerique/SARGEO/prototype/v00r00/cyclobs/sh122025/IRWIN/rcm3-sclna-owi-cm-20250131t150842-20250131t150958-00003-xxxxx_ll_gd_GEO-IRWIN.nc,0.6673040152963671,nan
1153,ELVIS,sh122025,2025-01-30 15:33:47,rcm2-sclnb-owi-cm-20250130t153347-20250130t153501-00003-xxxxx_ll_gd_GEO-IRWIN.nc,exact_contains,0.75,19.091758844563703,123000.0,21,/scale/user/mtannaou/alternance/donnees_sar_aeqd_09_janvier/sh122025/rcm2-sclnb-owi-cm-20250130t153347-20250130t153501-00003_aeqd.nc,/scale/project/ifremer-isi-jumeaunumerique/SARGEO/prototype/v00r00/cyclobs/sh122025/IRWIN/rcm2-sclnb-owi-cm-20250130t153347-20250130t153501-00003-xxxxx_ll_gd_GEO-IRWIN.nc,0.4115997450605481,test
1154,ELVIS,sh122025,2025-02-01 01:54:20,rcm3-sclna-owi-cm-20250201t015420-20250201t015536-00003-xxxxx_ll_gd_GEO-IRWIN.nc,exact_contains,2.7,17.051450574557222,106000.0,18,/scale/user/mtannaou/alternance/donnees_sar_aeqd_09_janvier/sh122025/rcm3-sclna-owi-cm-20250201t015420-20250201t015536-00003_aeqd.nc,/scale/project/ifremer-isi-jumeaunumerique/SARGEO/prototype/v00r00/cyclobs/sh122025/IRWIN/rcm3-sclna-owi-cm-20250201t015420-20250201t015536-00003-xxxxx_ll_gd_GEO-IRWIN.nc,0.7538559592096877,nan
1155,GOMBE,sh192022,2022-03-09 02:26:20,s1a-iw-owi-cm-20220309t022620-20220309t022739-000003-0508C0_ll_gd_GEO-IRWIN.nc,exact_contains,1.8,24.038481481481483,25000.0,24,/scale/user/mtannaou/alternance/donnees_sar_aeqd_09_janvier/sh192022/s1a-iw-owi-cm-20220309t022620-20220309t022739-000003-_aeqd.nc,/scale/project/ifremer-isi-jumeaunumerique/SARGEO/prototype/v00r00/cyclobs/sh192022/IRWIN/s1a-iw-owi-cm-20220309t022620-20220309t022739-000003-0508C0_ll_gd_GEO-IRWIN.nc,0.2355640535372849,train
1156,FILIPO,sh172024,2024-03-13 16:13:31,rcm1-sclnc-owi-cm-20240313t161331-20240313t161447-00003-______ll_gd_GEO-IRWIN.nc,exact_contains,2.2,28.473698527524967,152000.0,23,/scale/user/mtannaou/alternance/donnees_sar_aeqd_09_janvier/sh172024/rcm1-sclnc-owi-cm-20240313t161331-20240313t161447-00003_aeqd.nc,/scale/project/ifremer-isi-jumeaunumerique/SARGEO/prototype/v00r00/cyclobs/sh172024/IRWIN/rcm1-sclnc-owi-cm-20240313t161331-20240313t161447-00003-______ll_gd_GEO-IRWIN.nc,0.1838113448056086,train
1157,FILIPO,sh172024,2024-03-14 15:47:48,rcm2-sclnd-owi-cm-20240314t154748-20240314t154905-00003-______ll_gd_GEO-IRWIN.nc,exact_contains,2.4000000000000004,45.37820370370371,108000.0,27,/scale/user/mtannaou/alternance/donnees_sar_aeqd_09_janvier/sh172024/rcm2-sclnd-owi-cm-20240314t154748-20240314t154905-00003_aeqd.nc,/scale/project/ifremer-isi-jumeaunumerique/SARGEO/prototype/v00r00/cyclobs/sh172024/IRWIN/rcm2-sclnd-owi-cm-20240314t154748-20240314t154905-00003-______ll_gd_GEO-IRWIN.nc,0.0638623326959847,train
1158,TEJ,io052023,2023-10-22 14:24:09,rcm2-sc50ma-owi-cm-20231022t142409-20231022t142527-00003-______ll_gd_GEO-IRWIN.nc,exact_contains,0.0,52.80159259259259,28000.0,55,/scale/user/mtannaou/alternance/donnees_sar_aeqd_09_janvier/io052023/rcm2-sc50ma-owi-cm-20231022t142409-20231022t142527-00003_aeqd.nc,/scale/project/ifremer-isi-jumeaunumerique/SARGEO/prototype/v00r00/cyclobs/io052023/IRWIN/rcm2-sc50ma-owi-cm-20231022t142409-20231022t142527-00003-______ll_gd_GEO-IRWIN.nc,0.3148502230720204,train
1159,PILAR,ep192023,2023-10-31 12:00:38,rcm1-sc50ma-owi-cm-20231031t120038-20231031t120203-00003-______ll_gd_GEO-IRWIN.nc,exact_contains,2.5,,,23,/scale/user/mtannaou/alternance/donnees_sar_aeqd_09_janvier/ep192023/rcm1-sc50ma-owi-cm-20231031t120038-20231031t120203-00003_aeqd.nc,/scale/project/ifremer-isi-jumeaunumerique/SARGEO/prototype/v00r00/cyclobs/ep192023/IRWIN/rcm1-sc50ma-owi-cm-20231031t120038-20231031t120203-00003-______ll_gd_GEO-IRWIN.nc,0.6902485659655831,nan
1160,PILAR,ep192023,2023-11-02 00:21:53,s1a-iw-owi-cm-20231102t002153-20231102t002312-000003-06273D_ll_gd_GEO-IRWIN.nc,fuzzy_sat_time,0.0,30.973229629629632,27000.0,23,/scale/user/mtannaou/alternance/donnees_sar_aeqd_09_janvier/ep192023/s1a-iw-owi-cm-20231102t002153-20231102t002337-000003-_aeqd.nc,/scale/project/ifremer-isi-jumeaunumerique/SARGEO/prototype/v00r00/cyclobs/ep192023/IRWIN/s1a-iw-owi-cm-20231102t002153-20231102t002312-000003-06273D_ll_gd_GEO-IRWIN.nc,0.0260038240917782,test
1161,PILAR,ep192023,2023-11-01 00:11:02,rcm1-sc50mc-owi-cm-20231101t001102-20231101t001218-00003-______ll_gd_GEO-IRWIN.nc,exact_contains,0.0,29.544042968960103,45000.0,26,/scale/user/mtannaou/alternance/donnees_sar_aeqd_09_janvier/ep192023/rcm1-sc50mc-owi-cm-20231101t001102-20231101t001218-00003_aeqd.nc,/scale/project/ifremer-isi-jumeaunumerique/SARGEO/prototype/v00r00/cyclobs/ep192023/IRWIN/rcm1-sc50mc-owi-cm-20231101t001102-20231101t001218-00003-______ll_gd_GEO-IRWIN.nc,0.0,train
1162,PILAR,ep192023,2023-10-30 11:52:55,rcm1-sc50mc-owi-cm-20231030t115255-20231030t115412-00003-______ll_gd_GEO-IRWIN.nc,exact_contains,0.0,18.490398685553625,39000.0,21,/scale/user/mtannaou/alternance/donnees_sar_aeqd_09_janvier/ep192023/rcm1-sc50mc-owi-cm-20231030t115255-20231030t115412-00003_aeqd.nc,/scale/project/ifremer-isi-jumeaunumerique/SARGEO/prototype/v00r00/cyclobs/ep192023/IRWIN/rcm1-sc50mc-owi-cm-20231030t115255-20231030t115412-00003-______ll_gd_GEO-IRWIN.nc,0.0,train
1163,PILAR,ep192023,2023-11-04 13:05:57,rcm3-sc50ma-owi-cm-20231104t130557-20231104t130711-00003-______ll_gd_GEO-IRWIN.nc,exact_contains,0.0,30.95141505633465,30000.0,21,/scale/user/mtannaou/alternance/donnees_sar_aeqd_09_janvier/ep192023/rcm3-sc50ma-owi-cm-20231104t130557-20231104t130711-00003_aeqd.nc,/scale/project/ifremer-isi-jumeaunumerique/SARGEO/prototype/v00r00/cyclobs/ep192023/IRWIN/rcm3-sc50ma-owi-cm-20231104t130557-20231104t130711-00003-______ll_gd_GEO-IRWIN.nc,0.0024219247928616,val
1164,PILAR,ep192023,2023-11-02 00:18:49,rcm1-sc50mc-owi-cm-20231102t001849-20231102t002007-00003-______ll_gd_GEO-IRWIN.nc,exact_contains,2.0,26.873911856507544,62000.0,23,/scale/user/mtannaou/alternance/donnees_sar_aeqd_09_janvier/ep192023/rcm1-sc50mc-owi-cm-20231102t001849-20231102t002007-00003_aeqd.nc,/scale/project/ifremer-isi-jumeaunumerique/SARGEO/prototype/v00r00/cyclobs/ep192023/IRWIN/rcm1-sc50mc-owi-cm-20231102t001849-20231102t002007-00003-______ll_gd_GEO-IRWIN.nc,0.0,train
1165,PILAR,ep192023,2023-11-05 13:14:10,rcm3-sc50mc-owi-cm-20231105t131410-20231105t131526-00003-______ll_gd_GEO-IRWIN.nc,exact_contains,1.7,19.317647132867645,28000.0,23,/scale/user/mtannaou/alternance/donnees_sar_aeqd_09_janvier/ep192023/rcm3-sc50mc-owi-cm-20231105t131410-20231105t131526-00003_aeqd.nc,/scale/project/ifremer-isi-jumeaunumerique/SARGEO/prototype/v00r00/cyclobs/ep192023/IRWIN/rcm3-sc50mc-owi-cm-20231105t131410-20231105t131526-00003-______ll_gd_GEO-IRWIN.nc,0.2842574888463989,train
1166,TAUKTAE,io012021,2021-05-17 01:01:28,rs2-scwa-owi-cm-20210517t010128-20210517t010351-00003-______ll_gd_GEO-IRWIN.nc,exact_contains,0.0,51.16413333333333,31000.0,61,/scale/user/mtannaou/alternance/donnees_sar_aeqd_09_janvier/io012021/rs2-scwa-owi-cm-20210517t010128-20210517t010351-00003_aeqd.nc,/scale/project/ifremer-isi-jumeaunumerique/SARGEO/prototype/v00r00/cyclobs/io012021/IRWIN/rs2-scwa-owi-cm-20210517t010128-20210517t010351-00003-______ll_gd_GEO-IRWIN.nc,0.0,val
1167,SAUDEL,wp192020,2020-10-20 09:56:27,s1b-iw-owi-cm-20201020t095807-20201020t095922-000003-02D69A_ll_gd_GEO-IRWIN.nc,fuzzy_sat_time,5.1,,,22,/scale/user/mtannaou/alternance/donnees_sar_aeqd_09_janvier/wp192020/s1b-iw-owi-cm-20201020t095627-20201020t095922-000003-_aeqd.nc,/scale/project/ifremer-isi-jumeaunumerique/SARGEO/prototype/v00r00/cyclobs/wp192020/IRWIN/s1b-iw-owi-cm-20201020t095807-20201020t095922-000003-02D69A_ll_gd_GEO-IRWIN.nc,0.0579987253027406,nan
1168,DALILA,ep042025,2025-06-15 01:16:58,rcm3-sc50mc-owi-cm-20250615t011658-20250615t011808-00003-xxxxx_ll_gd_GEO-IRWIN.nc,exact_contains,0.3,38.2931518537622,59000.0,28,/scale/user/mtannaou/alternance/donnees_sar_aeqd_09_janvier/ep042025no_env/rcm3-sc50mc-owi-cm-20250615t011658-20250615t011808-00003_aeqd.nc,/scale/project/ifremer-isi-jumeaunumerique/SARGEO/prototype/v00r00/cyclobs/ep042025/IRWIN/rcm3-sc50mc-owi-cm-20250615t011658-20250615t011808-00003-xxxxx_ll_gd_GEO-IRWIN.nc,0.0898661567877629,train
1169,DALILA,ep042025,2025-06-15 13:12:04,rcm3-sc50ma-owi-cm-20250615t131204-20250615t131317-00003-xxxxx_ll_gd_GEO-IRWIN.nc,exact_contains,0.25,26.226603963097524,42000.0,25,/scale/user/mtannaou/alternance/donnees_sar_aeqd_09_janvier/ep042025no_env/rcm3-sc50ma-owi-cm-20250615t131204-20250615t131317-00003_aeqd.nc,/scale/project/ifremer-isi-jumeaunumerique/SARGEO/prototype/v00r00/cyclobs/ep042025/IRWIN/rcm3-sc50ma-owi-cm-20250615t131204-20250615t131317-00003-xxxxx_ll_gd_GEO-IRWIN.nc,0.291523263224984,test
1170,DALILA,ep042025,2025-06-13 12:25:05,rcm1-sc50mc-owi-cm-20250613t122505-20250613t122615-00003-xxxxx_ll_gd_GEO-IRWIN.nc,exact_contains,1.95,15.74072661482792,444000.0,16,/scale/user/mtannaou/alternance/donnees_sar_aeqd_09_janvier/ep042025no_env/rcm1-sc50mc-owi-cm-20250613t122505-20250613t122615-00003_aeqd.nc,/scale/project/ifremer-isi-jumeaunumerique/SARGEO/prototype/v00r00/cyclobs/ep042025/IRWIN/rcm1-sc50mc-owi-cm-20250613t122505-20250613t122615-00003-xxxxx_ll_gd_GEO-IRWIN.nc,0.797195666029318,nan
1171,IALY,sh242024,2024-05-18 14:58:36,rcm2-sc50ma-owi-cm-20240518t145836-20240518t145953-00003-______ll_gd_GEO-IRWIN.nc,exact_contains,2.7,16.111846102010464,193000.0,24,/scale/user/mtannaou/alternance/donnees_sar_aeqd_09_janvier/sh242024/rcm2-sc50ma-owi-cm-20240518t145836-20240518t145953-00003_aeqd.nc,/scale/project/ifremer-isi-jumeaunumerique/SARGEO/prototype/v00r00/cyclobs/sh242024/IRWIN/rcm2-sc50ma-owi-cm-20240518t145836-20240518t145953-00003-______ll_gd_GEO-IRWIN.nc,0.9269598470363288,nan
1172,IALY,sh242024,2024-05-19 02:35:25,rcm3-sc50ma-owi-cm-20240519t023525-20240519t023640-00003-______ll_gd_GEO-IRWIN.nc,exact_contains,0.6,33.06062351899531,30000.0,28,/scale/user/mtannaou/alternance/donnees_sar_aeqd_09_janvier/sh242024/rcm3-sc50ma-owi-cm-20240519t023525-20240519t023640-00003_aeqd.nc,/scale/project/ifremer-isi-jumeaunumerique/SARGEO/prototype/v00r00/cyclobs/sh242024/IRWIN/rcm3-sc50ma-owi-cm-20240519t023525-20240519t023640-00003-______ll_gd_GEO-IRWIN.nc,0.0,train
1173,IALY,sh242024,2024-05-17 02:19:01,rcm3-sc50ma-owi-cm-20240517t021901-20240517t022016-00003-______ll_gd_GEO-IRWIN.nc,exact_contains,0.6,27.620950167615263,51000.0,22,/scale/user/mtannaou/alternance/donnees_sar_aeqd_09_janvier/sh242024/rcm3-sc50ma-owi-cm-20240517t021901-20240517t022016-00003_aeqd.nc,/scale/project/ifremer-isi-jumeaunumerique/SARGEO/prototype/v00r00/cyclobs/sh242024/IRWIN/rcm3-sc50ma-owi-cm-20240517t021901-20240517t022016-00003-______ll_gd_GEO-IRWIN.nc,0.3462077756532823,val
1174,IALY,sh242024,2024-05-17 14:50:41,rcm2-sc50ma-owi-cm-20240517t145041-20240517t145159-00003-______ll_gd_GEO-IRWIN.nc,exact_contains,2.1,15.681542717777528,40000.0,21,/scale/user/mtannaou/alternance/donnees_sar_aeqd_09_janvier/sh242024/rcm2-sc50ma-owi-cm-20240517t145041-20240517t145159-00003_aeqd.nc,/scale/project/ifremer-isi-jumeaunumerique/SARGEO/prototype/v00r00/cyclobs/sh242024/IRWIN/rcm2-sc50ma-owi-cm-20240517t145041-20240517t145159-00003-______ll_gd_GEO-IRWIN.nc,0.5910771191841937,nan
1175,IALY,sh242024,2024-05-16 14:42:57,rcm2-sc50ma-owi-cm-20240516t144257-20240516t144414-00003-______ll_gd_GEO-IRWIN.nc,exact_contains,3.0,28.668065901435256,23000.0,21,/scale/user/mtannaou/alternance/donnees_sar_aeqd_09_janvier/sh242024/rcm2-sc50ma-owi-cm-20240516t144257-20240516t144414-00003_aeqd.nc,/scale/project/ifremer-isi-jumeaunumerique/SARGEO/prototype/v00r00/cyclobs/sh242024/IRWIN/rcm2-sc50ma-owi-cm-20240516t144257-20240516t144414-00003-______ll_gd_GEO-IRWIN.nc,0.6662842574888465,nan
1176,KIROGI,wp112023,2023-09-07 08:58:44,rcm1-sc50mc-owi-cm-20230907t085844-20230907t090000-00003-______ll_gd_GEO-IRWIN.nc,exact_contains,1.4,29.56754444090192,57000.0,8,/scale/user/mtannaou/alternance/donnees_sar_aeqd_09_janvier/wp112023/rcm1-sc50mc-owi-cm-20230907t085844-20230907t090000-00003_aeqd.nc,/scale/project/ifremer-isi-jumeaunumerique/SARGEO/prototype/v00r00/cyclobs/wp112023/IRWIN/rcm1-sc50mc-owi-cm-20230907t085844-20230907t090000-00003-______ll_gd_GEO-IRWIN.nc,0.1267049075844487,train
1177,FENGSHEN,wp262019,2019-11-14 20:12:29,rs2-scwa-owi-cm-20191114t201229-20191114t201344-00003-______ll_gd_GEO-IRWIN.nc,exact_contains,0.0,47.06287407407408,21000.0,36,/scale/user/mtannaou/alternance/donnees_sar_aeqd_09_janvier/wp262019/rs2-scwa-owi-cm-20191114t201229-20191114t201344-00003_aeqd.nc,/scale/project/ifremer-isi-jumeaunumerique/SARGEO/prototype/v00r00/cyclobs/wp262019/IRWIN/rs2-scwa-owi-cm-20191114t201229-20191114t201344-00003-______ll_gd_GEO-IRWIN.nc,0.0,train
1178,YINXING,wp242024,2024-11-05 21:30:25,rcm1-sc50mb-owi-cm-20241105t213025-20241105t213142-00003-______ll_gd_GEO-IRWIN.nc,exact_contains,0.7,47.20927037037037,22000.0,49,/scale/user/mtannaou/alternance/donnees_sar_aeqd_09_janvier/wp242024/rcm1-sc50mb-owi-cm-20241105t213025-20241105t213142-00003_aeqd.nc,/scale/project/ifremer-isi-jumeaunumerique/SARGEO/prototype/v00r00/cyclobs/wp242024/IRWIN/rcm1-sc50mb-owi-cm-20241105t213025-20241105t213142-00003-______ll_gd_GEO-IRWIN.nc,0.0238368387507966,test
1179,YINXING,wp242024,2024-11-06 09:44:07,rcm1-sc50ma-owi-cm-20241106t094407-20241106t094524-00003-______ll_gd_GEO-IRWIN.nc,exact_contains,0.0,55.89756666666667,25000.0,55,/scale/user/mtannaou/alternance/donnees_sar_aeqd_09_janvier/wp242024/rcm1-sc50ma-owi-cm-20241106t094407-20241106t094524-00003_aeqd.nc,/scale/project/ifremer-isi-jumeaunumerique/SARGEO/prototype/v00r00/cyclobs/wp242024/IRWIN/rcm1-sc50ma-owi-cm-20241106t094407-20241106t094524-00003-______ll_gd_GEO-IRWIN.nc,0.0240917782026768,train
1180,YINXING,wp242024,2024-11-05 09:35:38,rcm1-sc50ma-owi-cm-20241105t093538-20241105t093655-00003-______ll_gd_GEO-IRWIN.nc,exact_contains,0.0,49.27158148148148,19000.0,43,/scale/user/mtannaou/alternance/donnees_sar_aeqd_09_janvier/wp242024/rcm1-sc50ma-owi-cm-20241105t093538-20241105t093655-00003_aeqd.nc,/scale/project/ifremer-isi-jumeaunumerique/SARGEO/prototype/v00r00/cyclobs/wp242024/IRWIN/rcm1-sc50ma-owi-cm-20241105t093538-20241105t093655-00003-______ll_gd_GEO-IRWIN.nc,0.2022944550669216,test
1181,YINXING,wp242024,2024-11-04 09:26:31,rcm1-sc50mc-owi-cm-20241104t092631-20241104t092859-00003-______ll_gd_GEO-IRWIN.nc,exact_contains,0.0,39.88467777760444,19000.0,31,/scale/user/mtannaou/alternance/donnees_sar_aeqd_09_janvier/wp242024/rcm1-sc50mc-owi-cm-20241104t092631-20241104t092859-00003_aeqd.nc,/scale/project/ifremer-isi-jumeaunumerique/SARGEO/prototype/v00r00/cyclobs/wp242024/IRWIN/rcm1-sc50mc-owi-cm-20241104t092631-20241104t092859-00003-______ll_gd_GEO-IRWIN.nc,0.0476736775015933,val
1182,YINXING,wp242024,2024-11-04 21:22:46,rcm1-sc50ma-owi-cm-20241104t212246-20241104t212403-00003-______ll_gd_GEO-IRWIN.nc,exact_contains,0.0,47.55621851851851,17000.0,38,/scale/user/mtannaou/alternance/donnees_sar_aeqd_09_janvier/wp242024/rcm1-sc50ma-owi-cm-20241104t212246-20241104t212403-00003_aeqd.nc,/scale/project/ifremer-isi-jumeaunumerique/SARGEO/prototype/v00r00/cyclobs/wp242024/IRWIN/rcm1-sc50ma-owi-cm-20241104t212246-20241104t212403-00003-______ll_gd_GEO-IRWIN.nc,0.0,train
1183,YINXING,wp242024,2024-11-07 09:52:11,rcm1-sc50ma-owi-cm-20241107t095211-20241107t095323-00003-______ll_gd_GEO-IRWIN.nc,exact_contains,1.8,54.698081481481495,21000.0,64,/scale/user/mtannaou/alternance/donnees_sar_aeqd_09_janvier/wp242024/rcm1-sc50ma-owi-cm-20241107t095211-20241107t095323-00003_aeqd.nc,/scale/project/ifremer-isi-jumeaunumerique/SARGEO/prototype/v00r00/cyclobs/wp242024/IRWIN/rcm1-sc50ma-owi-cm-20241107t095211-20241107t095323-00003-______ll_gd_GEO-IRWIN.nc,0.4260038240917782,train
1184,YINXING,wp242024,2024-11-04 21:21:36,s1a-ew-owi-cm-20241104t212136-20241104t212239-000003-06E988_ll_gd_GEO-IRWIN.nc,exact_contains,0.0,46.07192592592593,20000.0,37,/scale/user/mtannaou/alternance/donnees_sar_aeqd_09_janvier/wp242024/s1a-ew-owi-cm-20241104t212136-20241104t212239-000003-_aeqd.nc,/scale/project/ifremer-isi-jumeaunumerique/SARGEO/prototype/v00r00/cyclobs/wp242024/IRWIN/s1a-ew-owi-cm-20241104t212136-20241104t212239-000003-06E988_ll_gd_GEO-IRWIN.nc,0.0,train
1185,YINXING,wp242024,2024-11-06 21:38:28,rcm1-sc50mc-owi-cm-20241106t213828-20241106t213936-00003-______ll_gd_GEO-IRWIN.nc,exact_contains,0.9,55.6220888888889,21000.0,61,/scale/user/mtannaou/alternance/donnees_sar_aeqd_09_janvier/wp242024/rcm1-sc50mc-owi-cm-20241106t213828-20241106t213936-00003_aeqd.nc,/scale/project/ifremer-isi-jumeaunumerique/SARGEO/prototype/v00r00/cyclobs/wp242024/IRWIN/rcm1-sc50mc-owi-cm-20241106t213828-20241106t213936-00003-______ll_gd_GEO-IRWIN.nc,0.0,train
1186,YINXING,wp242024,2024-11-11 10:40:19,s1a-ew-owi-cm-20241111t104019-20241111t104122-000003-06ED50_ll_gd_GEO-IRWIN.nc,exact_contains,1.5499999999999998,19.94043463320815,54000.0,19,/scale/user/mtannaou/alternance/donnees_sar_aeqd_09_janvier/wp242024/s1a-ew-owi-cm-20241111t104019-20241111t104122-000003-_aeqd.nc,/scale/project/ifremer-isi-jumeaunumerique/SARGEO/prototype/v00r00/cyclobs/wp242024/IRWIN/s1a-ew-owi-cm-20241111t104019-20241111t104122-000003-06ED50_ll_gd_GEO-IRWIN.nc,0.2378585086042065,train
1187,YINXING,wp242024,2024-11-08 10:15:53,s1a-ew-owi-cm-20241108t101553-20241108t101657-000003-06EB89_ll_gd_GEO-IRWIN.nc,exact_contains,0.0,41.873362962962965,36000.0,46,/scale/user/mtannaou/alternance/donnees_sar_aeqd_09_janvier/wp242024/s1a-ew-owi-cm-20241108t101553-20241108t101657-000003-_aeqd.nc,/scale/project/ifremer-isi-jumeaunumerique/SARGEO/prototype/v00r00/cyclobs/wp242024/IRWIN/s1a-ew-owi-cm-20241108t101553-20241108t101657-000003-06EB89_ll_gd_GEO-IRWIN.nc,0.0002549394518801,train
1188,YINXING,wp242024,2024-11-11 10:56:27,rcm3-sc50mc-owi-cm-20241111t105627-20241111t105713-00003-______ll_gd_GEO-IRWIN.nc,exact_contains,1.75,18.29048945774045,55000.0,18,/scale/user/mtannaou/alternance/donnees_sar_aeqd_09_janvier/wp242024/rcm3-sc50mc-owi-cm-20241111t105627-20241111t105713-00003_aeqd.nc,/scale/project/ifremer-isi-jumeaunumerique/SARGEO/prototype/v00r00/cyclobs/wp242024/IRWIN/rcm3-sc50mc-owi-cm-20241111t105627-20241111t105713-00003-______ll_gd_GEO-IRWIN.nc,0.6455066921606119,nan
1189,YINXING,wp242024,2024-11-07 21:46:32,rcm1-sc50mc-owi-cm-20241107t214632-20241107t214739-00003-______ll_gd_GEO-IRWIN.nc,exact_contains,1.8,38.207018520829095,32000.0,45,/scale/user/mtannaou/alternance/donnees_sar_aeqd_09_janvier/wp242024/rcm1-sc50mc-owi-cm-20241107t214632-20241107t214739-00003_aeqd.nc,/scale/project/ifremer-isi-jumeaunumerique/SARGEO/prototype/v00r00/cyclobs/wp242024/IRWIN/rcm1-sc50mc-owi-cm-20241107t214632-20241107t214739-00003-______ll_gd_GEO-IRWIN.nc,0.2267686424474187,train
1190,TALIM,wp042023,2023-07-16 10:24:36,rcm3-sc50mb-owi-cm-20230716t102436-20230716t102553-00003-______ll_gd_GEO-IRWIN.nc,exact_contains,0.0,29.017595759969904,102000.0,30,/scale/user/mtannaou/alternance/donnees_sar_aeqd_09_janvier/wp042023/rcm3-sc50mb-owi-cm-20230716t102436-20230716t102553-00003_aeqd.nc,/scale/project/ifremer-isi-jumeaunumerique/SARGEO/prototype/v00r00/cyclobs/wp042023/IRWIN/rcm3-sc50mb-owi-cm-20230716t102436-20230716t102553-00003-______ll_gd_GEO-IRWIN.nc,0.0,val
1191,TALIM,wp042023,2023-07-16 22:18:35,rcm3-sc50mc-owi-cm-20230716t221835-20230716t221951-00003-______ll_gd_GEO-IRWIN.nc,exact_contains,0.0,35.01087400042247,77000.0,35,/scale/user/mtannaou/alternance/donnees_sar_aeqd_09_janvier/wp042023/rcm3-sc50mc-owi-cm-20230716t221835-20230716t221951-00003_aeqd.nc,/scale/project/ifremer-isi-jumeaunumerique/SARGEO/prototype/v00r00/cyclobs/wp042023/IRWIN/rcm3-sc50mc-owi-cm-20230716t221835-20230716t221951-00003-______ll_gd_GEO-IRWIN.nc,0.0,test
1192,TALIM,wp042023,2023-07-17 22:26:46,rcm3-sc50mc-owi-cm-20230717t222646-20230717t222735-00003-______ll_gd_GEO-IRWIN.nc,exact_contains,5.1,,,32,/scale/user/mtannaou/alternance/donnees_sar_aeqd_09_janvier/wp042023/rcm3-sc50mc-owi-cm-20230717t222646-20230717t222735-00003_aeqd.nc,/scale/project/ifremer-isi-jumeaunumerique/SARGEO/prototype/v00r00/cyclobs/wp042023/IRWIN/rcm3-sc50mc-owi-cm-20230717t222646-20230717t222735-00003-______ll_gd_GEO-IRWIN.nc,0.9918419375398344,nan
1193,TALIM,wp042023,2023-07-17 10:33:05,rcm3-sc50ma-owi-cm-20230717t103305-20230717t103402-00003-______ll_gd_GEO-IRWIN.nc,exact_contains,1.8,43.65073703703696,40000.0,42,/scale/user/mtannaou/alternance/donnees_sar_aeqd_09_janvier/wp042023/rcm3-sc50ma-owi-cm-20230717t103305-20230717t103402-00003_aeqd.nc,/scale/project/ifremer-isi-jumeaunumerique/SARGEO/prototype/v00r00/cyclobs/wp042023/IRWIN/rcm3-sc50ma-owi-cm-20230717t103305-20230717t103402-00003-______ll_gd_GEO-IRWIN.nc,0.4588910133843212,train
1194,TALIM,wp042023,2023-07-17 10:33:05,rcm3-sclna-owi-cm-20230717t103401-20230717t103420-00003-______ll_gd_GEO-IRWIN.nc,fuzzy_sat_time,1.8,43.65073703703696,40000.0,42,/scale/user/mtannaou/alternance/donnees_sar_aeqd_09_janvier/wp042023/rcm3-sc50ma-owi-cm-20230717t103305-20230717t103402-00003_aeqd.nc,/scale/project/ifremer-isi-jumeaunumerique/SARGEO/prototype/v00r00/cyclobs/wp042023/IRWIN/rcm3-sclna-owi-cm-20230717t103401-20230717t103420-00003-______ll_gd_GEO-IRWIN.nc,0.4588910133843212,train
1195,ALVIN,ep012025,2025-05-30 13:12:13,rcm2-sc50ma-owi-cm-20250530t131213-20250530t131330-00003-xxxxx_ll_gd_GEO-IRWIN.nc,exact_contains,0.0,26.075013791411124,70000.0,23,/scale/user/mtannaou/alternance/donnees_sar_aeqd_09_janvier/ep012025no_env/rcm2-sc50ma-owi-cm-20250530t131213-20250530t131330-00003_aeqd.nc,/scale/project/ifremer-isi-jumeaunumerique/SARGEO/prototype/v00r00/cyclobs/ep012025/IRWIN/rcm2-sc50ma-owi-cm-20250530t131213-20250530t131330-00003-xxxxx_ll_gd_GEO-IRWIN.nc,0.0,val
1196,ALVIN,ep012025,2025-05-31 01:25:16,rcm2-sc50mc-owi-cm-20250531t012516-20250531t012631-00003-xxxxx_ll_gd_GEO-IRWIN.nc,exact_contains,0.0,21.62492370338121,87000.0,20,/scale/user/mtannaou/alternance/donnees_sar_aeqd_09_janvier/ep012025no_env/rcm2-sc50mc-owi-cm-20250531t012516-20250531t012631-00003_aeqd.nc,/scale/project/ifremer-isi-jumeaunumerique/SARGEO/prototype/v00r00/cyclobs/ep012025/IRWIN/rcm2-sc50mc-owi-cm-20250531t012516-20250531t012631-00003-xxxxx_ll_gd_GEO-IRWIN.nc,0.0,train
1197,LARRY,al122021,2021-09-04 08:51:02,s1b-ew-owi-cm-20210904t085102-20210904t085352-000003-036818_ll_gd_GEO-IRWIN.nc,exact_contains,0.0,39.43997407407407,55000.0,55,/scale/user/mtannaou/alternance/donnees_sar_aeqd_09_janvier/al122021/s1b-ew-owi-cm-20210904t085102-20210904t085352-000003-_aeqd.nc,/scale/project/ifremer-isi-jumeaunumerique/SARGEO/prototype/v00r00/cyclobs/al122021/IRWIN/s1b-ew-owi-cm-20210904t085102-20210904t085352-000003-036818_ll_gd_GEO-IRWIN.nc,0.0,train
1198,LARRY,al122021,2021-09-07 21:46:30,s1b-ew-owi-cm-20210907t214630-20210907t215005-000003-0369AB_ll_gd_GEO-IRWIN.nc,exact_contains,0.8,40.80798888888888,59000.0,51,/scale/user/mtannaou/alternance/donnees_sar_aeqd_09_janvier/al122021/s1b-ew-owi-cm-20210907t214630-20210907t215005-000003-_aeqd.nc,/scale/project/ifremer-isi-jumeaunumerique/SARGEO/prototype/v00r00/cyclobs/al122021/IRWIN/s1b-ew-owi-cm-20210907t214630-20210907t215005-000003-0369AB_ll_gd_GEO-IRWIN.nc,0.0,train
1199,LARRY,al122021,2021-09-05 21:33:42,rs2-scwa-owi-cm-20210905t213342-20210905t213606-00003-______ll_gd_GEO-IRWIN.nc,exact_contains,1.0,44.43277777777779,70000.0,57,/scale/user/mtannaou/alternance/donnees_sar_aeqd_09_janvier/al122021/rs2-scwa-owi-cm-20210905t213342-20210905t213606-00003_aeqd.nc,/scale/project/ifremer-isi-jumeaunumerique/SARGEO/prototype/v00r00/cyclobs/al122021/IRWIN/rs2-scwa-owi-cm-20210905t213342-20210905t213606-00003-______ll_gd_GEO-IRWIN.nc,0.0,val
1200,LARRY,al122021,2021-09-08 09:53:30,s1b-iw-owi-cm-20210908t095420-20210908t095611-000003-0369DE_ll_gd_GEO-IRWIN.nc,fuzzy_sat_time,2.2,36.57336296296297,50000.0,50,/scale/user/mtannaou/alternance/donnees_sar_aeqd_09_janvier/al122021/s1b-iw-owi-cm-20210908t095330-20210908t095611-000003-_aeqd.nc,/scale/project/ifremer-isi-jumeaunumerique/SARGEO/prototype/v00r00/cyclobs/al122021/IRWIN/s1b-iw-owi-cm-20210908t095420-20210908t095611-000003-0369DE_ll_gd_GEO-IRWIN.nc,0.9490121096239644,nan
1201,LARRY,al122021,2021-09-07 09:27:55,rs2-scwa-owi-cm-20210907t092755-20210907t093019-00003-______ll_gd_GEO-IRWIN.nc,exact_contains,0.3,46.569462962962966,61000.0,53,/scale/user/mtannaou/alternance/donnees_sar_aeqd_09_janvier/al122021/rs2-scwa-owi-cm-20210907t092755-20210907t093019-00003_aeqd.nc,/scale/project/ifremer-isi-jumeaunumerique/SARGEO/prototype/v00r00/cyclobs/al122021/IRWIN/rs2-scwa-owi-cm-20210907t092755-20210907t093019-00003-______ll_gd_GEO-IRWIN.nc,0.0,test
1202,LARRY,al122021,2021-09-06 09:23:29,s1a-ew-owi-cm-20210906t092329-20210906t092604-000003-04ACFC_ll_gd_GEO-IRWIN.nc,exact_contains,0.6,49.0695074074074,59000.0,54,/scale/user/mtannaou/alternance/donnees_sar_aeqd_09_janvier/al122021/s1a-ew-owi-cm-20210906t092329-20210906t092604-000003-_aeqd.nc,/scale/project/ifremer-isi-jumeaunumerique/SARGEO/prototype/v00r00/cyclobs/al122021/IRWIN/s1a-ew-owi-cm-20210906t092329-20210906t092604-000003-04ACFC_ll_gd_GEO-IRWIN.nc,0.0,train
1203,HEROLD,sh222020,2020-03-16 02:01:18,s1a-ew-owi-cm-20200316t020118-20200316t020322-000003-03A788_ll_gd_GEO-IRWIN.nc,fuzzy_sat_time,0.0,34.99674814814815,42000.0,39,/scale/user/mtannaou/alternance/donnees_sar_aeqd_09_janvier/sh222020/s1a-ew-owi-cm-20200316t020118-20200316t020423-000003-_aeqd.nc,/scale/project/ifremer-isi-jumeaunumerique/SARGEO/prototype/v00r00/cyclobs/sh222020/IRWIN/s1a-ew-owi-cm-20200316t020118-20200316t020322-000003-03A788_ll_gd_GEO-IRWIN.nc,0.0,train
1204,ERROL,sh292025,2025-04-13 21:30:59,rcm2-sclna-owi-cm-20250413t213059-20250413t213213-00003-xxxxx_ll_gd_GEO-IRWIN.nc,exact_contains,2.5,17.21243900928006,53000.0,19,/scale/user/mtannaou/alternance/donnees_sar_aeqd_09_janvier/sh292025/rcm2-sclna-owi-cm-20250413t213059-20250413t213213-00003_aeqd.nc,/scale/project/ifremer-isi-jumeaunumerique/SARGEO/prototype/v00r00/cyclobs/sh292025/IRWIN/rcm2-sclna-owi-cm-20250413t213059-20250413t213213-00003-xxxxx_ll_gd_GEO-IRWIN.nc,0.3938814531548757,train
1205,ERROL,sh292025,2025-04-15 21:47:09,rcm2-sclna-owi-cm-20250415t214709-20250415t214823-00003-xxxxx_ll_gd_GEO-IRWIN.nc,exact_contains,2.2,19.69131433715516,24000.0,41,/scale/user/mtannaou/alternance/donnees_sar_aeqd_09_janvier/sh292025/rcm2-sclna-owi-cm-20250415t214709-20250415t214823-00003_aeqd.nc,/scale/project/ifremer-isi-jumeaunumerique/SARGEO/prototype/v00r00/cyclobs/sh292025/IRWIN/rcm2-sclna-owi-cm-20250415t214709-20250415t214823-00003-xxxxx_ll_gd_GEO-IRWIN.nc,0.7609942638623327,nan
1206,ERROL,sh292025,2025-04-18 10:14:33,s1a-ew-owi-cm-20250418t101433-20250418t101537-000003-074975_ll_gd_GEO-IRWIN.nc,exact_contains,1.8,8.087806847141845,31000.0,17,/scale/user/mtannaou/alternance/donnees_sar_aeqd_09_janvier/sh292025/s1a-ew-owi-cm-20250418t101433-20250418t101537-000003-_aeqd.nc,/scale/project/ifremer-isi-jumeaunumerique/SARGEO/prototype/v00r00/cyclobs/sh292025/IRWIN/s1a-ew-owi-cm-20250418t101433-20250418t101537-000003-074975_ll_gd_GEO-IRWIN.nc,0.6554493307839389,nan
1207,ERROL,sh292025,2025-04-14 21:39:08,rcm2-sclna-owi-cm-20250414t213908-20250414t214022-00003-xxxxx_ll_gd_GEO-IRWIN.nc,exact_contains,2.2,13.6247400381684,19000.0,20,/scale/user/mtannaou/alternance/donnees_sar_aeqd_09_janvier/sh292025/rcm2-sclna-owi-cm-20250414t213908-20250414t214022-00003_aeqd.nc,/scale/project/ifremer-isi-jumeaunumerique/SARGEO/prototype/v00r00/cyclobs/sh292025/IRWIN/rcm2-sclna-owi-cm-20250414t213908-20250414t214022-00003-xxxxx_ll_gd_GEO-IRWIN.nc,0.8879541108986616,nan
1208,ERROL,sh292025,2025-04-16 10:31:42,s1a-ew-owi-cm-20250416t103142-20250416t103245-000003-074847_ll_gd_GEO-IRWIN.nc,exact_contains,0.6,64.26317222222224,9000.0,69,/scale/user/mtannaou/alternance/donnees_sar_aeqd_09_janvier/sh292025/s1a-ew-owi-cm-20250416t103142-20250416t103245-000003-_aeqd.nc,/scale/project/ifremer-isi-jumeaunumerique/SARGEO/prototype/v00r00/cyclobs/sh292025/IRWIN/s1a-ew-owi-cm-20250416t103142-20250416t103245-000003-074847_ll_gd_GEO-IRWIN.nc,0.0,val
1209,ERROL,sh292025,2025-04-11 21:14:20,rcm2-sclna-owi-cm-20250411t211420-20250411t211534-00003-xxxxx_ll_gd_GEO-IRWIN.nc,exact_contains,3.0,25.69055176711814,42000.0,18,/scale/user/mtannaou/alternance/donnees_sar_aeqd_09_janvier/sh292025/rcm2-sclna-owi-cm-20250411t211420-20250411t211534-00003_aeqd.nc,/scale/project/ifremer-isi-jumeaunumerique/SARGEO/prototype/v00r00/cyclobs/sh292025/IRWIN/rcm2-sclna-owi-cm-20250411t211420-20250411t211534-00003-xxxxx_ll_gd_GEO-IRWIN.nc,0.164308476736775,train
1210,ERROL,sh292025,2025-04-12 21:22:47,rcm2-sclna-owi-cm-20250412t212247-20250412t212401-00003-xxxxx_ll_gd_GEO-IRWIN.nc,exact_contains,5.8,17.814855102946293,16000.0,18,/scale/user/mtannaou/alternance/donnees_sar_aeqd_09_janvier/sh292025/rcm2-sclna-owi-cm-20250412t212247-20250412t212401-00003_aeqd.nc,/scale/project/ifremer-isi-jumeaunumerique/SARGEO/prototype/v00r00/cyclobs/sh292025/IRWIN/rcm2-sclna-owi-cm-20250412t212247-20250412t212401-00003-xxxxx_ll_gd_GEO-IRWIN.nc,0.5639260675589548,nan
1211,ERROL,sh292025,2025-04-12 09:43:47,rcm1-sclna-owi-cm-20250412t094347-20250412t094502-00003-xxxxx_ll_gd_GEO-IRWIN.nc,exact_contains,3.6,12.016622451313204,12000.0,18,/scale/user/mtannaou/alternance/donnees_sar_aeqd_09_janvier/sh292025/rcm1-sclna-owi-cm-20250412t094347-20250412t094502-00003_aeqd.nc,/scale/project/ifremer-isi-jumeaunumerique/SARGEO/prototype/v00r00/cyclobs/sh292025/IRWIN/rcm1-sclna-owi-cm-20250412t094347-20250412t094502-00003-xxxxx_ll_gd_GEO-IRWIN.nc,1.0,nan
1212,ERROL,sh292025,2025-04-11 21:11:06,s1a-iw-owi-cm-20250411t211106-20250411t211401-000003-074595_ll_gd_GEO-IRWIN.nc,exact_contains,2.9000000000000004,15.11298888888889,32000.0,18,/scale/user/mtannaou/alternance/donnees_sar_aeqd_09_janvier/sh292025/s1a-iw-owi-cm-20250411t211106-20250411t211401-000003-_aeqd.nc,/scale/project/ifremer-isi-jumeaunumerique/SARGEO/prototype/v00r00/cyclobs/sh292025/IRWIN/s1a-iw-owi-cm-20250411t211106-20250411t211401-000003-074595_ll_gd_GEO-IRWIN.nc,0.9236456341618864,nan
1213,FLOSSIE,ep072019,2019-08-01 14:32:41,rs2-scwa-owi-cm-20190801t143241-20190801t143612-00003-______ll_gd_GEO-IRWIN.nc,exact_contains,0.0,33.19413630791135,42000.0,28,/scale/user/mtannaou/alternance/donnees_sar_aeqd_09_janvier/ep072019/rs2-scwa-owi-cm-20190801t143241-20190801t143612-00003_aeqd.nc,/scale/project/ifremer-isi-jumeaunumerique/SARGEO/prototype/v00r00/cyclobs/ep072019/IRWIN/rs2-scwa-owi-cm-20190801t143241-20190801t143612-00003-______ll_gd_GEO-IRWIN.nc,0.0,val
1214,FLOSSIE,ep072019,2019-08-03 03:22:45,s1b-ew-owi-cm-20190803t032245-20190803t032443-000003-020C12_ll_gd_GEO-IRWIN.nc,exact_contains,3.55,24.799533333333333,108000.0,26,/scale/user/mtannaou/alternance/donnees_sar_aeqd_09_janvier/ep072019/s1b-ew-owi-cm-20190803t032245-20190803t032443-000003-_aeqd.nc,/scale/project/ifremer-isi-jumeaunumerique/SARGEO/prototype/v00r00/cyclobs/ep072019/IRWIN/s1b-ew-owi-cm-20190803t032245-20190803t032443-000003-020C12_ll_gd_GEO-IRWIN.nc,0.3570427023581899,train
1215,FANI,io012019,2019-05-03 00:12:55,s1b-ew-owi-cm-20190503t001255-20190503t001459-000003-01E3AE_ll_gd_GEO-IRWIN.nc,exact_contains,1.8,58.64864444444446,19000.0,67,/scale/user/mtannaou/alternance/donnees_sar_aeqd_09_janvier/io012019/s1b-ew-owi-cm-20190503t001255-20190503t001459-000003-_aeqd.nc,/scale/project/ifremer-isi-jumeaunumerique/SARGEO/prototype/v00r00/cyclobs/io012019/IRWIN/s1b-ew-owi-cm-20190503t001255-20190503t001459-000003-01E3AE_ll_gd_GEO-IRWIN.nc,0.3038878266411727,train
1216,MARIE,ep182020,2020-10-01 13:38:39,rs2-scwa-owi-cm-20201001t133839-20201001t133955-00003-______ll_gd_GEO-IRWIN.nc,exact_contains,0.0,42.37324814814815,27000.0,45,/scale/user/mtannaou/alternance/donnees_sar_aeqd_09_janvier/ep182020/rs2-scwa-owi-cm-20201001t133839-20201001t133955-00003_aeqd.nc,/scale/project/ifremer-isi-jumeaunumerique/SARGEO/prototype/v00r00/cyclobs/ep182020/IRWIN/rs2-scwa-owi-cm-20201001t133839-20201001t133955-00003-______ll_gd_GEO-IRWIN.nc,0.1821542383683875,val
1217,MARIE,ep182020,2020-10-03 02:26:00,s1a-ew-owi-cm-20201003t022600-20201003t022817-000003-04082E_ll_gd_GEO-IRWIN.nc,exact_contains,0.0,51.370377777777776,23000.0,59,/scale/user/mtannaou/alternance/donnees_sar_aeqd_09_janvier/ep182020/s1a-ew-owi-cm-20201003t022600-20201003t022817-000003-_aeqd.nc,/scale/project/ifremer-isi-jumeaunumerique/SARGEO/prototype/v00r00/cyclobs/ep182020/IRWIN/s1a-ew-owi-cm-20201003t022600-20201003t022817-000003-04082E_ll_gd_GEO-IRWIN.nc,0.0,val
1218,MARIE,ep182020,2020-10-03 14:19:13,rs2-scwa-owi-cm-20201003t141913-20201003t142136-00003-______ll_gd_GEO-IRWIN.nc,exact_contains,0.0,50.59313703703704,21000.0,56,/scale/user/mtannaou/alternance/donnees_sar_aeqd_09_janvier/ep182020/rs2-scwa-owi-cm-20201003t141913-20201003t142136-00003_aeqd.nc,/scale/project/ifremer-isi-jumeaunumerique/SARGEO/prototype/v00r00/cyclobs/ep182020/IRWIN/rs2-scwa-owi-cm-20201003t141913-20201003t142136-00003-______ll_gd_GEO-IRWIN.nc,0.0,train
1219,MARIE,ep182020,2020-10-02 02:22:54,rs2-scwa-owi-cm-20201002t022254-20201002t022409-00003-______ll_gd_GEO-IRWIN.nc,exact_contains,0.7,47.2844851851852,14000.0,57,/scale/user/mtannaou/alternance/donnees_sar_aeqd_09_janvier/ep182020/rs2-scwa-owi-cm-20201002t022254-20201002t022409-00003_aeqd.nc,/scale/project/ifremer-isi-jumeaunumerique/SARGEO/prototype/v00r00/cyclobs/ep182020/IRWIN/rs2-scwa-owi-cm-20201002t022254-20201002t022409-00003-______ll_gd_GEO-IRWIN.nc,0.0592734225621414,train
1220,MARIE,ep182020,2020-10-04 14:28:03,s1b-ew-owi-cm-20201004t142803-20201004t143007-000003-02CF68_ll_gd_GEO-IRWIN.nc,exact_contains,0.0,36.69942962962963,54000.0,39,/scale/user/mtannaou/alternance/donnees_sar_aeqd_09_janvier/ep182020/s1b-ew-owi-cm-20201004t142803-20201004t143007-000003-_aeqd.nc,/scale/project/ifremer-isi-jumeaunumerique/SARGEO/prototype/v00r00/cyclobs/ep182020/IRWIN/s1b-ew-owi-cm-20201004t142803-20201004t143007-000003-02CF68_ll_gd_GEO-IRWIN.nc,0.0,test
1221,KENANGA,sh062019,2018-12-22 13:22:15,s1a-ew-owi-cm-20181222t132215-20181222t132419-000003-02C6B3_ll_gd_GEO-IRWIN.nc,exact_contains,0.5,24.590993650793653,85000.0,18,/scale/user/mtannaou/alternance/donnees_sar_aeqd_09_janvier/sh062019/s1a-ew-owi-cm-20181222t132215-20181222t132419-000003-_aeqd.nc,/scale/project/ifremer-isi-jumeaunumerique/SARGEO/prototype/v00r00/cyclobs/sh062019/IRWIN/s1a-ew-owi-cm-20181222t132215-20181222t132419-000003-02C6B3_ll_gd_GEO-IRWIN.nc,0.3899298916507329,train
1222,KENANGA,sh062019,2018-12-22 00:22:36,s1b-ew-owi-cm-20181222t002236-20181222t002440-000003-01A498_ll_gd_GEO-IRWIN.nc,exact_contains,0.0,29.50799629629629,85000.0,23,/scale/user/mtannaou/alternance/donnees_sar_aeqd_09_janvier/sh062019/s1b-ew-owi-cm-20181222t002236-20181222t002440-000003-_aeqd.nc,/scale/project/ifremer-isi-jumeaunumerique/SARGEO/prototype/v00r00/cyclobs/sh062019/IRWIN/s1b-ew-owi-cm-20181222t002236-20181222t002440-000003-01A498_ll_gd_GEO-IRWIN.nc,0.0,train
1223,NEVILLE,sh182024,2024-03-21 11:27:05,rcm3-sclnb-owi-cm-20240321t112705-20240321t112823-00003-______ll_gd_GEO-IRWIN.nc,exact_contains,0.0,47.941514814814816,16000.0,53,/scale/user/mtannaou/alternance/donnees_sar_aeqd_09_janvier/sh182024/rcm3-sclnb-owi-cm-20240321t112705-20240321t112823-00003_aeqd.nc,/scale/project/ifremer-isi-jumeaunumerique/SARGEO/prototype/v00r00/cyclobs/sh182024/IRWIN/rcm3-sclnb-owi-cm-20240321t112705-20240321t112823-00003-______ll_gd_GEO-IRWIN.nc,0.0,test
1224,NEVILLE,sh182024,2024-03-21 22:36:36,rcm2-sclnd-owi-cm-20240321t223636-20240321t223752-00003-______ll_gd_GEO-IRWIN.nc,exact_contains,0.7,53.19594814814815,11000.0,59,/scale/user/mtannaou/alternance/donnees_sar_aeqd_09_janvier/sh182024/rcm2-sclnd-owi-cm-20240321t223636-20240321t223752-00003_aeqd.nc,/scale/project/ifremer-isi-jumeaunumerique/SARGEO/prototype/v00r00/cyclobs/sh182024/IRWIN/rcm2-sclnd-owi-cm-20240321t223636-20240321t223752-00003-______ll_gd_GEO-IRWIN.nc,0.0,train
1225,BLAS,ep022022,2022-06-18 13:08:03,rs2-scwa-owi-cm-20220618t130803-20220618t130918-00003-______ll_gd_GEO-IRWIN.nc,exact_contains,0.0,20.26041327438182,85000.0,25,/scale/user/mtannaou/alternance/donnees_sar_aeqd_09_janvier/ep022022/rs2-scwa-owi-cm-20220618t130803-20220618t130918-00003_aeqd.nc,/scale/project/ifremer-isi-jumeaunumerique/SARGEO/prototype/v00r00/cyclobs/ep022022/IRWIN/rs2-scwa-owi-cm-20220618t130803-20220618t130918-00003-______ll_gd_GEO-IRWIN.nc,0.0127469725940089,test
1226,sh262025,sh262025,2025-03-20 23:08:02,rcm2-sclnb-owi-cm-20250320t230802-20250320t230916-00003-xxxxx_ll_gd_GEO-IRWIN.nc,exact_contains,3.4,17.959831016918983,254000.0,16,/scale/user/mtannaou/alternance/donnees_sar_aeqd_09_janvier/sh262025/rcm2-sclnb-owi-cm-20250320t230802-20250320t230916-00003_aeqd.nc,/scale/project/ifremer-isi-jumeaunumerique/SARGEO/prototype/v00r00/cyclobs/sh262025/IRWIN/rcm2-sclnb-owi-cm-20250320t230802-20250320t230916-00003-xxxxx_ll_gd_GEO-IRWIN.nc,0.0,nan
1227,sh262025,sh262025,2025-03-20 12:00:12,rcm3-sclnb-owi-cm-20250320t120012-20250320t120128-00003-xxxxx_ll_gd_GEO-IRWIN.nc,exact_contains,0.0,15.124398030110104,124000.0,18,/scale/user/mtannaou/alternance/donnees_sar_aeqd_09_janvier/sh262025/rcm3-sclnb-owi-cm-20250320t120012-20250320t120128-00003_aeqd.nc,/scale/project/ifremer-isi-jumeaunumerique/SARGEO/prototype/v00r00/cyclobs/sh262025/IRWIN/rcm3-sclnb-owi-cm-20250320t120012-20250320t120128-00003-xxxxx_ll_gd_GEO-IRWIN.nc,0.0,test
1228,CIMARON,wp182024,2024-09-25 08:58:25,rcm1-sc50ma-owi-cm-20240925t085825-20240925t085941-00003-______ll_gd_GEO-IRWIN.nc,exact_contains,2.0,16.707954534753657,62000.0,17,/scale/user/mtannaou/alternance/donnees_sar_aeqd_09_janvier/wp182024/rcm1-sc50ma-owi-cm-20240925t085825-20240925t085941-00003_aeqd.nc,/scale/project/ifremer-isi-jumeaunumerique/SARGEO/prototype/v00r00/cyclobs/wp182024/IRWIN/rcm1-sc50ma-owi-cm-20240925t085825-20240925t085941-00003-______ll_gd_GEO-IRWIN.nc,0.4091778202676864,train
1229,sh252024,sh252024,2024-05-19 13:31:38,rcm2-sclnd-owi-cm-20240519t133138-20240519t133255-00003-______ll_gd_GEO-IRWIN.nc,exact_contains,1.8,,,21,/scale/user/mtannaou/alternance/donnees_sar_aeqd_09_janvier/sh252024/rcm2-sclnd-owi-cm-20240519t133138-20240519t133255-00003_aeqd.nc,/scale/project/ifremer-isi-jumeaunumerique/SARGEO/prototype/v00r00/cyclobs/sh252024/IRWIN/rcm2-sclnd-owi-cm-20240519t133138-20240519t133255-00003-______ll_gd_GEO-IRWIN.nc,0.6164435946462715,nan
1230,sh252024,sh252024,2024-05-20 00:32:57,rcm1-sclnd-owi-cm-20240520t003257-20240520t003414-00003-______ll_gd_GEO-IRWIN.nc,exact_contains,3.8,17.800628905532196,210000.0,17,/scale/user/mtannaou/alternance/donnees_sar_aeqd_09_janvier/sh252024/rcm1-sclnd-owi-cm-20240520t003257-20240520t003414-00003_aeqd.nc,/scale/project/ifremer-isi-jumeaunumerique/SARGEO/prototype/v00r00/cyclobs/sh252024/IRWIN/rcm1-sclnd-owi-cm-20240520t003257-20240520t003414-00003-______ll_gd_GEO-IRWIN.nc,0.0,nan
1231,RAMON,ep202023,2023-11-26 02:29:00,rcm3-sclnd-owi-cm-20231126t022900-20231126t023017-00003-______ll_gd_GEO-IRWIN.nc,exact_contains,0.5,22.75938596124979,29000.0,20,/scale/user/mtannaou/alternance/donnees_sar_aeqd_09_janvier/ep202023/rcm3-sclnd-owi-cm-20231126t022900-20231126t023017-00003_aeqd.nc,/scale/project/ifremer-isi-jumeaunumerique/SARGEO/prototype/v00r00/cyclobs/ep202023/IRWIN/rcm3-sclnd-owi-cm-20231126t022900-20231126t023017-00003-______ll_gd_GEO-IRWIN.nc,0.0,train
1232,POLA,sh162019,2019-03-01 06:20:53,s1a-ew-owi-cm-20190301t062053-20190301t062258-000003-02EAC0_ll_gd_GEO-IRWIN.nc,exact_contains,0.0,39.61380370370371,43000.0,33,/scale/user/mtannaou/alternance/donnees_sar_aeqd_09_janvier/sh162019/s1a-ew-owi-cm-20190301t062053-20190301t062258-000003-_aeqd.nc,/scale/project/ifremer-isi-jumeaunumerique/SARGEO/prototype/v00r00/cyclobs/sh162019/IRWIN/s1a-ew-owi-cm-20190301t062053-20190301t062258-000003-02EAC0_ll_gd_GEO-IRWIN.nc,0.058636073932441,test
1233,HONDE,sh232025,2025-03-02 15:25:24,rcm1-sclna-owi-cm-20250302t152524-20250302t152641-00003-xxxxx_ll_gd_GEO-IRWIN.nc,exact_contains,0.0,28.99860035438443,53000.0,29,/scale/user/mtannaou/alternance/donnees_sar_aeqd_09_janvier/sh232025/rcm1-sclna-owi-cm-20250302t152524-20250302t152641-00003_aeqd.nc,/scale/project/ifremer-isi-jumeaunumerique/SARGEO/prototype/v00r00/cyclobs/sh232025/IRWIN/rcm1-sclna-owi-cm-20250302t152524-20250302t152641-00003-xxxxx_ll_gd_GEO-IRWIN.nc,0.0,train
1234,HONDE,sh232025,2025-02-26 15:58:11,rcm2-sclnd-owi-cm-20250226t155811-20250226t155925-00003-xxxxx_ll_gd_GEO-IRWIN.nc,exact_contains,0.55,34.66472586637817,94000.0,30,/scale/user/mtannaou/alternance/donnees_sar_aeqd_09_janvier/sh232025/rcm2-sclnd-owi-cm-20250226t155811-20250226t155925-00003_aeqd.nc,/scale/project/ifremer-isi-jumeaunumerique/SARGEO/prototype/v00r00/cyclobs/sh232025/IRWIN/rcm2-sclnd-owi-cm-20250226t155811-20250226t155925-00003-xxxxx_ll_gd_GEO-IRWIN.nc,0.372848948374761,val
1235,HONDE,sh232025,2025-03-04 15:40:31,rcm1-sclnd-owi-cm-20250304t154031-20250304t154147-00003-xxxxx_ll_gd_GEO-IRWIN.nc,exact_contains,3.35,24.703637762074376,14000.0,25,/scale/user/mtannaou/alternance/donnees_sar_aeqd_09_janvier/sh232025/rcm1-sclnd-owi-cm-20250304t154031-20250304t154147-00003_aeqd.nc,/scale/project/ifremer-isi-jumeaunumerique/SARGEO/prototype/v00r00/cyclobs/sh232025/IRWIN/rcm1-sclnd-owi-cm-20250304t154031-20250304t154147-00003-xxxxx_ll_gd_GEO-IRWIN.nc,0.9806246016571064,nan
1236,HONDE,sh232025,2025-03-06 15:21:49,rcm2-sclnd-owi-cm-20250306t152149-20250306t152304-00003-xxxxx_ll_gd_GEO-IRWIN.nc,exact_contains,0.6,16.235688026824786,116000.0,23,/scale/user/mtannaou/alternance/donnees_sar_aeqd_09_janvier/sh232025/rcm2-sclnd-owi-cm-20250306t152149-20250306t152304-00003_aeqd.nc,/scale/project/ifremer-isi-jumeaunumerique/SARGEO/prototype/v00r00/cyclobs/sh232025/IRWIN/rcm2-sclnd-owi-cm-20250306t152149-20250306t152304-00003-xxxxx_ll_gd_GEO-IRWIN.nc,0.0,val
1237,HONDE,sh232025,2025-03-04 15:31:22,s1a-ew-owi-cm-20250304t153122-20250304t153225-000003-072F27_ll_gd_GEO-IRWIN.nc,exact_contains,1.8,,,25,/scale/user/mtannaou/alternance/donnees_sar_aeqd_09_janvier/sh232025/s1a-ew-owi-cm-20250304t153122-20250304t153225-000003-_aeqd.nc,/scale/project/ifremer-isi-jumeaunumerique/SARGEO/prototype/v00r00/cyclobs/sh232025/IRWIN/s1a-ew-owi-cm-20250304t153122-20250304t153225-000003-072F27_ll_gd_GEO-IRWIN.nc,0.6392606755895475,nan
1238,HONDE,sh232025,2025-03-03 15:33:18,rcm1-sclnc-owi-cm-20250303t153318-20250303t153435-00003-xxxxx_ll_gd_GEO-IRWIN.nc,exact_contains,0.0,28.09895603438989,47000.0,27,/scale/user/mtannaou/alternance/donnees_sar_aeqd_09_janvier/sh232025/rcm1-sclnc-owi-cm-20250303t153318-20250303t153435-00003_aeqd.nc,/scale/project/ifremer-isi-jumeaunumerique/SARGEO/prototype/v00r00/cyclobs/sh232025/IRWIN/rcm1-sclnc-owi-cm-20250303t153318-20250303t153435-00003-xxxxx_ll_gd_GEO-IRWIN.nc,0.0619502868068833,test
1239,HONDE,sh232025,2025-02-28 15:42:12,rcm3-sclnd-owi-cm-20250228t154212-20250228t154328-00003-xxxxx_ll_gd_GEO-IRWIN.nc,exact_contains,1.8,38.76661481435711,80000.0,34,/scale/user/mtannaou/alternance/donnees_sar_aeqd_09_janvier/sh232025/rcm3-sclnd-owi-cm-20250228t154212-20250228t154328-00003_aeqd.nc,/scale/project/ifremer-isi-jumeaunumerique/SARGEO/prototype/v00r00/cyclobs/sh232025/IRWIN/rcm3-sclnd-owi-cm-20250228t154212-20250228t154328-00003-xxxxx_ll_gd_GEO-IRWIN.nc,0.0,train
1240,HONDE,sh232025,2025-03-01 02:24:22,rcm3-sclnb-owi-cm-20250301t022422-20250301t022536-00003-xxxxx_ll_gd_GEO-IRWIN.nc,exact_contains,3.5,31.484770336713463,77000.0,34,/scale/user/mtannaou/alternance/donnees_sar_aeqd_09_janvier/sh232025/rcm3-sclnb-owi-cm-20250301t022422-20250301t022536-00003_aeqd.nc,/scale/project/ifremer-isi-jumeaunumerique/SARGEO/prototype/v00r00/cyclobs/sh232025/IRWIN/rcm3-sclnb-owi-cm-20250301t022422-20250301t022536-00003-xxxxx_ll_gd_GEO-IRWIN.nc,0.0,train
1241,HONDE,sh232025,2025-03-06 01:31:33,rcm3-sclnd-owi-cm-20250306t013133-20250306t013236-00003-xxxxx_ll_gd_GEO-IRWIN.nc,exact_contains,1.55,26.83335878599228,127000.0,25,/scale/user/mtannaou/alternance/donnees_sar_aeqd_09_janvier/sh232025/rcm3-sclnd-owi-cm-20250306t013133-20250306t013236-00003_aeqd.nc,/scale/project/ifremer-isi-jumeaunumerique/SARGEO/prototype/v00r00/cyclobs/sh232025/IRWIN/rcm3-sclnd-owi-cm-20250306t013133-20250306t013236-00003-xxxxx_ll_gd_GEO-IRWIN.nc,0.7269598470363289,nan
1242,HONDE,sh232025,2025-03-05 15:15:40,rcm2-sclna-owi-cm-20250305t151540-20250305t151655-00003-xxxxx_ll_gd_GEO-IRWIN.nc,exact_contains,0.3,32.98250740693297,84000.0,27,/scale/user/mtannaou/alternance/donnees_sar_aeqd_09_janvier/sh232025/rcm2-sclna-owi-cm-20250305t151540-20250305t151655-00003_aeqd.nc,/scale/project/ifremer-isi-jumeaunumerique/SARGEO/prototype/v00r00/cyclobs/sh232025/IRWIN/rcm2-sclna-owi-cm-20250305t151540-20250305t151655-00003-xxxxx_ll_gd_GEO-IRWIN.nc,0.0,test
1243,HONDE,sh232025,2025-02-27 02:40:10,rcm2-sclna-owi-cm-20250227t024010-20250227t024124-00003-xxxxx_ll_gd_GEO-IRWIN.nc,exact_contains,1.3,,,35,/scale/user/mtannaou/alternance/donnees_sar_aeqd_09_janvier/sh232025/rcm2-sclna-owi-cm-20250227t024010-20250227t024124-00003_aeqd.nc,/scale/project/ifremer-isi-jumeaunumerique/SARGEO/prototype/v00r00/cyclobs/sh232025/IRWIN/rcm2-sclna-owi-cm-20250227t024010-20250227t024124-00003-xxxxx_ll_gd_GEO-IRWIN.nc,0.6773741236456342,nan
1244,HONDE,sh232025,2025-03-03 02:08:23,rcm1-sclnd-owi-cm-20250303t020823-20250303t020937-00003-xxxxx_ll_gd_GEO-IRWIN.nc,exact_contains,0.0,33.36722210271753,36000.0,28,/scale/user/mtannaou/alternance/donnees_sar_aeqd_09_janvier/sh232025/rcm1-sclnd-owi-cm-20250303t020823-20250303t020937-00003_aeqd.nc,/scale/project/ifremer-isi-jumeaunumerique/SARGEO/prototype/v00r00/cyclobs/sh232025/IRWIN/rcm1-sclnd-owi-cm-20250303t020823-20250303t020937-00003-xxxxx_ll_gd_GEO-IRWIN.nc,0.0,train
1245,HONDE,sh232025,2025-03-05 01:53:49,rcm2-sclnd-owi-cm-20250305t015349-20250305t015504-00003-xxxxx_ll_gd_GEO-IRWIN.nc,exact_contains,0.0,33.22565910010819,107000.0,26,/scale/user/mtannaou/alternance/donnees_sar_aeqd_09_janvier/sh232025/rcm2-sclnd-owi-cm-20250305t015349-20250305t015504-00003_aeqd.nc,/scale/project/ifremer-isi-jumeaunumerique/SARGEO/prototype/v00r00/cyclobs/sh232025/IRWIN/rcm2-sclnd-owi-cm-20250305t015349-20250305t015504-00003-xxxxx_ll_gd_GEO-IRWIN.nc,0.0066284257488846,train
1246,HONDE,sh232025,2025-02-25 15:50:53,rcm2-sclna-owi-cm-20250225t155053-20250225t155207-00003-xxxxx_ll_gd_GEO-IRWIN.nc,exact_contains,0.0,14.402909693597818,176000.0,17,/scale/user/mtannaou/alternance/donnees_sar_aeqd_09_janvier/sh232025/rcm2-sclna-owi-cm-20250225t155053-20250225t155207-00003_aeqd.nc,/scale/project/ifremer-isi-jumeaunumerique/SARGEO/prototype/v00r00/cyclobs/sh232025/IRWIN/rcm2-sclna-owi-cm-20250225t155053-20250225t155207-00003-xxxxx_ll_gd_GEO-IRWIN.nc,0.1207138304652645,train
1247,HONDE,sh232025,2025-03-02 02:32:22,rcm3-sclna-owi-cm-20250302t023222-20250302t023339-00003-xxxxx_ll_gd_GEO-IRWIN.nc,exact_contains,0.75,39.57394074074073,57000.0,31,/scale/user/mtannaou/alternance/donnees_sar_aeqd_09_janvier/sh232025/rcm3-sclna-owi-cm-20250302t023222-20250302t023339-00003_aeqd.nc,/scale/project/ifremer-isi-jumeaunumerique/SARGEO/prototype/v00r00/cyclobs/sh232025/IRWIN/rcm3-sclna-owi-cm-20250302t023222-20250302t023339-00003-xxxxx_ll_gd_GEO-IRWIN.nc,0.4712555768005099,train
1248,HONDE,sh232025,2025-03-04 02:16:38,rcm1-sclnb-owi-cm-20250304t021638-20250304t021752-00003-xxxxx_ll_gd_GEO-IRWIN.nc,exact_contains,0.0,26.767684371526435,61000.0,23,/scale/user/mtannaou/alternance/donnees_sar_aeqd_09_janvier/sh232025/rcm1-sclnb-owi-cm-20250304t021638-20250304t021752-00003_aeqd.nc,/scale/project/ifremer-isi-jumeaunumerique/SARGEO/prototype/v00r00/cyclobs/sh232025/IRWIN/rcm1-sclnb-owi-cm-20250304t021638-20250304t021752-00003-xxxxx_ll_gd_GEO-IRWIN.nc,0.1798597833014659,val
1249,HONDE,sh232025,2025-02-27 15:34:45,rcm3-sclna-owi-cm-20250227t153445-20250227t153600-00003-xxxxx_ll_gd_GEO-IRWIN.nc,exact_contains,2.35,32.09837036814511,107000.0,35,/scale/user/mtannaou/alternance/donnees_sar_aeqd_09_janvier/sh232025/rcm3-sclna-owi-cm-20250227t153445-20250227t153600-00003_aeqd.nc,/scale/project/ifremer-isi-jumeaunumerique/SARGEO/prototype/v00r00/cyclobs/sh232025/IRWIN/rcm3-sclna-owi-cm-20250227t153445-20250227t153600-00003-xxxxx_ll_gd_GEO-IRWIN.nc,0.3969407265774378,train
1250,SONIA,ep182025,2025-10-26 01:56:06,rcm2-sc50ma-owi-cm-20251026t015606-20251026t015722-00003-xxxxx_ll_gd_GEO-IRWIN.nc,exact_contains,1.9,20.45186204905598,35000.0,23,/scale/user/mtannaou/alternance/donnees_sar_aeqd_09_janvier/ep182025no_env/rcm2-sc50ma-owi-cm-20251026t015606-20251026t015722-00003_aeqd.nc,/scale/project/ifremer-isi-jumeaunumerique/SARGEO/prototype/v00r00/cyclobs/ep182025/IRWIN/rcm2-sc50ma-owi-cm-20251026t015606-20251026t015722-00003-xxxxx_ll_gd_GEO-IRWIN.nc,0.5543658381134481,nan
1251,SONIA,ep182025,2025-10-28 14:09:09,rcm2-sclna-owi-cm-20251028t140909-20251028t141019-00003-xxxxx_ll_gd_GEO-IRWIN.nc,exact_contains,1.0,29.26246121620923,50000.0,21,/scale/user/mtannaou/alternance/donnees_sar_aeqd_09_janvier/ep182025no_env/rcm2-sclna-owi-cm-20251028t140909-20251028t141019-00003_aeqd.nc,/scale/project/ifremer-isi-jumeaunumerique/SARGEO/prototype/v00r00/cyclobs/ep182025/IRWIN/rcm2-sclna-owi-cm-20251028t140909-20251028t141019-00003-xxxxx_ll_gd_GEO-IRWIN.nc,0.0,train
1252,SONIA,ep182025,2025-10-27 14:01:16,rcm2-sclna-owi-cm-20251027t140116-20251027t140225-00003-xxxxx_ll_gd_GEO-IRWIN.nc,exact_contains,0.0,19.57538611693123,28000.0,20,/scale/user/mtannaou/alternance/donnees_sar_aeqd_09_janvier/ep182025no_env/rcm2-sclna-owi-cm-20251027t140116-20251027t140225-00003_aeqd.nc,/scale/project/ifremer-isi-jumeaunumerique/SARGEO/prototype/v00r00/cyclobs/ep182025/IRWIN/rcm2-sclna-owi-cm-20251027t140116-20251027t140225-00003-xxxxx_ll_gd_GEO-IRWIN.nc,0.0226896112173358,train
1253,SONIA,ep182025,2025-10-27 02:04:37,rcm2-sc50ma-owi-cm-20251027t020437-20251027t020549-00003-xxxxx_ll_gd_GEO-IRWIN.nc,exact_contains,1.3,26.20881970350799,36000.0,21,/scale/user/mtannaou/alternance/donnees_sar_aeqd_09_janvier/ep182025no_env/rcm2-sc50ma-owi-cm-20251027t020437-20251027t020549-00003_aeqd.nc,/scale/project/ifremer-isi-jumeaunumerique/SARGEO/prototype/v00r00/cyclobs/ep182025/IRWIN/rcm2-sc50ma-owi-cm-20251027t020437-20251027t020549-00003-xxxxx_ll_gd_GEO-IRWIN.nc,0.0,train
1254,SONIA,ep182025,2025-10-26 13:53:20,rcm2-sclna-owi-cm-20251026t135320-20251026t135431-00003-xxxxx_ll_gd_GEO-IRWIN.nc,exact_contains,2.4,19.485937521345583,50000.0,22,/scale/user/mtannaou/alternance/donnees_sar_aeqd_09_janvier/ep182025no_env/rcm2-sclna-owi-cm-20251026t135320-20251026t135431-00003_aeqd.nc,/scale/project/ifremer-isi-jumeaunumerique/SARGEO/prototype/v00r00/cyclobs/ep182025/IRWIN/rcm2-sclna-owi-cm-20251026t135320-20251026t135431-00003-xxxxx_ll_gd_GEO-IRWIN.nc,0.0,train
1255,SONIA,ep182025,2025-10-28 02:12:48,rcm2-sc50ma-owi-cm-20251028t021248-20251028t021358-00003-xxxxx_ll_gd_GEO-IRWIN.nc,exact_contains,0.7,26.94297127408347,43000.0,19,/scale/user/mtannaou/alternance/donnees_sar_aeqd_09_janvier/ep182025no_env/rcm2-sc50ma-owi-cm-20251028t021248-20251028t021358-00003_aeqd.nc,/scale/project/ifremer-isi-jumeaunumerique/SARGEO/prototype/v00r00/cyclobs/ep182025/IRWIN/rcm2-sc50ma-owi-cm-20251028t021248-20251028t021358-00003-xxxxx_ll_gd_GEO-IRWIN.nc,0.0,train
1256,MUN,wp042025,2025-07-06 20:13:37,rcm1-sc50ma-owi-cm-20250706t201337-20250706t201447-00003-xxxxx_ll_gd_GEO-IRWIN.nc,exact_contains,1.0,29.338447502266515,52000.0,22,/scale/user/mtannaou/alternance/donnees_sar_aeqd_09_janvier/wp042025no_env/rcm1-sc50ma-owi-cm-20250706t201337-20250706t201447-00003_aeqd.nc,/scale/project/ifremer-isi-jumeaunumerique/SARGEO/prototype/v00r00/cyclobs/wp042025/IRWIN/rcm1-sc50ma-owi-cm-20250706t201337-20250706t201447-00003-xxxxx_ll_gd_GEO-IRWIN.nc,0.1845761631612492,train
1257,MUN,wp042025,2025-07-03 08:34:32,rcm3-sclnd-owi-cm-20250703t083432-20250703t083545-00003-xxxxx_ll_gd_GEO-IRWIN.nc,exact_contains,1.45,29.152682193344667,18000.0,28,/scale/user/mtannaou/alternance/donnees_sar_aeqd_09_janvier/wp042025no_env/rcm3-sclnd-owi-cm-20250703t083432-20250703t083545-00003_aeqd.nc,/scale/project/ifremer-isi-jumeaunumerique/SARGEO/prototype/v00r00/cyclobs/wp042025/IRWIN/rcm3-sclnd-owi-cm-20250703t083432-20250703t083545-00003-xxxxx_ll_gd_GEO-IRWIN.nc,0.3590822179732313,val
1258,MUN,wp042025,2025-07-06 07:55:38,rcm2-sclna-owi-cm-20250706t075538-20250706t075648-00003-xxxxx_ll_gd_GEO-IRWIN.nc,exact_contains,0.0,34.48998518472045,46000.0,26,/scale/user/mtannaou/alternance/donnees_sar_aeqd_09_janvier/wp042025no_env/rcm2-sclna-owi-cm-20250706t075538-20250706t075648-00003_aeqd.nc,/scale/project/ifremer-isi-jumeaunumerique/SARGEO/prototype/v00r00/cyclobs/wp042025/IRWIN/rcm2-sclna-owi-cm-20250706t075538-20250706t075648-00003-xxxxx_ll_gd_GEO-IRWIN.nc,0.0,train
1259,MUN,wp042025,2025-07-05 08:18:54,rcm1-sclnd-owi-cm-20250705t081854-20250705t082004-00003-xxxxx_ll_gd_GEO-IRWIN.nc,exact_contains,0.0,24.255447526392285,52000.0,26,/scale/user/mtannaou/alternance/donnees_sar_aeqd_09_janvier/wp042025no_env/rcm1-sclnd-owi-cm-20250705t081854-20250705t082004-00003_aeqd.nc,/scale/project/ifremer-isi-jumeaunumerique/SARGEO/prototype/v00r00/cyclobs/wp042025/IRWIN/rcm1-sclnd-owi-cm-20250705t081854-20250705t082004-00003-xxxxx_ll_gd_GEO-IRWIN.nc,0.0,train
1260,MUN,wp042025,2025-07-07 20:20:25,rcm1-sc50ma-owi-cm-20250707t202025-20250707t202140-00003-xxxxx_ll_gd_GEO-IRWIN.nc,exact_contains,1.85,10.273201123420913,40000.0,13,/scale/user/mtannaou/alternance/donnees_sar_aeqd_09_janvier/wp042025no_env/rcm1-sc50ma-owi-cm-20250707t202025-20250707t202140-00003_aeqd.nc,/scale/project/ifremer-isi-jumeaunumerique/SARGEO/prototype/v00r00/cyclobs/wp042025/IRWIN/rcm1-sc50ma-owi-cm-20250707t202025-20250707t202140-00003-xxxxx_ll_gd_GEO-IRWIN.nc,0.2662842574888464,train
1261,MUN,wp042025,2025-07-04 08:10:42,rcm1-sclna-owi-cm-20250704t081042-20250704t081155-00003-xxxxx_ll_gd_GEO-IRWIN.nc,exact_contains,0.5,23.43531027066632,24000.0,26,/scale/user/mtannaou/alternance/donnees_sar_aeqd_09_janvier/wp042025no_env/rcm1-sclna-owi-cm-20250704t081042-20250704t081155-00003_aeqd.nc,/scale/project/ifremer-isi-jumeaunumerique/SARGEO/prototype/v00r00/cyclobs/wp042025/IRWIN/rcm1-sclna-owi-cm-20250704t081042-20250704t081155-00003-xxxxx_ll_gd_GEO-IRWIN.nc,0.3697896749521988,test
1262,MUN,wp042025,2025-07-03 20:23:26,rcm3-sclna-owi-cm-20250703t202326-20250703t202436-00003-xxxxx_ll_gd_GEO-IRWIN.nc,exact_contains,0.0,28.75325895662784,26000.0,30,/scale/user/mtannaou/alternance/donnees_sar_aeqd_09_janvier/wp042025no_env/rcm3-sclna-owi-cm-20250703t202326-20250703t202436-00003_aeqd.nc,/scale/project/ifremer-isi-jumeaunumerique/SARGEO/prototype/v00r00/cyclobs/wp042025/IRWIN/rcm3-sclna-owi-cm-20250703t202326-20250703t202436-00003-xxxxx_ll_gd_GEO-IRWIN.nc,0.0,train
1263,MUN,wp042025,2025-07-04 19:58:56,rcm1-sclnd-owi-cm-20250704t195856-20250704t195958-00003-xxxxx_ll_gd_GEO-IRWIN.nc,exact_contains,3.65,15.58753051949691,23000.0,26,/scale/user/mtannaou/alternance/donnees_sar_aeqd_09_janvier/wp042025no_env/rcm1-sclnd-owi-cm-20250704t195856-20250704t195958-00003_aeqd.nc,/scale/project/ifremer-isi-jumeaunumerique/SARGEO/prototype/v00r00/cyclobs/wp042025/IRWIN/rcm1-sclnd-owi-cm-20250704t195856-20250704t195958-00003-xxxxx_ll_gd_GEO-IRWIN.nc,0.8272785213511791,nan
1264,MUN,wp042025,2025-07-05 20:06:16,rcm1-sclnb-owi-cm-20250705t200616-20250705t200725-00003-xxxxx_ll_gd_GEO-IRWIN.nc,exact_contains,0.0,24.814360531750424,71000.0,26,/scale/user/mtannaou/alternance/donnees_sar_aeqd_09_janvier/wp042025no_env/rcm1-sclnb-owi-cm-20250705t200616-20250705t200725-00003_aeqd.nc,/scale/project/ifremer-isi-jumeaunumerique/SARGEO/prototype/v00r00/cyclobs/wp042025/IRWIN/rcm1-sclnb-owi-cm-20250705t200616-20250705t200725-00003-xxxxx_ll_gd_GEO-IRWIN.nc,0.0,test
1265,MUN,wp042025,2025-07-07 08:04:26,rcm2-sc50mb-owi-cm-20250707t080426-20250707t080545-00003-xxxxx_ll_gd_GEO-IRWIN.nc,exact_contains,2.3,17.872487755397987,85000.0,17,/scale/user/mtannaou/alternance/donnees_sar_aeqd_09_janvier/wp042025no_env/rcm2-sc50mb-owi-cm-20250707t080426-20250707t080545-00003_aeqd.nc,/scale/project/ifremer-isi-jumeaunumerique/SARGEO/prototype/v00r00/cyclobs/wp042025/IRWIN/rcm2-sc50mb-owi-cm-20250707t080426-20250707t080545-00003-xxxxx_ll_gd_GEO-IRWIN.nc,0.0,train
1266,MAN-YI,wp252024,2024-11-14 21:08:00,rcm1-sc50ma-owi-cm-20241114t210800-20241114t210915-00003-______ll_gd_GEO-IRWIN.nc,exact_contains,2.1,,,35,/scale/user/mtannaou/alternance/donnees_sar_aeqd_09_janvier/wp252024/rcm1-sc50ma-owi-cm-20241114t210800-20241114t210915-00003_aeqd.nc,/scale/project/ifremer-isi-jumeaunumerique/SARGEO/prototype/v00r00/cyclobs/wp252024/IRWIN/rcm1-sc50ma-owi-cm-20241114t210800-20241114t210915-00003-______ll_gd_GEO-IRWIN.nc,0.5852135117909496,nan
1267,MAN-YI,wp252024,2024-11-17 22:02:14,s1a-ew-owi-cm-20241117t220214-20241117t220318-000003-06F11C_ll_gd_GEO-IRWIN.nc,exact_contains,1.4,25.57211804074464,55000.0,30,/scale/user/mtannaou/alternance/donnees_sar_aeqd_09_janvier/wp252024/s1a-ew-owi-cm-20241117t220214-20241117t220318-000003-_aeqd.nc,/scale/project/ifremer-isi-jumeaunumerique/SARGEO/prototype/v00r00/cyclobs/wp252024/IRWIN/s1a-ew-owi-cm-20241117t220214-20241117t220318-000003-06F11C_ll_gd_GEO-IRWIN.nc,0.0,test
1268,MAN-YI,wp252024,2024-11-16 09:58:54,rcm3-sc50mc-owi-cm-20241116t095854-20241116t100010-00003-______ll_gd_GEO-IRWIN.nc,exact_contains,2.75,57.95617407407408,17000.0,69,/scale/user/mtannaou/alternance/donnees_sar_aeqd_09_janvier/wp252024/rcm3-sc50mc-owi-cm-20241116t095854-20241116t100010-00003_aeqd.nc,/scale/project/ifremer-isi-jumeaunumerique/SARGEO/prototype/v00r00/cyclobs/wp252024/IRWIN/rcm3-sc50mc-owi-cm-20241116t095854-20241116t100010-00003-______ll_gd_GEO-IRWIN.nc,0.5023581899298917,nan
1269,MAN-YI,wp252024,2024-11-18 22:11:00,rcm3-sc50mc-owi-cm-20241118t221100-20241118t221155-00003-______ll_gd_GEO-IRWIN.nc,exact_contains,0.8999999999999999,44.69858148148119,15000.0,24,/scale/user/mtannaou/alternance/donnees_sar_aeqd_09_janvier/wp252024/rcm3-sc50mc-owi-cm-20241118t221100-20241118t221155-00003_aeqd.nc,/scale/project/ifremer-isi-jumeaunumerique/SARGEO/prototype/v00r00/cyclobs/wp252024/IRWIN/rcm3-sc50mc-owi-cm-20241118t221100-20241118t221155-00003-______ll_gd_GEO-IRWIN.nc,0.0,train
1270,MAN-YI,wp252024,2024-11-17 10:07:42,rcm3-sc50mb-owi-cm-20241117t100742-20241117t100841-00003-______ll_gd_GEO-IRWIN.nc,exact_contains,4.05,,,52,/scale/user/mtannaou/alternance/donnees_sar_aeqd_09_janvier/wp252024/rcm3-sc50mb-owi-cm-20241117t100742-20241117t100841-00003_aeqd.nc,/scale/project/ifremer-isi-jumeaunumerique/SARGEO/prototype/v00r00/cyclobs/wp252024/IRWIN/rcm3-sc50mb-owi-cm-20241117t100742-20241117t100841-00003-______ll_gd_GEO-IRWIN.nc,0.9534735500318674,nan
1271,MAN-YI,wp252024,2024-11-15 21:15:56,rcm1-sc50mb-owi-cm-20241115t211556-20241115t211713-00003-______ll_gd_GEO-IRWIN.nc,exact_contains,0.0,58.81246666666668,19000.0,65,/scale/user/mtannaou/alternance/donnees_sar_aeqd_09_janvier/wp252024/rcm1-sc50mb-owi-cm-20241115t211556-20241115t211713-00003_aeqd.nc,/scale/project/ifremer-isi-jumeaunumerique/SARGEO/prototype/v00r00/cyclobs/wp252024/IRWIN/rcm1-sc50mb-owi-cm-20241115t211556-20241115t211713-00003-______ll_gd_GEO-IRWIN.nc,0.3527087316762269,train
1272,MAN-YI,wp252024,2024-11-17 22:03:07,rcm3-sc50ma-owi-cm-20241117t220307-20241117t220413-00003-______ll_gd_GEO-IRWIN.nc,exact_contains,2.9,19.034762801891763,305000.0,30,/scale/user/mtannaou/alternance/donnees_sar_aeqd_09_janvier/wp252024/rcm3-sc50ma-owi-cm-20241117t220307-20241117t220413-00003_aeqd.nc,/scale/project/ifremer-isi-jumeaunumerique/SARGEO/prototype/v00r00/cyclobs/wp252024/IRWIN/rcm3-sc50ma-owi-cm-20241117t220307-20241117t220413-00003-______ll_gd_GEO-IRWIN.nc,0.0,nan
1273,MAN-YI,wp252024,2024-11-11 08:14:55,rcm2-sclnd-owi-cm-20241111t081455-20241111t081611-00003-______ll_gd_GEO-IRWIN.nc,exact_contains,2.7,17.643129105779657,25000.0,21,/scale/user/mtannaou/alternance/donnees_sar_aeqd_09_janvier/wp252024/rcm2-sclnd-owi-cm-20241111t081455-20241111t081611-00003_aeqd.nc,/scale/project/ifremer-isi-jumeaunumerique/SARGEO/prototype/v00r00/cyclobs/wp252024/IRWIN/rcm2-sclnd-owi-cm-20241111t081455-20241111t081611-00003-______ll_gd_GEO-IRWIN.nc,0.8256214149139579,nan
1274,MAN-YI,wp252024,2024-11-10 19:30:40,rcm3-sclnd-owi-cm-20241110t193040-20241110t193155-00003-______ll_gd_GEO-IRWIN.nc,exact_contains,0.0,31.28095427751841,16000.0,20,/scale/user/mtannaou/alternance/donnees_sar_aeqd_09_janvier/wp252024/rcm3-sclnd-owi-cm-20241110t193040-20241110t193155-00003_aeqd.nc,/scale/project/ifremer-isi-jumeaunumerique/SARGEO/prototype/v00r00/cyclobs/wp252024/IRWIN/rcm3-sclnd-owi-cm-20241110t193040-20241110t193155-00003-______ll_gd_GEO-IRWIN.nc,0.0336520076481835,train
1275,MAN-YI,wp252024,2024-11-13 08:44:04,s1a-ew-owi-cm-20241113t084404-20241113t084507-000003-06EE6F_ll_gd_GEO-IRWIN.nc,exact_contains,1.6999999999999995,18.40345569282241,132000.0,18,/scale/user/mtannaou/alternance/donnees_sar_aeqd_09_janvier/wp252024/s1a-ew-owi-cm-20241113t084404-20241113t084507-000003-_aeqd.nc,/scale/project/ifremer-isi-jumeaunumerique/SARGEO/prototype/v00r00/cyclobs/wp252024/IRWIN/s1a-ew-owi-cm-20241113t084404-20241113t084507-000003-06EE6F_ll_gd_GEO-IRWIN.nc,0.0,train
1276,MAN-YI,wp252024,2024-11-18 10:16:35,rcm3-sc50ma-owi-cm-20241118t101635-20241118t101752-00003-______ll_gd_GEO-IRWIN.nc,exact_contains,0.0,35.397762960218685,39000.0,28,/scale/user/mtannaou/alternance/donnees_sar_aeqd_09_janvier/wp252024/rcm3-sc50ma-owi-cm-20241118t101635-20241118t101752-00003_aeqd.nc,/scale/project/ifremer-isi-jumeaunumerique/SARGEO/prototype/v00r00/cyclobs/wp252024/IRWIN/rcm3-sc50ma-owi-cm-20241118t101635-20241118t101752-00003-______ll_gd_GEO-IRWIN.nc,0.0021669853409815,val
1277,MAN-YI,wp252024,2024-11-12 08:22:28,rcm2-sclnd-owi-cm-20241112t082228-20241112t082344-00003-______ll_gd_GEO-IRWIN.nc,exact_contains,2.7,20.88976770149765,79000.0,21,/scale/user/mtannaou/alternance/donnees_sar_aeqd_09_janvier/wp252024/rcm2-sclnd-owi-cm-20241112t082228-20241112t082344-00003_aeqd.nc,/scale/project/ifremer-isi-jumeaunumerique/SARGEO/prototype/v00r00/cyclobs/wp252024/IRWIN/rcm2-sclnd-owi-cm-20241112t082228-20241112t082344-00003-______ll_gd_GEO-IRWIN.nc,0.3434034416826004,train
1278,KAREN,al112025,2025-10-09 08:29:03,s1a-ew-owi-cm-20251009t082903-20251009t083108-000003-07A799_ll_gd_GEO-IRWIN.nc,exact_contains,0.7,22.74856006809368,48000.0,23,/scale/user/mtannaou/alternance/donnees_sar_aeqd_09_janvier/al112025no_env/s1a-ew-owi-cm-20251009t082903-20251009t083108-000003-_aeqd.nc,/scale/project/ifremer-isi-jumeaunumerique/SARGEO/prototype/v00r00/cyclobs/al112025/IRWIN/s1a-ew-owi-cm-20251009t082903-20251009t083108-000003-07A799_ll_gd_GEO-IRWIN.nc,0.0,val
1279,KAREN,al112025,2025-10-10 08:19:00,s1c-ew-owi-cm-20251010t081900-20251010t082248-000003-008E70_ll_gd_GEO-IRWIN.nc,exact_contains,0.0,24.865871357657173,36000.0,21,/scale/user/mtannaou/alternance/donnees_sar_aeqd_09_janvier/al112025no_env/s1c-ew-owi-cm-20251010t081900-20251010t082248-000003-_aeqd.nc,/scale/project/ifremer-isi-jumeaunumerique/SARGEO/prototype/v00r00/cyclobs/al112025/IRWIN/s1c-ew-owi-cm-20251010t081900-20251010t082248-000003-008E70_ll_gd_GEO-IRWIN.nc,0.0,val
1280,FARAJI,sh192021,2021-02-08 23:59:39,rs2-scwa-owi-cm-20210208t235939-20210209t000055-00003-______ll_gd_GEO-IRWIN.nc,exact_contains,0.6,70.24234444444444,16000.0,69,/scale/user/mtannaou/alternance/donnees_sar_aeqd_09_janvier/sh192021/rs2-scwa-owi-cm-20210208t235939-20210209t000055-00003_aeqd.nc,/scale/project/ifremer-isi-jumeaunumerique/SARGEO/prototype/v00r00/cyclobs/sh192021/IRWIN/rs2-scwa-owi-cm-20210208t235939-20210209t000055-00003-______ll_gd_GEO-IRWIN.nc,0.0,train
1281,FARAJI,sh192021,2021-02-08 12:56:30,rs2-scwa-owi-cm-20210208t125630-20210208t125746-00003-______ll_gd_GEO-IRWIN.nc,exact_contains,0.6,68.34525925925927,18000.0,70,/scale/user/mtannaou/alternance/donnees_sar_aeqd_09_janvier/sh192021/rs2-scwa-owi-cm-20210208t125630-20210208t125746-00003_aeqd.nc,/scale/project/ifremer-isi-jumeaunumerique/SARGEO/prototype/v00r00/cyclobs/sh192021/IRWIN/rs2-scwa-owi-cm-20210208t125630-20210208t125746-00003-______ll_gd_GEO-IRWIN.nc,0.0,test
1282,BIANCA,sh202025,2025-02-23 22:28:51,rcm3-sclnd-owi-cm-20250223t222851-20250223t223006-00003-xxxxx_ll_gd_GEO-IRWIN.nc,exact_contains,0.0,31.42562216247104,45000.0,28,/scale/user/mtannaou/alternance/donnees_sar_aeqd_09_janvier/sh202025/rcm3-sclnd-owi-cm-20250223t222851-20250223t223006-00003_aeqd.nc,/scale/project/ifremer-isi-jumeaunumerique/SARGEO/prototype/v00r00/cyclobs/sh202025/IRWIN/rcm3-sclnd-owi-cm-20250223t222851-20250223t223006-00003-xxxxx_ll_gd_GEO-IRWIN.nc,0.0,train
1283,BIANCA,sh202025,2025-02-26 11:40:49,rcm1-sclna-owi-cm-20250226t114049-20250226t114204-00003-xxxxx_ll_gd_GEO-IRWIN.nc,exact_contains,0.0,30.4489257855756,42000.0,21,/scale/user/mtannaou/alternance/donnees_sar_aeqd_09_janvier/sh202025/rcm1-sclna-owi-cm-20250226t114049-20250226t114204-00003_aeqd.nc,/scale/project/ifremer-isi-jumeaunumerique/SARGEO/prototype/v00r00/cyclobs/sh202025/IRWIN/rcm1-sclna-owi-cm-20250226t114049-20250226t114204-00003-xxxxx_ll_gd_GEO-IRWIN.nc,0.247163798597833,test
1284,BIANCA,sh202025,2025-02-25 22:46:24,rcm3-sclna-owi-cm-20250225t224624-20250225t224739-00003-xxxxx_ll_gd_GEO-IRWIN.nc,exact_contains,0.0,37.486488888883535,37000.0,36,/scale/user/mtannaou/alternance/donnees_sar_aeqd_09_janvier/sh202025/rcm3-sclna-owi-cm-20250225t224624-20250225t224739-00003_aeqd.nc,/scale/project/ifremer-isi-jumeaunumerique/SARGEO/prototype/v00r00/cyclobs/sh202025/IRWIN/rcm3-sclna-owi-cm-20250225t224624-20250225t224739-00003-xxxxx_ll_gd_GEO-IRWIN.nc,0.134353091140854,train
1285,BIANCA,sh202025,2025-02-23 11:18:58,rcm1-sclna-owi-cm-20250223t111858-20250223t112011-00003-xxxxx_ll_gd_GEO-IRWIN.nc,exact_contains,0.0,19.81579135229962,66000.0,21,/scale/user/mtannaou/alternance/donnees_sar_aeqd_09_janvier/sh202025/rcm1-sclna-owi-cm-20250223t111858-20250223t112011-00003_aeqd.nc,/scale/project/ifremer-isi-jumeaunumerique/SARGEO/prototype/v00r00/cyclobs/sh202025/IRWIN/rcm1-sclna-owi-cm-20250223t111858-20250223t112011-00003-xxxxx_ll_gd_GEO-IRWIN.nc,0.0,train
1286,BIANCA,sh202025,2025-02-26 22:22:48,rcm1-sclnd-owi-cm-20250226t222248-20250226t222404-00003-xxxxx_ll_gd_GEO-IRWIN.nc,exact_contains,1.7999999999999998,16.070867533746572,178000.0,18,/scale/user/mtannaou/alternance/donnees_sar_aeqd_09_janvier/sh202025/rcm1-sclnd-owi-cm-20250226t222248-20250226t222404-00003_aeqd.nc,/scale/project/ifremer-isi-jumeaunumerique/SARGEO/prototype/v00r00/cyclobs/sh202025/IRWIN/rcm1-sclnd-owi-cm-20250226t222248-20250226t222404-00003-xxxxx_ll_gd_GEO-IRWIN.nc,0.0,train
1287,BIANCA,sh202025,2025-02-25 11:33:41,rcm1-sclna-owi-cm-20250225t113341-20250225t113456-00003-xxxxx_ll_gd_GEO-IRWIN.nc,exact_contains,0.0,48.13035185185185,23000.0,49,/scale/user/mtannaou/alternance/donnees_sar_aeqd_09_janvier/sh202025/rcm1-sclna-owi-cm-20250225t113341-20250225t113456-00003_aeqd.nc,/scale/project/ifremer-isi-jumeaunumerique/SARGEO/prototype/v00r00/cyclobs/sh202025/IRWIN/rcm1-sclna-owi-cm-20250225t113341-20250225t113456-00003-xxxxx_ll_gd_GEO-IRWIN.nc,0.3170172084130019,train
1288,OCTAVE,ep152025,2025-10-06 02:29:01,rcm2-sclnd-owi-cm-20251006t022901-20251006t023014-00003-xxxxx_ll_gd_GEO-IRWIN.nc,exact_contains,0.0,48.256725925923305,12000.0,35,/scale/user/mtannaou/alternance/donnees_sar_aeqd_09_janvier/ep152025no_env/rcm2-sclnd-owi-cm-20251006t022901-20251006t023014-00003_aeqd.nc,/scale/project/ifremer-isi-jumeaunumerique/SARGEO/prototype/v00r00/cyclobs/ep152025/IRWIN/rcm2-sclnd-owi-cm-20251006t022901-20251006t023014-00003-xxxxx_ll_gd_GEO-IRWIN.nc,0.0160611854684512,train
1289,OCTAVE,ep152025,2025-10-03 02:04:17,rcm2-sc50mc-owi-cm-20251003t020417-20251003t020532-00003-xxxxx_ll_gd_GEO-IRWIN.nc,exact_contains,1.8,21.58173270214565,31000.0,25,/scale/user/mtannaou/alternance/donnees_sar_aeqd_09_janvier/ep152025no_env/rcm2-sc50mc-owi-cm-20251003t020417-20251003t020532-00003_aeqd.nc,/scale/project/ifremer-isi-jumeaunumerique/SARGEO/prototype/v00r00/cyclobs/ep152025/IRWIN/rcm2-sc50mc-owi-cm-20251003t020417-20251003t020532-00003-xxxxx_ll_gd_GEO-IRWIN.nc,0.6325047801147228,nan
1290,OCTAVE,ep152025,2025-10-05 14:16:59,rcm2-sclna-owi-cm-20251005t141659-20251005t141811-00003-xxxxx_ll_gd_GEO-IRWIN.nc,exact_contains,0.95,36.73696249999091,19000.0,36,/scale/user/mtannaou/alternance/donnees_sar_aeqd_09_janvier/ep152025no_env/rcm2-sclna-owi-cm-20251005t141659-20251005t141811-00003_aeqd.nc,/scale/project/ifremer-isi-jumeaunumerique/SARGEO/prototype/v00r00/cyclobs/ep152025/IRWIN/rcm2-sclna-owi-cm-20251005t141659-20251005t141811-00003-xxxxx_ll_gd_GEO-IRWIN.nc,0.5352453792224346,nan
1291,OCTAVE,ep152025,2025-10-01 01:47:43,rcm2-sc50mb-owi-cm-20251001t014743-20251001t014855-00003-xxxxx_ll_gd_GEO-IRWIN.nc,exact_contains,0.0,20.54607459683645,59000.0,22,/scale/user/mtannaou/alternance/donnees_sar_aeqd_09_janvier/ep152025no_env/rcm2-sc50mb-owi-cm-20251001t014743-20251001t014855-00003_aeqd.nc,/scale/project/ifremer-isi-jumeaunumerique/SARGEO/prototype/v00r00/cyclobs/ep152025/IRWIN/rcm2-sc50mb-owi-cm-20251001t014743-20251001t014855-00003-xxxxx_ll_gd_GEO-IRWIN.nc,0.0,val
1292,OCTAVE,ep152025,2025-10-03 14:01:14,rcm2-sclna-owi-cm-20251003t140114-20251003t140225-00003-xxxxx_ll_gd_GEO-IRWIN.nc,exact_contains,1.0,24.19868945987746,44000.0,24,/scale/user/mtannaou/alternance/donnees_sar_aeqd_09_janvier/ep152025no_env/rcm2-sclna-owi-cm-20251003t140114-20251003t140225-00003_aeqd.nc,/scale/project/ifremer-isi-jumeaunumerique/SARGEO/prototype/v00r00/cyclobs/ep152025/IRWIN/rcm2-sclna-owi-cm-20251003t140114-20251003t140225-00003-xxxxx_ll_gd_GEO-IRWIN.nc,0.0838750796685787,train
1293,OCTAVE,ep152025,2025-10-07 14:00:55,rcm3-sclna-owi-cm-20251007t140055-20251007t140204-00003-xxxxx_ll_gd_GEO-IRWIN.nc,exact_contains,2.5,,,22,/scale/user/mtannaou/alternance/donnees_sar_aeqd_09_janvier/ep152025no_env/rcm3-sclna-owi-cm-20251007t140055-20251007t140204-00003_aeqd.nc,/scale/project/ifremer-isi-jumeaunumerique/SARGEO/prototype/v00r00/cyclobs/ep152025/IRWIN/rcm3-sclna-owi-cm-20251007t140055-20251007t140204-00003-xxxxx_ll_gd_GEO-IRWIN.nc,0.6996813256851497,nan
1294,OCTAVE,ep152025,2025-10-08 02:13:06,rcm3-sc50mc-owi-cm-20251008t021306-20251008t021419-00003-xxxxx_ll_gd_GEO-IRWIN.nc,exact_contains,3.55,23.489953775381213,35000.0,20,/scale/user/mtannaou/alternance/donnees_sar_aeqd_09_janvier/ep152025no_env/rcm3-sc50mc-owi-cm-20251008t021306-20251008t021419-00003_aeqd.nc,/scale/project/ifremer-isi-jumeaunumerique/SARGEO/prototype/v00r00/cyclobs/ep152025/IRWIN/rcm3-sc50mc-owi-cm-20251008t021306-20251008t021419-00003-xxxxx_ll_gd_GEO-IRWIN.nc,0.7393244104525175,nan
1295,OCTAVE,ep152025,2025-10-04 02:12:37,rcm2-sclna-owi-cm-20251004t021237-20251004t021346-00003-xxxxx_ll_gd_GEO-IRWIN.nc,exact_contains,1.7,18.8488540900566,49000.0,25,/scale/user/mtannaou/alternance/donnees_sar_aeqd_09_janvier/ep152025no_env/rcm2-sclna-owi-cm-20251004t021237-20251004t021346-00003_aeqd.nc,/scale/project/ifremer-isi-jumeaunumerique/SARGEO/prototype/v00r00/cyclobs/ep152025/IRWIN/rcm2-sclna-owi-cm-20251004t021237-20251004t021346-00003-xxxxx_ll_gd_GEO-IRWIN.nc,0.1784576163161249,train
1296,OCTAVE,ep152025,2025-10-06 13:53:04,rcm3-sc50mc-owi-cm-20251006t135304-20251006t135414-00003-xxxxx_ll_gd_GEO-IRWIN.nc,exact_contains,0.0,27.61608575497717,17000.0,27,/scale/user/mtannaou/alternance/donnees_sar_aeqd_09_janvier/ep152025no_env/rcm3-sc50mc-owi-cm-20251006t135304-20251006t135414-00003_aeqd.nc,/scale/project/ifremer-isi-jumeaunumerique/SARGEO/prototype/v00r00/cyclobs/ep152025/IRWIN/rcm3-sc50mc-owi-cm-20251006t135304-20251006t135414-00003-xxxxx_ll_gd_GEO-IRWIN.nc,0.0351816443594646,test
1297,OCTAVE,ep152025,2025-10-07 02:05:16,rcm3-sc50ma-owi-cm-20251007t020516-20251007t020631-00003-xxxxx_ll_gd_GEO-IRWIN.nc,exact_contains,0.0,24.2889933486626,43000.0,23,/scale/user/mtannaou/alternance/donnees_sar_aeqd_09_janvier/ep152025no_env/rcm3-sc50ma-owi-cm-20251007t020516-20251007t020631-00003_aeqd.nc,/scale/project/ifremer-isi-jumeaunumerique/SARGEO/prototype/v00r00/cyclobs/ep152025/IRWIN/rcm3-sc50ma-owi-cm-20251007t020516-20251007t020631-00003-xxxxx_ll_gd_GEO-IRWIN.nc,0.0,val
1298,OCTAVE,ep152025,2025-10-02 01:56:08,rcm2-sc50mc-owi-cm-20251002t015608-20251002t015716-00003-xxxxx_ll_gd_GEO-IRWIN.nc,exact_contains,0.5,31.50666495569669,24000.0,28,/scale/user/mtannaou/alternance/donnees_sar_aeqd_09_janvier/ep152025no_env/rcm2-sc50mc-owi-cm-20251002t015608-20251002t015716-00003_aeqd.nc,/scale/project/ifremer-isi-jumeaunumerique/SARGEO/prototype/v00r00/cyclobs/ep152025/IRWIN/rcm2-sc50mc-owi-cm-20251002t015608-20251002t015716-00003-xxxxx_ll_gd_GEO-IRWIN.nc,0.3464627151051625,train
1299,IMAN,sh252021,2021-03-07 14:44:20,s1a-ew-owi-cm-20210307t144420-20210307t144624-000003-0456E5_ll_gd_GEO-IRWIN.nc,fuzzy_sat_time,0.25,38.30553703703704,32000.0,22,/scale/user/mtannaou/alternance/donnees_sar_aeqd_09_janvier/sh252021/s1a-ew-owi-cm-20210307t144420-20210307t144725-000003-_aeqd.nc,/scale/project/ifremer-isi-jumeaunumerique/SARGEO/prototype/v00r00/cyclobs/sh252021/IRWIN/s1a-ew-owi-cm-20210307t144420-20210307t144624-000003-0456E5_ll_gd_GEO-IRWIN.nc,0.352963671128107,val
1300,MALAKAS,wp022022,2022-04-14 09:02:00,rs2-scwa-owi-cm-20220414t090200-20220414t090423-00003-______ll_gd_GEO-IRWIN.nc,exact_contains,2.7,27.517564474491618,120000.0,51,/scale/user/mtannaou/alternance/donnees_sar_aeqd_09_janvier/wp022022/rs2-scwa-owi-cm-20220414t090200-20220414t090423-00003_aeqd.nc,/scale/project/ifremer-isi-jumeaunumerique/SARGEO/prototype/v00r00/cyclobs/wp022022/IRWIN/rs2-scwa-owi-cm-20220414t090200-20220414t090423-00003-______ll_gd_GEO-IRWIN.nc,1.0,nan
1301,MALAKAS,wp022022,2022-04-15 08:34:10,rs2-scwa-owi-cm-20220415t083410-20220415t083634-00003-______ll_gd_GEO-IRWIN.nc,exact_contains,0.3,36.42854814814815,150000.0,26,/scale/user/mtannaou/alternance/donnees_sar_aeqd_09_janvier/wp022022/rs2-scwa-owi-cm-20220415t083410-20220415t083634-00003_aeqd.nc,/scale/project/ifremer-isi-jumeaunumerique/SARGEO/prototype/v00r00/cyclobs/wp022022/IRWIN/rs2-scwa-owi-cm-20220415t083410-20220415t083634-00003-______ll_gd_GEO-IRWIN.nc,0.0,train
1302,DON,al052023,2023-07-24 08:46:56,rcm3-sclnd-owi-cm-20230724t084656-20230724t084815-00003-______ll_gd_GEO-IRWIN.nc,exact_contains,3.1,24.319130473096983,109000.0,21,/scale/user/mtannaou/alternance/donnees_sar_aeqd_09_janvier/al052023/rcm3-sclnd-owi-cm-20230724t084656-20230724t084815-00003_aeqd.nc,/scale/project/ifremer-isi-jumeaunumerique/SARGEO/prototype/v00r00/cyclobs/al052023/IRWIN/rcm3-sclnd-owi-cm-20230724t084656-20230724t084815-00003-______ll_gd_GEO-IRWIN.nc,0.1189292543021032,train
1303,DON,al052023,2023-07-19 20:31:57,rcm3-sclna-owi-cm-20230719t203157-20230719t203311-00003-______ll_gd_GEO-IRWIN.nc,exact_contains,0.0,24.306358139684185,56000.0,22,/scale/user/mtannaou/alternance/donnees_sar_aeqd_09_janvier/al052023/rcm3-sclna-owi-cm-20230719t203157-20230719t203311-00003_aeqd.nc,/scale/project/ifremer-isi-jumeaunumerique/SARGEO/prototype/v00r00/cyclobs/al052023/IRWIN/rcm3-sclna-owi-cm-20230719t203157-20230719t203311-00003-______ll_gd_GEO-IRWIN.nc,0.064372211599745,val
1304,DON,al052023,2023-07-20 08:50:26,rcm2-sc50mc-owi-cm-20230720t085026-20230720t085045-00003-______ll_gd_GEO-IRWIN.nc,exact_contains,0.0,19.613477024691427,46000.0,23,/scale/user/mtannaou/alternance/donnees_sar_aeqd_09_janvier/al052023/rcm2-sc50mc-owi-cm-20230720t085026-20230720t085045-00003_aeqd.nc,/scale/project/ifremer-isi-jumeaunumerique/SARGEO/prototype/v00r00/cyclobs/al052023/IRWIN/rcm2-sc50mc-owi-cm-20230720t085026-20230720t085045-00003-______ll_gd_GEO-IRWIN.nc,0.5372848948374761,nan
1305,DON,al052023,2023-07-20 20:40:16,rcm3-sc50ma-owi-cm-20230720t204113-20230720t204135-00003-______ll_gd_GEO-IRWIN.nc,fuzzy_sat_time,3.05,21.32503695011764,18000.0,23,/scale/user/mtannaou/alternance/donnees_sar_aeqd_09_janvier/al052023/rcm3-sclna-owi-cm-20230720t204016-20230720t204111-00003_aeqd.nc,/scale/project/ifremer-isi-jumeaunumerique/SARGEO/prototype/v00r00/cyclobs/al052023/IRWIN/rcm3-sc50ma-owi-cm-20230720t204113-20230720t204135-00003-______ll_gd_GEO-IRWIN.nc,0.7745060548119822,nan
1306,DON,al052023,2023-07-20 20:40:16,rcm3-sclna-owi-cm-20230720t204016-20230720t204111-00003-______ll_gd_GEO-IRWIN.nc,exact_contains,3.05,21.32503695011764,18000.0,23,/scale/user/mtannaou/alternance/donnees_sar_aeqd_09_janvier/al052023/rcm3-sclna-owi-cm-20230720t204016-20230720t204111-00003_aeqd.nc,/scale/project/ifremer-isi-jumeaunumerique/SARGEO/prototype/v00r00/cyclobs/al052023/IRWIN/rcm3-sclna-owi-cm-20230720t204016-20230720t204111-00003-______ll_gd_GEO-IRWIN.nc,0.7745060548119822,nan
1307,DON,al052023,2023-07-23 09:12:14,rcm2-sc50md-owi-cm-20230723t091214-20230723t091243-00003-______ll_gd_GEO-IRWIN.nc,exact_contains,1.0,35.10195187824076,43000.0,29,/scale/user/mtannaou/alternance/donnees_sar_aeqd_09_janvier/al052023/rcm2-sc50md-owi-cm-20230723t091214-20230723t091243-00003_aeqd.nc,/scale/project/ifremer-isi-jumeaunumerique/SARGEO/prototype/v00r00/cyclobs/al052023/IRWIN/rcm2-sc50md-owi-cm-20230723t091214-20230723t091243-00003-______ll_gd_GEO-IRWIN.nc,0.1736137667304015,val
1308,DON,al052023,2023-07-23 21:07:13,rcm3-sc50mb-owi-cm-20230723t210713-20230723t210813-00003-______ll_gd_GEO-IRWIN.nc,exact_contains,2.7,21.03224061397889,59000.0,24,/scale/user/mtannaou/alternance/donnees_sar_aeqd_09_janvier/al052023/rcm3-sc50mb-owi-cm-20230723t210713-20230723t210813-00003_aeqd.nc,/scale/project/ifremer-isi-jumeaunumerique/SARGEO/prototype/v00r00/cyclobs/al052023/IRWIN/rcm3-sc50mb-owi-cm-20230723t210713-20230723t210813-00003-______ll_gd_GEO-IRWIN.nc,0.5759082217973231,nan
1309,DON,al052023,2023-07-19 08:41:57,rcm2-sclna-owi-cm-20230719t084157-20230719t084315-00003-______ll_gd_GEO-IRWIN.nc,exact_contains,1.6,16.03440962932437,133000.0,18,/scale/user/mtannaou/alternance/donnees_sar_aeqd_09_janvier/al052023/rcm2-sclna-owi-cm-20230719t084157-20230719t084315-00003_aeqd.nc,/scale/project/ifremer-isi-jumeaunumerique/SARGEO/prototype/v00r00/cyclobs/al052023/IRWIN/rcm2-sclna-owi-cm-20230719t084157-20230719t084315-00003-______ll_gd_GEO-IRWIN.nc,0.0,train
1310,WUTIP,wp012025,2025-06-12 22:27:00,rcm3-sc50mc-owi-cm-20250612t222700-20250612t222756-00003-xxxxx_ll_gd_GEO-IRWIN.nc,exact_contains,5.35,,,30,/scale/user/mtannaou/alternance/donnees_sar_aeqd_09_janvier/wp012025no_env/rcm3-sc50mc-owi-cm-20250612t222700-20250612t222756-00003_aeqd.nc,/scale/project/ifremer-isi-jumeaunumerique/SARGEO/prototype/v00r00/cyclobs/wp012025/IRWIN/rcm3-sc50mc-owi-cm-20250612t222700-20250612t222756-00003-xxxxx_ll_gd_GEO-IRWIN.nc,0.9922243467176546,nan
1311,FRANK,ep072022,2022-07-27 00:59:18,rcm1-sc50ma-owi-cm-20220727t005918-20220727t010014-00003-______ll_gd_GEO-IRWIN.nc,exact_contains,3.4,30.887464930930072,76000.0,18,/scale/user/mtannaou/alternance/donnees_sar_aeqd_09_janvier/ep072022/rcm1-sc50ma-owi-cm-20220727t005918-20220727t010014-00003_aeqd.nc,/scale/project/ifremer-isi-jumeaunumerique/SARGEO/prototype/v00r00/cyclobs/ep072022/IRWIN/rcm1-sc50ma-owi-cm-20220727t005918-20220727t010014-00003-______ll_gd_GEO-IRWIN.nc,0.0479286169534735,train
1312,FRANK,ep072022,2022-07-31 13:53:19,rs2-scwa-owi-cm-20220731t135319-20220731t135632-00003-______ll_gd_GEO-IRWIN.nc,exact_contains,0.0,39.66314814814816,58000.0,38,/scale/user/mtannaou/alternance/donnees_sar_aeqd_09_janvier/ep072022/rs2-scwa-owi-cm-20220731t135319-20220731t135632-00003_aeqd.nc,/scale/project/ifremer-isi-jumeaunumerique/SARGEO/prototype/v00r00/cyclobs/ep072022/IRWIN/rs2-scwa-owi-cm-20220731t135319-20220731t135632-00003-______ll_gd_GEO-IRWIN.nc,0.0173358827278521,test
1313,FRANK,ep072022,2022-07-30 01:56:50,rs2-scwa-owi-cm-20220730t015650-20220730t015805-00003-______ll_gd_GEO-IRWIN.nc,exact_contains,3.0,27.68923426862009,26000.0,38,/scale/user/mtannaou/alternance/donnees_sar_aeqd_09_janvier/ep072022/rs2-scwa-owi-cm-20220730t015650-20220730t015805-00003_aeqd.nc,/scale/project/ifremer-isi-jumeaunumerique/SARGEO/prototype/v00r00/cyclobs/ep072022/IRWIN/rs2-scwa-owi-cm-20220730t015650-20220730t015805-00003-______ll_gd_GEO-IRWIN.nc,0.7204588910133843,nan
1314,MARTIN,al162022,2022-10-31 21:58:42,rcm1-sc50ma-owi-cm-20221031t215842-20221031t220134-00003-______ll_gd_GEO-IRWIN.nc,exact_contains,0.25,23.39592544289353,49000.0,19,/scale/user/mtannaou/alternance/donnees_sar_aeqd_09_janvier/al162022/rcm1-sc50ma-owi-cm-20221031t215842-20221031t220134-00003_aeqd.nc,/scale/project/ifremer-isi-jumeaunumerique/SARGEO/prototype/v00r00/cyclobs/al162022/IRWIN/rcm1-sc50ma-owi-cm-20221031t215842-20221031t220134-00003-______ll_gd_GEO-IRWIN.nc,0.2615678776290631,test
1315,MARTIN,al162022,2022-11-03 08:53:46,rcm3-sc50ma-owi-cm-20221103t085346-20221103t085706-00003-______ll_gd_GEO-IRWIN.nc,exact_contains,2.4,43.56525592186022,97000.0,39,/scale/user/mtannaou/alternance/donnees_sar_aeqd_09_janvier/al162022/rcm3-sc50ma-owi-cm-20221103t085346-20221103t085706-00003_aeqd.nc,/scale/project/ifremer-isi-jumeaunumerique/SARGEO/prototype/v00r00/cyclobs/al162022/IRWIN/rcm3-sc50ma-owi-cm-20221103t085346-20221103t085706-00003-______ll_gd_GEO-IRWIN.nc,0.2624601657106437,train
1316,MARTIN,al162022,2022-11-03 08:55:40,rcm3-sc50ma-owi-cm-20221103t085540-20221103t085639-00003-______ll_gd_GEO-IRWIN.nc,exact_contains,3.2,35.42283333231037,109000.0,39,/scale/user/mtannaou/alternance/donnees_sar_aeqd_09_janvier/al162022/rcm3-sc50ma-owi-cm-20221103t085540-20221103t085639-00003_aeqd.nc,/scale/project/ifremer-isi-jumeaunumerique/SARGEO/prototype/v00r00/cyclobs/al162022/IRWIN/rcm3-sc50ma-owi-cm-20221103t085540-20221103t085639-00003-______ll_gd_GEO-IRWIN.nc,0.8307202039515615,nan
1317,MEGAN,sh192024,2024-03-17 20:27:09,rcm2-sclnb-owi-cm-20240317t202709-20240317t202825-00003-______ll_gd_GEO-IRWIN.nc,exact_contains,1.8,48.85307407407407,25000.0,48,/scale/user/mtannaou/alternance/donnees_sar_aeqd_09_janvier/sh192024/rcm2-sclnb-owi-cm-20240317t202709-20240317t202825-00003_aeqd.nc,/scale/project/ifremer-isi-jumeaunumerique/SARGEO/prototype/v00r00/cyclobs/sh192024/IRWIN/rcm2-sclnb-owi-cm-20240317t202709-20240317t202825-00003-______ll_gd_GEO-IRWIN.nc,0.21427660930529,train
1318,MEGAN,sh192024,2024-03-17 09:19:01,rcm3-sclnb-owi-cm-20240317t091901-20240317t092017-00003-______ll_gd_GEO-IRWIN.nc,exact_contains,0.0,45.75992592592591,22000.0,48,/scale/user/mtannaou/alternance/donnees_sar_aeqd_09_janvier/sh192024/rcm3-sclnb-owi-cm-20240317t091901-20240317t092017-00003_aeqd.nc,/scale/project/ifremer-isi-jumeaunumerique/SARGEO/prototype/v00r00/cyclobs/sh192024/IRWIN/rcm3-sclnb-owi-cm-20240317t091901-20240317t092017-00003-______ll_gd_GEO-IRWIN.nc,0.0423199490121096,test
1319,MEGAN,sh192024,2024-03-17 20:23:03,s1a-iw-owi-cm-20240317t202418-20240317t202558-000003-066BA4_ll_gd_GEO-IRWIN.nc,fuzzy_sat_time,1.8,48.90025555555556,25000.0,48,/scale/user/mtannaou/alternance/donnees_sar_aeqd_09_janvier/sh192024/s1a-iw-owi-cm-20240317t202303-20240317t202558-000003-_aeqd.nc,/scale/project/ifremer-isi-jumeaunumerique/SARGEO/prototype/v00r00/cyclobs/sh192024/IRWIN/s1a-iw-owi-cm-20240317t202418-20240317t202558-000003-066BA4_ll_gd_GEO-IRWIN.nc,0.2091778202676864,train
1320,HINNAMNOR,wp122022,2022-09-04 21:51:28,rcm3-sc50ma-owi-cm-20220904t215128-20220904t215227-00003-______ll_gd_GEO-IRWIN.nc,exact_contains,4.3,26.722968769854493,50000.0,57,/scale/user/mtannaou/alternance/donnees_sar_aeqd_09_janvier/wp122022/rcm3-sc50ma-owi-cm-20220904t215128-20220904t215227-00003_aeqd.nc,/scale/project/ifremer-isi-jumeaunumerique/SARGEO/prototype/v00r00/cyclobs/wp122022/IRWIN/rcm3-sc50ma-owi-cm-20220904t215128-20220904t215227-00003-______ll_gd_GEO-IRWIN.nc,0.708604206500956,nan
1321,HINNAMNOR,wp122022,2022-09-04 09:32:55,rs2-scwa-owi-cm-20220904t093255-20220904t093518-00003-______ll_gd_GEO-IRWIN.nc,exact_contains,1.0,60.71797037037038,10000.0,57,/scale/user/mtannaou/alternance/donnees_sar_aeqd_09_janvier/wp122022/rs2-scwa-owi-cm-20220904t093255-20220904t093518-00003_aeqd.nc,/scale/project/ifremer-isi-jumeaunumerique/SARGEO/prototype/v00r00/cyclobs/wp122022/IRWIN/rs2-scwa-owi-cm-20220904t093255-20220904t093518-00003-______ll_gd_GEO-IRWIN.nc,0.2059910771191841,test
1322,HINNAMNOR,wp122022,2022-09-02 21:35:53,s1a-ew-owi-cm-20220902t213553-20220902t213720-000003-055AAC_ll_gd_GEO-IRWIN.nc,exact_contains,1.0,33.24275994472229,30000.0,40,/scale/user/mtannaou/alternance/donnees_sar_aeqd_09_janvier/wp122022/s1a-ew-owi-cm-20220902t213553-20220902t213720-000003-_aeqd.nc,/scale/project/ifremer-isi-jumeaunumerique/SARGEO/prototype/v00r00/cyclobs/wp122022/IRWIN/s1a-ew-owi-cm-20220902t213553-20220902t213720-000003-055AAC_ll_gd_GEO-IRWIN.nc,0.0,train
1323,HINNAMNOR,wp122022,2022-09-01 21:29:29,rcm3-sc50ma-owi-cm-20220901t212929-20220901t213005-00003-______ll_gd_GEO-IRWIN.nc,exact_contains,3.2,20.222555206160056,73000.0,50,/scale/user/mtannaou/alternance/donnees_sar_aeqd_09_janvier/wp122022/rcm3-sc50ma-owi-cm-20220901t212929-20220901t213005-00003_aeqd.nc,/scale/project/ifremer-isi-jumeaunumerique/SARGEO/prototype/v00r00/cyclobs/wp122022/IRWIN/rcm3-sc50ma-owi-cm-20220901t212929-20220901t213005-00003-______ll_gd_GEO-IRWIN.nc,1.0,nan
1324,HINNAMNOR,wp122022,2022-08-30 21:10:26,s1a-ew-owi-cm-20220830t211026-20220830t211206-000003-055937_ll_gd_GEO-IRWIN.nc,exact_contains,0.6,67.00765925925926,10000.0,71,/scale/user/mtannaou/alternance/donnees_sar_aeqd_09_janvier/wp122022/s1a-ew-owi-cm-20220830t211026-20220830t211206-000003-_aeqd.nc,/scale/project/ifremer-isi-jumeaunumerique/SARGEO/prototype/v00r00/cyclobs/wp122022/IRWIN/s1a-ew-owi-cm-20220830t211026-20220830t211206-000003-055937_ll_gd_GEO-IRWIN.nc,0.0439770554493307,val
1325,JEBI,wp192024,2024-09-28 20:41:09,rcm2-sclna-owi-cm-20240928t204109-20240928t204223-00003-______ll_gd_GEO-IRWIN.nc,exact_contains,4.3,12.840967090520556,50000.0,17,/scale/user/mtannaou/alternance/donnees_sar_aeqd_09_janvier/wp192024/rcm2-sclna-owi-cm-20240928t204109-20240928t204223-00003_aeqd.nc,/scale/project/ifremer-isi-jumeaunumerique/SARGEO/prototype/v00r00/cyclobs/wp192024/IRWIN/rcm2-sclna-owi-cm-20240928t204109-20240928t204223-00003-______ll_gd_GEO-IRWIN.nc,0.8789037603569152,nan
1326,JEBI,wp192024,2024-09-30 08:34:43,rcm3-sclna-owi-cm-20240930t083443-20240930t083558-00003-______ll_gd_GEO-IRWIN.nc,exact_contains,0.0,21.845617499106744,69000.0,24,/scale/user/mtannaou/alternance/donnees_sar_aeqd_09_janvier/wp192024/rcm3-sclna-owi-cm-20240930t083443-20240930t083558-00003_aeqd.nc,/scale/project/ifremer-isi-jumeaunumerique/SARGEO/prototype/v00r00/cyclobs/wp192024/IRWIN/rcm3-sclna-owi-cm-20240930t083443-20240930t083558-00003-______ll_gd_GEO-IRWIN.nc,0.0,train
1327,JEBI,wp192024,2024-09-30 20:22:58,rcm3-sclnd-owi-cm-20240930t202258-20240930t202411-00003-______ll_gd_GEO-IRWIN.nc,exact_contains,0.0,38.06888888837075,37000.0,32,/scale/user/mtannaou/alternance/donnees_sar_aeqd_09_janvier/wp192024/rcm3-sclnd-owi-cm-20240930t202258-20240930t202411-00003_aeqd.nc,/scale/project/ifremer-isi-jumeaunumerique/SARGEO/prototype/v00r00/cyclobs/wp192024/IRWIN/rcm3-sclnd-owi-cm-20240930t202258-20240930t202411-00003-______ll_gd_GEO-IRWIN.nc,0.0882090503505417,val
1328,JEBI,wp192024,2024-09-29 20:48:17,rcm2-sclna-owi-cm-20240929t204817-20240929t204932-00003-______ll_gd_GEO-IRWIN.nc,exact_contains,3.6,15.30689382844016,24000.0,21,/scale/user/mtannaou/alternance/donnees_sar_aeqd_09_janvier/wp192024/rcm2-sclna-owi-cm-20240929t204817-20240929t204932-00003_aeqd.nc,/scale/project/ifremer-isi-jumeaunumerique/SARGEO/prototype/v00r00/cyclobs/wp192024/IRWIN/rcm2-sclna-owi-cm-20240929t204817-20240929t204932-00003-______ll_gd_GEO-IRWIN.nc,0.9182919056724028,nan
1329,JEBI,wp192024,2024-09-29 08:57:16,rcm2-sclnd-owi-cm-20240929t085716-20240929t085832-00003-______ll_gd_GEO-IRWIN.nc,exact_contains,3.05,10.965422886107374,58000.0,18,/scale/user/mtannaou/alternance/donnees_sar_aeqd_09_janvier/wp192024/rcm2-sclnd-owi-cm-20240929t085716-20240929t085832-00003_aeqd.nc,/scale/project/ifremer-isi-jumeaunumerique/SARGEO/prototype/v00r00/cyclobs/wp192024/IRWIN/rcm2-sclnd-owi-cm-20240929t085716-20240929t085832-00003-______ll_gd_GEO-IRWIN.nc,0.9394518801784576,nan
1330,FRANCISCO,sh132020,2020-02-14 02:09:53,s1a-iw-owi-cm-20200214t021047-20200214t021202-000003-0397D1_ll_gd_GEO-IRWIN.nc,fuzzy_sat_time,2.1,34.85962962962962,9000.0,21,/scale/user/mtannaou/alternance/donnees_sar_aeqd_09_janvier/sh132020/s1a-iw-owi-cm-20200214t020953-20200214t021252-000003-_aeqd.nc,/scale/project/ifremer-isi-jumeaunumerique/SARGEO/prototype/v00r00/cyclobs/sh132020/IRWIN/s1a-iw-owi-cm-20200214t021047-20200214t021202-000003-0397D1_ll_gd_GEO-IRWIN.nc,0.2090503505417463,train
1331,NANA,al162020,2020-09-02 23:56:57,s1a-iw-owi-cm-20200902t235812-20200902t235927-000003-03F8BD_ll_gd_GEO-IRWIN.nc,fuzzy_sat_time,0.0,32.86855185185185,15000.0,31,/scale/user/mtannaou/alternance/donnees_sar_aeqd_09_janvier/al162020/s1a-iw-owi-cm-20200902t235657-20200902t235952-000003-_aeqd.nc,/scale/project/ifremer-isi-jumeaunumerique/SARGEO/prototype/v00r00/cyclobs/al162020/IRWIN/s1a-iw-owi-cm-20200902t235812-20200902t235927-000003-03F8BD_ll_gd_GEO-IRWIN.nc,0.1126832377310388,train
1332,NEWTON,ep152022,2022-09-22 01:07:56,rcm3-sc50ma-owi-cm-20220922t010756-20220922t011044-00003-______ll_gd_GEO-IRWIN.nc,exact_contains,0.7,31.33688646359554,9000.0,22,/scale/user/mtannaou/alternance/donnees_sar_aeqd_09_janvier/ep152022/rcm3-sc50ma-owi-cm-20220922t010756-20220922t011044-00003_aeqd.nc,/scale/project/ifremer-isi-jumeaunumerique/SARGEO/prototype/v00r00/cyclobs/ep152022/IRWIN/rcm3-sc50ma-owi-cm-20220922t010756-20220922t011044-00003-______ll_gd_GEO-IRWIN.nc,0.0,test
1333,TORAJI,wp262024,2024-11-10 21:39:18,rcm2-sc50mb-owi-cm-20241110t213918-20241110t214035-00003-______ll_gd_GEO-IRWIN.nc,exact_contains,0.0,45.67065185185183,41000.0,41,/scale/user/mtannaou/alternance/donnees_sar_aeqd_09_janvier/wp262024/rcm2-sc50mb-owi-cm-20241110t213918-20241110t214035-00003_aeqd.nc,/scale/project/ifremer-isi-jumeaunumerique/SARGEO/prototype/v00r00/cyclobs/wp262024/IRWIN/rcm2-sc50mb-owi-cm-20241110t213918-20241110t214035-00003-______ll_gd_GEO-IRWIN.nc,0.1695347355003186,train
1334,TORAJI,wp262024,2024-11-11 21:46:56,rcm2-sc50mc-owi-cm-20241111t214656-20241111t214811-00003-______ll_gd_GEO-IRWIN.nc,exact_contains,3.35,20.509758967681147,39000.0,23,/scale/user/mtannaou/alternance/donnees_sar_aeqd_09_janvier/wp262024/rcm2-sc50mc-owi-cm-20241111t214656-20241111t214811-00003_aeqd.nc,/scale/project/ifremer-isi-jumeaunumerique/SARGEO/prototype/v00r00/cyclobs/wp262024/IRWIN/rcm2-sc50mc-owi-cm-20241111t214656-20241111t214811-00003-______ll_gd_GEO-IRWIN.nc,0.8031867431485022,nan
1335,TORAJI,wp262024,2024-11-10 09:43:19,rcm2-sc50ma-owi-cm-20241110t094319-20241110t094436-00003-______ll_gd_GEO-IRWIN.nc,exact_contains,0.7,39.73087777772975,17000.0,37,/scale/user/mtannaou/alternance/donnees_sar_aeqd_09_janvier/wp262024/rcm2-sc50ma-owi-cm-20241110t094319-20241110t094436-00003_aeqd.nc,/scale/project/ifremer-isi-jumeaunumerique/SARGEO/prototype/v00r00/cyclobs/wp262024/IRWIN/rcm2-sc50ma-owi-cm-20241110t094319-20241110t094436-00003-______ll_gd_GEO-IRWIN.nc,0.0,train
1336,TORAJI,wp262024,2024-11-13 10:25:31,s1a-iw-owi-cm-20241113t102531-20241113t102625-000003-06EE7A_ll_gd_GEO-IRWIN.nc,exact_contains,1.9,,,23,/scale/user/mtannaou/alternance/donnees_sar_aeqd_09_janvier/wp262024/s1a-iw-owi-cm-20241113t102531-20241113t102625-000003-_aeqd.nc,/scale/project/ifremer-isi-jumeaunumerique/SARGEO/prototype/v00r00/cyclobs/wp262024/IRWIN/s1a-iw-owi-cm-20241113t102531-20241113t102625-000003-06EE7A_ll_gd_GEO-IRWIN.nc,0.5714467813894201,nan
1337,LINGLING,wp182025,2025-08-21 09:15:56,rcm2-sc50ma-owi-cm-20250821t091556-20250821t091648-00003-xxxxx_ll_gd_GEO-IRWIN.nc,exact_contains,4.2,14.517013764374918,32000.0,19,/scale/user/mtannaou/alternance/donnees_sar_aeqd_09_janvier/wp182025no_env/rcm2-sc50ma-owi-cm-20250821t091556-20250821t091648-00003_aeqd.nc,/scale/project/ifremer-isi-jumeaunumerique/SARGEO/prototype/v00r00/cyclobs/wp182025/IRWIN/rcm2-sc50ma-owi-cm-20250821t091556-20250821t091648-00003-xxxxx_ll_gd_GEO-IRWIN.nc,0.5426386233269599,nan
1338,LINGLING,wp182025,2025-08-20 09:39:03,rcm1-sc50mc-owi-cm-20250820t093903-20250820t094013-00003-xxxxx_ll_gd_GEO-IRWIN.nc,exact_contains,0.5,,,17,/scale/user/mtannaou/alternance/donnees_sar_aeqd_09_janvier/wp182025no_env/rcm1-sc50mc-owi-cm-20250820t093903-20250820t094013-00003_aeqd.nc,/scale/project/ifremer-isi-jumeaunumerique/SARGEO/prototype/v00r00/cyclobs/wp182025/IRWIN/rcm1-sc50mc-owi-cm-20250820t093903-20250820t094013-00003-xxxxx_ll_gd_GEO-IRWIN.nc,0.5008285532186105,nan
1339,LINGLING,wp182025,2025-08-20 21:27:12,rcm1-sc50mb-owi-cm-20250820t212712-20250820t212801-00003-xxxxx_ll_gd_GEO-IRWIN.nc,exact_contains,4.8,25.01429696621001,71000.0,22,/scale/user/mtannaou/alternance/donnees_sar_aeqd_09_janvier/wp182025no_env/rcm1-sc50mb-owi-cm-20250820t212712-20250820t212801-00003_aeqd.nc,/scale/project/ifremer-isi-jumeaunumerique/SARGEO/prototype/v00r00/cyclobs/wp182025/IRWIN/rcm1-sc50mb-owi-cm-20250820t212712-20250820t212801-00003-xxxxx_ll_gd_GEO-IRWIN.nc,0.1912045889101338,train
1340,HILARY,ep092023,2023-08-20 01:42:44,rcm1-sclnb-owi-cm-20230820t014244-20230820t014402-00003-______ll_gd_GEO-IRWIN.nc,exact_contains,0.0,33.366711103775614,105000.0,42,/scale/user/mtannaou/alternance/donnees_sar_aeqd_09_janvier/ep092023/rcm1-sclnb-owi-cm-20230820t014244-20230820t014402-00003_aeqd.nc,/scale/project/ifremer-isi-jumeaunumerique/SARGEO/prototype/v00r00/cyclobs/ep092023/IRWIN/rcm1-sclnb-owi-cm-20230820t014244-20230820t014402-00003-______ll_gd_GEO-IRWIN.nc,0.0,train
1341,HILARY,ep092023,2023-08-19 01:33:18,rcm1-sc50ma-owi-cm-20230819t013318-20230819t013436-00003-______ll_gd_GEO-IRWIN.nc,exact_contains,0.0,54.72078148148148,30000.0,59,/scale/user/mtannaou/alternance/donnees_sar_aeqd_09_janvier/ep092023/rcm1-sc50ma-owi-cm-20230819t013318-20230819t013436-00003_aeqd.nc,/scale/project/ifremer-isi-jumeaunumerique/SARGEO/prototype/v00r00/cyclobs/ep092023/IRWIN/rcm1-sc50ma-owi-cm-20230819t013318-20230819t013436-00003-______ll_gd_GEO-IRWIN.nc,0.0,train
1342,HILARY,ep092023,2023-08-19 13:26:48,rcm1-sc50mb-owi-cm-20230819t132648-20230819t132805-00003-______ll_gd_GEO-IRWIN.nc,exact_contains,0.0,43.21364074074066,33000.0,55,/scale/user/mtannaou/alternance/donnees_sar_aeqd_09_janvier/ep092023/rcm1-sc50mb-owi-cm-20230819t132648-20230819t132805-00003_aeqd.nc,/scale/project/ifremer-isi-jumeaunumerique/SARGEO/prototype/v00r00/cyclobs/ep092023/IRWIN/rcm1-sc50mb-owi-cm-20230819t132648-20230819t132805-00003-______ll_gd_GEO-IRWIN.nc,0.0,train
1343,HILARY,ep092023,2023-08-19 01:37:53,s1a-ew-owi-cm-20230819t013753-20230819t013856-000003-0601D3_ll_gd_GEO-IRWIN.nc,exact_contains,0.0,54.63252962962963,33000.0,59,/scale/user/mtannaou/alternance/donnees_sar_aeqd_09_janvier/ep092023/s1a-ew-owi-cm-20230819t013753-20230819t013856-000003-_aeqd.nc,/scale/project/ifremer-isi-jumeaunumerique/SARGEO/prototype/v00r00/cyclobs/ep092023/IRWIN/s1a-ew-owi-cm-20230819t013753-20230819t013856-000003-0601D3_ll_gd_GEO-IRWIN.nc,0.0,train
1344,HILARY,ep092023,2023-08-20 13:33:14,rcm1-sclnd-owi-cm-20230820t133314-20230820t133432-00003-______ll_gd_GEO-IRWIN.nc,exact_contains,1.8,25.58904072597308,67000.0,32,/scale/user/mtannaou/alternance/donnees_sar_aeqd_09_janvier/ep092023/rcm1-sclnd-owi-cm-20230820t133314-20230820t133432-00003_aeqd.nc,/scale/project/ifremer-isi-jumeaunumerique/SARGEO/prototype/v00r00/cyclobs/ep092023/IRWIN/rcm1-sclnd-owi-cm-20230820t133314-20230820t133432-00003-______ll_gd_GEO-IRWIN.nc,0.0611854684512428,train
1345,HILARY,ep092023,2023-08-18 13:19:56,rcm1-sc50ma-owi-cm-20230818t131956-20230818t132111-00003-______ll_gd_GEO-IRWIN.nc,exact_contains,0.0,41.85686296296242,28000.0,63,/scale/user/mtannaou/alternance/donnees_sar_aeqd_09_janvier/ep092023/rcm1-sc50ma-owi-cm-20230818t131956-20230818t132111-00003_aeqd.nc,/scale/project/ifremer-isi-jumeaunumerique/SARGEO/prototype/v00r00/cyclobs/ep092023/IRWIN/rcm1-sc50ma-owi-cm-20230818t131956-20230818t132111-00003-______ll_gd_GEO-IRWIN.nc,0.0,test
1346,LEE,al132023,2023-09-08 09:25:21,s1a-ew-owi-cm-20230908t092521-20230908t092624-000003-060BF1_ll_gd_GEO-IRWIN.nc,exact_contains,0.6,65.39053333333334,12000.0,72,/scale/user/mtannaou/alternance/donnees_sar_aeqd_09_janvier/al132023/s1a-ew-owi-cm-20230908t092521-20230908t092624-000003-_aeqd.nc,/scale/project/ifremer-isi-jumeaunumerique/SARGEO/prototype/v00r00/cyclobs/al132023/IRWIN/s1a-ew-owi-cm-20230908t092521-20230908t092624-000003-060BF1_ll_gd_GEO-IRWIN.nc,0.0242192479286169,train
1347,LEE,al132023,2023-09-12 22:29:41,rcm1-sclnb-owi-cm-20230912t222941-20230912t223057-00003-______ll_gd_GEO-IRWIN.nc,exact_contains,0.0,47.8245,38000.0,51,/scale/user/mtannaou/alternance/donnees_sar_aeqd_09_janvier/al132023/rcm1-sclnb-owi-cm-20230912t222941-20230912t223057-00003_aeqd.nc,/scale/project/ifremer-isi-jumeaunumerique/SARGEO/prototype/v00r00/cyclobs/al132023/IRWIN/rcm1-sclnb-owi-cm-20230912t222941-20230912t223057-00003-______ll_gd_GEO-IRWIN.nc,0.0,val
1348,LEE,al132023,2023-09-10 09:57:38,rcm1-sclnb-owi-cm-20230910t095738-20230910t095854-00003-______ll_gd_GEO-IRWIN.nc,exact_contains,0.0,47.80502962962964,25000.0,48,/scale/user/mtannaou/alternance/donnees_sar_aeqd_09_janvier/al132023/rcm1-sclnb-owi-cm-20230910t095738-20230910t095854-00003_aeqd.nc,/scale/project/ifremer-isi-jumeaunumerique/SARGEO/prototype/v00r00/cyclobs/al132023/IRWIN/rcm1-sclnb-owi-cm-20230910t095738-20230910t095854-00003-______ll_gd_GEO-IRWIN.nc,0.0,val
1349,LEE,al132023,2023-09-11 22:21:24,rcm1-sclnb-owi-cm-20230911t222124-20230911t222239-00003-______ll_gd_GEO-IRWIN.nc,exact_contains,0.0,49.4254925925926,48000.0,51,/scale/user/mtannaou/alternance/donnees_sar_aeqd_09_janvier/al132023/rcm1-sclnb-owi-cm-20230911t222124-20230911t222239-00003_aeqd.nc,/scale/project/ifremer-isi-jumeaunumerique/SARGEO/prototype/v00r00/cyclobs/al132023/IRWIN/rcm1-sclnb-owi-cm-20230911t222124-20230911t222239-00003-______ll_gd_GEO-IRWIN.nc,0.0,train
1350,LEE,al132023,2023-09-13 10:20:40,rcm1-sc50mc-owi-cm-20230913t102040-20230913t102157-00003-______ll_gd_GEO-IRWIN.nc,exact_contains,0.0,40.55818518521576,34000.0,51,/scale/user/mtannaou/alternance/donnees_sar_aeqd_09_janvier/al132023/rcm1-sc50mc-owi-cm-20230913t102040-20230913t102157-00003_aeqd.nc,/scale/project/ifremer-isi-jumeaunumerique/SARGEO/prototype/v00r00/cyclobs/al132023/IRWIN/rcm1-sc50mc-owi-cm-20230913t102040-20230913t102157-00003-______ll_gd_GEO-IRWIN.nc,0.0,train
1351,LEE,al132023,2023-09-11 10:05:16,rcm1-sclnc-owi-cm-20230911t100516-20230911t100633-00003-______ll_gd_GEO-IRWIN.nc,exact_contains,0.0,47.775496296296296,25000.0,54,/scale/user/mtannaou/alternance/donnees_sar_aeqd_09_janvier/al132023/rcm1-sclnc-owi-cm-20230911t100516-20230911t100633-00003_aeqd.nc,/scale/project/ifremer-isi-jumeaunumerique/SARGEO/prototype/v00r00/cyclobs/al132023/IRWIN/rcm1-sclnc-owi-cm-20230911t100516-20230911t100633-00003-______ll_gd_GEO-IRWIN.nc,0.0,train
1352,LEE,al132023,2023-09-09 22:04:34,rcm1-sclnb-owi-cm-20230909t220434-20230909t220551-00003-______ll_gd_GEO-IRWIN.nc,exact_contains,0.0,45.83935185185185,18000.0,50,/scale/user/mtannaou/alternance/donnees_sar_aeqd_09_janvier/al132023/rcm1-sclnb-owi-cm-20230909t220434-20230909t220551-00003_aeqd.nc,/scale/project/ifremer-isi-jumeaunumerique/SARGEO/prototype/v00r00/cyclobs/al132023/IRWIN/rcm1-sclnb-owi-cm-20230909t220434-20230909t220551-00003-______ll_gd_GEO-IRWIN.nc,0.0,train
1353,LEE,al132023,2023-09-10 22:12:57,rcm1-sclnb-owi-cm-20230910t221257-20230910t221412-00003-______ll_gd_GEO-IRWIN.nc,exact_contains,0.0,49.06305185185186,25000.0,54,/scale/user/mtannaou/alternance/donnees_sar_aeqd_09_janvier/al132023/rcm1-sclnb-owi-cm-20230910t221257-20230910t221412-00003_aeqd.nc,/scale/project/ifremer-isi-jumeaunumerique/SARGEO/prototype/v00r00/cyclobs/al132023/IRWIN/rcm1-sclnb-owi-cm-20230910t221257-20230910t221412-00003-______ll_gd_GEO-IRWIN.nc,0.0,train
1354,LEE,al132023,2023-09-08 21:53:52,s1a-iw-owi-cm-20230908t215511-20230908t215716-000003-060C3F_ll_gd_GEO-IRWIN.nc,fuzzy_sat_time,0.5,52.00011851851853,12000.0,57,/scale/user/mtannaou/alternance/donnees_sar_aeqd_09_janvier/al132023/s1a-iw-owi-cm-20230908t215352-20230908t215716-000003-_aeqd.nc,/scale/project/ifremer-isi-jumeaunumerique/SARGEO/prototype/v00r00/cyclobs/al132023/IRWIN/s1a-iw-owi-cm-20230908t215511-20230908t215716-000003-060C3F_ll_gd_GEO-IRWIN.nc,0.4675589547482472,test
1355,LEE,al132023,2023-09-13 22:38:23,rcm1-sc50mc-owi-cm-20230913t223823-20230913t223941-00003-______ll_gd_GEO-IRWIN.nc,exact_contains,1.0,44.38709629629765,92000.0,46,/scale/user/mtannaou/alternance/donnees_sar_aeqd_09_janvier/al132023/rcm1-sc50mc-owi-cm-20230913t223823-20230913t223941-00003_aeqd.nc,/scale/project/ifremer-isi-jumeaunumerique/SARGEO/prototype/v00r00/cyclobs/al132023/IRWIN/rcm1-sc50mc-owi-cm-20230913t223823-20230913t223941-00003-______ll_gd_GEO-IRWIN.nc,0.0,val
1356,LEE,al132023,2023-09-16 10:41:19,rcm1-sc50ma-owi-cm-20230916t104119-20230916t104139-00003-______ll_gd_GEO-IRWIN.nc,exact_contains,4.3,30.185385662958545,88000.0,34,/scale/user/mtannaou/alternance/donnees_sar_aeqd_09_janvier/al132023/rcm1-sc50ma-owi-cm-20230916t104119-20230916t104139-00003_aeqd.nc,/scale/project/ifremer-isi-jumeaunumerique/SARGEO/prototype/v00r00/cyclobs/al132023/IRWIN/rcm1-sc50ma-owi-cm-20230916t104119-20230916t104139-00003-______ll_gd_GEO-IRWIN.nc,1.0,nan
1357,LEE,al132023,2023-09-17 10:15:37,rcm2-sc50ma-owi-cm-20230917t101537-20230917t101607-00003-______ll_gd_GEO-IRWIN.nc,exact_contains,5.1,,,22,,/scale/project/ifremer-isi-jumeaunumerique/SARGEO/prototype/v00r00/cyclobs/al132023/IRWIN/rcm2-sc50ma-owi-cm-20230917t101537-20230917t101607-00003-______ll_gd_GEO-IRWIN.nc,,nan
1358,LEE,al132023,2023-09-16 22:03:16,rcm3-sc50ma-owi-cm-20230916t220316-20230916t220344-00003-______ll_gd_GEO-IRWIN.nc,exact_contains,4.5,22.524365105441543,169000.0,28,/scale/user/mtannaou/alternance/donnees_sar_aeqd_09_janvier/al132023/rcm3-sc50ma-owi-cm-20230916t220316-20230916t220344-00003_aeqd.nc,/scale/project/ifremer-isi-jumeaunumerique/SARGEO/prototype/v00r00/cyclobs/al132023/IRWIN/rcm3-sc50ma-owi-cm-20230916t220316-20230916t220344-00003-______ll_gd_GEO-IRWIN.nc,1.0,nan
1359,LEE,al132023,2023-09-07 09:03:10,rcm2-sclnd-owi-cm-20230907t090310-20230907t090426-00003-______ll_gd_GEO-IRWIN.nc,exact_contains,0.0,45.16331851851841,31000.0,40,/scale/user/mtannaou/alternance/donnees_sar_aeqd_09_janvier/al132023/rcm2-sclnd-owi-cm-20230907t090310-20230907t090426-00003_aeqd.nc,/scale/project/ifremer-isi-jumeaunumerique/SARGEO/prototype/v00r00/cyclobs/al132023/IRWIN/rcm2-sclnd-owi-cm-20230907t090310-20230907t090426-00003-______ll_gd_GEO-IRWIN.nc,0.0,train
1360,LEE,al132023,2023-09-14 10:27:49,rcm1-sc50mc-owi-cm-20230914t102749-20230914t102906-00003-______ll_gd_GEO-IRWIN.nc,exact_contains,0.0,38.06846296328557,87000.0,42,/scale/user/mtannaou/alternance/donnees_sar_aeqd_09_janvier/al132023/rcm1-sc50mc-owi-cm-20230914t102749-20230914t102906-00003_aeqd.nc,/scale/project/ifremer-isi-jumeaunumerique/SARGEO/prototype/v00r00/cyclobs/al132023/IRWIN/rcm1-sc50mc-owi-cm-20230914t102749-20230914t102906-00003-______ll_gd_GEO-IRWIN.nc,0.0,train
1361,LEE,al132023,2023-09-09 09:49:56,rcm1-sclna-owi-cm-20230909t094956-20230909t095112-00003-______ll_gd_GEO-IRWIN.nc,exact_contains,0.0,52.31772222222223,11000.0,51,/scale/user/mtannaou/alternance/donnees_sar_aeqd_09_janvier/al132023/rcm1-sclna-owi-cm-20230909t094956-20230909t095112-00003_aeqd.nc,/scale/project/ifremer-isi-jumeaunumerique/SARGEO/prototype/v00r00/cyclobs/al132023/IRWIN/rcm1-sclna-owi-cm-20230909t094956-20230909t095112-00003-______ll_gd_GEO-IRWIN.nc,0.0,train
1362,LEE,al132023,2023-09-12 10:13:05,rcm1-sclnc-owi-cm-20230912t101305-20230912t101421-00003-______ll_gd_GEO-IRWIN.nc,exact_contains,0.3,50.42149259259259,46000.0,51,/scale/user/mtannaou/alternance/donnees_sar_aeqd_09_janvier/al132023/rcm1-sclnc-owi-cm-20230912t101305-20230912t101421-00003_aeqd.nc,/scale/project/ifremer-isi-jumeaunumerique/SARGEO/prototype/v00r00/cyclobs/al132023/IRWIN/rcm1-sclnc-owi-cm-20230912t101305-20230912t101421-00003-______ll_gd_GEO-IRWIN.nc,0.0,train
1363,LEE,al132023,2023-09-15 22:26:13,rcm2-sc50md-owi-cm-20230915t222613-20230915t222657-00003-______ll_gd_GEO-IRWIN.nc,exact_contains,3.45,36.92066664358768,166000.0,36,/scale/user/mtannaou/alternance/donnees_sar_aeqd_09_janvier/al132023/rcm2-sc50md-owi-cm-20230915t222613-20230915t222657-00003_aeqd.nc,/scale/project/ifremer-isi-jumeaunumerique/SARGEO/prototype/v00r00/cyclobs/al132023/IRWIN/rcm2-sc50md-owi-cm-20230915t222613-20230915t222657-00003-______ll_gd_GEO-IRWIN.nc,0.6851497769279796,nan
1364,LEE,al132023,2023-09-08 21:55:53,rcm1-sclnc-owi-cm-20230908t215553-20230908t215709-00003-______ll_gd_GEO-IRWIN.nc,exact_contains,0.0,51.677159259259255,12000.0,57,/scale/user/mtannaou/alternance/donnees_sar_aeqd_09_janvier/al132023/rcm1-sclnc-owi-cm-20230908t215553-20230908t215709-00003_aeqd.nc,/scale/project/ifremer-isi-jumeaunumerique/SARGEO/prototype/v00r00/cyclobs/al132023/IRWIN/rcm1-sclnc-owi-cm-20230908t215553-20230908t215709-00003-______ll_gd_GEO-IRWIN.nc,0.0548119821542383,train
1365,OMAIS,wp162021,2021-08-21 09:33:01,rcm2-sc50ma-owi-cm-20210821t093301-20210821t093805-00003-______ll_gd_GEO-IRWIN.nc,exact_contains,1.9,29.026988358570925,14000.0,25,/scale/user/mtannaou/alternance/donnees_sar_aeqd_09_janvier/wp162021/rcm2-sc50ma-owi-cm-20210821t093301-20210821t093805-00003_aeqd.nc,/scale/project/ifremer-isi-jumeaunumerique/SARGEO/prototype/v00r00/cyclobs/wp162021/IRWIN/rcm2-sc50ma-owi-cm-20210821t093301-20210821t093805-00003-______ll_gd_GEO-IRWIN.nc,0.2295729764181007,train
1366,OMAIS,wp162021,2021-08-21 21:24:22,rcm2-sc50mc-owi-cm-20210821t212422-20210821t213358-00003-______ll_gd_GEO-IRWIN.nc,exact_contains,0.0,34.07712089784528,17000.0,24,/scale/user/mtannaou/alternance/donnees_sar_aeqd_09_janvier/wp162021/rcm2-sc50mc-owi-cm-20210821t212422-20210821t213358-00003_aeqd.nc,/scale/project/ifremer-isi-jumeaunumerique/SARGEO/prototype/v00r00/cyclobs/wp162021/IRWIN/rcm2-sc50mc-owi-cm-20210821t212422-20210821t213358-00003-______ll_gd_GEO-IRWIN.nc,0.0,train
1367,OMAIS,wp162021,2021-08-20 21:15:51,rcm2-sc50mc-owi-cm-20210820t211551-20210820t212559-00003-______ll_gd_GEO-IRWIN.nc,exact_contains,1.9,27.62451257529448,15000.0,21,/scale/user/mtannaou/alternance/donnees_sar_aeqd_09_janvier/wp162021/rcm2-sc50mc-owi-cm-20210820t211551-20210820t212559-00003_aeqd.nc,/scale/project/ifremer-isi-jumeaunumerique/SARGEO/prototype/v00r00/cyclobs/wp162021/IRWIN/rcm2-sc50mc-owi-cm-20210820t211551-20210820t212559-00003-______ll_gd_GEO-IRWIN.nc,0.3207138304652645,train
1368,ILSA,sh182023,2023-04-10 10:07:37,rcm3-sclna-owi-cm-20230410t100737-20230410t100853-00003-______ll_gd_GEO-IRWIN.nc,exact_contains,0.0,15.752712386616311,133000.0,23,/scale/user/mtannaou/alternance/donnees_sar_aeqd_09_janvier/sh182023/rcm3-sclna-owi-cm-20230410t100737-20230410t100853-00003_aeqd.nc,/scale/project/ifremer-isi-jumeaunumerique/SARGEO/prototype/v00r00/cyclobs/sh182023/IRWIN/rcm3-sclna-owi-cm-20230410t100737-20230410t100853-00003-______ll_gd_GEO-IRWIN.nc,0.0020395156150414,test
1369,ILSA,sh182023,2023-04-11 10:15:05,rcm3-sclna-owi-cm-20230411t101505-20230411t101649-00003-______ll_gd_GEO-IRWIN.nc,exact_contains,3.0,44.72265185185184,63000.0,36,/scale/user/mtannaou/alternance/donnees_sar_aeqd_09_janvier/sh182023/rcm3-sclna-owi-cm-20230411t101505-20230411t101649-00003_aeqd.nc,/scale/project/ifremer-isi-jumeaunumerique/SARGEO/prototype/v00r00/cyclobs/sh182023/IRWIN/rcm3-sclna-owi-cm-20230411t101505-20230411t101649-00003-______ll_gd_GEO-IRWIN.nc,0.084384958572339,train
1370,ILSA,sh182023,2023-04-13 10:30:16,rcm3-sclnb-owi-cm-20230413t103016-20230413t103133-00003-______ll_gd_GEO-IRWIN.nc,exact_contains,1.5,65.09074814814815,15000.0,71,/scale/user/mtannaou/alternance/donnees_sar_aeqd_09_janvier/sh182023/rcm3-sclnb-owi-cm-20230413t103016-20230413t103133-00003_aeqd.nc,/scale/project/ifremer-isi-jumeaunumerique/SARGEO/prototype/v00r00/cyclobs/sh182023/IRWIN/rcm3-sclnb-owi-cm-20230413t103016-20230413t103133-00003-______ll_gd_GEO-IRWIN.nc,0.0562141491395793,train
1371,ILSA,sh182023,2023-04-12 21:32:17,rcm2-sclnb-owi-cm-20230412t213217-20230412t213332-00003-______ll_gd_GEO-IRWIN.nc,exact_contains,0.0,58.79300740740741,17000.0,57,/scale/user/mtannaou/alternance/donnees_sar_aeqd_09_janvier/sh182023/rcm2-sclnb-owi-cm-20230412t213217-20230412t213332-00003_aeqd.nc,/scale/project/ifremer-isi-jumeaunumerique/SARGEO/prototype/v00r00/cyclobs/sh182023/IRWIN/rcm2-sclnb-owi-cm-20230412t213217-20230412t213332-00003-______ll_gd_GEO-IRWIN.nc,0.2411727214786488,val
1372,CALVINIA,sh052020,2019-12-31 14:44:16,s1a-ew-owi-cm-20191231t144416-20191231t144620-000003-03813D_ll_gd_GEO-IRWIN.nc,fuzzy_sat_time,1.3,38.909614814814816,23000.0,36,/scale/user/mtannaou/alternance/donnees_sar_aeqd_09_janvier/sh052020/s1a-ew-owi-cm-20191231t144416-20191231t144721-000003-_aeqd.nc,/scale/project/ifremer-isi-jumeaunumerique/SARGEO/prototype/v00r00/cyclobs/sh052020/IRWIN/s1a-ew-owi-cm-20191231t144416-20191231t144620-000003-03813D_ll_gd_GEO-IRWIN.nc,0.574251115360102,nan
1373,LINGLING,wp152019,2019-09-05 21:40:16,s1b-iw-owi-cm-20190905t214131-20190905t214336-000003-021B40_ll_gd_GEO-IRWIN.nc,fuzzy_sat_time,4.85,37.83125555555556,87000.0,60,/scale/user/mtannaou/alternance/donnees_sar_aeqd_09_janvier/wp152019/s1b-iw-owi-cm-20190905t214016-20190905t214336-000003-_aeqd.nc,/scale/project/ifremer-isi-jumeaunumerique/SARGEO/prototype/v00r00/cyclobs/wp152019/IRWIN/s1b-iw-owi-cm-20190905t214131-20190905t214336-000003-021B40_ll_gd_GEO-IRWIN.nc,0.6697259400892288,nan
1374,LINGLING,wp152019,2019-09-06 09:43:12,rs2-scwa-owi-cm-20190906t094312-20190906t094536-00003-______ll_gd_GEO-IRWIN.nc,exact_contains,0.0,51.15068518518518,18000.0,53,/scale/user/mtannaou/alternance/donnees_sar_aeqd_09_janvier/wp152019/rs2-scwa-owi-cm-20190906t094312-20190906t094536-00003_aeqd.nc,/scale/project/ifremer-isi-jumeaunumerique/SARGEO/prototype/v00r00/cyclobs/wp152019/IRWIN/rs2-scwa-owi-cm-20190906t094312-20190906t094536-00003-______ll_gd_GEO-IRWIN.nc,0.0,test
1375,LINGLING,wp152019,2019-09-05 09:35:31,s1b-iw-owi-cm-20190905t093531-20190905t093735-000003-021B00_ll_gd_GEO-IRWIN.nc,exact_contains,4.1000000000000005,34.17943831018518,45000.0,59,/scale/user/mtannaou/alternance/donnees_sar_aeqd_09_janvier/wp152019/s1b-iw-owi-cm-20190905t093531-20190905t093735-000003-_aeqd.nc,/scale/project/ifremer-isi-jumeaunumerique/SARGEO/prototype/v00r00/cyclobs/wp152019/IRWIN/s1b-iw-owi-cm-20190905t093531-20190905t093735-000003-021B00_ll_gd_GEO-IRWIN.nc,0.8446144040790312,nan
1376,ARTHUR,al012020,2020-05-16 23:20:06,s1a-iw-owi-cm-20200516t232006-20200516t232121-000003-03C684_ll_gd_GEO-IRWIN.nc,exact_contains,0.5,,,18,/scale/user/mtannaou/alternance/donnees_sar_aeqd_09_janvier/al012020/s1a-iw-owi-cm-20200516t232006-20200516t232121-000003-_aeqd.nc,/scale/project/ifremer-isi-jumeaunumerique/SARGEO/prototype/v00r00/cyclobs/al012020/IRWIN/s1a-iw-owi-cm-20200516t232006-20200516t232121-000003-03C684_ll_gd_GEO-IRWIN.nc,0.5278521351179095,nan
1377,GONI,wp222020,2020-10-30 21:16:04,rs2-scwa-owi-cm-20201030t211604-20201030t211719-00003-______ll_gd_GEO-IRWIN.nc,exact_contains,0.6,73.4960888888889,6000.0,81,/scale/user/mtannaou/alternance/donnees_sar_aeqd_09_janvier/wp222020/rs2-scwa-owi-cm-20201030t211604-20201030t211719-00003_aeqd.nc,/scale/project/ifremer-isi-jumeaunumerique/SARGEO/prototype/v00r00/cyclobs/wp222020/IRWIN/rs2-scwa-owi-cm-20201030t211604-20201030t211719-00003-______ll_gd_GEO-IRWIN.nc,0.0,val
1378,GONI,wp222020,2020-10-31 21:28:04,s1b-iw-owi-cm-20201031t212858-20201031t213128-000003-02DBDB_ll_gd_GEO-IRWIN.nc,fuzzy_sat_time,4.6,,,75,/scale/user/mtannaou/alternance/donnees_sar_aeqd_09_janvier/wp222020/s1b-iw-owi-cm-20201031t212804-20201031t213128-000003-_aeqd.nc,/scale/project/ifremer-isi-jumeaunumerique/SARGEO/prototype/v00r00/cyclobs/wp222020/IRWIN/s1b-iw-owi-cm-20201031t212858-20201031t213128-000003-02DBDB_ll_gd_GEO-IRWIN.nc,0.4215423836838751,nan
1379,GONI,wp222020,2020-10-30 09:25:40,s1a-ew-owi-cm-20201030t092540-20201030t092711-000003-0415F8_ll_gd_GEO-IRWIN.nc,exact_contains,0.6,71.27662962962962,7000.0,79,/scale/user/mtannaou/alternance/donnees_sar_aeqd_09_janvier/wp222020/s1a-ew-owi-cm-20201030t092540-20201030t092711-000003-_aeqd.nc,/scale/project/ifremer-isi-jumeaunumerique/SARGEO/prototype/v00r00/cyclobs/wp222020/IRWIN/s1a-ew-owi-cm-20201030t092540-20201030t092711-000003-0415F8_ll_gd_GEO-IRWIN.nc,0.0,test
1380,GONI,wp222020,2020-11-02 22:02:36,s1a-ew-owi-cm-20201102t220236-20201102t220406-000003-0417BC_ll_gd_GEO-IRWIN.nc,exact_contains,3.4,13.780666666666669,39000.0,18,/scale/user/mtannaou/alternance/donnees_sar_aeqd_09_janvier/wp222020/s1a-ew-owi-cm-20201102t220236-20201102t220406-000003-_aeqd.nc,/scale/project/ifremer-isi-jumeaunumerique/SARGEO/prototype/v00r00/cyclobs/wp222020/IRWIN/s1a-ew-owi-cm-20201102t220236-20201102t220406-000003-0417BC_ll_gd_GEO-IRWIN.nc,0.5685149776927979,nan
1381,GONI,wp222020,2020-10-29 20:56:31,s1a-ew-owi-cm-20201029t205631-20201029t205758-000003-0415BC_ll_gd_GEO-IRWIN.nc,exact_contains,0.6,64.17512222222221,12000.0,64,/scale/user/mtannaou/alternance/donnees_sar_aeqd_09_janvier/wp222020/s1a-ew-owi-cm-20201029t205631-20201029t205758-000003-_aeqd.nc,/scale/project/ifremer-isi-jumeaunumerique/SARGEO/prototype/v00r00/cyclobs/wp222020/IRWIN/s1a-ew-owi-cm-20201029t205631-20201029t205758-000003-0415BC_ll_gd_GEO-IRWIN.nc,0.0980242192479286,train
1382,GONI,wp222020,2020-11-01 09:56:02,s1b-iw-owi-cm-20201101t095717-20201101t095857-000003-02DC13_ll_gd_GEO-IRWIN.nc,fuzzy_sat_time,5.4,,,33,/scale/user/mtannaou/alternance/donnees_sar_aeqd_09_janvier/wp222020/s1b-iw-owi-cm-20201101t095602-20201101t095857-000003-_aeqd.nc,/scale/project/ifremer-isi-jumeaunumerique/SARGEO/prototype/v00r00/cyclobs/wp222020/IRWIN/s1b-iw-owi-cm-20201101t095717-20201101t095857-000003-02DC13_ll_gd_GEO-IRWIN.nc,0.9454429572976418,nan
1383,GONI,wp222020,2020-11-03 10:31:18,s1a-ew-owi-cm-20201103t103118-20201103t103249-000003-041800_ll_gd_GEO-IRWIN.nc,exact_contains,1.3,21.887151851851858,58000.0,20,/scale/user/mtannaou/alternance/donnees_sar_aeqd_09_janvier/wp222020/s1a-ew-owi-cm-20201103t103118-20201103t103249-000003-_aeqd.nc,/scale/project/ifremer-isi-jumeaunumerique/SARGEO/prototype/v00r00/cyclobs/wp222020/IRWIN/s1a-ew-owi-cm-20201103t103118-20201103t103249-000003-041800_ll_gd_GEO-IRWIN.nc,0.0,train
1384,BEATRIZ,ep022023,2023-07-01 12:47:21,rcm2-sclnd-owi-cm-20230701t124721-20230701t124816-00003-______ll_gd_GEO-IRWIN.nc,exact_contains,3.5,17.632712099889993,98000.0,24,/scale/user/mtannaou/alternance/donnees_sar_aeqd_09_janvier/ep022023/rcm2-sclnd-owi-cm-20230701t124721-20230701t124816-00003_aeqd.nc,/scale/project/ifremer-isi-jumeaunumerique/SARGEO/prototype/v00r00/cyclobs/ep022023/IRWIN/rcm2-sclnd-owi-cm-20230701t124721-20230701t124816-00003-______ll_gd_GEO-IRWIN.nc,0.4062460165710643,train
1385,BEATRIZ,ep022023,2023-07-01 13:06:57,s1a-ew-owi-cm-20230701t130657-20230701t130800-000003-05EB71_ll_gd_GEO-IRWIN.nc,exact_contains,3.95,9.386917153480637,13000.0,24,/scale/user/mtannaou/alternance/donnees_sar_aeqd_09_janvier/ep022023/s1a-ew-owi-cm-20230701t130657-20230701t130800-000003-_aeqd.nc,/scale/project/ifremer-isi-jumeaunumerique/SARGEO/prototype/v00r00/cyclobs/ep022023/IRWIN/s1a-ew-owi-cm-20230701t130657-20230701t130800-000003-05EB71_ll_gd_GEO-IRWIN.nc,0.9409815168897386,nan
1386,BEATRIZ,ep022023,2023-06-30 12:40:25,rcm2-sc50ma-owi-cm-20230630t124025-20230630t124115-00003-______ll_gd_GEO-IRWIN.nc,exact_contains,0.95,41.36343333328964,14000.0,34,/scale/user/mtannaou/alternance/donnees_sar_aeqd_09_janvier/ep022023/rcm2-sc50ma-owi-cm-20230630t124025-20230630t124115-00003_aeqd.nc,/scale/project/ifremer-isi-jumeaunumerique/SARGEO/prototype/v00r00/cyclobs/ep022023/IRWIN/rcm2-sc50ma-owi-cm-20230630t124025-20230630t124115-00003-______ll_gd_GEO-IRWIN.nc,0.4336520076481835,train
1387,sh312025,sh312025,2025-04-21 09:19:31,rcm1-sclnd-owi-cm-20250421t091931-20250421t092048-00003-xxxxx_ll_gd_GEO-IRWIN.nc,exact_contains,4.2,12.805530211733911,43000.0,17,/scale/user/mtannaou/alternance/donnees_sar_aeqd_09_janvier/sh312025/rcm1-sclnd-owi-cm-20250421t091931-20250421t092048-00003_aeqd.nc,/scale/project/ifremer-isi-jumeaunumerique/SARGEO/prototype/v00r00/cyclobs/sh312025/IRWIN/rcm1-sclnd-owi-cm-20250421t091931-20250421t092048-00003-xxxxx_ll_gd_GEO-IRWIN.nc,0.2076481835564053,train
1388,FREDDY,sh112023,2023-02-12 23:15:40,rcm2-sclna-owi-cm-20230212t231540-20230212t231720-00003-______ll_gd_GEO-IRWIN.nc,exact_contains,0.5,54.06631111111111,23000.0,51,/scale/user/mtannaou/alternance/donnees_sar_aeqd_09_janvier/sh112023/rcm2-sclna-owi-cm-20230212t231540-20230212t231720-00003_aeqd.nc,/scale/project/ifremer-isi-jumeaunumerique/SARGEO/prototype/v00r00/cyclobs/sh112023/IRWIN/rcm2-sclna-owi-cm-20230212t231540-20230212t231720-00003-______ll_gd_GEO-IRWIN.nc,0.4356915232632249,train
1389,FREDDY,sh112023,2023-03-09 15:59:37,rcm2-sclnd-owi-cm-20230309t155937-20230309t160053-00003-______ll_gd_GEO-IRWIN.nc,exact_contains,0.0,36.02741851303242,20000.0,33,/scale/user/mtannaou/alternance/donnees_sar_aeqd_09_janvier/sh112023/rcm2-sclnd-owi-cm-20230309t155937-20230309t160053-00003_aeqd.nc,/scale/project/ifremer-isi-jumeaunumerique/SARGEO/prototype/v00r00/cyclobs/sh112023/IRWIN/rcm2-sclnd-owi-cm-20230309t155937-20230309t160053-00003-______ll_gd_GEO-IRWIN.nc,0.0,val
1390,FREDDY,sh112023,2023-02-24 02:55:00,rcm1-sclnd-owi-cm-20230224t025500-20230224t025617-00003-______ll_gd_GEO-IRWIN.nc,exact_contains,1.2999999999999998,29.879999210836893,2000.0,31,/scale/user/mtannaou/alternance/donnees_sar_aeqd_09_janvier/sh112023/rcm1-sclnd-owi-cm-20230224t025500-20230224t025617-00003_aeqd.nc,/scale/project/ifremer-isi-jumeaunumerique/SARGEO/prototype/v00r00/cyclobs/sh112023/IRWIN/rcm1-sclnd-owi-cm-20230224t025500-20230224t025617-00003-______ll_gd_GEO-IRWIN.nc,0.0,train
1391,FREDDY,sh112023,2023-02-08 22:11:45,rcm3-sclna-owi-cm-20230208t221145-20230208t221301-00003-______ll_gd_GEO-IRWIN.nc,exact_contains,0.0,34.98128518510736,43000.0,34,/scale/user/mtannaou/alternance/donnees_sar_aeqd_09_janvier/sh112023/rcm3-sclna-owi-cm-20230208t221145-20230208t221301-00003_aeqd.nc,/scale/project/ifremer-isi-jumeaunumerique/SARGEO/prototype/v00r00/cyclobs/sh112023/IRWIN/rcm3-sclna-owi-cm-20230208t221145-20230208t221301-00003-______ll_gd_GEO-IRWIN.nc,0.0,train
1392,FREDDY,sh112023,2023-02-17 00:20:06,rcm1-sclnc-owi-cm-20230217t002006-20230217t002123-00003-______ll_gd_GEO-IRWIN.nc,exact_contains,0.7,57.11857407407408,25000.0,62,/scale/user/mtannaou/alternance/donnees_sar_aeqd_09_janvier/sh112023/rcm1-sclnc-owi-cm-20230217t002006-20230217t002123-00003_aeqd.nc,/scale/project/ifremer-isi-jumeaunumerique/SARGEO/prototype/v00r00/cyclobs/sh112023/IRWIN/rcm1-sclnc-owi-cm-20230217t002006-20230217t002123-00003-______ll_gd_GEO-IRWIN.nc,0.2346717654557042,test
1393,FREDDY,sh112023,2023-02-17 13:20:08,rcm2-sclna-owi-cm-20230217t132008-20230217t132123-00003-______ll_gd_GEO-IRWIN.nc,exact_contains,3.05,53.85086296296296,16000.0,62,/scale/user/mtannaou/alternance/donnees_sar_aeqd_09_janvier/sh112023/rcm2-sclna-owi-cm-20230217t132008-20230217t132123-00003_aeqd.nc,/scale/project/ifremer-isi-jumeaunumerique/SARGEO/prototype/v00r00/cyclobs/sh112023/IRWIN/rcm2-sclna-owi-cm-20230217t132008-20230217t132123-00003-______ll_gd_GEO-IRWIN.nc,0.6782664117272148,nan
1394,FREDDY,sh112023,2023-02-17 00:22:32,s1a-ew-owi-cm-20230217t002232-20230217t002412-000003-05AC30_ll_gd_GEO-IRWIN.nc,exact_contains,1.4,60.963274074074086,27000.0,62,/scale/user/mtannaou/alternance/donnees_sar_aeqd_09_janvier/sh112023/s1a-ew-owi-cm-20230217t002232-20230217t002412-000003-_aeqd.nc,/scale/project/ifremer-isi-jumeaunumerique/SARGEO/prototype/v00r00/cyclobs/sh112023/IRWIN/s1a-ew-owi-cm-20230217t002232-20230217t002412-000003-05AC30_ll_gd_GEO-IRWIN.nc,0.3654557042702358,train
1395,FREDDY,sh112023,2023-02-23 02:52:36,s1a-ew-owi-cm-20230223t025236-20230223t025434-000003-05AF37_ll_gd_GEO-IRWIN.nc,exact_contains,1.6,23.21495304467192,92000.0,18,/scale/user/mtannaou/alternance/donnees_sar_aeqd_09_janvier/sh112023/s1a-ew-owi-cm-20230223t025236-20230223t025434-000003-_aeqd.nc,/scale/project/ifremer-isi-jumeaunumerique/SARGEO/prototype/v00r00/cyclobs/sh112023/IRWIN/s1a-ew-owi-cm-20230223t025236-20230223t025434-000003-05AF37_ll_gd_GEO-IRWIN.nc,0.1931166347992352,train
1396,FREDDY,sh112023,2023-02-11 22:35:59,rcm3-sclnd-owi-cm-20230211t223559-20230211t223717-00003-______ll_gd_GEO-IRWIN.nc,exact_contains,1.2,52.71138518518519,25000.0,57,/scale/user/mtannaou/alternance/donnees_sar_aeqd_09_janvier/sh112023/rcm3-sclnd-owi-cm-20230211t223559-20230211t223717-00003_aeqd.nc,/scale/project/ifremer-isi-jumeaunumerique/SARGEO/prototype/v00r00/cyclobs/sh112023/IRWIN/rcm3-sclnd-owi-cm-20230211t223559-20230211t223717-00003-______ll_gd_GEO-IRWIN.nc,0.5796048438495858,nan
1397,FREDDY,sh112023,2023-02-23 02:46:49,rcm1-sclnb-owi-cm-20230223t024649-20230223t024805-00003-______ll_gd_GEO-IRWIN.nc,exact_contains,1.6,26.2179717763638,138000.0,18,/scale/user/mtannaou/alternance/donnees_sar_aeqd_09_janvier/sh112023/rcm1-sclnb-owi-cm-20230223t024649-20230223t024805-00003_aeqd.nc,/scale/project/ifremer-isi-jumeaunumerique/SARGEO/prototype/v00r00/cyclobs/sh112023/IRWIN/rcm1-sclnb-owi-cm-20230223t024649-20230223t024805-00003-______ll_gd_GEO-IRWIN.nc,0.0040790312300828,train
1398,FREDDY,sh112023,2023-03-07 15:42:58,rcm2-sclna-owi-cm-20230307t154258-20230307t154414-00003-______ll_gd_GEO-IRWIN.nc,exact_contains,0.0,49.07472222222223,16000.0,48,/scale/user/mtannaou/alternance/donnees_sar_aeqd_09_janvier/sh112023/rcm2-sclna-owi-cm-20230307t154258-20230307t154414-00003_aeqd.nc,/scale/project/ifremer-isi-jumeaunumerique/SARGEO/prototype/v00r00/cyclobs/sh112023/IRWIN/rcm2-sclna-owi-cm-20230307t154258-20230307t154414-00003-______ll_gd_GEO-IRWIN.nc,0.0,test
1399,FREDDY,sh112023,2023-02-19 01:09:16,rcm3-sclna-owi-cm-20230219t010916-20230219t010940-00003-______ll_gd_GEO-IRWIN.nc,exact_contains,3.7,47.41771851851852,23000.0,72,/scale/user/mtannaou/alternance/donnees_sar_aeqd_09_janvier/sh112023/rcm3-sclna-owi-cm-20230219t010916-20230219t010940-00003_aeqd.nc,/scale/project/ifremer-isi-jumeaunumerique/SARGEO/prototype/v00r00/cyclobs/sh112023/IRWIN/rcm3-sclna-owi-cm-20230219t010916-20230219t010940-00003-______ll_gd_GEO-IRWIN.nc,0.6795411089866157,nan
1400,FREDDY,sh112023,2023-02-16 13:12:02,rcm2-sclnd-owi-cm-20230216t131202-20230216t131317-00003-______ll_gd_GEO-IRWIN.nc,exact_contains,0.0,55.96301851851853,26000.0,60,/scale/user/mtannaou/alternance/donnees_sar_aeqd_09_janvier/sh112023/rcm2-sclnd-owi-cm-20230216t131202-20230216t131317-00003_aeqd.nc,/scale/project/ifremer-isi-jumeaunumerique/SARGEO/prototype/v00r00/cyclobs/sh112023/IRWIN/rcm2-sclnd-owi-cm-20230216t131202-20230216t131317-00003-______ll_gd_GEO-IRWIN.nc,0.0140216698534098,train
1401,FREDDY,sh112023,2023-03-09 03:02:15,rcm1-sclna-owi-cm-20230309t030215-20230309t030329-00003-______ll_gd_GEO-IRWIN.nc,exact_contains,0.75,,,31,/scale/user/mtannaou/alternance/donnees_sar_aeqd_09_janvier/sh112023/rcm1-sclna-owi-cm-20230309t030215-20230309t030329-00003_aeqd.nc,/scale/project/ifremer-isi-jumeaunumerique/SARGEO/prototype/v00r00/cyclobs/sh112023/IRWIN/rcm1-sclna-owi-cm-20230309t030215-20230309t030329-00003-______ll_gd_GEO-IRWIN.nc,0.3296367112810707,nan
1402,FREDDY,sh112023,2023-03-08 02:54:32,rcm1-sclna-owi-cm-20230308t025432-20230308t025547-00003-______ll_gd_GEO-IRWIN.nc,exact_contains,0.0,44.36991851851853,24000.0,48,/scale/user/mtannaou/alternance/donnees_sar_aeqd_09_janvier/sh112023/rcm1-sclna-owi-cm-20230308t025432-20230308t025547-00003_aeqd.nc,/scale/project/ifremer-isi-jumeaunumerique/SARGEO/prototype/v00r00/cyclobs/sh112023/IRWIN/rcm1-sclna-owi-cm-20230308t025432-20230308t025547-00003-______ll_gd_GEO-IRWIN.nc,0.1745060548119821,train
1403,FREDDY,sh112023,2023-02-10 22:28:10,rcm3-sclnc-owi-cm-20230210t222810-20230210t222926-00003-______ll_gd_GEO-IRWIN.nc,exact_contains,0.0,42.02130740740691,28000.0,41,/scale/user/mtannaou/alternance/donnees_sar_aeqd_09_janvier/sh112023/rcm3-sclnc-owi-cm-20230210t222810-20230210t222926-00003_aeqd.nc,/scale/project/ifremer-isi-jumeaunumerique/SARGEO/prototype/v00r00/cyclobs/sh112023/IRWIN/rcm3-sclnc-owi-cm-20230210t222810-20230210t222926-00003-______ll_gd_GEO-IRWIN.nc,0.0639898024219248,train
1404,FREDDY,sh112023,2023-03-08 15:51:13,rcm2-sclnc-owi-cm-20230308t155113-20230308t155229-00003-______ll_gd_GEO-IRWIN.nc,exact_contains,0.0,47.02828148148149,31000.0,40,/scale/user/mtannaou/alternance/donnees_sar_aeqd_09_janvier/sh112023/rcm2-sclnc-owi-cm-20230308t155113-20230308t155229-00003_aeqd.nc,/scale/project/ifremer-isi-jumeaunumerique/SARGEO/prototype/v00r00/cyclobs/sh112023/IRWIN/rcm2-sclnc-owi-cm-20230308t155113-20230308t155229-00003-______ll_gd_GEO-IRWIN.nc,0.0031867431485022,train
1405,FREDDY,sh112023,2023-02-09 11:10:56,rcm1-sclnd-owi-cm-20230209t111056-20230209t111212-00003-______ll_gd_GEO-IRWIN.nc,exact_contains,0.0,28.76859849775964,36000.0,26,/scale/user/mtannaou/alternance/donnees_sar_aeqd_09_janvier/sh112023/rcm1-sclnd-owi-cm-20230209t111056-20230209t111212-00003_aeqd.nc,/scale/project/ifremer-isi-jumeaunumerique/SARGEO/prototype/v00r00/cyclobs/sh112023/IRWIN/rcm1-sclnd-owi-cm-20230209t111056-20230209t111212-00003-______ll_gd_GEO-IRWIN.nc,0.0,train
1406,FREDDY,sh112023,2023-03-07 02:46:55,rcm1-sclna-owi-cm-20230307t024655-20230307t024811-00003-______ll_gd_GEO-IRWIN.nc,exact_contains,0.0,38.43192592592507,20000.0,37,/scale/user/mtannaou/alternance/donnees_sar_aeqd_09_janvier/sh112023/rcm1-sclna-owi-cm-20230307t024655-20230307t024811-00003_aeqd.nc,/scale/project/ifremer-isi-jumeaunumerique/SARGEO/prototype/v00r00/cyclobs/sh112023/IRWIN/rcm1-sclna-owi-cm-20230307t024655-20230307t024811-00003-______ll_gd_GEO-IRWIN.nc,0.2489483747609942,val
1407,FREDDY,sh112023,2023-03-08 15:42:55,s1a-ew-owi-cm-20230308t154255-20230308t154359-000003-05B5DE_ll_gd_GEO-IRWIN.nc,exact_contains,0.25,45.132014814814816,29000.0,40,/scale/user/mtannaou/alternance/donnees_sar_aeqd_09_janvier/sh112023/s1a-ew-owi-cm-20230308t154255-20230308t154359-000003-_aeqd.nc,/scale/project/ifremer-isi-jumeaunumerique/SARGEO/prototype/v00r00/cyclobs/sh112023/IRWIN/s1a-ew-owi-cm-20230308t154255-20230308t154359-000003-05B5DE_ll_gd_GEO-IRWIN.nc,0.4094327597195666,train
1408,FREDDY,sh112023,2023-02-14 12:23:57,rcm3-sclna-owi-cm-20230214t122357-20230214t122511-00003-______ll_gd_GEO-IRWIN.nc,exact_contains,0.0,54.43373703703704,20000.0,59,/scale/user/mtannaou/alternance/donnees_sar_aeqd_09_janvier/sh112023/rcm3-sclna-owi-cm-20230214t122357-20230214t122511-00003_aeqd.nc,/scale/project/ifremer-isi-jumeaunumerique/SARGEO/prototype/v00r00/cyclobs/sh112023/IRWIN/rcm3-sclna-owi-cm-20230214t122357-20230214t122511-00003-______ll_gd_GEO-IRWIN.nc,0.0,val
1409,FREDDY,sh112023,2023-02-16 00:11:51,rcm1-sclna-owi-cm-20230216t001151-20230216t001305-00003-______ll_gd_GEO-IRWIN.nc,exact_contains,0.0,63.62316666666666,20000.0,74,/scale/user/mtannaou/alternance/donnees_sar_aeqd_09_janvier/sh112023/rcm1-sclna-owi-cm-20230216t001151-20230216t001305-00003_aeqd.nc,/scale/project/ifremer-isi-jumeaunumerique/SARGEO/prototype/v00r00/cyclobs/sh112023/IRWIN/rcm1-sclna-owi-cm-20230216t001151-20230216t001305-00003-______ll_gd_GEO-IRWIN.nc,0.0210325047801147,test
1410,FREDDY,sh112023,2023-02-11 11:27:11,rcm1-sclna-owi-cm-20230211t112711-20230211t112851-00003-______ll_gd_GEO-IRWIN.nc,exact_contains,0.0,54.35458518518519,20000.0,54,/scale/user/mtannaou/alternance/donnees_sar_aeqd_09_janvier/sh112023/rcm1-sclna-owi-cm-20230211t112711-20230211t112851-00003_aeqd.nc,/scale/project/ifremer-isi-jumeaunumerique/SARGEO/prototype/v00r00/cyclobs/sh112023/IRWIN/rcm1-sclna-owi-cm-20230211t112711-20230211t112851-00003-______ll_gd_GEO-IRWIN.nc,0.0,test
1411,FREDDY,sh112023,2023-02-14 23:32:13,rcm2-sclnd-owi-cm-20230214t233213-20230214t233329-00003-______ll_gd_GEO-IRWIN.nc,exact_contains,0.0,58.9741925925926,20000.0,62,/scale/user/mtannaou/alternance/donnees_sar_aeqd_09_janvier/sh112023/rcm2-sclnd-owi-cm-20230214t233213-20230214t233329-00003_aeqd.nc,/scale/project/ifremer-isi-jumeaunumerique/SARGEO/prototype/v00r00/cyclobs/sh112023/IRWIN/rcm2-sclnd-owi-cm-20230214t233213-20230214t233329-00003-______ll_gd_GEO-IRWIN.nc,0.2362014021669853,val
1412,FREDDY,sh112023,2023-02-18 13:59:42,rcm1-sclnd-owi-cm-20230218t135942-20230218t140057-00003-______ll_gd_GEO-IRWIN.nc,exact_contains,1.4,63.178818518518526,22000.0,59,/scale/user/mtannaou/alternance/donnees_sar_aeqd_09_janvier/sh112023/rcm1-sclnd-owi-cm-20230218t135942-20230218t140057-00003_aeqd.nc,/scale/project/ifremer-isi-jumeaunumerique/SARGEO/prototype/v00r00/cyclobs/sh112023/IRWIN/rcm1-sclnd-owi-cm-20230218t135942-20230218t140057-00003-______ll_gd_GEO-IRWIN.nc,0.0,train
1413,FREDDY,sh112023,2023-02-20 01:17:38,rcm3-sc50md-owi-cm-20230220t011738-20230220t011826-00003-______ll_gd_GEO-IRWIN.nc,exact_contains,4.05,52.34474814814814,29000.0,66,/scale/user/mtannaou/alternance/donnees_sar_aeqd_09_janvier/sh112023/rcm3-sc50md-owi-cm-20230220t011738-20230220t011826-00003_aeqd.nc,/scale/project/ifremer-isi-jumeaunumerique/SARGEO/prototype/v00r00/cyclobs/sh112023/IRWIN/rcm3-sc50md-owi-cm-20230220t011738-20230220t011826-00003-______ll_gd_GEO-IRWIN.nc,0.8319949012109624,nan
1414,FREDDY,sh112023,2023-02-13 23:24:05,rcm2-sclnb-owi-cm-20230213t232405-20230213t232520-00003-______ll_gd_GEO-IRWIN.nc,exact_contains,0.0,41.77615555555554,29000.0,49,/scale/user/mtannaou/alternance/donnees_sar_aeqd_09_janvier/sh112023/rcm2-sclnb-owi-cm-20230213t232405-20230213t232520-00003_aeqd.nc,/scale/project/ifremer-isi-jumeaunumerique/SARGEO/prototype/v00r00/cyclobs/sh112023/IRWIN/rcm2-sclnb-owi-cm-20230213t232405-20230213t232520-00003-______ll_gd_GEO-IRWIN.nc,0.0,train
1415,FREDDY,sh112023,2023-02-09 22:19:55,rcm3-sclna-owi-cm-20230209t221955-20230209t222110-00003-______ll_gd_GEO-IRWIN.nc,exact_contains,0.0,43.96833703703701,28000.0,35,/scale/user/mtannaou/alternance/donnees_sar_aeqd_09_janvier/sh112023/rcm3-sclna-owi-cm-20230209t221955-20230209t222110-00003_aeqd.nc,/scale/project/ifremer-isi-jumeaunumerique/SARGEO/prototype/v00r00/cyclobs/sh112023/IRWIN/rcm3-sclna-owi-cm-20230209t221955-20230209t222110-00003-______ll_gd_GEO-IRWIN.nc,0.1947737412364563,val
1416,KROSA,wp122025,2025-07-27 08:13:52,s1a-ew-owi-cm-20250727t081352-20250727t081456-000003-077D5D_ll_gd_GEO-IRWIN.nc,exact_contains,2.2,33.95055555554648,19000.0,35,/scale/user/mtannaou/alternance/donnees_sar_aeqd_09_janvier/wp122025no_env/s1a-ew-owi-cm-20250727t081352-20250727t081456-000003-_aeqd.nc,/scale/project/ifremer-isi-jumeaunumerique/SARGEO/prototype/v00r00/cyclobs/wp122025/IRWIN/s1a-ew-owi-cm-20250727t081352-20250727t081456-000003-077D5D_ll_gd_GEO-IRWIN.nc,0.8567240280433397,nan
1417,KROSA,wp122025,2025-07-30 20:15:17,rcm1-sclnd-owi-cm-20250730t201517-20250730t201627-00003-xxxxx_ll_gd_GEO-IRWIN.nc,exact_contains,0.0,26.91789609112109,46000.0,24,/scale/user/mtannaou/alternance/donnees_sar_aeqd_09_janvier/wp122025no_env/rcm1-sclnd-owi-cm-20250730t201517-20250730t201627-00003_aeqd.nc,/scale/project/ifremer-isi-jumeaunumerique/SARGEO/prototype/v00r00/cyclobs/wp122025/IRWIN/rcm1-sclnd-owi-cm-20250730t201517-20250730t201627-00003-xxxxx_ll_gd_GEO-IRWIN.nc,0.0869343530911408,train
1418,KROSA,wp122025,2025-07-29 20:39:37,rcm3-sclna-owi-cm-20250729t203937-20250729t204047-00003-xxxxx_ll_gd_GEO-IRWIN.nc,exact_contains,2.4000000000000004,21.09086526054664,12000.0,21,/scale/user/mtannaou/alternance/donnees_sar_aeqd_09_janvier/wp122025no_env/rcm3-sclna-owi-cm-20250729t203937-20250729t204047-00003_aeqd.nc,/scale/project/ifremer-isi-jumeaunumerique/SARGEO/prototype/v00r00/cyclobs/wp122025/IRWIN/rcm3-sclna-owi-cm-20250729t203937-20250729t204047-00003-xxxxx_ll_gd_GEO-IRWIN.nc,0.7455704270235819,nan
1419,KROSA,wp122025,2025-07-26 08:20:04,s1c-ew-owi-cm-20250726t082004-20250726t082108-000003-006D11_ll_gd_GEO-IRWIN.nc,exact_contains,1.8,31.70254510865617,53000.0,26,/scale/user/mtannaou/alternance/donnees_sar_aeqd_09_janvier/wp122025no_env/s1c-ew-owi-cm-20250726t082004-20250726t082108-000003-_aeqd.nc,/scale/project/ifremer-isi-jumeaunumerique/SARGEO/prototype/v00r00/cyclobs/wp122025/IRWIN/s1c-ew-owi-cm-20250726t082004-20250726t082108-000003-006D11_ll_gd_GEO-IRWIN.nc,0.7123008285532186,nan
1420,KROSA,wp122025,2025-07-26 20:17:25,rcm3-sclna-owi-cm-20250726t201725-20250726t201838-00003-xxxxx_ll_gd_GEO-IRWIN.nc,exact_contains,2.1500000000000004,38.70728148148143,37000.0,29,/scale/user/mtannaou/alternance/donnees_sar_aeqd_09_janvier/wp122025no_env/rcm3-sclna-owi-cm-20250726t201725-20250726t201838-00003_aeqd.nc,/scale/project/ifremer-isi-jumeaunumerique/SARGEO/prototype/v00r00/cyclobs/wp122025/IRWIN/rcm3-sclna-owi-cm-20250726t201725-20250726t201838-00003-xxxxx_ll_gd_GEO-IRWIN.nc,0.5864882090503506,nan
1421,KROSA,wp122025,2025-07-26 08:24:44,rcm3-sclna-owi-cm-20250726t082444-20250726t082543-00003-xxxxx_ll_gd_GEO-IRWIN.nc,exact_contains,3.05,20.84744669201937,22000.0,26,/scale/user/mtannaou/alternance/donnees_sar_aeqd_09_janvier/wp122025no_env/rcm3-sclna-owi-cm-20250726t082444-20250726t082543-00003_aeqd.nc,/scale/project/ifremer-isi-jumeaunumerique/SARGEO/prototype/v00r00/cyclobs/wp122025/IRWIN/rcm3-sclna-owi-cm-20250726t082444-20250726t082543-00003-xxxxx_ll_gd_GEO-IRWIN.nc,0.9926067558954748,nan
1422,KROSA,wp122025,2025-07-25 20:10:16,rcm3-sclnb-owi-cm-20250725t201016-20250725t201126-00003-xxxxx_ll_gd_GEO-IRWIN.nc,exact_contains,2.0,26.589279969223707,84000.0,24,/scale/user/mtannaou/alternance/donnees_sar_aeqd_09_janvier/wp122025no_env/rcm3-sclnb-owi-cm-20250725t201016-20250725t201126-00003_aeqd.nc,/scale/project/ifremer-isi-jumeaunumerique/SARGEO/prototype/v00r00/cyclobs/wp122025/IRWIN/rcm3-sclnb-owi-cm-20250725t201016-20250725t201126-00003-xxxxx_ll_gd_GEO-IRWIN.nc,0.8837476099426386,nan
1423,KROSA,wp122025,2025-07-28 20:31:55,rcm3-sclna-owi-cm-20250728t203155-20250728t203308-00003-xxxxx_ll_gd_GEO-IRWIN.nc,exact_contains,0.0,26.70943684663779,90000.0,26,/scale/user/mtannaou/alternance/donnees_sar_aeqd_09_janvier/wp122025no_env/rcm3-sclna-owi-cm-20250728t203155-20250728t203308-00003_aeqd.nc,/scale/project/ifremer-isi-jumeaunumerique/SARGEO/prototype/v00r00/cyclobs/wp122025/IRWIN/rcm3-sclna-owi-cm-20250728t203155-20250728t203308-00003-xxxxx_ll_gd_GEO-IRWIN.nc,0.0025493945188017,train
1424,KROSA,wp122025,2025-07-27 08:33:19,rcm3-sclnd-owi-cm-20250727t083319-20250727t083429-00003-xxxxx_ll_gd_GEO-IRWIN.nc,exact_contains,0.0,38.62329629581748,50000.0,36,/scale/user/mtannaou/alternance/donnees_sar_aeqd_09_janvier/wp122025no_env/rcm3-sclnd-owi-cm-20250727t083319-20250727t083429-00003_aeqd.nc,/scale/project/ifremer-isi-jumeaunumerique/SARGEO/prototype/v00r00/cyclobs/wp122025/IRWIN/rcm3-sclnd-owi-cm-20250727t083319-20250727t083429-00003-xxxxx_ll_gd_GEO-IRWIN.nc,0.0638623326959847,test
1425,KROSA,wp122025,2025-07-29 08:18:29,rcm1-sclna-owi-cm-20250729t081829-20250729t081939-00003-xxxxx_ll_gd_GEO-IRWIN.nc,exact_contains,2.8,,,22,/scale/user/mtannaou/alternance/donnees_sar_aeqd_09_janvier/wp122025no_env/rcm1-sclna-owi-cm-20250729t081829-20250729t081939-00003_aeqd.nc,/scale/project/ifremer-isi-jumeaunumerique/SARGEO/prototype/v00r00/cyclobs/wp122025/IRWIN/rcm1-sclna-owi-cm-20250729t081829-20250729t081939-00003-xxxxx_ll_gd_GEO-IRWIN.nc,0.6911408540471637,nan
1426,KROSA,wp122025,2025-07-27 20:24:26,rcm3-sclna-owi-cm-20250727t202426-20250727t202538-00003-xxxxx_ll_gd_GEO-IRWIN.nc,exact_contains,0.0,40.064994444444224,58000.0,41,/scale/user/mtannaou/alternance/donnees_sar_aeqd_09_janvier/wp122025no_env/rcm3-sclna-owi-cm-20250727t202426-20250727t202538-00003_aeqd.nc,/scale/project/ifremer-isi-jumeaunumerique/SARGEO/prototype/v00r00/cyclobs/wp122025/IRWIN/rcm3-sclna-owi-cm-20250727t202426-20250727t202538-00003-xxxxx_ll_gd_GEO-IRWIN.nc,0.2170809432759719,train
1427,KROSA,wp122025,2025-07-24 08:39:22,rcm2-sclnd-owi-cm-20250724t083922-20250724t084005-00003-xxxxx_ll_gd_GEO-IRWIN.nc,exact_contains,0.0,,,17,/scale/user/mtannaou/alternance/donnees_sar_aeqd_09_janvier/wp122025no_env/rcm2-sclnd-owi-cm-20250724t083922-20250724t084005-00003_aeqd.nc,/scale/project/ifremer-isi-jumeaunumerique/SARGEO/prototype/v00r00/cyclobs/wp122025/IRWIN/rcm2-sclnd-owi-cm-20250724t083922-20250724t084005-00003-xxxxx_ll_gd_GEO-IRWIN.nc,0.0470363288718929,nan
1428,KROSA,wp122025,2025-07-31 08:31:03,s1c-ew-owi-cm-20250731t083103-20250731t083207-000003-006F39_ll_gd_GEO-IRWIN.nc,exact_contains,0.0,25.189248020175427,47000.0,23,/scale/user/mtannaou/alternance/donnees_sar_aeqd_09_janvier/wp122025no_env/s1c-ew-owi-cm-20250731t083103-20250731t083207-000003-_aeqd.nc,/scale/project/ifremer-isi-jumeaunumerique/SARGEO/prototype/v00r00/cyclobs/wp122025/IRWIN/s1c-ew-owi-cm-20250731t083103-20250731t083207-000003-006F39_ll_gd_GEO-IRWIN.nc,0.0,test
1429,KROSA,wp122025,2025-08-01 08:43:32,rcm1-sc50mc-owi-cm-20250801t084332-20250801t084424-00003-xxxxx_ll_gd_GEO-IRWIN.nc,exact_contains,1.0,31.29204058937659,39000.0,29,/scale/user/mtannaou/alternance/donnees_sar_aeqd_09_janvier/wp122025no_env/rcm1-sc50mc-owi-cm-20250801t084332-20250801t084424-00003_aeqd.nc,/scale/project/ifremer-isi-jumeaunumerique/SARGEO/prototype/v00r00/cyclobs/wp122025/IRWIN/rcm1-sc50mc-owi-cm-20250801t084332-20250801t084424-00003-xxxxx_ll_gd_GEO-IRWIN.nc,0.724155513065647,nan
1430,SANBA,wp162023,2023-10-19 10:48:52,rcm2-sc50ma-owi-cm-20231019t104852-20231019t105008-00003-______ll_gd_GEO-IRWIN.nc,exact_contains,3.8,35.90573687592765,36000.0,20,/scale/user/mtannaou/alternance/donnees_sar_aeqd_09_janvier/wp162023/rcm2-sc50ma-owi-cm-20231019t104852-20231019t105008-00003_aeqd.nc,/scale/project/ifremer-isi-jumeaunumerique/SARGEO/prototype/v00r00/cyclobs/wp162023/IRWIN/rcm2-sc50ma-owi-cm-20231019t104852-20231019t105008-00003-______ll_gd_GEO-IRWIN.nc,0.3680050987890376,train
1431,SANBA,wp162023,2023-10-20 10:56:56,rcm2-sc50mc-owi-cm-20231020t105656-20231020t105812-00003-______ll_gd_GEO-IRWIN.nc,exact_contains,5.8,24.03271078870032,35000.0,15,/scale/user/mtannaou/alternance/donnees_sar_aeqd_09_janvier/wp162023/rcm2-sc50mc-owi-cm-20231020t105656-20231020t105812-00003_aeqd.nc,/scale/project/ifremer-isi-jumeaunumerique/SARGEO/prototype/v00r00/cyclobs/wp162023/IRWIN/rcm2-sc50mc-owi-cm-20231020t105656-20231020t105812-00003-______ll_gd_GEO-IRWIN.nc,0.5245379222434672,nan
1432,SANBA,wp162023,2023-10-19 22:42:31,rcm2-sc50mb-owi-cm-20231019t224231-20231019t224349-00003-______ll_gd_GEO-IRWIN.nc,exact_contains,6.35,,,19,/scale/user/mtannaou/alternance/donnees_sar_aeqd_09_janvier/wp162023/rcm2-sc50mb-owi-cm-20231019t224231-20231019t224349-00003_aeqd.nc,/scale/project/ifremer-isi-jumeaunumerique/SARGEO/prototype/v00r00/cyclobs/wp162023/IRWIN/rcm2-sc50mb-owi-cm-20231019t224231-20231019t224349-00003-______ll_gd_GEO-IRWIN.nc,0.6008922880815806,nan
1433,NORMA,ep172023,2023-10-22 13:13:47,s1a-iw-owi-cm-20231022t131347-20231022t131505-000003-0621EC_ll_gd_GEO-IRWIN.nc,exact_contains,1.8,38.08261111111111,52000.0,28,/scale/user/mtannaou/alternance/donnees_sar_aeqd_09_janvier/ep172023/s1a-iw-owi-cm-20231022t131347-20231022t131505-000003-_aeqd.nc,/scale/project/ifremer-isi-jumeaunumerique/SARGEO/prototype/v00r00/cyclobs/ep172023/IRWIN/s1a-iw-owi-cm-20231022t131347-20231022t131505-000003-0621EC_ll_gd_GEO-IRWIN.nc,0.1055449330783938,train
1434,NORMA,ep172023,2023-10-21 13:18:44,rcm2-sc50ma-owi-cm-20231021t131844-20231021t132000-00003-______ll_gd_GEO-IRWIN.nc,exact_contains,1.8,43.99402962962932,32000.0,45,/scale/user/mtannaou/alternance/donnees_sar_aeqd_09_janvier/ep172023/rcm2-sc50ma-owi-cm-20231021t131844-20231021t132000-00003_aeqd.nc,/scale/project/ifremer-isi-jumeaunumerique/SARGEO/prototype/v00r00/cyclobs/ep172023/IRWIN/rcm2-sc50ma-owi-cm-20231021t131844-20231021t132000-00003-______ll_gd_GEO-IRWIN.nc,0.0804333970681963,train
1435,NORMA,ep172023,2023-10-19 13:04:13,rcm2-sc50mc-owi-cm-20231019t130413-20231019t130530-00003-______ll_gd_GEO-IRWIN.nc,exact_contains,0.0,59.11921851851852,17000.0,59,/scale/user/mtannaou/alternance/donnees_sar_aeqd_09_janvier/ep172023/rcm2-sc50mc-owi-cm-20231019t130413-20231019t130530-00003_aeqd.nc,/scale/project/ifremer-isi-jumeaunumerique/SARGEO/prototype/v00r00/cyclobs/ep172023/IRWIN/rcm2-sc50mc-owi-cm-20231019t130413-20231019t130530-00003-______ll_gd_GEO-IRWIN.nc,0.1193116634799235,train
1436,NORMA,ep172023,2023-10-20 13:11:29,rcm2-sc50mb-owi-cm-20231020t131129-20231020t131245-00003-______ll_gd_GEO-IRWIN.nc,exact_contains,0.0,48.12422222222222,19000.0,52,/scale/user/mtannaou/alternance/donnees_sar_aeqd_09_janvier/ep172023/rcm2-sc50mb-owi-cm-20231020t131129-20231020t131245-00003_aeqd.nc,/scale/project/ifremer-isi-jumeaunumerique/SARGEO/prototype/v00r00/cyclobs/ep172023/IRWIN/rcm2-sc50mb-owi-cm-20231020t131129-20231020t131245-00003-______ll_gd_GEO-IRWIN.nc,0.0,val
1437,NORMA,ep172023,2023-10-21 01:25:44,rcm2-sc50ma-owi-cm-20231021t012544-20231021t012702-00003-______ll_gd_GEO-IRWIN.nc,exact_contains,0.7,53.92578518518519,22000.0,53,/scale/user/mtannaou/alternance/donnees_sar_aeqd_09_janvier/ep172023/rcm2-sc50ma-owi-cm-20231021t012544-20231021t012702-00003_aeqd.nc,/scale/project/ifremer-isi-jumeaunumerique/SARGEO/prototype/v00r00/cyclobs/ep172023/IRWIN/rcm2-sc50ma-owi-cm-20231021t012544-20231021t012702-00003-______ll_gd_GEO-IRWIN.nc,0.0790312300828553,train
1438,NORMA,ep172023,2023-10-20 01:17:02,rcm2-sc50ma-owi-cm-20231020t011702-20231020t011819-00003-______ll_gd_GEO-IRWIN.nc,exact_contains,0.0,51.27282962962963,24000.0,53,/scale/user/mtannaou/alternance/donnees_sar_aeqd_09_janvier/ep172023/rcm2-sc50ma-owi-cm-20231020t011702-20231020t011819-00003_aeqd.nc,/scale/project/ifremer-isi-jumeaunumerique/SARGEO/prototype/v00r00/cyclobs/ep172023/IRWIN/rcm2-sc50ma-owi-cm-20231020t011702-20231020t011819-00003-______ll_gd_GEO-IRWIN.nc,0.0,val
1439,NORMA,ep172023,2023-10-23 01:11:03,rcm3-sc50ma-owi-cm-20231023t011103-20231023t011220-00003-______ll_gd_GEO-IRWIN.nc,exact_contains,1.8,19.663961697574344,49000.0,22,/scale/user/mtannaou/alternance/donnees_sar_aeqd_09_janvier/ep172023/rcm3-sc50ma-owi-cm-20231023t011103-20231023t011220-00003_aeqd.nc,/scale/project/ifremer-isi-jumeaunumerique/SARGEO/prototype/v00r00/cyclobs/ep172023/IRWIN/rcm3-sc50ma-owi-cm-20231023t011103-20231023t011220-00003-______ll_gd_GEO-IRWIN.nc,0.3403441682600382,train
1440,SAOLA,wp092023,2023-08-25 09:52:28,rcm2-sc50mc-owi-cm-20230825t095228-20230825t095344-00003-______ll_gd_GEO-IRWIN.nc,exact_contains,0.0,46.27965555555522,17000.0,46,/scale/user/mtannaou/alternance/donnees_sar_aeqd_09_janvier/wp092023/rcm2-sc50mc-owi-cm-20230825t095228-20230825t095344-00003_aeqd.nc,/scale/project/ifremer-isi-jumeaunumerique/SARGEO/prototype/v00r00/cyclobs/wp092023/IRWIN/rcm2-sc50mc-owi-cm-20230825t095228-20230825t095344-00003-______ll_gd_GEO-IRWIN.nc,0.0,val
1441,SAOLA,wp092023,2023-08-29 09:52:26,rcm3-sc50mb-owi-cm-20230829t095226-20230829t095343-00003-______ll_gd_GEO-IRWIN.nc,exact_contains,0.0,57.39673333333334,19000.0,67,/scale/user/mtannaou/alternance/donnees_sar_aeqd_09_janvier/wp092023/rcm3-sc50mb-owi-cm-20230829t095226-20230829t095343-00003_aeqd.nc,/scale/project/ifremer-isi-jumeaunumerique/SARGEO/prototype/v00r00/cyclobs/wp092023/IRWIN/rcm3-sc50mb-owi-cm-20230829t095226-20230829t095343-00003-______ll_gd_GEO-IRWIN.nc,0.004333970681963,train
1442,SAOLA,wp092023,2023-08-31 22:02:06,rcm3-sclnd-owi-cm-20230831t220206-20230831t220323-00003-______ll_gd_GEO-IRWIN.nc,exact_contains,0.7,55.14974444444445,17000.0,62,/scale/user/mtannaou/alternance/donnees_sar_aeqd_09_janvier/wp092023/rcm3-sclnd-owi-cm-20230831t220206-20230831t220323-00003_aeqd.nc,/scale/project/ifremer-isi-jumeaunumerique/SARGEO/prototype/v00r00/cyclobs/wp092023/IRWIN/rcm3-sclnd-owi-cm-20230831t220206-20230831t220323-00003-______ll_gd_GEO-IRWIN.nc,0.0,val
1443,SAOLA,wp092023,2023-08-30 10:00:59,rcm3-sc50mb-owi-cm-20230830t100059-20230830t100137-00003-______ll_gd_GEO-IRWIN.nc,exact_contains,0.5,61.75166666666667,19000.0,68,/scale/user/mtannaou/alternance/donnees_sar_aeqd_09_janvier/wp092023/rcm3-sc50mb-owi-cm-20230830t100059-20230830t100137-00003_aeqd.nc,/scale/project/ifremer-isi-jumeaunumerique/SARGEO/prototype/v00r00/cyclobs/wp092023/IRWIN/rcm3-sc50mb-owi-cm-20230830t100059-20230830t100137-00003-______ll_gd_GEO-IRWIN.nc,0.7103887826641173,nan
1444,SAOLA,wp092023,2023-08-28 09:44:04,rcm3-sc50ma-owi-cm-20230828t094404-20230828t094519-00003-______ll_gd_GEO-IRWIN.nc,exact_contains,0.7,54.425059259259264,12000.0,52,/scale/user/mtannaou/alternance/donnees_sar_aeqd_09_janvier/wp092023/rcm3-sc50ma-owi-cm-20230828t094404-20230828t094519-00003_aeqd.nc,/scale/project/ifremer-isi-jumeaunumerique/SARGEO/prototype/v00r00/cyclobs/wp092023/IRWIN/rcm3-sc50ma-owi-cm-20230828t094404-20230828t094519-00003-______ll_gd_GEO-IRWIN.nc,0.0984066284257488,test
1445,SAOLA,wp092023,2023-08-30 21:54:41,rcm3-sc50mc-owi-cm-20230830t215441-20230830t215517-00003-______ll_gd_GEO-IRWIN.nc,exact_contains,0.7,61.13786666666667,16000.0,69,/scale/user/mtannaou/alternance/donnees_sar_aeqd_09_janvier/wp092023/rcm3-sc50mc-owi-cm-20230830t215441-20230830t215517-00003_aeqd.nc,/scale/project/ifremer-isi-jumeaunumerique/SARGEO/prototype/v00r00/cyclobs/wp092023/IRWIN/rcm3-sc50mc-owi-cm-20230830t215441-20230830t215517-00003-______ll_gd_GEO-IRWIN.nc,0.417208413001912,val
1446,SAOLA,wp092023,2023-08-27 21:31:01,rcm3-sclnc-owi-cm-20230827t213101-20230827t213216-00003-______ll_gd_GEO-IRWIN.nc,exact_contains,1.4,40.18622222222069,18000.0,58,/scale/user/mtannaou/alternance/donnees_sar_aeqd_09_janvier/wp092023/rcm3-sclnc-owi-cm-20230827t213101-20230827t213216-00003_aeqd.nc,/scale/project/ifremer-isi-jumeaunumerique/SARGEO/prototype/v00r00/cyclobs/wp092023/IRWIN/rcm3-sclnc-owi-cm-20230827t213101-20230827t213216-00003-______ll_gd_GEO-IRWIN.nc,0.0,val
1447,SAOLA,wp092023,2023-08-25 21:46:28,rcm2-sclna-owi-cm-20230825t214628-20230825t214729-00003-______ll_gd_GEO-IRWIN.nc,exact_contains,0.0,43.44807037037037,18000.0,50,/scale/user/mtannaou/alternance/donnees_sar_aeqd_09_janvier/wp092023/rcm2-sclna-owi-cm-20230825t214628-20230825t214729-00003_aeqd.nc,/scale/project/ifremer-isi-jumeaunumerique/SARGEO/prototype/v00r00/cyclobs/wp092023/IRWIN/rcm2-sclna-owi-cm-20230825t214628-20230825t214729-00003-______ll_gd_GEO-IRWIN.nc,0.0,train
1448,SAOLA,wp092023,2023-08-28 21:37:25,s1a-ew-owi-cm-20230828t213725-20230828t213829-000003-0606C6_ll_gd_GEO-IRWIN.nc,exact_contains,0.0,49.48330740740741,13000.0,50,/scale/user/mtannaou/alternance/donnees_sar_aeqd_09_janvier/wp092023/s1a-ew-owi-cm-20230828t213725-20230828t213829-000003-_aeqd.nc,/scale/project/ifremer-isi-jumeaunumerique/SARGEO/prototype/v00r00/cyclobs/wp092023/IRWIN/s1a-ew-owi-cm-20230828t213725-20230828t213829-000003-0606C6_ll_gd_GEO-IRWIN.nc,0.0,val
1449,SAOLA,wp092023,2023-08-26 09:59:55,rcm2-sclnc-owi-cm-20230826t095955-20230826t100111-00003-______ll_gd_GEO-IRWIN.nc,exact_contains,0.0,55.74892962962962,13000.0,58,/scale/user/mtannaou/alternance/donnees_sar_aeqd_09_janvier/wp092023/rcm2-sclnc-owi-cm-20230826t095955-20230826t100111-00003_aeqd.nc,/scale/project/ifremer-isi-jumeaunumerique/SARGEO/prototype/v00r00/cyclobs/wp092023/IRWIN/rcm2-sclnc-owi-cm-20230826t095955-20230826t100111-00003-______ll_gd_GEO-IRWIN.nc,0.0234544295729764,train
1450,SAOLA,wp092023,2023-09-01 10:17:28,rcm3-sc50ma-owi-cm-20230901t101728-20230901t101844-00003-______ll_gd_GEO-IRWIN.nc,exact_contains,1.8,50.00998148148148,19000.0,58,/scale/user/mtannaou/alternance/donnees_sar_aeqd_09_janvier/wp092023/rcm3-sc50ma-owi-cm-20230901t101728-20230901t101844-00003_aeqd.nc,/scale/project/ifremer-isi-jumeaunumerique/SARGEO/prototype/v00r00/cyclobs/wp092023/IRWIN/rcm3-sc50ma-owi-cm-20230901t101728-20230901t101844-00003-______ll_gd_GEO-IRWIN.nc,0.4484384958572339,train
1451,SAOLA,wp092023,2023-09-01 22:10:02,rcm3-sc50mc-owi-cm-20230901t221002-20230901t221120-00003-______ll_gd_GEO-IRWIN.nc,exact_contains,5.4,19.195264712544645,47000.0,42,/scale/user/mtannaou/alternance/donnees_sar_aeqd_09_janvier/wp092023/rcm3-sc50mc-owi-cm-20230901t221002-20230901t221120-00003_aeqd.nc,/scale/project/ifremer-isi-jumeaunumerique/SARGEO/prototype/v00r00/cyclobs/wp092023/IRWIN/rcm3-sc50mc-owi-cm-20230901t221002-20230901t221120-00003-______ll_gd_GEO-IRWIN.nc,0.9640535372848948,nan
1452,SAOLA,wp092023,2023-08-29 21:46:39,rcm3-sc50ma-owi-cm-20230829t214639-20230829t214735-00003-______ll_gd_GEO-IRWIN.nc,exact_contains,1.4,61.69977777777779,15000.0,69,/scale/user/mtannaou/alternance/donnees_sar_aeqd_09_janvier/wp092023/rcm3-sc50ma-owi-cm-20230829t214639-20230829t214735-00003_aeqd.nc,/scale/project/ifremer-isi-jumeaunumerique/SARGEO/prototype/v00r00/cyclobs/wp092023/IRWIN/rcm3-sc50ma-owi-cm-20230829t214639-20230829t214735-00003-______ll_gd_GEO-IRWIN.nc,0.512810707456979,nan
1453,EMNATI,sh132022,2022-02-19 01:36:28,s1a-ew-owi-cm-20220219t013628-20220219t013902-000003-04FFB8_ll_gd_GEO-IRWIN.nc,exact_contains,0.7,36.01020370370371,24000.0,34,/scale/user/mtannaou/alternance/donnees_sar_aeqd_09_janvier/sh132022/s1a-ew-owi-cm-20220219t013628-20220219t013902-000003-_aeqd.nc,/scale/project/ifremer-isi-jumeaunumerique/SARGEO/prototype/v00r00/cyclobs/sh132022/IRWIN/s1a-ew-owi-cm-20220219t013628-20220219t013902-000003-04FFB8_ll_gd_GEO-IRWIN.nc,0.0,test
1454,EMNATI,sh132022,2022-02-22 02:01:30,s1a-ew-owi-cm-20220222t020130-20220222t020435-000003-050156_ll_gd_GEO-IRWIN.nc,exact_contains,0.0,50.01777777777777,55000.0,45,/scale/user/mtannaou/alternance/donnees_sar_aeqd_09_janvier/sh132022/s1a-ew-owi-cm-20220222t020130-20220222t020435-000003-_aeqd.nc,/scale/project/ifremer-isi-jumeaunumerique/SARGEO/prototype/v00r00/cyclobs/sh132022/IRWIN/s1a-ew-owi-cm-20220222t020130-20220222t020435-000003-050156_ll_gd_GEO-IRWIN.nc,0.2202676864244742,test
1455,EMNATI,sh132022,2022-02-20 14:39:54,rs2-scwa-owi-cm-20220220t143954-20220220t144218-00003-______ll_gd_GEO-IRWIN.nc,exact_contains,0.0,42.61541111111112,15000.0,58,/scale/user/mtannaou/alternance/donnees_sar_aeqd_09_janvier/sh132022/rs2-scwa-owi-cm-20220220t143954-20220220t144218-00003_aeqd.nc,/scale/project/ifremer-isi-jumeaunumerique/SARGEO/prototype/v00r00/cyclobs/sh132022/IRWIN/rs2-scwa-owi-cm-20220220t143954-20220220t144218-00003-______ll_gd_GEO-IRWIN.nc,0.2397705544933078,train
1456,EMNATI,sh132022,2022-02-25 02:29:58,s1a-ew-owi-cm-20220225t022958-20220225t023303-000003-0502C7_ll_gd_GEO-IRWIN.nc,exact_contains,0.6,26.5298014115377,265000.0,23,/scale/user/mtannaou/alternance/donnees_sar_aeqd_09_janvier/sh132022/s1a-ew-owi-cm-20220225t022958-20220225t023303-000003-_aeqd.nc,/scale/project/ifremer-isi-jumeaunumerique/SARGEO/prototype/v00r00/cyclobs/sh132022/IRWIN/s1a-ew-owi-cm-20220225t022958-20220225t023303-000003-0502C7_ll_gd_GEO-IRWIN.nc,0.0656469088591459,nan
1457,USAGI,wp272024,2024-11-12 21:23:31,rcm3-sc50ma-owi-cm-20241112t212331-20241112t212447-00003-______ll_gd_GEO-IRWIN.nc,exact_contains,0.0,38.14315185177193,38000.0,35,/scale/user/mtannaou/alternance/donnees_sar_aeqd_09_janvier/wp272024/rcm3-sc50ma-owi-cm-20241112t212331-20241112t212447-00003_aeqd.nc,/scale/project/ifremer-isi-jumeaunumerique/SARGEO/prototype/v00r00/cyclobs/wp272024/IRWIN/rcm3-sc50ma-owi-cm-20241112t212331-20241112t212447-00003-______ll_gd_GEO-IRWIN.nc,0.0,train
1458,USAGI,wp272024,2024-11-13 21:31:05,rcm3-sc50mc-owi-cm-20241113t213105-20241113t213223-00003-______ll_gd_GEO-IRWIN.nc,exact_contains,0.0,53.8439962962963,8000.0,67,/scale/user/mtannaou/alternance/donnees_sar_aeqd_09_janvier/wp272024/rcm3-sc50mc-owi-cm-20241113t213105-20241113t213223-00003_aeqd.nc,/scale/project/ifremer-isi-jumeaunumerique/SARGEO/prototype/v00r00/cyclobs/wp272024/IRWIN/rcm3-sc50mc-owi-cm-20241113t213105-20241113t213223-00003-______ll_gd_GEO-IRWIN.nc,0.1927342256214149,train
1459,USAGI,wp272024,2024-11-13 09:35:49,rcm3-sc50ma-owi-cm-20241113t093549-20241113t093706-00003-______ll_gd_GEO-IRWIN.nc,exact_contains,1.2,47.51824444444445,10000.0,51,/scale/user/mtannaou/alternance/donnees_sar_aeqd_09_janvier/wp272024/rcm3-sc50ma-owi-cm-20241113t093549-20241113t093706-00003_aeqd.nc,/scale/project/ifremer-isi-jumeaunumerique/SARGEO/prototype/v00r00/cyclobs/wp272024/IRWIN/rcm3-sc50ma-owi-cm-20241113t093549-20241113t093706-00003-______ll_gd_GEO-IRWIN.nc,0.4952198852772466,test
1460,USAGI,wp272024,2024-11-12 09:27:05,rcm3-sc50mc-owi-cm-20241112t092705-20241112t092822-00003-______ll_gd_GEO-IRWIN.nc,exact_contains,0.0,31.40301078899555,28000.0,27,/scale/user/mtannaou/alternance/donnees_sar_aeqd_09_janvier/wp272024/rcm3-sc50mc-owi-cm-20241112t092705-20241112t092822-00003_aeqd.nc,/scale/project/ifremer-isi-jumeaunumerique/SARGEO/prototype/v00r00/cyclobs/wp272024/IRWIN/rcm3-sc50mc-owi-cm-20241112t092705-20241112t092822-00003-______ll_gd_GEO-IRWIN.nc,0.0,train
1461,ERICK,ep062019,2019-07-31 03:47:21,s1a-ew-owi-cm-20190731t034721-20190731t034910-000003-033442_ll_gd_GEO-IRWIN.nc,exact_contains,0.0,53.31678148148149,11000.0,58,/scale/user/mtannaou/alternance/donnees_sar_aeqd_09_janvier/ep062019/s1a-ew-owi-cm-20190731t034721-20190731t034910-000003-_aeqd.nc,/scale/project/ifremer-isi-jumeaunumerique/SARGEO/prototype/v00r00/cyclobs/ep062019/IRWIN/s1a-ew-owi-cm-20190731t034721-20190731t034910-000003-033442_ll_gd_GEO-IRWIN.nc,0.0,val
1462,SAM,al182021,2021-10-03 21:21:48,rcm3-sc50mb-owi-cm-20211003t212148-20211003t212248-00003-______ll_gd_GEO-IRWIN.nc,exact_contains,0.75,48.54597777777777,19000.0,45,/scale/user/mtannaou/alternance/donnees_sar_aeqd_09_janvier/al182021/rcm3-sc50mb-owi-cm-20211003t212148-20211003t212248-00003_aeqd.nc,/scale/project/ifremer-isi-jumeaunumerique/SARGEO/prototype/v00r00/cyclobs/al182021/IRWIN/rcm3-sc50mb-owi-cm-20211003t212148-20211003t212248-00003-______ll_gd_GEO-IRWIN.nc,0.5086042065009561,nan
1463,SAM,al182021,2021-09-30 09:58:23,rs2-scwa-owi-cm-20210930t095823-20210930t095939-00003-______ll_gd_GEO-IRWIN.nc,exact_contains,0.6,64.98118518518518,25000.0,64,/scale/user/mtannaou/alternance/donnees_sar_aeqd_09_janvier/al182021/rs2-scwa-owi-cm-20210930t095823-20210930t095939-00003_aeqd.nc,/scale/project/ifremer-isi-jumeaunumerique/SARGEO/prototype/v00r00/cyclobs/al182021/IRWIN/rs2-scwa-owi-cm-20210930t095823-20210930t095939-00003-______ll_gd_GEO-IRWIN.nc,0.3282345442957298,val
1464,SAM,al182021,2021-09-26 21:18:22,rs2-scwa-owi-cm-20210926t211822-20210926t212046-00003-______ll_gd_GEO-IRWIN.nc,exact_contains,2.95,30.75298606357911,31000.0,68,/scale/user/mtannaou/alternance/donnees_sar_aeqd_09_janvier/al182021/rs2-scwa-owi-cm-20210926t211822-20210926t212046-00003_aeqd.nc,/scale/project/ifremer-isi-jumeaunumerique/SARGEO/prototype/v00r00/cyclobs/al182021/IRWIN/rs2-scwa-owi-cm-20210926t211822-20210926t212046-00003-______ll_gd_GEO-IRWIN.nc,0.7149776927979605,nan
1465,SAM,al182021,2021-09-24 21:03:31,s1a-ew-owi-cm-20210924t210331-20210924t210556-000003-04B621_ll_gd_GEO-IRWIN.nc,exact_contains,0.0,41.76729588806055,12000.0,40,/scale/user/mtannaou/alternance/donnees_sar_aeqd_09_janvier/al182021/s1a-ew-owi-cm-20210924t210331-20210924t210556-000003-_aeqd.nc,/scale/project/ifremer-isi-jumeaunumerique/SARGEO/prototype/v00r00/cyclobs/al182021/IRWIN/s1a-ew-owi-cm-20210924t210331-20210924t210556-000003-04B621_ll_gd_GEO-IRWIN.nc,0.1321861057998725,val
1466,SAM,al182021,2021-09-26 09:09:03,s1b-ew-owi-cm-20210926t090903-20210926t091107-000003-0371EC_ll_gd_GEO-IRWIN.nc,exact_contains,0.0,57.1209814814815,8000.0,66,/scale/user/mtannaou/alternance/donnees_sar_aeqd_09_janvier/al182021/s1b-ew-owi-cm-20210926t090903-20210926t091107-000003-_aeqd.nc,/scale/project/ifremer-isi-jumeaunumerique/SARGEO/prototype/v00r00/cyclobs/al182021/IRWIN/s1b-ew-owi-cm-20210926t090903-20210926t091107-000003-0371EC_ll_gd_GEO-IRWIN.nc,0.0,train
1467,SAM,al182021,2021-09-28 09:18:08,rs2-scwa-owi-cm-20210928t091808-20210928t092031-00003-______ll_gd_GEO-IRWIN.nc,exact_contains,0.0,54.296370370370376,20000.0,59,/scale/user/mtannaou/alternance/donnees_sar_aeqd_09_janvier/al182021/rs2-scwa-owi-cm-20210928t091808-20210928t092031-00003_aeqd.nc,/scale/project/ifremer-isi-jumeaunumerique/SARGEO/prototype/v00r00/cyclobs/al182021/IRWIN/rs2-scwa-owi-cm-20210928t091808-20210928t092031-00003-______ll_gd_GEO-IRWIN.nc,0.3288718929254302,train
1468,SAM,al182021,2021-09-29 22:02:02,s1b-ew-owi-cm-20210929t220202-20210929t220436-000003-037380_ll_gd_GEO-IRWIN.nc,exact_contains,0.5,54.53629814814816,19000.0,63,/scale/user/mtannaou/alternance/donnees_sar_aeqd_09_janvier/al182021/s1b-ew-owi-cm-20210929t220202-20210929t220436-000003-_aeqd.nc,/scale/project/ifremer-isi-jumeaunumerique/SARGEO/prototype/v00r00/cyclobs/al182021/IRWIN/s1b-ew-owi-cm-20210929t220202-20210929t220436-000003-037380_ll_gd_GEO-IRWIN.nc,0.4921606118546845,train
1469,SAM,al182021,2021-09-27 21:29:00,s1a-ew-owi-cm-20210927t212900-20210927t213119-000003-04B7A8_ll_gd_GEO-IRWIN.nc,exact_contains,3.3,46.30469629629632,10000.0,54,/scale/user/mtannaou/alternance/donnees_sar_aeqd_09_janvier/al182021/s1a-ew-owi-cm-20210927t212900-20210927t213119-000003-_aeqd.nc,/scale/project/ifremer-isi-jumeaunumerique/SARGEO/prototype/v00r00/cyclobs/al182021/IRWIN/s1a-ew-owi-cm-20210927t212900-20210927t213119-000003-04B7A8_ll_gd_GEO-IRWIN.nc,0.5854684512428299,nan
1470,SAM,al182021,2021-10-02 09:53:19,rcm1-sc50mc-owi-cm-20211002t095319-20211002t095655-00003-______ll_gd_GEO-IRWIN.nc,exact_contains,2.0,56.48587407407408,26000.0,60,/scale/user/mtannaou/alternance/donnees_sar_aeqd_09_janvier/al182021/rcm1-sc50mc-owi-cm-20211002t095319-20211002t095655-00003_aeqd.nc,/scale/project/ifremer-isi-jumeaunumerique/SARGEO/prototype/v00r00/cyclobs/al182021/IRWIN/rcm1-sc50mc-owi-cm-20211002t095319-20211002t095655-00003-______ll_gd_GEO-IRWIN.nc,0.1207138304652645,train
1471,IRWIN,ep102023,2023-08-28 14:08:06,rcm2-sc50ma-owi-cm-20230828t140806-20230828t140923-00003-______ll_gd_GEO-IRWIN.nc,exact_contains,3.0,16.867180620991576,340000.0,18,/scale/user/mtannaou/alternance/donnees_sar_aeqd_09_janvier/ep102023/rcm2-sc50ma-owi-cm-20230828t140806-20230828t140923-00003_aeqd.nc,/scale/project/ifremer-isi-jumeaunumerique/SARGEO/prototype/v00r00/cyclobs/ep102023/IRWIN/rcm2-sc50ma-owi-cm-20230828t140806-20230828t140923-00003-______ll_gd_GEO-IRWIN.nc,0.0,nan
1472,CHARLOTTE,sh212022,2022-03-23 22:18:49,rs2-scwa-owi-cm-20220323t221849-20220323t222113-00003-______ll_gd_GEO-IRWIN.nc,exact_contains,0.6,16.478971067501682,93000.0,20,/scale/user/mtannaou/alternance/donnees_sar_aeqd_09_janvier/sh212022/rs2-scwa-owi-cm-20220323t221849-20220323t222113-00003_aeqd.nc,/scale/project/ifremer-isi-jumeaunumerique/SARGEO/prototype/v00r00/cyclobs/sh212022/IRWIN/rs2-scwa-owi-cm-20220323t221849-20220323t222113-00003-______ll_gd_GEO-IRWIN.nc,0.0,train
1473,CHARLOTTE,sh212022,2022-03-23 11:13:55,rs2-scwa-owi-cm-20220323t111355-20220323t111619-00003-______ll_gd_GEO-IRWIN.nc,exact_contains,0.0,30.204528807986662,53000.0,31,/scale/user/mtannaou/alternance/donnees_sar_aeqd_09_janvier/sh212022/rs2-scwa-owi-cm-20220323t111355-20220323t111619-00003_aeqd.nc,/scale/project/ifremer-isi-jumeaunumerique/SARGEO/prototype/v00r00/cyclobs/sh212022/IRWIN/rs2-scwa-owi-cm-20220323t111355-20220323t111619-00003-______ll_gd_GEO-IRWIN.nc,0.0,val
1474,NEPARTAK,wp112021,2021-07-27 08:28:15,rcm1-sc50mc-owi-cm-20210727t082815-20210727t082923-00003-______ll_gd_GEO-IRWIN.nc,exact_contains,2.8,18.55247473993224,263000.0,21,/scale/user/mtannaou/alternance/donnees_sar_aeqd_09_janvier/wp112021/rcm1-sc50mc-owi-cm-20210727t082815-20210727t082923-00003_aeqd.nc,/scale/project/ifremer-isi-jumeaunumerique/SARGEO/prototype/v00r00/cyclobs/wp112021/IRWIN/rcm1-sc50mc-owi-cm-20210727t082815-20210727t082923-00003-______ll_gd_GEO-IRWIN.nc,0.2517527087316762,nan
1475,NEPARTAK,wp112021,2021-07-28 20:52:01,rcm3-sc50mc-owi-cm-20210728t205201-20210728t205729-00003-______ll_gd_GEO-IRWIN.nc,exact_contains,0.0,14.732791158882458,73000.0,10,/scale/user/mtannaou/alternance/donnees_sar_aeqd_09_janvier/wp112021/rcm3-sc50mc-owi-cm-20210728t205201-20210728t205729-00003_aeqd.nc,/scale/project/ifremer-isi-jumeaunumerique/SARGEO/prototype/v00r00/cyclobs/wp112021/IRWIN/rcm3-sc50mc-owi-cm-20210728t205201-20210728t205729-00003-______ll_gd_GEO-IRWIN.nc,0.0,test
1476,MAWAR,wp022023,2023-05-21 08:12:40,rcm2-sclna-owi-cm-20230521t081240-20230521t081356-00003-______ll_gd_GEO-IRWIN.nc,exact_contains,0.7,34.840992855887166,24000.0,33,/scale/user/mtannaou/alternance/donnees_sar_aeqd_09_janvier/wp022023/rcm2-sclna-owi-cm-20230521t081240-20230521t081356-00003_aeqd.nc,/scale/project/ifremer-isi-jumeaunumerique/SARGEO/prototype/v00r00/cyclobs/wp022023/IRWIN/rcm2-sclna-owi-cm-20230521t081240-20230521t081356-00003-______ll_gd_GEO-IRWIN.nc,0.245761631612492,train
1477,MAWAR,wp022023,2023-05-31 21:29:14,rcm2-sc50mc-owi-cm-20230531t212914-20230531t213010-00003-______ll_gd_GEO-IRWIN.nc,exact_contains,0.0,27.495549883858285,212000.0,29,/scale/user/mtannaou/alternance/donnees_sar_aeqd_09_janvier/wp022023/rcm2-sc50mc-owi-cm-20230531t212914-20230531t213010-00003_aeqd.nc,/scale/project/ifremer-isi-jumeaunumerique/SARGEO/prototype/v00r00/cyclobs/wp022023/IRWIN/rcm2-sc50mc-owi-cm-20230531t212914-20230531t213010-00003-______ll_gd_GEO-IRWIN.nc,0.0087954110898661,nan
1478,MAWAR,wp022023,2023-05-31 09:37:20,rcm2-sc50ma-owi-cm-20230531t093720-20230531t093756-00003-______ll_gd_GEO-IRWIN.nc,exact_contains,0.6,32.61354177643794,229000.0,33,/scale/user/mtannaou/alternance/donnees_sar_aeqd_09_janvier/wp022023/rcm2-sc50ma-owi-cm-20230531t093720-20230531t093756-00003_aeqd.nc,/scale/project/ifremer-isi-jumeaunumerique/SARGEO/prototype/v00r00/cyclobs/wp022023/IRWIN/rcm2-sc50ma-owi-cm-20230531t093720-20230531t093756-00003-______ll_gd_GEO-IRWIN.nc,0.0211599745060548,nan
1479,MAWAR,wp022023,2023-06-01 09:45:25,rcm2-sc50mc-owi-cm-20230601t094525-20230601t094641-00003-______ll_gd_GEO-IRWIN.nc,exact_contains,2.25,23.59933300390933,69000.0,26,/scale/user/mtannaou/alternance/donnees_sar_aeqd_09_janvier/wp022023/rcm2-sc50mc-owi-cm-20230601t094525-20230601t094641-00003_aeqd.nc,/scale/project/ifremer-isi-jumeaunumerique/SARGEO/prototype/v00r00/cyclobs/wp022023/IRWIN/rcm2-sc50mc-owi-cm-20230601t094525-20230601t094641-00003-______ll_gd_GEO-IRWIN.nc,0.5241555130656469,nan
1480,MAWAR,wp022023,2023-05-26 20:51:16,rcm2-sclnd-owi-cm-20230526t205116-20230526t205205-00003-______ll_gd_GEO-IRWIN.nc,exact_contains,0.0,62.83251111111112,39000.0,72,/scale/user/mtannaou/alternance/donnees_sar_aeqd_09_janvier/wp022023/rcm2-sclnd-owi-cm-20230526t205116-20230526t205205-00003_aeqd.nc,/scale/project/ifremer-isi-jumeaunumerique/SARGEO/prototype/v00r00/cyclobs/wp022023/IRWIN/rcm2-sclnd-owi-cm-20230526t205116-20230526t205205-00003-______ll_gd_GEO-IRWIN.nc,0.1858508604206501,val
1481,MAWAR,wp022023,2023-05-26 08:55:00,rcm2-sclna-owi-cm-20230526t085500-20230526t085617-00003-______ll_gd_GEO-IRWIN.nc,exact_contains,0.6,64.6934888888889,21000.0,77,/scale/user/mtannaou/alternance/donnees_sar_aeqd_09_janvier/wp022023/rcm2-sclna-owi-cm-20230526t085500-20230526t085617-00003_aeqd.nc,/scale/project/ifremer-isi-jumeaunumerique/SARGEO/prototype/v00r00/cyclobs/wp022023/IRWIN/rcm2-sclna-owi-cm-20230526t085500-20230526t085617-00003-______ll_gd_GEO-IRWIN.nc,0.0,train
1482,MAWAR,wp022023,2023-05-25 20:42:57,rcm2-sclna-owi-cm-20230525t204257-20230525t204411-00003-______ll_gd_GEO-IRWIN.nc,exact_contains,3.75,43.46175555555556,72000.0,81,/scale/user/mtannaou/alternance/donnees_sar_aeqd_09_janvier/wp022023/rcm2-sclna-owi-cm-20230525t204257-20230525t204411-00003_aeqd.nc,/scale/project/ifremer-isi-jumeaunumerique/SARGEO/prototype/v00r00/cyclobs/wp022023/IRWIN/rcm2-sclna-owi-cm-20230525t204257-20230525t204411-00003-______ll_gd_GEO-IRWIN.nc,0.7279796048438496,nan
1483,MAWAR,wp022023,2023-05-23 08:29:56,rcm2-sclnc-owi-cm-20230523t082956-20230523t083035-00003-______ll_gd_GEO-IRWIN.nc,exact_contains,0.6,67.17123333333333,12000.0,69,/scale/user/mtannaou/alternance/donnees_sar_aeqd_09_janvier/wp022023/rcm2-sclnc-owi-cm-20230523t082956-20230523t083035-00003_aeqd.nc,/scale/project/ifremer-isi-jumeaunumerique/SARGEO/prototype/v00r00/cyclobs/wp022023/IRWIN/rcm2-sclnc-owi-cm-20230523t082956-20230523t083035-00003-______ll_gd_GEO-IRWIN.nc,0.0582536647546207,val
1484,MAWAR,wp022023,2023-05-22 08:21:28,rcm2-sclnb-owi-cm-20230522t082128-20230522t082226-00003-______ll_gd_GEO-IRWIN.nc,exact_contains,0.0,46.55844444444444,14000.0,46,/scale/user/mtannaou/alternance/donnees_sar_aeqd_09_janvier/wp022023/rcm2-sclnb-owi-cm-20230522t082128-20230522t082226-00003_aeqd.nc,/scale/project/ifremer-isi-jumeaunumerique/SARGEO/prototype/v00r00/cyclobs/wp022023/IRWIN/rcm2-sclnb-owi-cm-20230522t082128-20230522t082226-00003-______ll_gd_GEO-IRWIN.nc,0.0,test
1485,MAWAR,wp022023,2023-05-29 09:51:57,rcm1-sc50mc-owi-cm-20230529t095157-20230529t095312-00003-______ll_gd_GEO-IRWIN.nc,exact_contains,0.0,41.871814814844,37000.0,52,/scale/user/mtannaou/alternance/donnees_sar_aeqd_09_janvier/wp022023/rcm1-sc50mc-owi-cm-20230529t095157-20230529t095312-00003_aeqd.nc,/scale/project/ifremer-isi-jumeaunumerique/SARGEO/prototype/v00r00/cyclobs/wp022023/IRWIN/rcm1-sc50mc-owi-cm-20230529t095157-20230529t095312-00003-______ll_gd_GEO-IRWIN.nc,0.3007010834926705,val
1486,MAWAR,wp022023,2023-05-31 21:29:14,rcm2-sc50mc-owi-cm-20230531t213008-20230531t213029-00003-______ll_gd_GEO-IRWIN.nc,fuzzy_sat_time,0.0,27.495549883858285,212000.0,29,/scale/user/mtannaou/alternance/donnees_sar_aeqd_09_janvier/wp022023/rcm2-sc50mc-owi-cm-20230531t212914-20230531t213010-00003_aeqd.nc,/scale/project/ifremer-isi-jumeaunumerique/SARGEO/prototype/v00r00/cyclobs/wp022023/IRWIN/rcm2-sc50mc-owi-cm-20230531t213008-20230531t213029-00003-______ll_gd_GEO-IRWIN.nc,0.0087954110898661,nan
1487,MAWAR,wp022023,2023-05-25 08:46:34,rcm2-sclnc-owi-cm-20230525t084634-20230525t084750-00003-______ll_gd_GEO-IRWIN.nc,exact_contains,0.0,63.40076666666666,22000.0,76,/scale/user/mtannaou/alternance/donnees_sar_aeqd_09_janvier/wp022023/rcm2-sclnc-owi-cm-20230525t084634-20230525t084750-00003_aeqd.nc,/scale/project/ifremer-isi-jumeaunumerique/SARGEO/prototype/v00r00/cyclobs/wp022023/IRWIN/rcm2-sclnc-owi-cm-20230525t084634-20230525t084750-00003-______ll_gd_GEO-IRWIN.nc,0.0592734225621414,val
1488,MAWAR,wp022023,2023-05-28 09:43:34,rcm1-sclnc-owi-cm-20230528t094334-20230528t094451-00003-______ll_gd_GEO-IRWIN.nc,exact_contains,0.0,51.26874074074074,43000.0,54,/scale/user/mtannaou/alternance/donnees_sar_aeqd_09_janvier/wp022023/rcm1-sclnc-owi-cm-20230528t094334-20230528t094451-00003_aeqd.nc,/scale/project/ifremer-isi-jumeaunumerique/SARGEO/prototype/v00r00/cyclobs/wp022023/IRWIN/rcm1-sclnc-owi-cm-20230528t094334-20230528t094451-00003-______ll_gd_GEO-IRWIN.nc,0.0525175270873167,test
1489,MAWAR,wp022023,2023-05-25 20:40:39,s1a-ew-owi-cm-20230525t204039-20230525t204207-000003-05DB41_ll_gd_GEO-IRWIN.nc,exact_contains,0.5,62.98647407407408,21000.0,81,/scale/user/mtannaou/alternance/donnees_sar_aeqd_09_janvier/wp022023/s1a-ew-owi-cm-20230525t204039-20230525t204207-000003-_aeqd.nc,/scale/project/ifremer-isi-jumeaunumerique/SARGEO/prototype/v00r00/cyclobs/wp022023/IRWIN/s1a-ew-owi-cm-20230525t204039-20230525t204207-000003-05DB41_ll_gd_GEO-IRWIN.nc,0.4281708094327597,train
1490,MAWAR,wp022023,2023-05-31 09:36:58,rcm2-sc50ma-owi-cm-20230531t093658-20230531t093723-00003-______ll_gd_GEO-IRWIN.nc,exact_contains,2.8,28.26302039541872,49000.0,33,/scale/user/mtannaou/alternance/donnees_sar_aeqd_09_janvier/wp022023/rcm2-sc50ma-owi-cm-20230531t093658-20230531t093723-00003_aeqd.nc,/scale/project/ifremer-isi-jumeaunumerique/SARGEO/prototype/v00r00/cyclobs/wp022023/IRWIN/rcm2-sc50ma-owi-cm-20230531t093658-20230531t093723-00003-______ll_gd_GEO-IRWIN.nc,1.0,nan
1491,ALETTA,ep012024,2024-07-04 12:55:50,rcm1-sc50mc-owi-cm-20240704t125550-20240704t125707-00003-______ll_gd_GEO-IRWIN.nc,exact_contains,0.0,,,16,/scale/user/mtannaou/alternance/donnees_sar_aeqd_09_janvier/ep012024/rcm1-sc50mc-owi-cm-20240704t125550-20240704t125707-00003_aeqd.nc,/scale/project/ifremer-isi-jumeaunumerique/SARGEO/prototype/v00r00/cyclobs/ep012024/IRWIN/rcm1-sc50mc-owi-cm-20240704t125550-20240704t125707-00003-______ll_gd_GEO-IRWIN.nc,0.0842574888463989,nan
1492,EPSILON,al272020,2020-10-24 21:55:25,rs2-scwa-owi-cm-20201024t215525-20201024t215748-00003-______ll_gd_GEO-IRWIN.nc,exact_contains,0.6,37.99500740740741,59000.0,34,/scale/user/mtannaou/alternance/donnees_sar_aeqd_09_janvier/al272020/rs2-scwa-owi-cm-20201024t215525-20201024t215748-00003_aeqd.nc,/scale/project/ifremer-isi-jumeaunumerique/SARGEO/prototype/v00r00/cyclobs/al272020/IRWIN/rs2-scwa-owi-cm-20201024t215525-20201024t215748-00003-______ll_gd_GEO-IRWIN.nc,0.1237731038878266,train
1493,EPSILON,al272020,2020-10-24 21:53:46,rcm3-sc50mb-owi-cm-20201024t215346-20201024t215530-00003-______ll_gd_GEO-IRWIN.nc,exact_contains,0.6,37.95819629695577,57000.0,34,/scale/user/mtannaou/alternance/donnees_sar_aeqd_09_janvier/al272020/rcm3-sc50mb-owi-cm-20201024t215346-20201024t215530-00003_aeqd.nc,/scale/project/ifremer-isi-jumeaunumerique/SARGEO/prototype/v00r00/cyclobs/al272020/IRWIN/rcm3-sc50mb-owi-cm-20201024t215346-20201024t215530-00003-______ll_gd_GEO-IRWIN.nc,0.1019757807520713,train
1494,EPSILON,al272020,2020-10-24 10:01:24,rcm2-sc50mc-owi-cm-20201024t100124-20201024t100220-00003-______ll_gd_GEO-IRWIN.nc,exact_contains,0.85,,,39,/scale/user/mtannaou/alternance/donnees_sar_aeqd_09_janvier/al272020/rcm2-sc50mc-owi-cm-20201024t100124-20201024t100220-00003_aeqd.nc,/scale/project/ifremer-isi-jumeaunumerique/SARGEO/prototype/v00r00/cyclobs/al272020/IRWIN/rcm2-sc50mc-owi-cm-20201024t100124-20201024t100220-00003-______ll_gd_GEO-IRWIN.nc,0.3586998087954111,nan
1495,EPSILON,al272020,2020-10-25 09:33:03,rcm3-sc50mb-owi-cm-20201025t093303-20201025t093751-00003-______ll_gd_GEO-IRWIN.nc,exact_contains,0.0,34.831888888296795,95000.0,33,/scale/user/mtannaou/alternance/donnees_sar_aeqd_09_janvier/al272020/rcm3-sc50mb-owi-cm-20201025t093303-20201025t093751-00003_aeqd.nc,/scale/project/ifremer-isi-jumeaunumerique/SARGEO/prototype/v00r00/cyclobs/al272020/IRWIN/rcm3-sc50mb-owi-cm-20201025t093303-20201025t093751-00003-______ll_gd_GEO-IRWIN.nc,0.0164435946462715,val
1496,TEDDY,al202020,2020-09-19 22:14:07,rs2-scwa-owi-cm-20200919t221407-20200919t221523-00003-______ll_gd_GEO-IRWIN.nc,exact_contains,1.55,42.26707407407408,53000.0,54,/scale/user/mtannaou/alternance/donnees_sar_aeqd_09_janvier/al202020/rs2-scwa-owi-cm-20200919t221407-20200919t221523-00003_aeqd.nc,/scale/project/ifremer-isi-jumeaunumerique/SARGEO/prototype/v00r00/cyclobs/al202020/IRWIN/rs2-scwa-owi-cm-20200919t221407-20200919t221523-00003-______ll_gd_GEO-IRWIN.nc,0.4345442957297641,train
1497,TEDDY,al202020,2020-09-21 10:04:32,rs2-scwa-owi-cm-20200921t100432-20200921t100548-00003-______ll_gd_GEO-IRWIN.nc,exact_contains,1.0,35.83653703703703,44000.0,42,/scale/user/mtannaou/alternance/donnees_sar_aeqd_09_janvier/al202020/rs2-scwa-owi-cm-20200921t100432-20200921t100548-00003_aeqd.nc,/scale/project/ifremer-isi-jumeaunumerique/SARGEO/prototype/v00r00/cyclobs/al202020/IRWIN/rs2-scwa-owi-cm-20200921t100432-20200921t100548-00003-______ll_gd_GEO-IRWIN.nc,0.0,train
1498,TEDDY,al202020,2020-09-17 21:29:05,rs2-scwa-owi-cm-20200917t212905-20200917t213236-00003-______ll_gd_GEO-IRWIN.nc,exact_contains,3.05,42.72654444444445,7000.0,61,/scale/user/mtannaou/alternance/donnees_sar_aeqd_09_janvier/al202020/rs2-scwa-owi-cm-20200917t212905-20200917t213236-00003_aeqd.nc,/scale/project/ifremer-isi-jumeaunumerique/SARGEO/prototype/v00r00/cyclobs/al202020/IRWIN/rs2-scwa-owi-cm-20200917t212905-20200917t213236-00003-______ll_gd_GEO-IRWIN.nc,0.8725302740599108,nan
1499,TEDDY,al202020,2020-09-16 09:12:17,rs2-scwa-owi-cm-20200916t091217-20200916t091548-00003-______ll_gd_GEO-IRWIN.nc,exact_contains,0.25,38.21623703703703,46000.0,43,/scale/user/mtannaou/alternance/donnees_sar_aeqd_09_janvier/al202020/rs2-scwa-owi-cm-20200916t091217-20200916t091548-00003_aeqd.nc,/scale/project/ifremer-isi-jumeaunumerique/SARGEO/prototype/v00r00/cyclobs/al202020/IRWIN/rs2-scwa-owi-cm-20200916t091217-20200916t091548-00003-______ll_gd_GEO-IRWIN.nc,0.4058636073932441,train
1500,TEDDY,al202020,2020-09-22 10:16:02,s1a-ew-owi-cm-20200922t101602-20200922t101906-000003-0402C5_ll_gd_GEO-IRWIN.nc,fuzzy_sat_time,1.0,47.54225185185185,101000.0,46,/scale/user/mtannaou/alternance/donnees_sar_aeqd_09_janvier/al202020/s1a-ew-owi-cm-20200922t101602-20200922t102007-000003-_aeqd.nc,/scale/project/ifremer-isi-jumeaunumerique/SARGEO/prototype/v00r00/cyclobs/al202020/IRWIN/s1a-ew-owi-cm-20200922t101602-20200922t101906-000003-0402C5_ll_gd_GEO-IRWIN.nc,0.0,test
1501,BATSIRAI,sh082022,2022-01-30 01:04:58,s1a-ew-owi-cm-20220130t010458-20220130t010632-000003-04F596_ll_gd_GEO-IRWIN.nc,exact_contains,0.7,52.03249629629629,10000.0,49,/scale/user/mtannaou/alternance/donnees_sar_aeqd_09_janvier/sh082022/s1a-ew-owi-cm-20220130t010458-20220130t010632-000003-_aeqd.nc,/scale/project/ifremer-isi-jumeaunumerique/SARGEO/prototype/v00r00/cyclobs/sh082022/IRWIN/s1a-ew-owi-cm-20220130t010458-20220130t010632-000003-04F596_ll_gd_GEO-IRWIN.nc,0.0,train
1502,BATSIRAI,sh082022,2022-02-01 14:36:21,s1a-ew-owi-cm-20220201t143621-20220201t143926-000003-04F6DD_ll_gd_GEO-IRWIN.nc,exact_contains,3.05,43.91123333333333,47000.0,47,/scale/user/mtannaou/alternance/donnees_sar_aeqd_09_janvier/sh082022/s1a-ew-owi-cm-20220201t143621-20220201t143926-000003-_aeqd.nc,/scale/project/ifremer-isi-jumeaunumerique/SARGEO/prototype/v00r00/cyclobs/sh082022/IRWIN/s1a-ew-owi-cm-20220201t143621-20220201t143926-000003-04F6DD_ll_gd_GEO-IRWIN.nc,0.6609305289993627,nan
1503,BATSIRAI,sh082022,2022-01-31 14:22:21,rs2-scwa-owi-cm-20220131t142221-20220131t142445-00003-______ll_gd_GEO-IRWIN.nc,exact_contains,0.0,35.99391111111111,40000.0,40,/scale/user/mtannaou/alternance/donnees_sar_aeqd_09_janvier/sh082022/rs2-scwa-owi-cm-20220131t142221-20220131t142445-00003_aeqd.nc,/scale/project/ifremer-isi-jumeaunumerique/SARGEO/prototype/v00r00/cyclobs/sh082022/IRWIN/rs2-scwa-owi-cm-20220131t142221-20220131t142445-00003-______ll_gd_GEO-IRWIN.nc,0.2819630337794774,train
1504,BATSIRAI,sh082022,2022-02-04 01:41:21,rs2-scwa-owi-cm-20220204t014121-20220204t014345-00003-______ll_gd_GEO-IRWIN.nc,exact_contains,0.5,,,56,/scale/user/mtannaou/alternance/donnees_sar_aeqd_09_janvier/sh082022/rs2-scwa-owi-cm-20220204t014121-20220204t014345-00003_aeqd.nc,/scale/project/ifremer-isi-jumeaunumerique/SARGEO/prototype/v00r00/cyclobs/sh082022/IRWIN/rs2-scwa-owi-cm-20220204t014121-20220204t014345-00003-______ll_gd_GEO-IRWIN.nc,0.5509241555130656,nan
1505,BATSIRAI,sh082022,2022-01-30 00:46:32,rs2-scwa-owi-cm-20220130t004632-20220130t004856-00003-______ll_gd_GEO-IRWIN.nc,exact_contains,0.95,47.60984444444445,14000.0,49,/scale/user/mtannaou/alternance/donnees_sar_aeqd_09_janvier/sh082022/rs2-scwa-owi-cm-20220130t004632-20220130t004856-00003_aeqd.nc,/scale/project/ifremer-isi-jumeaunumerique/SARGEO/prototype/v00r00/cyclobs/sh082022/IRWIN/rs2-scwa-owi-cm-20220130t004632-20220130t004856-00003-______ll_gd_GEO-IRWIN.nc,0.4321223709369025,train
1506,BATSIRAI,sh082022,2022-02-01 01:28:01,rs2-scwa-owi-cm-20220201t012801-20220201t013025-00003-______ll_gd_GEO-IRWIN.nc,exact_contains,0.0,43.79777407407408,36000.0,42,/scale/user/mtannaou/alternance/donnees_sar_aeqd_09_janvier/sh082022/rs2-scwa-owi-cm-20220201t012801-20220201t013025-00003_aeqd.nc,/scale/project/ifremer-isi-jumeaunumerique/SARGEO/prototype/v00r00/cyclobs/sh082022/IRWIN/rs2-scwa-owi-cm-20220201t012801-20220201t013025-00003-______ll_gd_GEO-IRWIN.nc,0.1697896749521988,test
1507,BATSIRAI,sh082022,2022-02-04 15:00:30,s1a-ew-owi-cm-20220204t150030-20220204t150335-000003-04F859_ll_gd_GEO-IRWIN.nc,exact_contains,0.0,50.67043703703704,32000.0,57,/scale/user/mtannaou/alternance/donnees_sar_aeqd_09_janvier/sh082022/s1a-ew-owi-cm-20220204t150030-20220204t150335-000003-_aeqd.nc,/scale/project/ifremer-isi-jumeaunumerique/SARGEO/prototype/v00r00/cyclobs/sh082022/IRWIN/s1a-ew-owi-cm-20220204t150030-20220204t150335-000003-04F859_ll_gd_GEO-IRWIN.nc,0.0,train
1508,BATSIRAI,sh082022,2022-01-29 13:40:18,rs2-scwa-owi-cm-20220129t134018-20220129t134242-00003-______ll_gd_GEO-IRWIN.nc,exact_contains,0.95,52.55370370370371,14000.0,38,/scale/user/mtannaou/alternance/donnees_sar_aeqd_09_janvier/sh082022/rs2-scwa-owi-cm-20220129t134018-20220129t134242-00003_aeqd.nc,/scale/project/ifremer-isi-jumeaunumerique/SARGEO/prototype/v00r00/cyclobs/sh082022/IRWIN/rs2-scwa-owi-cm-20220129t134018-20220129t134242-00003-______ll_gd_GEO-IRWIN.nc,0.418610579987253,val
1509,BATSIRAI,sh082022,2022-02-05 01:53:24,s1a-ew-owi-cm-20220205t015324-20220205t015629-000003-04F895_ll_gd_GEO-IRWIN.nc,exact_contains,3.0,31.72220347930893,25000.0,51,/scale/user/mtannaou/alternance/donnees_sar_aeqd_09_janvier/sh082022/s1a-ew-owi-cm-20220205t015324-20220205t015629-000003-_aeqd.nc,/scale/project/ifremer-isi-jumeaunumerique/SARGEO/prototype/v00r00/cyclobs/sh082022/IRWIN/s1a-ew-owi-cm-20220205t015324-20220205t015629-000003-04F895_ll_gd_GEO-IRWIN.nc,1.0,nan
1510,OMA,sh152019,2019-02-16 07:20:52,s1a-ew-owi-cm-20190216t072052-20190216t072256-000003-02E3FF_ll_gd_GEO-IRWIN.nc,exact_contains,0.5,39.65674074074074,74000.0,36,/scale/user/mtannaou/alternance/donnees_sar_aeqd_09_janvier/sh152019/s1a-ew-owi-cm-20190216t072052-20190216t072256-000003-_aeqd.nc,/scale/project/ifremer-isi-jumeaunumerique/SARGEO/prototype/v00r00/cyclobs/sh152019/IRWIN/s1a-ew-owi-cm-20190216t072052-20190216t072256-000003-02E3FF_ll_gd_GEO-IRWIN.nc,0.4198852772466539,train
1511,OMA,sh152019,2019-02-18 18:44:46,s1b-ew-owi-cm-20190218t184446-20190218t184711-000003-01C08C_ll_gd_GEO-IRWIN.nc,exact_contains,0.0,34.1551,91000.0,32,/scale/user/mtannaou/alternance/donnees_sar_aeqd_09_janvier/sh152019/s1b-ew-owi-cm-20190218t184446-20190218t184711-000003-_aeqd.nc,/scale/project/ifremer-isi-jumeaunumerique/SARGEO/prototype/v00r00/cyclobs/sh152019/IRWIN/s1b-ew-owi-cm-20190218t184446-20190218t184711-000003-01C08C_ll_gd_GEO-IRWIN.nc,0.0767367750159337,val
1512,OMA,sh152019,2019-02-14 18:28:52,s1a-ew-owi-cm-20190214t182852-20190214t183056-000003-02E348_ll_gd_GEO-IRWIN.nc,exact_contains,0.0,39.41527407407408,51000.0,29,/scale/user/mtannaou/alternance/donnees_sar_aeqd_09_janvier/sh152019/s1a-ew-owi-cm-20190214t182852-20190214t183056-000003-_aeqd.nc,/scale/project/ifremer-isi-jumeaunumerique/SARGEO/prototype/v00r00/cyclobs/sh152019/IRWIN/s1a-ew-owi-cm-20190214t182852-20190214t183056-000003-02E348_ll_gd_GEO-IRWIN.nc,0.1513065646908859,train
1513,LORNA,sh252019,2019-04-27 12:33:24,s1a-ew-owi-cm-20190427t123324-20190427t123528-000003-03095B_ll_gd_GEO-IRWIN.nc,exact_contains,0.0,36.81134074074074,33000.0,33,/scale/user/mtannaou/alternance/donnees_sar_aeqd_09_janvier/sh252019/s1a-ew-owi-cm-20190427t123324-20190427t123528-000003-_aeqd.nc,/scale/project/ifremer-isi-jumeaunumerique/SARGEO/prototype/v00r00/cyclobs/sh252019/IRWIN/s1a-ew-owi-cm-20190427t123324-20190427t123528-000003-03095B_ll_gd_GEO-IRWIN.nc,0.0734225621414914,train
1514,LORNA,sh252019,2019-04-28 12:23:21,s1b-ew-owi-cm-20190428t122321-20190428t122602-000003-01E172_ll_gd_GEO-IRWIN.nc,exact_contains,0.0,50.835925925925935,27000.0,39,/scale/user/mtannaou/alternance/donnees_sar_aeqd_09_janvier/sh252019/s1b-ew-owi-cm-20190428t122321-20190428t122602-000003-_aeqd.nc,/scale/project/ifremer-isi-jumeaunumerique/SARGEO/prototype/v00r00/cyclobs/sh252019/IRWIN/s1b-ew-owi-cm-20190428t122321-20190428t122602-000003-01E172_ll_gd_GEO-IRWIN.nc,0.0,train
1515,LORNA,sh252019,2019-04-25 23:40:54,s1a-ew-owi-cm-20190425t234054-20190425t234228-000003-03087C_ll_gd_GEO-IRWIN.nc,exact_contains,2.2,20.39144444444445,29000.0,33,/scale/user/mtannaou/alternance/donnees_sar_aeqd_09_janvier/sh252019/s1a-ew-owi-cm-20190425t234054-20190425t234228-000003-_aeqd.nc,/scale/project/ifremer-isi-jumeaunumerique/SARGEO/prototype/v00r00/cyclobs/sh252019/IRWIN/s1a-ew-owi-cm-20190425t234054-20190425t234228-000003-03087C_ll_gd_GEO-IRWIN.nc,0.8725302740599108,nan
1516,LORNA,sh252019,2019-04-26 23:32:22,s1b-ew-owi-cm-20190426t233222-20190426t233402-000003-01E0B1_ll_gd_GEO-IRWIN.nc,exact_contains,1.9,28.700955555555552,16000.0,33,/scale/user/mtannaou/alternance/donnees_sar_aeqd_09_janvier/sh252019/s1b-ew-owi-cm-20190426t233222-20190426t233402-000003-_aeqd.nc,/scale/project/ifremer-isi-jumeaunumerique/SARGEO/prototype/v00r00/cyclobs/sh252019/IRWIN/s1b-ew-owi-cm-20190426t233222-20190426t233402-000003-01E0B1_ll_gd_GEO-IRWIN.nc,0.6444869343530911,nan
1517,MITAG,wp232025,2025-09-18 22:10:02,rcm1-sc50ma-owi-cm-20250918t221002-20250918t221024-00003-xxxxx_ll_gd_GEO-IRWIN.nc,exact_contains,2.8,27.740883504032244,21000.0,21,/scale/user/mtannaou/alternance/donnees_sar_aeqd_09_janvier/wp232025no_env/rcm1-sc50ma-owi-cm-20250918t221002-20250918t221024-00003_aeqd.nc,/scale/project/ifremer-isi-jumeaunumerique/SARGEO/prototype/v00r00/cyclobs/wp232025/IRWIN/rcm1-sc50ma-owi-cm-20250918t221002-20250918t221024-00003-xxxxx_ll_gd_GEO-IRWIN.nc,0.6554493307839389,nan
1518,WANDA,al212021,2021-10-31 20:48:19,rcm2-sc50ma-owi-cm-20211031t204819-20211031t204951-00003-______ll_gd_GEO-IRWIN.nc,exact_contains,0.0,26.53564373004479,48000.0,23,/scale/user/mtannaou/alternance/donnees_sar_aeqd_09_janvier/al212021/rcm2-sc50ma-owi-cm-20211031t204819-20211031t204951-00003_aeqd.nc,/scale/project/ifremer-isi-jumeaunumerique/SARGEO/prototype/v00r00/cyclobs/al212021/IRWIN/rcm2-sc50ma-owi-cm-20211031t204819-20211031t204951-00003-______ll_gd_GEO-IRWIN.nc,0.0,train
1519,WANDA,al212021,2021-10-27 22:25:16,rcm1-sc50mc-owi-cm-20211027t222516-20211027t222640-00003-______ll_gd_GEO-IRWIN.nc,exact_contains,0.6,21.72563125645172,278000.0,26,/scale/user/mtannaou/alternance/donnees_sar_aeqd_09_janvier/al212021/rcm1-sc50mc-owi-cm-20211027t222516-20211027t222640-00003_aeqd.nc,/scale/project/ifremer-isi-jumeaunumerique/SARGEO/prototype/v00r00/cyclobs/al212021/IRWIN/rcm1-sc50mc-owi-cm-20211027t222516-20211027t222640-00003-______ll_gd_GEO-IRWIN.nc,0.0,nan
1520,WANDA,al212021,2021-10-27 22:25:38,s1a-iw-owi-cm-20211027t222538-20211027t222653-000003-04C6E8_ll_gd_GEO-IRWIN.nc,exact_contains,0.3,26.97796296296296,190000.0,26,/scale/user/mtannaou/alternance/donnees_sar_aeqd_09_janvier/al212021/s1a-iw-owi-cm-20211027t222538-20211027t222653-000003-_aeqd.nc,/scale/project/ifremer-isi-jumeaunumerique/SARGEO/prototype/v00r00/cyclobs/al212021/IRWIN/s1a-iw-owi-cm-20211027t222538-20211027t222653-000003-04C6E8_ll_gd_GEO-IRWIN.nc,0.1024856596558317,nan
1521,GRACE,al072021,2021-08-21 00:21:15,rs2-scwa-owi-cm-20210821t002115-20210821t002339-00003-______ll_gd_GEO-IRWIN.nc,exact_contains,0.0,49.966855555555554,30000.0,54,/scale/user/mtannaou/alternance/donnees_sar_aeqd_09_janvier/al072021/rs2-scwa-owi-cm-20210821t002115-20210821t002339-00003_aeqd.nc,/scale/project/ifremer-isi-jumeaunumerique/SARGEO/prototype/v00r00/cyclobs/al072021/IRWIN/rs2-scwa-owi-cm-20210821t002115-20210821t002339-00003-______ll_gd_GEO-IRWIN.nc,0.0554493307839388,train
1522,BUD,ep022024,2024-07-26 13:44:02,rcm2-sc50mc-owi-cm-20240726t134402-20240726t134520-00003-______ll_gd_GEO-IRWIN.nc,exact_contains,1.6,18.137848502962875,58000.0,17,/scale/user/mtannaou/alternance/donnees_sar_aeqd_09_janvier/ep022024/rcm2-sc50mc-owi-cm-20240726t134402-20240726t134520-00003_aeqd.nc,/scale/project/ifremer-isi-jumeaunumerique/SARGEO/prototype/v00r00/cyclobs/ep022024/IRWIN/rcm2-sc50mc-owi-cm-20240726t134402-20240726t134520-00003-______ll_gd_GEO-IRWIN.nc,0.2016571064372211,train
1523,BUD,ep022024,2024-07-25 13:36:15,rcm2-sc50ma-owi-cm-20240725t133615-20240725t133730-00003-______ll_gd_GEO-IRWIN.nc,exact_contains,0.0,30.598360713179463,11000.0,26,/scale/user/mtannaou/alternance/donnees_sar_aeqd_09_janvier/ep022024/rcm2-sc50ma-owi-cm-20240725t133615-20240725t133730-00003_aeqd.nc,/scale/project/ifremer-isi-jumeaunumerique/SARGEO/prototype/v00r00/cyclobs/ep022024/IRWIN/rcm2-sc50ma-owi-cm-20240725t133615-20240725t133730-00003-______ll_gd_GEO-IRWIN.nc,0.0147864882090503,train
1524,BRET,al032023,2023-06-23 10:07:39,rcm2-sc50ma-owi-cm-20230623t100739-20230623t100855-00003-______ll_gd_GEO-IRWIN.nc,exact_contains,2.3,27.9975872902046,31000.0,26,/scale/user/mtannaou/alternance/donnees_sar_aeqd_09_janvier/al032023/rcm2-sc50ma-owi-cm-20230623t100739-20230623t100855-00003_aeqd.nc,/scale/project/ifremer-isi-jumeaunumerique/SARGEO/prototype/v00r00/cyclobs/al032023/IRWIN/rcm2-sc50ma-owi-cm-20230623t100739-20230623t100855-00003-______ll_gd_GEO-IRWIN.nc,0.0,train
1525,BRET,al032023,2023-06-22 22:10:51,rcm2-sclnc-owi-cm-20230622t221051-20230622t221140-00003-______ll_gd_GEO-IRWIN.nc,exact_contains,1.9,21.90545194435725,76000.0,28,/scale/user/mtannaou/alternance/donnees_sar_aeqd_09_janvier/al032023/rcm2-sclnc-owi-cm-20230622t221051-20230622t221140-00003_aeqd.nc,/scale/project/ifremer-isi-jumeaunumerique/SARGEO/prototype/v00r00/cyclobs/al032023/IRWIN/rcm2-sclnc-owi-cm-20230622t221051-20230622t221140-00003-______ll_gd_GEO-IRWIN.nc,0.0260038240917782,train
1526,BRET,al032023,2023-06-22 09:28:00,rcm3-sclnd-owi-cm-20230622t092800-20230622t092916-00003-______ll_gd_GEO-IRWIN.nc,exact_contains,2.0,38.62638508631206,36000.0,31,/scale/user/mtannaou/alternance/donnees_sar_aeqd_09_janvier/al032023/rcm3-sclnd-owi-cm-20230622t092800-20230622t092916-00003_aeqd.nc,/scale/project/ifremer-isi-jumeaunumerique/SARGEO/prototype/v00r00/cyclobs/al032023/IRWIN/rcm3-sclnd-owi-cm-20230622t092800-20230622t092916-00003-______ll_gd_GEO-IRWIN.nc,0.0493307839388145,train
1527,BRET,al032023,2023-06-21 09:19:57,rcm3-sclna-owi-cm-20230621t091957-20230621t092112-00003-______ll_gd_GEO-IRWIN.nc,exact_contains,1.0,29.24637033485397,24000.0,26,/scale/user/mtannaou/alternance/donnees_sar_aeqd_09_janvier/al032023/rcm3-sclna-owi-cm-20230621t091957-20230621t092112-00003_aeqd.nc,/scale/project/ifremer-isi-jumeaunumerique/SARGEO/prototype/v00r00/cyclobs/al032023/IRWIN/rcm3-sclna-owi-cm-20230621t091957-20230621t092112-00003-______ll_gd_GEO-IRWIN.nc,0.0,train
1528,HUMBERTO,al092019,2019-09-14 23:10:11,s1a-iw-owi-cm-20190914t231126-20190914t231306-000003-034AF8_ll_gd_GEO-IRWIN.nc,fuzzy_sat_time,1.9,22.11886666666667,125000.0,23,/scale/user/mtannaou/alternance/donnees_sar_aeqd_09_janvier/al092019/s1a-iw-owi-cm-20190914t231011-20190914t231306-000003-_aeqd.nc,/scale/project/ifremer-isi-jumeaunumerique/SARGEO/prototype/v00r00/cyclobs/al092019/IRWIN/s1a-iw-owi-cm-20190914t231126-20190914t231306-000003-034AF8_ll_gd_GEO-IRWIN.nc,0.0553218610579987,train
1529,CHENESO,sh082023,2023-01-25 15:35:32,rcm1-sclnb-owi-cm-20230125t153532-20230125t153649-00003-______ll_gd_GEO-IRWIN.nc,exact_contains,0.0,31.08823701735719,54000.0,36,/scale/user/mtannaou/alternance/donnees_sar_aeqd_09_janvier/sh082023/rcm1-sclnb-owi-cm-20230125t153532-20230125t153649-00003_aeqd.nc,/scale/project/ifremer-isi-jumeaunumerique/SARGEO/prototype/v00r00/cyclobs/sh082023/IRWIN/rcm1-sclnb-owi-cm-20230125t153532-20230125t153649-00003-______ll_gd_GEO-IRWIN.nc,0.0,train
1530,CHENESO,sh082023,2023-01-27 15:50:43,rcm1-sclnc-owi-cm-20230127t155043-20230127t155158-00003-______ll_gd_GEO-IRWIN.nc,exact_contains,0.0,28.11273259333653,50000.0,29,/scale/user/mtannaou/alternance/donnees_sar_aeqd_09_janvier/sh082023/rcm1-sclnc-owi-cm-20230127t155043-20230127t155158-00003_aeqd.nc,/scale/project/ifremer-isi-jumeaunumerique/SARGEO/prototype/v00r00/cyclobs/sh082023/IRWIN/rcm1-sclnc-owi-cm-20230127t155043-20230127t155158-00003-______ll_gd_GEO-IRWIN.nc,0.0076481835564053,val
1531,CHENESO,sh082023,2023-01-26 15:43:14,rcm1-sclnc-owi-cm-20230126t154314-20230126t154431-00003-______ll_gd_GEO-IRWIN.nc,exact_contains,0.0,27.841470989380813,62000.0,29,/scale/user/mtannaou/alternance/donnees_sar_aeqd_09_janvier/sh082023/rcm1-sclnc-owi-cm-20230126t154314-20230126t154431-00003_aeqd.nc,/scale/project/ifremer-isi-jumeaunumerique/SARGEO/prototype/v00r00/cyclobs/sh082023/IRWIN/rcm1-sclnc-owi-cm-20230126t154314-20230126t154431-00003-______ll_gd_GEO-IRWIN.nc,0.0,test
1532,CHENESO,sh082023,2023-01-25 02:43:34,s1a-ew-owi-cm-20230125t024334-20230125t024630-000003-05A0FA_ll_gd_GEO-IRWIN.nc,exact_contains,0.0,34.925759259257696,47000.0,36,/scale/user/mtannaou/alternance/donnees_sar_aeqd_09_janvier/sh082023/s1a-ew-owi-cm-20230125t024334-20230125t024630-000003-_aeqd.nc,/scale/project/ifremer-isi-jumeaunumerique/SARGEO/prototype/v00r00/cyclobs/sh082023/IRWIN/s1a-ew-owi-cm-20230125t024334-20230125t024630-000003-05A0FA_ll_gd_GEO-IRWIN.nc,0.0189929891650732,train
1533,CHENESO,sh082023,2023-01-28 15:57:50,rcm1-sclnd-owi-cm-20230128t155750-20230128t155907-00003-______ll_gd_GEO-IRWIN.nc,exact_contains,0.0,44.51996296296176,60000.0,37,/scale/user/mtannaou/alternance/donnees_sar_aeqd_09_janvier/sh082023/rcm1-sclnd-owi-cm-20230128t155750-20230128t155907-00003_aeqd.nc,/scale/project/ifremer-isi-jumeaunumerique/SARGEO/prototype/v00r00/cyclobs/sh082023/IRWIN/rcm1-sclnd-owi-cm-20230128t155750-20230128t155907-00003-______ll_gd_GEO-IRWIN.nc,0.125685149776928,train
1534,IONA,cp012025,2025-07-29 15:55:16,rcm3-sclnd-owi-cm-20250729t155516-20250729t155617-00003-xxxxx_ll_gd_GEO-IRWIN.nc,exact_contains,2.25,50.15101481481481,35000.0,57,/scale/user/mtannaou/alternance/donnees_sar_aeqd_09_janvier/cp012025no_env/rcm3-sclnd-owi-cm-20250729t155516-20250729t155617-00003_aeqd.nc,/scale/project/ifremer-isi-jumeaunumerique/SARGEO/prototype/v00r00/cyclobs/cp012025/IRWIN/rcm3-sclnd-owi-cm-20250729t155516-20250729t155617-00003-xxxxx_ll_gd_GEO-IRWIN.nc,0.5131931166347993,nan
1535,IONA,cp012025,2025-07-30 04:36:31,rcm2-sclna-owi-cm-20250730t043631-20250730t043744-00003-xxxxx_ll_gd_GEO-IRWIN.nc,exact_contains,0.0,42.32303703703694,10000.0,48,/scale/user/mtannaou/alternance/donnees_sar_aeqd_09_janvier/cp012025no_env/rcm2-sclna-owi-cm-20250730t043631-20250730t043744-00003_aeqd.nc,/scale/project/ifremer-isi-jumeaunumerique/SARGEO/prototype/v00r00/cyclobs/cp012025/IRWIN/rcm2-sclna-owi-cm-20250730t043631-20250730t043744-00003-xxxxx_ll_gd_GEO-IRWIN.nc,0.0,train
1536,IONA,cp012025,2025-07-30 16:34:55,rcm2-sclna-owi-cm-20250730t163455-20250730t163605-00003-xxxxx_ll_gd_GEO-IRWIN.nc,exact_contains,0.0,22.73422088034652,27000.0,32,/scale/user/mtannaou/alternance/donnees_sar_aeqd_09_janvier/cp012025no_env/rcm2-sclna-owi-cm-20250730t163455-20250730t163605-00003_aeqd.nc,/scale/project/ifremer-isi-jumeaunumerique/SARGEO/prototype/v00r00/cyclobs/cp012025/IRWIN/rcm2-sclna-owi-cm-20250730t163455-20250730t163605-00003-xxxxx_ll_gd_GEO-IRWIN.nc,0.0480560866794136,train
1537,IONA,cp012025,2025-07-29 04:28:22,rcm2-sclnd-owi-cm-20250729t042822-20250729t042932-00003-xxxxx_ll_gd_GEO-IRWIN.nc,exact_contains,0.0,62.06979841269841,10000.0,46,/scale/user/mtannaou/alternance/donnees_sar_aeqd_09_janvier/cp012025no_env/rcm2-sclnd-owi-cm-20250729t042822-20250729t042932-00003_aeqd.nc,/scale/project/ifremer-isi-jumeaunumerique/SARGEO/prototype/v00r00/cyclobs/cp012025/IRWIN/rcm2-sclnd-owi-cm-20250729t042822-20250729t042932-00003-xxxxx_ll_gd_GEO-IRWIN.nc,0.0,test
1538,RINA,al182023,2023-09-30 08:54:03,rcm2-sclnd-owi-cm-20230930t085403-20230930t085521-00003-______ll_gd_GEO-IRWIN.nc,exact_contains,2.2,23.664930067797545,39000.0,22,/scale/user/mtannaou/alternance/donnees_sar_aeqd_09_janvier/al182023/rcm2-sclnd-owi-cm-20230930t085403-20230930t085521-00003_aeqd.nc,/scale/project/ifremer-isi-jumeaunumerique/SARGEO/prototype/v00r00/cyclobs/al182023/IRWIN/rcm2-sclnd-owi-cm-20230930t085403-20230930t085521-00003-______ll_gd_GEO-IRWIN.nc,1.0,nan
1539,RINA,al182023,2023-09-30 21:40:11,rcm1-sclnd-owi-cm-20230930t214011-20230930t214127-00003-______ll_gd_GEO-IRWIN.nc,exact_contains,4.25,20.252422254051588,46000.0,19,/scale/user/mtannaou/alternance/donnees_sar_aeqd_09_janvier/al182023/rcm1-sclnd-owi-cm-20230930t214011-20230930t214127-00003_aeqd.nc,/scale/project/ifremer-isi-jumeaunumerique/SARGEO/prototype/v00r00/cyclobs/al182023/IRWIN/rcm1-sclnd-owi-cm-20230930t214011-20230930t214127-00003-______ll_gd_GEO-IRWIN.nc,0.7719566602931803,nan
1540,REBEKAH,al192019,2019-11-01 08:03:44,s1b-iw-owi-cm-20191101t080344-20191101t080524-000003-0234E0_ll_gd_GEO-IRWIN.nc,exact_contains,2.4,13.751755555555556,99000.0,18,/scale/user/mtannaou/alternance/donnees_sar_aeqd_09_janvier/al192019/s1b-iw-owi-cm-20191101t080344-20191101t080524-000003-_aeqd.nc,/scale/project/ifremer-isi-jumeaunumerique/SARGEO/prototype/v00r00/cyclobs/al192019/IRWIN/s1b-iw-owi-cm-20191101t080344-20191101t080524-000003-0234E0_ll_gd_GEO-IRWIN.nc,0.0936902485659655,train
1541,REMAL,io012024,2024-05-25 12:17:02,rcm3-sclnd-owi-cm-20240525t121702-20240525t121819-00003-______ll_gd_GEO-IRWIN.nc,exact_contains,1.1,17.41559454191509,271000.0,18,/scale/user/mtannaou/alternance/donnees_sar_aeqd_09_janvier/io012024/rcm3-sclnd-owi-cm-20240525t121702-20240525t121819-00003_aeqd.nc,/scale/project/ifremer-isi-jumeaunumerique/SARGEO/prototype/v00r00/cyclobs/io012024/IRWIN/rcm3-sclnd-owi-cm-20240525t121702-20240525t121819-00003-______ll_gd_GEO-IRWIN.nc,0.0,nan
1542,RAI,wp282021,2021-12-16 21:32:36,rcm1-sc50mb-owi-cm-20211216t213236-20211216t214156-00003-______ll_gd_GEO-IRWIN.nc,exact_contains,3.2,43.7760962962928,23000.0,54,/scale/user/mtannaou/alternance/donnees_sar_aeqd_09_janvier/wp282021/rcm1-sc50mb-owi-cm-20211216t213236-20211216t214156-00003_aeqd.nc,/scale/project/ifremer-isi-jumeaunumerique/SARGEO/prototype/v00r00/cyclobs/wp282021/IRWIN/rcm1-sc50mb-owi-cm-20211216t213236-20211216t214156-00003-______ll_gd_GEO-IRWIN.nc,0.0595283620140216,train
1543,RAI,wp282021,2021-12-16 09:38:51,s1b-ew-owi-cm-20211216t093851-20211216t094205-000003-03967A_ll_gd_GEO-IRWIN.nc,exact_contains,4.6,29.02191064273016,12000.0,64,/scale/user/mtannaou/alternance/donnees_sar_aeqd_09_janvier/wp282021/s1b-ew-owi-cm-20211216t093851-20211216t094205-000003-_aeqd.nc,/scale/project/ifremer-isi-jumeaunumerique/SARGEO/prototype/v00r00/cyclobs/wp282021/IRWIN/s1b-ew-owi-cm-20211216t093851-20211216t094205-000003-03967A_ll_gd_GEO-IRWIN.nc,0.9906947100063734,nan
1544,HALONG,wp242019,2019-11-07 19:39:42,s1a-ew-owi-cm-20191107t193942-20191107t194146-000003-036628_ll_gd_GEO-IRWIN.nc,fuzzy_sat_time,0.0,47.68736666666667,16000.0,41,/scale/user/mtannaou/alternance/donnees_sar_aeqd_09_janvier/wp242019/s1a-ew-owi-cm-20191107t193942-20191107t194207-000003-_aeqd.nc,/scale/project/ifremer-isi-jumeaunumerique/SARGEO/prototype/v00r00/cyclobs/wp242019/IRWIN/s1a-ew-owi-cm-20191107t193942-20191107t194146-000003-036628_ll_gd_GEO-IRWIN.nc,0.1153601019757807,train
1545,HALONG,wp242019,2019-11-05 19:57:30,s1a-ew-owi-cm-20191105t195730-20191105t195916-000003-03651B_ll_gd_GEO-IRWIN.nc,exact_contains,0.0,58.53386851851853,13000.0,79,/scale/user/mtannaou/alternance/donnees_sar_aeqd_09_janvier/wp242019/s1a-ew-owi-cm-20191105t195730-20191105t195916-000003-_aeqd.nc,/scale/project/ifremer-isi-jumeaunumerique/SARGEO/prototype/v00r00/cyclobs/wp242019/IRWIN/s1a-ew-owi-cm-20191105t195730-20191105t195916-000003-03651B_ll_gd_GEO-IRWIN.nc,0.0124920331421287,train
1546,HALONG,wp242019,2019-11-06 19:48:03,s1b-ew-owi-cm-20191106t194803-20191106t195007-000003-02377F_ll_gd_GEO-IRWIN.nc,exact_contains,0.0,53.39796666666667,19000.0,59,/scale/user/mtannaou/alternance/donnees_sar_aeqd_09_janvier/wp242019/s1b-ew-owi-cm-20191106t194803-20191106t195007-000003-_aeqd.nc,/scale/project/ifremer-isi-jumeaunumerique/SARGEO/prototype/v00r00/cyclobs/wp242019/IRWIN/s1b-ew-owi-cm-20191106t194803-20191106t195007-000003-02377F_ll_gd_GEO-IRWIN.nc,0.0,train
1547,HALONG,wp242019,2019-11-05 07:09:22,rs2-scwa-owi-cm-20191105t070922-20191105t071253-00003-______ll_gd_GEO-IRWIN.nc,exact_contains,3.2,30.43153393811541,32000.0,68,/scale/user/mtannaou/alternance/donnees_sar_aeqd_09_janvier/wp242019/rs2-scwa-owi-cm-20191105t070922-20191105t071253-00003_aeqd.nc,/scale/project/ifremer-isi-jumeaunumerique/SARGEO/prototype/v00r00/cyclobs/wp242019/IRWIN/rs2-scwa-owi-cm-20191105t070922-20191105t071253-00003-______ll_gd_GEO-IRWIN.nc,0.9063097514340344,nan
1548,ROBYN,sh032025,2024-11-27 23:32:08,rcm3-sclna-owi-cm-20241127t233208-20241127t233324-00003-xxxxx_ll_gd_GEO-IRWIN.nc,exact_contains,0.0,23.148050044877674,80000.0,20,/scale/user/mtannaou/alternance/donnees_sar_aeqd_09_janvier/sh032025/rcm3-sclna-owi-cm-20241127t233208-20241127t233324-00003_aeqd.nc,/scale/project/ifremer-isi-jumeaunumerique/SARGEO/prototype/v00r00/cyclobs/sh032025/IRWIN/rcm3-sclna-owi-cm-20241127t233208-20241127t233324-00003-xxxxx_ll_gd_GEO-IRWIN.nc,0.2933078393881453,train
1549,ROBYN,sh032025,2024-11-27 12:24:18,rcm1-sclnd-owi-cm-20241127t122418-20241127t122535-00003-xxxxx_ll_gd_GEO-IRWIN.nc,exact_contains,0.0,22.86723547211417,103000.0,18,/scale/user/mtannaou/alternance/donnees_sar_aeqd_09_janvier/sh032025/rcm1-sclnd-owi-cm-20241127t122418-20241127t122535-00003_aeqd.nc,/scale/project/ifremer-isi-jumeaunumerique/SARGEO/prototype/v00r00/cyclobs/sh032025/IRWIN/rcm1-sclnd-owi-cm-20241127t122418-20241127t122535-00003-xxxxx_ll_gd_GEO-IRWIN.nc,0.0,train
1550,ROBYN,sh032025,2024-11-28 12:31:36,rcm1-sclnd-owi-cm-20241128t123136-20241128t123253-00003-xxxxx_ll_gd_GEO-IRWIN.nc,exact_contains,2.0,33.40320734207871,57000.0,26,/scale/user/mtannaou/alternance/donnees_sar_aeqd_09_janvier/sh032025/rcm1-sclnd-owi-cm-20241128t123136-20241128t123253-00003_aeqd.nc,/scale/project/ifremer-isi-jumeaunumerique/SARGEO/prototype/v00r00/cyclobs/sh032025/IRWIN/rcm1-sclnd-owi-cm-20241128t123136-20241128t123253-00003-xxxxx_ll_gd_GEO-IRWIN.nc,0.1165073295092415,train
1551,ROBYN,sh032025,2024-11-29 23:16:43,rcm1-sclnd-owi-cm-20241129t231643-20241129t231758-00003-xxxxx_ll_gd_GEO-IRWIN.nc,exact_contains,3.05,17.557356091160756,1000.0,18,/scale/user/mtannaou/alternance/donnees_sar_aeqd_09_janvier/sh032025/rcm1-sclnd-owi-cm-20241129t231643-20241129t231758-00003_aeqd.nc,/scale/project/ifremer-isi-jumeaunumerique/SARGEO/prototype/v00r00/cyclobs/sh032025/IRWIN/rcm1-sclnd-owi-cm-20241129t231643-20241129t231758-00003-xxxxx_ll_gd_GEO-IRWIN.nc,0.8873167622689612,nan
1552,FERNANDA,ep072023,2023-08-15 02:05:01,rcm2-sc50ma-owi-cm-20230815t020501-20230815t020616-00003-______ll_gd_GEO-IRWIN.nc,exact_contains,0.0,47.47767777777778,18000.0,55,/scale/user/mtannaou/alternance/donnees_sar_aeqd_09_janvier/ep072023/rcm2-sc50ma-owi-cm-20230815t020501-20230815t020616-00003_aeqd.nc,/scale/project/ifremer-isi-jumeaunumerique/SARGEO/prototype/v00r00/cyclobs/ep072023/IRWIN/rcm2-sc50ma-owi-cm-20230815t020501-20230815t020616-00003-______ll_gd_GEO-IRWIN.nc,0.0,val
1553,FERNANDA,ep072023,2023-08-17 02:53:19,rcm1-sclnd-owi-cm-20230817t025319-20230817t025435-00003-______ll_gd_GEO-IRWIN.nc,exact_contains,1.0,21.554525185982097,59000.0,19,/scale/user/mtannaou/alternance/donnees_sar_aeqd_09_janvier/ep072023/rcm1-sclnd-owi-cm-20230817t025319-20230817t025435-00003_aeqd.nc,/scale/project/ifremer-isi-jumeaunumerique/SARGEO/prototype/v00r00/cyclobs/ep072023/IRWIN/rcm1-sclnd-owi-cm-20230817t025319-20230817t025435-00003-______ll_gd_GEO-IRWIN.nc,0.0141491395793499,test
1554,FERNANDA,ep072023,2023-08-15 14:00:18,rcm2-sc50mb-owi-cm-20230815t140018-20230815t140119-00003-______ll_gd_GEO-IRWIN.nc,exact_contains,0.0,43.1153259259258,22000.0,48,/scale/user/mtannaou/alternance/donnees_sar_aeqd_09_janvier/ep072023/rcm2-sc50mb-owi-cm-20230815t140018-20230815t140119-00003_aeqd.nc,/scale/project/ifremer-isi-jumeaunumerique/SARGEO/prototype/v00r00/cyclobs/ep072023/IRWIN/rcm2-sc50mb-owi-cm-20230815t140018-20230815t140119-00003-______ll_gd_GEO-IRWIN.nc,0.0,test
1555,FERNANDA,ep072023,2023-08-14 13:52:30,rcm2-sc50ma-owi-cm-20230814t135230-20230814t135347-00003-______ll_gd_GEO-IRWIN.nc,exact_contains,1.4,55.91446666666667,10000.0,59,/scale/user/mtannaou/alternance/donnees_sar_aeqd_09_janvier/ep072023/rcm2-sc50ma-owi-cm-20230814t135230-20230814t135347-00003_aeqd.nc,/scale/project/ifremer-isi-jumeaunumerique/SARGEO/prototype/v00r00/cyclobs/ep072023/IRWIN/rcm2-sc50ma-owi-cm-20230814t135230-20230814t135347-00003-______ll_gd_GEO-IRWIN.nc,0.2096876991714467,val
1556,JOSE,al112023,2023-08-31 21:27:49,rcm3-sc50ma-owi-cm-20230831t212749-20230831t212907-00003-______ll_gd_GEO-IRWIN.nc,exact_contains,3.8,14.618878382989465,250000.0,21,/scale/user/mtannaou/alternance/donnees_sar_aeqd_09_janvier/al112023/rcm3-sc50ma-owi-cm-20230831t212749-20230831t212907-00003_aeqd.nc,/scale/project/ifremer-isi-jumeaunumerique/SARGEO/prototype/v00r00/cyclobs/al112023/IRWIN/rcm3-sc50ma-owi-cm-20230831t212749-20230831t212907-00003-______ll_gd_GEO-IRWIN.nc,0.0,nan
1557,JOSE,al112023,2023-09-01 21:05:43,rcm1-sc50ma-owi-cm-20230901t210543-20230901t210556-00003-______ll_gd_GEO-IRWIN.nc,exact_contains,3.5,21.54715657779492,93000.0,22,/scale/user/mtannaou/alternance/donnees_sar_aeqd_09_janvier/al112023/rcm1-sc50ma-owi-cm-20230901t210543-20230901t210556-00003_aeqd.nc,/scale/project/ifremer-isi-jumeaunumerique/SARGEO/prototype/v00r00/cyclobs/al112023/IRWIN/rcm1-sc50ma-owi-cm-20230901t210543-20230901t210556-00003-______ll_gd_GEO-IRWIN.nc,0.6005098789037604,nan
1558,CARLOTTA,ep032024,2024-08-01 01:32:37,rcm1-sc50mc-owi-cm-20240801t013237-20240801t013354-00003-______ll_gd_GEO-IRWIN.nc,exact_contains,3.7,17.921377909156252,39000.0,24,/scale/user/mtannaou/alternance/donnees_sar_aeqd_09_janvier/ep032024/rcm1-sc50mc-owi-cm-20240801t013237-20240801t013354-00003_aeqd.nc,/scale/project/ifremer-isi-jumeaunumerique/SARGEO/prototype/v00r00/cyclobs/ep032024/IRWIN/rcm1-sc50mc-owi-cm-20240801t013237-20240801t013354-00003-______ll_gd_GEO-IRWIN.nc,0.602804333970682,nan
1559,CARLOTTA,ep032024,2024-08-03 01:49:18,rcm1-sc50ma-owi-cm-20240803t014918-20240803t015035-00003-______ll_gd_GEO-IRWIN.nc,exact_contains,0.0,40.05142962962228,13000.0,39,/scale/user/mtannaou/alternance/donnees_sar_aeqd_09_janvier/ep032024/rcm1-sc50ma-owi-cm-20240803t014918-20240803t015035-00003_aeqd.nc,/scale/project/ifremer-isi-jumeaunumerique/SARGEO/prototype/v00r00/cyclobs/ep032024/IRWIN/rcm1-sc50ma-owi-cm-20240803t014918-20240803t015035-00003-______ll_gd_GEO-IRWIN.nc,0.1523263224984066,train
1560,CARLOTTA,ep032024,2024-08-05 02:38:23,rcm3-sc50mc-owi-cm-20240805t023823-20240805t023942-00003-______ll_gd_GEO-IRWIN.nc,exact_contains,0.75,20.85079148257667,39000.0,22,/scale/user/mtannaou/alternance/donnees_sar_aeqd_09_janvier/ep032024/rcm3-sc50mc-owi-cm-20240805t023823-20240805t023942-00003_aeqd.nc,/scale/project/ifremer-isi-jumeaunumerique/SARGEO/prototype/v00r00/cyclobs/ep032024/IRWIN/rcm3-sc50mc-owi-cm-20240805t023823-20240805t023942-00003-______ll_gd_GEO-IRWIN.nc,0.3425111536010197,train
1561,CARLOTTA,ep032024,2024-08-02 01:40:48,rcm1-sc50mc-owi-cm-20240802t014048-20240802t014205-00003-______ll_gd_GEO-IRWIN.nc,exact_contains,0.0,41.63454074074436,20000.0,29,/scale/user/mtannaou/alternance/donnees_sar_aeqd_09_janvier/ep032024/rcm1-sc50mc-owi-cm-20240802t014048-20240802t014205-00003_aeqd.nc,/scale/project/ifremer-isi-jumeaunumerique/SARGEO/prototype/v00r00/cyclobs/ep032024/IRWIN/rcm1-sc50mc-owi-cm-20240802t014048-20240802t014205-00003-______ll_gd_GEO-IRWIN.nc,0.0,test
1562,CARLOTTA,ep032024,2024-08-02 13:34:12,rcm1-sc50ma-owi-cm-20240802t133412-20240802t133912-00003-______ll_gd_GEO-IRWIN.nc,exact_contains,1.4,33.40908142128186,19000.0,37,/scale/user/mtannaou/alternance/donnees_sar_aeqd_09_janvier/ep032024/rcm1-sc50ma-owi-cm-20240802t133412-20240802t133912-00003_aeqd.nc,/scale/project/ifremer-isi-jumeaunumerique/SARGEO/prototype/v00r00/cyclobs/ep032024/IRWIN/rcm1-sc50ma-owi-cm-20240802t133412-20240802t133912-00003-______ll_gd_GEO-IRWIN.nc,0.0042065009560229,test
1563,CARLOTTA,ep032024,2024-08-03 13:43:50,rcm1-sc50mc-owi-cm-20240803t134350-20240803t134508-00003-______ll_gd_GEO-IRWIN.nc,exact_contains,0.0,39.03422222541531,23000.0,40,/scale/user/mtannaou/alternance/donnees_sar_aeqd_09_janvier/ep032024/rcm1-sc50mc-owi-cm-20240803t134350-20240803t134508-00003_aeqd.nc,/scale/project/ifremer-isi-jumeaunumerique/SARGEO/prototype/v00r00/cyclobs/ep032024/IRWIN/rcm1-sc50mc-owi-cm-20240803t134350-20240803t134508-00003-______ll_gd_GEO-IRWIN.nc,0.3384321223709369,val
1564,FIONA,al072022,2022-09-20 10:44:20,rs2-scwa-owi-cm-20220920t104420-20220920t104536-00003-______ll_gd_GEO-IRWIN.nc,exact_contains,0.9,48.916296296296295,18000.0,51,/scale/user/mtannaou/alternance/donnees_sar_aeqd_09_janvier/al072022/rs2-scwa-owi-cm-20220920t104420-20220920t104536-00003_aeqd.nc,/scale/project/ifremer-isi-jumeaunumerique/SARGEO/prototype/v00r00/cyclobs/al072022/IRWIN/rs2-scwa-owi-cm-20220920t104420-20220920t104536-00003-______ll_gd_GEO-IRWIN.nc,0.2619502868068833,val
1565,FIONA,al072022,2022-09-23 21:45:47,rcm1-sc50ma-owi-cm-20220923t214557-20220923t214656-00003-______ll_gd_GEO-IRWIN.nc,fuzzy_sat_time,3.3,54.21435555555557,59000.0,53,,/scale/project/ifremer-isi-jumeaunumerique/SARGEO/prototype/v00r00/cyclobs/al072022/IRWIN/rcm1-sc50ma-owi-cm-20220923t214557-20220923t214656-00003-______ll_gd_GEO-IRWIN.nc,,nan
1566,FIONA,al072022,2022-09-24 10:14:10,s1a-iw-owi-cm-20220924t101500-20220924t101604-000003-05653E_ll_gd_GEO-IRWIN.nc,fuzzy_sat_time,4.2,,,40,/scale/user/mtannaou/alternance/donnees_sar_aeqd_09_janvier/al072022/s1a-iw-owi-cm-20220924t101410-20220924t101604-000003-_aeqd.nc,/scale/project/ifremer-isi-jumeaunumerique/SARGEO/prototype/v00r00/cyclobs/al072022/IRWIN/s1a-iw-owi-cm-20220924t101500-20220924t101604-000003-05653E_ll_gd_GEO-IRWIN.nc,0.5493945188017846,nan
1567,FIONA,al072022,2022-09-22 22:38:53,rcm2-sc50mb-owi-cm-20220922t223853-20220922t224117-00003-______ll_gd_GEO-IRWIN.nc,exact_contains,1.3,55.60088148148149,31000.0,59,/scale/user/mtannaou/alternance/donnees_sar_aeqd_09_janvier/al072022/rcm2-sc50mb-owi-cm-20220922t223853-20220922t224117-00003_aeqd.nc,/scale/project/ifremer-isi-jumeaunumerique/SARGEO/prototype/v00r00/cyclobs/al072022/IRWIN/rcm2-sc50mb-owi-cm-20220922t223853-20220922t224117-00003-______ll_gd_GEO-IRWIN.nc,0.0,train
1568,FIONA,al072022,2022-09-23 21:45:47,rcm1-sc50ma-owi-cm-20220923t214715-20220923t214814-00003-______ll_gd_GEO-IRWIN.nc,fuzzy_sat_time,3.3,54.21435555555557,59000.0,53,,/scale/project/ifremer-isi-jumeaunumerique/SARGEO/prototype/v00r00/cyclobs/al072022/IRWIN/rcm1-sc50ma-owi-cm-20220923t214715-20220923t214814-00003-______ll_gd_GEO-IRWIN.nc,,nan
1569,FIONA,al072022,2022-09-23 22:07:19,rs2-scwa-owi-cm-20220923t220719-20220923t220943-00003-______ll_gd_GEO-IRWIN.nc,exact_contains,3.65,43.37759259259259,87000.0,53,/scale/user/mtannaou/alternance/donnees_sar_aeqd_09_janvier/al072022/rs2-scwa-owi-cm-20220923t220719-20220923t220943-00003_aeqd.nc,/scale/project/ifremer-isi-jumeaunumerique/SARGEO/prototype/v00r00/cyclobs/al072022/IRWIN/rs2-scwa-owi-cm-20220923t220719-20220923t220943-00003-______ll_gd_GEO-IRWIN.nc,0.6611854684512428,nan
1570,FIONA,al072022,2022-09-16 22:18:01,s1a-iw-owi-cm-20220916t221920-20220916t222035-000003-056188_ll_gd_GEO-IRWIN.nc,fuzzy_sat_time,3.7,20.46781851851852,40000.0,25,/scale/user/mtannaou/alternance/donnees_sar_aeqd_09_janvier/al072022/s1a-iw-owi-cm-20220916t221801-20220916t222100-000003-_aeqd.nc,/scale/project/ifremer-isi-jumeaunumerique/SARGEO/prototype/v00r00/cyclobs/al072022/IRWIN/s1a-iw-owi-cm-20220916t221920-20220916t222035-000003-056188_ll_gd_GEO-IRWIN.nc,0.6935627788400255,nan
1571,FIONA,al072022,2022-09-22 22:34:42,rs2-scwa-owi-cm-20220922t223442-20220922t223705-00003-______ll_gd_GEO-IRWIN.nc,exact_contains,1.3,55.47054074074074,29000.0,59,/scale/user/mtannaou/alternance/donnees_sar_aeqd_09_janvier/al072022/rs2-scwa-owi-cm-20220922t223442-20220922t223705-00003_aeqd.nc,/scale/project/ifremer-isi-jumeaunumerique/SARGEO/prototype/v00r00/cyclobs/al072022/IRWIN/rs2-scwa-owi-cm-20220922t223442-20220922t223705-00003-______ll_gd_GEO-IRWIN.nc,0.0,train
1572,FIONA,al072022,2022-09-19 22:43:37,s1a-iw-owi-cm-20220919t224452-20220919t224657-000003-056306_ll_gd_GEO-IRWIN.nc,fuzzy_sat_time,1.8,42.644340740740745,22000.0,48,/scale/user/mtannaou/alternance/donnees_sar_aeqd_09_janvier/al072022/s1a-iw-owi-cm-20220919t224337-20220919t224657-000003-_aeqd.nc,/scale/project/ifremer-isi-jumeaunumerique/SARGEO/prototype/v00r00/cyclobs/al072022/IRWIN/s1a-iw-owi-cm-20220919t224452-20220919t224657-000003-056306_ll_gd_GEO-IRWIN.nc,0.3001912045889101,train
1573,KEVIN,sh162023,2023-03-06 05:53:20,rcm2-sclnc-owi-cm-20230306t055320-20230306t055504-00003-______ll_gd_GEO-IRWIN.nc,exact_contains,0.0,29.3320553580406,162000.0,26,/scale/user/mtannaou/alternance/donnees_sar_aeqd_09_janvier/sh162023/rcm2-sclnc-owi-cm-20230306t055320-20230306t055504-00003_aeqd.nc,/scale/project/ifremer-isi-jumeaunumerique/SARGEO/prototype/v00r00/cyclobs/sh162023/IRWIN/rcm2-sclnc-owi-cm-20230306t055320-20230306t055504-00003-______ll_gd_GEO-IRWIN.nc,0.0,test
1574,KEVIN,sh162023,2023-03-03 07:21:59,s1a-iw-owi-cm-20230303t072159-20230303t072256-000003-05B333_ll_gd_GEO-IRWIN.nc,exact_contains,3.7,31.29120740740741,11000.0,47,/scale/user/mtannaou/alternance/donnees_sar_aeqd_09_janvier/sh162023/s1a-iw-owi-cm-20230303t072159-20230303t072256-000003-_aeqd.nc,/scale/project/ifremer-isi-jumeaunumerique/SARGEO/prototype/v00r00/cyclobs/sh162023/IRWIN/s1a-iw-owi-cm-20230303t072159-20230303t072256-000003-05B333_ll_gd_GEO-IRWIN.nc,0.804206500956023,nan
1575,KEVIN,sh162023,2023-03-03 18:19:18,rcm1-sclna-owi-cm-20230303t181918-20230303t182032-00003-______ll_gd_GEO-IRWIN.nc,exact_contains,0.9,57.23186666666667,26000.0,65,/scale/user/mtannaou/alternance/donnees_sar_aeqd_09_janvier/sh162023/rcm1-sclna-owi-cm-20230303t181918-20230303t182032-00003_aeqd.nc,/scale/project/ifremer-isi-jumeaunumerique/SARGEO/prototype/v00r00/cyclobs/sh162023/IRWIN/rcm1-sclna-owi-cm-20230303t181918-20230303t182032-00003-______ll_gd_GEO-IRWIN.nc,0.3029955385595921,val
1576,KEVIN,sh162023,2023-03-05 17:01:12,rcm1-sclna-owi-cm-20230305t170112-20230305t170229-00003-______ll_gd_GEO-IRWIN.nc,exact_contains,1.25,26.422647979736187,120000.0,33,/scale/user/mtannaou/alternance/donnees_sar_aeqd_09_janvier/sh162023/rcm1-sclna-owi-cm-20230305t170112-20230305t170229-00003_aeqd.nc,/scale/project/ifremer-isi-jumeaunumerique/SARGEO/prototype/v00r00/cyclobs/sh162023/IRWIN/rcm1-sclna-owi-cm-20230305t170112-20230305t170229-00003-______ll_gd_GEO-IRWIN.nc,0.1793499043977055,train
1577,JOHN,ep102024,2024-09-25 12:47:46,rcm1-sclna-owi-cm-20240925t124746-20240925t124900-00003-______ll_gd_GEO-IRWIN.nc,exact_contains,3.8,20.601025119640354,101000.0,19,/scale/user/mtannaou/alternance/donnees_sar_aeqd_09_janvier/ep102024/rcm1-sclna-owi-cm-20240925t124746-20240925t124900-00003_aeqd.nc,/scale/project/ifremer-isi-jumeaunumerique/SARGEO/prototype/v00r00/cyclobs/ep102024/IRWIN/rcm1-sclna-owi-cm-20240925t124746-20240925t124900-00003-______ll_gd_GEO-IRWIN.nc,0.4762268961121733,train
1578,JOHN,ep102024,2024-09-26 01:00:30,rcm1-sclnd-owi-cm-20240926t010030-20240926t010148-00003-______ll_gd_GEO-IRWIN.nc,exact_contains,0.3,29.510430922132347,26000.0,29,/scale/user/mtannaou/alternance/donnees_sar_aeqd_09_janvier/ep102024/rcm1-sclnd-owi-cm-20240926t010030-20240926t010148-00003_aeqd.nc,/scale/project/ifremer-isi-jumeaunumerique/SARGEO/prototype/v00r00/cyclobs/ep102024/IRWIN/rcm1-sclnd-owi-cm-20240926t010030-20240926t010148-00003-______ll_gd_GEO-IRWIN.nc,0.015806246016571,train
1579,JOHN,ep102024,2024-09-24 00:47:04,s1a-iw-owi-cm-20240924t004704-20240924t004913-000003-06D162_ll_gd_GEO-IRWIN.nc,exact_contains,0.0,54.63617407407408,13000.0,50,/scale/user/mtannaou/alternance/donnees_sar_aeqd_09_janvier/ep102024/s1a-iw-owi-cm-20240924t004704-20240924t004913-000003-_aeqd.nc,/scale/project/ifremer-isi-jumeaunumerique/SARGEO/prototype/v00r00/cyclobs/ep102024/IRWIN/s1a-iw-owi-cm-20240924t004704-20240924t004913-000003-06D162_ll_gd_GEO-IRWIN.nc,0.4302103250478011,train
1580,JOHN,ep102024,2024-09-26 12:42:42,s1a-iw-owi-cm-20240926t124242-20240926t124407-000003-06D2D5_ll_gd_GEO-IRWIN.nc,exact_contains,0.7,43.3965888888889,19000.0,33,/scale/user/mtannaou/alternance/donnees_sar_aeqd_09_janvier/ep102024/s1a-iw-owi-cm-20240926t124242-20240926t124407-000003-_aeqd.nc,/scale/project/ifremer-isi-jumeaunumerique/SARGEO/prototype/v00r00/cyclobs/ep102024/IRWIN/s1a-iw-owi-cm-20240926t124242-20240926t124407-000003-06D2D5_ll_gd_GEO-IRWIN.nc,0.012874442319949,test
1581,JOHN,ep102024,2024-09-27 01:08:22,rcm1-sclnd-owi-cm-20240927t010822-20240927t010939-00003-______ll_gd_GEO-IRWIN.nc,exact_contains,0.0,32.613547194922205,15000.0,30,/scale/user/mtannaou/alternance/donnees_sar_aeqd_09_janvier/ep102024/rcm1-sclnd-owi-cm-20240927t010822-20240927t010939-00003_aeqd.nc,/scale/project/ifremer-isi-jumeaunumerique/SARGEO/prototype/v00r00/cyclobs/ep102024/IRWIN/rcm1-sclnd-owi-cm-20240927t010822-20240927t010939-00003-______ll_gd_GEO-IRWIN.nc,0.1839388145315487,train
1582,ESTELLE,ep062022,2022-07-20 01:49:38,rs2-scwa-owi-cm-20220720t014938-20220720t015054-00003-______ll_gd_GEO-IRWIN.nc,exact_contains,1.1,22.09541715345501,68000.0,28,/scale/user/mtannaou/alternance/donnees_sar_aeqd_09_janvier/ep062022/rs2-scwa-owi-cm-20220720t014938-20220720t015054-00003_aeqd.nc,/scale/project/ifremer-isi-jumeaunumerique/SARGEO/prototype/v00r00/cyclobs/ep062022/IRWIN/rs2-scwa-owi-cm-20220720t014938-20220720t015054-00003-______ll_gd_GEO-IRWIN.nc,0.0624601657106437,test
1583,MICHAUNG,io082023,2023-12-05 12:48:09,rcm1-sclnd-owi-cm-20231205t124809-20231205t124926-00003-______ll_gd_GEO-IRWIN.nc,exact_contains,3.3,,,20,/scale/user/mtannaou/alternance/donnees_sar_aeqd_09_janvier/io082023/rcm1-sclnd-owi-cm-20231205t124809-20231205t124926-00003_aeqd.nc,/scale/project/ifremer-isi-jumeaunumerique/SARGEO/prototype/v00r00/cyclobs/io082023/IRWIN/rcm1-sclnd-owi-cm-20231205t124809-20231205t124926-00003-______ll_gd_GEO-IRWIN.nc,0.8855321861057999,nan
1584,MICHAUNG,io082023,2023-12-04 12:39:42,rcm1-sclna-owi-cm-20231204t123942-20231204t124056-00003-______ll_gd_GEO-IRWIN.nc,exact_contains,2.1,27.728429558751767,66000.0,31,/scale/user/mtannaou/alternance/donnees_sar_aeqd_09_janvier/io082023/rcm1-sclna-owi-cm-20231204t123942-20231204t124056-00003_aeqd.nc,/scale/project/ifremer-isi-jumeaunumerique/SARGEO/prototype/v00r00/cyclobs/io082023/IRWIN/rcm1-sclna-owi-cm-20231204t123942-20231204t124056-00003-______ll_gd_GEO-IRWIN.nc,0.291523263224984,train
1585,HENRIETTE,ep082025,2025-08-12 04:49:53,rcm2-sclnd-owi-cm-20250812t044953-20250812t045103-00003-xxxxx_ll_gd_GEO-IRWIN.nc,exact_contains,0.7,44.29664444443288,19000.0,34,/scale/user/mtannaou/alternance/donnees_sar_aeqd_09_janvier/ep082025no_env/rcm2-sclnd-owi-cm-20250812t044953-20250812t045103-00003_aeqd.nc,/scale/project/ifremer-isi-jumeaunumerique/SARGEO/prototype/v00r00/cyclobs/ep082025/IRWIN/rcm2-sclnd-owi-cm-20250812t044953-20250812t045103-00003-xxxxx_ll_gd_GEO-IRWIN.nc,0.1219885277246654,train
1586,HENRIETTE,ep082025,2025-08-05 14:08:50,rcm2-sclna-owi-cm-20250805t140850-20250805t140959-00003-xxxxx_ll_gd_GEO-IRWIN.nc,exact_contains,0.0,26.96682467626278,35000.0,23,/scale/user/mtannaou/alternance/donnees_sar_aeqd_09_janvier/ep082025no_env/rcm2-sclna-owi-cm-20250805t140850-20250805t140959-00003_aeqd.nc,/scale/project/ifremer-isi-jumeaunumerique/SARGEO/prototype/v00r00/cyclobs/ep082025/IRWIN/rcm2-sclna-owi-cm-20250805t140850-20250805t140959-00003-xxxxx_ll_gd_GEO-IRWIN.nc,0.0985340981516889,test
1587,HENRIETTE,ep082025,2025-08-07 03:02:00,rcm1-sclnc-owi-cm-20250807t030200-20250807t030227-00003-xxxxx_ll_gd_GEO-IRWIN.nc,exact_contains,0.0,21.23964356751928,53000.0,23,/scale/user/mtannaou/alternance/donnees_sar_aeqd_09_janvier/ep082025no_env/rcm1-sclnc-owi-cm-20250807t030200-20250807t030227-00003_aeqd.nc,/scale/project/ifremer-isi-jumeaunumerique/SARGEO/prototype/v00r00/cyclobs/ep082025/IRWIN/rcm1-sclnc-owi-cm-20250807t030200-20250807t030227-00003-xxxxx_ll_gd_GEO-IRWIN.nc,0.1377947737412364,train
1588,HENRIETTE,ep082025,2025-08-07 14:56:09,rcm1-sclnb-owi-cm-20250807t145609-20250807t145719-00003-xxxxx_ll_gd_GEO-IRWIN.nc,exact_contains,0.0,18.83930625188491,35000.0,21,/scale/user/mtannaou/alternance/donnees_sar_aeqd_09_janvier/ep082025no_env/rcm1-sclnb-owi-cm-20250807t145609-20250807t145719-00003_aeqd.nc,/scale/project/ifremer-isi-jumeaunumerique/SARGEO/prototype/v00r00/cyclobs/ep082025/IRWIN/rcm1-sclnb-owi-cm-20250807t145609-20250807t145719-00003-xxxxx_ll_gd_GEO-IRWIN.nc,0.0,train
1589,HENRIETTE,ep082025,2025-08-10 03:59:53,rcm3-sclna-owi-cm-20250810t035953-20250810t040102-00003-xxxxx_ll_gd_GEO-IRWIN.nc,exact_contains,1.0,28.94785499724188,32000.0,22,/scale/user/mtannaou/alternance/donnees_sar_aeqd_09_janvier/ep082025no_env/rcm3-sclna-owi-cm-20250810t035953-20250810t040102-00003_aeqd.nc,/scale/project/ifremer-isi-jumeaunumerique/SARGEO/prototype/v00r00/cyclobs/ep082025/IRWIN/rcm3-sclna-owi-cm-20250810t035953-20250810t040102-00003-xxxxx_ll_gd_GEO-IRWIN.nc,0.0,train
1590,HENRIETTE,ep082025,2025-08-10 15:51:26,rcm3-sclnd-owi-cm-20250810t155126-20250810t155236-00003-xxxxx_ll_gd_GEO-IRWIN.nc,exact_contains,0.0,36.28627035380477,16000.0,32,/scale/user/mtannaou/alternance/donnees_sar_aeqd_09_janvier/ep082025no_env/rcm3-sclnd-owi-cm-20250810t155126-20250810t155236-00003_aeqd.nc,/scale/project/ifremer-isi-jumeaunumerique/SARGEO/prototype/v00r00/cyclobs/ep082025/IRWIN/rcm3-sclnd-owi-cm-20250810t155126-20250810t155236-00003-xxxxx_ll_gd_GEO-IRWIN.nc,0.1762906309751434,train
1591,HENRIETTE,ep082025,2025-08-06 02:21:32,rcm2-sclna-owi-cm-20250806t022132-20250806t022241-00003-xxxxx_ll_gd_GEO-IRWIN.nc,exact_contains,2.8,25.36603173469528,63000.0,23,/scale/user/mtannaou/alternance/donnees_sar_aeqd_09_janvier/ep082025no_env/rcm2-sclna-owi-cm-20250806t022132-20250806t022241-00003_aeqd.nc,/scale/project/ifremer-isi-jumeaunumerique/SARGEO/prototype/v00r00/cyclobs/ep082025/IRWIN/rcm2-sclna-owi-cm-20250806t022132-20250806t022241-00003-xxxxx_ll_gd_GEO-IRWIN.nc,0.8859145952836202,nan
1592,HENRIETTE,ep082025,2025-08-11 16:30:05,rcm2-sclna-owi-cm-20250811t163005-20250811t163115-00003-xxxxx_ll_gd_GEO-IRWIN.nc,exact_contains,0.0,34.98086666664878,35000.0,38,/scale/user/mtannaou/alternance/donnees_sar_aeqd_09_janvier/ep082025no_env/rcm2-sclna-owi-cm-20250811t163005-20250811t163115-00003_aeqd.nc,/scale/project/ifremer-isi-jumeaunumerique/SARGEO/prototype/v00r00/cyclobs/ep082025/IRWIN/rcm2-sclna-owi-cm-20250811t163005-20250811t163115-00003-xxxxx_ll_gd_GEO-IRWIN.nc,0.0,train
1593,HENRIETTE,ep082025,2025-08-09 15:43:59,rcm3-sclnb-owi-cm-20250809t154359-20250809t154512-00003-xxxxx_ll_gd_GEO-IRWIN.nc,exact_contains,1.7,18.59304120195442,42000.0,17,/scale/user/mtannaou/alternance/donnees_sar_aeqd_09_janvier/ep082025no_env/rcm3-sclnb-owi-cm-20250809t154359-20250809t154512-00003_aeqd.nc,/scale/project/ifremer-isi-jumeaunumerique/SARGEO/prototype/v00r00/cyclobs/ep082025/IRWIN/rcm3-sclnb-owi-cm-20250809t154359-20250809t154512-00003-xxxxx_ll_gd_GEO-IRWIN.nc,0.0,train
1594,HENRIETTE,ep082025,2025-08-12 16:37:11,rcm2-sclnd-owi-cm-20250812t163711-20250812t163821-00003-xxxxx_ll_gd_GEO-IRWIN.nc,exact_contains,0.0,38.83415555453927,16000.0,29,/scale/user/mtannaou/alternance/donnees_sar_aeqd_09_janvier/ep082025no_env/rcm2-sclnd-owi-cm-20250812t163711-20250812t163821-00003_aeqd.nc,/scale/project/ifremer-isi-jumeaunumerique/SARGEO/prototype/v00r00/cyclobs/ep082025/IRWIN/rcm2-sclnd-owi-cm-20250812t163711-20250812t163821-00003-xxxxx_ll_gd_GEO-IRWIN.nc,0.1159974506054812,train
1595,HENRIETTE,ep082025,2025-08-05 02:12:37,rcm2-sclnb-owi-cm-20250805t021237-20250805t021347-00003-xxxxx_ll_gd_GEO-IRWIN.nc,exact_contains,0.0,26.242184499194007,42000.0,23,/scale/user/mtannaou/alternance/donnees_sar_aeqd_09_janvier/ep082025no_env/rcm2-sclnb-owi-cm-20250805t021237-20250805t021347-00003_aeqd.nc,/scale/project/ifremer-isi-jumeaunumerique/SARGEO/prototype/v00r00/cyclobs/ep082025/IRWIN/rcm2-sclnb-owi-cm-20250805t021237-20250805t021347-00003-xxxxx_ll_gd_GEO-IRWIN.nc,0.0,train
1596,HENRIETTE,ep082025,2025-08-13 04:59:11,rcm2-sclnb-owi-cm-20250813t045911-20250813t050024-00003-xxxxx_ll_gd_GEO-IRWIN.nc,exact_contains,1.0,27.154531382214103,35000.0,21,/scale/user/mtannaou/alternance/donnees_sar_aeqd_09_janvier/ep082025no_env/rcm2-sclnb-owi-cm-20250813t045911-20250813t050024-00003_aeqd.nc,/scale/project/ifremer-isi-jumeaunumerique/SARGEO/prototype/v00r00/cyclobs/ep082025/IRWIN/rcm2-sclnb-owi-cm-20250813t045911-20250813t050024-00003-xxxxx_ll_gd_GEO-IRWIN.nc,0.0,train
1597,LORENA,ep152019,2019-09-22 01:31:17,s1b-iw-owi-cm-20190922t013117-20190922t013211-000003-0222A9_ll_gd_GEO-IRWIN.nc,fuzzy_sat_time,2.55,21.86912962962964,30000.0,19,/scale/user/mtannaou/alternance/donnees_sar_aeqd_09_janvier/ep152019/s1b-iw-owi-cm-20190922t013117-20190922t013236-000003-_aeqd.nc,/scale/project/ifremer-isi-jumeaunumerique/SARGEO/prototype/v00r00/cyclobs/ep152019/IRWIN/s1b-iw-owi-cm-20190922t013117-20190922t013211-000003-0222A9_ll_gd_GEO-IRWIN.nc,0.4917782026768642,train
1598,LORENA,ep152019,2019-09-20 13:05:48,s1a-iw-owi-cm-20190920t130548-20190920t130734-000003-034DBE_ll_gd_GEO-IRWIN.nc,exact_contains,0.95,33.85056296296297,17000.0,34,/scale/user/mtannaou/alternance/donnees_sar_aeqd_09_janvier/ep152019/s1a-iw-owi-cm-20190920t130548-20190920t130734-000003-_aeqd.nc,/scale/project/ifremer-isi-jumeaunumerique/SARGEO/prototype/v00r00/cyclobs/ep152019/IRWIN/s1a-iw-owi-cm-20190920t130548-20190920t130734-000003-034DBE_ll_gd_GEO-IRWIN.nc,0.4638623326959847,train
1599,KOINU,wp142023,2023-10-06 22:02:23,rcm3-sc50mc-owi-cm-20231006t220223-20231006t220309-00003-______ll_gd_GEO-IRWIN.nc,exact_contains,1.3,,,53,/scale/user/mtannaou/alternance/donnees_sar_aeqd_09_janvier/wp142023/rcm3-sc50mc-owi-cm-20231006t220223-20231006t220309-00003_aeqd.nc,/scale/project/ifremer-isi-jumeaunumerique/SARGEO/prototype/v00r00/cyclobs/wp142023/IRWIN/rcm3-sc50mc-owi-cm-20231006t220223-20231006t220309-00003-______ll_gd_GEO-IRWIN.nc,0.6277884002549394,nan
1600,KOINU,wp142023,2023-10-05 21:54:41,rcm3-sc50mc-owi-cm-20231005t215441-20231005t215454-00003-______ll_gd_GEO-IRWIN.nc,exact_contains,2.2,24.90044081194836,62000.0,38,/scale/user/mtannaou/alternance/donnees_sar_aeqd_09_janvier/wp142023/rcm3-sc50mc-owi-cm-20231005t215441-20231005t215454-00003_aeqd.nc,/scale/project/ifremer-isi-jumeaunumerique/SARGEO/prototype/v00r00/cyclobs/wp142023/IRWIN/rcm3-sc50mc-owi-cm-20231005t215441-20231005t215454-00003-______ll_gd_GEO-IRWIN.nc,0.8869343530911409,nan
1601,KOINU,wp142023,2023-10-08 10:25:14,rcm3-sc50ma-owi-cm-20231008t102514-20231008t102629-00003-______ll_gd_GEO-IRWIN.nc,exact_contains,0.0,43.20344444444393,16000.0,44,/scale/user/mtannaou/alternance/donnees_sar_aeqd_09_janvier/wp142023/rcm3-sc50ma-owi-cm-20231008t102514-20231008t102629-00003_aeqd.nc,/scale/project/ifremer-isi-jumeaunumerique/SARGEO/prototype/v00r00/cyclobs/wp142023/IRWIN/rcm3-sc50ma-owi-cm-20231008t102514-20231008t102629-00003-______ll_gd_GEO-IRWIN.nc,0.1092415551306564,train
1602,KOINU,wp142023,2023-10-03 09:45:02,rcm3-sc50mb-owi-cm-20231003t094502-20231003t094617-00003-______ll_gd_GEO-IRWIN.nc,exact_contains,0.0,50.75245185185186,38000.0,50,/scale/user/mtannaou/alternance/donnees_sar_aeqd_09_janvier/wp142023/rcm3-sc50mb-owi-cm-20231003t094502-20231003t094617-00003_aeqd.nc,/scale/project/ifremer-isi-jumeaunumerique/SARGEO/prototype/v00r00/cyclobs/wp142023/IRWIN/rcm3-sc50mb-owi-cm-20231003t094502-20231003t094617-00003-______ll_gd_GEO-IRWIN.nc,0.0,val
1603,KOINU,wp142023,2023-10-02 21:30:03,rcm3-sc50mb-owi-cm-20231002t213003-20231002t213121-00003-______ll_gd_GEO-IRWIN.nc,exact_contains,0.0,41.61899629630207,31000.0,55,/scale/user/mtannaou/alternance/donnees_sar_aeqd_09_janvier/wp142023/rcm3-sc50mb-owi-cm-20231002t213003-20231002t213121-00003_aeqd.nc,/scale/project/ifremer-isi-jumeaunumerique/SARGEO/prototype/v00r00/cyclobs/wp142023/IRWIN/rcm3-sc50mb-owi-cm-20231002t213003-20231002t213121-00003-______ll_gd_GEO-IRWIN.nc,0.0108349267049075,test
1604,KOINU,wp142023,2023-10-03 21:38:37,rcm3-sc50mc-owi-cm-20231003t213837-20231003t213908-00003-______ll_gd_GEO-IRWIN.nc,exact_contains,4.05,31.24776303723126,31000.0,50,/scale/user/mtannaou/alternance/donnees_sar_aeqd_09_janvier/wp142023/rcm3-sc50mc-owi-cm-20231003t213837-20231003t213908-00003_aeqd.nc,/scale/project/ifremer-isi-jumeaunumerique/SARGEO/prototype/v00r00/cyclobs/wp142023/IRWIN/rcm3-sc50mc-owi-cm-20231003t213837-20231003t213908-00003-______ll_gd_GEO-IRWIN.nc,1.0,nan
1605,KOINU,wp142023,2023-10-08 22:18:25,rcm3-sc50mc-owi-cm-20231008t221825-20231008t221942-00003-______ll_gd_GEO-IRWIN.nc,exact_contains,1.6,31.5515518044715,8000.0,33,/scale/user/mtannaou/alternance/donnees_sar_aeqd_09_janvier/wp142023/rcm3-sc50mc-owi-cm-20231008t221825-20231008t221942-00003_aeqd.nc,/scale/project/ifremer-isi-jumeaunumerique/SARGEO/prototype/v00r00/cyclobs/wp142023/IRWIN/rcm3-sc50mc-owi-cm-20231008t221825-20231008t221942-00003-______ll_gd_GEO-IRWIN.nc,0.3437858508604206,train
1606,KOINU,wp142023,2023-10-09 10:33:17,rcm3-sc50ma-owi-cm-20231009t103317-20231009t103432-00003-______ll_gd_GEO-IRWIN.nc,exact_contains,2.0,13.81186265512262,122000.0,16,/scale/user/mtannaou/alternance/donnees_sar_aeqd_09_janvier/wp142023/rcm3-sc50ma-owi-cm-20231009t103317-20231009t103432-00003_aeqd.nc,/scale/project/ifremer-isi-jumeaunumerique/SARGEO/prototype/v00r00/cyclobs/wp142023/IRWIN/rcm3-sc50ma-owi-cm-20231009t103317-20231009t103432-00003-______ll_gd_GEO-IRWIN.nc,0.2161886551943913,train
1607,KOINU,wp142023,2023-10-01 21:22:11,rcm3-sclna-owi-cm-20231001t212211-20231001t212326-00003-______ll_gd_GEO-IRWIN.nc,exact_contains,0.3,41.50696296296274,39000.0,47,/scale/user/mtannaou/alternance/donnees_sar_aeqd_09_janvier/wp142023/rcm3-sclna-owi-cm-20231001t212211-20231001t212326-00003_aeqd.nc,/scale/project/ifremer-isi-jumeaunumerique/SARGEO/prototype/v00r00/cyclobs/wp142023/IRWIN/rcm3-sclna-owi-cm-20231001t212211-20231001t212326-00003-______ll_gd_GEO-IRWIN.nc,0.1120458891013384,test
1608,KOINU,wp142023,2023-10-07 22:10:32,rcm3-sc50mc-owi-cm-20231007t221032-20231007t221115-00003-______ll_gd_GEO-IRWIN.nc,exact_contains,0.0,38.34119259324881,21000.0,47,/scale/user/mtannaou/alternance/donnees_sar_aeqd_09_janvier/wp142023/rcm3-sc50mc-owi-cm-20231007t221032-20231007t221115-00003_aeqd.nc,/scale/project/ifremer-isi-jumeaunumerique/SARGEO/prototype/v00r00/cyclobs/wp142023/IRWIN/rcm3-sc50mc-owi-cm-20231007t221032-20231007t221115-00003-______ll_gd_GEO-IRWIN.nc,0.0797960484384958,train
1609,KOINU,wp142023,2023-10-02 09:36:38,rcm3-sc50mb-owi-cm-20231002t093638-20231002t093753-00003-______ll_gd_GEO-IRWIN.nc,exact_contains,0.7,48.12179999999999,34000.0,56,/scale/user/mtannaou/alternance/donnees_sar_aeqd_09_janvier/wp142023/rcm3-sc50mb-owi-cm-20231002t093638-20231002t093753-00003_aeqd.nc,/scale/project/ifremer-isi-jumeaunumerique/SARGEO/prototype/v00r00/cyclobs/wp142023/IRWIN/rcm3-sc50mb-owi-cm-20231002t093638-20231002t093753-00003-______ll_gd_GEO-IRWIN.nc,0.1872530274059911,train
1610,KOINU,wp142023,2023-10-07 10:17:30,rcm3-sc50ma-owi-cm-20231007t101730-20231007t101847-00003-______ll_gd_GEO-IRWIN.nc,exact_contains,0.0,49.44249629629631,15000.0,52,/scale/user/mtannaou/alternance/donnees_sar_aeqd_09_janvier/wp142023/rcm3-sc50ma-owi-cm-20231007t101730-20231007t101847-00003_aeqd.nc,/scale/project/ifremer-isi-jumeaunumerique/SARGEO/prototype/v00r00/cyclobs/wp142023/IRWIN/rcm3-sc50ma-owi-cm-20231007t101730-20231007t101847-00003-______ll_gd_GEO-IRWIN.nc,0.1747609942638623,test
1611,KOINU,wp142023,2023-10-07 22:10:32,rcm3-sc50mb-owi-cm-20231007t220959-20231007t221033-00003-______ll_gd_GEO-IRWIN.nc,fuzzy_sat_time,0.0,38.34119259324881,21000.0,47,/scale/user/mtannaou/alternance/donnees_sar_aeqd_09_janvier/wp142023/rcm3-sc50mc-owi-cm-20231007t221032-20231007t221115-00003_aeqd.nc,/scale/project/ifremer-isi-jumeaunumerique/SARGEO/prototype/v00r00/cyclobs/wp142023/IRWIN/rcm3-sc50mb-owi-cm-20231007t220959-20231007t221033-00003-______ll_gd_GEO-IRWIN.nc,0.0797960484384958,train
1612,KOINU,wp142023,2023-10-01 09:28:12,rcm3-sclnc-owi-cm-20231001t092812-20231001t092929-00003-______ll_gd_GEO-IRWIN.nc,exact_contains,3.35,28.954547811809423,5000.0,36,/scale/user/mtannaou/alternance/donnees_sar_aeqd_09_janvier/wp142023/rcm3-sclnc-owi-cm-20231001t092812-20231001t092929-00003_aeqd.nc,/scale/project/ifremer-isi-jumeaunumerique/SARGEO/prototype/v00r00/cyclobs/wp142023/IRWIN/rcm3-sclnc-owi-cm-20231001t092812-20231001t092929-00003-______ll_gd_GEO-IRWIN.nc,0.7300191204588911,nan
1613,MADELINE,ep142022,2022-09-19 01:17:43,rcm2-sc50ma-owi-cm-20220919t011743-20220919t011911-00003-______ll_gd_GEO-IRWIN.nc,exact_contains,1.0,27.796453459609943,76000.0,24,/scale/user/mtannaou/alternance/donnees_sar_aeqd_09_janvier/ep142022/rcm2-sc50ma-owi-cm-20220919t011743-20220919t011911-00003_aeqd.nc,/scale/project/ifremer-isi-jumeaunumerique/SARGEO/prototype/v00r00/cyclobs/ep142022/IRWIN/rcm2-sc50ma-owi-cm-20220919t011743-20220919t011911-00003-______ll_gd_GEO-IRWIN.nc,0.3691523263224984,train
1614,ASNA,io022024,2024-08-31 01:22:57,rcm1-sclnd-owi-cm-20240831t012257-20240831t012333-00003-______ll_gd_GEO-IRWIN.nc,exact_contains,0.5,18.682433844094323,77000.0,21,/scale/user/mtannaou/alternance/donnees_sar_aeqd_09_janvier/io022024/rcm1-sclnd-owi-cm-20240831t012257-20240831t012333-00003_aeqd.nc,/scale/project/ifremer-isi-jumeaunumerique/SARGEO/prototype/v00r00/cyclobs/io022024/IRWIN/rcm1-sclnd-owi-cm-20240831t012257-20240831t012333-00003-______ll_gd_GEO-IRWIN.nc,0.3230082855321861,train
1615,ASNA,io022024,2024-08-31 13:38:54,rcm1-sc50ma-owi-cm-20240831t133854-20240831t133921-00003-______ll_gd_GEO-IRWIN.nc,exact_contains,1.8,,,22,/scale/user/mtannaou/alternance/donnees_sar_aeqd_09_janvier/io022024/rcm1-sc50ma-owi-cm-20240831t133854-20240831t133921-00003_aeqd.nc,/scale/project/ifremer-isi-jumeaunumerique/SARGEO/prototype/v00r00/cyclobs/io022024/IRWIN/rcm1-sc50ma-owi-cm-20240831t133854-20240831t133921-00003-______ll_gd_GEO-IRWIN.nc,0.7847036328871893,nan
1616,CHAN-HOM,wp162020,2020-10-06 20:44:31,s1b-iw-owi-cm-20201006t204525-20201006t204640-000003-02D075_ll_gd_GEO-IRWIN.nc,fuzzy_sat_time,2.3,,,29,/scale/user/mtannaou/alternance/donnees_sar_aeqd_09_janvier/wp162020/s1b-iw-owi-cm-20201006t204431-20201006t204708-000003-_aeqd.nc,/scale/project/ifremer-isi-jumeaunumerique/SARGEO/prototype/v00r00/cyclobs/wp162020/IRWIN/s1b-iw-owi-cm-20201006t204525-20201006t204640-000003-02D075_ll_gd_GEO-IRWIN.nc,0.5218610579987253,nan
1617,CHAN-HOM,wp162020,2020-10-09 09:04:04,rs2-scwa-owi-cm-20201009t090404-20201009t090628-00003-______ll_gd_GEO-IRWIN.nc,exact_contains,0.0,38.089844444444445,81000.0,32,/scale/user/mtannaou/alternance/donnees_sar_aeqd_09_janvier/wp162020/rs2-scwa-owi-cm-20201009t090404-20201009t090628-00003_aeqd.nc,/scale/project/ifremer-isi-jumeaunumerique/SARGEO/prototype/v00r00/cyclobs/wp162020/IRWIN/rs2-scwa-owi-cm-20201009t090404-20201009t090628-00003-______ll_gd_GEO-IRWIN.nc,0.2893562778840025,train
1618,CHAN-HOM,wp162020,2020-10-10 08:43:15,rcm3-sc50mb-owi-cm-20201010t084315-20201010t084427-00003-______ll_gd_GEO-IRWIN.nc,exact_contains,0.5,24.005661619902213,100000.0,26,/scale/user/mtannaou/alternance/donnees_sar_aeqd_09_janvier/wp162020/rcm3-sc50mb-owi-cm-20201010t084315-20201010t084427-00003_aeqd.nc,/scale/project/ifremer-isi-jumeaunumerique/SARGEO/prototype/v00r00/cyclobs/wp162020/IRWIN/rcm3-sc50mb-owi-cm-20201010t084315-20201010t084427-00003-______ll_gd_GEO-IRWIN.nc,0.5055449330783939,nan
1619,CHAN-HOM,wp162020,2020-10-08 09:12:16,s1a-iw-owi-cm-20201008t091245-20201008t091425-000003-040AD1_ll_gd_GEO-IRWIN.nc,fuzzy_sat_time,0.0,47.55972222222223,65000.0,39,/scale/user/mtannaou/alternance/donnees_sar_aeqd_09_janvier/wp162020/s1a-iw-owi-cm-20201008t091216-20201008t091425-000003-_aeqd.nc,/scale/project/ifremer-isi-jumeaunumerique/SARGEO/prototype/v00r00/cyclobs/wp162020/IRWIN/s1a-iw-owi-cm-20201008t091245-20201008t091425-000003-040AD1_ll_gd_GEO-IRWIN.nc,0.1776927979604843,train
1620,CHAN-HOM,wp162020,2020-10-09 20:54:25,rcm2-sc50mc-owi-cm-20201009t205425-20201009t205537-00003-______ll_gd_GEO-IRWIN.nc,exact_contains,0.6,31.71831611572496,85000.0,26,/scale/user/mtannaou/alternance/donnees_sar_aeqd_09_janvier/wp162020/rcm2-sc50mc-owi-cm-20201009t205425-20201009t205537-00003_aeqd.nc,/scale/project/ifremer-isi-jumeaunumerique/SARGEO/prototype/v00r00/cyclobs/wp162020/IRWIN/rcm2-sc50mc-owi-cm-20201009t205425-20201009t205537-00003-______ll_gd_GEO-IRWIN.nc,0.0,test
1621,CHAN-HOM,wp162020,2020-10-10 20:30:44,rcm3-sc50md-owi-cm-20201010t203044-20201010t203200-00003-______ll_gd_GEO-IRWIN.nc,exact_contains,0.5,24.47057299199413,54000.0,24,/scale/user/mtannaou/alternance/donnees_sar_aeqd_09_janvier/wp162020/rcm3-sc50md-owi-cm-20201010t203044-20201010t203200-00003_aeqd.nc,/scale/project/ifremer-isi-jumeaunumerique/SARGEO/prototype/v00r00/cyclobs/wp162020/IRWIN/rcm3-sc50md-owi-cm-20201010t203044-20201010t203200-00003-______ll_gd_GEO-IRWIN.nc,0.2535372848948374,train
1622,MOCHA,io012023,2023-05-13 12:00:24,rcm2-sclna-owi-cm-20230513t120128-20230513t120146-00003-______ll_gd_GEO-IRWIN.nc,fuzzy_sat_time,0.6,64.54465555555555,25000.0,69,/scale/user/mtannaou/alternance/donnees_sar_aeqd_09_janvier/io012023/rcm2-sclna-owi-cm-20230513t120024-20230513t120110-00003_aeqd.nc,/scale/project/ifremer-isi-jumeaunumerique/SARGEO/prototype/v00r00/cyclobs/io012023/IRWIN/rcm2-sclna-owi-cm-20230513t120128-20230513t120146-00003-______ll_gd_GEO-IRWIN.nc,0.0783938814531548,train
1623,MOCHA,io012023,2023-05-13 23:54:55,rcm2-sclna-owi-cm-20230513t235455-20230513t235607-00003-______ll_gd_GEO-IRWIN.nc,exact_contains,0.6,67.43452592592594,16000.0,77,/scale/user/mtannaou/alternance/donnees_sar_aeqd_09_janvier/io012023/rcm2-sclna-owi-cm-20230513t235455-20230513t235607-00003_aeqd.nc,/scale/project/ifremer-isi-jumeaunumerique/SARGEO/prototype/v00r00/cyclobs/io012023/IRWIN/rcm2-sclna-owi-cm-20230513t235455-20230513t235607-00003-______ll_gd_GEO-IRWIN.nc,0.4073932441045251,train
1624,MOCHA,io012023,2023-05-13 12:00:24,rcm2-sclna-owi-cm-20230513t120024-20230513t120110-00003-______ll_gd_GEO-IRWIN.nc,exact_contains,0.6,64.54465555555555,25000.0,69,/scale/user/mtannaou/alternance/donnees_sar_aeqd_09_janvier/io012023/rcm2-sclna-owi-cm-20230513t120024-20230513t120110-00003_aeqd.nc,/scale/project/ifremer-isi-jumeaunumerique/SARGEO/prototype/v00r00/cyclobs/io012023/IRWIN/rcm2-sclna-owi-cm-20230513t120024-20230513t120110-00003-______ll_gd_GEO-IRWIN.nc,0.0783938814531548,train
1625,MOCHA,io012023,2023-05-13 23:57:29,s1a-ew-owi-cm-20230513t235729-20230513t235826-000003-05D623_ll_gd_GEO-IRWIN.nc,exact_contains,2.7,57.59028571428573,16000.0,77,/scale/user/mtannaou/alternance/donnees_sar_aeqd_09_janvier/io012023/s1a-ew-owi-cm-20230513t235729-20230513t235826-000003-_aeqd.nc,/scale/project/ifremer-isi-jumeaunumerique/SARGEO/prototype/v00r00/cyclobs/io012023/IRWIN/s1a-ew-owi-cm-20230513t235729-20230513t235826-000003-05D623_ll_gd_GEO-IRWIN.nc,0.8,nan
1626,LIDIA,ep152023,2023-10-06 01:32:25,rcm1-sc50mc-owi-cm-20231006t013225-20231006t013342-00003-______ll_gd_GEO-IRWIN.nc,exact_contains,1.2999999999999998,27.132563068787057,45000.0,29,/scale/user/mtannaou/alternance/donnees_sar_aeqd_09_janvier/ep152023/rcm1-sc50mc-owi-cm-20231006t013225-20231006t013342-00003_aeqd.nc,/scale/project/ifremer-isi-jumeaunumerique/SARGEO/prototype/v00r00/cyclobs/ep152023/IRWIN/rcm1-sc50mc-owi-cm-20231006t013225-20231006t013342-00003-______ll_gd_GEO-IRWIN.nc,0.0,train
1627,LIDIA,ep152023,2023-10-10 01:33:28,rcm2-sc50mc-owi-cm-20231010t013328-20231010t013445-00003-______ll_gd_GEO-IRWIN.nc,exact_contains,0.0,34.16904098458179,31000.0,36,/scale/user/mtannaou/alternance/donnees_sar_aeqd_09_janvier/ep152023/rcm2-sc50mc-owi-cm-20231010t013328-20231010t013445-00003_aeqd.nc,/scale/project/ifremer-isi-jumeaunumerique/SARGEO/prototype/v00r00/cyclobs/ep152023/IRWIN/rcm2-sc50mc-owi-cm-20231010t013328-20231010t013445-00003-______ll_gd_GEO-IRWIN.nc,0.0110898661567877,train
1628,LIDIA,ep152023,2023-10-10 13:15:15,s1a-ew-owi-cm-20231010t131515-20231010t131619-000003-061BFB_ll_gd_GEO-IRWIN.nc,exact_contains,0.5,47.90873095238095,26000.0,44,/scale/user/mtannaou/alternance/donnees_sar_aeqd_09_janvier/ep152023/s1a-ew-owi-cm-20231010t131515-20231010t131619-000003-_aeqd.nc,/scale/project/ifremer-isi-jumeaunumerique/SARGEO/prototype/v00r00/cyclobs/ep152023/IRWIN/s1a-ew-owi-cm-20231010t131515-20231010t131619-000003-061BFB_ll_gd_GEO-IRWIN.nc,0.4124920331421287,test
1629,LIDIA,ep152023,2023-10-05 13:20:16,rcm1-sc50ma-owi-cm-20231005t132016-20231005t132130-00003-______ll_gd_GEO-IRWIN.nc,exact_contains,3.2,20.89895110379387,59000.0,26,/scale/user/mtannaou/alternance/donnees_sar_aeqd_09_janvier/ep152023/rcm1-sc50ma-owi-cm-20231005t132016-20231005t132130-00003_aeqd.nc,/scale/project/ifremer-isi-jumeaunumerique/SARGEO/prototype/v00r00/cyclobs/ep152023/IRWIN/rcm1-sc50ma-owi-cm-20231005t132016-20231005t132130-00003-______ll_gd_GEO-IRWIN.nc,0.6544295729764181,nan
1630,LIDIA,ep152023,2023-10-08 13:32:42,s1a-ew-owi-cm-20231008t133242-20231008t133346-000003-061B15_ll_gd_GEO-IRWIN.nc,exact_contains,0.75,18.967810643838146,32000.0,31,/scale/user/mtannaou/alternance/donnees_sar_aeqd_09_janvier/ep152023/s1a-ew-owi-cm-20231008t133242-20231008t133346-000003-_aeqd.nc,/scale/project/ifremer-isi-jumeaunumerique/SARGEO/prototype/v00r00/cyclobs/ep152023/IRWIN/s1a-ew-owi-cm-20231008t133242-20231008t133346-000003-061B15_ll_gd_GEO-IRWIN.nc,0.3844486934353091,train
1631,LIDIA,ep152023,2023-10-10 12:55:27,rcm3-sclnd-owi-cm-20231010t125527-20231010t125645-00003-______ll_gd_GEO-IRWIN.nc,exact_contains,0.0,45.95155925925915,18000.0,43,/scale/user/mtannaou/alternance/donnees_sar_aeqd_09_janvier/ep152023/rcm3-sclnd-owi-cm-20231010t125527-20231010t125645-00003_aeqd.nc,/scale/project/ifremer-isi-jumeaunumerique/SARGEO/prototype/v00r00/cyclobs/ep152023/IRWIN/rcm3-sclnd-owi-cm-20231010t125527-20231010t125645-00003-______ll_gd_GEO-IRWIN.nc,0.1671128107074569,train
1632,LIDIA,ep152023,2023-10-08 01:48:37,rcm1-sc50mc-owi-cm-20231008t014837-20231008t014954-00003-______ll_gd_GEO-IRWIN.nc,exact_contains,2.5,20.4559632188469,66000.0,31,/scale/user/mtannaou/alternance/donnees_sar_aeqd_09_janvier/ep152023/rcm1-sc50mc-owi-cm-20231008t014837-20231008t014954-00003_aeqd.nc,/scale/project/ifremer-isi-jumeaunumerique/SARGEO/prototype/v00r00/cyclobs/ep152023/IRWIN/rcm1-sc50mc-owi-cm-20231008t014837-20231008t014954-00003-______ll_gd_GEO-IRWIN.nc,0.6836201402166985,nan
1633,LIDIA,ep152023,2023-10-11 01:10:17,rcm3-sclnb-owi-cm-20231011t011017-20231011t011132-00003-______ll_gd_GEO-IRWIN.nc,exact_contains,3.7,33.328325911303175,22000.0,55,/scale/user/mtannaou/alternance/donnees_sar_aeqd_09_janvier/ep152023/rcm3-sclnb-owi-cm-20231011t011017-20231011t011132-00003_aeqd.nc,/scale/project/ifremer-isi-jumeaunumerique/SARGEO/prototype/v00r00/cyclobs/ep152023/IRWIN/rcm3-sclnb-owi-cm-20231011t011017-20231011t011132-00003-______ll_gd_GEO-IRWIN.nc,0.7302740599107712,nan
1634,LIDIA,ep152023,2023-10-07 01:40:26,rcm1-sc50mc-owi-cm-20231007t014026-20231007t014142-00003-______ll_gd_GEO-IRWIN.nc,exact_contains,0.7,27.57824572895373,64000.0,28,/scale/user/mtannaou/alternance/donnees_sar_aeqd_09_janvier/ep152023/rcm1-sc50mc-owi-cm-20231007t014026-20231007t014142-00003_aeqd.nc,/scale/project/ifremer-isi-jumeaunumerique/SARGEO/prototype/v00r00/cyclobs/ep152023/IRWIN/rcm1-sc50mc-owi-cm-20231007t014026-20231007t014142-00003-______ll_gd_GEO-IRWIN.nc,0.0907584448693435,val
1635,LIDIA,ep152023,2023-10-09 13:19:44,rcm2-sc50mc-owi-cm-20231009t131944-20231009t132100-00003-______ll_gd_GEO-IRWIN.nc,exact_contains,0.7,35.62153332035977,38000.0,29,/scale/user/mtannaou/alternance/donnees_sar_aeqd_09_janvier/ep152023/rcm2-sc50mc-owi-cm-20231009t131944-20231009t132100-00003_aeqd.nc,/scale/project/ifremer-isi-jumeaunumerique/SARGEO/prototype/v00r00/cyclobs/ep152023/IRWIN/rcm2-sc50mc-owi-cm-20231009t131944-20231009t132100-00003-______ll_gd_GEO-IRWIN.nc,0.0005098789037603,train
1636,LAN,wp072023,2023-08-12 08:42:20,rcm1-sc50ma-owi-cm-20230812t084220-20230812t084338-00003-______ll_gd_GEO-IRWIN.nc,exact_contains,2.45,31.65102069229413,47000.0,33,/scale/user/mtannaou/alternance/donnees_sar_aeqd_09_janvier/wp072023/rcm1-sc50ma-owi-cm-20230812t084220-20230812t084338-00003_aeqd.nc,/scale/project/ifremer-isi-jumeaunumerique/SARGEO/prototype/v00r00/cyclobs/wp072023/IRWIN/rcm1-sc50ma-owi-cm-20230812t084220-20230812t084338-00003-______ll_gd_GEO-IRWIN.nc,0.8035691523263225,nan
1637,LAN,wp072023,2023-08-10 20:15:25,rcm1-sclnd-owi-cm-20230810t201525-20230810t201705-00003-______ll_gd_GEO-IRWIN.nc,exact_contains,1.3,,,54,/scale/user/mtannaou/alternance/donnees_sar_aeqd_09_janvier/wp072023/rcm1-sclnd-owi-cm-20230810t201525-20230810t201705-00003_aeqd.nc,/scale/project/ifremer-isi-jumeaunumerique/SARGEO/prototype/v00r00/cyclobs/wp072023/IRWIN/rcm1-sclnd-owi-cm-20230810t201525-20230810t201705-00003-______ll_gd_GEO-IRWIN.nc,0.5779477374123646,nan
1638,LAN,wp072023,2023-08-13 08:50:42,rcm1-sc50mb-owi-cm-20230813t085042-20230813t085201-00003-______ll_gd_GEO-IRWIN.nc,exact_contains,0.6,37.5480925928036,50000.0,37,/scale/user/mtannaou/alternance/donnees_sar_aeqd_09_janvier/wp072023/rcm1-sc50mb-owi-cm-20230813t085042-20230813t085201-00003_aeqd.nc,/scale/project/ifremer-isi-jumeaunumerique/SARGEO/prototype/v00r00/cyclobs/wp072023/IRWIN/rcm1-sc50mb-owi-cm-20230813t085042-20230813t085201-00003-______ll_gd_GEO-IRWIN.nc,0.2056086679413639,train
1639,LAN,wp072023,2023-08-09 08:17:02,rcm1-sclnb-owi-cm-20230809t081702-20230809t081819-00003-______ll_gd_GEO-IRWIN.nc,exact_contains,0.3,29.231222002611226,44000.0,30,/scale/user/mtannaou/alternance/donnees_sar_aeqd_09_janvier/wp072023/rcm1-sclnb-owi-cm-20230809t081702-20230809t081819-00003_aeqd.nc,/scale/project/ifremer-isi-jumeaunumerique/SARGEO/prototype/v00r00/cyclobs/wp072023/IRWIN/rcm1-sclnb-owi-cm-20230809t081702-20230809t081819-00003-______ll_gd_GEO-IRWIN.nc,0.055831739961759,val
1640,LAN,wp072023,2023-08-10 08:25:15,rcm1-sclnb-owi-cm-20230810t082515-20230810t082659-00003-______ll_gd_GEO-IRWIN.nc,exact_contains,0.3,42.35316666666667,30000.0,42,/scale/user/mtannaou/alternance/donnees_sar_aeqd_09_janvier/wp072023/rcm1-sclnb-owi-cm-20230810t082515-20230810t082659-00003_aeqd.nc,/scale/project/ifremer-isi-jumeaunumerique/SARGEO/prototype/v00r00/cyclobs/wp072023/IRWIN/rcm1-sclnb-owi-cm-20230810t082515-20230810t082659-00003-______ll_gd_GEO-IRWIN.nc,0.1774378585086042,test
1641,LAN,wp072023,2023-08-15 20:53:03,rcm1-sc50mc-owi-cm-20230815t205303-20230815t205405-00003-______ll_gd_GEO-IRWIN.nc,exact_contains,1.8,24.03083975976685,51000.0,23,/scale/user/mtannaou/alternance/donnees_sar_aeqd_09_janvier/wp072023/rcm1-sc50mc-owi-cm-20230815t205303-20230815t205405-00003_aeqd.nc,/scale/project/ifremer-isi-jumeaunumerique/SARGEO/prototype/v00r00/cyclobs/wp072023/IRWIN/rcm1-sc50mc-owi-cm-20230815t205303-20230815t205405-00003-______ll_gd_GEO-IRWIN.nc,0.297131931166348,train
1642,LAN,wp072023,2023-08-15 08:50:14,s1a-ew-owi-cm-20230815t085014-20230815t085117-000003-05FFFE_ll_gd_GEO-IRWIN.nc,exact_contains,2.7,19.899114271548573,17000.0,25,/scale/user/mtannaou/alternance/donnees_sar_aeqd_09_janvier/wp072023/s1a-ew-owi-cm-20230815t085014-20230815t085117-000003-_aeqd.nc,/scale/project/ifremer-isi-jumeaunumerique/SARGEO/prototype/v00r00/cyclobs/wp072023/IRWIN/s1a-ew-owi-cm-20230815t085014-20230815t085117-000003-05FFFE_ll_gd_GEO-IRWIN.nc,0.5884002549394519,nan
1643,LAN,wp072023,2023-08-15 09:08:43,rcm1-sc50mc-owi-cm-20230815t090843-20230815t090917-00003-______ll_gd_GEO-IRWIN.nc,exact_contains,2.55,,,24,/scale/user/mtannaou/alternance/donnees_sar_aeqd_09_janvier/wp072023/rcm1-sc50mc-owi-cm-20230815t090843-20230815t090917-00003_aeqd.nc,/scale/project/ifremer-isi-jumeaunumerique/SARGEO/prototype/v00r00/cyclobs/wp072023/IRWIN/rcm1-sc50mc-owi-cm-20230815t090843-20230815t090917-00003-______ll_gd_GEO-IRWIN.nc,0.6080305927342257,nan
1644,LAN,wp072023,2023-08-12 20:31:04,rcm1-sclnc-owi-cm-20230812t203104-20230812t203220-00003-______ll_gd_GEO-IRWIN.nc,exact_contains,0.6,38.14095555539752,75000.0,35,/scale/user/mtannaou/alternance/donnees_sar_aeqd_09_janvier/wp072023/rcm1-sclnc-owi-cm-20230812t203104-20230812t203220-00003_aeqd.nc,/scale/project/ifremer-isi-jumeaunumerique/SARGEO/prototype/v00r00/cyclobs/wp072023/IRWIN/rcm1-sclnc-owi-cm-20230812t203104-20230812t203220-00003-______ll_gd_GEO-IRWIN.nc,0.1919694072657743,train
1645,LAN,wp072023,2023-08-15 09:08:43,rcm1-sc50mc-owi-cm-20230815t090801-20230815t090820-00003-______ll_gd_GEO-IRWIN.nc,fuzzy_sat_time,2.55,,,24,/scale/user/mtannaou/alternance/donnees_sar_aeqd_09_janvier/wp072023/rcm1-sc50mc-owi-cm-20230815t090843-20230815t090917-00003_aeqd.nc,/scale/project/ifremer-isi-jumeaunumerique/SARGEO/prototype/v00r00/cyclobs/wp072023/IRWIN/rcm1-sc50mc-owi-cm-20230815t090801-20230815t090820-00003-______ll_gd_GEO-IRWIN.nc,0.6080305927342257,nan
1646,LAN,wp072023,2023-08-14 20:46:25,rcm1-sc50mc-owi-cm-20230814t204625-20230814t204715-00003-______ll_gd_GEO-IRWIN.nc,exact_contains,3.6,,,36,/scale/user/mtannaou/alternance/donnees_sar_aeqd_09_janvier/wp072023/rcm1-sc50mc-owi-cm-20230814t204625-20230814t204715-00003_aeqd.nc,/scale/project/ifremer-isi-jumeaunumerique/SARGEO/prototype/v00r00/cyclobs/wp072023/IRWIN/rcm1-sc50mc-owi-cm-20230814t204625-20230814t204715-00003-______ll_gd_GEO-IRWIN.nc,0.7154875717017208,nan
1647,LAN,wp072023,2023-08-11 08:33:42,rcm1-sclnc-owi-cm-20230811t083342-20230811t083522-00003-______ll_gd_GEO-IRWIN.nc,exact_contains,0.0,46.91406666666667,24000.0,54,/scale/user/mtannaou/alternance/donnees_sar_aeqd_09_janvier/wp072023/rcm1-sclnc-owi-cm-20230811t083342-20230811t083522-00003_aeqd.nc,/scale/project/ifremer-isi-jumeaunumerique/SARGEO/prototype/v00r00/cyclobs/wp072023/IRWIN/rcm1-sclnc-owi-cm-20230811t083342-20230811t083522-00003-______ll_gd_GEO-IRWIN.nc,0.0122370936902485,train
1648,LAN,wp072023,2023-08-14 08:59:18,rcm1-sc50mc-owi-cm-20230814t085918-20230814t090035-00003-______ll_gd_GEO-IRWIN.nc,exact_contains,0.6,41.63298518518041,63000.0,44,/scale/user/mtannaou/alternance/donnees_sar_aeqd_09_janvier/wp072023/rcm1-sc50mc-owi-cm-20230814t085918-20230814t090035-00003_aeqd.nc,/scale/project/ifremer-isi-jumeaunumerique/SARGEO/prototype/v00r00/cyclobs/wp072023/IRWIN/rcm1-sc50mc-owi-cm-20230814t085918-20230814t090035-00003-______ll_gd_GEO-IRWIN.nc,0.0160611854684512,test
1649,LAN,wp072023,2023-08-09 20:08:00,rcm1-sclnd-owi-cm-20230809t200800-20230809t200917-00003-______ll_gd_GEO-IRWIN.nc,exact_contains,0.0,30.52179674806698,49000.0,32,/scale/user/mtannaou/alternance/donnees_sar_aeqd_09_janvier/wp072023/rcm1-sclnd-owi-cm-20230809t200800-20230809t200917-00003_aeqd.nc,/scale/project/ifremer-isi-jumeaunumerique/SARGEO/prototype/v00r00/cyclobs/wp072023/IRWIN/rcm1-sclnd-owi-cm-20230809t200800-20230809t200917-00003-______ll_gd_GEO-IRWIN.nc,0.0823454429572976,val
1650,LAN,wp072023,2023-08-17 08:23:15,rcm3-sc50ma-owi-cm-20230817t082315-20230817t082431-00003-______ll_gd_GEO-IRWIN.nc,fuzzy_sat_time,4.8,24.386859607583936,158000.0,18,/scale/user/mtannaou/alternance/donnees_sar_aeqd_09_janvier/wp072023/rcm3-sc50ma-owi-cm-20230817t082315-20230817t082407-00003_aeqd.nc,/scale/project/ifremer-isi-jumeaunumerique/SARGEO/prototype/v00r00/cyclobs/wp072023/IRWIN/rcm3-sc50ma-owi-cm-20230817t082315-20230817t082431-00003-______ll_gd_GEO-IRWIN.nc,0.0246016571064372,train
1651,HUMBERTO,al082025,2025-10-01 10:25:03,s1c-ew-owi-cm-20251001t102503-20251001t102606-000003-008A82_ll_gd_GEO-IRWIN.nc,exact_contains,0.8999999999999999,35.300602777618764,128000.0,32,/scale/user/mtannaou/alternance/donnees_sar_aeqd_09_janvier/al082025no_env/s1c-ew-owi-cm-20251001t102503-20251001t102606-000003-_aeqd.nc,/scale/project/ifremer-isi-jumeaunumerique/SARGEO/prototype/v00r00/cyclobs/al082025/IRWIN/s1c-ew-owi-cm-20251001t102503-20251001t102606-000003-008A82_ll_gd_GEO-IRWIN.nc,0.0,train
1652,HUMBERTO,al082025,2025-09-29 22:32:00,rcm2-sc50ma-owi-cm-20250929t223200-20250929t223259-00003-xxxxx_ll_gd_GEO-IRWIN.nc,exact_contains,0.5,62.12784166666668,28000.0,54,/scale/user/mtannaou/alternance/donnees_sar_aeqd_09_janvier/al082025no_env/rcm2-sc50ma-owi-cm-20250929t223200-20250929t223259-00003_aeqd.nc,/scale/project/ifremer-isi-jumeaunumerique/SARGEO/prototype/v00r00/cyclobs/al082025/IRWIN/rcm2-sc50ma-owi-cm-20250929t223200-20250929t223259-00003-xxxxx_ll_gd_GEO-IRWIN.nc,0.4785213511790949,test
1653,HUMBERTO,al082025,2025-09-30 10:35:33,s1a-ew-owi-cm-20250930t103533-20250930t103637-000003-07A261_ll_gd_GEO-IRWIN.nc,exact_contains,1.3,37.13962222222222,77000.0,41,/scale/user/mtannaou/alternance/donnees_sar_aeqd_09_janvier/al082025no_env/s1a-ew-owi-cm-20250930t103533-20250930t103637-000003-_aeqd.nc,/scale/project/ifremer-isi-jumeaunumerique/SARGEO/prototype/v00r00/cyclobs/al082025/IRWIN/s1a-ew-owi-cm-20250930t103533-20250930t103637-000003-07A261_ll_gd_GEO-IRWIN.nc,0.2117272147864882,train
1654,HUMBERTO,al082025,2025-09-27 22:13:41,rcm2-sclnc-owi-cm-20250927t221341-20250927t221452-00003-xxxxx_ll_gd_GEO-IRWIN.nc,exact_contains,0.6,70.32333333333332,12000.0,71,/scale/user/mtannaou/alternance/donnees_sar_aeqd_09_janvier/al082025no_env/rcm2-sclnc-owi-cm-20250927t221341-20250927t221452-00003_aeqd.nc,/scale/project/ifremer-isi-jumeaunumerique/SARGEO/prototype/v00r00/cyclobs/al082025/IRWIN/rcm2-sclnc-owi-cm-20250927t221341-20250927t221452-00003-xxxxx_ll_gd_GEO-IRWIN.nc,0.0,test
1655,HUMBERTO,al082025,2025-09-30 22:23:20,s1c-ew-owi-cm-20250930t222320-20250930t222423-000003-008A4C_ll_gd_GEO-IRWIN.nc,exact_contains,2.8,,,36,/scale/user/mtannaou/alternance/donnees_sar_aeqd_09_janvier/al082025no_env/s1c-ew-owi-cm-20250930t222320-20250930t222423-000003-_aeqd.nc,/scale/project/ifremer-isi-jumeaunumerique/SARGEO/prototype/v00r00/cyclobs/al082025/IRWIN/s1c-ew-owi-cm-20250930t222320-20250930t222423-000003-008A4C_ll_gd_GEO-IRWIN.nc,0.7021032504780115,nan
1656,HUMBERTO,al082025,2025-09-26 22:04:12,s1a-ew-owi-cm-20250926t220412-20250926t220516-000003-07A046_ll_gd_GEO-IRWIN.nc,exact_contains,0.5,49.81400740740741,19000.0,57,/scale/user/mtannaou/alternance/donnees_sar_aeqd_09_janvier/al082025no_env/s1a-ew-owi-cm-20250926t220412-20250926t220516-000003-_aeqd.nc,/scale/project/ifremer-isi-jumeaunumerique/SARGEO/prototype/v00r00/cyclobs/al082025/IRWIN/s1a-ew-owi-cm-20250926t220412-20250926t220516-000003-07A046_ll_gd_GEO-IRWIN.nc,0.5592096876991715,nan
1657,HUMBERTO,al082025,2025-09-28 10:05:23,rcm2-sclnc-owi-cm-20250928t100523-20250928t100635-00003-xxxxx_ll_gd_GEO-IRWIN.nc,exact_contains,1.0,60.75463703703704,11000.0,68,/scale/user/mtannaou/alternance/donnees_sar_aeqd_09_janvier/al082025no_env/rcm2-sclnc-owi-cm-20250928t100523-20250928t100635-00003_aeqd.nc,/scale/project/ifremer-isi-jumeaunumerique/SARGEO/prototype/v00r00/cyclobs/al082025/IRWIN/rcm2-sclnc-owi-cm-20250928t100523-20250928t100635-00003-xxxxx_ll_gd_GEO-IRWIN.nc,0.0,val
1658,HUMBERTO,al082025,2025-09-28 22:22:16,rcm2-sc50mb-owi-cm-20250928t222216-20250928t222325-00003-xxxxx_ll_gd_GEO-IRWIN.nc,exact_contains,0.0,54.3451851851852,38000.0,62,/scale/user/mtannaou/alternance/donnees_sar_aeqd_09_janvier/al082025no_env/rcm2-sc50mb-owi-cm-20250928t222216-20250928t222325-00003_aeqd.nc,/scale/project/ifremer-isi-jumeaunumerique/SARGEO/prototype/v00r00/cyclobs/al082025/IRWIN/rcm2-sc50mb-owi-cm-20250928t222216-20250928t222325-00003-xxxxx_ll_gd_GEO-IRWIN.nc,0.0246016571064372,train
1659,HUMBERTO,al082025,2025-09-26 22:05:36,rcm2-sclnc-owi-cm-20250926t220536-20250926t220647-00003-xxxxx_ll_gd_GEO-IRWIN.nc,exact_contains,0.0,48.686633333333326,18000.0,57,/scale/user/mtannaou/alternance/donnees_sar_aeqd_09_janvier/al082025no_env/rcm2-sclnc-owi-cm-20250926t220536-20250926t220647-00003_aeqd.nc,/scale/project/ifremer-isi-jumeaunumerique/SARGEO/prototype/v00r00/cyclobs/al082025/IRWIN/rcm2-sclnc-owi-cm-20250926t220536-20250926t220647-00003-xxxxx_ll_gd_GEO-IRWIN.nc,0.0804333970681963,val
1660,HUMBERTO,al082025,2025-09-30 22:40:40,rcm2-sc50mc-owi-cm-20250930t224040-20250930t224152-00003-xxxxx_ll_gd_GEO-IRWIN.nc,exact_contains,0.3,32.37411947219391,73000.0,36,/scale/user/mtannaou/alternance/donnees_sar_aeqd_09_janvier/al082025no_env/rcm2-sc50mc-owi-cm-20250930t224040-20250930t224152-00003_aeqd.nc,/scale/project/ifremer-isi-jumeaunumerique/SARGEO/prototype/v00r00/cyclobs/al082025/IRWIN/rcm2-sc50mc-owi-cm-20250930t224040-20250930t224152-00003-xxxxx_ll_gd_GEO-IRWIN.nc,0.0,test
1661,HUMBERTO,al082025,2025-09-29 10:12:48,rcm2-sclnd-owi-cm-20250929t101248-20250929t101359-00003-xxxxx_ll_gd_GEO-IRWIN.nc,exact_contains,0.5,49.78695925925926,40000.0,63,/scale/user/mtannaou/alternance/donnees_sar_aeqd_09_janvier/al082025no_env/rcm2-sclnd-owi-cm-20250929t101248-20250929t101359-00003_aeqd.nc,/scale/project/ifremer-isi-jumeaunumerique/SARGEO/prototype/v00r00/cyclobs/al082025/IRWIN/rcm2-sclnd-owi-cm-20250929t101248-20250929t101359-00003-xxxxx_ll_gd_GEO-IRWIN.nc,0.4503505417463352,train
1662,HUMBERTO,al082025,2025-09-29 22:31:13,s1a-ew-owi-cm-20250929t223113-20250929t223216-000003-07A212_ll_gd_GEO-IRWIN.nc,exact_contains,0.0,57.90450370370371,23000.0,54,/scale/user/mtannaou/alternance/donnees_sar_aeqd_09_janvier/al082025no_env/s1a-ew-owi-cm-20250929t223113-20250929t223216-000003-_aeqd.nc,/scale/project/ifremer-isi-jumeaunumerique/SARGEO/prototype/v00r00/cyclobs/al082025/IRWIN/s1a-ew-owi-cm-20250929t223113-20250929t223216-000003-07A212_ll_gd_GEO-IRWIN.nc,0.0,train
1663,HUMBERTO,al082025,2025-09-25 21:57:17,rcm2-sclna-owi-cm-20250925t215717-20250925t215825-00003-xxxxx_ll_gd_GEO-IRWIN.nc,exact_contains,3.55,28.013125421473017,19000.0,27,/scale/user/mtannaou/alternance/donnees_sar_aeqd_09_janvier/al082025no_env/rcm2-sclna-owi-cm-20250925t215717-20250925t215825-00003_aeqd.nc,/scale/project/ifremer-isi-jumeaunumerique/SARGEO/prototype/v00r00/cyclobs/al082025/IRWIN/rcm2-sclna-owi-cm-20250925t215717-20250925t215825-00003-xxxxx_ll_gd_GEO-IRWIN.nc,0.6678138942001275,nan
1664,HUMBERTO,al082025,2025-09-28 10:04:10,s1c-ew-owi-cm-20250928t100410-20250928t100514-000003-00892D_ll_gd_GEO-IRWIN.nc,exact_contains,2.65,37.09454074074072,26000.0,68,/scale/user/mtannaou/alternance/donnees_sar_aeqd_09_janvier/al082025no_env/s1c-ew-owi-cm-20250928t100410-20250928t100514-000003-_aeqd.nc,/scale/project/ifremer-isi-jumeaunumerique/SARGEO/prototype/v00r00/cyclobs/al082025/IRWIN/s1c-ew-owi-cm-20250928t100410-20250928t100514-000003-00892D_ll_gd_GEO-IRWIN.nc,0.7279796048438496,nan
1665,HUMBERTO,al082025,2025-09-26 09:50:22,rcm2-sclnb-owi-cm-20250926t095022-20250926t095049-00003-xxxxx_ll_gd_GEO-IRWIN.nc,exact_contains,2.8,18.846340496202785,30000.0,37,/scale/user/mtannaou/alternance/donnees_sar_aeqd_09_janvier/al082025no_env/rcm2-sclnb-owi-cm-20250926t095022-20250926t095049-00003_aeqd.nc,/scale/project/ifremer-isi-jumeaunumerique/SARGEO/prototype/v00r00/cyclobs/al082025/IRWIN/rcm2-sclnb-owi-cm-20250926t095022-20250926t095049-00003-xxxxx_ll_gd_GEO-IRWIN.nc,0.7783301465901848,nan
1666,HUMBERTO,al082025,2025-09-25 09:42:09,rcm2-sclnb-owi-cm-20250925t094209-20250925t094320-00003-xxxxx_ll_gd_GEO-IRWIN.nc,exact_contains,2.7,24.065704218486463,77000.0,21,/scale/user/mtannaou/alternance/donnees_sar_aeqd_09_janvier/al082025no_env/rcm2-sclnb-owi-cm-20250925t094209-20250925t094320-00003_aeqd.nc,/scale/project/ifremer-isi-jumeaunumerique/SARGEO/prototype/v00r00/cyclobs/al082025/IRWIN/rcm2-sclnb-owi-cm-20250925t094209-20250925t094320-00003-xxxxx_ll_gd_GEO-IRWIN.nc,0.0,train
1667,HUMBERTO,al082025,2025-09-27 09:57:38,rcm2-sclna-owi-cm-20250927t095738-20250927t095849-00003-xxxxx_ll_gd_GEO-IRWIN.nc,exact_contains,0.6,65.998,11000.0,67,/scale/user/mtannaou/alternance/donnees_sar_aeqd_09_janvier/al082025no_env/rcm2-sclna-owi-cm-20250927t095738-20250927t095849-00003_aeqd.nc,/scale/project/ifremer-isi-jumeaunumerique/SARGEO/prototype/v00r00/cyclobs/al082025/IRWIN/rcm2-sclna-owi-cm-20250927t095738-20250927t095849-00003-xxxxx_ll_gd_GEO-IRWIN.nc,0.0,train
1668,DANIEL,ep042024,2024-08-04 14:25:44,rcm3-sclnc-owi-cm-20240804t142544-20240804t142622-00003-______ll_gd_GEO-IRWIN.nc,exact_contains,3.7,11.16779965955579,89000.0,18,/scale/user/mtannaou/alternance/donnees_sar_aeqd_09_janvier/ep042024/rcm3-sclnc-owi-cm-20240804t142544-20240804t142622-00003_aeqd.nc,/scale/project/ifremer-isi-jumeaunumerique/SARGEO/prototype/v00r00/cyclobs/ep042024/IRWIN/rcm3-sclnc-owi-cm-20240804t142544-20240804t142622-00003-______ll_gd_GEO-IRWIN.nc,0.8976418100701083,nan
1669,DANIEL,ep042024,2024-08-05 14:33:06,rcm3-sclna-owi-cm-20240805t143306-20240805t143421-00003-______ll_gd_GEO-IRWIN.nc,exact_contains,4.2,11.68715799092364,88000.0,16,/scale/user/mtannaou/alternance/donnees_sar_aeqd_09_janvier/ep042024/rcm3-sclna-owi-cm-20240805t143306-20240805t143421-00003_aeqd.nc,/scale/project/ifremer-isi-jumeaunumerique/SARGEO/prototype/v00r00/cyclobs/ep042024/IRWIN/rcm3-sclna-owi-cm-20240805t143306-20240805t143421-00003-______ll_gd_GEO-IRWIN.nc,0.5685149776927979,nan
1670,DANIEL,ep042024,2024-08-05 02:36:59,rcm3-sclna-owi-cm-20240805t023659-20240805t023815-00003-______ll_gd_GEO-IRWIN.nc,exact_contains,2.5,14.38807948689142,25000.0,18,/scale/user/mtannaou/alternance/donnees_sar_aeqd_09_janvier/ep042024/rcm3-sclna-owi-cm-20240805t023659-20240805t023815-00003_aeqd.nc,/scale/project/ifremer-isi-jumeaunumerique/SARGEO/prototype/v00r00/cyclobs/ep042024/IRWIN/rcm3-sclna-owi-cm-20240805t023659-20240805t023815-00003-______ll_gd_GEO-IRWIN.nc,0.7737412364563416,nan
1671,DANIEL,ep042024,2024-08-04 03:00:59,rcm2-sclnd-owi-cm-20240804t030059-20240804t030130-00003-______ll_gd_GEO-IRWIN.nc,exact_contains,3.7,11.109628037197709,96000.0,18,/scale/user/mtannaou/alternance/donnees_sar_aeqd_09_janvier/ep042024/rcm2-sclnd-owi-cm-20240804t030059-20240804t030130-00003_aeqd.nc,/scale/project/ifremer-isi-jumeaunumerique/SARGEO/prototype/v00r00/cyclobs/ep042024/IRWIN/rcm2-sclnd-owi-cm-20240804t030059-20240804t030130-00003-______ll_gd_GEO-IRWIN.nc,1.0,nan
1672,IN-FA,wp092021,2021-07-25 21:48:59,s1b-iw-owi-cm-20210725t214953-20210725t215108-000003-0355E9_ll_gd_GEO-IRWIN.nc,fuzzy_sat_time,1.8,22.27521777777778,108000.0,22,/scale/user/mtannaou/alternance/donnees_sar_aeqd_09_janvier/wp092021/s1b-iw-owi-cm-20210725t214859-20210725t215108-000003-_aeqd.nc,/scale/project/ifremer-isi-jumeaunumerique/SARGEO/prototype/v00r00/cyclobs/wp092021/IRWIN/s1b-iw-owi-cm-20210725t214953-20210725t215108-000003-0355E9_ll_gd_GEO-IRWIN.nc,0.764308476736775,nan
1673,IN-FA,wp092021,2021-07-21 21:34:58,s1a-iw-owi-cm-20210721t213527-20210721t213718-000003-049689_ll_gd_GEO-IRWIN.nc,fuzzy_sat_time,2.1,,,46,/scale/user/mtannaou/alternance/donnees_sar_aeqd_09_janvier/wp092021/s1a-iw-owi-cm-20210721t213458-20210721t213718-000003-_aeqd.nc,/scale/project/ifremer-isi-jumeaunumerique/SARGEO/prototype/v00r00/cyclobs/wp092021/IRWIN/s1a-iw-owi-cm-20210721t213527-20210721t213718-000003-049689_ll_gd_GEO-IRWIN.nc,0.567240280433397,nan
1674,IN-FA,wp092021,2021-07-24 09:53:28,s1a-iw-owi-cm-20210724t095328-20210724t095512-000003-049797_ll_gd_GEO-IRWIN.nc,exact_contains,1.05,33.79102202380952,87000.0,33,/scale/user/mtannaou/alternance/donnees_sar_aeqd_09_janvier/wp092021/s1a-iw-owi-cm-20210724t095328-20210724t095512-000003-_aeqd.nc,/scale/project/ifremer-isi-jumeaunumerique/SARGEO/prototype/v00r00/cyclobs/wp092021/IRWIN/s1a-iw-owi-cm-20210724t095328-20210724t095512-000003-049797_ll_gd_GEO-IRWIN.nc,0.7377947737412365,nan
1675,IN-FA,wp092021,2021-07-24 09:33:03,rcm1-sc50ma-owi-cm-20210724t093303-20210724t094207-00003-______ll_gd_GEO-IRWIN.nc,exact_contains,0.0,32.632077749059405,120000.0,33,/scale/user/mtannaou/alternance/donnees_sar_aeqd_09_janvier/wp092021/rcm1-sc50ma-owi-cm-20210724t093303-20210724t094207-00003_aeqd.nc,/scale/project/ifremer-isi-jumeaunumerique/SARGEO/prototype/v00r00/cyclobs/wp092021/IRWIN/rcm1-sc50ma-owi-cm-20210724t093303-20210724t094207-00003-______ll_gd_GEO-IRWIN.nc,0.0437221159974506,test
1676,IN-FA,wp092021,2021-07-20 09:21:17,rs2-scwa-owi-cm-20210720t092117-20210720t092234-00003-______ll_gd_GEO-IRWIN.nc,exact_contains,3.05,,,36,/scale/user/mtannaou/alternance/donnees_sar_aeqd_09_janvier/wp092021/rs2-scwa-owi-cm-20210720t092117-20210720t092234-00003_aeqd.nc,/scale/project/ifremer-isi-jumeaunumerique/SARGEO/prototype/v00r00/cyclobs/wp092021/IRWIN/rs2-scwa-owi-cm-20210720t092117-20210720t092234-00003-______ll_gd_GEO-IRWIN.nc,0.8189929891650733,nan
1677,ZELIA,sh172025,2025-02-13 21:40:47,rcm2-sclnc-owi-cm-20250213t214047-20250213t214201-00003-xxxxx_ll_gd_GEO-IRWIN.nc,exact_contains,0.5,60.313014814814814,11000.0,60,/scale/user/mtannaou/alternance/donnees_sar_aeqd_09_janvier/sh172025/rcm2-sclnc-owi-cm-20250213t214047-20250213t214201-00003_aeqd.nc,/scale/project/ifremer-isi-jumeaunumerique/SARGEO/prototype/v00r00/cyclobs/sh172025/IRWIN/rcm2-sclnc-owi-cm-20250213t214047-20250213t214201-00003-xxxxx_ll_gd_GEO-IRWIN.nc,0.4483110261312938,train
1678,ZELIA,sh172025,2025-02-13 10:30:31,rcm3-sclna-owi-cm-20250213t103031-20250213t103145-00003-xxxxx_ll_gd_GEO-IRWIN.nc,exact_contains,0.0,54.20963703703705,15000.0,64,/scale/user/mtannaou/alternance/donnees_sar_aeqd_09_janvier/sh172025/rcm3-sclna-owi-cm-20250213t103031-20250213t103145-00003_aeqd.nc,/scale/project/ifremer-isi-jumeaunumerique/SARGEO/prototype/v00r00/cyclobs/sh172025/IRWIN/rcm3-sclna-owi-cm-20250213t103031-20250213t103145-00003-xxxxx_ll_gd_GEO-IRWIN.nc,0.0,train
1679,ZELIA,sh172025,2025-02-12 21:32:35,rcm2-sclnc-owi-cm-20250212t213235-20250212t213352-00003-xxxxx_ll_gd_GEO-IRWIN.nc,exact_contains,0.6,69.32960000000001,12000.0,62,/scale/user/mtannaou/alternance/donnees_sar_aeqd_09_janvier/sh172025/rcm2-sclnc-owi-cm-20250212t213235-20250212t213352-00003_aeqd.nc,/scale/project/ifremer-isi-jumeaunumerique/SARGEO/prototype/v00r00/cyclobs/sh172025/IRWIN/rcm2-sclnc-owi-cm-20250212t213235-20250212t213352-00003-xxxxx_ll_gd_GEO-IRWIN.nc,0.0033142128744423,train
1680,ZELIA,sh172025,2025-02-11 21:24:11,rcm2-sclnd-owi-cm-20250211t212411-20250211t212528-00003-xxxxx_ll_gd_GEO-IRWIN.nc,exact_contains,1.65,34.138829494812256,38000.0,30,/scale/user/mtannaou/alternance/donnees_sar_aeqd_09_janvier/sh172025/rcm2-sclnd-owi-cm-20250211t212411-20250211t212528-00003_aeqd.nc,/scale/project/ifremer-isi-jumeaunumerique/SARGEO/prototype/v00r00/cyclobs/sh172025/IRWIN/rcm2-sclnd-owi-cm-20250211t212411-20250211t212528-00003-xxxxx_ll_gd_GEO-IRWIN.nc,0.3189292543021032,train
1681,ZELIA,sh172025,2025-02-12 10:22:38,rcm3-sclna-owi-cm-20250212t102238-20250212t102355-00003-xxxxx_ll_gd_GEO-IRWIN.nc,exact_contains,3.05,29.383751274698444,37000.0,35,/scale/user/mtannaou/alternance/donnees_sar_aeqd_09_janvier/sh172025/rcm3-sclna-owi-cm-20250212t102238-20250212t102355-00003_aeqd.nc,/scale/project/ifremer-isi-jumeaunumerique/SARGEO/prototype/v00r00/cyclobs/sh172025/IRWIN/rcm3-sclna-owi-cm-20250212t102238-20250212t102355-00003-xxxxx_ll_gd_GEO-IRWIN.nc,0.7627788400254939,nan
1682,GUAMBE,sh212021,2021-02-21 02:53:26,s1a-ew-owi-cm-20210221t025326-20210221t025554-000003-044F8D_ll_gd_GEO-IRWIN.nc,exact_contains,2.0,30.19476520372572,36000.0,31,/scale/user/mtannaou/alternance/donnees_sar_aeqd_09_janvier/sh212021/s1a-ew-owi-cm-20210221t025326-20210221t025554-000003-_aeqd.nc,/scale/project/ifremer-isi-jumeaunumerique/SARGEO/prototype/v00r00/cyclobs/sh212021/IRWIN/s1a-ew-owi-cm-20210221t025326-20210221t025554-000003-044F8D_ll_gd_GEO-IRWIN.nc,0.0,train
1683,GUAMBE,sh212021,2021-02-20 03:00:28,s1b-iw-owi-cm-20210220t030122-20210220t030237-000003-030FCF_ll_gd_GEO-IRWIN.nc,fuzzy_sat_time,0.6,29.381807407407408,31000.0,37,/scale/user/mtannaou/alternance/donnees_sar_aeqd_09_janvier/sh212021/s1b-iw-owi-cm-20210220t030028-20210220t030302-000003-_aeqd.nc,/scale/project/ifremer-isi-jumeaunumerique/SARGEO/prototype/v00r00/cyclobs/sh212021/IRWIN/s1b-iw-owi-cm-20210220t030122-20210220t030237-000003-030FCF_ll_gd_GEO-IRWIN.nc,0.0407903123008285,test
1684,GUAMBE,sh212021,2021-02-20 03:03:29,rs2-scwa-owi-cm-20210220t030329-20210220t030445-00003-______ll_gd_GEO-IRWIN.nc,exact_contains,1.0,29.688626981843026,56000.0,37,/scale/user/mtannaou/alternance/donnees_sar_aeqd_09_janvier/sh212021/rs2-scwa-owi-cm-20210220t030329-20210220t030445-00003_aeqd.nc,/scale/project/ifremer-isi-jumeaunumerique/SARGEO/prototype/v00r00/cyclobs/sh212021/IRWIN/rs2-scwa-owi-cm-20210220t030329-20210220t030445-00003-______ll_gd_GEO-IRWIN.nc,0.0096876991714467,test
1685,CHALANE,sh072021,2020-12-25 14:45:26,s1a-ew-owi-cm-20201225t144526-20201225t144819-000003-04324A_ll_gd_GEO-IRWIN.nc,exact_contains,1.4,16.724110489688,96000.0,18,/scale/user/mtannaou/alternance/donnees_sar_aeqd_09_janvier/sh072021/s1a-ew-owi-cm-20201225t144526-20201225t144819-000003-_aeqd.nc,/scale/project/ifremer-isi-jumeaunumerique/SARGEO/prototype/v00r00/cyclobs/sh072021/IRWIN/s1a-ew-owi-cm-20201225t144526-20201225t144819-000003-04324A_ll_gd_GEO-IRWIN.nc,0.001529636711281,test
1686,CHALANE,sh072021,2020-12-25 01:43:42,s1b-ew-owi-cm-20201225t014342-20201225t014552-000003-02F4F5_ll_gd_GEO-IRWIN.nc,exact_contains,1.7,21.82349155114176,149000.0,18,/scale/user/mtannaou/alternance/donnees_sar_aeqd_09_janvier/sh072021/s1b-ew-owi-cm-20201225t014342-20201225t014552-000003-_aeqd.nc,/scale/project/ifremer-isi-jumeaunumerique/SARGEO/prototype/v00r00/cyclobs/sh072021/IRWIN/s1b-ew-owi-cm-20201225t014342-20201225t014552-000003-02F4F5_ll_gd_GEO-IRWIN.nc,0.0089228808158062,train
1687,CHALANE,sh072021,2020-12-29 02:49:59,s1b-iw-owi-cm-20201229t025114-20201229t025257-000003-02F6D8_ll_gd_GEO-IRWIN.nc,fuzzy_sat_time,3.55,31.75900740740741,38000.0,23,/scale/user/mtannaou/alternance/donnees_sar_aeqd_09_janvier/sh072021/s1b-iw-owi-cm-20201229t024959-20201229t025257-000003-_aeqd.nc,/scale/project/ifremer-isi-jumeaunumerique/SARGEO/prototype/v00r00/cyclobs/sh072021/IRWIN/s1b-iw-owi-cm-20201229t025114-20201229t025257-000003-02F6D8_ll_gd_GEO-IRWIN.nc,0.401402166985341,train
1688,HIGOS,wp082020,2020-08-18 10:25:17,s1a-iw-owi-cm-20200818t102517-20200818t102611-000003-03F0BB_ll_gd_GEO-IRWIN.nc,exact_contains,5.55,,,28,/scale/user/mtannaou/alternance/donnees_sar_aeqd_09_janvier/wp082020/s1a-iw-owi-cm-20200818t102517-20200818t102611-000003-_aeqd.nc,/scale/project/ifremer-isi-jumeaunumerique/SARGEO/prototype/v00r00/cyclobs/wp082020/IRWIN/s1a-iw-owi-cm-20200818t102517-20200818t102611-000003-03F0BB_ll_gd_GEO-IRWIN.nc,0.451497769279796,nan
1689,BETA,al222020,2020-09-20 00:07:54,s1a-iw-owi-cm-20200920t000909-20200920t001024-000003-040179_ll_gd_GEO-IRWIN.nc,fuzzy_sat_time,1.0,25.00240740740741,228000.0,26,/scale/user/mtannaou/alternance/donnees_sar_aeqd_09_janvier/al222020/s1a-iw-owi-cm-20200920t000754-20200920t001049-000003-_aeqd.nc,/scale/project/ifremer-isi-jumeaunumerique/SARGEO/prototype/v00r00/cyclobs/al222020/IRWIN/s1a-iw-owi-cm-20200920t000909-20200920t001024-000003-040179_ll_gd_GEO-IRWIN.nc,0.2804333970681963,nan
1690,ep112024,ep112024,2024-10-03 12:16:23,rcm1-sclnc-owi-cm-20241003t121623-20241003t121739-00003-______ll_gd_GEO-IRWIN.nc,exact_contains,0.75,7.747866803705662,152000.0,16,/scale/user/mtannaou/alternance/donnees_sar_aeqd_09_janvier/ep112024/rcm1-sclnc-owi-cm-20241003t121623-20241003t121739-00003_aeqd.nc,/scale/project/ifremer-isi-jumeaunumerique/SARGEO/prototype/v00r00/cyclobs/ep112024/IRWIN/rcm1-sclnc-owi-cm-20241003t121623-20241003t121739-00003-______ll_gd_GEO-IRWIN.nc,0.7593371574251115,nan
1691,ep112024,ep112024,2024-10-02 12:08:41,rcm1-sclnc-owi-cm-20241002t120841-20241002t120924-00003-______ll_gd_GEO-IRWIN.nc,exact_contains,0.9,,,15,,/scale/project/ifremer-isi-jumeaunumerique/SARGEO/prototype/v00r00/cyclobs/ep112024/IRWIN/rcm1-sclnc-owi-cm-20241002t120841-20241002t120924-00003-______ll_gd_GEO-IRWIN.nc,,nan
1692,ERIN,al052025,2025-08-20 23:04:17,rcm3-sclnd-owi-cm-20250820t230417-20250820t230527-00003-xxxxx_ll_gd_GEO-IRWIN.nc,exact_contains,0.0,47.40534814814812,22000.0,49,/scale/user/mtannaou/alternance/donnees_sar_aeqd_09_janvier/al052025no_env/rcm3-sclnd-owi-cm-20250820t230417-20250820t230527-00003_aeqd.nc,/scale/project/ifremer-isi-jumeaunumerique/SARGEO/prototype/v00r00/cyclobs/al052025/IRWIN/rcm3-sclnd-owi-cm-20250820t230417-20250820t230527-00003-xxxxx_ll_gd_GEO-IRWIN.nc,0.0011472275334608,train
1693,ERIN,al052025,2025-08-13 20:59:50,rcm2-sclna-owi-cm-20250813t205950-20250813t210057-00003-xxxxx_ll_gd_GEO-IRWIN.nc,exact_contains,2.4000000000000004,33.46166531029533,27000.0,23,/scale/user/mtannaou/alternance/donnees_sar_aeqd_09_janvier/al052025no_env/rcm2-sclna-owi-cm-20250813t205950-20250813t210057-00003_aeqd.nc,/scale/project/ifremer-isi-jumeaunumerique/SARGEO/prototype/v00r00/cyclobs/al052025/IRWIN/rcm2-sclna-owi-cm-20250813t205950-20250813t210057-00003-xxxxx_ll_gd_GEO-IRWIN.nc,0.3753983428935628,train
1694,ERIN,al052025,2025-08-20 10:44:33,rcm3-sc50mc-owi-cm-20250820t104433-20250820t104548-00003-xxxxx_ll_gd_GEO-IRWIN.nc,exact_contains,0.0,40.24111162497252,28000.0,48,/scale/user/mtannaou/alternance/donnees_sar_aeqd_09_janvier/al052025no_env/rcm3-sc50mc-owi-cm-20250820t104433-20250820t104548-00003_aeqd.nc,/scale/project/ifremer-isi-jumeaunumerique/SARGEO/prototype/v00r00/cyclobs/al052025/IRWIN/rcm3-sc50mc-owi-cm-20250820t104433-20250820t104548-00003-xxxxx_ll_gd_GEO-IRWIN.nc,0.3012109623964308,test
1695,ERIN,al052025,2025-08-14 21:39:36,rcm1-sclnd-owi-cm-20250814t213936-20250814t214049-00003-xxxxx_ll_gd_GEO-IRWIN.nc,exact_contains,0.7,28.51746795807292,30000.0,29,/scale/user/mtannaou/alternance/donnees_sar_aeqd_09_janvier/al052025no_env/rcm1-sclnd-owi-cm-20250814t213936-20250814t214049-00003_aeqd.nc,/scale/project/ifremer-isi-jumeaunumerique/SARGEO/prototype/v00r00/cyclobs/al052025/IRWIN/rcm1-sclnd-owi-cm-20250814t213936-20250814t214049-00003-xxxxx_ll_gd_GEO-IRWIN.nc,0.0,train
1696,ERIN,al052025,2025-08-22 22:00:13,s1c-ew-owi-cm-20250822t220013-20250822t220116-000003-007914_ll_gd_GEO-IRWIN.nc,exact_contains,3.2,36.22812592592592,139000.0,41,/scale/user/mtannaou/alternance/donnees_sar_aeqd_09_janvier/al052025no_env/s1c-ew-owi-cm-20250822t220013-20250822t220116-000003-_aeqd.nc,/scale/project/ifremer-isi-jumeaunumerique/SARGEO/prototype/v00r00/cyclobs/al052025/IRWIN/s1c-ew-owi-cm-20250822t220013-20250822t220116-000003-007914_ll_gd_GEO-IRWIN.nc,0.8688336520076482,nan
1697,ERIN,al052025,2025-08-18 10:30:02,rcm3-sclnc-owi-cm-20250818t103002-20250818t103115-00003-xxxxx_ll_gd_GEO-IRWIN.nc,exact_contains,0.0,50.89626666666667,26000.0,61,/scale/user/mtannaou/alternance/donnees_sar_aeqd_09_janvier/al052025no_env/rcm3-sclnc-owi-cm-20250818t103002-20250818t103115-00003_aeqd.nc,/scale/project/ifremer-isi-jumeaunumerique/SARGEO/prototype/v00r00/cyclobs/al052025/IRWIN/rcm3-sclnc-owi-cm-20250818t103002-20250818t103115-00003-xxxxx_ll_gd_GEO-IRWIN.nc,0.0792861695347355,train
1698,ERIN,al052025,2025-08-13 08:46:38,rcm2-sclna-owi-cm-20250813t084638-20250813t084748-00003-xxxxx_ll_gd_GEO-IRWIN.nc,exact_contains,2.0,23.978796632822824,13000.0,22,/scale/user/mtannaou/alternance/donnees_sar_aeqd_09_janvier/al052025no_env/rcm2-sclna-owi-cm-20250813t084638-20250813t084748-00003_aeqd.nc,/scale/project/ifremer-isi-jumeaunumerique/SARGEO/prototype/v00r00/cyclobs/al052025/IRWIN/rcm2-sclna-owi-cm-20250813t084638-20250813t084748-00003-xxxxx_ll_gd_GEO-IRWIN.nc,0.0936902485659655,train
1699,ERIN,al052025,2025-08-11 20:11:26,rcm3-sclnd-owi-cm-20250811t201126-20250811t201236-00003-xxxxx_ll_gd_GEO-IRWIN.nc,exact_contains,2.4,27.1731728973388,15000.0,21,/scale/user/mtannaou/alternance/donnees_sar_aeqd_09_janvier/al052025no_env/rcm3-sclnd-owi-cm-20250811t201126-20250811t201236-00003_aeqd.nc,/scale/project/ifremer-isi-jumeaunumerique/SARGEO/prototype/v00r00/cyclobs/al052025/IRWIN/rcm3-sclnd-owi-cm-20250811t201126-20250811t201236-00003-xxxxx_ll_gd_GEO-IRWIN.nc,0.008667941363926,train
1700,ERIN,al052025,2025-08-15 09:34:33,rcm1-sclna-owi-cm-20250815t093433-20250815t093543-00003-xxxxx_ll_gd_GEO-IRWIN.nc,exact_contains,0.0,21.79144581360375,25000.0,32,/scale/user/mtannaou/alternance/donnees_sar_aeqd_09_janvier/al052025no_env/rcm1-sclna-owi-cm-20250815t093433-20250815t093543-00003_aeqd.nc,/scale/project/ifremer-isi-jumeaunumerique/SARGEO/prototype/v00r00/cyclobs/al052025/IRWIN/rcm1-sclna-owi-cm-20250815t093433-20250815t093543-00003-xxxxx_ll_gd_GEO-IRWIN.nc,0.0,test
1701,ERIN,al052025,2025-08-11 07:26:27,rcm1-sclnd-owi-cm-20250811t072627-20250811t072740-00003-xxxxx_ll_gd_GEO-IRWIN.nc,exact_contains,0.9,32.89930160042575,21000.0,17,/scale/user/mtannaou/alternance/donnees_sar_aeqd_09_janvier/al052025no_env/rcm1-sclnd-owi-cm-20250811t072627-20250811t072740-00003_aeqd.nc,/scale/project/ifremer-isi-jumeaunumerique/SARGEO/prototype/v00r00/cyclobs/al052025/IRWIN/rcm1-sclnd-owi-cm-20250811t072627-20250811t072740-00003-xxxxx_ll_gd_GEO-IRWIN.nc,0.0545570427023581,train
1702,ERIN,al052025,2025-08-19 22:55:20,rcm3-sc50mb-owi-cm-20250819t225520-20250819t225627-00003-xxxxx_ll_gd_GEO-IRWIN.nc,exact_contains,0.0,43.07046296301822,43000.0,46,/scale/user/mtannaou/alternance/donnees_sar_aeqd_09_janvier/al052025no_env/rcm3-sc50mb-owi-cm-20250819t225520-20250819t225627-00003_aeqd.nc,/scale/project/ifremer-isi-jumeaunumerique/SARGEO/prototype/v00r00/cyclobs/al052025/IRWIN/rcm3-sc50mb-owi-cm-20250819t225520-20250819t225627-00003-xxxxx_ll_gd_GEO-IRWIN.nc,0.0,val
1703,ERIN,al052025,2025-08-14 08:55:02,rcm2-sclnd-owi-cm-20250814t085502-20250814t085615-00003-xxxxx_ll_gd_GEO-IRWIN.nc,exact_contains,3.0,21.39146458087676,55000.0,24,/scale/user/mtannaou/alternance/donnees_sar_aeqd_09_janvier/al052025no_env/rcm2-sclnd-owi-cm-20250814t085502-20250814t085615-00003_aeqd.nc,/scale/project/ifremer-isi-jumeaunumerique/SARGEO/prototype/v00r00/cyclobs/al052025/IRWIN/rcm2-sclnd-owi-cm-20250814t085502-20250814t085615-00003-xxxxx_ll_gd_GEO-IRWIN.nc,0.0516252390057361,train
1704,ERIN,al052025,2025-08-17 22:37:51,rcm3-sclnb-owi-cm-20250817t223751-20250817t223906-00003-xxxxx_ll_gd_GEO-IRWIN.nc,exact_contains,0.0,55.2902962962963,31000.0,57,/scale/user/mtannaou/alternance/donnees_sar_aeqd_09_janvier/al052025no_env/rcm3-sclnb-owi-cm-20250817t223751-20250817t223906-00003_aeqd.nc,/scale/project/ifremer-isi-jumeaunumerique/SARGEO/prototype/v00r00/cyclobs/al052025/IRWIN/rcm3-sclnb-owi-cm-20250817t223751-20250817t223906-00003-xxxxx_ll_gd_GEO-IRWIN.nc,0.0,train
1705,ERIN,al052025,2025-08-12 08:06:38,rcm3-sclnb-owi-cm-20250812t080638-20250812t080748-00003-xxxxx_ll_gd_GEO-IRWIN.nc,exact_contains,3.8,19.815620545226825,35000.0,21,/scale/user/mtannaou/alternance/donnees_sar_aeqd_09_janvier/al052025no_env/rcm3-sclnb-owi-cm-20250812t080638-20250812t080748-00003_aeqd.nc,/scale/project/ifremer-isi-jumeaunumerique/SARGEO/prototype/v00r00/cyclobs/al052025/IRWIN/rcm3-sclnb-owi-cm-20250812t080638-20250812t080748-00003-xxxxx_ll_gd_GEO-IRWIN.nc,0.0005098789037603,train
1706,ERIN,al052025,2025-08-18 22:46:26,rcm3-sclna-owi-cm-20250818t224626-20250818t224742-00003-xxxxx_ll_gd_GEO-IRWIN.nc,exact_contains,0.0,52.320485185185184,31000.0,58,/scale/user/mtannaou/alternance/donnees_sar_aeqd_09_janvier/al052025no_env/rcm3-sclna-owi-cm-20250818t224626-20250818t224742-00003_aeqd.nc,/scale/project/ifremer-isi-jumeaunumerique/SARGEO/prototype/v00r00/cyclobs/al052025/IRWIN/rcm3-sclna-owi-cm-20250818t224626-20250818t224742-00003-xxxxx_ll_gd_GEO-IRWIN.nc,0.0,val
1707,ERIN,al052025,2025-08-21 22:41:05,rcm1-sclnd-owi-cm-20250821t224105-20250821t224219-00003-xxxxx_ll_gd_GEO-IRWIN.nc,exact_contains,0.0,40.93268148147882,132000.0,44,/scale/user/mtannaou/alternance/donnees_sar_aeqd_09_janvier/al052025no_env/rcm1-sclnd-owi-cm-20250821t224105-20250821t224219-00003_aeqd.nc,/scale/project/ifremer-isi-jumeaunumerique/SARGEO/prototype/v00r00/cyclobs/al052025/IRWIN/rcm1-sclnd-owi-cm-20250821t224105-20250821t224219-00003-xxxxx_ll_gd_GEO-IRWIN.nc,0.0,test
1708,ERIN,al052025,2025-08-16 22:29:05,rcm3-sclnd-owi-cm-20250816t222905-20250816t223015-00003-xxxxx_ll_gd_GEO-IRWIN.nc,exact_contains,0.6,64.35074814814814,8000.0,66,/scale/user/mtannaou/alternance/donnees_sar_aeqd_09_janvier/al052025no_env/rcm3-sclnd-owi-cm-20250816t222905-20250816t223015-00003_aeqd.nc,/scale/project/ifremer-isi-jumeaunumerique/SARGEO/prototype/v00r00/cyclobs/al052025/IRWIN/rcm3-sclnd-owi-cm-20250816t222905-20250816t223015-00003-xxxxx_ll_gd_GEO-IRWIN.nc,0.0,val
1709,ERIN,al052025,2025-08-21 10:51:02,rcm3-sc50mb-owi-cm-20250821t105102-20250821t105218-00003-xxxxx_ll_gd_GEO-IRWIN.nc,exact_contains,1.0,39.19815555553073,106000.0,46,/scale/user/mtannaou/alternance/donnees_sar_aeqd_09_janvier/al052025no_env/rcm3-sc50mb-owi-cm-20250821t105102-20250821t105218-00003_aeqd.nc,/scale/project/ifremer-isi-jumeaunumerique/SARGEO/prototype/v00r00/cyclobs/al052025/IRWIN/rcm3-sc50mb-owi-cm-20250821t105102-20250821t105218-00003-xxxxx_ll_gd_GEO-IRWIN.nc,0.0,test
1710,ERIN,al052025,2025-08-15 21:48:15,rcm1-sclna-owi-cm-20250815t214815-20250815t214928-00003-xxxxx_ll_gd_GEO-IRWIN.nc,exact_contains,0.5,34.458170370110324,22000.0,37,/scale/user/mtannaou/alternance/donnees_sar_aeqd_09_janvier/al052025no_env/rcm1-sclna-owi-cm-20250815t214815-20250815t214928-00003_aeqd.nc,/scale/project/ifremer-isi-jumeaunumerique/SARGEO/prototype/v00r00/cyclobs/al052025/IRWIN/rcm1-sclna-owi-cm-20250815t214815-20250815t214928-00003-xxxxx_ll_gd_GEO-IRWIN.nc,0.5166347992351816,nan
1711,ERIN,al052025,2025-08-18 10:46:41,s1a-iw-owi-cm-20250818t104641-20250818t104736-000003-078952_ll_gd_GEO-IRWIN.nc,exact_contains,3.2,18.035385185185188,14000.0,61,/scale/user/mtannaou/alternance/donnees_sar_aeqd_09_janvier/al052025no_env/s1a-iw-owi-cm-20250818t104641-20250818t104736-000003-_aeqd.nc,/scale/project/ifremer-isi-jumeaunumerique/SARGEO/prototype/v00r00/cyclobs/al052025/IRWIN/s1a-iw-owi-cm-20250818t104641-20250818t104736-000003-078952_ll_gd_GEO-IRWIN.nc,1.0,nan
1712,ERIN,al052025,2025-08-19 10:37:23,rcm3-sclnd-owi-cm-20250819t103723-20250819t103839-00003-xxxxx_ll_gd_GEO-IRWIN.nc,exact_contains,0.0,40.88850370370265,42000.0,48,/scale/user/mtannaou/alternance/donnees_sar_aeqd_09_janvier/al052025no_env/rcm3-sclnd-owi-cm-20250819t103723-20250819t103839-00003_aeqd.nc,/scale/project/ifremer-isi-jumeaunumerique/SARGEO/prototype/v00r00/cyclobs/al052025/IRWIN/rcm3-sclnd-owi-cm-20250819t103723-20250819t103839-00003-xxxxx_ll_gd_GEO-IRWIN.nc,0.0,train
1713,ERIN,al052025,2025-08-17 10:22:18,rcm3-sclna-owi-cm-20250817t102218-20250817t102333-00003-xxxxx_ll_gd_GEO-IRWIN.nc,exact_contains,0.0,48.10078148148147,11000.0,57,/scale/user/mtannaou/alternance/donnees_sar_aeqd_09_janvier/al052025no_env/rcm3-sclna-owi-cm-20250817t102218-20250817t102333-00003_aeqd.nc,/scale/project/ifremer-isi-jumeaunumerique/SARGEO/prototype/v00r00/cyclobs/al052025/IRWIN/rcm3-sclna-owi-cm-20250817t102218-20250817t102333-00003-xxxxx_ll_gd_GEO-IRWIN.nc,0.0,test
