,cyclone_id,count,date_sargeo,date_tcprimed,path_sargeo,path_tcprimed
0,al102019,0,22-09-20-T22:19:52.000,[],s1a-iw-owi-cm-20190920t221952-20190920t222132-000003-034DF5_ll_gd_GEO-IRWIN.nc,[]
1,al012024,0,00-06-20-T00:46:03.000,[],rcm1-sclnd-owi-cm-20240620t004603-20240620t004719-00003-______ll_gd_GEO-IRWIN.nc,[]
2,ep192022,0,13-10-22-T13:07:00.000,[],s1a-iw-owi-cm-20221022t130700-20221022t130753-000003-057241_ll_gd_GEO-IRWIN.nc,[]
3,ep192022,1,12-10-22-T12:47:42.000,['2022-10-22T12:24:29.000'],rcm2-sclnd-owi-cm-20221022t124742-20221022t124922-00003-______ll_gd_GEO-IRWIN.nc,['TCPRIMED_v01r01-final_EP192022_SSMIS_F16_098097_20221022122429.nc']
4,ep122021,0,14-08-18-T14:39:06.000,[],rcm2-sc100ma-owi-cm-20210818t143906-20210818t144138-00003-______ll_gd_GEO-IRWIN.nc,[]
5,ep122021,0,16-08-23-T16:15:35.000,[],s1a-iw-owi-cm-20210823t161535-20210823t161654-000003-04A612_ll_gd_GEO-IRWIN.nc,[]
6,ep042021,0,12-06-19-T12:50:29.000,[],s1a-iw-owi-cm-20210619t125029-20210619t125121-000003-04884E_ll_gd_GEO-IRWIN.nc,[]
7,io032024,0,00-10-25-T00:10:48.000,[],rcm2-sclna-owi-cm-20241025t001048-20241025t001205-00003-______ll_gd_GEO-IRWIN.nc,[]
8,io032024,0,12-10-25-T12:25:36.000,[],rcm2-sclnd-owi-cm-20241025t122536-20241025t122653-00003-______ll_gd_GEO-IRWIN.nc,[]
9,io032024,0,12-10-24-T12:17:20.000,[],rcm2-sclnc-owi-cm-20241024t121720-20241024t121835-00003-______ll_gd_GEO-IRWIN.nc,[]
10,io032024,0,12-10-23-T12:08:41.000,[],rcm2-sclnb-owi-cm-20241023t120841-20241023t120956-00003-______ll_gd_GEO-IRWIN.nc,[]
11,sh122022,1,14-02-13-T14:37:25.000,['2022-02-13T14:28:42.000'],s1a-ew-owi-cm-20220213t143725-20220213t143926-000003-04FCF7_ll_gd_GEO-IRWIN.nc,['TCPRIMED_v01r01-final_SH122022_SSMIS_F17_078841_20220213142842.nc']
12,sh122022,0,02-02-15-T02:10:05.000,[],s1a-iw-owi-cm-20220215t021005-20220215t021149-000003-04FDBB_ll_gd_GEO-IRWIN.nc,[]
13,ep052024,0,13-08-07-T13:43:55.000,[],rcm2-sc50mb-owi-cm-20240807t134355-20240807t134513-00003-______ll_gd_GEO-IRWIN.nc,[]
14,ep052024,0,01-08-07-T01:48:52.000,[],rcm2-sc50ma-owi-cm-20240807t014852-20240807t015009-00003-______ll_gd_GEO-IRWIN.nc,[]
15,ep052024,0,01-08-08-T01:58:03.000,[],rcm2-sc50ma-owi-cm-20240808t015803-20240808t015920-00003-______ll_gd_GEO-IRWIN.nc,[]
16,ep052024,0,01-08-06-T01:40:22.000,[],rcm2-sc50ma-owi-cm-20240806t014022-20240806t014139-00003-______ll_gd_GEO-IRWIN.nc,[]
17,ep052024,0,13-08-05-T13:28:53.000,[],rcm2-sc50ma-owi-cm-20240805t132853-20240805t133010-00003-______ll_gd_GEO-IRWIN.nc,[]
18,ep052024,0,13-08-06-T13:36:46.000,[],rcm2-sc50ma-owi-cm-20240806t133646-20240806t133803-00003-______ll_gd_GEO-IRWIN.nc,[]
19,al082023,0,10-08-25-T10:29:29.000,[],rcm2-sclna-owi-cm-20230825t102929-20230825t103044-00003-______ll_gd_GEO-IRWIN.nc,[]
20,al082023,0,22-08-22-T22:52:02.000,[],rcm1-sclnb-owi-cm-20230822t225202-20230822t225317-00003-______ll_gd_GEO-IRWIN.nc,[]
21,al082023,0,22-08-26-T22:22:18.000,[],rcm3-sclna-owi-cm-20230826t222218-20230826t222334-00003-______ll_gd_GEO-IRWIN.nc,[]
22,al082023,0,22-08-27-T22:30:40.000,[],rcm3-sclna-owi-cm-20230827t223040-20230827t223155-00003-______ll_gd_GEO-IRWIN.nc,[]
23,al082023,0,10-08-26-T10:21:24.000,[],s1a-ew-owi-cm-20230826t102124-20230826t102228-000003-060585_ll_gd_GEO-IRWIN.nc,[]
24,al082023,0,22-08-29-T22:48:13.000,[],rcm3-sclnd-owi-cm-20230829t224813-20230829t224928-00003-______ll_gd_GEO-IRWIN.nc,[]
25,al082023,0,10-08-31-T10:09:25.000,[],rcm1-sc50mb-owi-cm-20230831t100925-20230831t101309-00003-______ll_gd_GEO-IRWIN.nc,[]
26,al082023,0,22-08-28-T22:39:27.000,[],s1a-ew-owi-cm-20230828t223927-20230828t224031-000003-0606CB_ll_gd_GEO-IRWIN.nc,[]
27,al082023,0,22-08-24-T22:37:32.000,[],rcm2-sclnb-owi-cm-20230824t223732-20230824t223849-00003-______ll_gd_GEO-IRWIN.nc,[]
28,al082023,0,23-08-23-T23:00:25.000,[],rcm1-sclnd-owi-cm-20230823t230025-20230823t230205-00003-______ll_gd_GEO-IRWIN.nc,[]
29,al082023,0,22-08-30-T22:25:18.000,[],s1a-iw-owi-cm-20230830t222518-20230830t222612-000003-0607CE_ll_gd_GEO-IRWIN.nc,[]
30,al082023,0,10-08-24-T10:21:58.000,[],rcm2-sclnd-owi-cm-20230824t102158-20230824t102317-00003-______ll_gd_GEO-IRWIN.nc,[]
31,al082023,0,10-08-23-T10:47:01.000,[],rcm1-sclna-owi-cm-20230823t104701-20230823t104732-00003-______ll_gd_GEO-IRWIN.nc,[]
32,al082023,0,10-08-29-T10:27:46.000,[],rcm3-sclnd-owi-cm-20230829t102746-20230829t102905-00003-______ll_gd_GEO-IRWIN.nc,[]
33,al082023,0,10-08-22-T10:39:14.000,[],rcm1-sclnb-owi-cm-20230822t103914-20230822t104029-00003-______ll_gd_GEO-IRWIN.nc,[]
34,al082023,0,10-08-27-T10:13:27.000,[],rcm3-sclnd-owi-cm-20230827t101327-20230827t101443-00003-______ll_gd_GEO-IRWIN.nc,[]
35,al082023,0,22-08-30-T22:24:41.000,[],rcm1-sclnd-owi-cm-20230830t222441-20230830t222556-00003-______ll_gd_GEO-IRWIN.nc,[]
36,al082023,0,10-08-29-T10:44:13.000,[],s1a-ew-owi-cm-20230829t104413-20230829t104516-000003-060704_ll_gd_GEO-IRWIN.nc,[]
37,wp042021,0,10-06-03-T10:13:25.000,[],rcm2-sc50ma-owi-cm-20210603t101325-20210603t101821-00003-______ll_gd_GEO-IRWIN.nc,[]
38,ep122024,0,14-10-26-T14:16:19.000,[],rcm3-sclnd-owi-cm-20241026t141619-20241026t141735-00003-______ll_gd_GEO-IRWIN.nc,[]
39,ep122024,2,01-10-23-T01:23:55.000,"['2024-10-23T01:36:08.000', '2024-10-23T01:47:58.000']",rcm1-sc50mb-owi-cm-20241023t012355-20241023t012513-00003-______ll_gd_GEO-IRWIN.nc,"['TCPRIMED_v01r01-final_EP122024_SSMIS_F16_108435_20241023013608.nc', 'TCPRIMED_v01r01-final_EP122024_SSMIS_F17_092728_20241023014758.nc']"
40,ep122024,0,02-10-24-T02:04:32.000,[],rcm3-sc50mc-owi-cm-20241024t020432-20241024t020550-00003-______ll_gd_GEO-IRWIN.nc,[]
41,ep122024,0,14-10-25-T14:09:06.000,[],rcm3-sclnc-owi-cm-20241025t140906-20241025t141023-00003-______ll_gd_GEO-IRWIN.nc,[]
42,ep122024,0,14-10-27-T14:23:24.000,[],rcm3-sclnd-owi-cm-20241027t142324-20241027t142441-00003-______ll_gd_GEO-IRWIN.nc,[]
43,ep122024,0,13-10-23-T13:20:45.000,[],rcm1-sc50mb-owi-cm-20241023t132045-20241023t132202-00003-______ll_gd_GEO-IRWIN.nc,[]
44,ep122024,2,14-10-24-T14:01:17.000,"['2024-10-24T13:58:17.000', '2024-10-24T14:09:51.000']",rcm3-sclna-owi-cm-20241024t140117-20241024t140232-00003-______ll_gd_GEO-IRWIN.nc,"['TCPRIMED_v01r01-final_EP122024_SSMIS_F16_108456_20241024135817.nc', 'TCPRIMED_v01r01-final_EP122024_SSMIS_F17_092749_20241024140951.nc']"
45,ep122024,0,02-10-25-T02:12:49.000,[],rcm3-sclna-owi-cm-20241025t021249-20241025t021404-00003-______ll_gd_GEO-IRWIN.nc,[]
46,ep122024,0,12-10-21-T12:32:54.000,[],rcm2-sc50ma-owi-cm-20241021t123254-20241021t123411-00003-______ll_gd_GEO-IRWIN.nc,[]
47,ep122024,0,02-10-25-T02:17:34.000,[],s1a-ew-owi-cm-20241025t021734-20241025t021838-000003-06E34A_ll_gd_GEO-IRWIN.nc,[]
48,sh252020,1,07-04-06-T07:12:35.000,['2020-04-06T07:21:11.000'],s1a-iw-owi-cm-20200406t071235-20200406t071509-000003-03B25D_ll_gd_GEO-IRWIN.nc,['TCPRIMED_v01r01-final_SH252020_SSMIS_F17_069255_20200406072111.nc']
49,al282020,1,12-10-28-T12:07:10.000,['2020-10-28T12:23:28.000'],rs2-scwa-owi-cm-20201028t120710-20201028t120825-00003-______ll_gd_GEO-IRWIN.nc,['TCPRIMED_v01r01-final_AL282020_MHS_NOAA19_060417_20201028122328.nc']
50,al282020,1,23-10-26-T23:58:04.000,['2020-10-27T00:03:39.000'],s1b-iw-owi-cm-20201026t235804-20201026t235944-000003-02D99A_ll_gd_GEO-IRWIN.nc,['TCPRIMED_v01r01-final_AL282020_MHS_NOAA19_060396_20201027000339.nc']
51,al182019,0,08-10-25-T08:12:25.000,[],s1b-ew-owi-cm-20191025t081225-20191025t081426-000003-023199_ll_gd_GEO-IRWIN.nc,[]
52,al182019,1,08-10-26-T08:05:55.000,['2019-10-26T08:35:17.000'],s1a-iw-owi-cm-20191026t080555-20191026t080712-000003-035FAD_ll_gd_GEO-IRWIN.nc,['TCPRIMED_v01r01-final_AL182019_MHS_NOAA19_055220_20191026083517.nc']
53,al012023,0,22-01-16-T22:09:08.000,[],s1a-iw-owi-cm-20230116t220908-20230116t221023-000003-059CF8_ll_gd_GEO-IRWIN.nc,[]
54,al022024,0,12-07-06-T12:06:29.000,[],rcm3-sclna-owi-cm-20240706t120629-20240706t120746-00003-______ll_gd_GEO-IRWIN.nc,[]
55,al022024,0,11-07-05-T11:44:27.000,[],s1a-iw-owi-cm-20240705t114427-20240705t114546-000003-06A64E_ll_gd_GEO-IRWIN.nc,[]
56,al022024,0,22-07-02-T22:43:44.000,[],rcm2-sc50ma-owi-cm-20240702t224344-20240702t224458-00003-______ll_gd_GEO-IRWIN.nc,[]
57,al022024,0,09-06-30-T09:12:14.000,[],rcm1-sclnd-owi-cm-20240630t091214-20240630t091332-00003-______ll_gd_GEO-IRWIN.nc,[]
58,al022024,0,09-07-01-T09:52:28.000,[],rcm3-sclnb-owi-cm-20240701t095228-20240701t095343-00003-______ll_gd_GEO-IRWIN.nc,[]
59,al022024,0,11-07-04-T11:19:21.000,[],rcm1-sclnc-owi-cm-20240704t111921-20240704t112014-00003-______ll_gd_GEO-IRWIN.nc,[]
60,al022024,0,10-07-02-T10:31:48.000,[],rcm2-sc50ma-owi-cm-20240702t103148-20240702t103304-00003-______ll_gd_GEO-IRWIN.nc,[]
61,al022024,0,12-07-08-T12:20:47.000,[],rcm3-sclnc-owi-cm-20240708t122047-20240708t122204-00003-______ll_gd_GEO-IRWIN.nc,[]
62,al022024,0,00-07-07-T00:22:28.000,[],rcm3-sclnb-owi-cm-20240707t002228-20240707t002343-00003-______ll_gd_GEO-IRWIN.nc,[]
63,al022024,0,23-07-03-T23:24:14.000,[],rcm1-sclnc-owi-cm-20240703t232414-20240703t232529-00003-______ll_gd_GEO-IRWIN.nc,[]
64,al022024,0,12-07-07-T12:13:52.000,[],rcm3-sclnc-owi-cm-20240707t121352-20240707t121507-00003-______ll_gd_GEO-IRWIN.nc,[]
65,al022024,0,22-07-01-T22:34:53.000,[],rcm2-sc50mc-owi-cm-20240701t223453-20240701t223610-00003-______ll_gd_GEO-IRWIN.nc,[]
66,al022024,0,21-06-28-T21:05:00.000,[],rcm1-sclnd-owi-cm-20240628t210500-20240628t210617-00003-______ll_gd_GEO-IRWIN.nc,[]
67,al022024,0,08-06-29-T08:32:28.000,[],rcm2-sclnd-owi-cm-20240629t083228-20240629t083343-00003-______ll_gd_GEO-IRWIN.nc,[]
68,al022024,0,21-06-30-T21:54:35.000,[],rcm3-sclnb-owi-cm-20240630t215435-20240630t215552-00003-______ll_gd_GEO-IRWIN.nc,[]
69,al022024,0,21-06-29-T21:13:52.000,[],rcm1-sclna-owi-cm-20240629t211352-20240629t211507-00003-______ll_gd_GEO-IRWIN.nc,[]
70,al022024,0,00-07-06-T00:13:37.000,[],rcm3-sclnd-owi-cm-20240706t001337-20240706t001452-00003-______ll_gd_GEO-IRWIN.nc,[]
71,al022024,0,00-07-08-T00:31:17.000,[],rcm3-sclnc-owi-cm-20240708t003117-20240708t003234-00003-______ll_gd_GEO-IRWIN.nc,[]
72,wp232019,1,12-11-09-T12:11:37.000,['2019-11-09T12:07:24.000'],s1a-iw-owi-cm-20191109t121137-20191109t121321-000003-0366F3_ll_gd_GEO-IRWIN.nc,['TCPRIMED_v01r01-final_WP232019_SSMIS_F17_067152_20191109120724.nc']
73,io042024,0,12-11-30-T12:55:13.000,[],rcm1-sclnd-owi-cm-20241130t125513-20241130t125629-00003-______ll_gd_GEO-IRWIN.nc,[]
74,io042024,0,12-11-29-T12:47:00.000,[],rcm1-sclnb-owi-cm-20241129t124700-20241129t124817-00003-______ll_gd_GEO-IRWIN.nc,[]
75,io042024,0,00-12-01-T00:21:16.000,[],rcm2-sclnd-owi-cm-20241201t002116-20241201t002231-00003-______ll_gd_GEO-IRWIN.nc,[]
76,sh102020,0,14-01-24-T14:44:15.000,[],s1a-ew-owi-cm-20200124t144415-20200124t144720-000003-038D72_ll_gd_GEO-IRWIN.nc,[]
77,al132020,1,00-08-27-T00:09:08.000,['2020-08-27T00:17:09.000'],s1a-iw-owi-cm-20200827t000908-20200827t001138-000003-03F518_ll_gd_GEO-IRWIN.nc,['TCPRIMED_v01r01-final_AL132020_MHS_NOAA19_059535_20200827001709.nc']
78,al132020,1,22-08-21-T22:19:32.000,['2020-08-21T22:35:08.000'],s1a-iw-owi-cm-20200821t221932-20200821t222047-000003-03F28D_ll_gd_GEO-IRWIN.nc,['TCPRIMED_v01r01-final_AL132020_SSMIS_F17_071200_20200821223508.nc']
79,al132020,1,11-08-25-T11:33:34.000,['2020-08-25T11:29:12.000'],rs2-scwa-owi-cm-20200825t113334-20200825t113556-00003-______ll_gd_GEO-IRWIN.nc,['TCPRIMED_v01r01-final_AL132020_MHS_NOAA19_059513_20200825112912.nc']
80,io032021,0,02-10-03-T02:02:13.000,[],rcm1-sc50mb-owi-cm-20211003t020213-20211003t020301-00003-______ll_gd_GEO-IRWIN.nc,[]
81,io032021,0,01-10-02-T01:54:18.000,[],rcm1-sc50ma-owi-cm-20211002t015418-20211002t015522-00003-______ll_gd_GEO-IRWIN.nc,[]
82,al162023,1,11-09-23-T11:06:52.000,['2023-09-23T11:12:33.000'],rcm2-sclna-owi-cm-20230923t110652-20230923t110812-00003-______ll_gd_GEO-IRWIN.nc,['TCPRIMED_v01r01-final_AL162023_SSMIS_F16_102844_20230923111233.nc']
83,ep062024,0,12-08-05-T12:56:46.000,[],rcm3-sc50mc-owi-cm-20240805t125646-20240805t125804-00003-______ll_gd_GEO-IRWIN.nc,[]
84,sh032019,0,02-11-10-T02:01:15.000,[],s1a-ew-owi-cm-20181110t020115-20181110t020319-000003-02B0A7_ll_gd_GEO-IRWIN.nc,[]
85,al082021,0,10-08-17-T10:08:53.000,[],rcm1-sc50mc-owi-cm-20210817t100853-20210817t101301-00003-______ll_gd_GEO-IRWIN.nc,[]
86,al082021,0,10-08-18-T10:17:56.000,[],rcm1-sc50mc-owi-cm-20210818t101756-20210818t102104-00003-______ll_gd_GEO-IRWIN.nc,[]
87,al082021,0,22-08-20-T22:44:30.000,[],rs2-scwa-owi-cm-20210820t224430-20210820t224546-00003-______ll_gd_GEO-IRWIN.nc,[]
88,al142021,0,00-09-13-T00:25:06.000,[],s1a-iw-owi-cm-20210913t002506-20210913t002621-000003-04B04F_ll_gd_GEO-IRWIN.nc,[]
89,al142021,0,12-09-14-T12:22:32.000,[],s1b-iw-owi-cm-20210914t122232-20210914t122302-000003-036C9D_ll_gd_GEO-IRWIN.nc,[]
90,ep132024,2,02-11-03-T02:51:32.000,"['2024-11-03T02:28:53.000', '2024-11-03T02:36:00.000']",rcm1-sclnb-owi-cm-20241103t025132-20241103t025312-00003-______ll_gd_GEO-IRWIN.nc,"['TCPRIMED_v01r01-final_EP132024_SSMIS_F16_108591_20241103022853.nc', 'TCPRIMED_v01r01-final_EP132024_SSMIS_F17_092884_20241103023600.nc']"
91,sh022020,0,02-12-10-T02:35:46.000,[],rs2-scwa-owi-cm-20191210t023546-20191210t023809-00003-______ll_gd_GEO-IRWIN.nc,[]
92,sh022020,0,02-12-08-T02:24:42.000,[],s1b-iw-owi-cm-20191208t022442-20191208t022601-000003-024608_ll_gd_GEO-IRWIN.nc,[]
93,sh022020,0,02-12-07-T02:32:26.000,[],s1a-ew-owi-cm-20191207t023226-20191207t023357-000003-0374DF_ll_gd_GEO-IRWIN.nc,[]
94,sh022020,0,15-12-08-T15:28:20.000,[],s1a-iw-owi-cm-20191208t152820-20191208t152844-000003-03759D_ll_gd_GEO-IRWIN.nc,[]
95,sh022020,0,02-12-07-T02:21:00.000,[],rs2-scwa-owi-cm-20191207t022100-20191207t022324-00003-______ll_gd_GEO-IRWIN.nc,[]
96,ep052023,0,05-08-10-T05:18:06.000,[],s1a-ew-owi-cm-20230810t051806-20230810t051909-000003-05FD6C_ll_gd_GEO-IRWIN.nc,[]
97,ep052023,0,16-08-08-T16:10:07.000,[],s1a-ew-owi-cm-20230808t161007-20230808t161110-000003-05FCAD_ll_gd_GEO-IRWIN.nc,[]
98,ep052023,0,17-08-10-T17:06:23.000,[],rcm1-sclnd-owi-cm-20230810t170623-20230810t170740-00003-______ll_gd_GEO-IRWIN.nc,[]
99,ep052023,0,14-08-03-T14:01:24.000,[],rcm2-sclna-owi-cm-20230803t140124-20230803t140204-00003-______ll_gd_GEO-IRWIN.nc,[]
100,ep052023,0,03-08-07-T03:40:44.000,[],rcm3-sclna-owi-cm-20230807t034044-20230807t034200-00003-______ll_gd_GEO-IRWIN.nc,[]
101,ep052023,0,14-08-06-T14:57:37.000,[],rcm1-sclnd-owi-cm-20230806t145737-20230806t145855-00003-______ll_gd_GEO-IRWIN.nc,[]
102,ep052023,0,06-08-13-T06:38:47.000,[],rcm2-sclnd-owi-cm-20230813t063847-20230813t064004-00003-______ll_gd_GEO-IRWIN.nc,[]
103,ep052023,0,02-08-04-T02:12:38.000,[],rcm2-sc50mc-owi-cm-20230804t021238-20230804t021343-00003-______ll_gd_GEO-IRWIN.nc,[]
104,ep052023,0,02-08-03-T02:04:25.000,[],rcm2-sc50mc-owi-cm-20230803t020425-20230803t020534-00003-______ll_gd_GEO-IRWIN.nc,[]
105,ep052023,0,14-08-04-T14:09:12.000,[],rcm2-sclnc-owi-cm-20230804t140912-20230804t141028-00003-______ll_gd_GEO-IRWIN.nc,[]
106,ep052023,0,05-08-09-T05:00:27.000,[],rcm1-sclnd-owi-cm-20230809t050027-20230809t050143-00003-______ll_gd_GEO-IRWIN.nc,[]
107,ep052023,0,16-08-09-T16:51:07.000,[],s1a-ew-owi-cm-20230809t165107-20230809t165210-000003-05FD3D_ll_gd_GEO-IRWIN.nc,[]
108,ep052023,0,05-08-11-T05:49:45.000,[],rcm3-sclna-owi-cm-20230811t054945-20230811t055101-00003-______ll_gd_GEO-IRWIN.nc,[]
109,ep052023,0,13-08-02-T13:20:47.000,[],rcm3-sc50mc-owi-cm-20230802t132047-20230802t132203-00003-______ll_gd_GEO-IRWIN.nc,[]
110,ep052023,0,16-08-08-T16:18:15.000,[],rcm2-sclna-owi-cm-20230808t161815-20230808t161931-00003-______ll_gd_GEO-IRWIN.nc,[]
111,ep052023,0,16-08-09-T16:58:11.000,[],rcm1-sclna-owi-cm-20230809t165811-20230809t165925-00003-______ll_gd_GEO-IRWIN.nc,[]
112,ep052023,0,04-08-08-T04:20:32.000,[],rcm2-sclnd-owi-cm-20230808t042032-20230808t042149-00003-______ll_gd_GEO-IRWIN.nc,[]
113,ep052023,0,14-08-03-T14:00:47.000,[],rcm2-sc50ma-owi-cm-20230803t140047-20230803t140125-00003-______ll_gd_GEO-IRWIN.nc,[]
114,sh142023,0,14-02-27-T14:05:09.000,[],rcm3-sclna-owi-cm-20230227t140509-20230227t140626-00003-______ll_gd_GEO-IRWIN.nc,[]
115,sh142023,1,00-02-28-T00:48:11.000,['2023-02-28T00:28:25.000'],rcm3-sclnd-owi-cm-20230228t004811-20230228t004929-00003-______ll_gd_GEO-IRWIN.nc,['TCPRIMED_v01r01-final_SH142023_GMI_GPM_051140_20230228002825.nc']
116,sh142023,0,14-02-28-T14:13:19.000,[],rcm3-sclnd-owi-cm-20230228t141319-20230228t141411-00003-______ll_gd_GEO-IRWIN.nc,[]
117,sh142023,0,00-02-25-T00:54:36.000,[],rcm2-sclnb-owi-cm-20230225t005436-20230225t005553-00003-______ll_gd_GEO-IRWIN.nc,[]
118,sh142023,0,13-02-24-T13:42:45.000,[],rcm3-sclna-owi-cm-20230224t134245-20230224t134402-00003-______ll_gd_GEO-IRWIN.nc,[]
119,sh142023,2,01-02-26-T01:03:18.000,"['2023-02-26T01:18:51.000', '2023-02-26T00:40:35.000']",rcm2-sclnb-owi-cm-20230226t010318-20230226t010435-00003-______ll_gd_GEO-IRWIN.nc,"['TCPRIMED_v01r01-final_SH142023_SSMIS_F17_084175_20230226011851.nc', 'TCPRIMED_v01r01-final_SH142023_GMI_GPM_051109_20230226004035.nc']"
120,sh142023,1,01-02-27-T01:12:15.000,['2023-02-27T01:05:41.000'],rcm2-sclna-owi-cm-20230227t011215-20230227t011332-00003-______ll_gd_GEO-IRWIN.nc,['TCPRIMED_v01r01-final_SH142023_SSMIS_F17_084189_20230227010541.nc']
121,sh132019,0,13-02-13-T13:28:57.000,[],s1a-ew-owi-cm-20190213t132857-20190213t133043-000003-02E2A0_ll_gd_GEO-IRWIN.nc,[]
122,sh132019,0,01-02-09-T01:52:21.000,[],s1a-ew-owi-cm-20190209t015221-20190209t015452-000003-02E046_ll_gd_GEO-IRWIN.nc,[]
123,sh132019,0,01-02-08-T01:59:57.000,[],s1b-ew-owi-cm-20190208t015957-20190208t020219-000003-01BB5C_ll_gd_GEO-IRWIN.nc,[]
124,sh132019,1,02-02-07-T02:08:34.000,['2019-02-07T02:09:10.000'],s1a-ew-owi-cm-20190207t020834-20190207t021051-000003-02DF33_ll_gd_GEO-IRWIN.nc,['TCPRIMED_v01r01-final_SH132019_GMI_GPM_028086_20190207020910.nc']
125,al032024,0,00-07-01-T00:37:24.000,[],rcm1-sclnd-owi-cm-20240701t003724-20240701t003841-00003-______ll_gd_GEO-IRWIN.nc,[]
126,io062023,0,23-10-24-T23:54:27.000,[],rcm1-sclnb-owi-cm-20231024t235427-20231024t235542-00003-______ll_gd_GEO-IRWIN.nc,[]
127,io062023,0,12-10-24-T12:01:11.000,[],rcm1-sclna-owi-cm-20231024t120111-20231024t120227-00003-______ll_gd_GEO-IRWIN.nc,[]
128,wp112020,1,09-09-07-T09:23:49.000,['2020-09-07T09:02:39.000'],s1a-iw-owi-cm-20200907t092349-20200907t092506-000003-03FAED_ll_gd_GEO-IRWIN.nc,['TCPRIMED_v01r01-final_WP112020_GMI_GPM_037082_20200907090239.nc']
129,wp112020,0,20-09-03-T20:35:31.000,[],rs2-scwa-owi-cm-20200903t203531-20200903t203902-00003-______ll_gd_GEO-IRWIN.nc,[]
130,wp112020,0,09-09-06-T09:28:20.000,[],s1b-iw-owi-cm-20200906t092820-20200906t092940-000003-02C288_ll_gd_GEO-IRWIN.nc,[]
131,wp112020,0,09-09-08-T09:16:50.000,[],s1b-iw-owi-cm-20200908t091650-20200908t091835-000003-02C36E_ll_gd_GEO-IRWIN.nc,[]
132,wp112020,0,08-09-02-T08:40:47.000,[],rs2-scwa-owi-cm-20200902t084047-20200902t084419-00003-______ll_gd_GEO-IRWIN.nc,[]
133,wp112020,2,21-09-04-T21:02:00.000,"['2020-09-04T20:35:03.000', '2020-09-04T21:24:03.000']",s1a-ew-owi-cm-20200904t210200-20200904t210504-000003-03F9A9_ll_gd_GEO-IRWIN.nc,"['TCPRIMED_v01r01-final_WP112020_SSMIS_F18_056122_20200904203503.nc', 'TCPRIMED_v01r01-final_WP112020_MHS_NOAA19_059660_20200904212403.nc']"
134,wp112020,0,21-09-06-T21:32:02.000,[],s1b-iw-owi-cm-20200906t213202-20200906t213312-000003-02C2BE_ll_gd_GEO-IRWIN.nc,[]
135,ep072024,0,01-08-20-T01:56:39.000,[],rcm2-sc50mc-owi-cm-20240820t015639-20240820t015756-00003-______ll_gd_GEO-IRWIN.nc,[]
136,ep072024,0,02-08-24-T02:35:03.000,[],s1a-ew-owi-cm-20240824t023503-20240824t023607-000003-06BFDD_ll_gd_GEO-IRWIN.nc,[]
137,ep072024,0,14-08-23-T14:16:11.000,[],rcm2-sc50md-owi-cm-20240823t141611-20240823t141729-00003-______ll_gd_GEO-IRWIN.nc,[]
138,ep072024,0,02-08-24-T02:29:59.000,[],rcm2-sc50ma-owi-cm-20240824t022959-20240824t023116-00003-______ll_gd_GEO-IRWIN.nc,[]
139,ep072024,0,14-08-24-T14:24:22.000,[],rcm2-sclnd-owi-cm-20240824t142422-20240824t142538-00003-______ll_gd_GEO-IRWIN.nc,[]
140,ep072024,0,03-08-26-T03:17:41.000,[],rcm1-sclnd-owi-cm-20240826t031741-20240826t031859-00003-______ll_gd_GEO-IRWIN.nc,[]
141,ep072024,0,14-08-22-T14:08:21.000,[],rcm2-sclnd-owi-cm-20240822t140821-20240822t140937-00003-______ll_gd_GEO-IRWIN.nc,[]
142,ep072024,0,02-08-23-T02:21:43.000,[],rcm2-sclna-owi-cm-20240823t022143-20240823t022258-00003-______ll_gd_GEO-IRWIN.nc,[]
143,ep072024,0,02-08-22-T02:13:33.000,[],rcm2-sclna-owi-cm-20240822t021333-20240822t021449-00003-______ll_gd_GEO-IRWIN.nc,[]
144,ep072024,0,03-08-28-T03:34:01.000,[],rcm1-sclna-owi-cm-20240828t033401-20240828t033517-00003-______ll_gd_GEO-IRWIN.nc,[]
145,ep072024,0,15-08-26-T15:12:09.000,[],rcm1-sclna-owi-cm-20240826t151209-20240826t151326-00003-______ll_gd_GEO-IRWIN.nc,[]
146,ep072024,0,14-08-21-T14:00:27.000,[],rcm2-sclnc-owi-cm-20240821t140027-20240821t140143-00003-______ll_gd_GEO-IRWIN.nc,[]
147,ep072024,0,01-08-19-T01:48:11.000,[],rcm2-sc50mc-owi-cm-20240819t014811-20240819t014929-00003-______ll_gd_GEO-IRWIN.nc,[]
148,ep072024,0,15-08-27-T15:20:10.000,[],rcm1-sclna-owi-cm-20240827t152010-20240827t152126-00003-______ll_gd_GEO-IRWIN.nc,[]
149,ep072024,0,03-08-27-T03:25:50.000,[],rcm1-sclnc-owi-cm-20240827t032550-20240827t032705-00003-______ll_gd_GEO-IRWIN.nc,[]
150,ep072024,0,13-08-18-T13:05:20.000,[],rcm3-sc50mc-owi-cm-20240818t130520-20240818t130638-00003-______ll_gd_GEO-IRWIN.nc,[]
151,ep072024,0,03-08-29-T03:42:26.000,[],rcm1-sclna-owi-cm-20240829t034226-20240829t034338-00003-______ll_gd_GEO-IRWIN.nc,[]
152,wp122023,0,20-09-07-T20:46:27.000,[],rcm1-sc50ma-owi-cm-20230907t204627-20230907t204736-00003-______ll_gd_GEO-IRWIN.nc,[]
153,wp122023,1,09-09-06-T09:04:46.000,['2023-09-06T09:13:54.000'],s1a-ew-owi-cm-20230906t090446-20230906t090549-000003-060AF0_ll_gd_GEO-IRWIN.nc,['TCPRIMED_v01r01-final_WP122023_SSMIS_F17_086894_20230906091354.nc']
154,ep132023,0,14-09-21-T14:08:28.000,[],rcm2-sclnd-owi-cm-20230921t140828-20230921t140945-00003-______ll_gd_GEO-IRWIN.nc,[]
155,wp052023,0,10-07-26-T10:08:05.000,[],rcm3-sc50mc-owi-cm-20230726t100805-20230726t100935-00003-______ll_gd_GEO-IRWIN.nc,[]
156,wp052023,0,09-07-24-T09:51:34.000,[],rcm3-sc50mc-owi-cm-20230724t095134-20230724t095251-00003-______ll_gd_GEO-IRWIN.nc,[]
157,wp052023,0,21-07-25-T21:54:40.000,[],rcm3-sc50ma-owi-cm-20230725t215440-20230725t215539-00003-______ll_gd_GEO-IRWIN.nc,[]
158,wp052023,0,22-07-26-T22:02:36.000,[],rcm3-sc50ma-owi-cm-20230726t220236-20230726t220309-00003-______ll_gd_GEO-IRWIN.nc,[]
159,wp052023,0,21-07-23-T21:38:03.000,[],s1a-ew-owi-cm-20230723t213803-20230723t213906-000003-05F582_ll_gd_GEO-IRWIN.nc,[]
160,wp052023,0,21-07-23-T21:07:06.000,[],rcm1-sc50mc-owi-cm-20230723t210706-20230723t210819-00003-______ll_gd_GEO-IRWIN.nc,[]
161,wp052023,0,10-07-25-T10:00:13.000,[],rcm3-sc50mc-owi-cm-20230725t100013-20230725t100130-00003-______ll_gd_GEO-IRWIN.nc,[]
162,wp052023,0,10-07-27-T10:17:28.000,[],rcm3-sc50mc-owi-cm-20230727t101728-20230727t101751-00003-______ll_gd_GEO-IRWIN.nc,[]
163,wp052023,0,22-07-26-T22:01:24.000,[],s1a-ew-owi-cm-20230726t220124-20230726t220228-000003-05F6DE_ll_gd_GEO-IRWIN.nc,[]
164,wp052023,0,09-07-23-T09:43:06.000,[],rcm3-sc50mc-owi-cm-20230723t094306-20230723t094424-00003-______ll_gd_GEO-IRWIN.nc,[]
165,al062022,0,21-09-09-T21:29:36.000,[],rcm1-sc50ma-owi-cm-20220909t212936-20220909t213035-00003-______ll_gd_GEO-IRWIN.nc,[]
166,al062022,0,09-09-10-T09:44:58.000,[],rcm3-sc50mc-owi-cm-20220910t094458-20220910t094518-00003-______ll_gd_GEO-IRWIN.nc,[]
167,wp032020,0,10-08-03-T10:01:17.000,[],s1a-iw-owi-cm-20200803t100117-20200803t100257-000003-03E924_ll_gd_GEO-IRWIN.nc,[]
168,al242020,1,18-09-18-T18:35:34.000,['2020-09-18T18:06:30.000'],s1a-iw-owi-cm-20200918t183534-20200918t183649-000003-0400C8_ll_gd_GEO-IRWIN.nc,['TCPRIMED_v01r01-final_AL242020_SSMIS_F17_071593_20200918180630.nc']
169,al242020,1,06-09-18-T06:42:35.000,['2020-09-18T06:39:49.000'],s1b-iw-owi-cm-20200918t064235-20200918t064340-000003-02C7F6_ll_gd_GEO-IRWIN.nc,['TCPRIMED_v01r01-final_AL242020_MHS_NOAA19_059849_20200918063949.nc']
170,al042024,0,23-08-04-T23:27:35.000,[],rcm3-sclna-owi-cm-20240804t232735-20240804t232827-00003-______ll_gd_GEO-IRWIN.nc,[]
171,al042024,0,23-08-03-T23:50:31.000,[],rcm2-sclnd-owi-cm-20240803t235031-20240803t235142-00003-______ll_gd_GEO-IRWIN.nc,[]
172,al042024,0,23-08-05-T23:36:11.000,[],rcm3-sclna-owi-cm-20240805t233611-20240805t233700-00003-______ll_gd_GEO-IRWIN.nc,[]
173,al042024,0,10-08-07-T10:59:24.000,[],rcm1-sclnd-owi-cm-20240807t105924-20240807t110034-00003-______ll_gd_GEO-IRWIN.nc,[]
174,al042024,0,11-08-08-T11:07:03.000,[],rcm1-sclnd-owi-cm-20240808t110703-20240808t110804-00003-______ll_gd_GEO-IRWIN.nc,[]
175,al042024,0,23-08-06-T23:12:39.000,[],rcm1-sclna-owi-cm-20240806t231239-20240806t231325-00003-______ll_gd_GEO-IRWIN.nc,[]
176,al042024,0,11-08-04-T11:41:03.000,[],rcm2-sclna-owi-cm-20240804t114103-20240804t114218-00003-______ll_gd_GEO-IRWIN.nc,[]
177,wp022019,0,08-02-26-T08:35:09.000,[],s1b-ew-owi-cm-20190226t083509-20190226t083717-000003-01C412_ll_gd_GEO-IRWIN.nc,[]
178,wp022019,0,08-02-24-T08:50:10.000,[],s1b-ew-owi-cm-20190224t085010-20190224t085218-000003-01C31C_ll_gd_GEO-IRWIN.nc,[]
179,wp022019,0,08-02-22-T08:16:38.000,[],s1a-ew-owi-cm-20190222t081638-20190222t081928-000003-02E72E_ll_gd_GEO-IRWIN.nc,[]
180,wp022019,0,20-02-24-T20:16:21.000,[],s1a-ew-owi-cm-20190224t201621-20190224t201825-000003-02E879_ll_gd_GEO-IRWIN.nc,[]
181,wp022019,0,20-02-23-T20:23:48.000,[],s1b-ew-owi-cm-20190223t202348-20190223t202552-000003-01C2E0_ll_gd_GEO-IRWIN.nc,[]
182,wp022019,0,20-02-27-T20:40:07.000,[],s1a-ew-owi-cm-20190227t204007-20190227t204132-000003-02EA0C_ll_gd_GEO-IRWIN.nc,[]
183,wp022019,0,19-02-21-T19:52:41.000,[],s1a-ew-owi-cm-20190221t195241-20190221t195445-000003-02E6EA_ll_gd_GEO-IRWIN.nc,[]
184,ep052022,0,15-07-14-T15:18:57.000,[],s1a-ew-owi-cm-20220714t151857-20220714t152046-000003-05438A_ll_gd_GEO-IRWIN.nc,[]
185,al142022,1,00-10-14-T00:23:57.000,['2022-10-14T00:29:50.000'],s1a-iw-owi-cm-20221014t002357-20221014t002537-000003-056EC6_ll_gd_GEO-IRWIN.nc,['TCPRIMED_v01r01-final_AL142022_SSMIS_F17_082267_20221014002950.nc']
186,al112024,2,20-09-27-T20:59:59.000,"['2024-09-27T21:29:51.000', '2024-09-27T21:06:25.000']",rcm3-sclna-owi-cm-20240927t205959-20240927t210114-00003-______ll_gd_GEO-IRWIN.nc,"['TCPRIMED_v01r01-final_AL112024_SSMIS_F17_092372_20240927212951.nc', 'TCPRIMED_v01r01-final_AL112024_SSMIS_F16_108079_20240927210625.nc']"
187,al112024,2,21-09-28-T21:08:31.000,"['2024-09-28T21:16:43.000', '2024-09-28T20:53:21.000']",rcm3-sclna-owi-cm-20240928t210831-20240928t210947-00003-______ll_gd_GEO-IRWIN.nc,"['TCPRIMED_v01r01-final_AL112024_SSMIS_F17_092386_20240928211643.nc', 'TCPRIMED_v01r01-final_AL112024_SSMIS_F16_108093_20240928205321.nc']"
188,al112024,1,09-09-29-T09:02:07.000,['2024-09-29T09:25:14.000'],rcm3-sclnd-owi-cm-20240929t090207-20240929t090323-00003-______ll_gd_GEO-IRWIN.nc,['TCPRIMED_v01r01-final_AL112024_SSMIS_F16_108100_20240929092514.nc']
189,ep082024,0,14-08-26-T14:08:48.000,[],rcm3-sclnd-owi-cm-20240826t140848-20240826t141004-00003-______ll_gd_GEO-IRWIN.nc,[]
190,ep082024,0,03-08-29-T03:09:55.000,[],rcm2-sclnc-owi-cm-20240829t030955-20240829t031111-00003-______ll_gd_GEO-IRWIN.nc,[]
191,ep082024,0,03-08-28-T03:01:31.000,[],rcm2-sclnd-owi-cm-20240828t030131-20240828t030246-00003-______ll_gd_GEO-IRWIN.nc,[]
192,ep082024,0,14-08-27-T14:16:46.000,[],rcm3-sclnd-owi-cm-20240827t141646-20240827t141801-00003-______ll_gd_GEO-IRWIN.nc,[]
193,ep082024,0,02-08-26-T02:13:27.000,[],rcm3-sc50ma-owi-cm-20240826t021327-20240826t021444-00003-______ll_gd_GEO-IRWIN.nc,[]
194,ep082024,0,14-08-25-T14:00:39.000,[],rcm3-sc50ma-owi-cm-20240825t140039-20240825t140155-00003-______ll_gd_GEO-IRWIN.nc,[]
195,ep092020,0,01-08-12-T01:49:59.000,[],rcm1-sc50ma-owi-cm-20200812t014959-20200812t015243-00003-______ll_gd_GEO-IRWIN.nc,[]
196,wp182021,1,10-09-08-T10:06:21.000,['2021-09-08T10:22:32.000'],s1a-iw-owi-cm-20210908t100621-20210908t100801-000003-04ADF7_ll_gd_GEO-IRWIN.nc,['TCPRIMED_v01r01-final_WP182021_MHS_NOAA19_064863_20210908102232.nc']
197,wp182021,0,21-09-07-T21:38:54.000,[],s1a-iw-owi-cm-20210907t213854-20210907t214009-000003-04ADC3_ll_gd_GEO-IRWIN.nc,[]
198,wp242021,0,21-10-11-T21:54:14.000,[],s1a-iw-owi-cm-20211011t215414-20211011t215508-000003-04BEC0_ll_gd_GEO-IRWIN.nc,[]
199,wp222019,1,20-10-22-T20:14:38.000,['2019-10-22T19:59:01.000'],s1a-ew-owi-cm-20191022t201438-20191022t201648-000003-035DF5_ll_gd_GEO-IRWIN.nc,['TCPRIMED_v01r01-final_WP222019_SSMIS_F18_051630_20191022195901.nc']
200,wp222019,0,08-10-23-T08:30:16.000,[],rs2-scwa-owi-cm-20191023t083016-20191023t083348-00003-______ll_gd_GEO-IRWIN.nc,[]
201,wp222019,0,20-10-24-T20:21:09.000,[],rs2-scwa-owi-cm-20191024t202109-20191024t202332-00003-______ll_gd_GEO-IRWIN.nc,[]
202,al062023,0,09-09-04-T09:37:00.000,[],rcm3-sc50ma-owi-cm-20230904t093700-20230904t093759-00003-______ll_gd_GEO-IRWIN.nc,[]
203,al062023,0,09-08-21-T09:26:52.000,[],rcm3-sclnd-owi-cm-20230821t092652-20230821t092836-00003-______ll_gd_GEO-IRWIN.nc,[]
204,al062023,0,21-09-03-T21:19:14.000,[],rcm1-sc50ma-owi-cm-20230903t211914-20230903t212031-00003-______ll_gd_GEO-IRWIN.nc,[]
205,al062023,0,09-09-03-T09:31:41.000,[],rcm3-sc50ma-owi-cm-20230903t093141-20230903t093259-00003-______ll_gd_GEO-IRWIN.nc,[]
206,sh222021,0,23-03-02-T23:19:16.000,[],rs2-scwa-owi-cm-20210302t231916-20210302t232032-00003-______ll_gd_GEO-IRWIN.nc,[]
207,al052024,0,09-08-13-T09:43:23.000,[],rcm2-sclnd-owi-cm-20240813t094323-20240813t094440-00003-______ll_gd_GEO-IRWIN.nc,[]
208,al052024,0,22-08-15-T22:46:17.000,[],rcm1-sclnc-owi-cm-20240815t224617-20240815t224734-00003-______ll_gd_GEO-IRWIN.nc,[]
209,al052024,0,21-08-19-T21:47:33.000,[],rcm1-sclnd-owi-cm-20240819t214733-20240819t214801-00003-______ll_gd_GEO-IRWIN.nc,[]
210,al052024,0,09-08-19-T09:52:59.000,[],rcm3-sclnd-owi-cm-20240819t095259-20240819t095416-00003-______ll_gd_GEO-IRWIN.nc,[]
211,al052024,0,09-08-20-T09:26:36.000,[],rcm1-sclna-owi-cm-20240820t092636-20240820t092753-00003-______ll_gd_GEO-IRWIN.nc,[]
212,al052024,0,10-08-17-T10:11:20.000,[],rcm2-sc50mc-owi-cm-20240817t101120-20240817t101239-00003-______ll_gd_GEO-IRWIN.nc,[]
213,al052024,0,10-08-16-T10:36:03.000,[],rcm1-sc50ma-owi-cm-20240816t103603-20240816t103720-00003-______ll_gd_GEO-IRWIN.nc,[]
214,al052024,0,22-08-14-T22:37:07.000,[],rcm1-sclnb-owi-cm-20240814t223707-20240814t223822-00003-______ll_gd_GEO-IRWIN.nc,[]
215,al052024,0,22-08-18-T22:10:28.000,[],rcm3-sclnb-owi-cm-20240818t221028-20240818t221048-00003-______ll_gd_GEO-IRWIN.nc,[]
216,al052024,0,10-08-14-T10:22:18.000,[],rcm1-sclna-owi-cm-20240814t102218-20240814t102334-00003-______ll_gd_GEO-IRWIN.nc,[]
217,al052024,0,21-08-12-T21:47:25.000,[],rcm2-sclna-owi-cm-20240812t214725-20240812t214839-00003-______ll_gd_GEO-IRWIN.nc,[]
218,al052024,0,22-08-15-T22:46:33.000,[],s1a-iw-owi-cm-20240815t224633-20240815t224725-000003-06BB7E_ll_gd_GEO-IRWIN.nc,[]
219,al052024,0,22-08-13-T22:27:43.000,[],rcm1-sclnd-owi-cm-20240813t222743-20240813t222858-00003-______ll_gd_GEO-IRWIN.nc,[]
220,al052024,0,22-08-16-T22:23:27.000,[],rcm2-sc50ma-owi-cm-20240816t222327-20240816t222445-00003-______ll_gd_GEO-IRWIN.nc,[]
221,al052024,0,10-08-15-T10:29:15.000,[],rcm1-sclnc-owi-cm-20240815t102915-20240815t103032-00003-______ll_gd_GEO-IRWIN.nc,[]
222,al122024,1,20-10-01-T20:58:43.000,['2024-10-01T20:33:12.000'],rcm1-sclnd-owi-cm-20241001t205843-20241001t210000-00003-______ll_gd_GEO-IRWIN.nc,['TCPRIMED_v01r01-final_AL122024_SSMIS_F17_092428_20241001203312.nc']
223,al122024,1,08-10-02-T08:36:11.000,['2024-10-02T08:45:43.000'],s1a-ew-owi-cm-20241002t083611-20241002t083727-000003-06D630_ll_gd_GEO-IRWIN.nc,['TCPRIMED_v01r01-final_AL122024_SSMIS_F16_108142_20241002084543.nc']
224,al122024,2,21-10-06-T21:12:44.000,"['2024-10-06T21:10:39.000', '2024-10-06T20:50:55.000']",rcm2-sc50mc-owi-cm-20241006t211244-20241006t211403-00003-______ll_gd_GEO-IRWIN.nc,"['TCPRIMED_v01r01-final_AL122024_SSMIS_F17_092499_20241006211039.nc', 'TCPRIMED_v01r01-final_AL122024_SSMIS_F16_108206_20241006205055.nc']"
225,al122024,2,09-10-06-T09:22:22.000,"['2024-10-06T09:28:09.000', '2024-10-06T09:48:04.000']",rcm1-sc50ma-owi-cm-20241006t092222-20241006t092339-00003-______ll_gd_GEO-IRWIN.nc,"['TCPRIMED_v01r01-final_AL122024_SSMIS_F16_108199_20241006092809.nc', 'TCPRIMED_v01r01-final_AL122024_SSMIS_F17_092492_20241006094804.nc']"
226,al122024,1,08-10-07-T08:56:27.000,['2024-10-07T09:12:33.000'],rcm2-sc50ma-owi-cm-20241007t085627-20241007t085745-00003-______ll_gd_GEO-IRWIN.nc,['TCPRIMED_v01r01-final_AL122024_SSMIS_F16_108213_20241007091233.nc']
227,al122024,1,09-10-03-T09:01:45.000,['2024-10-03T08:52:42.000'],rcm1-sclna-owi-cm-20241003t090145-20241003t090300-00003-______ll_gd_GEO-IRWIN.nc,['TCPRIMED_v01r01-final_AL122024_SSMIS_F17_092449_20241003085242.nc']
228,al122024,2,20-09-30-T20:50:22.000,"['2024-09-30T20:46:45.000', '2024-09-30T20:24:09.000']",rcm1-sclnd-owi-cm-20240930t205022-20240930t205139-00003-______ll_gd_GEO-IRWIN.nc,"['TCPRIMED_v01r01-final_AL122024_SSMIS_F17_092414_20240930204645.nc', 'TCPRIMED_v01r01-final_AL122024_SSMIS_F16_108121_20240930202409.nc']"
229,al122024,1,06-10-09-T06:41:32.000,['2024-10-09T07:02:47.000'],s1a-iw-owi-cm-20241009t064132-20241009t064312-000003-06DA1F_ll_gd_GEO-IRWIN.nc,['TCPRIMED_v01r01-final_AL122024_SSMIS_F16_108240_20241009070247.nc']
230,al122024,0,09-10-04-T09:09:11.000,[],rcm1-sclnb-owi-cm-20241004t090911-20241004t091027-00003-______ll_gd_GEO-IRWIN.nc,[]
231,al122024,1,20-10-07-T20:17:54.000,['2024-10-07T20:38:43.000'],rcm1-sclnc-owi-cm-20241007t201754-20241007t201912-00003-______ll_gd_GEO-IRWIN.nc,['TCPRIMED_v01r01-final_AL122024_SSMIS_F16_108220_20241007203843.nc']
232,al122024,0,21-10-02-T21:07:44.000,[],rcm1-sclnd-owi-cm-20241002t210744-20241002t210836-00003-______ll_gd_GEO-IRWIN.nc,[]
233,al122024,2,21-10-04-T21:25:18.000,"['2024-10-04T21:34:54.000', '2024-10-04T21:14:44.000']",rcm1-sclnc-owi-cm-20241004t212518-20241004t212636-00003-______ll_gd_GEO-IRWIN.nc,"['TCPRIMED_v01r01-final_AL122024_SSMIS_F17_092471_20241004213454.nc', 'TCPRIMED_v01r01-final_AL122024_SSMIS_F16_108178_20241004211444.nc']"
234,al122024,0,07-10-08-T07:59:10.000,[],rcm1-sclnb-owi-cm-20241008t075910-20241008t080027-00003-______ll_gd_GEO-IRWIN.nc,[]
235,al122024,0,21-10-02-T21:05:52.000,[],s1a-ew-owi-cm-20241002t210552-20241002t210655-000003-06D67D_ll_gd_GEO-IRWIN.nc,[]
236,al122024,1,21-10-03-T21:16:27.000,['2024-10-03T21:26:59.000'],rcm1-sclnc-owi-cm-20241003t211627-20241003t211742-00003-______ll_gd_GEO-IRWIN.nc,['TCPRIMED_v01r01-final_AL122024_SSMIS_F16_108164_20241003212659.nc']
237,al122024,0,08-10-01-T08:15:20.000,[],rcm2-sclnd-owi-cm-20241001t081520-20241001t081635-00003-______ll_gd_GEO-IRWIN.nc,[]
238,al122024,1,21-10-05-T21:34:48.000,['2024-10-05T21:22:37.000'],rcm1-sclnd-owi-cm-20241005t213448-20241005t213606-00003-______ll_gd_GEO-IRWIN.nc,['TCPRIMED_v01r01-final_AL122024_SSMIS_F17_092485_20241005212237.nc']
239,al122024,1,19-10-08-T19:22:13.000,['2024-10-08T19:02:04.000'],rcm3-sclnd-owi-cm-20241008t192213-20241008t192332-00003-______ll_gd_GEO-IRWIN.nc,['TCPRIMED_v01r01-final_AL122024_SSMIS_F17_092526_20241008190204.nc']
240,al122024,1,09-10-05-T09:16:13.000,['2024-10-05T09:44:00.000'],rcm1-sclnb-owi-cm-20241005t091613-20241005t091730-00003-______ll_gd_GEO-IRWIN.nc,['TCPRIMED_v01r01-final_AL122024_SSMIS_F16_108185_20241005094400.nc']
241,sh192020,0,20-02-27-T20:57:12.000,[],s1a-iw-owi-cm-20200227t205712-20200227t205827-000003-039EBF_ll_gd_GEO-IRWIN.nc,[]
242,ep092024,0,13-09-14-T13:26:12.000,[],rcm3-sclna-owi-cm-20240914t132612-20240914t132727-00003-______ll_gd_GEO-IRWIN.nc,[]
243,ep092024,0,01-09-14-T01:34:53.000,[],rcm3-sclnd-owi-cm-20240914t013453-20240914t013609-00003-______ll_gd_GEO-IRWIN.nc,[]
244,ep052021,0,13-06-29-T13:05:56.000,[],s1a-iw-owi-cm-20210629t130556-20210629t130711-000003-048CB1_ll_gd_GEO-IRWIN.nc,[]
245,ep052021,0,01-06-27-T01:12:07.000,[],s1a-iw-owi-cm-20210627t011207-20210627t011351-000003-048BAA_ll_gd_GEO-IRWIN.nc,[]
246,ep052021,0,01-06-28-T01:04:28.000,[],s1b-iw-owi-cm-20210628t010428-20210628t010458-000003-0349E5_ll_gd_GEO-IRWIN.nc,[]
247,al142023,1,20-09-11-T20:45:41.000,['2023-09-11T20:29:50.000'],rcm1-sclnb-owi-cm-20230911t204541-20230911t204657-00003-______ll_gd_GEO-IRWIN.nc,['TCPRIMED_v01r01-final_AL142023_GMI_GPM_054188_20230911202950.nc']
248,al142023,0,08-09-14-T08:49:34.000,[],rcm1-sc50mb-owi-cm-20230914t084934-20230914t085051-00003-______ll_gd_GEO-IRWIN.nc,[]
249,al142023,0,08-09-16-T08:33:34.000,[],rcm2-sc50mc-owi-cm-20230916t083334-20230916t083451-00003-______ll_gd_GEO-IRWIN.nc,[]
250,al142023,1,08-09-11-T08:28:17.000,['2023-09-11T08:49:39.000'],rcm1-sclnd-owi-cm-20230911t082817-20230911t082933-00003-______ll_gd_GEO-IRWIN.nc,['TCPRIMED_v01r01-final_AL142023_SSMIS_F16_102673_20230911084939.nc']
251,al142023,0,20-09-12-T20:54:55.000,[],rcm1-sclnd-owi-cm-20230912t205455-20230912t205612-00003-______ll_gd_GEO-IRWIN.nc,[]
252,al142023,0,08-09-09-T08:13:38.000,[],rcm1-sclnd-owi-cm-20230909t081338-20230909t081454-00003-______ll_gd_GEO-IRWIN.nc,[]
253,al142023,0,20-09-13-T20:32:04.000,[],rcm2-sclna-owi-cm-20230913t203204-20230913t203320-00003-______ll_gd_GEO-IRWIN.nc,[]
254,al142023,1,08-09-12-T08:35:07.000,['2023-09-12T08:35:12.000'],rcm1-sclnc-owi-cm-20230912t083507-20230912t083624-00003-______ll_gd_GEO-IRWIN.nc,['TCPRIMED_v01r01-final_AL142023_SSMIS_F16_102687_20230912083512.nc']
255,al142023,1,08-09-13-T08:42:07.000,['2023-09-13T08:20:35.000'],rcm1-sclnc-owi-cm-20230913t084207-20230913t084324-00003-______ll_gd_GEO-IRWIN.nc,['TCPRIMED_v01r01-final_AL142023_SSMIS_F16_102701_20230913082035.nc']
256,al142023,2,20-09-10-T20:37:05.000,"['2023-09-10T20:18:50.000', '2023-09-10T20:11:00.000']",rcm1-sclna-owi-cm-20230910t203705-20230910t203821-00003-______ll_gd_GEO-IRWIN.nc,"['TCPRIMED_v01r01-final_AL142023_SSMIS_F16_102666_20230910201850.nc', 'TCPRIMED_v01r01-final_AL142023_SSMIS_F17_086957_20230910201100.nc']"
257,al142023,0,08-09-10-T08:20:58.000,[],rcm1-sclnd-owi-cm-20230910t082058-20230910t082215-00003-______ll_gd_GEO-IRWIN.nc,[]
258,al142023,1,20-09-09-T20:28:11.000,['2023-09-09T20:24:00.000'],rcm1-sclna-owi-cm-20230909t202811-20230909t202926-00003-______ll_gd_GEO-IRWIN.nc,['TCPRIMED_v01r01-final_AL142023_SSMIS_F17_086943_20230909202400.nc']
259,al142023,1,20-09-14-T20:40:28.000,['2023-09-14T21:01:17.000'],rcm2-sc50ma-owi-cm-20230914t204028-20230914t204145-00003-______ll_gd_GEO-IRWIN.nc,['TCPRIMED_v01r01-final_AL142023_SSMIS_F17_087014_20230914210117.nc']
260,sh192023,0,00-05-21-T00:59:19.000,[],rcm2-sclna-owi-cm-20230521t005919-20230521t010001-00003-______ll_gd_GEO-IRWIN.nc,[]
261,sh192023,1,13-05-19-T13:45:55.000,['2023-05-19T13:50:35.000'],rcm3-sclnb-owi-cm-20230519t134555-20230519t134710-00003-______ll_gd_GEO-IRWIN.nc,['TCPRIMED_v01r01-final_SH192023_SSMIS_F17_085342_20230519135035.nc']
262,sh192023,1,00-05-18-T00:35:18.000,['2023-05-18T00:42:40.000'],rcm2-sclnd-owi-cm-20230518t003518-20230518t003616-00003-______ll_gd_GEO-IRWIN.nc,['TCPRIMED_v01r01-final_SH192023_SSMIS_F16_101029_20230518004240.nc']
263,sh192023,0,00-05-20-T00:51:12.000,[],rcm2-sclnd-owi-cm-20230520t005112-20230520t005229-00003-______ll_gd_GEO-IRWIN.nc,[]
264,sh192023,1,13-05-20-T13:53:54.000,['2023-05-20T13:36:47.000'],rcm3-sclnd-owi-cm-20230520t135354-20230520t135420-00003-______ll_gd_GEO-IRWIN.nc,['TCPRIMED_v01r01-final_SH192023_SSMIS_F17_085356_20230520133647.nc']
265,sh192023,1,13-05-18-T13:37:54.000,['2023-05-18T14:04:33.000'],rcm3-sclnb-owi-cm-20230518t133754-20230518t133849-00003-______ll_gd_GEO-IRWIN.nc,['TCPRIMED_v01r01-final_SH192023_SSMIS_F17_085328_20230518140433.nc']
266,sh192023,1,13-05-15-T13:14:40.000,['2023-05-15T13:04:48.000'],rcm3-sclnd-owi-cm-20230515t131440-20230515t131555-00003-______ll_gd_GEO-IRWIN.nc,['TCPRIMED_v01r01-final_SH192023_SSMIS_F17_085285_20230515130448.nc']
267,sh192023,0,13-05-16-T13:22:31.000,[],rcm3-sclnc-owi-cm-20230516t132231-20230516t132346-00003-______ll_gd_GEO-IRWIN.nc,[]
268,sh192023,0,13-05-17-T13:29:56.000,[],rcm3-sclnc-owi-cm-20230517t132956-20230517t133052-00003-______ll_gd_GEO-IRWIN.nc,[]
269,wp132021,0,21-08-06-T21:51:40.000,[],s1b-iw-owi-cm-20210806t215140-20210806t215226-000003-035B26_ll_gd_GEO-IRWIN.nc,[]
270,al062024,0,00-09-09-T00:24:23.000,[],s1a-iw-owi-cm-20240909t002423-20240909t002538-000003-06C8BE_ll_gd_GEO-IRWIN.nc,[]
271,al062024,0,12-09-09-T12:14:37.000,[],rcm1-sclna-owi-cm-20240909t121437-20240909t121553-00003-______ll_gd_GEO-IRWIN.nc,[]
272,al062024,0,11-09-11-T11:56:56.000,[],rcm2-sclnd-owi-cm-20240911t115656-20240911t115814-00003-______ll_gd_GEO-IRWIN.nc,[]
273,al062024,0,00-09-12-T00:15:56.000,[],rcm2-sclnd-owi-cm-20240912t001556-20240912t001714-00003-______ll_gd_GEO-IRWIN.nc,[]
274,al062024,0,00-09-10-T00:29:46.000,[],rcm1-sclnc-owi-cm-20240910t002946-20240910t003059-00003-______ll_gd_GEO-IRWIN.nc,[]
275,al062024,0,12-09-11-T12:15:25.000,[],s1a-ew-owi-cm-20240911t121525-20240911t121628-000003-06CA2A_ll_gd_GEO-IRWIN.nc,[]
276,al062024,0,12-09-10-T12:21:37.000,[],rcm1-sclna-owi-cm-20240910t122137-20240910t122253-00003-______ll_gd_GEO-IRWIN.nc,[]
277,sh222019,0,14-03-29-T14:02:31.000,[],s1a-ew-owi-cm-20190329t140231-20190329t140436-000003-02F9EC_ll_gd_GEO-IRWIN.nc,[]
278,sh222019,1,00-03-30-T00:57:18.000,['2019-03-30T00:46:22.000'],s1a-ew-owi-cm-20190330t005718-20190330t010032-000003-02FA24_ll_gd_GEO-IRWIN.nc,['TCPRIMED_v01r01-final_SH222019_SSMIS_F18_048709_20190330004622.nc']
279,sh222019,1,01-03-26-T01:28:23.000,['2019-03-26T01:34:52.000'],s1a-ew-owi-cm-20190326t012823-20190326t013113-000003-02F7FA_ll_gd_GEO-IRWIN.nc,['TCPRIMED_v01r01-final_SH222019_SSMIS_F18_048653_20190326013452.nc']
280,sh222019,1,01-03-28-T01:12:52.000,['2019-03-28T01:10:09.000'],s1a-ew-owi-cm-20190328t011252-20190328t011456-000003-02F917_ll_gd_GEO-IRWIN.nc,['TCPRIMED_v01r01-final_SH222019_SSMIS_F18_048681_20190328011009.nc']
281,sh222019,1,00-03-28-T00:52:21.000,['2019-03-28T01:10:09.000'],rs2-scwa-owi-cm-20190328t005221-20190328t005444-00003-______ll_gd_GEO-IRWIN.nc,['TCPRIMED_v01r01-final_SH222019_SSMIS_F18_048681_20190328011009.nc']
282,sh222019,1,00-03-31-T00:49:28.000,['2019-03-31T00:34:28.000'],s1b-ew-owi-cm-20190331t004928-20190331t005133-000003-01D3A6_ll_gd_GEO-IRWIN.nc,['TCPRIMED_v01r01-final_SH222019_SSMIS_F18_048723_20190331003428.nc']
283,sh222019,0,13-03-30-T13:53:23.000,[],s1b-ew-owi-cm-20190330t135323-20190330t135509-000003-01D369_ll_gd_GEO-IRWIN.nc,[]
284,wp182022,1,10-09-25-T10:07:17.000,['2022-09-25T09:51:49.000'],rcm2-sc50mb-owi-cm-20220925t100717-20220925t100849-00003-______ll_gd_GEO-IRWIN.nc,['TCPRIMED_v01r01-final_WP182022_SSMIS_F17_082004_20220925095149.nc']
285,wp182022,2,22-09-25-T22:02:53.000,"['2022-09-25T22:27:00.000', '2022-09-25T21:43:57.000']",rcm2-sc50ma-owi-cm-20220925t220253-20220925t220352-00003-______ll_gd_GEO-IRWIN.nc,"['TCPRIMED_v01r01-final_WP182022_SSMIS_F17_082011_20220925222700.nc', 'TCPRIMED_v01r01-final_WP182022_SSMIS_F16_097721_20220925214357.nc']"
286,io052019,0,00-10-31-T00:55:40.000,[],s1b-iw-owi-cm-20191031t005540-20191031t005626-000003-023451_ll_gd_GEO-IRWIN.nc,[]
287,io052019,0,13-11-05-T13:51:13.000,[],rs2-scwa-owi-cm-20191105t135113-20191105t135447-00003-______ll_gd_GEO-IRWIN.nc,[]
288,ep032023,0,02-07-16-T02:52:57.000,[],rcm2-sclna-owi-cm-20230716t025257-20230716t025414-00003-______ll_gd_GEO-IRWIN.nc,[]
289,ep032023,0,02-07-14-T02:04:21.000,[],rcm3-sc50ma-owi-cm-20230714t020421-20230714t020538-00003-______ll_gd_GEO-IRWIN.nc,[]
290,ep032023,0,04-07-19-T04:22:13.000,[],rcm3-sclnd-owi-cm-20230719t042213-20230719t042329-00003-______ll_gd_GEO-IRWIN.nc,[]
291,ep032023,0,14-07-16-T14:48:49.000,[],rcm2-sclnc-owi-cm-20230716t144849-20230716t145006-00003-______ll_gd_GEO-IRWIN.nc,[]
292,ep032023,0,14-07-15-T14:09:19.000,[],rcm3-sclnd-owi-cm-20230715t140919-20230715t141035-00003-______ll_gd_GEO-IRWIN.nc,[]
293,ep032023,0,02-07-15-T02:44:31.000,[],rcm2-sclnd-owi-cm-20230715t024431-20230715t024548-00003-______ll_gd_GEO-IRWIN.nc,[]
294,ep032023,0,14-07-14-T14:01:40.000,[],rcm3-sclnc-owi-cm-20230714t140140-20230714t140238-00003-______ll_gd_GEO-IRWIN.nc,[]
295,ep032023,0,03-07-17-T03:33:08.000,[],rcm1-sclnd-owi-cm-20230717t033308-20230717t033424-00003-______ll_gd_GEO-IRWIN.nc,[]
296,ep032023,0,03-07-18-T03:41:39.000,[],rcm1-sclna-owi-cm-20230718t034139-20230718t034254-00003-______ll_gd_GEO-IRWIN.nc,[]
297,ep032023,0,16-07-19-T16:16:59.000,[],rcm3-sclnb-owi-cm-20230719t161659-20230719t161805-00003-______ll_gd_GEO-IRWIN.nc,[]
298,ep032023,0,15-07-17-T15:28:25.000,[],rcm1-sclna-owi-cm-20230717t152825-20230717t152942-00003-______ll_gd_GEO-IRWIN.nc,[]
299,wp212020,2,10-10-27-T10:39:02.000,"['2020-10-27T10:14:05.000', '2020-10-27T10:54:57.000']",s1a-ew-owi-cm-20201027t103902-20201027t104036-000003-04147D_ll_gd_GEO-IRWIN.nc,"['TCPRIMED_v01r01-final_WP212020_MHS_NOAA19_060402_20201027101405.nc', 'TCPRIMED_v01r01-final_WP212020_SSMIS_F17_072140_20201027105457.nc']"
300,wp212020,0,22-10-26-T22:11:02.000,[],s1a-ew-owi-cm-20201026t221102-20201026t221307-000003-041438_ll_gd_GEO-IRWIN.nc,[]
301,sh122023,0,17-02-13-T17:29:16.000,[],s1a-iw-owi-cm-20230213t172916-20230213t173031-000003-05AA87_ll_gd_GEO-IRWIN.nc,[]
302,sh122023,0,07-02-11-T07:38:35.000,[],rcm2-sclnd-owi-cm-20230211t073835-20230211t073951-00003-______ll_gd_GEO-IRWIN.nc,[]
303,sh122023,0,08-02-10-T08:03:28.000,[],rcm1-sclnd-owi-cm-20230210t080328-20230210t080508-00003-______ll_gd_GEO-IRWIN.nc,[]
304,al132024,1,08-10-08-T08:38:34.000,['2024-10-08T09:05:38.000'],rcm3-sclnd-owi-cm-20241008t083834-20241008t083950-00003-______ll_gd_GEO-IRWIN.nc,['TCPRIMED_v01r01-final_AL132024_SSMIS_F16_108227_20241008090538.nc']
305,al132024,0,09-10-10-T09:25:08.000,[],rcm2-sclna-owi-cm-20241010t092508-20241010t092623-00003-______ll_gd_GEO-IRWIN.nc,[]
306,al132024,0,21-10-09-T21:32:59.000,[],rcm2-sclnd-owi-cm-20241009t213259-20241009t213417-00003-______ll_gd_GEO-IRWIN.nc,[]
307,al132024,0,08-10-03-T08:00:18.000,[],rcm3-sclna-owi-cm-20241003t080018-20241003t080135-00003-______ll_gd_GEO-IRWIN.nc,[]
308,al132024,0,20-10-05-T20:26:06.000,[],rcm3-sclna-owi-cm-20241005t202606-20241005t202722-00003-______ll_gd_GEO-IRWIN.nc,[]
309,al132024,2,20-10-06-T20:34:45.000,"['2024-10-06T21:04:02.000', '2024-10-06T20:44:39.000']",rcm3-sclna-owi-cm-20241006t203445-20241006t203559-00003-______ll_gd_GEO-IRWIN.nc,"['TCPRIMED_v01r01-final_AL132024_SSMIS_F17_092499_20241006210402.nc', 'TCPRIMED_v01r01-final_AL132024_SSMIS_F16_108206_20241006204439.nc']"
310,al132024,0,08-10-06-T08:24:01.000,[],rcm3-sclna-owi-cm-20241006t082401-20241006t082517-00003-______ll_gd_GEO-IRWIN.nc,[]
311,al132024,0,09-10-12-T09:07:17.000,[],rcm3-sclna-owi-cm-20241012t090717-20241012t090832-00003-______ll_gd_GEO-IRWIN.nc,[]
312,al132024,2,21-10-11-T21:18:45.000,"['2024-10-11T21:22:05.000', '2024-10-11T21:39:24.000']",rcm3-sclnb-owi-cm-20241011t211845-20241011t212001-00003-______ll_gd_GEO-IRWIN.nc,"['TCPRIMED_v01r01-final_AL132024_SSMIS_F16_108277_20241011212205.nc', 'TCPRIMED_v01r01-final_AL132024_SSMIS_F17_092570_20241011213924.nc']"
313,al132024,2,20-10-02-T20:01:37.000,"['2024-10-02T19:56:00.000', '2024-10-02T20:17:36.000']",rcm3-sclna-owi-cm-20241002t200137-20241002t200253-00003-______ll_gd_GEO-IRWIN.nc,"['TCPRIMED_v01r01-final_AL132024_SSMIS_F16_108149_20241002195600.nc', 'TCPRIMED_v01r01-final_AL132024_SSMIS_F17_092442_20241002201736.nc']"
314,al132024,0,21-10-08-T21:24:17.000,[],rcm2-sclnd-owi-cm-20241008t212417-20241008t212532-00003-______ll_gd_GEO-IRWIN.nc,[]
315,al132024,2,08-10-05-T08:16:22.000,"['2024-10-05T08:06:49.000', '2024-10-05T08:27:14.000']",rcm3-sclna-owi-cm-20241005t081622-20241005t081738-00003-______ll_gd_GEO-IRWIN.nc,"['TCPRIMED_v01r01-final_AL132024_SSMIS_F16_108184_20241005080649.nc', 'TCPRIMED_v01r01-final_AL132024_SSMIS_F17_092477_20241005082714.nc']"
316,al132024,0,09-10-10-T09:07:18.000,[],s1a-ew-owi-cm-20241010t090718-20241010t090821-000003-06DAC3_ll_gd_GEO-IRWIN.nc,[]
317,al132024,1,20-10-04-T20:17:58.000,['2024-10-04T19:49:20.000'],rcm3-sclna-owi-cm-20241004t201758-20241004t201914-00003-______ll_gd_GEO-IRWIN.nc,['TCPRIMED_v01r01-final_AL132024_SSMIS_F17_092470_20241004194920.nc']
318,al132024,0,08-10-07-T08:31:25.000,[],rcm3-sclnb-owi-cm-20241007t083125-20241007t083241-00003-______ll_gd_GEO-IRWIN.nc,[]
319,io042023,0,23-07-31-T23:48:15.000,[],s1a-iw-owi-cm-20230731t234815-20230731t234931-000003-05F92A_ll_gd_GEO-IRWIN.nc,[]
320,ep182023,2,00-10-24-T00:47:08.000,"['2023-10-24T00:59:46.000', '2023-10-24T00:19:45.000']",s1a-iw-owi-cm-20231024t004708-20231024t004802-000003-0622AE_ll_gd_GEO-IRWIN.nc,"['TCPRIMED_v01r01-final_EP182023_GMI_GPM_054845_20231024005946.nc', 'TCPRIMED_v01r01-final_EP182023_SSMIS_F16_103276_20231024001945.nc']"
321,ep182023,1,00-10-25-T00:51:45.000,['2023-10-25T01:19:36.000'],rcm1-sc50mc-owi-cm-20231025t005145-20231025t005302-00003-______ll_gd_GEO-IRWIN.nc,['TCPRIMED_v01r01-final_EP182023_SSMIS_F17_087582_20231025011936.nc']
322,wp102023,1,08-08-30-T08:56:29.000,['2023-08-30T09:06:22.000'],rcm2-sc50ma-owi-cm-20230830t085629-20230830t085747-00003-______ll_gd_GEO-IRWIN.nc,['TCPRIMED_v01r01-final_WP102023_SSMIS_F17_086795_20230830090622.nc']
323,wp102023,0,20-08-30-T20:49:33.000,[],rcm2-sclnd-owi-cm-20230830t204933-20230830t205050-00003-______ll_gd_GEO-IRWIN.nc,[]
324,wp102023,1,21-09-01-T21:36:21.000,['2023-09-01T21:14:53.000'],rcm1-sc50mb-owi-cm-20230901t213621-20230901t213739-00003-______ll_gd_GEO-IRWIN.nc,['TCPRIMED_v01r01-final_WP102023_SSMIS_F16_102539_20230901211453.nc']
325,wp102023,0,09-08-31-T09:36:51.000,[],rcm1-sclnd-owi-cm-20230831t093651-20230831t093717-00003-______ll_gd_GEO-IRWIN.nc,[]
326,sh012024,0,07-10-24-T07:02:11.000,[],rcm1-sc50ma-owi-cm-20231024t070211-20231024t070327-00003-______ll_gd_GEO-IRWIN.nc,[]
327,sh012024,0,07-10-24-T07:13:30.000,[],s1a-iw-owi-cm-20231024t071330-20231024t071535-000003-0622CF_ll_gd_GEO-IRWIN.nc,[]
328,sh012024,0,18-10-25-T18:19:23.000,[],rcm3-sclnd-owi-cm-20231025t181923-20231025t182038-00003-______ll_gd_GEO-IRWIN.nc,[]
329,sh012024,0,07-10-25-T07:09:47.000,[],rcm1-sc50ma-owi-cm-20231025t070947-20231025t071104-00003-______ll_gd_GEO-IRWIN.nc,[]
330,sh012024,0,18-10-23-T18:33:50.000,[],rcm2-sc50ma-owi-cm-20231023t183350-20231023t183505-00003-______ll_gd_GEO-IRWIN.nc,[]
331,ep112023,1,14-09-09-T14:07:08.000,['2023-09-09T14:22:46.000'],rcm2-sc50mc-owi-cm-20230909t140708-20230909t140823-00003-______ll_gd_GEO-IRWIN.nc,['TCPRIMED_v01r01-final_EP112023_SSMIS_F16_102648_20230909142246.nc']
332,ep112023,0,02-09-10-T02:23:04.000,[],rcm2-sc50ma-owi-cm-20230910t022304-20230910t022420-00003-______ll_gd_GEO-IRWIN.nc,[]
333,ep112023,1,13-09-08-T13:59:58.000,['2023-09-08T14:29:31.000'],rcm2-sc50ma-owi-cm-20230908t135958-20230908t140114-00003-______ll_gd_GEO-IRWIN.nc,['TCPRIMED_v01r01-final_EP112023_SSMIS_F17_086925_20230908142931.nc']
334,ep112023,1,02-09-08-T02:05:04.000,['2023-09-08T01:56:19.000'],rcm2-sc50mc-owi-cm-20230908t020504-20230908t020620-00003-______ll_gd_GEO-IRWIN.nc,['TCPRIMED_v01r01-final_EP112023_SSMIS_F17_086918_20230908015619.nc']
335,ep112023,1,02-09-09-T02:14:07.000,['2023-09-09T01:50:30.000'],rcm2-sc50ma-owi-cm-20230909t021407-20230909t021511-00003-______ll_gd_GEO-IRWIN.nc,['TCPRIMED_v01r01-final_EP112023_SSMIS_F16_102641_20230909015030.nc']
336,ep112023,0,01-09-07-T01:24:41.000,[],rcm3-sc50ma-owi-cm-20230907t012441-20230907t012556-00003-______ll_gd_GEO-IRWIN.nc,[]
337,ep112023,1,13-09-06-T13:12:57.000,['2023-09-06T13:23:05.000'],rcm3-sc50ma-owi-cm-20230906t131257-20230906t131414-00003-______ll_gd_GEO-IRWIN.nc,['TCPRIMED_v01r01-final_EP112023_SSMIS_F16_102605_20230906132305.nc']
338,ep112023,1,13-09-07-T13:20:49.000,['2023-09-07T13:08:57.000'],rcm3-sc50mc-owi-cm-20230907t132049-20230907t132205-00003-______ll_gd_GEO-IRWIN.nc,['TCPRIMED_v01r01-final_EP112023_SSMIS_F16_102619_20230907130857.nc']
339,al092021,0,10-09-02-T10:40:27.000,[],s1b-iw-owi-cm-20210902t104027-20210902t104142-000003-036731_ll_gd_GEO-IRWIN.nc,[]
340,al092021,0,00-08-30-T00:07:13.000,[],rcm1-sc50mc-owi-cm-20210830t000713-20210830t000812-00003-______ll_gd_GEO-IRWIN.nc,[]
341,al092021,0,00-08-29-T00:00:47.000,[],s1a-iw-owi-cm-20210829t000047-20210829t000227-000003-04A8B3_ll_gd_GEO-IRWIN.nc,[]
342,al092021,0,10-09-04-T10:21:44.000,[],s1b-iw-owi-cm-20210904t102144-20210904t102324-000003-03681F_ll_gd_GEO-IRWIN.nc,[]
343,al152021,1,20-09-22-T20:26:06.000,['2021-09-22T20:02:04.000'],rcm2-sc50ma-owi-cm-20210922t202606-20210922t202926-00003-______ll_gd_GEO-IRWIN.nc,['TCPRIMED_v01r01-final_AL152021_SSMIS_F17_076809_20210922200204.nc']
344,al152021,0,10-09-18-T10:40:52.000,[],rcm2-sc50ma-owi-cm-20210918t104052-20210918t104157-00003-______ll_gd_GEO-IRWIN.nc,[]
345,al152021,0,20-09-23-T20:34:05.000,[],rcm2-sc50mb-owi-cm-20210923t203405-20210923t203745-00003-______ll_gd_GEO-IRWIN.nc,[]
346,al072024,0,20-09-13-T20:44:26.000,[],rcm3-sclnb-owi-cm-20240913t204426-20240913t204542-00003-______ll_gd_GEO-IRWIN.nc,[]
347,al072024,0,20-09-14-T20:52:30.000,[],rcm3-sclna-owi-cm-20240914t205230-20240914t205345-00003-______ll_gd_GEO-IRWIN.nc,[]
348,al072024,0,08-09-15-T08:46:13.000,[],rcm3-sclnd-owi-cm-20240915t084613-20240915t084728-00003-______ll_gd_GEO-IRWIN.nc,[]
349,wp032023,0,21-06-09-T21:06:12.000,[],rcm2-sc50mc-owi-cm-20230609t210612-20230609t210727-00003-______ll_gd_GEO-IRWIN.nc,[]
350,wp032023,0,08-06-12-T08:35:36.000,[],rcm1-sc50ma-owi-cm-20230612t083536-20230612t083554-00003-______ll_gd_GEO-IRWIN.nc,[]
351,wp032023,0,21-06-10-T21:13:24.000,[],rcm2-sc50ma-owi-cm-20230610t211324-20230610t211436-00003-______ll_gd_GEO-IRWIN.nc,[]
352,wp032023,0,20-06-11-T20:48:27.000,[],rcm3-sc50mc-owi-cm-20230611t204827-20230611t204945-00003-______ll_gd_GEO-IRWIN.nc,[]
353,wp012024,0,20-05-29-T20:55:41.000,[],rcm1-sc50mc-owi-cm-20240529t205541-20240529t205657-00003-______ll_gd_GEO-IRWIN.nc,[]
354,wp012024,0,09-05-26-T09:58:29.000,[],s1a-iw-owi-cm-20240526t095829-20240526t095928-000003-069204_ll_gd_GEO-IRWIN.nc,[]
355,wp012024,0,21-05-28-T21:21:11.000,[],rcm3-sc50ma-owi-cm-20240528t212111-20240528t212226-00003-______ll_gd_GEO-IRWIN.nc,[]
356,wp012024,0,09-05-28-T09:28:56.000,[],rcm3-sc50ma-owi-cm-20240528t092856-20240528t093011-00003-______ll_gd_GEO-IRWIN.nc,[]
357,wp012024,0,09-05-27-T09:51:44.000,[],rcm2-sc50ma-owi-cm-20240527t095144-20240527t095259-00003-______ll_gd_GEO-IRWIN.nc,[]
358,wp012024,0,08-05-30-T08:42:58.000,[],rcm2-sc50ma-owi-cm-20240530t084258-20240530t084415-00003-______ll_gd_GEO-IRWIN.nc,[]
359,wp012024,0,21-05-26-T21:38:55.000,[],rcm2-sc50mb-owi-cm-20240526t213855-20240526t214011-00003-______ll_gd_GEO-IRWIN.nc,[]
360,wp012024,0,09-05-29-T09:05:34.000,[],rcm1-sc50ma-owi-cm-20240529t090534-20240529t090650-00003-______ll_gd_GEO-IRWIN.nc,[]
361,al262020,0,11-10-07-T11:35:12.000,[],s1b-iw-owi-cm-20201007t113512-20201007t113652-000003-02D0BA_ll_gd_GEO-IRWIN.nc,[]
362,al262020,1,23-10-05-T23:33:09.000,['2020-10-05T23:06:29.000'],s1a-iw-owi-cm-20201005t233309-20201005t233449-000003-0409B0_ll_gd_GEO-IRWIN.nc,['TCPRIMED_v01r01-final_AL262020_MHS_NOAA19_060099_20201005230629.nc']
363,al262020,2,00-10-08-T00:07:02.000,"['2020-10-08T00:26:11.000', '2020-10-07T23:56:30.000']",s1b-iw-owi-cm-20201008t000702-20201008t000846-000003-02D0FE_ll_gd_GEO-IRWIN.nc,"['TCPRIMED_v01r01-final_AL262020_MHS_NOAA19_060128_20201008002611.nc', 'TCPRIMED_v01r01-final_AL262020_SSMIS_F17_071865_20201007235630.nc']"
364,al262020,0,12-10-09-T12:06:43.000,[],s1a-iw-owi-cm-20201009t120643-20201009t120826-000003-040B68_ll_gd_GEO-IRWIN.nc,[]
365,al262020,2,00-10-10-T00:11:35.000,"['2020-10-10T00:04:51.000', '2020-10-09T23:45:37.000']",rs2-scwa-owi-cm-20201010t001135-20201010t001251-00003-______ll_gd_GEO-IRWIN.nc,"['TCPRIMED_v01r01-final_AL262020_MHS_NOAA19_060156_20201010000451.nc', 'TCPRIMED_v01r01-final_AL262020_GMI_GPM_037589_20201009234537.nc']"
366,al262020,1,11-10-08-T11:50:43.000,['2020-10-08T11:39:11.000'],rs2-scwa-owi-cm-20201008t115043-20201008t115306-00003-______ll_gd_GEO-IRWIN.nc,['TCPRIMED_v01r01-final_AL262020_SSMIS_F18_056597_20201008113911.nc']
367,al162019,1,00-10-18-T00:24:29.000,['2019-10-18T00:05:21.000'],s1a-iw-owi-cm-20191018t002429-20191018t002544-000003-035B80_ll_gd_GEO-IRWIN.nc,['TCPRIMED_v01r01-final_AL162019_SSMIS_F17_066834_20191018000521.nc']
368,al142024,0,11-10-09-T11:25:21.000,[],rcm1-sclnd-owi-cm-20241009t112521-20241009t112639-00003-______ll_gd_GEO-IRWIN.nc,[]
369,al142024,1,12-10-07-T12:14:10.000,['2024-10-07T12:42:01.000'],rcm2-sclna-owi-cm-20241007t121410-20241007t121526-00003-______ll_gd_GEO-IRWIN.nc,['TCPRIMED_v01r01-final_AL142024_SSMIS_F16_108215_20241007124201.nc']
370,al142024,1,23-10-10-T23:19:22.000,['2024-10-10T23:17:50.000'],rcm2-sclnc-owi-cm-20241010t231922-20241010t232017-00003-______ll_gd_GEO-IRWIN.nc,['TCPRIMED_v01r01-final_AL142024_SSMIS_F16_108264_20241010231750.nc']
371,al142024,2,00-10-09-T00:06:24.000,"['2024-10-09T00:02:04.000', '2024-10-08T23:43:41.000']",rcm3-sclnd-owi-cm-20241009t000624-20241009t000741-00003-______ll_gd_GEO-IRWIN.nc,"['TCPRIMED_v01r01-final_AL142024_SSMIS_F17_092529_20241009000204.nc', 'TCPRIMED_v01r01-final_AL142024_SSMIS_F16_108236_20241008234341.nc']"
372,al142024,2,23-10-07-T23:58:27.000,"['2024-10-07T23:56:58.000', '2024-10-08T00:15:54.000']",rcm3-sclna-owi-cm-20241007t235827-20241007t235944-00003-______ll_gd_GEO-IRWIN.nc,"['TCPRIMED_v01r01-final_AL142024_SSMIS_F16_108222_20241007235658.nc', 'TCPRIMED_v01r01-final_AL142024_SSMIS_F17_092515_20241008001554.nc']"
373,al142024,0,12-10-06-T12:06:23.000,[],rcm2-sclnd-owi-cm-20241006t120623-20241006t120739-00003-______ll_gd_GEO-IRWIN.nc,[]
374,al142024,0,11-10-08-T11:50:37.000,[],rcm3-sclnb-owi-cm-20241008t115037-20241008t115138-00003-______ll_gd_GEO-IRWIN.nc,[]
375,al142024,2,00-10-07-T00:22:03.000,"['2024-10-07T00:10:45.000', '2024-10-07T00:30:03.000']",rcm2-sclnd-owi-cm-20241007t002203-20241007t002321-00003-______ll_gd_GEO-IRWIN.nc,"['TCPRIMED_v01r01-final_AL142024_SSMIS_F16_108208_20241007001045.nc', 'TCPRIMED_v01r01-final_AL142024_SSMIS_F17_092501_20241007003003.nc']"
376,al142024,2,23-10-09-T23:42:35.000,"['2024-10-09T23:49:07.000', '2024-10-09T23:31:03.000']",rcm1-sclnd-owi-cm-20241009t234235-20241009t234415-00003-______ll_gd_GEO-IRWIN.nc,"['TCPRIMED_v01r01-final_AL142024_SSMIS_F17_092543_20241009234907.nc', 'TCPRIMED_v01r01-final_AL142024_SSMIS_F16_108250_20241009233103.nc']"
377,ep122020,0,13-08-20-T13:13:30.000,[],s1b-ew-owi-cm-20200820t131330-20200820t131534-000003-02BAD1_ll_gd_GEO-IRWIN.nc,[]
378,ep122020,1,13-08-21-T13:31:53.000,['2020-08-21T13:58:05.000'],rs2-scwa-owi-cm-20200821t133153-20200821t133416-00003-______ll_gd_GEO-IRWIN.nc,['TCPRIMED_v01r01-final_EP122020_MHS_NOAA19_059458_20200821135805.nc']
379,ep022019,0,02-07-04-T02:32:28.000,[],s1b-ew-owi-cm-20190704t023228-20190704t023438-000003-01FF1E_ll_gd_GEO-IRWIN.nc,[]
380,ep022019,0,03-07-06-T03:07:14.000,[],s1a-ew-owi-cm-20190706t030714-20190706t030900-000003-03292B_ll_gd_GEO-IRWIN.nc,[]
381,sh022024,0,06-11-16-T06:19:25.000,[],rcm2-sclna-owi-cm-20231116t061925-20231116t062041-00003-______ll_gd_GEO-IRWIN.nc,[]
382,sh022024,0,17-11-16-T17:01:24.000,[],rcm2-sclnd-owi-cm-20231116t170124-20231116t170238-00003-______ll_gd_GEO-IRWIN.nc,[]
383,sh022024,0,17-11-14-T17:40:47.000,[],s1a-iw-owi-cm-20231114t174047-20231114t174139-000003-062D9A_ll_gd_GEO-IRWIN.nc,[]
384,sh022024,0,17-11-14-T17:47:32.000,[],rcm3-sc50ma-owi-cm-20231114t174732-20231114t174847-00003-______ll_gd_GEO-IRWIN.nc,[]
385,sh022024,0,06-11-14-T06:37:22.000,[],rcm1-sc50ma-owi-cm-20231114t063722-20231114t063839-00003-______ll_gd_GEO-IRWIN.nc,[]
386,al082024,0,10-09-16-T10:59:33.000,[],rcm2-sclnd-owi-cm-20240916t105933-20240916t110050-00003-______ll_gd_GEO-IRWIN.nc,[]
387,al042021,0,23-06-28-T23:21:29.000,[],s1a-iw-owi-cm-20210628t232129-20210628t232244-000003-048C7A_ll_gd_GEO-IRWIN.nc,[]
388,al052022,0,20-09-06-T20:30:52.000,[],s1a-ew-owi-cm-20220906t203052-20220906t203311-000003-055C9D_ll_gd_GEO-IRWIN.nc,[]
389,al052022,0,18-09-13-T18:44:40.000,[],s1a-iw-owi-cm-20220913t184440-20220913t184557-000003-056002_ll_gd_GEO-IRWIN.nc,[]
390,al052022,0,20-09-06-T20:34:09.000,[],rcm2-sc50ma-owi-cm-20220906t203409-20220906t203749-00003-______ll_gd_GEO-IRWIN.nc,[]
391,al152024,2,11-10-19-T11:43:46.000,"['2024-10-19T11:55:35.000', '2024-10-19T11:41:41.000']",rcm3-sclnb-owi-cm-20241019t114346-20241019t114502-00003-______ll_gd_GEO-IRWIN.nc,"['TCPRIMED_v01r01-final_AL152024_SSMIS_F17_092677_20241019115535.nc', 'TCPRIMED_v01r01-final_AL152024_SSMIS_F16_108384_20241019114141.nc']"
392,al042023,0,09-06-25-T09:50:38.000,[],rcm3-sclna-owi-cm-20230625t095038-20230625t095155-00003-______ll_gd_GEO-IRWIN.nc,[]
393,al042023,0,21-06-24-T21:55:39.000,[],rcm3-sclnd-owi-cm-20230624t215539-20230624t215655-00003-______ll_gd_GEO-IRWIN.nc,[]
394,al042023,0,22-06-25-T22:04:40.000,[],rcm3-sclnb-owi-cm-20230625t220440-20230625t220554-00003-______ll_gd_GEO-IRWIN.nc,[]
395,al042023,0,21-06-23-T21:14:23.000,[],rcm1-sclna-owi-cm-20230623t211423-20230623t211540-00003-______ll_gd_GEO-IRWIN.nc,[]
396,al042023,0,09-06-24-T09:11:03.000,[],rcm1-sclnd-owi-cm-20230624t091103-20230624t091220-00003-______ll_gd_GEO-IRWIN.nc,[]
397,wp292019,0,21-12-01-T21:23:03.000,[],s1a-iw-owi-cm-20191201t212303-20191201t212357-000003-037255_ll_gd_GEO-IRWIN.nc,[]
398,ep042022,0,23-07-01-T23:48:34.000,[],s1a-iw-owi-cm-20220701t234834-20220701t234949-000003-053E0B_ll_gd_GEO-IRWIN.nc,[]
399,ep042022,0,13-07-06-T13:07:50.000,[],s1a-ew-owi-cm-20220706t130750-20220706t130915-000003-053FF6_ll_gd_GEO-IRWIN.nc,[]
400,ep042022,0,01-07-07-T01:36:53.000,[],s1a-ew-owi-cm-20220707t013653-20220707t013827-000003-054032_ll_gd_GEO-IRWIN.nc,[]
401,ep042022,0,00-07-05-T00:44:24.000,[],rs2-scwa-owi-cm-20220705t004424-20220705t004648-00003-______ll_gd_GEO-IRWIN.nc,[]
402,al132022,0,10-10-08-T10:56:33.000,[],rcm2-sc50ma-owi-cm-20221008t105633-20221008t105652-00003-______ll_gd_GEO-IRWIN.nc,[]
403,al172020,0,19-09-21-T19:47:28.000,[],s1b-iw-owi-cm-20200921t194728-20200921t194822-000003-02C997_ll_gd_GEO-IRWIN.nc,[]
404,al172020,0,09-09-16-T09:26:22.000,[],s1a-iw-owi-cm-20200916t092622-20200916t092738-000003-03FF8D_ll_gd_GEO-IRWIN.nc,[]
405,al172020,0,07-09-21-T07:58:28.000,[],s1a-iw-owi-cm-20200921t075828-20200921t075920-000003-04022D_ll_gd_GEO-IRWIN.nc,[]
406,al172020,1,08-09-18-T08:19:38.000,['2020-09-18T08:19:52.000'],s1b-ew-owi-cm-20200918t081938-20200918t082143-000003-02C801_ll_gd_GEO-IRWIN.nc,['TCPRIMED_v01r01-final_AL172020_MHS_NOAA19_059850_20200918081952.nc']
407,al172020,1,08-09-20-T08:05:30.000,['2020-09-20T07:58:40.000'],s1b-iw-owi-cm-20200920t080530-20200920t080636-000003-02C8E1_ll_gd_GEO-IRWIN.nc,['TCPRIMED_v01r01-final_AL172020_MHS_NOAA19_059878_20200920075840.nc']
408,al172020,0,21-09-15-T21:29:36.000,[],rcm3-sc50mb-owi-cm-20200915t212936-20200915t213056-00003-______ll_gd_GEO-IRWIN.nc,[]
409,al172020,1,08-09-19-T08:12:37.000,['2020-09-19T08:09:57.000'],s1a-ew-owi-cm-20200919t081237-20200919t081514-000003-040117_ll_gd_GEO-IRWIN.nc,['TCPRIMED_v01r01-final_AL172020_MHS_NOAA19_059864_20200919080957.nc']
410,sh212019,0,21-03-23-T21:38:33.000,[],s1b-iw-owi-cm-20190323t213833-20190323t214017-000003-01D040_ll_gd_GEO-IRWIN.nc,[]
411,sh212019,1,10-03-23-T10:45:23.000,['2019-03-23T11:07:11.000'],s1b-ew-owi-cm-20190323t104523-20190323t104727-000003-01D003_ll_gd_GEO-IRWIN.nc,['TCPRIMED_v01r01-final_SH212019_SSMIS_F17_063887_20190323110711.nc']
412,sh212019,1,10-03-24-T10:38:03.000,['2019-03-24T10:53:27.000'],s1a-ew-owi-cm-20190324t103803-20190324t103949-000003-02F72C_ll_gd_GEO-IRWIN.nc,['TCPRIMED_v01r01-final_SH212019_SSMIS_F17_063901_20190324105327.nc']
413,sh212019,0,21-03-22-T21:46:43.000,[],s1a-ew-owi-cm-20190322t214643-20190322t214850-000003-02F65C_ll_gd_GEO-IRWIN.nc,[]
414,io042019,0,01-10-30-T01:51:23.000,[],s1b-ew-owi-cm-20191030t015123-20191030t015337-000003-0233DE_ll_gd_GEO-IRWIN.nc,[]
415,ep122022,1,01-09-08-T01:26:36.000,['2022-09-08T01:51:34.000'],rcm2-sc50ma-owi-cm-20220908t012636-20220908t012732-00003-______ll_gd_GEO-IRWIN.nc,['TCPRIMED_v01r01-final_EP122022_SSMIS_F17_081759_20220908015134.nc']
416,ep122022,0,13-09-07-T13:31:07.000,[],s1a-iw-owi-cm-20220907t133107-20220907t133151-000003-055CF5_ll_gd_GEO-IRWIN.nc,[]
417,sh032024,0,07-12-06-T07:59:16.000,[],rcm1-sclnb-owi-cm-20231206t075916-20231206t080032-00003-______ll_gd_GEO-IRWIN.nc,[]
418,sh032024,0,19-12-07-T19:14:22.000,[],rcm3-sclnb-owi-cm-20231207t191422-20231207t191537-00003-______ll_gd_GEO-IRWIN.nc,[]
419,sh032024,0,08-12-09-T08:22:00.000,[],rcm1-sclnd-owi-cm-20231209t082200-20231209t082317-00003-______ll_gd_GEO-IRWIN.nc,[]
420,sh032024,0,08-12-08-T08:14:14.000,[],rcm1-sclnd-owi-cm-20231208t081414-20231208t081529-00003-______ll_gd_GEO-IRWIN.nc,[]
421,sh032024,0,19-12-12-T19:55:34.000,[],rcm3-sclna-owi-cm-20231212t195534-20231212t195649-00003-______ll_gd_GEO-IRWIN.nc,[]
422,sh032024,0,19-12-11-T19:43:46.000,[],s1a-ew-owi-cm-20231211t194346-20231211t194450-000003-063B46_ll_gd_GEO-IRWIN.nc,[]
423,sh032024,0,19-12-10-T19:39:31.000,[],rcm3-sclna-owi-cm-20231210t193931-20231210t194046-00003-______ll_gd_GEO-IRWIN.nc,[]
424,sh032024,0,08-12-11-T08:37:52.000,[],rcm1-sclnd-owi-cm-20231211t083752-20231211t083908-00003-______ll_gd_GEO-IRWIN.nc,[]
425,sh032024,0,19-12-08-T19:22:55.000,[],rcm3-sclna-owi-cm-20231208t192255-20231208t192410-00003-______ll_gd_GEO-IRWIN.nc,[]
426,sh032024,0,19-12-11-T19:47:14.000,[],rcm3-sclna-owi-cm-20231211t194714-20231211t194831-00003-______ll_gd_GEO-IRWIN.nc,[]
427,sh032024,0,08-12-10-T08:29:38.000,[],rcm1-sclnd-owi-cm-20231210t082938-20231210t083053-00003-______ll_gd_GEO-IRWIN.nc,[]
428,sh032024,0,19-12-06-T19:06:05.000,[],rcm3-sclnd-owi-cm-20231206t190605-20231206t190722-00003-______ll_gd_GEO-IRWIN.nc,[]
429,sh032024,0,08-12-07-T08:06:53.000,[],rcm1-sclnd-owi-cm-20231207t080653-20231207t080808-00003-______ll_gd_GEO-IRWIN.nc,[]
430,sh032024,0,08-12-10-T08:11:20.000,[],s1a-ew-owi-cm-20231210t081120-20231210t081224-000003-063A7C_ll_gd_GEO-IRWIN.nc,[]
431,sh032024,0,08-12-13-T08:54:13.000,[],rcm1-sclnd-owi-cm-20231213t085413-20231213t085529-00003-______ll_gd_GEO-IRWIN.nc,[]
432,sh032024,0,19-12-08-T19:18:32.000,[],s1a-ew-owi-cm-20231208t191832-20231208t191936-000003-0639B7_ll_gd_GEO-IRWIN.nc,[]
433,sh032024,0,08-12-12-T08:45:48.000,[],rcm1-sclnd-owi-cm-20231212t084548-20231212t084705-00003-______ll_gd_GEO-IRWIN.nc,[]
434,al092024,0,11-09-25-T11:42:40.000,[],rcm3-sclna-owi-cm-20240925t114240-20240925t114356-00003-______ll_gd_GEO-IRWIN.nc,[]
435,al092024,0,11-09-26-T11:49:40.000,[],rcm3-sclna-owi-cm-20240926t114940-20240926t115035-00003-______ll_gd_GEO-IRWIN.nc,[]
436,al092024,0,23-09-25-T23:58:14.000,[],rcm3-sclnd-owi-cm-20240925t235814-20240925t235932-00003-______ll_gd_GEO-IRWIN.nc,[]
437,al092024,0,23-09-26-T23:36:42.000,[],s1a-iw-owi-cm-20240926t233642-20240926t233847-000003-06D316_ll_gd_GEO-IRWIN.nc,[]
438,al092024,0,23-09-26-T23:35:36.000,[],rcm1-sclna-owi-cm-20240926t233536-20240926t233653-00003-______ll_gd_GEO-IRWIN.nc,[]
439,al092024,0,23-09-24-T23:49:27.000,[],rcm3-sclnc-owi-cm-20240924t234927-20240924t235044-00003-______ll_gd_GEO-IRWIN.nc,[]
440,wp192021,0,21-09-08-T21:12:59.000,[],rcm1-sc50mb-owi-cm-20210908t211259-20210908t211759-00003-______ll_gd_GEO-IRWIN.nc,[]
441,wp192021,1,21-09-09-T21:21:01.000,['2021-09-09T21:12:16.000'],s1a-ew-owi-cm-20210909t212101-20210909t212247-000003-04AEB8_ll_gd_GEO-IRWIN.nc,['TCPRIMED_v01r01-final_WP192021_GMI_GPM_042799_20210909211216.nc']
442,wp192021,1,09-09-14-T09:38:55.000,['2021-09-14T09:52:58.000'],rcm2-sc50ma-owi-cm-20210914t093855-20210914t094255-00003-______ll_gd_GEO-IRWIN.nc,['TCPRIMED_v01r01-final_WP192021_SSMIS_F17_076690_20210914095258.nc']
443,wp192021,1,09-09-08-T09:16:31.000,['2021-09-08T09:27:41.000'],s1b-ew-owi-cm-20210908t091631-20210908t091835-000003-0369DA_ll_gd_GEO-IRWIN.nc,['TCPRIMED_v01r01-final_WP192021_SSMIS_F17_076605_20210908092741.nc']
444,wp192021,0,09-09-12-T09:44:20.000,[],rs2-scwa-owi-cm-20210912t094420-20210912t094644-00003-______ll_gd_GEO-IRWIN.nc,[]
445,wp192021,0,20-09-07-T20:47:03.000,[],s1b-ew-owi-cm-20210907t204703-20210907t204937-000003-0369A5_ll_gd_GEO-IRWIN.nc,[]
446,wp192021,0,21-09-11-T21:51:42.000,[],s1b-iw-owi-cm-20210911t215142-20210911t215228-000003-036B86_ll_gd_GEO-IRWIN.nc,[]
447,wp192021,0,21-09-13-T21:36:38.000,[],rs2-scwa-owi-cm-20210913t213638-20210913t213901-00003-______ll_gd_GEO-IRWIN.nc,[]
448,wp252021,0,20-10-27-T20:28:21.000,[],s1b-ew-owi-cm-20211027t202821-20211027t203105-000003-03800D_ll_gd_GEO-IRWIN.nc,[]
449,wp252021,0,20-10-28-T20:19:47.000,[],s1a-ew-owi-cm-20211028t201947-20211028t202249-000003-04C757_ll_gd_GEO-IRWIN.nc,[]
450,wp252021,0,20-10-26-T20:45:01.000,[],rs2-scwa-owi-cm-20211026t204501-20211026t204724-00003-______ll_gd_GEO-IRWIN.nc,[]
451,wp252021,0,20-10-26-T20:38:18.000,[],s1a-ew-owi-cm-20211026t203818-20211026t204047-000003-04C656_ll_gd_GEO-IRWIN.nc,[]
452,ep082023,0,03-08-15-T03:40:12.000,[],rcm2-sclna-owi-cm-20230815t034012-20230815t034128-00003-______ll_gd_GEO-IRWIN.nc,[]
453,ep082023,0,15-08-15-T15:38:14.000,[],rcm2-sclna-owi-cm-20230815t153814-20230815t153931-00003-______ll_gd_GEO-IRWIN.nc,[]
454,ep082023,0,04-08-17-T04:28:25.000,[],rcm1-sclnd-owi-cm-20230817t042825-20230817t042941-00003-______ll_gd_GEO-IRWIN.nc,[]
455,al122023,0,07-09-03-T07:56:25.000,[],rcm3-sclnd-owi-cm-20230903t075625-20230903t075741-00003-______ll_gd_GEO-IRWIN.nc,[]
456,sh062020,0,21-01-07-T21:23:00.000,[],s1b-iw-owi-cm-20200107t212300-20200107t212354-000003-02546E_ll_gd_GEO-IRWIN.nc,[]
457,wp042022,0,10-07-01-T10:41:23.000,[],s1a-iw-owi-cm-20220701t104123-20220701t104217-000003-053DCB_ll_gd_GEO-IRWIN.nc,[]
458,sh102024,0,04-02-08-T04:44:10.000,[],rcm2-sclnd-owi-cm-20240208t044410-20240208t044526-00003-______ll_gd_GEO-IRWIN.nc,[]
459,sh102024,0,15-02-07-T15:46:28.000,[],rcm1-sclnb-owi-cm-20240207t154628-20240207t154744-00003-______ll_gd_GEO-IRWIN.nc,[]
460,sh172023,1,11-03-30-T11:19:10.000,['2023-03-30T11:38:38.000'],rcm1-sclna-owi-cm-20230330t111910-20230330t112038-00003-______ll_gd_GEO-IRWIN.nc,['TCPRIMED_v01r01-final_SH172023_SSMIS_F17_084634_20230330113838.nc']
461,sh172023,1,22-03-31-T22:36:09.000,['2023-03-31T22:37:12.000'],rcm3-sclna-owi-cm-20230331t223609-20230331t223725-00003-______ll_gd_GEO-IRWIN.nc,['TCPRIMED_v01r01-final_SH172023_SSMIS_F17_084654_20230331223712.nc']
462,sh172023,1,11-04-01-T11:34:18.000,['2023-04-01T11:10:13.000'],rcm1-sclnd-owi-cm-20230401t113418-20230401t113533-00003-______ll_gd_GEO-IRWIN.nc,['TCPRIMED_v01r01-final_SH172023_SSMIS_F17_084662_20230401111013.nc']
463,sh172023,1,11-03-31-T11:26:51.000,['2023-03-31T11:24:22.000'],rcm1-sclnd-owi-cm-20230331t112651-20230331t112806-00003-______ll_gd_GEO-IRWIN.nc,['TCPRIMED_v01r01-final_SH172023_SSMIS_F17_084648_20230331112422.nc']
464,sh172023,1,22-03-30-T22:28:09.000,['2023-03-30T22:50:16.000'],rcm3-sclnc-owi-cm-20230330t222809-20230330t222926-00003-______ll_gd_GEO-IRWIN.nc,['TCPRIMED_v01r01-final_SH172023_SSMIS_F17_084640_20230330225016.nc']
465,al092020,0,23-08-03-T23:13:11.000,[],s1a-iw-owi-cm-20200803t231311-20200803t231426-000003-03E964_ll_gd_GEO-IRWIN.nc,[]
466,al092020,0,11-08-03-T11:24:25.000,[],s1b-iw-owi-cm-20200803t112425-20200803t112540-000003-02B314_ll_gd_GEO-IRWIN.nc,[]
467,al092020,0,23-08-02-T23:19:13.000,[],s1b-iw-owi-cm-20200802t231913-20200802t232034-000003-02B2DB_ll_gd_GEO-IRWIN.nc,[]
468,sh232021,0,07-03-06-T07:27:58.000,[],s1a-iw-owi-cm-20210306t072758-20210306t072942-000003-04562A_ll_gd_GEO-IRWIN.nc,[]
469,sh232021,0,18-03-05-T18:30:14.000,[],s1b-iw-owi-cm-20210305t183014-20210305t183044-000003-031649_ll_gd_GEO-IRWIN.nc,[]
470,al162024,2,11-10-22-T11:02:28.000,"['2024-10-22T10:59:15.000', '2024-10-22T11:11:47.000']",rcm2-sclna-owi-cm-20241022t110228-20241022t110314-00003-______ll_gd_GEO-IRWIN.nc,"['TCPRIMED_v01r01-final_AL162024_SSMIS_F16_108426_20241022105915.nc', 'TCPRIMED_v01r01-final_AL162024_SSMIS_F17_092719_20241022111147.nc']"
471,al162024,1,23-10-21-T23:09:22.000,['2024-10-21T22:40:44.000'],rcm2-sclnb-owi-cm-20241021t230922-20241021t231029-00003-______ll_gd_GEO-IRWIN.nc,['TCPRIMED_v01r01-final_AL162024_SSMIS_F17_092712_20241021224044.nc']
472,al162024,2,23-10-20-T23:01:10.000,"['2024-10-20T22:41:16.000', '2024-10-20T22:54:26.000']",rcm2-sclna-owi-cm-20241020t230110-20241020t230226-00003-______ll_gd_GEO-IRWIN.nc,"['TCPRIMED_v01r01-final_AL162024_SSMIS_F16_108405_20241020224116.nc', 'TCPRIMED_v01r01-final_AL162024_SSMIS_F17_092698_20241020225426.nc']"
473,al162024,0,10-10-20-T10:46:22.000,[],rcm2-sclnb-owi-cm-20241020t104622-20241020t104738-00003-______ll_gd_GEO-IRWIN.nc,[]
474,al162024,2,22-10-19-T22:53:13.000,"['2024-10-19T23:08:29.000', '2024-10-19T22:55:15.000']",rcm2-sclnc-owi-cm-20241019t225313-20241019t225429-00003-______ll_gd_GEO-IRWIN.nc,"['TCPRIMED_v01r01-final_AL162024_SSMIS_F17_092684_20241019230829.nc', 'TCPRIMED_v01r01-final_AL162024_SSMIS_F16_108391_20241019225515.nc']"
475,al162024,1,10-10-21-T10:54:29.000,['2024-10-21T11:13:35.000'],rcm2-sclnc-owi-cm-20241021t105429-20241021t105544-00003-______ll_gd_GEO-IRWIN.nc,['TCPRIMED_v01r01-final_AL162024_SSMIS_F16_108412_20241021111335.nc']
476,al162024,2,22-10-19-T22:53:47.000,"['2024-10-19T23:08:29.000', '2024-10-19T22:55:15.000']",s1a-iw-owi-cm-20241019t225347-20241019t225459-000003-06E04E_ll_gd_GEO-IRWIN.nc,"['TCPRIMED_v01r01-final_AL162024_SSMIS_F17_092684_20241019230829.nc', 'TCPRIMED_v01r01-final_AL162024_SSMIS_F16_108391_20241019225515.nc']"
477,sh192019,0,12-03-20-T12:49:52.000,[],s1a-ew-owi-cm-20190320t124952-20190320t125126-000003-02F50E_ll_gd_GEO-IRWIN.nc,[]
478,sh192019,2,23-03-19-T23:49:35.000,"['2019-03-19T23:28:37.000', '2019-03-19T23:27:16.000']",s1b-ew-owi-cm-20190319t234935-20190319t235109-000003-01CE62_ll_gd_GEO-IRWIN.nc,"['TCPRIMED_v01r01-final_SH192019_MHS_NOAA19_052109_20190319232837.nc', 'TCPRIMED_v01r01-final_SH192019_SSMIS_F18_048567_20190319232716.nc']"
479,wp102024,0,21-08-19-T21:43:17.000,[],rcm2-sc50ma-owi-cm-20240819t214317-20240819t214434-00003-______ll_gd_GEO-IRWIN.nc,[]
480,wp142022,0,09-09-08-T09:14:28.000,[],rs2-scwa-owi-cm-20220908t091428-20220908t091544-00003-______ll_gd_GEO-IRWIN.nc,[]
481,ep012023,0,13-07-01-T13:19:56.000,[],rcm1-sc50mc-owi-cm-20230701t131956-20230701t132111-00003-______ll_gd_GEO-IRWIN.nc,[]
482,ep012023,0,13-06-29-T13:04:17.000,[],rcm1-sclnd-owi-cm-20230629t130417-20230629t130535-00003-______ll_gd_GEO-IRWIN.nc,[]
483,ep012023,0,13-06-30-T13:12:13.000,[],rcm1-sc50mc-owi-cm-20230630t131213-20230630t131326-00003-______ll_gd_GEO-IRWIN.nc,[]
484,al052019,0,22-09-06-T22:41:21.000,[],s1a-iw-owi-cm-20190906t224121-20190906t224301-000003-0346EC_ll_gd_GEO-IRWIN.nc,[]
485,al052019,0,10-08-29-T10:21:27.000,[],s1b-iw-owi-cm-20190829t102127-20190829t102221-000003-0217F3_ll_gd_GEO-IRWIN.nc,[]
486,al052019,0,11-09-03-T11:17:21.000,[],s1a-iw-owi-cm-20190903t111721-20190903t111901-000003-03451E_ll_gd_GEO-IRWIN.nc,[]
487,al052019,0,22-08-27-T22:19:01.000,[],s1a-iw-owi-cm-20190827t221901-20190827t222016-000003-0341DA_ll_gd_GEO-IRWIN.nc,[]
488,al052019,0,22-08-30-T22:45:48.000,[],s1a-iw-owi-cm-20190830t224548-20190830t224705-000003-03435D_ll_gd_GEO-IRWIN.nc,[]
489,al052019,0,23-09-02-T23:11:01.000,[],s1a-iw-owi-cm-20190902t231101-20190902t231306-000003-0344E3_ll_gd_GEO-IRWIN.nc,[]
490,al052019,0,11-09-04-T11:15:53.000,[],rs2-scwa-owi-cm-20190904t111553-20190904t111709-00003-______ll_gd_GEO-IRWIN.nc,[]
491,al052019,0,11-09-01-T11:03:02.000,[],rs2-scwa-owi-cm-20190901t110302-20190901t110526-00003-______ll_gd_GEO-IRWIN.nc,[]
492,al052019,0,10-08-31-T10:53:29.000,[],s1a-iw-owi-cm-20190831t105329-20190831t105448-000003-03439C_ll_gd_GEO-IRWIN.nc,[]
493,al052019,0,09-08-27-T09:51:10.000,[],s1a-iw-owi-cm-20190827t095110-20190827t095204-000003-03418D_ll_gd_GEO-IRWIN.nc,[]
494,al052019,0,11-09-04-T11:07:54.000,[],s1b-iw-owi-cm-20190904t110754-20190904t110934-000003-021A9D_ll_gd_GEO-IRWIN.nc,[]
495,ep142021,0,12-08-28-T12:43:15.000,[],rs2-scwa-owi-cm-20210828t124315-20210828t124431-00003-______ll_gd_GEO-IRWIN.nc,[]
496,ep142021,0,12-08-29-T12:57:31.000,[],s1b-ew-owi-cm-20210829t125731-20210829t125905-000003-036572_ll_gd_GEO-IRWIN.nc,[]
497,ep062021,0,02-07-17-T02:21:56.000,[],rs2-scwa-owi-cm-20210717t022156-20210717t022312-00003-______ll_gd_GEO-IRWIN.nc,[]
498,ep062021,0,14-07-18-T14:20:39.000,[],rs2-scwa-owi-cm-20210718t142039-20210718t142154-00003-______ll_gd_GEO-IRWIN.nc,[]
499,wp152023,0,20-10-12-T20:08:43.000,[],rcm2-sclnd-owi-cm-20231012t200843-20231012t201000-00003-______ll_gd_GEO-IRWIN.nc,[]
500,wp152023,1,20-10-10-T20:26:27.000,['2023-10-10T20:45:17.000'],rcm1-sclna-owi-cm-20231010t202627-20231010t202739-00003-______ll_gd_GEO-IRWIN.nc,['TCPRIMED_v01r01-final_WP152023_SSMIS_F17_087381_20231010204517.nc']
501,wp152023,1,08-10-13-T08:06:55.000,['2023-10-13T07:54:38.000'],s1a-ew-owi-cm-20231013t080655-20231013t080759-000003-061D67_ll_gd_GEO-IRWIN.nc,['TCPRIMED_v01r01-final_WP152023_SSMIS_F16_103125_20231013075438.nc']
502,wp152023,1,20-10-11-T20:30:59.000,['2023-10-11T20:30:26.000'],s1a-ew-owi-cm-20231011t203059-20231011t203203-000003-061CAB_ll_gd_GEO-IRWIN.nc,['TCPRIMED_v01r01-final_WP152023_SSMIS_F17_087395_20231011203026.nc']
503,wp152023,1,08-10-10-T08:31:02.000,['2023-10-10T08:09:59.000'],rcm1-sclnd-owi-cm-20231010t083102-20231010t083203-00003-______ll_gd_GEO-IRWIN.nc,['TCPRIMED_v01r01-final_WP152023_SSMIS_F17_087374_20231010080959.nc']
504,wp152023,1,20-10-11-T20:33:15.000,['2023-10-11T20:30:26.000'],rcm1-sclna-owi-cm-20231011t203315-20231011t203430-00003-______ll_gd_GEO-IRWIN.nc,['TCPRIMED_v01r01-final_WP152023_SSMIS_F17_087395_20231011203026.nc']
505,wp152023,1,08-10-09-T08:21:29.000,['2023-10-09T08:22:54.000'],rcm1-sclnd-owi-cm-20231009t082129-20231009t082245-00003-______ll_gd_GEO-IRWIN.nc,['TCPRIMED_v01r01-final_WP152023_SSMIS_F17_087360_20231009082254.nc']
506,wp152023,1,08-10-11-T08:39:35.000,['2023-10-11T08:18:46.000'],rcm1-sclnc-owi-cm-20231011t083935-20231011t084051-00003-______ll_gd_GEO-IRWIN.nc,['TCPRIMED_v01r01-final_WP152023_SSMIS_F16_103097_20231011081846.nc']
507,wp152023,1,19-10-09-T19:47:41.000,['2023-10-09T19:39:08.000'],rcm2-sclnd-owi-cm-20231009t194741-20231009t194857-00003-______ll_gd_GEO-IRWIN.nc,['TCPRIMED_v01r01-final_WP152023_SSMIS_F16_103075_20231009193908.nc']
508,io022023,0,13-06-10-T13:37:12.000,[],rcm3-sc50ma-owi-cm-20230610t133712-20230610t133827-00003-______ll_gd_GEO-IRWIN.nc,[]
509,io022023,0,13-06-08-T13:52:10.000,[],rcm2-sc50mc-owi-cm-20230608t135210-20230608t135327-00003-______ll_gd_GEO-IRWIN.nc,[]
510,io022023,0,13-06-13-T13:30:12.000,[],rcm1-sclna-owi-cm-20230613t133012-20230613t133103-00003-______ll_gd_GEO-IRWIN.nc,[]
511,io022023,0,01-06-11-T01:32:01.000,[],rcm3-sc50mb-owi-cm-20230611t013201-20230611t013318-00003-______ll_gd_GEO-IRWIN.nc,[]
512,io022023,0,01-06-14-T01:26:41.000,[],s1a-iw-owi-cm-20230614t012641-20230614t012816-000003-05E3BE_ll_gd_GEO-IRWIN.nc,[]
513,io022023,0,01-06-14-T01:22:42.000,[],rcm1-sc50mc-owi-cm-20230614t012242-20230614t012349-00003-______ll_gd_GEO-IRWIN.nc,[]
514,io022023,0,13-06-13-T13:29:54.000,[],rcm1-sc50ma-owi-cm-20230613t132954-20230613t133013-00003-______ll_gd_GEO-IRWIN.nc,[]
515,io022023,0,01-06-10-T01:24:27.000,[],rcm3-sc50mc-owi-cm-20230610t012427-20230610t012545-00003-______ll_gd_GEO-IRWIN.nc,[]
516,io022023,0,13-06-11-T13:45:33.000,[],rcm3-sc50mc-owi-cm-20230611t134533-20230611t134648-00003-______ll_gd_GEO-IRWIN.nc,[]
517,wp102019,2,21-08-10-T21:57:30.000,"['2019-08-10T21:44:37.000', '2019-08-10T22:05:01.000']",s1b-ew-owi-cm-20190810t215730-20190810t215934-000003-020F7A_ll_gd_GEO-IRWIN.nc,"['TCPRIMED_v01r01-final_WP102019_SSMIS_F18_050600_20190810214437.nc', 'TCPRIMED_v01r01-final_WP102019_MHS_NOAA19_054141_20190810220501.nc']"
518,wp102019,0,10-08-09-T10:01:11.000,[],s1a-iw-owi-cm-20190809t100111-20190809t100316-000003-033873_ll_gd_GEO-IRWIN.nc,[]
519,wp102019,0,09-08-10-T09:53:40.000,[],s1b-iw-owi-cm-20190810t095340-20190810t095455-000003-020F3E_ll_gd_GEO-IRWIN.nc,[]
520,wp152020,1,06-09-30-T06:48:59.000,['2020-09-30T06:55:07.000'],rs2-scwa-owi-cm-20200930t064859-20200930t065230-00003-______ll_gd_GEO-IRWIN.nc,['TCPRIMED_v01r01-final_WP152020_SSMIS_F17_071756_20200930065507.nc']
521,ep162023,1,12-10-09-T12:34:42.000,['2023-10-09T12:50:24.000'],s1a-iw-owi-cm-20231009t123442-20231009t123532-000003-061B7E_ll_gd_GEO-IRWIN.nc,['TCPRIMED_v01r01-final_EP162023_SSMIS_F16_103071_20231009125024.nc']
522,al202023,1,22-10-21-T22:20:16.000,['2023-10-21T22:37:51.000'],rcm2-sclnc-owi-cm-20231021t222016-20231021t222133-00003-______ll_gd_GEO-IRWIN.nc,['TCPRIMED_v01r01-final_AL202023_SSMIS_F17_087538_20231021223751.nc']
523,al202023,2,10-10-21-T10:06:56.000,"['2023-10-21T10:24:49.000', '2023-10-21T10:10:44.000']",rcm2-sclna-owi-cm-20231021t100656-20231021t100812-00003-______ll_gd_GEO-IRWIN.nc,"['TCPRIMED_v01r01-final_AL202023_GMI_GPM_054804_20231021102449.nc', 'TCPRIMED_v01r01-final_AL202023_SSMIS_F16_103239_20231021101044.nc']"
524,al202023,1,22-10-24-T22:13:58.000,['2023-10-24T21:58:49.000'],rcm3-sclnc-owi-cm-20231024t221358-20231024t221514-00003-______ll_gd_GEO-IRWIN.nc,['TCPRIMED_v01r01-final_AL202023_SSMIS_F17_087580_20231024215849.nc']
525,al202023,2,21-10-26-T21:59:20.000,"['2023-10-26T22:28:38.000', '2023-10-26T21:33:20.000']",rcm1-sc50ma-owi-cm-20231026t215920-20231026t220038-00003-______ll_gd_GEO-IRWIN.nc,"['TCPRIMED_v01r01-final_AL202023_GMI_GPM_054890_20231026222838.nc', 'TCPRIMED_v01r01-final_AL202023_SSMIS_F17_087608_20231026213320.nc']"
526,al202023,1,22-10-19-T22:02:29.000,['2023-10-19T21:47:54.000'],s1a-iw-owi-cm-20231019t220229-20231019t220344-000003-0620B5_ll_gd_GEO-IRWIN.nc,['TCPRIMED_v01r01-final_AL202023_SSMIS_F16_103218_20231019214754.nc']
527,al202023,1,09-10-22-T09:58:44.000,['2023-10-22T09:56:30.000'],s1a-iw-owi-cm-20231022t095844-20231022t095938-000003-0621D7_ll_gd_GEO-IRWIN.nc,['TCPRIMED_v01r01-final_AL202023_SSMIS_F16_103253_20231022095630.nc']
528,al202023,1,10-10-22-T10:14:27.000,['2023-10-22T09:56:30.000'],rcm2-sclna-owi-cm-20231022t101427-20231022t101542-00003-______ll_gd_GEO-IRWIN.nc,['TCPRIMED_v01r01-final_AL202023_SSMIS_F16_103253_20231022095630.nc']
529,al202023,1,10-10-25-T10:04:50.000,['2023-10-25T10:28:14.000'],rcm3-sc50ma-owi-cm-20231025t100450-20231025t100606-00003-______ll_gd_GEO-IRWIN.nc,['TCPRIMED_v01r01-final_AL202023_SSMIS_F17_087587_20231025102814.nc']
530,al202023,1,22-10-22-T22:28:48.000,['2023-10-22T22:25:07.000'],s1a-iw-owi-cm-20231022t222848-20231022t223011-000003-062224_ll_gd_GEO-IRWIN.nc,['TCPRIMED_v01r01-final_AL202023_SSMIS_F17_087552_20231022222507.nc']
531,al202023,0,22-10-20-T22:11:21.000,[],rcm2-sclnb-owi-cm-20231020t221121-20231020t221235-00003-______ll_gd_GEO-IRWIN.nc,[]
532,al202023,1,22-10-27-T22:07:29.000,['2023-10-27T21:48:28.000'],rcm1-sc50mc-owi-cm-20231027t220729-20231027t220848-00003-______ll_gd_GEO-IRWIN.nc,['TCPRIMED_v01r01-final_AL202023_SSMIS_F16_103331_20231027214828.nc']
533,al202023,1,22-10-22-T22:28:41.000,['2023-10-22T22:25:07.000'],rcm2-sclnd-owi-cm-20231022t222841-20231022t222957-00003-______ll_gd_GEO-IRWIN.nc,['TCPRIMED_v01r01-final_AL202023_SSMIS_F17_087552_20231022222507.nc']
534,sh042024,0,02-01-01-T02:52:43.000,[],s1a-ew-owi-cm-20240101t025243-20240101t025441-000003-06457B_ll_gd_GEO-IRWIN.nc,[]
535,sh042024,0,14-01-05-T14:36:34.000,[],rcm2-sclnc-owi-cm-20240105t143634-20240105t143749-00003-______ll_gd_GEO-IRWIN.nc,[]
536,wp082023,0,19-08-25-T19:37:42.000,[],rcm3-sclnd-owi-cm-20230825t193742-20230825t193858-00003-______ll_gd_GEO-IRWIN.nc,[]
537,wp082023,0,07-08-26-T07:53:23.000,[],rcm3-sclnb-owi-cm-20230826t075323-20230826t075440-00003-______ll_gd_GEO-IRWIN.nc,[]
538,wp082023,0,08-08-28-T08:13:25.000,[],rcm3-sclnc-owi-cm-20230828t081325-20230828t081443-00003-______ll_gd_GEO-IRWIN.nc,[]
539,wp082023,0,08-08-27-T08:03:50.000,[],rcm3-sclna-owi-cm-20230827t080350-20230827t080507-00003-______ll_gd_GEO-IRWIN.nc,[]
540,wp082023,0,20-08-27-T20:21:00.000,[],rcm2-sclna-owi-cm-20230827t202100-20230827t202217-00003-______ll_gd_GEO-IRWIN.nc,[]
541,al202019,1,22-11-21-T22:04:35.000,['2019-11-21T21:36:13.000'],s1a-iw-owi-cm-20191121t220435-20191121t220530-000003-036D35_ll_gd_GEO-IRWIN.nc,['TCPRIMED_v01r01-final_AL202019_MHS_NOAA19_055595_20191121213613.nc']
542,wp042024,0,22-07-21-T22:42:26.000,[],rcm2-sc50ma-owi-cm-20240721t224226-20240721t224343-00003-______ll_gd_GEO-IRWIN.nc,[]
543,wp042024,0,22-07-22-T22:50:09.000,[],rcm2-sc50ma-owi-cm-20240722t225009-20240722t225124-00003-______ll_gd_GEO-IRWIN.nc,[]
544,wp042024,0,10-07-21-T10:48:42.000,[],rcm2-sc50mc-owi-cm-20240721t104842-20240721t104939-00003-______ll_gd_GEO-IRWIN.nc,[]
545,wp202021,0,09-09-27-T09:09:02.000,[],s1b-ew-owi-cm-20210927t090902-20210927t091207-000003-03725C_ll_gd_GEO-IRWIN.nc,[]
546,wp202021,0,21-09-28-T21:00:26.000,[],rs2-scwa-owi-cm-20210928t210026-20210928t210249-00003-______ll_gd_GEO-IRWIN.nc,[]
547,wp202021,0,20-09-25-T20:48:47.000,[],rs2-scwa-owi-cm-20210925t204847-20210925t205110-00003-______ll_gd_GEO-IRWIN.nc,[]
548,wp202021,0,20-09-29-T20:47:41.000,[],rcm1-sc50mc-owi-cm-20210929t204741-20210929t204917-00003-______ll_gd_GEO-IRWIN.nc,[]
549,wp202021,0,09-09-27-T09:06:05.000,[],rs2-scwa-owi-cm-20210927t090605-20210927t090829-00003-______ll_gd_GEO-IRWIN.nc,[]
550,wp202021,0,21-09-29-T21:00:33.000,[],s1b-ew-owi-cm-20210929t210033-20210929t210307-000003-03737C_ll_gd_GEO-IRWIN.nc,[]
551,wp202021,0,20-09-25-T20:46:59.000,[],s1a-ew-owi-cm-20210925t204659-20210925t204934-000003-04B69E_ll_gd_GEO-IRWIN.nc,[]
552,wp202021,0,20-09-30-T20:53:00.000,[],s1a-ew-owi-cm-20210930t205300-20210930t205405-000003-04B935_ll_gd_GEO-IRWIN.nc,[]
553,wp202021,0,08-09-29-T08:56:55.000,[],rcm1-sc50ma-owi-cm-20210929t085655-20210929t085807-00003-______ll_gd_GEO-IRWIN.nc,[]
554,wp202021,0,20-10-01-T20:28:57.000,[],rcm2-sc50ma-owi-cm-20211001t202857-20211001t202952-00003-______ll_gd_GEO-IRWIN.nc,[]
555,wp202019,1,08-10-12-T08:40:28.000,['2019-10-12T08:48:52.000'],s1b-iw-owi-cm-20191012t084028-20191012t084212-000003-022BD1_ll_gd_GEO-IRWIN.nc,['TCPRIMED_v01r01-final_WP202019_GMI_GPM_031933_20191012084852.nc']
556,wp202019,2,20-10-08-T20:30:40.000,"['2019-10-08T20:27:53.000', '2019-10-08T20:43:17.000']",s1a-ew-owi-cm-20191008t203040-20191008t203250-000003-0356ED_ll_gd_GEO-IRWIN.nc,"['TCPRIMED_v01r01-final_WP202019_GMI_GPM_031878_20191008202753.nc', 'TCPRIMED_v01r01-final_WP202019_MHS_NOAA19_054973_20191008204317.nc']"
557,wp202019,0,20-10-07-T20:21:39.000,[],rs2-scwa-owi-cm-20191007t202139-20191007t202254-00003-______ll_gd_GEO-IRWIN.nc,[]
558,wp202019,1,20-10-11-T20:52:30.000,['2019-10-11T20:33:28.000'],s1a-ew-owi-cm-20191011t205230-20191011t205434-000003-03587A_ll_gd_GEO-IRWIN.nc,['TCPRIMED_v01r01-final_WP202019_SSMIS_F18_051475_20191011203328.nc']
559,wp202019,1,08-10-10-T08:52:39.000,['2019-10-10T08:41:16.000'],s1b-ew-owi-cm-20191010t085239-20191010t085526-000003-022AE7_ll_gd_GEO-IRWIN.nc,['TCPRIMED_v01r01-final_WP202019_SSMIS_F17_066726_20191010084116.nc']
560,al172024,2,08-11-02-T08:20:34.000,"['2024-11-02T08:31:38.000', '2024-11-02T08:24:09.000']",s1a-ew-owi-cm-20241102t082034-20241102t082339-000003-06E811_ll_gd_GEO-IRWIN.nc,"['TCPRIMED_v01r01-final_AL172024_SSMIS_F17_092873_20241102083138.nc', 'TCPRIMED_v01r01-final_AL172024_SSMIS_F16_108580_20241102082409.nc']"
561,al172024,2,19-11-03-T19:36:49.000,"['2024-11-03T19:41:35.000', '2024-11-03T19:34:47.000']",rcm3-sclnd-owi-cm-20241103t193649-20241103t193807-00003-______ll_gd_GEO-IRWIN.nc,"['TCPRIMED_v01r01-final_AL172024_SSMIS_F17_092894_20241103194135.nc', 'TCPRIMED_v01r01-final_AL172024_SSMIS_F16_108601_20241103193447.nc']"
562,wp062021,0,20-06-25-T20:31:11.000,[],rs2-scwa-owi-cm-20210625t203111-20210625t203227-00003-______ll_gd_GEO-IRWIN.nc,[]
563,wp012023,0,19-04-21-T19:24:10.000,[],rcm2-sclnd-owi-cm-20230421t192410-20230421t192527-00003-______ll_gd_GEO-IRWIN.nc,[]
564,wp012023,0,07-04-21-T07:56:17.000,[],rcm1-sclnd-owi-cm-20230421t075617-20230421t075757-00003-______ll_gd_GEO-IRWIN.nc,[]
565,sh122021,0,02-01-22-T02:51:13.000,[],s1b-iw-owi-cm-20210122t025113-20210122t025228-000003-030207_ll_gd_GEO-IRWIN.nc,[]
566,sh122021,0,14-01-18-T14:45:25.000,[],s1a-ew-owi-cm-20210118t144525-20210118t144726-000003-043E8B_ll_gd_GEO-IRWIN.nc,[]
567,wp112024,0,21-08-27-T21:11:36.000,[],rcm2-sc50mc-owi-cm-20240827t211136-20240827t211254-00003-______ll_gd_GEO-IRWIN.nc,[]
568,wp112024,0,09-08-30-T09:16:02.000,[],rcm3-sc50mc-owi-cm-20240830t091602-20240830t091655-00003-______ll_gd_GEO-IRWIN.nc,[]
569,wp112024,0,21-08-26-T21:03:29.000,[],rcm2-sc50mc-owi-cm-20240826t210329-20240826t210447-00003-______ll_gd_GEO-IRWIN.nc,[]
570,wp112024,0,08-08-22-T08:39:32.000,[],rcm2-sclnc-owi-cm-20240822t083932-20240822t084046-00003-______ll_gd_GEO-IRWIN.nc,[]
571,wp112024,0,20-08-25-T20:56:01.000,[],rcm2-sc50ma-owi-cm-20240825t205601-20240825t205718-00003-______ll_gd_GEO-IRWIN.nc,[]
572,wp112024,0,09-08-28-T09:31:01.000,[],rcm2-sc50mc-owi-cm-20240828t093101-20240828t093220-00003-______ll_gd_GEO-IRWIN.nc,[]
573,wp112024,0,21-08-28-T21:19:12.000,[],rcm2-sc50mc-owi-cm-20240828t211912-20240828t212029-00003-______ll_gd_GEO-IRWIN.nc,[]
574,wp112024,0,20-08-23-T20:41:53.000,[],rcm2-sclna-owi-cm-20240823t204153-20240823t204307-00003-______ll_gd_GEO-IRWIN.nc,[]
575,wp112024,0,21-08-29-T21:25:01.000,[],s1a-ew-owi-cm-20240829t212501-20240829t212604-000003-06C2FF_ll_gd_GEO-IRWIN.nc,[]
576,wp112024,0,09-08-26-T09:14:41.000,[],rcm2-sc50mc-owi-cm-20240826t091441-20240826t091559-00003-______ll_gd_GEO-IRWIN.nc,[]
577,wp112024,0,21-08-29-T21:27:11.000,[],rcm2-sc50ma-owi-cm-20240829t212711-20240829t212754-00003-______ll_gd_GEO-IRWIN.nc,[]
578,wp112024,0,20-08-24-T20:48:55.000,[],rcm2-sc50mc-owi-cm-20240824t204855-20240824t205004-00003-______ll_gd_GEO-IRWIN.nc,[]
579,wp112024,0,08-08-24-T08:56:37.000,[],rcm2-sc50mc-owi-cm-20240824t085637-20240824t085755-00003-______ll_gd_GEO-IRWIN.nc,[]
580,wp112024,0,09-08-29-T09:21:59.000,[],s1a-ew-owi-cm-20240829t092159-20240829t092302-000003-06C2AE_ll_gd_GEO-IRWIN.nc,[]
581,wp112024,0,09-08-27-T09:22:57.000,[],rcm2-sc50mc-owi-cm-20240827t092257-20240827t092415-00003-______ll_gd_GEO-IRWIN.nc,[]
582,wp112024,0,09-08-29-T09:08:01.000,[],rcm3-sc50ma-owi-cm-20240829t090801-20240829t090910-00003-______ll_gd_GEO-IRWIN.nc,[]
583,sh052022,0,06-01-12-T06:52:58.000,[],rs2-scwa-owi-cm-20220112t065258-20220112t065415-00003-______ll_gd_GEO-IRWIN.nc,[]
584,sh052022,0,17-01-13-T17:33:01.000,[],rs2-scwa-owi-cm-20220113t173301-20220113t173418-00003-______ll_gd_GEO-IRWIN.nc,[]
585,wp302019,0,21-12-24-T21:30:11.000,[],s1b-iw-owi-cm-20191224t213011-20191224t213131-000003-024DE7_ll_gd_GEO-IRWIN.nc,[]
586,ep142020,2,01-08-30-T01:34:18.000,"['2020-08-30T01:54:16.000', '2020-08-30T01:21:41.000']",rcm3-sc50ma-owi-cm-20200830t013418-20200830t013550-00003-______ll_gd_GEO-IRWIN.nc,"['TCPRIMED_v01r01-final_EP142020_SSMIS_F17_071315_20200830015416.nc', 'TCPRIMED_v01r01-final_EP142020_MHS_NOAA19_059578_20200830012141.nc']"
587,sh052024,0,01-01-16-T01:39:05.000,[],s1a-ew-owi-cm-20240116t013905-20240116t014008-000003-064CE7_ll_gd_GEO-IRWIN.nc,[]
588,sh052024,0,14-01-18-T14:14:28.000,[],rcm3-sclna-owi-cm-20240118t141428-20240118t141447-00003-______ll_gd_GEO-IRWIN.nc,[]
589,sh052024,0,01-01-14-T01:53:36.000,[],s1a-ew-owi-cm-20240114t015336-20240114t015641-000003-064BE1_ll_gd_GEO-IRWIN.nc,[]
590,sh052024,0,14-01-15-T14:44:37.000,[],s1a-ew-owi-cm-20240115t144437-20240115t144641-000003-064CAE_ll_gd_GEO-IRWIN.nc,[]
591,io022022,0,00-05-10-T00:22:24.000,[],s1a-iw-owi-cm-20220510t002224-20220510t002319-000003-052704_ll_gd_GEO-IRWIN.nc,[]
592,ep112019,1,13-09-04-T13:39:32.000,['2019-09-04T13:49:30.000'],s1a-ew-owi-cm-20190904t133932-20190904t134121-000003-0345B8_ll_gd_GEO-IRWIN.nc,['TCPRIMED_v01r01-final_EP112019_MHS_NOAA19_054489_20190904134930.nc']
593,ep112019,0,14-09-06-T14:11:03.000,[],s1b-ew-owi-cm-20190906t141103-20190906t141249-000003-021B95_ll_gd_GEO-IRWIN.nc,[]
594,wp052024,0,09-07-21-T09:43:32.000,[],rcm1-sc50mb-owi-cm-20240721t094332-20240721t094449-00003-______ll_gd_GEO-IRWIN.nc,[]
595,wp052024,0,10-07-25-T10:01:31.000,[],s1a-iw-owi-cm-20240725t100131-20240725t100246-000003-06B064_ll_gd_GEO-IRWIN.nc,[]
596,wp052024,0,09-07-20-T09:34:59.000,[],rcm1-sc50mc-owi-cm-20240720t093459-20240720t093617-00003-______ll_gd_GEO-IRWIN.nc,[]
597,wp052024,0,21-07-21-T21:38:29.000,[],rcm1-sc50ma-owi-cm-20240721t213829-20240721t213945-00003-______ll_gd_GEO-IRWIN.nc,[]
598,wp052024,0,09-07-22-T09:51:53.000,[],rcm1-sc50mc-owi-cm-20240722t095153-20240722t095311-00003-______ll_gd_GEO-IRWIN.nc,[]
599,al182024,0,23-11-04-T23:24:37.000,[],rcm2-sclnc-owi-cm-20241104t232437-20241104t232553-00003-______ll_gd_GEO-IRWIN.nc,[]
600,al182024,2,23-11-07-T23:50:27.000,"['2024-11-07T23:42:37.000', '2024-11-07T23:47:27.000']",rcm2-sclnb-owi-cm-20241107t235027-20241107t235144-00003-______ll_gd_GEO-IRWIN.nc,"['TCPRIMED_v01r01-final_AL182024_SSMIS_F16_108660_20241107234237.nc', 'TCPRIMED_v01r01-final_AL182024_SSMIS_F17_092953_20241107234727.nc']"
601,al182024,2,11-11-09-T11:49:45.000,"['2024-11-09T11:58:39.000', '2024-11-09T12:02:51.000']",rcm2-sclnd-owi-cm-20241109t114945-20241109t115105-00003-______ll_gd_GEO-IRWIN.nc,"['TCPRIMED_v01r01-final_AL182024_SSMIS_F16_108681_20241109115839.nc', 'TCPRIMED_v01r01-final_AL182024_SSMIS_F17_092974_20241109120251.nc']"
602,al182024,0,23-11-05-T23:33:06.000,[],rcm2-sclnc-owi-cm-20241105t233306-20241105t233329-00003-______ll_gd_GEO-IRWIN.nc,[]
603,al182024,0,23-11-05-T23:33:40.000,[],rcm2-sclnc-owi-cm-20241105t233340-20241105t233423-00003-______ll_gd_GEO-IRWIN.nc,[]
604,al182024,2,23-11-06-T23:43:34.000,"['2024-11-07T00:00:41.000', '2024-11-06T23:55:24.000']",s1a-ew-owi-cm-20241106t234334-20241106t234437-000003-06EAB8_ll_gd_GEO-IRWIN.nc,"['TCPRIMED_v01r01-final_AL182024_SSMIS_F17_092939_20241107000041.nc', 'TCPRIMED_v01r01-final_AL182024_SSMIS_F16_108646_20241106235524.nc']"
605,al182024,3,11-11-05-T11:19:08.000,"['2024-11-05T11:00:50.000', '2024-11-05T11:13:34.000', '2024-11-05T11:19:38.000']",rcm2-sclna-owi-cm-20241105t111908-20241105t112023-00003-______ll_gd_GEO-IRWIN.nc,"['TCPRIMED_v01r01-final_AL182024_GMI_GPM_060691_20241105110050.nc', 'TCPRIMED_v01r01-final_AL182024_SSMIS_F16_108624_20241105111334.nc', 'TCPRIMED_v01r01-final_AL182024_SSMIS_F17_092917_20241105111938.nc']"
606,al182024,0,11-11-06-T11:26:31.000,[],rcm2-sc50ma-owi-cm-20241106t112631-20241106t112723-00003-______ll_gd_GEO-IRWIN.nc,[]
607,al182024,0,00-11-10-T00:09:41.000,[],s1a-iw-owi-cm-20241110t000941-20241110t001035-000003-06EC79_ll_gd_GEO-IRWIN.nc,[]
608,al182024,2,23-11-08-T23:58:24.000,"['2024-11-08T23:33:22.000', '2024-11-08T23:28:59.000']",rcm2-sclna-owi-cm-20241108t235824-20241109t000004-00003-______ll_gd_GEO-IRWIN.nc,"['TCPRIMED_v01r01-final_AL182024_SSMIS_F17_092967_20241108233322.nc', 'TCPRIMED_v01r01-final_AL182024_SSMIS_F16_108674_20241108232859.nc']"
609,al182024,2,23-11-06-T23:41:58.000,"['2024-11-07T00:00:41.000', '2024-11-06T23:55:24.000']",rcm2-sclnc-owi-cm-20241106t234158-20241106t234314-00003-______ll_gd_GEO-IRWIN.nc,"['TCPRIMED_v01r01-final_AL182024_SSMIS_F17_092939_20241107000041.nc', 'TCPRIMED_v01r01-final_AL182024_SSMIS_F16_108646_20241106235524.nc']"
610,al182024,0,11-11-10-T11:57:34.000,[],rcm2-sclnd-owi-cm-20241110t115734-20241110t115838-00003-______ll_gd_GEO-IRWIN.nc,[]
611,al182024,1,11-11-07-T11:34:10.000,['2024-11-07T11:13:00.000'],rcm2-sclnc-owi-cm-20241107t113410-20241107t113444-00003-______ll_gd_GEO-IRWIN.nc,['TCPRIMED_v01r01-final_AL182024_GMI_GPM_060722_20241107111300.nc']
612,sh232022,1,18-04-07-T18:21:27.000,['2022-04-07T18:50:43.000'],rs2-scwa-owi-cm-20220407t182127-20220407t182351-00003-______ll_gd_GEO-IRWIN.nc,['TCPRIMED_v01r01-final_SH232022_SSMIS_F17_079592_20220407185043.nc']
613,al162021,0,09-09-20-T09:57:34.000,[],s1b-iw-owi-cm-20210920t095734-20210920t095828-000003-036F42_ll_gd_GEO-IRWIN.nc,[]
614,wp122024,0,10-09-03-T10:16:25.000,[],rcm2-sc50mc-owi-cm-20240903t101625-20240903t101743-00003-______ll_gd_GEO-IRWIN.nc,[]
615,wp122024,0,10-09-02-T10:07:30.000,[],rcm2-sclnd-owi-cm-20240902t100730-20240902t100847-00003-______ll_gd_GEO-IRWIN.nc,[]
616,wp122024,0,10-09-04-T10:24:30.000,[],rcm2-sc50mc-owi-cm-20240904t102430-20240904t102548-00003-______ll_gd_GEO-IRWIN.nc,[]
617,wp122024,0,22-09-03-T22:10:26.000,[],rcm2-sc50ma-owi-cm-20240903t221026-20240903t221142-00003-______ll_gd_GEO-IRWIN.nc,[]
618,wp122024,0,10-09-06-T10:41:03.000,[],rcm2-sc50mb-owi-cm-20240906t104103-20240906t104220-00003-______ll_gd_GEO-IRWIN.nc,[]
619,wp122024,0,22-09-04-T22:18:32.000,[],rcm2-sc50ma-owi-cm-20240904t221832-20240904t221941-00003-______ll_gd_GEO-IRWIN.nc,[]
620,wp122024,0,10-09-05-T10:32:47.000,[],rcm2-sc50mc-owi-cm-20240905t103247-20240905t103359-00003-______ll_gd_GEO-IRWIN.nc,[]
621,wp122024,0,10-09-07-T10:49:23.000,[],rcm2-sc50ma-owi-cm-20240907t104923-20240907t105038-00003-______ll_gd_GEO-IRWIN.nc,[]
622,wp122024,0,22-09-07-T22:42:13.000,[],rcm2-sc50mc-owi-cm-20240907t224213-20240907t224329-00003-______ll_gd_GEO-IRWIN.nc,[]
623,wp122024,0,22-09-04-T22:18:10.000,[],s1a-ew-owi-cm-20240904t221810-20240904t221913-000003-06C64F_ll_gd_GEO-IRWIN.nc,[]
624,wp122024,0,22-09-05-T22:26:28.000,[],rcm2-sc50ma-owi-cm-20240905t222628-20240905t222744-00003-______ll_gd_GEO-IRWIN.nc,[]
625,wp122024,0,22-09-06-T22:34:19.000,[],rcm2-sc50mc-owi-cm-20240906t223419-20240906t223537-00003-______ll_gd_GEO-IRWIN.nc,[]
626,sh202019,0,20-03-21-T20:14:03.000,[],s1b-ew-owi-cm-20190321t201403-20190321t201625-000003-01CF41_ll_gd_GEO-IRWIN.nc,[]
627,sh202019,1,08-03-19-T08:53:34.000,['2019-03-19T08:39:06.000'],s1a-iw-owi-cm-20190319t085334-20190319t085428-000003-02F46F_ll_gd_GEO-IRWIN.nc,['TCPRIMED_v01r01-final_SH202019_SSMIS_F17_063829_20190319083906.nc']
628,sh072023,0,19-01-06-T19:20:11.000,[],s1a-iw-owi-cm-20230106t192011-20230106t192105-000003-0597F6_ll_gd_GEO-IRWIN.nc,[]
629,al102024,0,20-09-29-T20:18:25.000,[],rcm2-sclnc-owi-cm-20240929t201825-20240929t201938-00003-______ll_gd_GEO-IRWIN.nc,[]
630,al102024,0,08-09-28-T08:48:49.000,[],rcm3-sc50mc-owi-cm-20240928t084849-20240928t085005-00003-______ll_gd_GEO-IRWIN.nc,[]
631,al102024,0,21-09-26-T21:29:53.000,[],rcm2-sc50mc-owi-cm-20240926t212953-20240926t213008-00003-______ll_gd_GEO-IRWIN.nc,[]
632,al102024,0,08-09-29-T08:23:38.000,[],rcm1-sclnd-owi-cm-20240929t082338-20240929t082454-00003-______ll_gd_GEO-IRWIN.nc,[]
633,al102024,1,09-09-26-T09:37:47.000,['2024-09-26T10:01:29.000'],rcm1-sc50mb-owi-cm-20240926t093747-20240926t093901-00003-______ll_gd_GEO-IRWIN.nc,['TCPRIMED_v01r01-final_AL102024_SSMIS_F16_108058_20240926100129.nc']
634,al102024,1,20-09-28-T20:41:30.000,['2024-09-28T20:26:25.000'],rcm1-sclnd-owi-cm-20240928t204130-20240928t204248-00003-______ll_gd_GEO-IRWIN.nc,['TCPRIMED_v01r01-final_AL102024_GMI_GPM_060110_20240928202625.nc']
635,al102024,0,08-09-30-T08:00:08.000,[],rcm2-sclnd-owi-cm-20240930t080008-20240930t080023-00003-______ll_gd_GEO-IRWIN.nc,[]
636,al102024,0,21-09-26-T21:28:44.000,[],rcm2-sc50mc-owi-cm-20240926t212844-20240926t212944-00003-______ll_gd_GEO-IRWIN.nc,[]
637,al102024,0,09-09-27-T09:13:16.000,[],rcm2-sc50mb-owi-cm-20240927t091316-20240927t091432-00003-______ll_gd_GEO-IRWIN.nc,[]
638,sh062024,0,23-01-17-T23:07:13.000,[],rcm3-sclnd-owi-cm-20240117t230713-20240117t230829-00003-______ll_gd_GEO-IRWIN.nc,[]
639,sh062024,0,12-01-17-T12:00:51.000,[],rcm1-sclna-owi-cm-20240117t120051-20240117t120206-00003-______ll_gd_GEO-IRWIN.nc,[]
640,sh062024,0,23-01-26-T23:49:03.000,[],rcm1-sclnd-owi-cm-20240126t234903-20240126t235020-00003-______ll_gd_GEO-IRWIN.nc,[]
641,sh062024,0,11-01-16-T11:53:15.000,[],rcm1-sclna-owi-cm-20240116t115315-20240116t115430-00003-______ll_gd_GEO-IRWIN.nc,[]
642,sh062024,0,23-01-16-T23:30:28.000,[],rcm2-sclna-owi-cm-20240116t233028-20240116t233141-00003-______ll_gd_GEO-IRWIN.nc,[]
643,sh062024,0,23-01-25-T23:40:33.000,[],rcm1-sclnc-owi-cm-20240125t234033-20240125t234148-00003-______ll_gd_GEO-IRWIN.nc,[]
644,sh062024,0,23-01-18-T23:15:35.000,[],rcm3-sclnd-owi-cm-20240118t231535-20240118t231650-00003-______ll_gd_GEO-IRWIN.nc,[]
645,sh062024,0,13-01-30-T13:40:18.000,[],rcm1-sclnb-owi-cm-20240130t134018-20240130t134136-00003-______ll_gd_GEO-IRWIN.nc,[]
646,sh062024,0,12-01-23-T12:16:33.000,[],rcm2-sclna-owi-cm-20240123t121633-20240123t121747-00003-______ll_gd_GEO-IRWIN.nc,[]
647,sh062024,0,13-01-28-T13:26:21.000,[],rcm1-sclna-owi-cm-20240128t132621-20240128t132745-00003-______ll_gd_GEO-IRWIN.nc,[]
648,sh062024,0,23-01-19-T23:23:44.000,[],rcm3-sclnc-owi-cm-20240119t232344-20240119t232459-00003-______ll_gd_GEO-IRWIN.nc,[]
649,sh062024,0,00-01-29-T00:41:39.000,[],s1a-ew-owi-cm-20240129t004139-20240129t004242-000003-065341_ll_gd_GEO-IRWIN.nc,[]
650,sh062024,0,12-01-19-T12:16:14.000,[],rcm1-sclnc-owi-cm-20240119t121614-20240119t121730-00003-______ll_gd_GEO-IRWIN.nc,[]
651,sh062024,0,23-01-20-T23:31:38.000,[],rcm3-sclna-owi-cm-20240120t233138-20240120t233253-00003-______ll_gd_GEO-IRWIN.nc,[]
652,sh062024,0,12-01-26-T12:39:25.000,[],rcm2-sclna-owi-cm-20240126t123925-20240126t124041-00003-______ll_gd_GEO-IRWIN.nc,[]
653,sh062024,0,23-01-24-T23:32:00.000,[],rcm1-sclnc-owi-cm-20240124t233200-20240124t233318-00003-______ll_gd_GEO-IRWIN.nc,[]
654,sh062024,0,12-01-18-T12:08:27.000,[],rcm1-sclnb-owi-cm-20240118t120827-20240118t120942-00003-______ll_gd_GEO-IRWIN.nc,[]
655,sh062024,0,00-01-29-T00:38:41.000,[],rcm3-sclnb-owi-cm-20240129t003841-20240129t004005-00003-______ll_gd_GEO-IRWIN.nc,[]
656,sh062024,0,13-01-27-T13:18:42.000,[],rcm1-sclnd-owi-cm-20240127t131842-20240127t131957-00003-______ll_gd_GEO-IRWIN.nc,[]
657,sh062024,0,00-01-30-T00:47:49.000,[],rcm3-sclna-owi-cm-20240130t004749-20240130t004913-00003-______ll_gd_GEO-IRWIN.nc,[]
658,sh062024,0,13-01-27-T13:06:41.000,[],s1a-ew-owi-cm-20240127t130641-20240127t130744-000003-06528A_ll_gd_GEO-IRWIN.nc,[]
659,sh062024,0,12-01-20-T12:24:10.000,[],rcm1-sclnd-owi-cm-20240120t122410-20240120t122527-00003-______ll_gd_GEO-IRWIN.nc,[]
660,sh062024,0,12-01-25-T12:31:43.000,[],rcm2-sclnc-owi-cm-20240125t123143-20240125t123259-00003-______ll_gd_GEO-IRWIN.nc,[]
661,al192020,2,23-09-16-T23:45:47.000,"['2020-09-16T23:36:35.000', '2020-09-16T23:32:40.000']",s1a-iw-owi-cm-20200916t234547-20200916t234706-000003-03FFE0_ll_gd_GEO-IRWIN.nc,"['TCPRIMED_v01r01-final_AL192020_SSMIS_F17_071568_20200916233635.nc', 'TCPRIMED_v01r01-final_AL192020_MHS_NOAA19_059831_20200916233240.nc']"
662,al192020,2,11-09-16-T11:57:03.000,"['2020-09-16T12:16:15.000', '2020-09-16T12:11:28.000']",s1b-iw-owi-cm-20200916t115703-20200916t115822-000003-02C735_ll_gd_GEO-IRWIN.nc,"['TCPRIMED_v01r01-final_AL192020_SSMIS_F17_071561_20200916121615.nc', 'TCPRIMED_v01r01-final_AL192020_MHS_NOAA19_059824_20200916121128.nc']"
663,al192020,2,23-09-15-T23:52:33.000,"['2020-09-15T23:43:57.000', '2020-09-15T23:49:28.000']",s1b-iw-owi-cm-20200915t235233-20200915t235417-000003-02C6F9_ll_gd_GEO-IRWIN.nc,"['TCPRIMED_v01r01-final_AL192020_MHS_NOAA19_059817_20200915234357.nc', 'TCPRIMED_v01r01-final_AL192020_SSMIS_F17_071554_20200915234928.nc']"
664,sh182019,1,16-03-14-T16:05:52.000,['2019-03-14T16:32:03.000'],s1b-iw-owi-cm-20190314t160552-20190314t160801-000003-01CBEE_ll_gd_GEO-IRWIN.nc,['TCPRIMED_v01r01-final_SH182019_SSMIS_F17_063763_20190314163203.nc']
665,sh182019,1,02-03-11-T02:43:10.000,['2019-03-11T03:01:53.000'],s1a-ew-owi-cm-20190311t024310-20190311t024514-000003-02F003_ll_gd_GEO-IRWIN.nc,['TCPRIMED_v01r01-final_SH182019_SSMIS_F18_048442_20190311030153.nc']
666,sh182019,0,03-03-14-T03:08:15.000,[],s1a-iw-owi-cm-20190314t030815-20190314t030955-000003-02F196_ll_gd_GEO-IRWIN.nc,[]
667,al172023,0,09-09-27-T09:34:15.000,[],rcm3-sclna-owi-cm-20230927t093415-20230927t093529-00003-______ll_gd_GEO-IRWIN.nc,[]
668,al172023,1,08-09-26-T08:54:16.000,['2023-09-26T08:55:49.000'],rcm1-sclnd-owi-cm-20230926t085416-20230926t085533-00003-______ll_gd_GEO-IRWIN.nc,['TCPRIMED_v01r01-final_AL172023_SSMIS_F16_102885_20230926085549.nc']
669,al172023,1,10-10-05-T10:05:01.000,['2023-10-05T10:17:31.000'],rcm1-sclnd-owi-cm-20231005t100501-20231005t100618-00003-______ll_gd_GEO-IRWIN.nc,['TCPRIMED_v01r01-final_AL172023_SSMIS_F16_103013_20231005101731.nc']
670,al172023,0,09-10-03-T09:50:20.000,[],rcm1-sclnd-owi-cm-20231003t095020-20231003t095136-00003-______ll_gd_GEO-IRWIN.nc,[]
671,al172023,1,21-09-25-T21:31:39.000,['2023-09-25T21:48:13.000'],rcm3-sclnd-owi-cm-20230925t213139-20230925t213256-00003-______ll_gd_GEO-IRWIN.nc,['TCPRIMED_v01r01-final_AL172023_SSMIS_F17_087170_20230925214813.nc']
672,al172023,2,08-09-25-T08:46:42.000,"['2023-09-25T08:54:31.000', '2023-09-25T09:09:07.000']",rcm1-sclnd-owi-cm-20230925t084642-20230925t084800-00003-______ll_gd_GEO-IRWIN.nc,"['TCPRIMED_v01r01-final_AL172023_SSMIS_F17_087162_20230925085431.nc', 'TCPRIMED_v01r01-final_AL172023_SSMIS_F16_102871_20230925090907.nc']"
673,al172023,1,10-10-03-T10:06:27.000,['2023-10-03T10:27:45.000'],s1a-iw-owi-cm-20231003t100627-20231003t100742-000003-06187A_ll_gd_GEO-IRWIN.nc,['TCPRIMED_v01r01-final_AL172023_SSMIS_F17_087276_20231003102745.nc']
674,al172023,1,21-09-26-T21:40:17.000,['2023-09-26T21:34:48.000'],rcm3-sclnd-owi-cm-20230926t214017-20230926t214132-00003-______ll_gd_GEO-IRWIN.nc,['TCPRIMED_v01r01-final_AL172023_SSMIS_F17_087184_20230926213448.nc']
675,al172023,0,10-10-06-T10:11:17.000,[],rcm1-sc50mc-owi-cm-20231006t101117-20231006t101235-00003-______ll_gd_GEO-IRWIN.nc,[]
676,al172023,0,22-10-05-T22:22:35.000,[],s1a-ew-owi-cm-20231005t222235-20231005t222338-000003-0619B2_ll_gd_GEO-IRWIN.nc,[]
677,al172023,1,09-09-30-T09:26:27.000,['2023-09-30T09:44:38.000'],rcm1-sclnd-owi-cm-20230930t092627-20230930t092742-00003-______ll_gd_GEO-IRWIN.nc,['TCPRIMED_v01r01-final_AL172023_SSMIS_F16_102942_20230930094438.nc']
678,al172023,1,09-10-01-T09:34:38.000,['2023-10-01T09:31:33.000'],rcm1-sclnc-owi-cm-20231001t093438-20231001t093554-00003-______ll_gd_GEO-IRWIN.nc,['TCPRIMED_v01r01-final_AL172023_SSMIS_F16_102956_20231001093133.nc']
679,al172023,0,22-10-05-T22:22:18.000,[],rcm1-sc50mb-owi-cm-20231005t222218-20231005t222336-00003-______ll_gd_GEO-IRWIN.nc,[]
680,al172023,1,09-09-28-T09:42:09.000,['2023-09-28T09:54:40.000'],rcm3-sclna-owi-cm-20230928t094209-20230928t094323-00003-______ll_gd_GEO-IRWIN.nc,['TCPRIMED_v01r01-final_AL172023_SSMIS_F17_087205_20230928095440.nc']
681,al172023,0,10-10-06-T10:27:39.000,[],s1a-ew-owi-cm-20231006t102739-20231006t102842-000003-0619EF_ll_gd_GEO-IRWIN.nc,[]
682,al172023,1,21-09-27-T21:48:50.000,['2023-09-27T21:21:17.000'],rcm3-sclnd-owi-cm-20230927t214850-20230927t215005-00003-______ll_gd_GEO-IRWIN.nc,['TCPRIMED_v01r01-final_AL172023_SSMIS_F17_087198_20230927212117.nc']
683,wp062024,0,20-08-09-T20:21:23.000,[],rcm2-sc50ma-owi-cm-20240809t202123-20240809t202304-00003-______ll_gd_GEO-IRWIN.nc,[]
684,wp062024,0,20-08-11-T20:36:56.000,[],rcm2-sc50mb-owi-cm-20240811t203656-20240811t203813-00003-______ll_gd_GEO-IRWIN.nc,[]
685,wp062024,0,08-08-11-T08:21:01.000,[],rcm3-sc50ma-owi-cm-20240811t082101-20240811t082218-00003-______ll_gd_GEO-IRWIN.nc,[]
686,wp062024,0,20-08-08-T20:14:47.000,[],rcm2-sc50mc-owi-cm-20240808t201447-20240808t201604-00003-______ll_gd_GEO-IRWIN.nc,[]
687,wp062024,0,20-08-07-T20:07:52.000,[],rcm2-sclnd-owi-cm-20240807t200752-20240807t200910-00003-______ll_gd_GEO-IRWIN.nc,[]
688,wp062024,0,08-08-12-T08:29:41.000,[],rcm3-sc50ma-owi-cm-20240812t082941-20240812t083059-00003-______ll_gd_GEO-IRWIN.nc,[]
689,wp062024,0,20-08-10-T20:28:15.000,[],rcm2-sc50ma-owi-cm-20240810t202815-20240810t202914-00003-______ll_gd_GEO-IRWIN.nc,[]
690,wp062024,0,08-08-09-T08:03:55.000,[],rcm3-sc50ma-owi-cm-20240809t080355-20240809t080508-00003-______ll_gd_GEO-IRWIN.nc,[]
691,wp062024,0,08-08-08-T08:26:28.000,[],rcm2-sc50mb-owi-cm-20240808t082628-20240808t082746-00003-______ll_gd_GEO-IRWIN.nc,[]
692,wp062024,0,08-08-10-T08:12:41.000,[],rcm3-sc50ma-owi-cm-20240810t081241-20240810t081358-00003-______ll_gd_GEO-IRWIN.nc,[]
693,wp062024,0,20-08-10-T20:29:00.000,[],rcm2-sc50ma-owi-cm-20240810t202900-20240810t203018-00003-______ll_gd_GEO-IRWIN.nc,[]
694,sh132024,0,13-02-17-T13:28:01.000,[],rcm3-sclna-owi-cm-20240217t132801-20240217t132917-00003-______ll_gd_GEO-IRWIN.nc,[]
695,sh132024,0,13-02-18-T13:23:15.000,[],s1a-ew-owi-cm-20240218t132315-20240218t132419-000003-065D5C_ll_gd_GEO-IRWIN.nc,[]
696,sh132024,0,12-02-19-T12:37:12.000,[],rcm2-sclna-owi-cm-20240219t123712-20240219t123829-00003-______ll_gd_GEO-IRWIN.nc,[]
697,al192024,2,23-11-15-T23:48:01.000,"['2024-11-15T23:33:48.000', '2024-11-15T23:32:42.000']",rcm1-sclnb-owi-cm-20241115t234801-20241115t234918-00003-______ll_gd_GEO-IRWIN.nc,"['TCPRIMED_v01r01-final_AL192024_SSMIS_F17_093066_20241115233348.nc', 'TCPRIMED_v01r01-final_AL192024_SSMIS_F16_108773_20241115233242.nc']"
698,al192024,0,11-11-15-T11:35:39.000,[],rcm1-sclna-owi-cm-20241115t113539-20241115t113654-00003-______ll_gd_GEO-IRWIN.nc,[]
699,al192024,2,11-11-16-T11:43:44.000,"['2024-11-16T12:08:22.000', '2024-11-16T12:07:24.000']",rcm1-sclna-owi-cm-20241116t114344-20241116t114454-00003-______ll_gd_GEO-IRWIN.nc,"['TCPRIMED_v01r01-final_AL192024_SSMIS_F17_093073_20241116120822.nc', 'TCPRIMED_v01r01-final_AL192024_SSMIS_F16_108780_20241116120724.nc']"
700,al192024,1,23-11-14-T23:40:07.000,['2024-11-14T23:46:14.000'],rcm1-sc50ma-owi-cm-20241114t234007-20241114t234124-00003-______ll_gd_GEO-IRWIN.nc,['TCPRIMED_v01r01-final_AL192024_SSMIS_F16_108759_20241114234614.nc']
701,al192024,0,23-11-16-T23:56:00.000,[],rcm1-sclnc-owi-cm-20241116t235600-20241116t235717-00003-______ll_gd_GEO-IRWIN.nc,[]
702,al192024,0,23-11-16-T23:58:25.000,[],s1a-iw-owi-cm-20241116t235825-20241116t235940-000003-06F093_ll_gd_GEO-IRWIN.nc,[]
703,wp132024,0,08-09-06-T08:04:28.000,[],rcm1-sc50mc-owi-cm-20240906t080428-20240906t080547-00003-______ll_gd_GEO-IRWIN.nc,[]
704,wp132024,0,20-09-05-T20:13:43.000,[],rcm3-sc50mb-owi-cm-20240905t201343-20240905t201442-00003-______ll_gd_GEO-IRWIN.nc,[]
705,wp132024,0,07-09-07-T07:11:14.000,[],rcm3-sc50ma-owi-cm-20240907t071114-20240907t071213-00003-______ll_gd_GEO-IRWIN.nc,[]
706,wp132024,0,19-09-06-T19:48:03.000,[],rcm1-sc50mc-owi-cm-20240906t194803-20240906t194922-00003-______ll_gd_GEO-IRWIN.nc,[]
707,sh012020,0,07-11-26-T07:13:56.000,[],s1a-iw-owi-cm-20191126t071356-20191126t071511-000003-036F6F_ll_gd_GEO-IRWIN.nc,[]
708,sh202024,0,14-03-27-T14:56:55.000,[],rcm1-sclna-owi-cm-20240327t145655-20240327t145812-00003-______ll_gd_GEO-IRWIN.nc,[]
709,sh202024,0,02-03-28-T02:05:02.000,[],rcm3-sclnd-owi-cm-20240328t020502-20240328t020619-00003-______ll_gd_GEO-IRWIN.nc,[]
710,al042020,0,10-06-23-T10:08:43.000,[],rcm1-sc50mc-owi-cm-20200623t100843-20200623t100939-00003-______ll_gd_GEO-IRWIN.nc,[]
711,al042020,0,22-06-23-T22:01:34.000,[],rcm2-sc50mc-owi-cm-20200623t220134-20200623t220238-00003-______ll_gd_GEO-IRWIN.nc,[]
712,cp012024,0,05-08-29-T05:19:18.000,[],rcm1-sclna-owi-cm-20240829t051918-20240829t052035-00003-______ll_gd_GEO-IRWIN.nc,[]
713,cp012024,0,17-08-29-T17:12:15.000,[],rcm1-sclnd-owi-cm-20240829t171215-20240829t171332-00003-______ll_gd_GEO-IRWIN.nc,[]
714,cp012024,0,05-09-01-T05:44:22.000,[],rcm1-sclna-owi-cm-20240901t054422-20240901t054538-00003-______ll_gd_GEO-IRWIN.nc,[]
715,cp012024,0,16-08-27-T16:56:37.000,[],rcm1-sclnb-owi-cm-20240827t165637-20240827t165753-00003-______ll_gd_GEO-IRWIN.nc,[]
716,cp012024,0,17-08-31-T17:27:45.000,[],rcm1-sclnd-owi-cm-20240831t172745-20240831t172903-00003-______ll_gd_GEO-IRWIN.nc,[]
717,cp012024,0,04-08-24-T04:05:34.000,[],rcm2-sclnc-owi-cm-20240824t040534-20240824t040649-00003-______ll_gd_GEO-IRWIN.nc,[]
718,cp012024,0,16-08-26-T16:48:31.000,[],rcm1-sclna-owi-cm-20240826t164831-20240826t164947-00003-______ll_gd_GEO-IRWIN.nc,[]
719,cp012024,0,05-08-28-T05:11:00.000,[],rcm1-sclna-owi-cm-20240828t051100-20240828t051214-00003-______ll_gd_GEO-IRWIN.nc,[]
720,cp012024,0,17-08-28-T17:04:28.000,[],rcm1-sclnd-owi-cm-20240828t170428-20240828t170544-00003-______ll_gd_GEO-IRWIN.nc,[]
721,cp012024,0,16-08-24-T16:01:14.000,[],rcm2-sclna-owi-cm-20240824t160114-20240824t160228-00003-______ll_gd_GEO-IRWIN.nc,[]
722,cp012024,0,04-08-26-T04:54:17.000,[],rcm1-sclnd-owi-cm-20240826t045417-20240826t045535-00003-______ll_gd_GEO-IRWIN.nc,[]
723,cp012024,0,04-08-25-T04:14:11.000,[],rcm2-sc50ma-owi-cm-20240825t041411-20240825t041528-00003-______ll_gd_GEO-IRWIN.nc,[]
724,cp012024,0,15-08-22-T15:13:42.000,[],rcm3-sclnd-owi-cm-20240822t151342-20240822t151458-00003-______ll_gd_GEO-IRWIN.nc,[]
725,cp012024,0,15-08-23-T15:21:31.000,[],rcm3-sclnd-owi-cm-20240823t152131-20240823t152249-00003-______ll_gd_GEO-IRWIN.nc,[]
726,cp012024,0,05-08-27-T05:02:31.000,[],rcm1-sclnc-owi-cm-20240827t050231-20240827t050347-00003-______ll_gd_GEO-IRWIN.nc,[]
727,cp012024,0,16-08-25-T16:09:00.000,[],rcm2-sc50md-owi-cm-20240825t160900-20240825t161017-00003-______ll_gd_GEO-IRWIN.nc,[]
728,al102023,0,23-08-31-T23:04:49.000,[],rcm3-sclnc-owi-cm-20230831t230449-20230831t230604-00003-______ll_gd_GEO-IRWIN.nc,[]
729,al102023,0,23-08-29-T23:50:46.000,[],rcm1-sclnd-owi-cm-20230829t235046-20230829t235203-00003-______ll_gd_GEO-IRWIN.nc,[]
730,al102023,1,11-08-31-T11:14:58.000,['2023-08-31T11:13:23.000'],rcm2-sclnb-owi-cm-20230831t111458-20230831t111613-00003-______ll_gd_GEO-IRWIN.nc,['TCPRIMED_v01r01-final_AL102023_SSMIS_F16_102519_20230831111323.nc']
731,al102023,1,10-09-02-T10:27:10.000,['2023-09-02T10:42:45.000'],rcm1-sc50mc-owi-cm-20230902t102710-20230902t102828-00003-______ll_gd_GEO-IRWIN.nc,['TCPRIMED_v01r01-final_AL102023_SSMIS_F17_086838_20230902104245.nc']
732,al102023,0,23-08-28-T23:41:42.000,[],rcm1-sclna-owi-cm-20230828t234142-20230828t234256-00003-______ll_gd_GEO-IRWIN.nc,[]
733,al102023,1,11-08-28-T11:26:19.000,['2023-08-28T11:54:43.000'],rcm1-sclnd-owi-cm-20230828t112619-20230828t112735-00003-______ll_gd_GEO-IRWIN.nc,['TCPRIMED_v01r01-final_AL102023_SSMIS_F17_086768_20230828115443.nc']
734,al102023,0,11-08-29-T11:33:20.000,[],rcm1-sclnb-owi-cm-20230829t113320-20230829t113435-00003-______ll_gd_GEO-IRWIN.nc,[]
735,al102023,1,11-08-30-T11:40:01.000,['2023-08-30T11:27:47.000'],rcm1-sclna-owi-cm-20230830t114001-20230830t114117-00003-______ll_gd_GEO-IRWIN.nc,['TCPRIMED_v01r01-final_AL102023_SSMIS_F16_102505_20230830112747.nc']
736,al102023,1,22-09-01-T22:40:49.000,['2023-09-01T22:17:16.000'],rcm1-sc50mc-owi-cm-20230901t224049-20230901t224112-00003-______ll_gd_GEO-IRWIN.nc,['TCPRIMED_v01r01-final_AL102023_SSMIS_F17_086831_20230901221716.nc']
737,sh152023,1,18-03-01-T18:04:11.000,['2023-03-01T17:59:22.000'],rcm1-sclnc-owi-cm-20230301t180411-20230301t180505-00003-______ll_gd_GEO-IRWIN.nc,['TCPRIMED_v01r01-final_SH152023_SSMIS_F16_099937_20230301175922.nc']
738,sh152023,0,17-03-02-T17:40:42.000,[],rcm2-sclnd-owi-cm-20230302t174042-20230302t174159-00003-______ll_gd_GEO-IRWIN.nc,[]
739,sh152023,1,06-03-02-T06:59:50.000,['2023-03-02T06:31:02.000'],rcm2-sclna-owi-cm-20230302t065950-20230302t070054-00003-______ll_gd_GEO-IRWIN.nc,['TCPRIMED_v01r01-final_SH152023_SSMIS_F16_099945_20230302063102.nc']
740,sh152023,0,07-03-01-T07:24:18.000,[],rcm1-sclnd-owi-cm-20230301t072418-20230301t072558-00003-______ll_gd_GEO-IRWIN.nc,[]
741,wp252020,0,10-11-14-T10:38:02.000,[],s1b-ew-owi-cm-20201114t103802-20201114t104036-000003-02E20F_ll_gd_GEO-IRWIN.nc,[]
742,wp202024,0,21-09-28-T21:44:06.000,[],rcm3-sc50ma-owi-cm-20240928t214406-20240928t214810-00003-______ll_gd_GEO-IRWIN.nc,[]
743,wp202024,0,10-09-29-T10:00:30.000,[],rcm3-sc50mc-owi-cm-20240929t100030-20240929t100148-00003-______ll_gd_GEO-IRWIN.nc,[]
744,wp202024,0,22-09-30-T22:01:23.000,[],s1a-ew-owi-cm-20240930t220123-20240930t220227-000003-06D55C_ll_gd_GEO-IRWIN.nc,[]
745,wp202024,0,09-09-28-T09:52:20.000,[],rcm3-sc50mc-owi-cm-20240928t095220-20240928t095337-00003-______ll_gd_GEO-IRWIN.nc,[]
746,wp202024,0,10-09-30-T10:08:55.000,[],rcm3-sclnd-owi-cm-20240930t100855-20240930t100938-00003-______ll_gd_GEO-IRWIN.nc,[]
747,sh072024,0,08-01-25-T08:45:39.000,[],rcm3-sclnd-owi-cm-20240125t084539-20240125t084656-00003-______ll_gd_GEO-IRWIN.nc,[]
748,sh072024,0,19-01-25-T19:56:11.000,[],rcm2-sclna-owi-cm-20240125t195611-20240125t195726-00003-______ll_gd_GEO-IRWIN.nc,[]
749,wp102020,2,21-09-01-T21:32:45.000,"['2020-09-01T21:11:11.000', '2020-09-01T21:57:47.000']",rs2-scwa-owi-cm-20200901t213245-20200901t213508-00003-______ll_gd_GEO-IRWIN.nc,"['TCPRIMED_v01r01-final_WP102020_SSMIS_F18_056080_20200901211111.nc', 'TCPRIMED_v01r01-final_WP102020_MHS_NOAA19_059618_20200901215747.nc']"
750,wp102020,1,21-09-01-T21:25:22.000,['2020-09-01T21:11:11.000'],s1b-ew-owi-cm-20200901t212522-20200901t212726-000003-02C081_ll_gd_GEO-IRWIN.nc,['TCPRIMED_v01r01-final_WP102020_SSMIS_F18_056080_20200901211111.nc']
751,wp102020,2,09-08-31-T09:40:52.000,"['2020-08-31T09:40:40.000', '2020-08-31T10:10:52.000']",rs2-scwa-owi-cm-20200831t094052-20200831t094316-00003-______ll_gd_GEO-IRWIN.nc,"['TCPRIMED_v01r01-final_WP102020_MHS_NOAA19_059597_20200831094040.nc', 'TCPRIMED_v01r01-final_WP102020_SSMIS_F17_071334_20200831101052.nc']"
752,wp072024,0,08-08-13-T08:04:20.000,[],rcm1-sc50ma-owi-cm-20240813t080420-20240813t080537-00003-______ll_gd_GEO-IRWIN.nc,[]
753,wp072024,0,07-08-12-T07:55:10.000,[],rcm1-sc50mb-owi-cm-20240812t075510-20240812t075628-00003-______ll_gd_GEO-IRWIN.nc,[]
754,wp072024,0,20-08-12-T20:13:44.000,[],rcm3-sc50ma-owi-cm-20240812t201344-20240812t201444-00003-______ll_gd_GEO-IRWIN.nc,[]
755,ep112022,1,13-09-02-T13:23:05.000,['2022-09-02T13:09:35.000'],s1a-iw-owi-cm-20220902t132305-20220902t132357-000003-055A84_ll_gd_GEO-IRWIN.nc,['TCPRIMED_v01r01-final_EP112022_SSMIS_F16_097391_20220902130935.nc']
756,wp062023,0,20-07-29-T20:51:11.000,[],rcm3-sclnd-owi-cm-20230729t205111-20230729t205136-00003-______ll_gd_GEO-IRWIN.nc,[]
757,wp062023,0,21-08-04-T21:34:56.000,[],s1a-ew-owi-cm-20230804t213456-20230804t213559-000003-05FAEB_ll_gd_GEO-IRWIN.nc,[]
758,wp062023,0,09-08-06-T09:30:24.000,[],rcm1-sc50ma-owi-cm-20230806t093024-20230806t093122-00003-______ll_gd_GEO-IRWIN.nc,[]
759,wp062023,0,09-08-01-T09:22:02.000,[],rcm3-sc50ma-owi-cm-20230801t092202-20230801t092318-00003-______ll_gd_GEO-IRWIN.nc,[]
760,wp062023,0,21-08-03-T21:28:28.000,[],rcm3-sc50mc-owi-cm-20230803t212828-20230803t212943-00003-______ll_gd_GEO-IRWIN.nc,[]
761,wp062023,0,09-08-05-T09:22:15.000,[],rcm1-sc50ma-owi-cm-20230805t092215-20230805t092333-00003-______ll_gd_GEO-IRWIN.nc,[]
762,wp062023,0,21-08-04-T21:36:16.000,[],rcm3-sc50ma-owi-cm-20230804t213616-20230804t213733-00003-______ll_gd_GEO-IRWIN.nc,[]
763,wp062023,0,21-08-05-T21:11:49.000,[],rcm1-sc50mc-owi-cm-20230805t211149-20230805t211304-00003-______ll_gd_GEO-IRWIN.nc,[]
764,wp062023,0,09-08-02-T09:45:01.000,[],s1a-ew-owi-cm-20230802t094501-20230802t094605-000003-05F9CD_ll_gd_GEO-IRWIN.nc,[]
765,wp062023,0,09-08-03-T09:38:29.000,[],rcm3-sc50ma-owi-cm-20230803t093829-20230803t093946-00003-______ll_gd_GEO-IRWIN.nc,[]
766,wp062023,0,09-07-31-T09:13:49.000,[],rcm3-sc50ma-owi-cm-20230731t091349-20230731t091500-00003-______ll_gd_GEO-IRWIN.nc,[]
767,wp062023,0,21-08-06-T21:19:22.000,[],rcm1-sc50ma-owi-cm-20230806t211922-20230806t212037-00003-______ll_gd_GEO-IRWIN.nc,[]
768,wp062023,0,09-08-09-T09:23:38.000,[],rcm2-sc50ma-owi-cm-20230809t092338-20230809t092437-00003-______ll_gd_GEO-IRWIN.nc,[]
769,wp062023,0,09-08-06-T09:12:56.000,[],s1a-ew-owi-cm-20230806t091256-20230806t091359-000003-05FB8C_ll_gd_GEO-IRWIN.nc,[]
770,wp062023,0,09-08-07-T09:06:42.000,[],rcm2-sc50ma-owi-cm-20230807t090642-20230807t090758-00003-______ll_gd_GEO-IRWIN.nc,[]
771,wp062023,0,09-08-04-T09:47:02.000,[],rcm3-sc50mb-owi-cm-20230804t094702-20230804t094745-00003-______ll_gd_GEO-IRWIN.nc,[]
772,wp062023,0,09-07-30-T09:05:03.000,[],rcm3-sc50ma-owi-cm-20230730t090503-20230730t090618-00003-______ll_gd_GEO-IRWIN.nc,[]
773,wp062023,0,09-08-02-T09:30:18.000,[],rcm3-sc50ma-owi-cm-20230802t093018-20230802t093135-00003-______ll_gd_GEO-IRWIN.nc,[]
774,wp062023,0,09-08-08-T09:14:54.000,[],rcm2-sc50ma-owi-cm-20230808t091454-20230808t091610-00003-______ll_gd_GEO-IRWIN.nc,[]
775,wp062023,0,21-08-06-T21:18:20.000,[],s1a-iw-owi-cm-20230806t211820-20230806t211916-000003-05FBCB_ll_gd_GEO-IRWIN.nc,[]
776,wp142024,0,08-09-13-T08:57:00.000,[],rcm1-sclna-owi-cm-20240913t085700-20240913t085814-00003-______ll_gd_GEO-IRWIN.nc,[]
777,wp142024,0,08-09-12-T08:47:54.000,[],rcm1-sclnb-owi-cm-20240912t084754-20240912t084911-00003-______ll_gd_GEO-IRWIN.nc,[]
778,wp142024,0,09-09-15-T09:47:27.000,[],rcm3-sc50mc-owi-cm-20240915t094727-20240915t094845-00003-______ll_gd_GEO-IRWIN.nc,[]
779,wp142024,0,21-09-14-T21:28:00.000,[],rcm3-sc50mc-owi-cm-20240914t212800-20240914t212918-00003-______ll_gd_GEO-IRWIN.nc,[]
780,wp142024,0,09-09-16-T09:56:00.000,[],rcm3-sc50mc-owi-cm-20240916t095600-20240916t095717-00003-______ll_gd_GEO-IRWIN.nc,[]
781,wp142024,0,20-09-12-T20:41:22.000,[],rcm1-sc50mb-owi-cm-20240912t204122-20240912t204238-00003-______ll_gd_GEO-IRWIN.nc,[]
782,wp142024,0,20-09-10-T20:27:04.000,[],rcm1-sclna-owi-cm-20240910t202704-20240910t202820-00003-______ll_gd_GEO-IRWIN.nc,[]
783,wp142024,0,08-09-11-T08:39:04.000,[],rcm1-sclnc-owi-cm-20240911t083904-20240911t084002-00003-______ll_gd_GEO-IRWIN.nc,[]
784,al092022,0,23-09-29-T23:35:05.000,[],rcm2-sc100ma-owi-cm-20220929t233505-20220929t233524-00003-______ll_gd_GEO-IRWIN.nc,[]
785,al092022,0,11-09-26-T11:10:03.000,[],rs2-scwa-owi-cm-20220926t111003-20220926t111119-00003-______ll_gd_GEO-IRWIN.nc,[]
786,al092022,0,23-09-25-T23:33:46.000,[],s1a-iw-owi-cm-20220925t233346-20220925t233501-000003-056602_ll_gd_GEO-IRWIN.nc,[]
787,al092022,0,11-09-27-T11:33:48.000,[],rcm1-sc100ma-owi-cm-20220927t113348-20220927t113449-00003-______ll_gd_GEO-IRWIN.nc,[]
788,al092022,0,23-09-27-T23:27:35.000,[],rs2-scwa-owi-cm-20220927t232735-20220927t232958-00003-______ll_gd_GEO-IRWIN.nc,[]
789,al092022,0,23-09-25-T23:31:39.000,[],rcm1-sc50mb-owi-cm-20220925t233139-20220925t233246-00003-______ll_gd_GEO-IRWIN.nc,[]
790,al092022,0,11-09-26-T11:25:58.000,[],rcm1-sc100ma-owi-cm-20220926t112558-20220926t112806-00003-______ll_gd_GEO-IRWIN.nc,[]
791,sh212024,0,10-04-08-T10:39:06.000,[],rcm3-sclnc-owi-cm-20240408t103906-20240408t104023-00003-______ll_gd_GEO-IRWIN.nc,[]
792,sh212024,0,21-04-08-T21:47:59.000,[],rcm2-sclnb-owi-cm-20240408t214759-20240408t214914-00003-______ll_gd_GEO-IRWIN.nc,[]
793,sh212024,0,10-04-07-T10:31:25.000,[],rcm3-sclnc-owi-cm-20240407t103125-20240407t103241-00003-______ll_gd_GEO-IRWIN.nc,[]
794,sh212024,0,21-04-09-T21:56:32.000,[],rcm2-sclna-owi-cm-20240409t215632-20240409t215747-00003-______ll_gd_GEO-IRWIN.nc,[]
795,sh212024,0,21-04-07-T21:39:37.000,[],rcm2-sclnb-owi-cm-20240407t213937-20240407t214053-00003-______ll_gd_GEO-IRWIN.nc,[]
796,sh212024,0,10-04-09-T10:46:40.000,[],rcm3-sclnb-owi-cm-20240409t104640-20240409t104756-00003-______ll_gd_GEO-IRWIN.nc,[]
797,sh242021,2,13-03-07-T13:08:16.000,"['2021-03-07T13:00:08.000', '2021-03-07T13:34:35.000']",rs2-scwa-owi-cm-20210307t130816-20210307t130931-00003-______ll_gd_GEO-IRWIN.nc,"['TCPRIMED_v01r01-final_SH242021_MHS_NOAA19_062253_20210307130008.nc', 'TCPRIMED_v01r01-final_SH242021_SSMIS_F17_073993_20210307133435.nc']"
798,sh242021,1,13-03-14-T13:44:29.000,['2021-03-14T13:40:33.000'],s1b-ew-owi-cm-20210314t134429-20210314t134639-000003-031A80_ll_gd_GEO-IRWIN.nc,['TCPRIMED_v01r01-final_SH242021_SSMIS_F17_074092_20210314134033.nc']
799,sh242021,1,00-03-14-T00:39:20.000,['2021-03-14T01:09:05.000'],rs2-scwa-owi-cm-20210314t003920-20210314t004036-00003-______ll_gd_GEO-IRWIN.nc,['TCPRIMED_v01r01-final_SH242021_SSMIS_F17_074084_20210314010905.nc']
800,sh242021,0,00-03-11-T00:26:12.000,[],rs2-scwa-owi-cm-20210311t002612-20210311t002728-00003-______ll_gd_GEO-IRWIN.nc,[]
801,sh242021,0,13-03-10-T13:30:58.000,[],s1a-ew-owi-cm-20210310t133058-20210310t133232-000003-045873_ll_gd_GEO-IRWIN.nc,[]
802,wp092020,0,21-08-25-T21:32:26.000,[],s1b-iw-owi-cm-20200825t213226-20200825t213312-000003-02BD50_ll_gd_GEO-IRWIN.nc,[]
803,wp092020,0,21-08-25-T21:36:54.000,[],rs2-scwa-owi-cm-20200825t213654-20200825t213810-00003-______ll_gd_GEO-IRWIN.nc,[]
804,wp092020,0,21-08-25-T21:37:50.000,[],rs2-scwa-owi-cm-20200825t213750-20200825t213907-00003-______ll_gd_GEO-IRWIN.nc,[]
805,wp212024,0,07-10-11-T07:27:10.000,[],rcm2-sc50ma-owi-cm-20241011t072710-20241011t072726-00003-______ll_gd_GEO-IRWIN.nc,[]
806,wp212024,0,07-10-11-T07:25:58.000,[],rcm2-sc50ma-owi-cm-20241011t072558-20241011t072716-00003-______ll_gd_GEO-IRWIN.nc,[]
807,wp212024,0,19-10-09-T19:59:06.000,[],rcm3-sclnc-owi-cm-20241009t195906-20241009t200023-00003-______ll_gd_GEO-IRWIN.nc,[]
808,wp272019,1,09-11-19-T09:58:26.000,['2019-11-19T09:52:05.000'],s1b-iw-owi-cm-20191119t095826-20191119t095943-000003-023D71_ll_gd_GEO-IRWIN.nc,['TCPRIMED_v01r01-final_WP272019_SSMIS_F17_067292_20191119095205.nc']
809,al172022,0,11-11-10-T11:17:37.000,[],s1a-iw-owi-cm-20221110t111737-20221110t111852-000003-057B92_ll_gd_GEO-IRWIN.nc,[]
810,al172022,0,23-11-09-T23:11:42.000,[],s1a-iw-owi-cm-20221109t231142-20221109t231322-000003-057B61_ll_gd_GEO-IRWIN.nc,[]
811,sh082024,0,14-01-26-T14:45:15.000,[],rcm1-sclnd-owi-cm-20240126t144515-20240126t144554-00003-______ll_gd_GEO-IRWIN.nc,[]
812,sh082024,0,01-01-26-T01:20:05.000,[],rcm1-sclnb-owi-cm-20240126t012005-20240126t012029-00003-______ll_gd_GEO-IRWIN.nc,[]
813,ep152021,0,13-09-09-T13:06:25.000,[],s1a-iw-owi-cm-20210909t130625-20210909t130746-000003-04AE83_ll_gd_GEO-IRWIN.nc,[]
814,ep162022,1,01-10-03-T01:05:27.000,['2022-10-03T01:17:20.000'],s1a-iw-owi-cm-20221003t010527-20221003t010642-000003-05695E_ll_gd_GEO-IRWIN.nc,['TCPRIMED_v01r01-final_EP162022_SSMIS_F17_082112_20221003011720.nc']
815,ep162022,1,01-10-01-T01:19:32.000,['2022-10-01T01:43:17.000'],rs2-scwa-owi-cm-20221001t011932-20221001t012048-00003-______ll_gd_GEO-IRWIN.nc,['TCPRIMED_v01r01-final_EP162022_SSMIS_F17_082084_20221001014317.nc']
816,wp082024,0,08-08-14-T08:42:23.000,[],rcm3-sc50mb-owi-cm-20240814t084223-20240814t084339-00003-______ll_gd_GEO-IRWIN.nc,[]
817,wp082024,0,20-08-15-T20:39:01.000,[],rcm3-sc50mb-owi-cm-20240815t203901-20240815t203952-00003-______ll_gd_GEO-IRWIN.nc,[]
818,wp082024,0,08-08-15-T08:51:11.000,[],rcm3-sc50mc-owi-cm-20240815t085111-20240815t085230-00003-______ll_gd_GEO-IRWIN.nc,[]
819,wp082024,0,08-08-17-T08:04:45.000,[],rcm2-sc50ma-owi-cm-20240817t080445-20240817t080603-00003-______ll_gd_GEO-IRWIN.nc,[]
820,wp082024,0,08-08-16-T08:27:56.000,[],rcm1-sc50ma-owi-cm-20240816t082756-20240816t082825-00003-______ll_gd_GEO-IRWIN.nc,[]
821,wp082024,0,20-08-14-T20:31:38.000,[],rcm3-sc50mc-owi-cm-20240814t203138-20240814t203255-00003-______ll_gd_GEO-IRWIN.nc,[]
822,sh152024,0,15-02-17-T15:32:41.000,[],rcm1-sclnc-owi-cm-20240217t153241-20240217t153356-00003-______ll_gd_GEO-IRWIN.nc,[]
823,sh152024,0,04-02-17-T04:50:25.000,[],rcm1-sclnb-owi-cm-20240217t045025-20240217t045142-00003-______ll_gd_GEO-IRWIN.nc,[]
824,io022019,0,01-06-12-T01:17:25.000,[],s1b-ew-owi-cm-20190612t011725-20190612t011929-000003-01F595_ll_gd_GEO-IRWIN.nc,[]
825,io022019,0,13-06-14-T13:32:47.000,[],s1b-ew-owi-cm-20190614t133247-20190614t133442-000003-01F6A9_ll_gd_GEO-IRWIN.nc,[]
826,io022019,0,01-06-13-T01:10:23.000,[],s1a-iw-owi-cm-20190613t011023-20190613t011209-000003-031F10_ll_gd_GEO-IRWIN.nc,[]
827,ep082020,0,03-07-25-T03:47:55.000,[],s1a-ew-owi-cm-20200725t034755-20200725t035002-000003-03E50E_ll_gd_GEO-IRWIN.nc,[]
828,ep082020,0,16-07-26-T16:13:42.000,[],rs2-scwa-owi-cm-20200726t161342-20200726t161458-00003-______ll_gd_GEO-IRWIN.nc,[]
829,ep082020,0,16-07-26-T16:10:50.000,[],rs2-scwa-owi-cm-20200726t161050-20200726t161314-00003-______ll_gd_GEO-IRWIN.nc,[]
830,ep082020,0,17-07-28-T17:12:08.000,[],s1b-ew-owi-cm-20200728t171208-20200728t171335-000003-02B09D_ll_gd_GEO-IRWIN.nc,[]
831,ep082020,0,05-07-28-T05:02:49.000,[],s1b-ew-owi-cm-20200728t050249-20200728t050456-000003-02B05B_ll_gd_GEO-IRWIN.nc,[]
832,wp152024,0,08-09-17-T08:56:29.000,[],rcm2-sclna-owi-cm-20240917t085629-20240917t085744-00003-______ll_gd_GEO-IRWIN.nc,[]
833,wp152024,0,09-09-19-T09:46:49.000,[],rcm1-sc50ma-owi-cm-20240919t094649-20240919t094730-00003-______ll_gd_GEO-IRWIN.nc,[]
834,wp152024,0,09-09-21-T09:32:22.000,[],rcm2-sc50ma-owi-cm-20240921t093222-20240921t093241-00003-______ll_gd_GEO-IRWIN.nc,[]
835,wp152024,0,09-09-18-T09:38:37.000,[],rcm1-sc50mc-owi-cm-20240918t093837-20240918t093906-00003-______ll_gd_GEO-IRWIN.nc,[]
836,wp222024,0,22-10-24-T22:03:18.000,[],rcm3-sc50ma-owi-cm-20241024t220318-20241024t220417-00003-______ll_gd_GEO-IRWIN.nc,[]
837,wp222024,0,09-10-22-T09:51:12.000,[],rcm3-sc50mc-owi-cm-20241022t095112-20241022t095229-00003-______ll_gd_GEO-IRWIN.nc,[]
838,wp222024,0,22-10-25-T22:11:07.000,[],rcm3-sc50mc-owi-cm-20241025t221107-20241025t221159-00003-______ll_gd_GEO-IRWIN.nc,[]
839,wp222024,0,21-10-23-T21:55:14.000,[],rcm3-sc50ma-owi-cm-20241023t215514-20241023t215613-00003-______ll_gd_GEO-IRWIN.nc,[]
840,wp222024,0,21-10-21-T21:07:33.000,[],rcm1-sc50mc-owi-cm-20241021t210733-20241021t210848-00003-______ll_gd_GEO-IRWIN.nc,[]
841,wp222024,0,11-10-27-T11:03:58.000,[],rcm2-sclnd-owi-cm-20241027t110358-20241027t110514-00003-______ll_gd_GEO-IRWIN.nc,[]
842,wp222024,0,09-10-23-T09:59:51.000,[],rcm3-sc50mc-owi-cm-20241023t095951-20241023t100109-00003-______ll_gd_GEO-IRWIN.nc,[]
843,wp222024,0,22-10-24-T22:02:02.000,[],s1a-ew-owi-cm-20241024t220202-20241024t220306-000003-06E330_ll_gd_GEO-IRWIN.nc,[]
844,al292020,1,23-11-03-T23:40:46.000,['2020-11-04T00:08:40.000'],s1a-iw-owi-cm-20201103t234046-20201103t234226-000003-04184A_ll_gd_GEO-IRWIN.nc,['TCPRIMED_v01r01-final_AL292020_MHS_NOAA19_060509_20201104000840.nc']
845,al292020,0,23-11-12-T23:21:03.000,[],s1a-iw-owi-cm-20201112t232103-20201112t232243-000003-041CD6_ll_gd_GEO-IRWIN.nc,[]
846,al292020,0,23-11-10-T23:37:27.000,[],rs2-scwa-owi-cm-20201110t233727-20201110t233842-00003-______ll_gd_GEO-IRWIN.nc,[]
847,al292020,2,11-11-03-T11:27:51.000,"['2020-11-03T11:15:52.000', '2020-11-03T11:45:27.000']",rcm2-sc50ma-owi-cm-20201103t112751-20201103t112855-00003-______ll_gd_GEO-IRWIN.nc,"['TCPRIMED_v01r01-final_AL292020_MHS_NOAA19_060501_20201103111552.nc', 'TCPRIMED_v01r01-final_AL292020_SSMIS_F17_072239_20201103114527.nc']"
848,al292020,1,11-11-09-T11:17:23.000,['2020-11-09T11:43:07.000'],rs2-scwa-owi-cm-20201109t111723-20201109t111839-00003-______ll_gd_GEO-IRWIN.nc,['TCPRIMED_v01r01-final_AL292020_MHS_NOAA19_060586_20201109114307.nc']
849,sh052021,0,06-12-16-T06:56:53.000,[],s1a-ew-owi-cm-20201216t065653-20201216t065903-000003-042DA5_ll_gd_GEO-IRWIN.nc,[]
850,sh172019,2,00-03-07-T00:47:54.000,"['2019-03-07T00:31:17.000', '2019-03-07T00:21:43.000']",s1b-ew-owi-cm-20190307t004754-20190307t005102-000003-01C845_ll_gd_GEO-IRWIN.nc,"['TCPRIMED_v01r01-final_SH172019_SSMIS_F18_048384_20190307003117.nc', 'TCPRIMED_v01r01-final_SH172019_MHS_NOAA19_051926_20190307002143.nc']"
851,sh172019,0,13-03-06-T13:53:26.000,[],s1b-ew-owi-cm-20190306t135326-20190306t135533-000003-01C808_ll_gd_GEO-IRWIN.nc,[]
852,sh172019,1,00-03-06-T00:56:59.000,['2019-03-06T00:43:05.000'],s1a-ew-owi-cm-20190306t005659-20190306t005946-000003-02ED45_ll_gd_GEO-IRWIN.nc,['TCPRIMED_v01r01-final_SH172019_SSMIS_F18_048370_20190306004305.nc']
853,sh172019,2,14-03-09-T14:13:17.000,"['2019-03-09T14:14:00.000', '2019-03-09T14:10:21.000']",s1b-ew-owi-cm-20190309t141317-20190309t141622-000003-01C976_ll_gd_GEO-IRWIN.nc,"['TCPRIMED_v01r01-final_SH172019_SSMIS_F18_048421_20190309141400.nc', 'TCPRIMED_v01r01-final_SH172019_SSMIS_F17_063691_20190309141021.nc']"
854,sh172019,1,13-03-03-T13:31:23.000,['2019-03-03T13:55:40.000'],s1b-ew-owi-cm-20190303t133123-20190303t133257-000003-01C6A0_ll_gd_GEO-IRWIN.nc,['TCPRIMED_v01r01-final_SH172019_SSMIS_F17_063606_20190303135540.nc']
855,sh172019,1,14-03-08-T14:24:34.000,['2019-03-08T14:25:01.000'],s1a-ew-owi-cm-20190308t142434-20190308t142620-000003-02EEA4_ll_gd_GEO-IRWIN.nc,['TCPRIMED_v01r01-final_SH172019_SSMIS_F17_063677_20190308142501.nc']
856,wp162022,1,09-09-18-T09:26:30.000,['2022-09-18T09:49:24.000'],rs2-scwa-owi-cm-20220918t092630-20220918t092747-00003-______ll_gd_GEO-IRWIN.nc,['TCPRIMED_v01r01-final_WP162022_SSMIS_F17_081905_20220918094924.nc']
857,wp162022,0,21-09-16-T21:03:35.000,[],rs2-scwa-owi-cm-20220916t210335-20220916t210558-00003-______ll_gd_GEO-IRWIN.nc,[]
858,sh052023,0,00-12-29-T00:40:58.000,[],s1a-ew-owi-cm-20221229t004058-20221229t004303-000003-0593A7_ll_gd_GEO-IRWIN.nc,[]
859,sh052023,0,12-12-26-T12:39:31.000,[],rcm2-sclna-owi-cm-20221226t123931-20221226t124046-00003-______ll_gd_GEO-IRWIN.nc,[]
860,sh052023,0,00-12-30-T00:47:31.000,[],rcm3-sclna-owi-cm-20221230t004731-20221230t004911-00003-______ll_gd_GEO-IRWIN.nc,[]
861,sh052023,0,23-12-25-T23:39:58.000,[],rcm1-sclnd-owi-cm-20221225t233958-20221225t234125-00003-______ll_gd_GEO-IRWIN.nc,[]
862,sh052023,0,13-12-28-T13:25:46.000,[],rcm1-sclnc-owi-cm-20221228t132546-20221228t132754-00003-______ll_gd_GEO-IRWIN.nc,[]
863,sh052023,0,13-12-29-T13:33:32.000,[],rcm1-sclna-owi-cm-20221229t133332-20221229t133447-00003-______ll_gd_GEO-IRWIN.nc,[]
864,sh052023,0,12-12-24-T12:55:15.000,[],rcm1-sclnc-owi-cm-20221224t125515-20221224t125759-00003-______ll_gd_GEO-IRWIN.nc,[]
865,sh052023,0,23-12-26-T23:48:49.000,[],rcm1-sclnd-owi-cm-20221226t234849-20221226t235004-00003-______ll_gd_GEO-IRWIN.nc,[]
866,sh052023,0,12-12-23-T12:48:04.000,[],rcm1-sclnb-owi-cm-20221223t124804-20221223t124948-00003-______ll_gd_GEO-IRWIN.nc,[]
867,sh052023,0,00-12-31-T00:56:42.000,[],rcm3-sclna-owi-cm-20221231t005642-20221231t005757-00003-______ll_gd_GEO-IRWIN.nc,[]
868,sh052023,0,13-12-27-T13:18:47.000,[],rcm1-sclnd-owi-cm-20221227t131847-20221227t131953-00003-______ll_gd_GEO-IRWIN.nc,[]
869,sh052023,0,23-12-22-T23:49:15.000,[],s1a-ew-owi-cm-20221222t234915-20221222t235128-000003-0590A7_ll_gd_GEO-IRWIN.nc,[]
870,sh052023,0,14-12-31-T14:19:31.000,[],rcm3-sclnd-owi-cm-20221231t141931-20221231t142049-00003-______ll_gd_GEO-IRWIN.nc,[]
871,sh052023,0,00-12-29-T00:38:36.000,[],rcm3-sclna-owi-cm-20221229t003836-20221229t003951-00003-______ll_gd_GEO-IRWIN.nc,[]
872,sh052023,0,23-12-23-T23:56:01.000,[],rcm3-sclnd-owi-cm-20221223t235601-20221223t235719-00003-______ll_gd_GEO-IRWIN.nc,[]
873,sh052023,0,13-12-25-T13:03:34.000,[],rcm1-sclnd-owi-cm-20221225t130334-20221225t130434-00003-______ll_gd_GEO-IRWIN.nc,[]
874,sh162024,0,01-02-21-T01:37:06.000,[],s1a-ew-owi-cm-20240221t013706-20240221t013809-000003-065EA4_ll_gd_GEO-IRWIN.nc,[]
875,al152023,0,20-09-21-T20:34:07.000,[],rcm1-sc50ma-owi-cm-20230921t203407-20230921t203525-00003-______ll_gd_GEO-IRWIN.nc,[]
876,al152023,1,09-09-17-T09:17:41.000,['2023-09-17T09:12:19.000'],rcm1-sclna-owi-cm-20230917t091741-20230917t091857-00003-______ll_gd_GEO-IRWIN.nc,['TCPRIMED_v01r01-final_AL152023_SSMIS_F16_102758_20230917091219.nc']
877,al152023,1,09-09-20-T09:38:10.000,['2023-09-20T09:58:02.000'],rcm1-sc50mb-owi-cm-20230920t093810-20230920t093928-00003-______ll_gd_GEO-IRWIN.nc,['TCPRIMED_v01r01-final_AL152023_SSMIS_F17_087092_20230920095802.nc']
878,al152023,1,21-09-17-T21:32:37.000,['2023-09-17T21:58:39.000'],rcm1-sclnc-owi-cm-20230917t213237-20230917t213354-00003-______ll_gd_GEO-IRWIN.nc,['TCPRIMED_v01r01-final_AL152023_SSMIS_F17_087057_20230917215839.nc']
879,al152023,2,09-09-18-T09:24:13.000,"['2023-09-18T08:57:59.000', '2023-09-18T09:16:02.000']",rcm1-sclnb-owi-cm-20230918t092413-20230918t092530-00003-______ll_gd_GEO-IRWIN.nc,"['TCPRIMED_v01r01-final_AL152023_SSMIS_F16_102772_20230918085759.nc', 'TCPRIMED_v01r01-final_AL152023_GMI_GPM_054290_20230918091602.nc']"
880,al152023,1,21-09-20-T21:28:53.000,['2023-09-20T21:21:05.000'],rcm2-sc50mb-owi-cm-20230920t212853-20230920t212959-00003-______ll_gd_GEO-IRWIN.nc,['TCPRIMED_v01r01-final_AL152023_SSMIS_F17_087099_20230920212105.nc']
881,al152023,0,09-09-19-T09:31:18.000,[],rcm1-sc50mc-owi-cm-20230919t093118-20230919t093236-00003-______ll_gd_GEO-IRWIN.nc,[]
882,al152023,1,21-09-18-T21:42:10.000,['2023-09-18T21:45:46.000'],rcm1-sclnd-owi-cm-20230918t214210-20230918t214327-00003-______ll_gd_GEO-IRWIN.nc,['TCPRIMED_v01r01-final_AL152023_SSMIS_F17_087071_20230918214546.nc']
883,al152023,1,21-09-19-T21:51:19.000,['2023-09-19T21:33:43.000'],rcm1-sc50mc-owi-cm-20230919t215119-20230919t215237-00003-______ll_gd_GEO-IRWIN.nc,['TCPRIMED_v01r01-final_AL152023_SSMIS_F17_087085_20230919213343.nc']
884,al132019,2,08-10-02-T08:04:15.000,"['2019-10-02T08:34:14.000', '2019-10-02T08:12:05.000']",s1a-iw-owi-cm-20191002t080415-20191002t080555-000003-0353A1_ll_gd_GEO-IRWIN.nc,"['TCPRIMED_v01r01-final_AL132019_GMI_GPM_031777_20191002083414.nc', 'TCPRIMED_v01r01-final_AL132019_MHS_NOAA19_054881_20191002081205.nc']"
885,al132019,1,08-09-30-T08:36:54.000,['2019-09-30T08:39:14.000'],rs2-scwa-owi-cm-20190930t083654-20190930t083917-00003-______ll_gd_GEO-IRWIN.nc,['TCPRIMED_v01r01-final_AL132019_MHS_NOAA19_054853_20190930083914.nc']
886,al132019,1,21-09-30-T21:00:03.000,['2019-09-30T21:08:40.000'],s1a-ew-owi-cm-20190930t210003-20190930t210142-000003-0352F9_ll_gd_GEO-IRWIN.nc,['TCPRIMED_v01r01-final_AL132019_SSMIS_F17_066592_20190930210840.nc']
887,al132019,1,08-09-28-T08:43:09.000,['2019-09-28T09:04:58.000'],s1a-ew-owi-cm-20190928t084309-20190928t084513-000003-0351A9_ll_gd_GEO-IRWIN.nc,['TCPRIMED_v01r01-final_AL132019_MHS_NOAA19_054825_20190928090458.nc']
888,al132019,1,08-09-27-T08:27:44.000,['2019-09-27T08:17:01.000'],rs2-scwa-owi-cm-20190927t082744-20190927t083007-00003-______ll_gd_GEO-IRWIN.nc,['TCPRIMED_v01r01-final_AL132019_SSMIS_F18_051270_20190927081701.nc']
889,al132019,0,20-09-26-T20:38:52.000,[],s1b-ew-owi-cm-20190926t203852-20190926t204117-000003-0224BA_ll_gd_GEO-IRWIN.nc,[]
890,al132019,1,21-09-29-T21:06:10.000,['2019-09-29T21:21:14.000'],s1b-ew-owi-cm-20190929t210610-20190929t210814-000003-02261A_ll_gd_GEO-IRWIN.nc,['TCPRIMED_v01r01-final_AL132019_SSMIS_F17_066578_20190929212114.nc']
891,sh232024,0,15-05-02-T15:30:35.000,[],rcm3-sc50mc-owi-cm-20240502t153035-20240502t153151-00003-______ll_gd_GEO-IRWIN.nc,[]
892,sh232024,0,02-05-02-T02:27:22.000,[],rcm2-sclnd-owi-cm-20240502t022722-20240502t022845-00003-______ll_gd_GEO-IRWIN.nc,[]
893,sh232024,0,15-05-01-T15:22:56.000,[],rcm3-sc50mb-owi-cm-20240501t152256-20240501t152421-00003-______ll_gd_GEO-IRWIN.nc,[]
894,sh232024,0,15-05-03-T15:38:56.000,[],rcm3-sc50mc-owi-cm-20240503t153856-20240503t154012-00003-______ll_gd_GEO-IRWIN.nc,[]
895,sh232024,0,02-05-03-T02:35:49.000,[],rcm2-sc50mc-owi-cm-20240503t023549-20240503t023706-00003-______ll_gd_GEO-IRWIN.nc,[]
896,sh222022,2,13-03-25-T13:37:17.000,"['2022-03-25T13:57:01.000', '2022-03-25T14:03:44.000']",rs2-scwa-owi-cm-20220325t133717-20220325t133833-00003-______ll_gd_GEO-IRWIN.nc,"['TCPRIMED_v01r01-final_SH222022_SSMIS_F17_079406_20220325135701.nc', 'TCPRIMED_v01r01-final_SH222022_GMI_GPM_045859_20220325140344.nc']"
897,sh222022,0,13-03-24-T13:23:53.000,[],s1a-ew-owi-cm-20220324t132353-20220324t132628-000003-05105F_ll_gd_GEO-IRWIN.nc,[]
898,sh222022,1,00-03-26-T00:41:33.000,['2022-03-26T01:07:52.000'],rs2-scwa-owi-cm-20220326t004133-20220326t004249-00003-______ll_gd_GEO-IRWIN.nc,['TCPRIMED_v01r01-final_SH222022_SSMIS_F17_079412_20220326010752.nc']
899,wp232024,0,20-10-26-T20:42:53.000,[],rcm3-sclnd-owi-cm-20241026t204253-20241026t204408-00003-______ll_gd_GEO-IRWIN.nc,[]
900,wp232024,0,09-10-29-T09:43:59.000,[],rcm2-sc50mb-owi-cm-20241029t094359-20241029t094440-00003-______ll_gd_GEO-IRWIN.nc,[]
901,wp232024,0,09-10-27-T09:27:38.000,[],rcm2-sc50mc-owi-cm-20241027t092738-20241027t092856-00003-______ll_gd_GEO-IRWIN.nc,[]
902,wp232024,0,21-10-31-T21:51:53.000,[],s1a-iw-owi-cm-20241031t215153-20241031t215312-000003-06E739_ll_gd_GEO-IRWIN.nc,[]
903,wp232024,0,08-10-25-T08:39:28.000,[],rcm3-sclnd-owi-cm-20241025t083928-20241025t084014-00003-______ll_gd_GEO-IRWIN.nc,[]
904,wp232024,0,21-10-28-T21:29:17.000,[],s1a-ew-owi-cm-20241028t212917-20241028t213021-000003-06E57F_ll_gd_GEO-IRWIN.nc,[]
905,wp232024,0,20-10-25-T20:34:43.000,[],rcm3-sclna-owi-cm-20241025t203443-20241025t203559-00003-______ll_gd_GEO-IRWIN.nc,[]
906,wp232024,0,09-10-30-T09:52:33.000,[],rcm2-sc50mb-owi-cm-20241030t095233-20241030t095334-00003-______ll_gd_GEO-IRWIN.nc,[]
907,wp232024,0,09-10-28-T09:35:40.000,[],rcm2-sc50mc-owi-cm-20241028t093540-20241028t093657-00003-______ll_gd_GEO-IRWIN.nc,[]
908,wp232024,0,08-10-26-T08:47:50.000,[],rcm3-sclna-owi-cm-20241026t084750-20241026t084904-00003-______ll_gd_GEO-IRWIN.nc,[]
909,wp022021,0,20-04-16-T20:49:23.000,[],s1b-ew-owi-cm-20210416t204923-20210416t205128-000003-0329DA_ll_gd_GEO-IRWIN.nc,[]
910,wp022021,0,21-04-22-T21:16:44.000,[],rcm2-sc50md-owi-cm-20210422t211644-20210422t212548-00003-______ll_gd_GEO-IRWIN.nc,[]
911,wp022021,0,21-04-19-T21:28:38.000,[],rs2-scwa-owi-cm-20210419t212838-20210419t212954-00003-______ll_gd_GEO-IRWIN.nc,[]
912,wp022021,0,09-04-21-T09:33:52.000,[],s1a-ew-owi-cm-20210421t093352-20210421t093556-000003-046D8B_ll_gd_GEO-IRWIN.nc,[]
913,wp022021,0,09-04-20-T09:41:05.000,[],rcm1-sc50ma-owi-cm-20210420t094105-20210420t094513-00003-______ll_gd_GEO-IRWIN.nc,[]
914,wp022021,0,09-04-19-T09:49:35.000,[],s1a-iw-owi-cm-20210419t094935-20210419t095129-000003-046C7F_ll_gd_GEO-IRWIN.nc,[]
915,wp022021,0,21-04-22-T21:35:24.000,[],s1b-ew-owi-cm-20210422t213524-20210422t213729-000003-032CBB_ll_gd_GEO-IRWIN.nc,[]
916,wp022021,0,09-04-20-T09:41:17.000,[],s1b-iw-owi-cm-20210420t094117-20210420t094300-000003-032B99_ll_gd_GEO-IRWIN.nc,[]
917,wp022021,0,09-04-17-T09:14:24.000,[],s1b-ew-owi-cm-20210417t091424-20210417t091628-000003-032A1A_ll_gd_GEO-IRWIN.nc,[]
918,wp022021,0,09-04-19-T09:32:50.000,[],rcm1-sc50ma-owi-cm-20210419t093250-20210419t093822-00003-______ll_gd_GEO-IRWIN.nc,[]
919,wp022021,0,21-04-17-T21:30:16.000,[],s1b-iw-owi-cm-20210417t213016-20210417t213110-000003-032A68_ll_gd_GEO-IRWIN.nc,[]
920,wp022021,0,09-04-18-T09:30:03.000,[],rs2-scwa-owi-cm-20210418t093003-20210418t093118-00003-______ll_gd_GEO-IRWIN.nc,[]
921,wp022021,0,21-04-18-T21:22:23.000,[],s1a-iw-owi-cm-20210418t212223-20210418t212342-000003-046C42_ll_gd_GEO-IRWIN.nc,[]
922,wp022021,0,09-04-23-T09:18:48.000,[],s1a-ew-owi-cm-20210423t091848-20210423t092013-000003-046E76_ll_gd_GEO-IRWIN.nc,[]
923,wp022021,0,21-04-18-T21:15:49.000,[],rcm1-sc50md-owi-cm-20210418t211549-20210418t212533-00003-______ll_gd_GEO-IRWIN.nc,[]
924,wp022021,0,09-04-21-T09:43:52.000,[],rs2-scwa-owi-cm-20210421t094352-20210421t094508-00003-______ll_gd_GEO-IRWIN.nc,[]
925,wp022021,0,21-04-17-T21:12:14.000,[],rcm1-sc50md-owi-cm-20210417t211214-20210417t211638-00003-______ll_gd_GEO-IRWIN.nc,[]
926,wp022021,0,09-04-24-T09:09:25.000,[],s1b-ew-owi-cm-20210424t090925-20210424t091159-000003-032D63_ll_gd_GEO-IRWIN.nc,[]
927,sh132023,2,14-02-15-T14:05:18.000,"['2023-02-15T13:52:02.000', '2023-02-15T14:34:53.000']",rcm3-sclnc-owi-cm-20230215t140518-20230215t140635-00003-______ll_gd_GEO-IRWIN.nc,"['TCPRIMED_v01r01-final_SH132023_GMI_GPM_050947_20230215135202.nc', 'TCPRIMED_v01r01-final_SH132023_SSMIS_F17_084028_20230215143453.nc']"
928,sh132023,0,13-02-14-T13:58:43.000,[],rcm3-sclnd-owi-cm-20230214t135843-20230214t135935-00003-______ll_gd_GEO-IRWIN.nc,[]
929,sh132023,1,00-02-16-T00:48:22.000,['2023-02-16T00:30:54.000'],rcm3-sclnd-owi-cm-20230216t004822-20230216t004938-00003-______ll_gd_GEO-IRWIN.nc,['TCPRIMED_v01r01-final_SH132023_SSMIS_F16_099743_20230216003054.nc']
930,sh132023,1,00-02-15-T00:38:56.000,['2023-02-15T00:42:42.000'],rcm3-sclnd-owi-cm-20230215t003856-20230215t004011-00003-______ll_gd_GEO-IRWIN.nc,['TCPRIMED_v01r01-final_SH132023_SSMIS_F16_099729_20230215004242.nc']
931,sh132023,1,00-02-15-T00:41:48.000,['2023-02-15T00:42:42.000'],s1a-ew-owi-cm-20230215t004148-20230215t004408-000003-05AB21_ll_gd_GEO-IRWIN.nc,['TCPRIMED_v01r01-final_SH132023_SSMIS_F16_099729_20230215004242.nc']
932,sh132023,0,13-02-14-T13:46:26.000,[],s1a-ew-owi-cm-20230214t134626-20230214t134830-000003-05AAE6_ll_gd_GEO-IRWIN.nc,[]
933,sh132023,0,00-02-14-T00:30:04.000,[],rcm3-sclnd-owi-cm-20230214t003004-20230214t003120-00003-______ll_gd_GEO-IRWIN.nc,[]
934,sh192022,0,02-03-09-T02:26:20.000,[],s1a-iw-owi-cm-20220309t022620-20220309t022739-000003-0508C0_ll_gd_GEO-IRWIN.nc,[]
935,sh172024,0,16-03-13-T16:13:31.000,[],rcm1-sclnc-owi-cm-20240313t161331-20240313t161447-00003-______ll_gd_GEO-IRWIN.nc,[]
936,sh172024,0,15-03-14-T15:47:48.000,[],rcm2-sclnd-owi-cm-20240314t154748-20240314t154905-00003-______ll_gd_GEO-IRWIN.nc,[]
937,sh172024,0,16-03-12-T16:06:34.000,[],rcm1-sclna-owi-cm-20240312t160634-20240312t160750-00003-______ll_gd_GEO-IRWIN.nc,[]
938,sh172024,0,03-03-12-T03:11:18.000,[],rcm3-sclnb-owi-cm-20240312t031118-20240312t031234-00003-______ll_gd_GEO-IRWIN.nc,[]
939,io052023,0,14-10-22-T14:24:09.000,[],rcm2-sc50ma-owi-cm-20231022t142409-20231022t142527-00003-______ll_gd_GEO-IRWIN.nc,[]
940,ep192023,0,12-10-31-T12:00:38.000,[],rcm1-sc50ma-owi-cm-20231031t120038-20231031t120203-00003-______ll_gd_GEO-IRWIN.nc,[]
941,ep192023,1,12-11-03-T12:25:36.000,['2023-11-03T12:24:31.000'],rcm1-sc50mc-owi-cm-20231103t122536-20231103t122653-00003-______ll_gd_GEO-IRWIN.nc,['TCPRIMED_v01r01-final_EP192023_SSMIS_F16_103424_20231103122431.nc']
942,ep192023,0,01-11-04-T01:06:56.000,[],rcm3-sc50mc-owi-cm-20231104t010656-20231104t010814-00003-______ll_gd_GEO-IRWIN.nc,[]
943,ep192023,1,00-11-02-T00:21:53.000,['2023-11-02T00:00:01.000'],s1a-iw-owi-cm-20231102t002153-20231102t002312-000003-06273D_ll_gd_GEO-IRWIN.nc,['TCPRIMED_v01r01-final_EP192023_SSMIS_F16_103403_20231102000001.nc']
944,ep192023,1,00-11-01-T00:11:02.000,['2023-10-31T23:42:21.000'],rcm1-sc50mc-owi-cm-20231101t001102-20231101t001218-00003-______ll_gd_GEO-IRWIN.nc,['TCPRIMED_v01r01-final_EP192023_SSMIS_F17_087680_20231031234221.nc']
945,ep192023,1,11-10-30-T11:52:55.000,['2023-10-30T11:35:48.000'],rcm1-sc50mc-owi-cm-20231030t115255-20231030t115412-00003-______ll_gd_GEO-IRWIN.nc,['TCPRIMED_v01r01-final_EP192023_SSMIS_F16_103367_20231030113548.nc']
946,ep192023,1,13-11-04-T13:05:57.000,['2023-11-04T13:20:39.000'],rcm3-sc50ma-owi-cm-20231104t130557-20231104t130711-00003-______ll_gd_GEO-IRWIN.nc,['TCPRIMED_v01r01-final_EP192023_SSMIS_F17_087730_20231104132039.nc']
947,ep192023,1,00-11-02-T00:18:49.000,['2023-11-02T00:00:01.000'],rcm1-sc50mc-owi-cm-20231102t001849-20231102t002007-00003-______ll_gd_GEO-IRWIN.nc,['TCPRIMED_v01r01-final_EP192023_SSMIS_F16_103403_20231102000001.nc']
948,ep192023,1,13-11-05-T13:14:10.000,['2023-11-05T13:39:39.000'],rcm3-sc50mc-owi-cm-20231105t131410-20231105t131526-00003-______ll_gd_GEO-IRWIN.nc,['TCPRIMED_v01r01-final_EP192023_SSMIS_F16_103453_20231105133939.nc']
949,io012021,0,01-05-17-T01:01:28.000,[],rs2-scwa-owi-cm-20210517t010128-20210517t010351-00003-______ll_gd_GEO-IRWIN.nc,[]
950,wp192020,1,09-10-20-T09:58:07.000,['2020-10-20T09:55:52.000'],s1b-iw-owi-cm-20201020t095807-20201020t095922-000003-02D69A_ll_gd_GEO-IRWIN.nc,['TCPRIMED_v01r01-final_WP192020_MHS_NOAA19_060303_20201020095552.nc']
951,sh242024,0,15-05-19-T15:06:58.000,[],rcm2-sc50ma-owi-cm-20240519t150658-20240519t150813-00003-______ll_gd_GEO-IRWIN.nc,[]
952,sh242024,0,14-05-18-T14:58:36.000,[],rcm2-sc50ma-owi-cm-20240518t145836-20240518t145953-00003-______ll_gd_GEO-IRWIN.nc,[]
953,sh242024,0,15-05-21-T15:24:03.000,[],rcm2-sc50mc-owi-cm-20240521t152403-20240521t152520-00003-______ll_gd_GEO-IRWIN.nc,[]
954,sh242024,0,15-05-20-T15:15:38.000,[],rcm2-sc50mb-owi-cm-20240520t151538-20240520t151652-00003-______ll_gd_GEO-IRWIN.nc,[]
955,sh242024,0,02-05-19-T02:35:25.000,[],rcm3-sc50ma-owi-cm-20240519t023525-20240519t023640-00003-______ll_gd_GEO-IRWIN.nc,[]
956,sh242024,0,02-05-17-T02:19:01.000,[],rcm3-sc50ma-owi-cm-20240517t021901-20240517t022016-00003-______ll_gd_GEO-IRWIN.nc,[]
957,sh242024,0,14-05-17-T14:50:41.000,[],rcm2-sc50ma-owi-cm-20240517t145041-20240517t145159-00003-______ll_gd_GEO-IRWIN.nc,[]
958,sh242024,0,14-05-16-T14:42:57.000,[],rcm2-sc50ma-owi-cm-20240516t144257-20240516t144414-00003-______ll_gd_GEO-IRWIN.nc,[]
959,wp112023,1,08-09-07-T08:58:44.000,['2023-09-07T09:00:40.000'],rcm1-sc50mc-owi-cm-20230907t085844-20230907t090000-00003-______ll_gd_GEO-IRWIN.nc,['TCPRIMED_v01r01-final_WP112023_SSMIS_F17_086908_20230907090040.nc']
960,wp262019,2,20-11-14-T20:12:29.000,"['2019-11-14T20:13:41.000', '2019-11-14T20:13:49.000']",rs2-scwa-owi-cm-20191114t201229-20191114t201344-00003-______ll_gd_GEO-IRWIN.nc,"['TCPRIMED_v01r01-final_WP262019_SSMIS_F18_051955_20191114201341.nc', 'TCPRIMED_v01r01-final_WP262019_MHS_NOAA19_055495_20191114201349.nc']"
961,wp242024,0,21-11-05-T21:30:25.000,[],rcm1-sc50mb-owi-cm-20241105t213025-20241105t213142-00003-______ll_gd_GEO-IRWIN.nc,[]
962,wp242024,0,09-11-06-T09:44:07.000,[],rcm1-sc50ma-owi-cm-20241106t094407-20241106t094524-00003-______ll_gd_GEO-IRWIN.nc,[]
963,wp242024,0,10-11-10-T10:48:57.000,[],rcm3-sc50mc-owi-cm-20241110t104857-20241110t104949-00003-______ll_gd_GEO-IRWIN.nc,[]
964,wp242024,0,09-11-05-T09:35:38.000,[],rcm1-sc50ma-owi-cm-20241105t093538-20241105t093655-00003-______ll_gd_GEO-IRWIN.nc,[]
965,wp242024,0,09-11-04-T09:26:31.000,[],rcm1-sc50mc-owi-cm-20241104t092631-20241104t092859-00003-______ll_gd_GEO-IRWIN.nc,[]
966,wp242024,0,21-11-04-T21:22:46.000,[],rcm1-sc50ma-owi-cm-20241104t212246-20241104t212403-00003-______ll_gd_GEO-IRWIN.nc,[]
967,wp242024,0,09-11-07-T09:52:11.000,[],rcm1-sc50ma-owi-cm-20241107t095211-20241107t095323-00003-______ll_gd_GEO-IRWIN.nc,[]
968,wp242024,0,21-11-04-T21:21:36.000,[],s1a-ew-owi-cm-20241104t212136-20241104t212239-000003-06E988_ll_gd_GEO-IRWIN.nc,[]
969,wp242024,0,21-11-06-T21:38:28.000,[],rcm1-sc50mc-owi-cm-20241106t213828-20241106t213936-00003-______ll_gd_GEO-IRWIN.nc,[]
970,wp242024,0,10-11-11-T10:40:19.000,[],s1a-ew-owi-cm-20241111t104019-20241111t104122-000003-06ED50_ll_gd_GEO-IRWIN.nc,[]
971,wp242024,0,21-11-07-T21:45:56.000,[],s1a-iw-owi-cm-20241107t214556-20241107t214715-000003-06EB42_ll_gd_GEO-IRWIN.nc,[]
972,wp242024,0,10-11-08-T10:15:53.000,[],s1a-ew-owi-cm-20241108t101553-20241108t101657-000003-06EB89_ll_gd_GEO-IRWIN.nc,[]
973,wp242024,0,10-11-11-T10:56:27.000,[],rcm3-sc50mc-owi-cm-20241111t105627-20241111t105713-00003-______ll_gd_GEO-IRWIN.nc,[]
974,wp242024,0,21-11-07-T21:46:32.000,[],rcm1-sc50mc-owi-cm-20241107t214632-20241107t214739-00003-______ll_gd_GEO-IRWIN.nc,[]
975,wp042023,0,10-07-16-T10:24:36.000,[],rcm3-sc50mb-owi-cm-20230716t102436-20230716t102553-00003-______ll_gd_GEO-IRWIN.nc,[]
976,wp042023,0,22-07-16-T22:18:35.000,[],rcm3-sc50mc-owi-cm-20230716t221835-20230716t221951-00003-______ll_gd_GEO-IRWIN.nc,[]
977,wp042023,0,22-07-17-T22:26:46.000,[],rcm3-sc50mc-owi-cm-20230717t222646-20230717t222735-00003-______ll_gd_GEO-IRWIN.nc,[]
978,wp042023,0,10-07-17-T10:33:05.000,[],rcm3-sc50ma-owi-cm-20230717t103305-20230717t103402-00003-______ll_gd_GEO-IRWIN.nc,[]
979,wp042023,0,10-07-17-T10:34:01.000,[],rcm3-sclna-owi-cm-20230717t103401-20230717t103420-00003-______ll_gd_GEO-IRWIN.nc,[]
980,al122021,1,21-09-10-T21:31:38.000,['2021-09-10T22:01:25.000'],rcm3-sc50mb-owi-cm-20210910t213138-20210910t213232-00003-______ll_gd_GEO-IRWIN.nc,['TCPRIMED_v01r01-final_AL122021_MHS_NOAA19_064898_20210910220125.nc']
981,al122021,0,08-09-04-T08:51:02.000,[],s1b-ew-owi-cm-20210904t085102-20210904t085352-000003-036818_ll_gd_GEO-IRWIN.nc,[]
982,al122021,1,21-09-07-T21:46:30.000,['2021-09-07T21:37:21.000'],s1b-ew-owi-cm-20210907t214630-20210907t215005-000003-0369AB_ll_gd_GEO-IRWIN.nc,['TCPRIMED_v01r01-final_AL122021_SSMIS_F17_076598_20210907213721.nc']
983,al122021,1,21-09-05-T21:33:42.000,['2021-09-05T22:02:50.000'],rs2-scwa-owi-cm-20210905t213342-20210905t213606-00003-______ll_gd_GEO-IRWIN.nc,['TCPRIMED_v01r01-final_AL122021_SSMIS_F17_076570_20210905220250.nc']
984,al122021,1,22-09-10-T22:01:58.000,['2021-09-10T22:01:25.000'],rcm2-sc50mb-owi-cm-20210910t220158-20210910t220257-00003-______ll_gd_GEO-IRWIN.nc,['TCPRIMED_v01r01-final_AL122021_MHS_NOAA19_064898_20210910220125.nc']
985,al122021,2,09-09-08-T09:54:20.000,"['2021-09-08T09:45:42.000', '2021-09-08T10:06:16.000']",s1b-iw-owi-cm-20210908t095420-20210908t095611-000003-0369DE_ll_gd_GEO-IRWIN.nc,"['TCPRIMED_v01r01-final_AL122021_GMI_GPM_042776_20210908094542.nc', 'TCPRIMED_v01r01-final_AL122021_SSMIS_F17_076605_20210908100616.nc']"
986,al122021,0,09-09-07-T09:27:55.000,[],rs2-scwa-owi-cm-20210907t092755-20210907t093019-00003-______ll_gd_GEO-IRWIN.nc,[]
987,al122021,0,10-09-10-T10:08:55.000,[],rcm1-sc50mb-owi-cm-20210910t100855-20210910t100904-00003-______ll_gd_GEO-IRWIN.nc,[]
988,al122021,0,09-09-06-T09:23:29.000,[],s1a-ew-owi-cm-20210906t092329-20210906t092604-000003-04ACFC_ll_gd_GEO-IRWIN.nc,[]
989,al122021,0,21-09-05-T21:13:31.000,[],s1a-ew-owi-cm-20210905t211331-20210905t211606-000003-04ACB8_ll_gd_GEO-IRWIN.nc,[]
990,sh222020,0,02-03-16-T02:01:18.000,[],s1a-ew-owi-cm-20200316t020118-20200316t020322-000003-03A788_ll_gd_GEO-IRWIN.nc,[]
991,ep072019,0,14-08-01-T14:32:41.000,[],rs2-scwa-owi-cm-20190801t143241-20190801t143612-00003-______ll_gd_GEO-IRWIN.nc,[]
992,ep072019,0,03-08-03-T03:22:45.000,[],s1b-ew-owi-cm-20190803t032245-20190803t032443-000003-020C12_ll_gd_GEO-IRWIN.nc,[]
993,io012019,0,00-05-02-T00:21:58.000,[],s1a-iw-owi-cm-20190502t002158-20190502t002338-000003-030BAA_ll_gd_GEO-IRWIN.nc,[]
994,io012019,0,00-05-03-T00:12:55.000,[],s1b-ew-owi-cm-20190503t001255-20190503t001459-000003-01E3AE_ll_gd_GEO-IRWIN.nc,[]
995,io012019,0,00-05-04-T00:03:32.000,[],s1a-iw-owi-cm-20190504t000332-20190504t000512-000003-030CB5_ll_gd_GEO-IRWIN.nc,[]
996,ep182020,1,13-10-01-T13:38:39.000,['2020-10-01T13:11:16.000'],rs2-scwa-owi-cm-20201001t133839-20201001t133955-00003-______ll_gd_GEO-IRWIN.nc,['TCPRIMED_v01r01-final_EP182020_SSMIS_F18_056499_20201001131116.nc']
997,ep182020,1,02-10-03-T02:26:00.000,['2020-10-03T02:44:23.000'],s1a-ew-owi-cm-20201003t022600-20201003t022817-000003-04082E_ll_gd_GEO-IRWIN.nc,['TCPRIMED_v01r01-final_EP182020_SSMIS_F17_071796_20201003024423.nc']
998,ep182020,0,14-10-03-T14:19:13.000,[],rs2-scwa-owi-cm-20201003t141913-20201003t142136-00003-______ll_gd_GEO-IRWIN.nc,[]
999,ep182020,0,02-10-02-T02:22:54.000,[],rs2-scwa-owi-cm-20201002t022254-20201002t022409-00003-______ll_gd_GEO-IRWIN.nc,[]
1000,ep182020,1,13-10-02-T13:56:45.000,['2020-10-02T14:11:28.000'],s1a-ew-owi-cm-20201002t135645-20201002t135907-000003-0407EE_ll_gd_GEO-IRWIN.nc,['TCPRIMED_v01r01-final_EP182020_MHS_NOAA19_060051_20201002141128.nc']
1001,ep182020,0,14-10-04-T14:28:03.000,[],s1b-ew-owi-cm-20201004t142803-20201004t143007-000003-02CF68_ll_gd_GEO-IRWIN.nc,[]
1002,sh062019,0,13-12-22-T13:22:15.000,[],s1a-ew-owi-cm-20181222t132215-20181222t132419-000003-02C6B3_ll_gd_GEO-IRWIN.nc,[]
1003,sh062019,0,00-12-22-T00:22:36.000,[],s1b-ew-owi-cm-20181222t002236-20181222t002440-000003-01A498_ll_gd_GEO-IRWIN.nc,[]
1004,sh182024,0,11-03-21-T11:27:05.000,[],rcm3-sclnb-owi-cm-20240321t112705-20240321t112823-00003-______ll_gd_GEO-IRWIN.nc,[]
1005,sh182024,0,22-03-21-T22:36:36.000,[],rcm2-sclnd-owi-cm-20240321t223636-20240321t223752-00003-______ll_gd_GEO-IRWIN.nc,[]
1006,ep022022,0,13-06-18-T13:08:03.000,[],rs2-scwa-owi-cm-20220618t130803-20220618t130918-00003-______ll_gd_GEO-IRWIN.nc,[]
1007,wp182024,0,08-09-25-T08:58:25.000,[],rcm1-sc50ma-owi-cm-20240925t085825-20240925t085941-00003-______ll_gd_GEO-IRWIN.nc,[]
1008,sh252024,0,13-05-19-T13:31:38.000,[],rcm2-sclnd-owi-cm-20240519t133138-20240519t133255-00003-______ll_gd_GEO-IRWIN.nc,[]
1009,sh252024,0,00-05-20-T00:32:57.000,[],rcm1-sclnd-owi-cm-20240520t003257-20240520t003414-00003-______ll_gd_GEO-IRWIN.nc,[]
1010,ep202023,1,02-11-26-T02:29:00.000,['2023-11-26T02:27:47.000'],rcm3-sclnd-owi-cm-20231126t022900-20231126t023017-00003-______ll_gd_GEO-IRWIN.nc,['TCPRIMED_v01r01-final_EP202023_SSMIS_F17_088035_20231126022747.nc']
1011,sh162019,2,17-03-01-T17:17:08.000,"['2019-03-01T17:05:16.000', '2019-03-01T16:51:22.000']",s1a-ew-owi-cm-20190301t171708-20190301t171812-000003-02EAF7_ll_gd_GEO-IRWIN.nc,"['TCPRIMED_v01r01-final_SH162019_SSMIS_F18_048309_20190301170516.nc', 'TCPRIMED_v01r01-final_SH162019_MHS_NOAA19_051851_20190301165122.nc']"
1012,sh162019,0,06-03-01-T06:20:53.000,[],s1a-ew-owi-cm-20190301t062053-20190301t062258-000003-02EAC0_ll_gd_GEO-IRWIN.nc,[]
1013,wp252024,0,21-11-14-T21:08:00.000,[],rcm1-sc50ma-owi-cm-20241114t210800-20241114t210915-00003-______ll_gd_GEO-IRWIN.nc,[]
1014,wp252024,0,09-11-14-T09:10:20.000,[],rcm1-sclnc-owi-cm-20241114t091020-20241114t091103-00003-______ll_gd_GEO-IRWIN.nc,[]
1015,wp252024,0,22-11-17-T22:02:14.000,[],s1a-ew-owi-cm-20241117t220214-20241117t220318-000003-06F11C_ll_gd_GEO-IRWIN.nc,[]
1016,wp252024,0,09-11-16-T09:58:54.000,[],rcm3-sc50mc-owi-cm-20241116t095854-20241116t100010-00003-______ll_gd_GEO-IRWIN.nc,[]
1017,wp252024,0,22-11-18-T22:11:00.000,[],rcm3-sc50mc-owi-cm-20241118t221100-20241118t221155-00003-______ll_gd_GEO-IRWIN.nc,[]
1018,wp252024,0,10-11-17-T10:07:42.000,[],rcm3-sc50mb-owi-cm-20241117t100742-20241117t100841-00003-______ll_gd_GEO-IRWIN.nc,[]
1019,wp252024,0,21-11-15-T21:15:56.000,[],rcm1-sc50mb-owi-cm-20241115t211556-20241115t211713-00003-______ll_gd_GEO-IRWIN.nc,[]
1020,wp252024,0,22-11-17-T22:03:07.000,[],rcm3-sc50ma-owi-cm-20241117t220307-20241117t220413-00003-______ll_gd_GEO-IRWIN.nc,[]
1021,wp252024,0,08-11-11-T08:14:55.000,[],rcm2-sclnd-owi-cm-20241111t081455-20241111t081611-00003-______ll_gd_GEO-IRWIN.nc,[]
1022,wp252024,0,19-11-10-T19:30:40.000,[],rcm3-sclnd-owi-cm-20241110t193040-20241110t193155-00003-______ll_gd_GEO-IRWIN.nc,[]
1023,wp252024,0,08-11-13-T08:44:04.000,[],s1a-ew-owi-cm-20241113t084404-20241113t084507-000003-06EE6F_ll_gd_GEO-IRWIN.nc,[]
1024,wp252024,0,10-11-18-T10:16:35.000,[],rcm3-sc50ma-owi-cm-20241118t101635-20241118t101752-00003-______ll_gd_GEO-IRWIN.nc,[]
1025,wp252024,0,08-11-12-T08:22:28.000,[],rcm2-sclnd-owi-cm-20241112t082228-20241112t082344-00003-______ll_gd_GEO-IRWIN.nc,[]
1026,sh192021,1,23-02-08-T23:59:39.000,['2021-02-09T00:27:36.000'],rs2-scwa-owi-cm-20210208t235939-20210209t000055-00003-______ll_gd_GEO-IRWIN.nc,['TCPRIMED_v01r01-final_SH192021_MHS_NOAA19_061878_20210209002736.nc']
1027,sh192021,2,12-02-08-T12:56:30.000,"['2021-02-08T13:16:13.000', '2021-02-08T12:52:15.000']",rs2-scwa-owi-cm-20210208t125630-20210208t125746-00003-______ll_gd_GEO-IRWIN.nc,"['TCPRIMED_v01r01-final_SH192021_MHS_NOAA19_061872_20210208131613.nc', 'TCPRIMED_v01r01-final_SH192021_SSMIS_F17_073611_20210208125215.nc']"
1028,sh252021,1,14-03-07-T14:44:20.000,['2021-03-07T14:40:00.000'],s1a-ew-owi-cm-20210307t144420-20210307t144624-000003-0456E5_ll_gd_GEO-IRWIN.nc,['TCPRIMED_v01r01-final_SH252021_MHS_NOAA19_062254_20210307144000.nc']
1029,wp022022,0,09-04-14-T09:02:00.000,[],rs2-scwa-owi-cm-20220414t090200-20220414t090423-00003-______ll_gd_GEO-IRWIN.nc,[]
1030,wp022022,0,08-04-15-T08:34:10.000,[],rs2-scwa-owi-cm-20220415t083410-20220415t083634-00003-______ll_gd_GEO-IRWIN.nc,[]
1031,al052023,0,20-07-22-T20:58:44.000,[],rcm3-sc50ma-owi-cm-20230722t205844-20230722t205943-00003-______ll_gd_GEO-IRWIN.nc,[]
1032,al052023,0,09-07-24-T09:18:55.000,[],rcm2-sc50mb-owi-cm-20230724t091855-20230724t091954-00003-______ll_gd_GEO-IRWIN.nc,[]
1033,al052023,0,08-07-24-T08:46:56.000,[],rcm3-sclnd-owi-cm-20230724t084656-20230724t084815-00003-______ll_gd_GEO-IRWIN.nc,[]
1034,al052023,0,20-07-19-T20:31:57.000,[],rcm3-sclna-owi-cm-20230719t203157-20230719t203311-00003-______ll_gd_GEO-IRWIN.nc,[]
1035,al052023,0,08-07-20-T08:50:26.000,[],rcm2-sc50mc-owi-cm-20230720t085026-20230720t085045-00003-______ll_gd_GEO-IRWIN.nc,[]
1036,al052023,0,20-07-20-T20:41:13.000,[],rcm3-sc50ma-owi-cm-20230720t204113-20230720t204135-00003-______ll_gd_GEO-IRWIN.nc,[]
1037,al052023,0,20-07-20-T20:40:16.000,[],rcm3-sclna-owi-cm-20230720t204016-20230720t204111-00003-______ll_gd_GEO-IRWIN.nc,[]
1038,al052023,0,09-07-23-T09:12:14.000,[],rcm2-sc50md-owi-cm-20230723t091214-20230723t091243-00003-______ll_gd_GEO-IRWIN.nc,[]
1039,al052023,0,21-07-23-T21:07:13.000,[],rcm3-sc50mb-owi-cm-20230723t210713-20230723t210813-00003-______ll_gd_GEO-IRWIN.nc,[]
1040,al052023,0,08-07-19-T08:41:57.000,[],rcm2-sclna-owi-cm-20230719t084157-20230719t084315-00003-______ll_gd_GEO-IRWIN.nc,[]
1041,ep072022,0,00-07-27-T00:59:18.000,[],rcm1-sc50ma-owi-cm-20220727t005918-20220727t010014-00003-______ll_gd_GEO-IRWIN.nc,[]
1042,ep072022,0,13-07-31-T13:53:19.000,[],rs2-scwa-owi-cm-20220731t135319-20220731t135632-00003-______ll_gd_GEO-IRWIN.nc,[]
1043,ep072022,0,01-07-30-T01:56:50.000,[],rs2-scwa-owi-cm-20220730t015650-20220730t015805-00003-______ll_gd_GEO-IRWIN.nc,[]
1044,al162022,1,21-10-31-T21:58:42.000,['2022-10-31T22:10:47.000'],rcm1-sc50ma-owi-cm-20221031t215842-20221031t220134-00003-______ll_gd_GEO-IRWIN.nc,['TCPRIMED_v01r01-final_AL162022_SSMIS_F17_082520_20221031221047.nc']
1045,al162022,0,08-11-03-T08:53:46.000,[],rcm3-sc50ma-owi-cm-20221103t085346-20221103t085706-00003-______ll_gd_GEO-IRWIN.nc,[]
1046,al162022,0,08-11-03-T08:55:40.000,[],rcm3-sc50ma-owi-cm-20221103t085540-20221103t085639-00003-______ll_gd_GEO-IRWIN.nc,[]
1047,sh192024,0,20-03-17-T20:27:09.000,[],rcm2-sclnb-owi-cm-20240317t202709-20240317t202825-00003-______ll_gd_GEO-IRWIN.nc,[]
1048,sh192024,0,09-03-17-T09:19:01.000,[],rcm3-sclnb-owi-cm-20240317t091901-20240317t092017-00003-______ll_gd_GEO-IRWIN.nc,[]
1049,sh192024,0,20-03-18-T20:35:14.000,[],rcm2-sclna-owi-cm-20240318t203514-20240318t203628-00003-______ll_gd_GEO-IRWIN.nc,[]
1050,sh192024,0,20-03-17-T20:24:18.000,[],s1a-iw-owi-cm-20240317t202418-20240317t202558-000003-066BA4_ll_gd_GEO-IRWIN.nc,[]
1051,sh192024,0,09-03-18-T09:26:49.000,[],rcm3-sclnd-owi-cm-20240318t092649-20240318t092805-00003-______ll_gd_GEO-IRWIN.nc,[]
1052,wp122022,1,21-09-04-T21:51:28.000,['2022-09-04T22:02:20.000'],rcm3-sc50ma-owi-cm-20220904t215128-20220904t215227-00003-______ll_gd_GEO-IRWIN.nc,['TCPRIMED_v01r01-final_WP122022_SSMIS_F17_081714_20220904220220.nc']
1053,wp122022,1,09-09-04-T09:32:55.000,['2022-09-04T09:34:54.000'],rs2-scwa-owi-cm-20220904t093255-20220904t093518-00003-______ll_gd_GEO-IRWIN.nc,['TCPRIMED_v01r01-final_WP122022_SSMIS_F17_081707_20220904093454.nc']
1054,wp122022,0,21-09-02-T21:35:53.000,[],s1a-ew-owi-cm-20220902t213553-20220902t213720-000003-055AAC_ll_gd_GEO-IRWIN.nc,[]
1055,wp122022,0,21-09-01-T21:29:29.000,[],rcm3-sc50ma-owi-cm-20220901t212929-20220901t213005-00003-______ll_gd_GEO-IRWIN.nc,[]
1056,wp122022,2,21-09-05-T21:24:00.000,"['2022-09-05T20:55:46.000', '2022-09-05T21:46:49.000']",rs2-scwa-owi-cm-20220905t212400-20220905t212516-00003-______ll_gd_GEO-IRWIN.nc,"['TCPRIMED_v01r01-final_WP122022_SSMIS_F16_097438_20220905205546.nc', 'TCPRIMED_v01r01-final_WP122022_SSMIS_F17_081728_20220905214649.nc']"
1057,wp122022,1,21-08-30-T21:10:26.000,['2022-08-30T21:29:27.000'],s1a-ew-owi-cm-20220830t211026-20220830t211206-000003-055937_ll_gd_GEO-IRWIN.nc,['TCPRIMED_v01r01-final_WP122022_SSMIS_F17_081643_20220830212927.nc']
1058,wp122022,1,09-09-04-T09:30:53.000,['2022-09-04T09:34:54.000'],rcm1-sc50mb-owi-cm-20220904t093053-20220904t093152-00003-______ll_gd_GEO-IRWIN.nc,['TCPRIMED_v01r01-final_WP122022_SSMIS_F17_081707_20220904093454.nc']
1059,wp192024,0,20-09-28-T20:41:09.000,[],rcm2-sclna-owi-cm-20240928t204109-20240928t204223-00003-______ll_gd_GEO-IRWIN.nc,[]
1060,wp192024,0,08-09-30-T08:34:43.000,[],rcm3-sclna-owi-cm-20240930t083443-20240930t083558-00003-______ll_gd_GEO-IRWIN.nc,[]
1061,wp192024,0,20-09-30-T20:22:58.000,[],rcm3-sclnd-owi-cm-20240930t202258-20240930t202411-00003-______ll_gd_GEO-IRWIN.nc,[]
1062,wp192024,0,20-09-29-T20:48:17.000,[],rcm2-sclna-owi-cm-20240929t204817-20240929t204932-00003-______ll_gd_GEO-IRWIN.nc,[]
1063,wp192024,0,07-10-02-T07:19:46.000,[],rcm3-sc50mb-owi-cm-20241002t071946-20241002t072008-00003-______ll_gd_GEO-IRWIN.nc,[]
1064,wp192024,0,08-09-29-T08:57:16.000,[],rcm2-sclnd-owi-cm-20240929t085716-20240929t085832-00003-______ll_gd_GEO-IRWIN.nc,[]
1065,sh132020,1,02-02-14-T02:10:47.000,['2020-02-14T02:14:56.000'],s1a-iw-owi-cm-20200214t021047-20200214t021202-000003-0397D1_ll_gd_GEO-IRWIN.nc,['TCPRIMED_v01r01-final_SH132020_MHS_NOAA19_056783_20200214021456.nc']
1066,al162020,1,23-09-02-T23:58:12.000,['2020-09-03T00:00:32.000'],s1a-iw-owi-cm-20200902t235812-20200902t235927-000003-03F8BD_ll_gd_GEO-IRWIN.nc,['TCPRIMED_v01r01-final_AL162020_GMI_GPM_037014_20200903000032.nc']
1067,ep152022,0,01-09-22-T01:07:56.000,[],rcm3-sc50ma-owi-cm-20220922t010756-20220922t011044-00003-______ll_gd_GEO-IRWIN.nc,[]
1068,wp262024,0,21-11-10-T21:39:18.000,[],rcm2-sc50mb-owi-cm-20241110t213918-20241110t214035-00003-______ll_gd_GEO-IRWIN.nc,[]
1069,wp262024,0,21-11-11-T21:46:56.000,[],rcm2-sc50mc-owi-cm-20241111t214656-20241111t214811-00003-______ll_gd_GEO-IRWIN.nc,[]
1070,wp262024,0,09-11-10-T09:43:19.000,[],rcm2-sc50ma-owi-cm-20241110t094319-20241110t094436-00003-______ll_gd_GEO-IRWIN.nc,[]
1071,wp262024,0,10-11-13-T10:25:31.000,[],s1a-iw-owi-cm-20241113t102531-20241113t102625-000003-06EE7A_ll_gd_GEO-IRWIN.nc,[]
1072,ep092023,0,01-08-20-T01:42:44.000,[],rcm1-sclnb-owi-cm-20230820t014244-20230820t014402-00003-______ll_gd_GEO-IRWIN.nc,[]
1073,ep092023,0,01-08-19-T01:33:18.000,[],rcm1-sc50ma-owi-cm-20230819t013318-20230819t013436-00003-______ll_gd_GEO-IRWIN.nc,[]
1074,ep092023,0,13-08-19-T13:26:48.000,[],rcm1-sc50mb-owi-cm-20230819t132648-20230819t132805-00003-______ll_gd_GEO-IRWIN.nc,[]
1075,ep092023,0,01-08-19-T01:37:53.000,[],s1a-ew-owi-cm-20230819t013753-20230819t013856-000003-0601D3_ll_gd_GEO-IRWIN.nc,[]
1076,ep092023,0,13-08-20-T13:33:14.000,[],rcm1-sclnd-owi-cm-20230820t133314-20230820t133432-00003-______ll_gd_GEO-IRWIN.nc,[]
1077,ep092023,0,13-08-18-T13:19:56.000,[],rcm1-sc50ma-owi-cm-20230818t131956-20230818t132111-00003-______ll_gd_GEO-IRWIN.nc,[]
1078,al132023,1,09-09-08-T09:25:21.000,['2023-09-08T09:31:32.000'],s1a-ew-owi-cm-20230908t092521-20230908t092624-000003-060BF1_ll_gd_GEO-IRWIN.nc,['TCPRIMED_v01r01-final_AL132023_SSMIS_F16_102631_20230908093132.nc']
1079,al132023,0,22-09-12-T22:29:41.000,[],rcm1-sclnb-owi-cm-20230912t222941-20230912t223057-00003-______ll_gd_GEO-IRWIN.nc,[]
1080,al132023,0,09-09-10-T09:57:38.000,[],rcm1-sclnb-owi-cm-20230910t095738-20230910t095854-00003-______ll_gd_GEO-IRWIN.nc,[]
1081,al132023,1,22-09-11-T22:21:24.000,['2023-09-11T22:02:50.000'],rcm1-sclnb-owi-cm-20230911t222124-20230911t222239-00003-______ll_gd_GEO-IRWIN.nc,['TCPRIMED_v01r01-final_AL132023_GMI_GPM_054189_20230911220250.nc']
1082,al132023,1,10-09-13-T10:20:40.000,['2023-09-13T10:04:32.000'],rcm1-sc50mc-owi-cm-20230913t102040-20230913t102157-00003-______ll_gd_GEO-IRWIN.nc,['TCPRIMED_v01r01-final_AL132023_SSMIS_F16_102702_20230913100432.nc']
1083,al132023,2,10-09-11-T10:05:16.000,"['2023-09-11T10:31:39.000', '2023-09-11T10:23:25.000']",rcm1-sclnc-owi-cm-20230911t100516-20230911t100633-00003-______ll_gd_GEO-IRWIN.nc,"['TCPRIMED_v01r01-final_AL132023_SSMIS_F16_102674_20230911103139.nc', 'TCPRIMED_v01r01-final_AL132023_SSMIS_F17_086965_20230911102325.nc']"
1084,al132023,2,22-09-09-T22:04:34.000,"['2023-09-09T22:16:34.000', '2023-09-09T22:05:54.000']",rcm1-sclnb-owi-cm-20230909t220434-20230909t220551-00003-______ll_gd_GEO-IRWIN.nc,"['TCPRIMED_v01r01-final_AL132023_GMI_GPM_054158_20230909221634.nc', 'TCPRIMED_v01r01-final_AL132023_SSMIS_F17_086944_20230909220554.nc']"
1085,al132023,2,22-09-10-T22:12:57.000,"['2023-09-10T22:00:27.000', '2023-09-10T21:52:35.000']",rcm1-sclnb-owi-cm-20230910t221257-20230910t221412-00003-______ll_gd_GEO-IRWIN.nc,"['TCPRIMED_v01r01-final_AL132023_SSMIS_F16_102667_20230910220027.nc', 'TCPRIMED_v01r01-final_AL132023_SSMIS_F17_086958_20230910215235.nc']"
1086,al132023,1,21-09-08-T21:55:11.000,['2023-09-08T22:18:43.000'],s1a-iw-owi-cm-20230908t215511-20230908t215716-000003-060C3F_ll_gd_GEO-IRWIN.nc,['TCPRIMED_v01r01-final_AL132023_SSMIS_F17_086930_20230908221843.nc']
1087,al132023,1,22-09-13-T22:38:23.000,['2023-09-13T22:54:19.000'],rcm1-sc50mc-owi-cm-20230913t223823-20230913t223941-00003-______ll_gd_GEO-IRWIN.nc,['TCPRIMED_v01r01-final_AL132023_SSMIS_F17_087001_20230913225419.nc']
1088,al132023,3,10-09-16-T10:41:19.000,"['2023-09-16T11:03:51.000', '2023-09-16T10:50:53.000', '2023-09-16T11:01:10.000']",rcm1-sc50ma-owi-cm-20230916t104119-20230916t104139-00003-______ll_gd_GEO-IRWIN.nc,"['TCPRIMED_v01r01-final_AL132023_GMI_GPM_054260_20230916110351.nc', 'TCPRIMED_v01r01-final_AL132023_SSMIS_F17_087036_20230916105053.nc', 'TCPRIMED_v01r01-final_AL132023_SSMIS_F16_102745_20230916110110.nc']"
1089,al132023,1,10-09-17-T10:15:37.000,['2023-09-17T10:35:53.000'],rcm2-sc50ma-owi-cm-20230917t101537-20230917t101607-00003-______ll_gd_GEO-IRWIN.nc,['TCPRIMED_v01r01-final_AL132023_SSMIS_F17_087050_20230917103553.nc']
1090,al132023,1,22-09-16-T22:03:16.000,['2023-09-16T22:17:55.000'],rcm3-sc50ma-owi-cm-20230916t220316-20230916t220344-00003-______ll_gd_GEO-IRWIN.nc,['TCPRIMED_v01r01-final_AL132023_SSMIS_F17_087043_20230916221755.nc']
1091,al132023,0,09-09-07-T09:03:10.000,[],rcm2-sclnd-owi-cm-20230907t090310-20230907t090426-00003-______ll_gd_GEO-IRWIN.nc,[]
1092,al132023,1,22-09-11-T22:21:05.000,['2023-09-11T22:02:50.000'],s1a-iw-owi-cm-20230911t222105-20230911t222154-000003-060DC0_ll_gd_GEO-IRWIN.nc,['TCPRIMED_v01r01-final_AL132023_GMI_GPM_054189_20230911220250.nc']
1093,al132023,0,10-09-14-T10:27:49.000,[],rcm1-sc50mc-owi-cm-20230914t102749-20230914t102906-00003-______ll_gd_GEO-IRWIN.nc,[]
1094,al132023,0,09-09-09-T09:49:56.000,[],rcm1-sclna-owi-cm-20230909t094956-20230909t095112-00003-______ll_gd_GEO-IRWIN.nc,[]
1095,al132023,1,10-09-12-T10:13:05.000,['2023-09-12T10:18:25.000'],rcm1-sclnc-owi-cm-20230912t101305-20230912t101421-00003-______ll_gd_GEO-IRWIN.nc,['TCPRIMED_v01r01-final_AL132023_SSMIS_F16_102688_20230912101825.nc']
1096,al132023,0,21-09-07-T21:47:12.000,[],rcm1-sclnd-owi-cm-20230907t214712-20230907t214830-00003-______ll_gd_GEO-IRWIN.nc,[]
1097,al132023,1,22-09-15-T22:26:13.000,['2023-09-15T22:29:59.000'],rcm2-sc50md-owi-cm-20230915t222613-20230915t222657-00003-______ll_gd_GEO-IRWIN.nc,['TCPRIMED_v01r01-final_AL132023_SSMIS_F17_087029_20230915222959.nc']
1098,al132023,1,21-09-08-T21:55:53.000,['2023-09-08T22:18:43.000'],rcm1-sclnc-owi-cm-20230908t215553-20230908t215709-00003-______ll_gd_GEO-IRWIN.nc,['TCPRIMED_v01r01-final_AL132023_SSMIS_F17_086930_20230908221843.nc']
1099,wp162021,0,09-08-21-T09:33:01.000,[],rcm2-sc50ma-owi-cm-20210821t093301-20210821t093805-00003-______ll_gd_GEO-IRWIN.nc,[]
1100,wp162021,0,21-08-21-T21:24:22.000,[],rcm2-sc50mc-owi-cm-20210821t212422-20210821t213358-00003-______ll_gd_GEO-IRWIN.nc,[]
1101,wp162021,0,21-08-20-T21:15:51.000,[],rcm2-sc50mc-owi-cm-20210820t211551-20210820t212559-00003-______ll_gd_GEO-IRWIN.nc,[]
1102,wp222021,2,10-10-09-T10:48:35.000,"['2021-10-09T10:59:51.000', '2021-10-09T11:01:47.000']",s1b-iw-owi-cm-20211009t104835-20211009t104954-000003-0377A7_ll_gd_GEO-IRWIN.nc,"['TCPRIMED_v01r01-final_WP222021_SSMIS_F17_077044_20211009105951.nc', 'TCPRIMED_v01r01-final_WP222021_MHS_NOAA19_065301_20211009110147.nc']"
1103,sh182023,0,10-04-10-T10:07:37.000,[],rcm3-sclna-owi-cm-20230410t100737-20230410t100853-00003-______ll_gd_GEO-IRWIN.nc,[]
1104,sh182023,1,10-04-11-T10:15:05.000,['2023-04-11T10:36:31.000'],rcm3-sclna-owi-cm-20230411t101505-20230411t101649-00003-______ll_gd_GEO-IRWIN.nc,['TCPRIMED_v01r01-final_SH182023_SSMIS_F17_084803_20230411103631.nc']
1105,sh182023,0,21-04-13-T21:39:26.000,[],s1a-ew-owi-cm-20230413t213926-20230413t214036-000003-05C7B9_ll_gd_GEO-IRWIN.nc,[]
1106,sh182023,1,10-04-13-T10:30:16.000,['2023-04-13T10:07:49.000'],rcm3-sclnb-owi-cm-20230413t103016-20230413t103133-00003-______ll_gd_GEO-IRWIN.nc,['TCPRIMED_v01r01-final_SH182023_SSMIS_F17_084831_20230413100749.nc']
1107,sh182023,0,21-04-12-T21:32:17.000,[],rcm2-sclnb-owi-cm-20230412t213217-20230412t213332-00003-______ll_gd_GEO-IRWIN.nc,[]
1108,sh182023,0,21-04-13-T21:40:14.000,[],rcm2-sclna-owi-cm-20230413t214014-20230413t214154-00003-______ll_gd_GEO-IRWIN.nc,[]
1109,sh052020,0,14-12-31-T14:44:16.000,[],s1a-ew-owi-cm-20191231t144416-20191231t144620-000003-03813D_ll_gd_GEO-IRWIN.nc,[]
1110,wp152019,1,21-09-05-T21:41:31.000,['2019-09-05T21:22:37.000'],s1b-iw-owi-cm-20190905t214131-20190905t214336-000003-021B40_ll_gd_GEO-IRWIN.nc,['TCPRIMED_v01r01-final_WP152019_SSMIS_F18_050967_20190905212237.nc']
1111,wp152019,1,09-09-06-T09:43:12.000,['2019-09-06T09:33:08.000'],rs2-scwa-owi-cm-20190906t094312-20190906t094536-00003-______ll_gd_GEO-IRWIN.nc,['TCPRIMED_v01r01-final_WP152019_SSMIS_F17_066246_20190906093308.nc']
1112,wp152019,1,09-09-05-T09:35:31.000,['2019-09-05T09:44:56.000'],s1b-iw-owi-cm-20190905t093531-20190905t093735-000003-021B00_ll_gd_GEO-IRWIN.nc,['TCPRIMED_v01r01-final_WP152019_SSMIS_F17_066232_20190905094456.nc']
1113,al012020,0,23-05-16-T23:20:06.000,[],s1a-iw-owi-cm-20200516t232006-20200516t232121-000003-03C684_ll_gd_GEO-IRWIN.nc,[]
1114,wp222020,0,21-10-30-T21:16:04.000,[],rs2-scwa-owi-cm-20201030t211604-20201030t211719-00003-______ll_gd_GEO-IRWIN.nc,[]
1115,wp222020,0,21-10-31-T21:28:58.000,[],s1b-iw-owi-cm-20201031t212858-20201031t213128-000003-02DBDB_ll_gd_GEO-IRWIN.nc,[]
1116,wp222020,1,09-10-30-T09:25:40.000,['2020-10-30T09:38:56.000'],s1a-ew-owi-cm-20201030t092540-20201030t092711-000003-0415F8_ll_gd_GEO-IRWIN.nc,['TCPRIMED_v01r01-final_WP222020_MHS_NOAA19_060444_20201030093856.nc']
1117,wp222020,1,22-11-02-T22:02:36.000,['2020-11-02T21:40:22.000'],s1a-ew-owi-cm-20201102t220236-20201102t220406-000003-0417BC_ll_gd_GEO-IRWIN.nc,['TCPRIMED_v01r01-final_WP222020_SSMIS_F18_056956_20201102214022.nc']
1118,wp222020,1,20-10-29-T20:56:31.000,['2020-10-29T21:21:32.000'],s1a-ew-owi-cm-20201029t205631-20201029t205758-000003-0415BC_ll_gd_GEO-IRWIN.nc,['TCPRIMED_v01r01-final_WP222020_SSMIS_F17_072174_20201029212132.nc']
1119,wp222020,0,09-11-01-T09:57:17.000,[],s1b-iw-owi-cm-20201101t095717-20201101t095857-000003-02DC13_ll_gd_GEO-IRWIN.nc,[]
1120,wp222020,1,10-11-03-T10:31:18.000,['2020-11-03T10:33:04.000'],s1a-ew-owi-cm-20201103t103118-20201103t103249-000003-041800_ll_gd_GEO-IRWIN.nc,['TCPRIMED_v01r01-final_WP222020_MHS_NOAA19_060501_20201103103304.nc']
1121,ep022023,0,12-07-01-T12:47:21.000,[],rcm2-sclnd-owi-cm-20230701t124721-20230701t124816-00003-______ll_gd_GEO-IRWIN.nc,[]
1122,ep022023,0,00-07-01-T00:53:33.000,[],rcm2-sclna-owi-cm-20230701t005333-20230701t005401-00003-______ll_gd_GEO-IRWIN.nc,[]
1123,ep022023,0,13-07-01-T13:06:57.000,[],s1a-ew-owi-cm-20230701t130657-20230701t130800-000003-05EB71_ll_gd_GEO-IRWIN.nc,[]
1124,ep022023,0,12-06-30-T12:40:25.000,[],rcm2-sc50ma-owi-cm-20230630t124025-20230630t124115-00003-______ll_gd_GEO-IRWIN.nc,[]
1125,sh112023,0,02-02-22-T02:38:18.000,[],rcm1-sc50ma-owi-cm-20230222t023818-20230222t023923-00003-______ll_gd_GEO-IRWIN.nc,[]
1126,sh112023,0,23-02-12-T23:15:40.000,[],rcm2-sclna-owi-cm-20230212t231540-20230212t231720-00003-______ll_gd_GEO-IRWIN.nc,[]
1127,sh112023,1,15-03-09-T15:59:37.000,['2023-03-09T16:24:46.000'],rcm2-sclnd-owi-cm-20230309t155937-20230309t160053-00003-______ll_gd_GEO-IRWIN.nc,['TCPRIMED_v01r01-final_SH112023_SSMIS_F17_084340_20230309162446.nc']
1128,sh112023,0,02-03-12-T02:59:47.000,[],s1a-iw-owi-cm-20230312t025947-20230312t030127-000003-05B796_ll_gd_GEO-IRWIN.nc,[]
1129,sh112023,0,02-02-24-T02:55:00.000,[],rcm1-sclnd-owi-cm-20230224t025500-20230224t025617-00003-______ll_gd_GEO-IRWIN.nc,[]
1130,sh112023,1,22-02-08-T22:11:45.000,['2023-02-08T22:19:46.000'],rcm3-sclna-owi-cm-20230208t221145-20230208t221301-00003-______ll_gd_GEO-IRWIN.nc,['TCPRIMED_v01r01-final_SH112023_SSMIS_F17_083933_20230208221946.nc']
1131,sh112023,0,00-02-17-T00:20:06.000,[],rcm1-sclnc-owi-cm-20230217t002006-20230217t002123-00003-______ll_gd_GEO-IRWIN.nc,[]
1132,sh112023,1,13-02-17-T13:20:08.000,['2023-02-17T13:43:54.000'],rcm2-sclna-owi-cm-20230217t132008-20230217t132123-00003-______ll_gd_GEO-IRWIN.nc,['TCPRIMED_v01r01-final_SH112023_GMI_GPM_050978_20230217134354.nc']
1133,sh112023,1,16-03-10-T16:08:14.000,['2023-03-10T16:11:22.000'],rcm2-sclnd-owi-cm-20230310t160814-20230310t160929-00003-______ll_gd_GEO-IRWIN.nc,['TCPRIMED_v01r01-final_SH112023_SSMIS_F17_084354_20230310161122.nc']
1134,sh112023,0,00-02-17-T00:22:32.000,[],s1a-ew-owi-cm-20230217t002232-20230217t002412-000003-05AC30_ll_gd_GEO-IRWIN.nc,[]
1135,sh112023,1,02-02-23-T02:52:36.000,['2023-02-23T03:16:57.000'],s1a-ew-owi-cm-20230223t025236-20230223t025434-000003-05AF37_ll_gd_GEO-IRWIN.nc,['TCPRIMED_v01r01-final_SH112023_GMI_GPM_051064_20230223031657.nc']
1136,sh112023,0,22-02-11-T22:35:59.000,[],rcm3-sclnd-owi-cm-20230211t223559-20230211t223717-00003-______ll_gd_GEO-IRWIN.nc,[]
1137,sh112023,1,02-02-23-T02:46:49.000,['2023-02-23T02:20:22.000'],rcm1-sclnb-owi-cm-20230223t024649-20230223t024805-00003-______ll_gd_GEO-IRWIN.nc,['TCPRIMED_v01r01-final_SH112023_SSMIS_F16_099843_20230223022022.nc']
1138,sh112023,0,15-03-07-T15:42:58.000,[],rcm2-sclna-owi-cm-20230307t154258-20230307t154414-00003-______ll_gd_GEO-IRWIN.nc,[]
1139,sh112023,1,16-02-23-T16:14:44.000,['2023-02-23T16:11:14.000'],rcm1-sclnd-owi-cm-20230223t161444-20230223t161600-00003-______ll_gd_GEO-IRWIN.nc,['TCPRIMED_v01r01-final_SH112023_SSMIS_F17_084142_20230223161114.nc']
1140,sh112023,0,01-02-19-T01:09:16.000,[],rcm3-sclna-owi-cm-20230219t010916-20230219t010940-00003-______ll_gd_GEO-IRWIN.nc,[]
1141,sh112023,1,03-03-10-T03:09:37.000,['2023-03-10T03:38:00.000'],rcm1-sclna-owi-cm-20230310t030937-20230310t031117-00003-______ll_gd_GEO-IRWIN.nc,['TCPRIMED_v01r01-final_SH112023_SSMIS_F17_084346_20230310033800.nc']
1142,sh112023,0,13-02-16-T13:12:02.000,[],rcm2-sclnd-owi-cm-20230216t131202-20230216t131317-00003-______ll_gd_GEO-IRWIN.nc,[]
1143,sh112023,1,03-03-09-T03:02:15.000,['2023-03-09T02:38:24.000'],rcm1-sclna-owi-cm-20230309t030215-20230309t030329-00003-______ll_gd_GEO-IRWIN.nc,['TCPRIMED_v01r01-final_SH112023_SSMIS_F16_100041_20230309023824.nc']
1144,sh112023,0,02-03-08-T02:54:32.000,[],rcm1-sclna-owi-cm-20230308t025432-20230308t025547-00003-______ll_gd_GEO-IRWIN.nc,[]
1145,sh112023,1,22-02-10-T22:28:10.000,['2023-02-10T22:09:06.000'],rcm3-sclnc-owi-cm-20230210t222810-20230210t222926-00003-______ll_gd_GEO-IRWIN.nc,['TCPRIMED_v01r01-final_SH112023_SSMIS_F16_099671_20230210220906.nc']
1146,sh112023,1,15-03-08-T15:51:13.000,['2023-03-08T15:23:49.000'],rcm2-sclnc-owi-cm-20230308t155113-20230308t155229-00003-______ll_gd_GEO-IRWIN.nc,['TCPRIMED_v01r01-final_SH112023_SSMIS_F16_100035_20230308152349.nc']
1147,sh112023,1,11-02-09-T11:10:56.000,['2023-02-09T10:54:56.000'],rcm1-sclnd-owi-cm-20230209t111056-20230209t111212-00003-______ll_gd_GEO-IRWIN.nc,['TCPRIMED_v01r01-final_SH112023_SSMIS_F17_083941_20230209105456.nc']
1148,sh112023,1,16-03-11-T16:16:23.000,['2023-03-11T15:57:51.000'],rcm2-sclnd-owi-cm-20230311t161623-20230311t161738-00003-______ll_gd_GEO-IRWIN.nc,['TCPRIMED_v01r01-final_SH112023_SSMIS_F17_084368_20230311155751.nc']
1149,sh112023,0,02-03-07-T02:46:55.000,[],rcm1-sclna-owi-cm-20230307t024655-20230307t024811-00003-______ll_gd_GEO-IRWIN.nc,[]
1150,sh112023,1,15-03-08-T15:42:55.000,['2023-03-08T15:23:49.000'],s1a-ew-owi-cm-20230308t154255-20230308t154359-000003-05B5DE_ll_gd_GEO-IRWIN.nc,['TCPRIMED_v01r01-final_SH112023_SSMIS_F16_100035_20230308152349.nc']
1151,sh112023,0,12-02-14-T12:23:57.000,[],rcm3-sclna-owi-cm-20230214t122357-20230214t122511-00003-______ll_gd_GEO-IRWIN.nc,[]
1152,sh112023,0,00-02-16-T00:11:51.000,[],rcm1-sclna-owi-cm-20230216t001151-20230216t001305-00003-______ll_gd_GEO-IRWIN.nc,[]
1153,sh112023,0,11-02-11-T11:27:11.000,[],rcm1-sclna-owi-cm-20230211t112711-20230211t112851-00003-______ll_gd_GEO-IRWIN.nc,[]
1154,sh112023,1,14-02-20-T14:36:26.000,['2023-02-20T14:11:07.000'],s1a-ew-owi-cm-20230220t143626-20230220t143730-000003-05ADF5_ll_gd_GEO-IRWIN.nc,['TCPRIMED_v01r01-final_SH112023_GMI_GPM_051025_20230220141107.nc']
1155,sh112023,0,23-02-14-T23:32:13.000,[],rcm2-sclnd-owi-cm-20230214t233213-20230214t233329-00003-______ll_gd_GEO-IRWIN.nc,[]
1156,sh112023,1,13-02-18-T13:59:42.000,['2023-02-18T13:57:34.000'],rcm1-sclnd-owi-cm-20230218t135942-20230218t140057-00003-______ll_gd_GEO-IRWIN.nc,['TCPRIMED_v01r01-final_SH112023_SSMIS_F17_084070_20230218135734.nc']
1157,sh112023,1,13-02-19-T13:56:57.000,['2023-02-19T13:31:24.000'],s1a-ew-owi-cm-20230219t135657-20230219t135840-000003-05AD74_ll_gd_GEO-IRWIN.nc,['TCPRIMED_v01r01-final_SH112023_GMI_GPM_051009_20230219133124.nc']
1158,sh112023,1,01-02-20-T01:17:38.000,['2023-02-20T01:16:43.000'],rcm3-sc50md-owi-cm-20230220t011738-20230220t011826-00003-______ll_gd_GEO-IRWIN.nc,['TCPRIMED_v01r01-final_SH112023_SSMIS_F16_099800_20230220011643.nc']
1159,sh112023,1,23-02-13-T23:24:05.000,['2023-02-13T23:11:29.000'],rcm2-sclnb-owi-cm-20230213t232405-20230213t232520-00003-______ll_gd_GEO-IRWIN.nc,['TCPRIMED_v01r01-final_SH112023_SSMIS_F16_099714_20230213231129.nc']
1160,sh112023,1,22-02-09-T22:19:55.000,['2023-02-09T22:22:00.000'],rcm3-sclna-owi-cm-20230209t221955-20230209t222110-00003-______ll_gd_GEO-IRWIN.nc,['TCPRIMED_v01r01-final_SH112023_SSMIS_F16_099657_20230209222200.nc']
1161,wp252019,1,22-11-10-T22:35:16.000,['2019-11-10T22:44:40.000'],s1b-iw-owi-cm-20191110t223516-20191110t223700-000003-023975_ll_gd_GEO-IRWIN.nc,['TCPRIMED_v01r01-final_WP252019_MHS_NOAA19_055440_20191110224440.nc']
1162,wp162023,1,10-10-19-T10:48:52.000,['2023-10-19T11:13:11.000'],rcm2-sc50ma-owi-cm-20231019t104852-20231019t105008-00003-______ll_gd_GEO-IRWIN.nc,['TCPRIMED_v01r01-final_WP162023_SSMIS_F17_087503_20231019111311.nc']
1163,wp162023,1,10-10-20-T10:56:56.000,['2023-10-20T10:59:36.000'],rcm2-sc50mc-owi-cm-20231020t105656-20231020t105812-00003-______ll_gd_GEO-IRWIN.nc,['TCPRIMED_v01r01-final_WP162023_SSMIS_F17_087517_20231020105936.nc']
1164,wp162023,1,22-10-19-T22:42:31.000,['2023-10-19T22:29:08.000'],rcm2-sc50mb-owi-cm-20231019t224231-20231019t224349-00003-______ll_gd_GEO-IRWIN.nc,['TCPRIMED_v01r01-final_WP162023_SSMIS_F16_103218_20231019222908.nc']
1165,ep172023,1,13-10-22-T13:13:47.000,['2023-10-22T13:18:35.000'],s1a-iw-owi-cm-20231022t131347-20231022t131505-000003-0621EC_ll_gd_GEO-IRWIN.nc,['TCPRIMED_v01r01-final_EP172023_SSMIS_F16_103255_20231022131835.nc']
1166,ep172023,2,13-10-21-T13:18:44.000,"['2023-10-21T13:32:36.000', '2023-10-21T13:27:51.000']",rcm2-sc50ma-owi-cm-20231021t131844-20231021t132000-00003-______ll_gd_GEO-IRWIN.nc,"['TCPRIMED_v01r01-final_EP172023_SSMIS_F16_103241_20231021133236.nc', 'TCPRIMED_v01r01-final_EP172023_GMI_GPM_054806_20231021132751.nc']"
1167,ep172023,0,13-10-19-T13:04:13.000,[],rcm2-sc50mc-owi-cm-20231019t130413-20231019t130530-00003-______ll_gd_GEO-IRWIN.nc,[]
1168,ep172023,1,13-10-20-T13:11:29.000,['2023-10-20T13:21:01.000'],rcm2-sc50mb-owi-cm-20231020t131129-20231020t131245-00003-______ll_gd_GEO-IRWIN.nc,['TCPRIMED_v01r01-final_EP172023_SSMIS_F17_087518_20231020132101.nc']
1169,ep172023,1,01-10-21-T01:25:44.000,['2023-10-21T01:00:28.000'],rcm2-sc50ma-owi-cm-20231021t012544-20231021t012702-00003-______ll_gd_GEO-IRWIN.nc,['TCPRIMED_v01r01-final_EP172023_SSMIS_F16_103234_20231021010028.nc']
1170,ep172023,1,01-10-20-T01:17:02.000,['2023-10-20T00:47:39.000'],rcm2-sc50ma-owi-cm-20231020t011702-20231020t011819-00003-______ll_gd_GEO-IRWIN.nc,['TCPRIMED_v01r01-final_EP172023_SSMIS_F17_087511_20231020004739.nc']
1171,ep172023,0,01-10-23-T01:11:03.000,[],rcm3-sc50ma-owi-cm-20231023t011103-20231023t011220-00003-______ll_gd_GEO-IRWIN.nc,[]
1172,wp092023,0,09-08-25-T09:52:28.000,[],rcm2-sc50mc-owi-cm-20230825t095228-20230825t095344-00003-______ll_gd_GEO-IRWIN.nc,[]
1173,wp092023,0,10-08-31-T10:09:12.000,[],rcm3-sc50ma-owi-cm-20230831t100912-20230831t100941-00003-______ll_gd_GEO-IRWIN.nc,[]
1174,wp092023,0,10-09-01-T10:33:47.000,[],s1a-iw-owi-cm-20230901t103347-20230901t103506-000003-060890_ll_gd_GEO-IRWIN.nc,[]
1175,wp092023,0,09-08-29-T09:52:26.000,[],rcm3-sc50mb-owi-cm-20230829t095226-20230829t095343-00003-______ll_gd_GEO-IRWIN.nc,[]
1176,wp092023,0,22-08-31-T22:02:06.000,[],rcm3-sclnd-owi-cm-20230831t220206-20230831t220323-00003-______ll_gd_GEO-IRWIN.nc,[]
1177,wp092023,0,10-08-30-T10:00:59.000,[],rcm3-sc50mb-owi-cm-20230830t100059-20230830t100137-00003-______ll_gd_GEO-IRWIN.nc,[]
1178,wp092023,0,09-08-28-T09:44:04.000,[],rcm3-sc50ma-owi-cm-20230828t094404-20230828t094519-00003-______ll_gd_GEO-IRWIN.nc,[]
1179,wp092023,0,21-08-30-T21:54:41.000,[],rcm3-sc50mc-owi-cm-20230830t215441-20230830t215517-00003-______ll_gd_GEO-IRWIN.nc,[]
1180,wp092023,0,21-08-27-T21:31:01.000,[],rcm3-sclnc-owi-cm-20230827t213101-20230827t213216-00003-______ll_gd_GEO-IRWIN.nc,[]
1181,wp092023,0,21-08-25-T21:46:28.000,[],rcm2-sclna-owi-cm-20230825t214628-20230825t214729-00003-______ll_gd_GEO-IRWIN.nc,[]
1182,wp092023,0,21-08-28-T21:37:25.000,[],s1a-ew-owi-cm-20230828t213725-20230828t213829-000003-0606C6_ll_gd_GEO-IRWIN.nc,[]
1183,wp092023,0,09-08-26-T09:59:55.000,[],rcm2-sclnc-owi-cm-20230826t095955-20230826t100111-00003-______ll_gd_GEO-IRWIN.nc,[]
1184,wp092023,0,09-08-26-T09:43:07.000,[],s1a-ew-owi-cm-20230826t094307-20230826t094411-000003-060581_ll_gd_GEO-IRWIN.nc,[]
1185,wp092023,0,10-09-02-T10:25:25.000,[],rcm3-sc50ma-owi-cm-20230902t102525-20230902t102641-00003-______ll_gd_GEO-IRWIN.nc,[]
1186,wp092023,0,10-09-01-T10:17:28.000,[],rcm3-sc50ma-owi-cm-20230901t101728-20230901t101844-00003-______ll_gd_GEO-IRWIN.nc,[]
1187,wp092023,0,22-09-01-T22:10:02.000,[],rcm3-sc50mc-owi-cm-20230901t221002-20230901t221120-00003-______ll_gd_GEO-IRWIN.nc,[]
1188,wp092023,0,21-08-29-T21:46:39.000,[],rcm3-sc50ma-owi-cm-20230829t214639-20230829t214735-00003-______ll_gd_GEO-IRWIN.nc,[]
1189,sh132022,0,01-02-19-T01:36:28.000,[],s1a-ew-owi-cm-20220219t013628-20220219t013902-000003-04FFB8_ll_gd_GEO-IRWIN.nc,[]
1190,sh132022,0,02-02-22-T02:01:30.000,[],s1a-ew-owi-cm-20220222t020130-20220222t020435-000003-050156_ll_gd_GEO-IRWIN.nc,[]
1191,sh132022,2,14-02-20-T14:39:54.000,"['2022-02-20T14:35:12.000', '2022-02-20T14:11:04.000']",rs2-scwa-owi-cm-20220220t143954-20220220t144218-00003-______ll_gd_GEO-IRWIN.nc,"['TCPRIMED_v01r01-final_SH132022_SSMIS_F17_078940_20220220143512.nc', 'TCPRIMED_v01r01-final_SH132022_GMI_GPM_045345_20220220141104.nc']"
1192,sh132022,1,02-02-25-T02:29:58.000,['2022-02-25T02:06:04.000'],s1a-ew-owi-cm-20220225t022958-20220225t023303-000003-0502C7_ll_gd_GEO-IRWIN.nc,['TCPRIMED_v01r01-final_SH132022_SSMIS_F16_094714_20220225020604.nc']
1193,wp272024,0,21-11-12-T21:23:31.000,[],rcm3-sc50ma-owi-cm-20241112t212331-20241112t212447-00003-______ll_gd_GEO-IRWIN.nc,[]
1194,wp272024,0,21-11-13-T21:31:05.000,[],rcm3-sc50mc-owi-cm-20241113t213105-20241113t213223-00003-______ll_gd_GEO-IRWIN.nc,[]
1195,wp272024,0,09-11-13-T09:35:49.000,[],rcm3-sc50ma-owi-cm-20241113t093549-20241113t093706-00003-______ll_gd_GEO-IRWIN.nc,[]
1196,wp272024,0,09-11-12-T09:27:05.000,[],rcm3-sc50mc-owi-cm-20241112t092705-20241112t092822-00003-______ll_gd_GEO-IRWIN.nc,[]
1197,ep062019,0,03-07-31-T03:47:21.000,[],s1a-ew-owi-cm-20190731t034721-20190731t034910-000003-033442_ll_gd_GEO-IRWIN.nc,[]
1198,ep062019,0,04-08-02-T04:20:11.000,[],s1b-ew-owi-cm-20190802t042011-20190802t042203-000003-020B9A_ll_gd_GEO-IRWIN.nc,[]
1199,al182021,0,21-10-03-T21:21:48.000,[],rcm3-sc50mb-owi-cm-20211003t212148-20211003t212248-00003-______ll_gd_GEO-IRWIN.nc,[]
1200,al182021,1,09-09-30-T09:58:23.000,['2021-09-30T10:16:25.000'],rs2-scwa-owi-cm-20210930t095823-20210930t095939-00003-______ll_gd_GEO-IRWIN.nc,['TCPRIMED_v01r01-final_AL182021_SSMIS_F17_076916_20210930101625.nc']
1201,al182021,2,20-10-04-T20:58:37.000,"['2021-10-04T20:38:45.000', '2021-10-04T20:43:13.000']",rcm1-sc50mb-owi-cm-20211004t205837-20211004t205937-00003-______ll_gd_GEO-IRWIN.nc,"['TCPRIMED_v01r01-final_AL182021_MHS_NOAA19_065236_20211004203845.nc', 'TCPRIMED_v01r01-final_AL182021_SSMIS_F17_076979_20211004204313.nc']"
1202,al182021,0,21-09-26-T21:18:22.000,[],rs2-scwa-owi-cm-20210926t211822-20210926t212046-00003-______ll_gd_GEO-IRWIN.nc,[]
1203,al182021,1,21-09-24-T21:03:31.000,['2021-09-24T21:07:44.000'],s1a-ew-owi-cm-20210924t210331-20210924t210556-000003-04B621_ll_gd_GEO-IRWIN.nc,['TCPRIMED_v01r01-final_AL182021_SSMIS_F17_076838_20210924210744.nc']
1204,al182021,1,09-09-26-T09:09:03.000,['2021-09-26T09:30:55.000'],s1b-ew-owi-cm-20210926t090903-20210926t091107-000003-0371EC_ll_gd_GEO-IRWIN.nc,['TCPRIMED_v01r01-final_AL182021_SSMIS_F17_076859_20210926093055.nc']
1205,al182021,0,09-09-28-T09:18:08.000,[],rs2-scwa-owi-cm-20210928t091808-20210928t092031-00003-______ll_gd_GEO-IRWIN.nc,[]
1206,al182021,0,09-10-04-T09:36:24.000,[],rcm2-sc50mb-owi-cm-20211004t093624-20211004t093723-00003-______ll_gd_GEO-IRWIN.nc,[]
1207,al182021,0,21-09-30-T21:56:40.000,[],s1a-iw-owi-cm-20210930t215640-20210930t215735-000003-04B93B_ll_gd_GEO-IRWIN.nc,[]
1208,al182021,0,09-09-25-T09:05:28.000,[],rs2-scwa-owi-cm-20210925t090528-20210925t090752-00003-______ll_gd_GEO-IRWIN.nc,[]
1209,al182021,1,22-09-29-T22:02:02.000,['2021-09-29T21:44:26.000'],s1b-ew-owi-cm-20210929t220202-20210929t220436-000003-037380_ll_gd_GEO-IRWIN.nc,['TCPRIMED_v01r01-final_AL182021_SSMIS_F17_076909_20210929214426.nc']
1210,al182021,0,10-10-01-T10:04:46.000,[],s1a-iw-owi-cm-20211001t100446-20211001t100540-000003-04B97E_ll_gd_GEO-IRWIN.nc,[]
1211,al182021,1,21-09-27-T21:29:00.000,['2021-09-27T21:54:08.000'],s1a-ew-owi-cm-20210927t212900-20210927t213119-000003-04B7A8_ll_gd_GEO-IRWIN.nc,['TCPRIMED_v01r01-final_AL182021_MHS_NOAA19_065138_20210927215408.nc']
1212,al182021,0,09-10-02-T09:53:19.000,[],rcm1-sc50mc-owi-cm-20211002t095319-20211002t095655-00003-______ll_gd_GEO-IRWIN.nc,[]
1213,ep102023,1,14-08-28-T14:08:06.000,['2023-08-28T13:39:47.000'],rcm2-sc50ma-owi-cm-20230828t140806-20230828t140923-00003-______ll_gd_GEO-IRWIN.nc,['TCPRIMED_v01r01-final_EP102023_SSMIS_F16_102478_20230828133947.nc']
1214,sh212022,1,22-03-23-T22:18:49.000,['2022-03-23T21:51:01.000'],rs2-scwa-owi-cm-20220323t221849-20220323t222113-00003-______ll_gd_GEO-IRWIN.nc,['TCPRIMED_v01r01-final_SH212022_SSMIS_F16_095093_20220323215101.nc']
1215,sh212022,1,11-03-23-T11:13:55.000,['2022-03-23T10:58:50.000'],rs2-scwa-owi-cm-20220323t111355-20220323t111619-00003-______ll_gd_GEO-IRWIN.nc,['TCPRIMED_v01r01-final_SH212022_SSMIS_F17_079376_20220323105850.nc']
1216,wp112021,1,08-07-27-T08:28:15.000,['2021-07-27T08:50:32.000'],rcm1-sc50mc-owi-cm-20210727t082815-20210727t082923-00003-______ll_gd_GEO-IRWIN.nc,['TCPRIMED_v01r01-final_WP112021_MHS_NOAA19_064255_20210727085032.nc']
1217,wp112021,1,20-07-28-T20:52:01.000,['2021-07-28T20:28:05.000'],rcm3-sc50mc-owi-cm-20210728t205201-20210728t205729-00003-______ll_gd_GEO-IRWIN.nc,['TCPRIMED_v01r01-final_WP112021_SSMIS_F18_060741_20210728202805.nc']
1218,ep162019,1,12-09-29-T12:42:23.000,['2019-09-29T12:18:18.000'],s1a-iw-owi-cm-20190929t124223-20190929t124315-000003-03524A_ll_gd_GEO-IRWIN.nc,['TCPRIMED_v01r01-final_EP162019_MHS_NOAA19_054841_20190929121818.nc']
1219,wp022023,0,09-05-26-T09:09:03.000,[],s1a-ew-owi-cm-20230526t090903-20230526t091031-000003-05DB7B_ll_gd_GEO-IRWIN.nc,[]
1220,wp022023,0,08-05-21-T08:12:40.000,[],rcm2-sclna-owi-cm-20230521t081240-20230521t081356-00003-______ll_gd_GEO-IRWIN.nc,[]
1221,wp022023,0,21-05-31-T21:29:14.000,[],rcm2-sc50mc-owi-cm-20230531t212914-20230531t213010-00003-______ll_gd_GEO-IRWIN.nc,[]
1222,wp022023,0,09-05-31-T09:37:20.000,[],rcm2-sc50ma-owi-cm-20230531t093720-20230531t093756-00003-______ll_gd_GEO-IRWIN.nc,[]
1223,wp022023,0,09-06-01-T09:45:25.000,[],rcm2-sc50mc-owi-cm-20230601t094525-20230601t094641-00003-______ll_gd_GEO-IRWIN.nc,[]
1224,wp022023,0,20-05-26-T20:51:16.000,[],rcm2-sclnd-owi-cm-20230526t205116-20230526t205205-00003-______ll_gd_GEO-IRWIN.nc,[]
1225,wp022023,0,08-05-26-T08:55:00.000,[],rcm2-sclna-owi-cm-20230526t085500-20230526t085617-00003-______ll_gd_GEO-IRWIN.nc,[]
1226,wp022023,0,20-05-25-T20:42:57.000,[],rcm2-sclna-owi-cm-20230525t204257-20230525t204411-00003-______ll_gd_GEO-IRWIN.nc,[]
1227,wp022023,0,08-05-23-T08:29:56.000,[],rcm2-sclnc-owi-cm-20230523t082956-20230523t083035-00003-______ll_gd_GEO-IRWIN.nc,[]
1228,wp022023,0,08-05-22-T08:21:28.000,[],rcm2-sclnb-owi-cm-20230522t082128-20230522t082226-00003-______ll_gd_GEO-IRWIN.nc,[]
1229,wp022023,0,09-05-29-T09:51:57.000,[],rcm1-sc50mc-owi-cm-20230529t095157-20230529t095312-00003-______ll_gd_GEO-IRWIN.nc,[]
1230,wp022023,0,21-05-31-T21:30:08.000,[],rcm2-sc50mc-owi-cm-20230531t213008-20230531t213029-00003-______ll_gd_GEO-IRWIN.nc,[]
1231,wp022023,0,08-05-25-T08:46:34.000,[],rcm2-sclnc-owi-cm-20230525t084634-20230525t084750-00003-______ll_gd_GEO-IRWIN.nc,[]
1232,wp022023,0,09-05-28-T09:43:34.000,[],rcm1-sclnc-owi-cm-20230528t094334-20230528t094451-00003-______ll_gd_GEO-IRWIN.nc,[]
1233,wp022023,0,20-05-25-T20:40:39.000,[],s1a-ew-owi-cm-20230525t204039-20230525t204207-000003-05DB41_ll_gd_GEO-IRWIN.nc,[]
1234,wp022023,0,09-05-31-T09:36:58.000,[],rcm2-sc50ma-owi-cm-20230531t093658-20230531t093723-00003-______ll_gd_GEO-IRWIN.nc,[]
1235,ep012024,0,12-07-04-T12:55:50.000,[],rcm1-sc50mc-owi-cm-20240704t125550-20240704t125707-00003-______ll_gd_GEO-IRWIN.nc,[]
1236,al272020,1,21-10-24-T21:55:25.000,['2020-10-24T21:53:57.000'],rs2-scwa-owi-cm-20201024t215525-20201024t215748-00003-______ll_gd_GEO-IRWIN.nc,['TCPRIMED_v01r01-final_AL272020_SSMIS_F17_072104_20201024215357.nc']
1237,al272020,1,21-10-24-T21:53:46.000,['2020-10-24T21:53:57.000'],rcm3-sc50mb-owi-cm-20201024t215346-20201024t215530-00003-______ll_gd_GEO-IRWIN.nc,['TCPRIMED_v01r01-final_AL272020_SSMIS_F17_072104_20201024215357.nc']
1238,al272020,2,10-10-24-T10:01:24.000,"['2020-10-24T10:29:38.000', '2020-10-24T09:52:50.000']",rcm2-sc50mc-owi-cm-20201024t100124-20201024t100220-00003-______ll_gd_GEO-IRWIN.nc,"['TCPRIMED_v01r01-final_AL272020_SSMIS_F17_072097_20201024102938.nc', 'TCPRIMED_v01r01-final_AL272020_SSMIS_F18_056822_20201024095250.nc']"
1239,al272020,1,09-10-25-T09:33:03.000,['2020-10-25T09:30:21.000'],rcm3-sc50mb-owi-cm-20201025t093303-20201025t093751-00003-______ll_gd_GEO-IRWIN.nc,['TCPRIMED_v01r01-final_AL272020_MHS_NOAA19_060373_20201025093021.nc']
1240,al202020,0,22-09-19-T22:14:07.000,[],rs2-scwa-owi-cm-20200919t221407-20200919t221523-00003-______ll_gd_GEO-IRWIN.nc,[]
1241,al202020,0,10-09-21-T10:04:32.000,[],rs2-scwa-owi-cm-20200921t100432-20200921t100548-00003-______ll_gd_GEO-IRWIN.nc,[]
1242,al202020,2,22-09-21-T22:14:37.000,"['2020-09-21T22:33:44.000', '2020-09-21T22:29:32.000']",s1a-ew-owi-cm-20200921t221437-20200921t221737-000003-040280_ll_gd_GEO-IRWIN.nc,"['TCPRIMED_v01r01-final_AL202020_MHS_NOAA19_059901_20200921223344.nc', 'TCPRIMED_v01r01-final_AL202020_SSMIS_F17_071638_20200921222932.nc']"
1243,al202020,2,21-09-17-T21:29:05.000,"['2020-09-17T21:37:53.000', '2020-09-17T21:35:33.000']",rs2-scwa-owi-cm-20200917t212905-20200917t213236-00003-______ll_gd_GEO-IRWIN.nc,"['TCPRIMED_v01r01-final_AL202020_SSMIS_F17_071581_20200917213753.nc', 'TCPRIMED_v01r01-final_AL202020_MHS_NOAA19_059844_20200917213533.nc']"
1244,al202020,0,09-09-16-T09:12:17.000,[],rs2-scwa-owi-cm-20200916t091217-20200916t091548-00003-______ll_gd_GEO-IRWIN.nc,[]
1245,al202020,1,10-09-22-T10:16:02.000,['2020-09-22T09:52:56.000'],s1a-ew-owi-cm-20200922t101602-20200922t101906-000003-0402C5_ll_gd_GEO-IRWIN.nc,['TCPRIMED_v01r01-final_AL202020_SSMIS_F18_056370_20200922095256.nc']
1246,sh082022,0,01-01-30-T01:04:58.000,[],s1a-ew-owi-cm-20220130t010458-20220130t010632-000003-04F596_ll_gd_GEO-IRWIN.nc,[]
1247,sh082022,0,14-02-01-T14:36:21.000,[],s1a-ew-owi-cm-20220201t143621-20220201t143926-000003-04F6DD_ll_gd_GEO-IRWIN.nc,[]
1248,sh082022,0,14-01-31-T14:22:21.000,[],rs2-scwa-owi-cm-20220131t142221-20220131t142445-00003-______ll_gd_GEO-IRWIN.nc,[]
1249,sh082022,0,01-02-04-T01:41:21.000,[],rs2-scwa-owi-cm-20220204t014121-20220204t014345-00003-______ll_gd_GEO-IRWIN.nc,[]
1250,sh082022,0,00-01-30-T00:46:32.000,[],rs2-scwa-owi-cm-20220130t004632-20220130t004856-00003-______ll_gd_GEO-IRWIN.nc,[]
1251,sh082022,0,01-02-01-T01:28:01.000,[],rs2-scwa-owi-cm-20220201t012801-20220201t013025-00003-______ll_gd_GEO-IRWIN.nc,[]
1252,sh082022,0,15-02-04-T15:00:30.000,[],s1a-ew-owi-cm-20220204t150030-20220204t150335-000003-04F859_ll_gd_GEO-IRWIN.nc,[]
1253,sh082022,0,13-01-29-T13:40:18.000,[],rs2-scwa-owi-cm-20220129t134018-20220129t134242-00003-______ll_gd_GEO-IRWIN.nc,[]
1254,sh082022,0,01-02-05-T01:53:24.000,[],s1a-ew-owi-cm-20220205t015324-20220205t015629-000003-04F895_ll_gd_GEO-IRWIN.nc,[]
1255,sh152019,1,07-02-16-T07:20:52.000,['2019-02-16T06:52:16.000'],s1a-ew-owi-cm-20190216t072052-20190216t072256-000003-02E3FF_ll_gd_GEO-IRWIN.nc,['TCPRIMED_v01r01-final_SH152019_SSMIS_F18_048120_20190216065216.nc']
1256,sh152019,0,18-02-18-T18:44:46.000,[],s1b-ew-owi-cm-20190218t184446-20190218t184711-000003-01C08C_ll_gd_GEO-IRWIN.nc,[]
1257,sh152019,1,18-02-14-T18:28:52.000,['2019-02-14T18:02:29.000'],s1a-ew-owi-cm-20190214t182852-20190214t183056-000003-02E348_ll_gd_GEO-IRWIN.nc,['TCPRIMED_v01r01-final_SH152019_MHS_NOAA19_051640_20190214180229.nc']
1258,sh252019,0,12-04-27-T12:33:24.000,[],s1a-ew-owi-cm-20190427t123324-20190427t123528-000003-03095B_ll_gd_GEO-IRWIN.nc,[]
1259,sh252019,0,12-04-28-T12:23:21.000,[],s1b-ew-owi-cm-20190428t122321-20190428t122602-000003-01E172_ll_gd_GEO-IRWIN.nc,[]
1260,sh252019,0,23-04-25-T23:40:54.000,[],s1a-ew-owi-cm-20190425t234054-20190425t234228-000003-03087C_ll_gd_GEO-IRWIN.nc,[]
1261,sh252019,1,23-04-26-T23:32:22.000,['2019-04-26T23:54:56.000'],s1b-ew-owi-cm-20190426t233222-20190426t233402-000003-01E0B1_ll_gd_GEO-IRWIN.nc,['TCPRIMED_v01r01-final_SH252019_SSMIS_F18_049104_20190426235456.nc']
1262,al212021,0,20-10-31-T20:48:19.000,[],rcm2-sc50ma-owi-cm-20211031t204819-20211031t204951-00003-______ll_gd_GEO-IRWIN.nc,[]
1263,al212021,2,22-10-27-T22:25:16.000,"['2021-10-27T22:18:55.000', '2021-10-27T22:50:00.000']",rcm1-sc50mc-owi-cm-20211027t222516-20211027t222640-00003-______ll_gd_GEO-IRWIN.nc,"['TCPRIMED_v01r01-final_AL212021_SSMIS_F17_077305_20211027221855.nc', 'TCPRIMED_v01r01-final_AL212021_MHS_NOAA19_065562_20211027225000.nc']"
1264,al212021,2,22-10-27-T22:25:38.000,"['2021-10-27T22:18:55.000', '2021-10-27T22:50:00.000']",s1a-iw-owi-cm-20211027t222538-20211027t222653-000003-04C6E8_ll_gd_GEO-IRWIN.nc,"['TCPRIMED_v01r01-final_AL212021_SSMIS_F17_077305_20211027221855.nc', 'TCPRIMED_v01r01-final_AL212021_MHS_NOAA19_065562_20211027225000.nc']"
1265,al072021,0,12-08-21-T12:25:05.000,[],s1b-iw-owi-cm-20210821t122505-20210821t122624-000003-0361CA_ll_gd_GEO-IRWIN.nc,[]
1266,al072021,0,00-08-21-T00:21:15.000,[],rs2-scwa-owi-cm-20210821t002115-20210821t002339-00003-______ll_gd_GEO-IRWIN.nc,[]
1267,ep022024,0,01-07-26-T01:48:54.000,[],rcm2-sc50mb-owi-cm-20240726t014854-20240726t015012-00003-______ll_gd_GEO-IRWIN.nc,[]
1268,ep022024,0,13-07-26-T13:44:02.000,[],rcm2-sc50mc-owi-cm-20240726t134402-20240726t134520-00003-______ll_gd_GEO-IRWIN.nc,[]
1269,ep022024,0,13-07-25-T13:36:15.000,[],rcm2-sc50ma-owi-cm-20240725t133615-20240725t133730-00003-______ll_gd_GEO-IRWIN.nc,[]
1270,al032023,0,10-06-23-T10:07:39.000,[],rcm2-sc50ma-owi-cm-20230623t100739-20230623t100855-00003-______ll_gd_GEO-IRWIN.nc,[]
1271,al032023,0,22-06-22-T22:10:51.000,[],rcm2-sclnc-owi-cm-20230622t221051-20230622t221140-00003-______ll_gd_GEO-IRWIN.nc,[]
1272,al032023,0,09-06-22-T09:28:00.000,[],rcm3-sclnd-owi-cm-20230622t092800-20230622t092916-00003-______ll_gd_GEO-IRWIN.nc,[]
1273,al032023,0,09-06-21-T09:19:57.000,[],rcm3-sclna-owi-cm-20230621t091957-20230621t092112-00003-______ll_gd_GEO-IRWIN.nc,[]
1274,al092019,0,23-09-14-T23:11:26.000,[],s1a-iw-owi-cm-20190914t231126-20190914t231306-000003-034AF8_ll_gd_GEO-IRWIN.nc,[]
1275,sh082023,0,15-01-25-T15:35:32.000,[],rcm1-sclnb-owi-cm-20230125t153532-20230125t153649-00003-______ll_gd_GEO-IRWIN.nc,[]
1276,sh082023,0,15-01-27-T15:50:43.000,[],rcm1-sclnc-owi-cm-20230127t155043-20230127t155158-00003-______ll_gd_GEO-IRWIN.nc,[]
1277,sh082023,0,15-01-26-T15:43:14.000,[],rcm1-sclnc-owi-cm-20230126t154314-20230126t154431-00003-______ll_gd_GEO-IRWIN.nc,[]
1278,sh082023,0,02-01-25-T02:43:34.000,[],s1a-ew-owi-cm-20230125t024334-20230125t024630-000003-05A0FA_ll_gd_GEO-IRWIN.nc,[]
1279,sh082023,0,15-01-28-T15:57:50.000,[],rcm1-sclnd-owi-cm-20230128t155750-20230128t155907-00003-______ll_gd_GEO-IRWIN.nc,[]
1280,al182023,0,08-09-30-T08:54:03.000,[],rcm2-sclnd-owi-cm-20230930t085403-20230930t085521-00003-______ll_gd_GEO-IRWIN.nc,[]
1281,al182023,0,21-09-30-T21:40:11.000,[],rcm1-sclnd-owi-cm-20230930t214011-20230930t214127-00003-______ll_gd_GEO-IRWIN.nc,[]
1282,al192019,1,08-11-01-T08:03:44.000,['2019-11-01T07:34:40.000'],s1b-iw-owi-cm-20191101t080344-20191101t080524-000003-0234E0_ll_gd_GEO-IRWIN.nc,['TCPRIMED_v01r01-final_AL192019_SSMIS_F18_051764_20191101073440.nc']
1283,io012024,0,12-05-25-T12:17:02.000,[],rcm3-sclnd-owi-cm-20240525t121702-20240525t121819-00003-______ll_gd_GEO-IRWIN.nc,[]
1284,wp282021,0,21-12-16-T21:32:36.000,[],rcm1-sc50mb-owi-cm-20211216t213236-20211216t214156-00003-______ll_gd_GEO-IRWIN.nc,[]
1285,wp282021,0,09-12-16-T09:38:51.000,[],s1b-ew-owi-cm-20211216t093851-20211216t094205-000003-03967A_ll_gd_GEO-IRWIN.nc,[]
1286,wp282021,0,10-12-19-T10:55:26.000,[],s1a-iw-owi-cm-20211219t105526-20211219t105735-000003-04E146_ll_gd_GEO-IRWIN.nc,[]
1287,wp242019,1,19-11-07-T19:39:42.000,['2019-11-07T19:52:24.000'],s1a-ew-owi-cm-20191107t193942-20191107t194146-000003-036628_ll_gd_GEO-IRWIN.nc,['TCPRIMED_v01r01-final_WP242019_MHS_NOAA19_055396_20191107195224.nc']
1288,wp242019,0,19-11-05-T19:57:30.000,[],s1a-ew-owi-cm-20191105t195730-20191105t195916-000003-03651B_ll_gd_GEO-IRWIN.nc,[]
1289,wp242019,2,19-11-06-T19:48:03.000,"['2019-11-06T20:05:14.000', '2019-11-06T20:13:45.000']",s1b-ew-owi-cm-20191106t194803-20191106t195007-000003-02377F_ll_gd_GEO-IRWIN.nc,"['TCPRIMED_v01r01-final_WP242019_MHS_NOAA19_055382_20191106200514.nc', 'TCPRIMED_v01r01-final_WP242019_SSMIS_F17_067114_20191106201345.nc']"
1290,wp242019,0,07-11-05-T07:09:22.000,[],rs2-scwa-owi-cm-20191105t070922-20191105t071253-00003-______ll_gd_GEO-IRWIN.nc,[]
1291,ep072023,0,02-08-15-T02:05:01.000,[],rcm2-sc50ma-owi-cm-20230815t020501-20230815t020616-00003-______ll_gd_GEO-IRWIN.nc,[]
1292,ep072023,0,02-08-17-T02:53:19.000,[],rcm1-sclnd-owi-cm-20230817t025319-20230817t025435-00003-______ll_gd_GEO-IRWIN.nc,[]
1293,ep072023,0,14-08-15-T14:00:18.000,[],rcm2-sc50mb-owi-cm-20230815t140018-20230815t140119-00003-______ll_gd_GEO-IRWIN.nc,[]
1294,ep072023,0,13-08-14-T13:52:30.000,[],rcm2-sc50ma-owi-cm-20230814t135230-20230814t135347-00003-______ll_gd_GEO-IRWIN.nc,[]
1295,al112023,0,21-08-31-T21:27:49.000,[],rcm3-sc50ma-owi-cm-20230831t212749-20230831t212907-00003-______ll_gd_GEO-IRWIN.nc,[]
1296,al112023,2,21-09-01-T21:05:43.000,"['2023-09-01T20:37:04.000', '2023-09-01T20:40:42.000']",rcm1-sc50ma-owi-cm-20230901t210543-20230901t210556-00003-______ll_gd_GEO-IRWIN.nc,"['TCPRIMED_v01r01-final_AL112023_SSMIS_F17_086830_20230901203704.nc', 'TCPRIMED_v01r01-final_AL112023_SSMIS_F16_102539_20230901204042.nc']"
1297,al112023,0,21-09-01-T21:37:24.000,[],rcm3-sc50mc-owi-cm-20230901t213724-20230901t213841-00003-______ll_gd_GEO-IRWIN.nc,[]
1298,ep032024,0,01-08-01-T01:32:37.000,[],rcm1-sc50mc-owi-cm-20240801t013237-20240801t013354-00003-______ll_gd_GEO-IRWIN.nc,[]
1299,ep032024,0,01-08-03-T01:49:18.000,[],rcm1-sc50ma-owi-cm-20240803t014918-20240803t015035-00003-______ll_gd_GEO-IRWIN.nc,[]
1300,ep032024,0,02-08-05-T02:38:23.000,[],rcm3-sc50mc-owi-cm-20240805t023823-20240805t023942-00003-______ll_gd_GEO-IRWIN.nc,[]
1301,ep032024,0,01-08-02-T01:40:48.000,[],rcm1-sc50mc-owi-cm-20240802t014048-20240802t014205-00003-______ll_gd_GEO-IRWIN.nc,[]
1302,ep032024,0,13-08-02-T13:34:12.000,[],rcm1-sc50ma-owi-cm-20240802t133412-20240802t133912-00003-______ll_gd_GEO-IRWIN.nc,[]
1303,ep032024,0,13-08-03-T13:43:50.000,[],rcm1-sc50mc-owi-cm-20240803t134350-20240803t134508-00003-______ll_gd_GEO-IRWIN.nc,[]
1304,al072022,0,10-09-20-T10:44:20.000,[],rs2-scwa-owi-cm-20220920t104420-20220920t104536-00003-______ll_gd_GEO-IRWIN.nc,[]
1305,al072022,0,21-09-23-T21:45:57.000,[],rcm1-sc50ma-owi-cm-20220923t214557-20220923t214656-00003-______ll_gd_GEO-IRWIN.nc,[]
1306,al072022,0,10-09-24-T10:15:00.000,[],s1a-iw-owi-cm-20220924t101500-20220924t101604-000003-05653E_ll_gd_GEO-IRWIN.nc,[]
1307,al072022,0,22-09-22-T22:38:53.000,[],rcm2-sc50mb-owi-cm-20220922t223853-20220922t224117-00003-______ll_gd_GEO-IRWIN.nc,[]
1308,al072022,0,21-09-23-T21:47:15.000,[],rcm1-sc50ma-owi-cm-20220923t214715-20220923t214814-00003-______ll_gd_GEO-IRWIN.nc,[]
1309,al072022,0,22-09-23-T22:07:19.000,[],rs2-scwa-owi-cm-20220923t220719-20220923t220943-00003-______ll_gd_GEO-IRWIN.nc,[]
1310,al072022,0,22-09-16-T22:19:20.000,[],s1a-iw-owi-cm-20220916t221920-20220916t222035-000003-056188_ll_gd_GEO-IRWIN.nc,[]
1311,al072022,0,22-09-22-T22:34:42.000,[],rs2-scwa-owi-cm-20220922t223442-20220922t223705-00003-______ll_gd_GEO-IRWIN.nc,[]
1312,al072022,0,22-09-19-T22:44:52.000,[],s1a-iw-owi-cm-20220919t224452-20220919t224657-000003-056306_ll_gd_GEO-IRWIN.nc,[]
1313,sh162023,0,05-03-06-T05:53:20.000,[],rcm2-sclnc-owi-cm-20230306t055320-20230306t055504-00003-______ll_gd_GEO-IRWIN.nc,[]
1314,sh162023,1,07-03-03-T07:21:59.000,['2023-03-03T07:35:52.000'],s1a-iw-owi-cm-20230303t072159-20230303t072256-000003-05B333_ll_gd_GEO-IRWIN.nc,['TCPRIMED_v01r01-final_SH162023_SSMIS_F17_084250_20230303073552.nc']
1315,sh162023,1,18-03-03-T18:19:18.000,['2023-03-03T18:48:59.000'],rcm1-sclna-owi-cm-20230303t181918-20230303t182032-00003-______ll_gd_GEO-IRWIN.nc,['TCPRIMED_v01r01-final_SH162023_SSMIS_F17_084256_20230303184859.nc']
1316,sh162023,0,17-03-05-T17:01:12.000,[],rcm1-sclna-owi-cm-20230305t170112-20230305t170229-00003-______ll_gd_GEO-IRWIN.nc,[]
1317,ep102024,0,12-09-25-T12:47:46.000,[],rcm1-sclna-owi-cm-20240925t124746-20240925t124900-00003-______ll_gd_GEO-IRWIN.nc,[]
1318,ep102024,2,01-09-26-T01:00:30.000,"['2024-09-26T01:21:07.000', '2024-09-26T00:56:51.000']",rcm1-sclnd-owi-cm-20240926t010030-20240926t010148-00003-______ll_gd_GEO-IRWIN.nc,"['TCPRIMED_v01r01-final_EP102024_SSMIS_F17_092346_20240926012107.nc', 'TCPRIMED_v01r01-final_EP102024_SSMIS_F16_108053_20240926005651.nc']"
1319,ep102024,0,00-09-24-T00:47:04.000,[],s1a-iw-owi-cm-20240924t004704-20240924t004913-000003-06D162_ll_gd_GEO-IRWIN.nc,[]
1320,ep102024,0,12-09-26-T12:42:42.000,[],s1a-iw-owi-cm-20240926t124242-20240926t124407-000003-06D2D5_ll_gd_GEO-IRWIN.nc,[]
1321,ep102024,2,01-09-27-T01:08:22.000,"['2024-09-27T00:43:26.000', '2024-09-27T01:07:38.000']",rcm1-sclnd-owi-cm-20240927t010822-20240927t010939-00003-______ll_gd_GEO-IRWIN.nc,"['TCPRIMED_v01r01-final_EP102024_SSMIS_F16_108067_20240927004326.nc', 'TCPRIMED_v01r01-final_EP102024_SSMIS_F17_092360_20240927010738.nc']"
1322,ep062022,0,01-07-20-T01:49:38.000,[],rs2-scwa-owi-cm-20220720t014938-20220720t015054-00003-______ll_gd_GEO-IRWIN.nc,[]
1323,io082023,0,00-12-05-T00:36:07.000,[],rcm1-sclna-owi-cm-20231205t003607-20231205t003723-00003-______ll_gd_GEO-IRWIN.nc,[]
1324,io082023,0,12-12-05-T12:48:09.000,[],rcm1-sclnd-owi-cm-20231205t124809-20231205t124926-00003-______ll_gd_GEO-IRWIN.nc,[]
1325,io082023,0,12-12-04-T12:39:42.000,[],rcm1-sclna-owi-cm-20231204t123942-20231204t124056-00003-______ll_gd_GEO-IRWIN.nc,[]
1326,ep172021,0,12-10-25-T12:33:46.000,[],s1b-iw-owi-cm-20211025t123346-20211025t123453-000003-037EE8_ll_gd_GEO-IRWIN.nc,[]
1327,ep152019,0,01-09-22-T01:31:17.000,[],s1b-iw-owi-cm-20190922t013117-20190922t013211-000003-0222A9_ll_gd_GEO-IRWIN.nc,[]
1328,ep152019,1,01-09-19-T01:04:20.000,['2019-09-19T01:28:39.000'],s1b-iw-owi-cm-20190919t010420-20190919t010450-000003-022142_ll_gd_GEO-IRWIN.nc,['TCPRIMED_v01r01-final_EP152019_SSMIS_F17_066425_20190919012839.nc']
1329,ep152019,1,13-09-20-T13:05:48.000,['2019-09-20T13:08:18.000'],s1a-iw-owi-cm-20190920t130548-20190920t130734-000003-034DBE_ll_gd_GEO-IRWIN.nc,['TCPRIMED_v01r01-final_EP152019_SSMIS_F18_051174_20190920130818.nc']
1330,wp142023,1,10-10-07-T10:33:48.000,['2023-10-07T10:35:12.000'],s1a-iw-owi-cm-20231007t103348-20231007t103442-000003-061A7B_ll_gd_GEO-IRWIN.nc,['TCPRIMED_v01r01-final_WP142023_SSMIS_F17_087333_20231007103512.nc']
1331,wp142023,1,22-10-06-T22:02:23.000,['2023-10-06T21:58:42.000'],rcm3-sc50mc-owi-cm-20231006t220223-20231006t220309-00003-______ll_gd_GEO-IRWIN.nc,['TCPRIMED_v01r01-final_WP142023_SSMIS_F16_103034_20231006215842.nc']
1332,wp142023,1,21-10-05-T21:54:41.000,['2023-10-05T22:11:48.000'],rcm3-sc50mc-owi-cm-20231005t215441-20231005t215454-00003-______ll_gd_GEO-IRWIN.nc,['TCPRIMED_v01r01-final_WP142023_SSMIS_F16_103020_20231005221148.nc']
1333,wp142023,1,10-10-08-T10:25:14.000,['2023-10-08T10:21:32.000'],rcm3-sc50ma-owi-cm-20231008t102514-20231008t102629-00003-______ll_gd_GEO-IRWIN.nc,['TCPRIMED_v01r01-final_WP142023_SSMIS_F17_087347_20231008102132.nc']
1334,wp142023,1,09-10-04-T09:53:18.000,['2023-10-04T09:34:52.000'],rcm3-sc50ma-owi-cm-20231004t095318-20231004t095341-00003-______ll_gd_GEO-IRWIN.nc,['TCPRIMED_v01r01-final_WP142023_SSMIS_F17_087290_20231004093452.nc']
1335,wp142023,1,09-10-03-T09:45:02.000,['2023-10-03T09:48:32.000'],rcm3-sc50mb-owi-cm-20231003t094502-20231003t094617-00003-______ll_gd_GEO-IRWIN.nc,['TCPRIMED_v01r01-final_WP142023_SSMIS_F17_087276_20231003094832.nc']
1336,wp142023,1,21-10-02-T21:30:03.000,['2023-10-02T21:10:20.000'],rcm3-sc50mb-owi-cm-20231002t213003-20231002t213121-00003-______ll_gd_GEO-IRWIN.nc,['TCPRIMED_v01r01-final_WP142023_SSMIS_F16_102977_20231002211020.nc']
1337,wp142023,0,10-10-06-T10:09:25.000,[],rcm3-sc50ma-owi-cm-20231006t100925-20231006t100944-00003-______ll_gd_GEO-IRWIN.nc,[]
1338,wp142023,0,21-10-03-T21:38:37.000,[],rcm3-sc50mc-owi-cm-20231003t213837-20231003t213908-00003-______ll_gd_GEO-IRWIN.nc,[]
1339,wp142023,0,22-10-08-T22:18:25.000,[],rcm3-sc50mc-owi-cm-20231008t221825-20231008t221942-00003-______ll_gd_GEO-IRWIN.nc,[]
1340,wp142023,1,10-10-09-T10:33:17.000,['2023-10-09T10:07:38.000'],rcm3-sc50ma-owi-cm-20231009t103317-20231009t103432-00003-______ll_gd_GEO-IRWIN.nc,['TCPRIMED_v01r01-final_WP142023_SSMIS_F17_087361_20231009100738.nc']
1341,wp142023,1,21-10-01-T21:22:11.000,['2023-10-01T21:24:00.000'],rcm3-sclna-owi-cm-20231001t212211-20231001t212326-00003-______ll_gd_GEO-IRWIN.nc,['TCPRIMED_v01r01-final_WP142023_SSMIS_F16_102963_20231001212400.nc']
1342,wp142023,1,22-10-07-T22:10:32.000,['2023-10-07T21:45:16.000'],rcm3-sc50mc-owi-cm-20231007t221032-20231007t221115-00003-______ll_gd_GEO-IRWIN.nc,['TCPRIMED_v01r01-final_WP142023_SSMIS_F16_103048_20231007214516.nc']
1343,wp142023,1,09-10-02-T09:36:38.000,['2023-10-02T10:01:37.000'],rcm3-sc50mb-owi-cm-20231002t093638-20231002t093753-00003-______ll_gd_GEO-IRWIN.nc,['TCPRIMED_v01r01-final_WP142023_SSMIS_F17_087262_20231002100137.nc']
1344,wp142023,1,10-10-07-T10:17:30.000,['2023-10-07T10:35:12.000'],rcm3-sc50ma-owi-cm-20231007t101730-20231007t101847-00003-______ll_gd_GEO-IRWIN.nc,['TCPRIMED_v01r01-final_WP142023_SSMIS_F17_087333_20231007103512.nc']
1345,wp142023,1,22-10-07-T22:09:59.000,['2023-10-07T21:45:16.000'],rcm3-sc50mb-owi-cm-20231007t220959-20231007t221033-00003-______ll_gd_GEO-IRWIN.nc,['TCPRIMED_v01r01-final_WP142023_SSMIS_F16_103048_20231007214516.nc']
1346,wp142023,0,09-10-01-T09:28:12.000,[],rcm3-sclnc-owi-cm-20231001t092812-20231001t092929-00003-______ll_gd_GEO-IRWIN.nc,[]
1347,ep142022,1,01-09-19-T01:17:43.000,['2022-09-19T01:03:09.000'],rcm2-sc50ma-owi-cm-20220919t011743-20220919t011911-00003-______ll_gd_GEO-IRWIN.nc,['TCPRIMED_v01r01-final_EP142022_SSMIS_F17_081914_20220919010309.nc']
1348,io022024,0,01-08-31-T01:22:57.000,[],rcm1-sclnd-owi-cm-20240831t012257-20240831t012333-00003-______ll_gd_GEO-IRWIN.nc,[]
1349,io022024,0,13-08-31-T13:38:54.000,[],rcm1-sc50ma-owi-cm-20240831t133854-20240831t133921-00003-______ll_gd_GEO-IRWIN.nc,[]
1350,wp162020,0,20-10-06-T20:45:25.000,[],s1b-iw-owi-cm-20201006t204525-20201006t204640-000003-02D075_ll_gd_GEO-IRWIN.nc,[]
1351,wp162020,1,09-10-09-T09:04:04.000,['2020-10-09T08:47:07.000'],rs2-scwa-owi-cm-20201009t090404-20201009t090628-00003-______ll_gd_GEO-IRWIN.nc,['TCPRIMED_v01r01-final_WP162020_MHS_NOAA19_060147_20201009084707.nc']
1352,wp162020,1,08-10-10-T08:43:15.000,['2020-10-10T08:35:31.000'],rcm3-sc50mb-owi-cm-20201010t084315-20201010t084427-00003-______ll_gd_GEO-IRWIN.nc,['TCPRIMED_v01r01-final_WP162020_MHS_NOAA19_060161_20201010083531.nc']
1353,wp162020,2,09-10-08-T09:12:45.000,"['2020-10-08T09:11:57.000', '2020-10-08T08:58:27.000']",s1a-iw-owi-cm-20201008t091245-20201008t091425-000003-040AD1_ll_gd_GEO-IRWIN.nc,"['TCPRIMED_v01r01-final_WP162020_GMI_GPM_037564_20201008091157.nc', 'TCPRIMED_v01r01-final_WP162020_MHS_NOAA19_060133_20201008085827.nc']"
1354,wp162020,1,20-10-09-T20:54:25.000,['2020-10-09T21:13:52.000'],rcm2-sc50mc-owi-cm-20201009t205425-20201009t205537-00003-______ll_gd_GEO-IRWIN.nc,['TCPRIMED_v01r01-final_WP162020_MHS_NOAA19_060154_20201009211352.nc']
1355,wp162020,0,20-10-10-T20:30:44.000,[],rcm3-sc50md-owi-cm-20201010t203044-20201010t203200-00003-______ll_gd_GEO-IRWIN.nc,[]
1356,io012023,0,12-05-13-T12:01:28.000,[],rcm2-sclna-owi-cm-20230513t120128-20230513t120146-00003-______ll_gd_GEO-IRWIN.nc,[]
1357,io012023,0,23-05-13-T23:54:55.000,[],rcm2-sclna-owi-cm-20230513t235455-20230513t235607-00003-______ll_gd_GEO-IRWIN.nc,[]
1358,io012023,0,12-05-13-T12:00:24.000,[],rcm2-sclna-owi-cm-20230513t120024-20230513t120110-00003-______ll_gd_GEO-IRWIN.nc,[]
1359,io012023,0,23-05-13-T23:57:29.000,[],s1a-ew-owi-cm-20230513t235729-20230513t235826-000003-05D623_ll_gd_GEO-IRWIN.nc,[]
1360,ep152023,0,01-10-06-T01:32:25.000,[],rcm1-sc50mc-owi-cm-20231006t013225-20231006t013342-00003-______ll_gd_GEO-IRWIN.nc,[]
1361,ep152023,1,01-10-10-T01:33:28.000,['2023-10-10T01:23:36.000'],rcm2-sc50mc-owi-cm-20231010t013328-20231010t013445-00003-______ll_gd_GEO-IRWIN.nc,['TCPRIMED_v01r01-final_EP152023_SSMIS_F17_087370_20231010012336.nc']
1362,ep152023,0,13-10-10-T13:15:15.000,[],s1a-ew-owi-cm-20231010t131515-20231010t131619-000003-061BFB_ll_gd_GEO-IRWIN.nc,[]
1363,ep152023,1,13-10-05-T13:20:16.000,['2023-10-05T13:24:48.000'],rcm1-sc50ma-owi-cm-20231005t132016-20231005t132130-00003-______ll_gd_GEO-IRWIN.nc,['TCPRIMED_v01r01-final_EP152023_SSMIS_F17_087306_20231005132448.nc']
1364,ep152023,1,13-10-08-T13:32:42.000,['2023-10-08T13:03:47.000'],s1a-ew-owi-cm-20231008t133242-20231008t133346-000003-061B15_ll_gd_GEO-IRWIN.nc,['TCPRIMED_v01r01-final_EP152023_SSMIS_F16_103057_20231008130347.nc']
1365,ep152023,1,12-10-10-T12:55:27.000,['2023-10-10T12:36:31.000'],rcm3-sclnd-owi-cm-20231010t125527-20231010t125645-00003-______ll_gd_GEO-IRWIN.nc,['TCPRIMED_v01r01-final_EP152023_SSMIS_F16_103085_20231010123631.nc']
1366,ep152023,1,01-10-08-T01:48:37.000,['2023-10-08T01:50:32.000'],rcm1-sc50mc-owi-cm-20231008t014837-20231008t014954-00003-______ll_gd_GEO-IRWIN.nc,['TCPRIMED_v01r01-final_EP152023_SSMIS_F17_087342_20231008015032.nc']
1367,ep152023,1,01-10-11-T01:10:17.000,['2023-10-11T01:10:26.000'],rcm3-sclnb-owi-cm-20231011t011017-20231011t011132-00003-______ll_gd_GEO-IRWIN.nc,['TCPRIMED_v01r01-final_EP152023_SSMIS_F17_087384_20231011011026.nc']
1368,ep152023,1,01-10-07-T01:40:26.000,['2023-10-07T02:03:57.000'],rcm1-sc50mc-owi-cm-20231007t014026-20231007t014142-00003-______ll_gd_GEO-IRWIN.nc,['TCPRIMED_v01r01-final_EP152023_SSMIS_F17_087328_20231007020357.nc']
1369,ep152023,1,13-10-09-T13:19:44.000,['2023-10-09T12:50:03.000'],rcm2-sc50mc-owi-cm-20231009t131944-20231009t132100-00003-______ll_gd_GEO-IRWIN.nc,['TCPRIMED_v01r01-final_EP152023_SSMIS_F16_103071_20231009125003.nc']
1370,wp072023,0,08-08-12-T08:42:20.000,[],rcm1-sc50ma-owi-cm-20230812t084220-20230812t084338-00003-______ll_gd_GEO-IRWIN.nc,[]
1371,wp072023,0,20-08-10-T20:15:25.000,[],rcm1-sclnd-owi-cm-20230810t201525-20230810t201705-00003-______ll_gd_GEO-IRWIN.nc,[]
1372,wp072023,0,08-08-13-T08:50:42.000,[],rcm1-sc50mb-owi-cm-20230813t085042-20230813t085201-00003-______ll_gd_GEO-IRWIN.nc,[]
1373,wp072023,0,08-08-09-T08:17:02.000,[],rcm1-sclnb-owi-cm-20230809t081702-20230809t081819-00003-______ll_gd_GEO-IRWIN.nc,[]
1374,wp072023,0,08-08-10-T08:25:15.000,[],rcm1-sclnb-owi-cm-20230810t082515-20230810t082659-00003-______ll_gd_GEO-IRWIN.nc,[]
1375,wp072023,0,20-08-15-T20:53:03.000,[],rcm1-sc50mc-owi-cm-20230815t205303-20230815t205405-00003-______ll_gd_GEO-IRWIN.nc,[]
1376,wp072023,0,08-08-15-T08:50:14.000,[],s1a-ew-owi-cm-20230815t085014-20230815t085117-000003-05FFFE_ll_gd_GEO-IRWIN.nc,[]
1377,wp072023,0,09-08-15-T09:08:43.000,[],rcm1-sc50mc-owi-cm-20230815t090843-20230815t090917-00003-______ll_gd_GEO-IRWIN.nc,[]
1378,wp072023,0,20-08-13-T20:38:33.000,[],rcm1-sc50mb-owi-cm-20230813t203833-20230813t203950-00003-______ll_gd_GEO-IRWIN.nc,[]
1379,wp072023,0,20-08-12-T20:31:04.000,[],rcm1-sclnc-owi-cm-20230812t203104-20230812t203220-00003-______ll_gd_GEO-IRWIN.nc,[]
1380,wp072023,0,09-08-15-T09:08:01.000,[],rcm1-sc50mc-owi-cm-20230815t090801-20230815t090820-00003-______ll_gd_GEO-IRWIN.nc,[]
1381,wp072023,0,20-08-14-T20:46:25.000,[],rcm1-sc50mc-owi-cm-20230814t204625-20230814t204715-00003-______ll_gd_GEO-IRWIN.nc,[]
1382,wp072023,0,08-08-11-T08:33:42.000,[],rcm1-sclnc-owi-cm-20230811t083342-20230811t083522-00003-______ll_gd_GEO-IRWIN.nc,[]
1383,wp072023,0,08-08-14-T08:59:18.000,[],rcm1-sc50mc-owi-cm-20230814t085918-20230814t090035-00003-______ll_gd_GEO-IRWIN.nc,[]
1384,wp072023,0,20-08-09-T20:08:00.000,[],rcm1-sclnd-owi-cm-20230809t200800-20230809t200917-00003-______ll_gd_GEO-IRWIN.nc,[]
1385,wp072023,0,08-08-17-T08:23:15.000,[],rcm3-sc50ma-owi-cm-20230817t082315-20230817t082431-00003-______ll_gd_GEO-IRWIN.nc,[]
1386,ep042024,0,14-08-04-T14:25:44.000,[],rcm3-sclnc-owi-cm-20240804t142544-20240804t142622-00003-______ll_gd_GEO-IRWIN.nc,[]
1387,ep042024,0,14-08-05-T14:33:06.000,[],rcm3-sclna-owi-cm-20240805t143306-20240805t143421-00003-______ll_gd_GEO-IRWIN.nc,[]
1388,ep042024,0,02-08-05-T02:36:59.000,[],rcm3-sclna-owi-cm-20240805t023659-20240805t023815-00003-______ll_gd_GEO-IRWIN.nc,[]
1389,ep042024,0,03-08-04-T03:00:59.000,[],rcm2-sclnd-owi-cm-20240804t030059-20240804t030130-00003-______ll_gd_GEO-IRWIN.nc,[]
1390,wp092021,0,21-07-25-T21:49:53.000,[],s1b-iw-owi-cm-20210725t214953-20210725t215108-000003-0355E9_ll_gd_GEO-IRWIN.nc,[]
1391,wp092021,0,21-07-21-T21:35:27.000,[],s1a-iw-owi-cm-20210721t213527-20210721t213718-000003-049689_ll_gd_GEO-IRWIN.nc,[]
1392,wp092021,0,09-07-24-T09:53:28.000,[],s1a-iw-owi-cm-20210724t095328-20210724t095512-000003-049797_ll_gd_GEO-IRWIN.nc,[]
1393,wp092021,0,09-07-24-T09:33:03.000,[],rcm1-sc50ma-owi-cm-20210724t093303-20210724t094207-00003-______ll_gd_GEO-IRWIN.nc,[]
1394,wp092021,0,09-07-20-T09:21:17.000,[],rs2-scwa-owi-cm-20210720t092117-20210720t092234-00003-______ll_gd_GEO-IRWIN.nc,[]
1395,sh242019,0,02-04-26-T02:58:24.000,[],s1a-iw-owi-cm-20190426t025824-20190426t025939-000003-03088F_ll_gd_GEO-IRWIN.nc,[]
1396,sh212021,1,02-02-21-T02:53:26.000,['2021-02-21T03:15:09.000'],s1a-ew-owi-cm-20210221t025326-20210221t025554-000003-044F8D_ll_gd_GEO-IRWIN.nc,['TCPRIMED_v01r01-final_SH212021_MHS_NOAA19_062049_20210221031509.nc']
1397,sh212021,1,03-02-20-T03:01:22.000,['2021-02-20T03:26:05.000'],s1b-iw-owi-cm-20210220t030122-20210220t030237-000003-030FCF_ll_gd_GEO-IRWIN.nc,['TCPRIMED_v01r01-final_SH212021_MHS_NOAA19_062035_20210220032605.nc']
1398,sh212021,1,03-02-20-T03:03:29.000,['2021-02-20T03:26:05.000'],rs2-scwa-owi-cm-20210220t030329-20210220t030445-00003-______ll_gd_GEO-IRWIN.nc,['TCPRIMED_v01r01-final_SH212021_MHS_NOAA19_062035_20210220032605.nc']
1399,sh072021,0,14-12-25-T14:45:26.000,[],s1a-ew-owi-cm-20201225t144526-20201225t144819-000003-04324A_ll_gd_GEO-IRWIN.nc,[]
1400,sh072021,0,01-12-25-T01:43:42.000,[],s1b-ew-owi-cm-20201225t014342-20201225t014552-000003-02F4F5_ll_gd_GEO-IRWIN.nc,[]
1401,sh072021,0,02-12-29-T02:51:14.000,[],s1b-iw-owi-cm-20201229t025114-20201229t025257-000003-02F6D8_ll_gd_GEO-IRWIN.nc,[]
1402,wp082020,0,10-08-18-T10:25:17.000,[],s1a-iw-owi-cm-20200818t102517-20200818t102611-000003-03F0BB_ll_gd_GEO-IRWIN.nc,[]
1403,al222020,2,00-09-20-T00:09:09.000,"['2020-09-20T00:37:20.000', '2020-09-20T00:36:27.000']",s1a-iw-owi-cm-20200920t000909-20200920t001024-000003-040179_ll_gd_GEO-IRWIN.nc,"['TCPRIMED_v01r01-final_AL222020_MHS_NOAA19_059874_20200920003720.nc', 'TCPRIMED_v01r01-final_AL222020_SSMIS_F17_071611_20200920003627.nc']"
1404,ep112024,1,12-10-03-T12:16:23.000,['2024-10-03T12:17:50.000'],rcm1-sclnc-owi-cm-20241003t121623-20241003t121739-00003-______ll_gd_GEO-IRWIN.nc,['TCPRIMED_v01r01-final_EP112024_SSMIS_F17_092451_20241003121750.nc']
1405,ep112024,2,12-10-02-T12:08:41.000,"['2024-10-02T12:10:11.000', '2024-10-02T12:31:53.000']",rcm1-sclnc-owi-cm-20241002t120841-20241002t120924-00003-______ll_gd_GEO-IRWIN.nc,"['TCPRIMED_v01r01-final_EP112024_SSMIS_F16_108144_20241002121011.nc', 'TCPRIMED_v01r01-final_EP112024_SSMIS_F17_092437_20241002123153.nc']"
