cyclone,canal,fichier,lat_centre,lon_centre,sar_acquisition_time,sar_xy,sar_inter,sar_path
al102019,IRWIN,s1a-iw-owi-cm-20190920t221952-20190920t222132-000003-034DF5_ll_gd_GEO-IRWIN.nc,19.5488319396973,298.289184570313,"2019-09-20T22:19:52,000",,s1a-iw-owi-cm-20190920t221837-20190920t222132-000003-034DF5.nc,/home/datawork-cersat-public/cache/public/ftp/project/sarwing/processings/grdwind+windir_2025v6v12_2v0_0v3v9_0v0v6_0v0v6_1v4v3_1v0v15_1v0v10_1v2v5_1v2v2_1v1v1_1v2v1/cmod5n_ecmwf_norecal_rs2rcmgmfv4_28052025/sentinel-1a/L2M/IW/S1A_IW_GRDH_1S/2019/263/S1A_IW_GRDH_1SDV_20190920T221837_20190920T222132_029111_034DF5_52D2X553CX854EX8846XAA90XE344XFCC5/s1a-iw-owi-cm-20190920t221837-20190920t222132-000003-034DF5.nc
al012024,IRWIN,rcm1-sclnd-owi-cm-20240620t004603-20240620t004719-00003-______ll_gd_GEO-IRWIN.nc,21.5119724273682,264.639770507813,"2024-06-20T00:46:03,000",/scale/user/mtannaou/alternance/donnees_sar_changes/rcm1-sclnd-owi-cm-20240620t004603-20240620t004719-00003-xxxxx_aeqd.nc,rcm1-sclnd-owi-cm-20240620t004603-20240620t004719-00003-xxxxx.nc,/home/datawork-cersat-public/cache/public/ftp/project/sarwing/processings/grdwind+windir_2025v6v12_2v0_0v3v9_0v0v6_0v0v6_1v4v3_1v0v15_1v0v10_1v2v5_1v2v2_1v1v1_1v2v1/cmod5n_ecmwf_norecal_rs2rcmgmfv4_28052025/rcm-1/L2M/sclnd/rcm-1_sclnd/2024/172/RCM1_OK3122910_PK3127940_1_SCLND_20240620_004605_VV_VH_GRD/rcm1-sclnd-owi-cm-20240620t004603-20240620t004719-00003-xxxxx.nc
ep192022,IRWIN,s1a-iw-owi-cm-20221022t130700-20221022t130753-000003-057241_ll_gd_GEO-IRWIN.nc,17.5092105865479,253.851669311523,"2022-10-22T13:07:00,000",,s1a-iw-owi-cm-20221022t130610-20221022t130753-000003-057241.nc,/home/datawork-cersat-public/cache/public/ftp/project/sarwing/processings/grdwind+windir_2025v6v12_2v0_0v3v9_0v0v6_0v0v6_1v4v3_1v0v15_1v0v10_1v2v5_1v2v2_1v1v1_1v2v1/cmod5n_ecmwf_norecal_rs2rcmgmfv4_28052025/sentinel-1a/L2M/IW/S1A_IW_GRDH_1S/2022/295/S1A_IW_GRDH_1SDV_20221022T130610_20221022T130753_045555_057241_212FX7B41XA9AEXE506/s1a-iw-owi-cm-20221022t130610-20221022t130753-000003-057241.nc
ep192022,IRWIN,rcm2-sclnd-owi-cm-20221022t124742-20221022t124922-00003-______ll_gd_GEO-IRWIN.nc,17.4705791473389,253.874114990234,"2022-10-22T12:47:42,000",/scale/user/mtannaou/alternance/donnees_sar_changes/rcm2-sclnd-owi-cm-20221022t124742-20221022t124922-00003-xxxxx_aeqd.nc,rcm2-sclnd-owi-cm-20221022t124742-20221022t124922-00003-xxxxx.nc,/home/datawork-cersat-public/cache/public/ftp/project/sarwing/processings/grdwind+windir_2025v6v12_2v0_0v3v9_0v0v6_0v0v6_1v4v3_1v0v15_1v0v10_1v2v5_1v2v2_1v1v1_1v2v1/cmod5n_ecmwf_norecal_rs2rcmgmfv4_28052025/rcm-2/L2M/sclnd/rcm-2_sclnd/2022/295/RCM2_OK2378142_PK2381310_1_SCLND_20221022_124753_VV_VH_GRD/rcm2-sclnd-owi-cm-20221022t124742-20221022t124922-00003-xxxxx.nc
ep122021,IRWIN,rcm2-sc100ma-owi-cm-20210818t143906-20210818t144138-00003-______ll_gd_GEO-IRWIN.nc,18.1374263763428,228.553558349609,"2021-08-18T14:39:06,000",/scale/user/mtannaou/alternance/donnees_sar_changes/rcm2-sc100ma-owi-cm-20210818t143906-20210818t144138-00003-xxxxx_aeqd.nc,rcm2-sc100ma-owi-cm-20210818t143906-20210818t144138-00003-xxxxx.nc,/home/datawork-cersat-public/cache/public/ftp/project/sarwing/processings/grdwind+windir_2025v6v12_2v0_0v3v9_0v0v6_0v0v6_1v4v3_1v0v15_1v0v10_1v2v5_1v2v2_1v1v1_1v2v1/cmod5n_ecmwf_norecal_rs2rcmgmfv4_28052025/rcm-2/L2M/sc100ma/rcm-2_sc100ma/2021/230/RCM2_OK2378048_PK2383884_1_SC100MA_20210818_143919_VV_VH_GRD/rcm2-sc100ma-owi-cm-20210818t143906-20210818t144138-00003-xxxxx.nc
ep122021,IRWIN,s1a-iw-owi-cm-20210823t161535-20210823t161654-000003-04A612_ll_gd_GEO-IRWIN.nc,21.0800457000732,204.254409790039,"2021-08-23T16:15:35,000",/scale/user/mtannaou/alternance/donnees_sar_changes/s1a-iw-owi-cm-20210823t161535-20210823t161654-000003-04A612_aeqd.nc,s1a-iw-owi-cm-20210823t161535-20210823t161654-000003-04A612.nc,/home/datawork-cersat-public/cache/public/ftp/project/sarwing/processings/grdwind+windir_2025v6v12_2v0_0v3v9_0v0v6_0v0v6_1v4v3_1v0v15_1v0v10_1v2v5_1v2v2_1v1v1_1v2v1/cmod5n_ecmwf_norecal_rs2rcmgmfv4_28052025/sentinel-1a/L2M/IW/S1A_IW_GRDH_1S/2021/235/S1A_IW_GRDH_1SDV_20210823T161535_20210823T161654_039359_04A612_50E8X7696X9156/s1a-iw-owi-cm-20210823t161535-20210823t161654-000003-04A612.nc
ep042021,IRWIN,s1a-iw-owi-cm-20210619t125029-20210619t125121-000003-04884E_ll_gd_GEO-IRWIN.nc,17.6729393005371,256.568603515625,"2021-06-19T12:50:29,000",/scale/user/mtannaou/alternance/donnees_sar_changes/s1a-iw-owi-cm-20210619t125029-20210619t125121-000003-04884E_aeqd.nc,s1a-iw-owi-cm-20210619t125029-20210619t125121-000003-04884E.nc,/home/datawork-cersat-public/cache/public/ftp/project/sarwing/processings/grdwind+windir_2025v6v12_2v0_0v3v9_0v0v6_0v0v6_1v4v3_1v0v15_1v0v10_1v2v5_1v2v2_1v1v1_1v2v1/cmod5n_ecmwf_norecal_rs2rcmgmfv4_28052025/sentinel-1a/L2M/IW/S1A_IW_GRDH_1S/2021/170/S1A_IW_GRDH_1SDV_20210619T125029_20210619T125121_038409_04884E_85A5XDA36/s1a-iw-owi-cm-20210619t125029-20210619t125121-000003-04884E.nc
io032024,IRWIN,rcm2-sclna-owi-cm-20241025t001048-20241025t001205-00003-______ll_gd_GEO-IRWIN.nc,20.7456722259522,86.9582290649414,"2024-10-25T00:10:48,000",/scale/user/mtannaou/alternance/donnees_sar_changes/rcm2-sclna-owi-cm-20241025t001048-20241025t001205-00003-xxxxx_aeqd.nc,rcm2-sclna-owi-cm-20241025t001048-20241025t001205-00003-xxxxx.nc,/home/datawork-cersat-public/cache/public/ftp/project/sarwing/processings/grdwind+windir_2025v6v12_2v0_0v3v9_0v0v6_0v0v6_1v4v3_1v0v15_1v0v10_1v2v5_1v2v2_1v1v1_1v2v1/cmod5n_ecmwf_norecal_rs2rcmgmfv4_28052025/rcm-2/L2M/sclna/rcm-2_sclna/2024/299/RCM2_OK3329262_PK3331883_1_SCLNA_20241025_001049_VV_VH_GRD/rcm2-sclna-owi-cm-20241025t001048-20241025t001205-00003-xxxxx.nc
io032024,IRWIN,rcm2-sclnd-owi-cm-20241025t122536-20241025t122653-00003-______ll_gd_GEO-IRWIN.nc,21.2442836761475,86.4478912353516,"2024-10-25T12:25:36,000",/scale/user/mtannaou/alternance/donnees_sar_changes/rcm2-sclnd-owi-cm-20241025t122536-20241025t122653-00003-xxxxx_aeqd.nc,rcm2-sclnd-owi-cm-20241025t122536-20241025t122653-00003-xxxxx.nc,/home/datawork-cersat-public/cache/public/ftp/project/sarwing/processings/grdwind+windir_2025v6v12_2v0_0v3v9_0v0v6_0v0v6_1v4v3_1v0v15_1v0v10_1v2v5_1v2v2_1v1v1_1v2v1/cmod5n_ecmwf_norecal_rs2rcmgmfv4_28052025/rcm-2/L2M/sclnd/rcm-2_sclnd/2024/299/RCM2_OK3329741_PK3332509_1_SCLND_20241025_122537_VV_VH_GRD/rcm2-sclnd-owi-cm-20241025t122536-20241025t122653-00003-xxxxx.nc
io032024,IRWIN,rcm2-sclnc-owi-cm-20241024t121720-20241024t121835-00003-______ll_gd_GEO-IRWIN.nc,19.6507530212402,87.5547332763672,"2024-10-24T12:17:20,000",/scale/user/mtannaou/alternance/donnees_sar_changes/rcm2-sclnc-owi-cm-20241024t121720-20241024t121835-00003-xxxxx_aeqd.nc,rcm2-sclnc-owi-cm-20241024t121720-20241024t121835-00003-xxxxx.nc,/home/datawork-cersat-public/cache/public/ftp/project/sarwing/processings/grdwind+windir_2025v6v12_2v0_0v3v9_0v0v6_0v0v6_1v4v3_1v0v15_1v0v10_1v2v5_1v2v2_1v1v1_1v2v1/cmod5n_ecmwf_norecal_rs2rcmgmfv4_28052025/rcm-2/L2M/sclnc/rcm-2_sclnc/2024/298/RCM2_OK3329250_PK3330902_1_SCLNC_20241024_121721_VV_VH_GRD/rcm2-sclnc-owi-cm-20241024t121720-20241024t121835-00003-xxxxx.nc
io032024,IRWIN,rcm2-sclnb-owi-cm-20241023t120841-20241023t120956-00003-______ll_gd_GEO-IRWIN.nc,17.0761451721191,89.0663909912109,"2024-10-23T12:08:41,000",/scale/user/mtannaou/alternance/donnees_sar_changes/rcm2-sclnb-owi-cm-20241023t120841-20241023t120956-00003-xxxxx_aeqd.nc,rcm2-sclnb-owi-cm-20241023t120841-20241023t120956-00003-xxxxx.nc,/home/datawork-cersat-public/cache/public/ftp/project/sarwing/processings/grdwind+windir_2025v6v12_2v0_0v3v9_0v0v6_0v0v6_1v4v3_1v0v15_1v0v10_1v2v5_1v2v2_1v1v1_1v2v1/cmod5n_ecmwf_norecal_rs2rcmgmfv4_28052025/rcm-2/L2M/sclnb/rcm-2_sclnb/2024/297/RCM2_OK3327950_PK3329361_1_SCLNB_20241023_120843_VV_VH_GRD/rcm2-sclnb-owi-cm-20241023t120841-20241023t120956-00003-xxxxx.nc
sh122022,IRWIN,s1a-ew-owi-cm-20220213t143725-20220213t143926-000003-04FCF7_ll_gd_GEO-IRWIN.nc,-15.2425241470337,59.8567886352539,"2022-02-13T14:37:25,000",,s1a-ew-owi-cm-20220213t143621-20220213t143926-000003-04FCF7.nc,/home/datawork-cersat-public/cache/public/ftp/project/sarwing/processings/grdwind+windir_2025v6v12_2v0_0v3v9_0v0v6_0v0v6_1v4v3_1v0v15_1v0v10_1v2v5_1v2v2_1v1v1_1v2v1/cmod5n_ecmwf_norecal_rs2rcmgmfv4_28052025/sentinel-1a/L2M/EW/S1A_EW_GRDM_1S/2022/044/S1A_EW_GRDM_1SDV_20220213T143621_20220213T143926_041895_04FCF7_7BB9X9A56XD891/s1a-ew-owi-cm-20220213t143621-20220213t143926-000003-04FCF7.nc
sh122022,IRWIN,s1a-iw-owi-cm-20220215t021005-20220215t021149-000003-04FDBB_ll_gd_GEO-IRWIN.nc,-16.9003887176514,51.7799377441406,"2022-02-15T02:10:05,000",/scale/user/mtannaou/alternance/donnees_sar_changes/s1a-iw-owi-cm-20220215t021005-20220215t021149-000003-04FDBB_aeqd.nc,s1a-iw-owi-cm-20220215t021005-20220215t021149-000003-04FDBB.nc,/home/datawork-cersat-public/cache/public/ftp/project/sarwing/processings/grdwind+windir_2025v6v12_2v0_0v3v9_0v0v6_0v0v6_1v4v3_1v0v15_1v0v10_1v2v5_1v2v2_1v1v1_1v2v1/cmod5n_ecmwf_norecal_rs2rcmgmfv4_28052025/sentinel-1a/L2M/IW/S1A_IW_GRDH_1S/2022/046/S1A_IW_GRDH_1SDV_20220215T021005_20220215T021149_041917_04FDBB_0EDCX82E1XE0E1XF3FB/s1a-iw-owi-cm-20220215t021005-20220215t021149-000003-04FDBB.nc
ep052024,IRWIN,rcm2-sc50mb-owi-cm-20240807t134355-20240807t134513-00003-______ll_gd_GEO-IRWIN.nc,17.2427196502686,243.631225585938,"2024-08-07T13:43:55,000",,rcm2-sc50mb-owi-cm-20240807t134404-20240807t134522-00003-xxxxx.nc,/home/datawork-cersat-public/cache/public/ftp/project/sarwing/processings/grdwind+windir_2025v6v12_2v0_0v3v9_0v0v6_0v0v6_1v4v3_1v0v15_1v0v10_1v2v5_1v2v2_1v1v1_1v2v1/cmod5n_ecmwf_norecal_rs2rcmgmfv4_28052025/rcm-2/L2M/sc50mb/rcm-2_sc50mb/2024/220/RCM2_OK3197950_PK3199866_1_SC50MB_20240807_134250_HH_HV_GRD/rcm2-sc50mb-owi-cm-20240807t134404-20240807t134522-00003-xxxxx.nc
ep052024,IRWIN,rcm2-sc50ma-owi-cm-20240807t014852-20240807t015009-00003-______ll_gd_GEO-IRWIN.nc,15.0853042602539,244.803726196289,"2024-08-07T01:48:52,000",,rcm2-sc50ma-owi-cm-20240807t014852-20240807t015009-00003-xxxxx.nc,/home/datawork-cersat-public/cache/public/ftp/project/sarwing/processings/grdwind+windir_2025v6v12_2v0_0v3v9_0v0v6_0v0v6_1v4v3_1v0v15_1v0v10_1v2v5_1v2v2_1v1v1_1v2v1/cmod5n_ecmwf_norecal_rs2rcmgmfv4_28052025/rcm-2/L2M/sc50ma/rcm-2_sc50ma/2024/220/RCM2_OK3195149_PK3199066_1_SC50MA_20240807_014838_HH_HV_GRD/rcm2-sc50ma-owi-cm-20240807t014852-20240807t015009-00003-xxxxx.nc
ep052024,IRWIN,rcm2-sc50ma-owi-cm-20240808t015803-20240808t015920-00003-______ll_gd_GEO-IRWIN.nc,19.987720489502,240.826095581055,"2024-08-08T01:58:03,000",/scale/user/mtannaou/alternance/donnees_sar_changes/rcm2-sc50ma-owi-cm-20240808t015803-20240808t015920-00003-xxxxx_aeqd.nc,rcm2-sc50ma-owi-cm-20240808t015803-20240808t015920-00003-xxxxx.nc,/home/datawork-cersat-public/cache/public/ftp/project/sarwing/processings/grdwind+windir_2025v6v12_2v0_0v3v9_0v0v6_0v0v6_1v4v3_1v0v15_1v0v10_1v2v5_1v2v2_1v1v1_1v2v1/cmod5n_ecmwf_norecal_rs2rcmgmfv4_28052025/rcm-2/L2M/sc50ma/rcm-2_sc50ma/2024/221/RCM2_OK3196830_PK3200728_1_SC50MA_20240808_015741_HH_HV_GRD/rcm2-sc50ma-owi-cm-20240808t015803-20240808t015920-00003-xxxxx.nc
ep052024,IRWIN,rcm2-sc50ma-owi-cm-20240806t014022-20240806t014139-00003-______ll_gd_GEO-IRWIN.nc,13.3981876373291,245.619888305664,"2024-08-06T01:40:22,000",/scale/user/mtannaou/alternance/donnees_sar_changes/rcm2-sc50ma-owi-cm-20240806t014022-20240806t014139-00003-xxxxx_aeqd.nc,rcm2-sc50ma-owi-cm-20240806t014022-20240806t014139-00003-xxxxx.nc,/home/datawork-cersat-public/cache/public/ftp/project/sarwing/processings/grdwind+windir_2025v6v12_2v0_0v3v9_0v0v6_0v0v6_1v4v3_1v0v15_1v0v10_1v2v5_1v2v2_1v1v1_1v2v1/cmod5n_ecmwf_norecal_rs2rcmgmfv4_28052025/rcm-2/L2M/sc50ma/rcm-2_sc50ma/2024/219/RCM2_OK3193548_PK3197308_1_SC50MA_20240806_013826_HH_HV_GRD/rcm2-sc50ma-owi-cm-20240806t014022-20240806t014139-00003-xxxxx.nc
ep052024,IRWIN,rcm2-sc50ma-owi-cm-20240805t132853-20240805t133010-00003-______ll_gd_GEO-IRWIN.nc,14.2459077835083,245.997711181641,"2024-08-05T13:28:53,000",/scale/user/mtannaou/alternance/donnees_sar_changes/rcm2-sc50ma-owi-cm-20240805t132853-20240805t133010-00003-xxxxx_aeqd.nc,rcm2-sc50ma-owi-cm-20240805t132853-20240805t133010-00003-xxxxx.nc,/home/datawork-cersat-public/cache/public/ftp/project/sarwing/processings/grdwind+windir_2025v6v12_2v0_0v3v9_0v0v6_0v0v6_1v4v3_1v0v15_1v0v10_1v2v5_1v2v2_1v1v1_1v2v1/cmod5n_ecmwf_norecal_rs2rcmgmfv4_28052025/rcm-2/L2M/sc50ma/rcm-2_sc50ma/2024/218/RCM2_OK3193546_PK3195298_1_SC50MA_20240805_132656_HH_HV_GRD/rcm2-sc50ma-owi-cm-20240805t132853-20240805t133010-00003-xxxxx.nc
ep052024,IRWIN,rcm2-sc50ma-owi-cm-20240806t133646-20240806t133803-00003-______ll_gd_GEO-IRWIN.nc,13.7905855178833,245.005828857422,"2024-08-06T13:36:46,000",/scale/user/mtannaou/alternance/donnees_sar_changes/rcm2-sc50ma-owi-cm-20240806t133646-20240806t133803-00003-xxxxx_aeqd.nc,rcm2-sc50ma-owi-cm-20240806t133646-20240806t133803-00003-xxxxx.nc,/home/datawork-cersat-public/cache/public/ftp/project/sarwing/processings/grdwind+windir_2025v6v12_2v0_0v3v9_0v0v6_0v0v6_1v4v3_1v0v15_1v0v10_1v2v5_1v2v2_1v1v1_1v2v1/cmod5n_ecmwf_norecal_rs2rcmgmfv4_28052025/rcm-2/L2M/sc50ma/rcm-2_sc50ma/2024/219/RCM2_OK3195147_PK3198093_1_SC50MA_20240806_133647_HH_HV_GRD/rcm2-sc50ma-owi-cm-20240806t133646-20240806t133803-00003-xxxxx.nc
al082023,IRWIN,rcm2-sclna-owi-cm-20230825t102929-20230825t103044-00003-______ll_gd_GEO-IRWIN.nc,22.0657253265381,291.969024658203,"2023-08-25T10:29:29,000",/scale/user/mtannaou/alternance/donnees_sar_changes/rcm2-sclna-owi-cm-20230825t102929-20230825t103044-00003-xxxxx_aeqd.nc,rcm2-sclna-owi-cm-20230825t102929-20230825t103044-00003-xxxxx.nc,/home/datawork-cersat-public/cache/public/ftp/project/sarwing/processings/grdwind+windir_2025v6v12_2v0_0v3v9_0v0v6_0v0v6_1v4v3_1v0v15_1v0v10_1v2v5_1v2v2_1v1v1_1v2v1/cmod5n_ecmwf_norecal_rs2rcmgmfv4_28052025/rcm-2/L2M/sclna/rcm-2_sclna/2023/237/RCM2_OK2705572_PK2707847_1_SCLNA_20230825_102930_VV_VH_GRD/rcm2-sclna-owi-cm-20230825t102929-20230825t103044-00003-xxxxx.nc
al082023,IRWIN,rcm1-sclnb-owi-cm-20230822t225202-20230822t225317-00003-______ll_gd_GEO-IRWIN.nc,16.0362491607666,288.641204833984,"2023-08-22T22:52:02,000",/scale/user/mtannaou/alternance/donnees_sar_changes/rcm1-sclnb-owi-cm-20230822t225202-20230822t225317-00003-xxxxx_aeqd.nc,rcm1-sclnb-owi-cm-20230822t225202-20230822t225317-00003-xxxxx.nc,/home/datawork-cersat-public/cache/public/ftp/project/sarwing/processings/grdwind+windir_2025v6v12_2v0_0v3v9_0v0v6_0v0v6_1v4v3_1v0v15_1v0v10_1v2v5_1v2v2_1v1v1_1v2v1/cmod5n_ecmwf_norecal_rs2rcmgmfv4_28052025/rcm-1/L2M/sclnb/rcm-1_sclnb/2023/234/RCM1_OK2701293_PK2704421_1_SCLNB_20230822_225204_VV_VH_GRD/rcm1-sclnb-owi-cm-20230822t225202-20230822t225317-00003-xxxxx.nc
al082023,IRWIN,rcm3-sclna-owi-cm-20230826t222218-20230826t222334-00003-______ll_gd_GEO-IRWIN.nc,23.6370639801025,292.439849853516,"2023-08-26T22:22:18,000",/scale/user/mtannaou/alternance/donnees_sar_changes/rcm3-sclna-owi-cm-20230826t222218-20230826t222334-00003-xxxxx_aeqd.nc,rcm3-sclna-owi-cm-20230826t222218-20230826t222334-00003-xxxxx.nc,/home/datawork-cersat-public/cache/public/ftp/project/sarwing/processings/grdwind+windir_2025v6v12_2v0_0v3v9_0v0v6_0v0v6_1v4v3_1v0v15_1v0v10_1v2v5_1v2v2_1v1v1_1v2v1/cmod5n_ecmwf_norecal_rs2rcmgmfv4_28052025/rcm-3/L2M/sclna/rcm-3_sclna/2023/238/RCM3_OK2706956_PK2709757_1_SCLNA_20230826_222218_VV_VH_GRD/rcm3-sclna-owi-cm-20230826t222218-20230826t222334-00003-xxxxx.nc
al082023,IRWIN,rcm3-sclna-owi-cm-20230827t223040-20230827t223155-00003-______ll_gd_GEO-IRWIN.nc,25.7141990661621,290.019683837891,"2023-08-27T22:30:40,000",/scale/user/mtannaou/alternance/donnees_sar_changes/rcm3-sclna-owi-cm-20230827t223040-20230827t223155-00003-xxxxx_aeqd.nc,rcm3-sclna-owi-cm-20230827t223040-20230827t223155-00003-xxxxx.nc,/home/datawork-cersat-public/cache/public/ftp/project/sarwing/processings/grdwind+windir_2025v6v12_2v0_0v3v9_0v0v6_0v0v6_1v4v3_1v0v15_1v0v10_1v2v5_1v2v2_1v1v1_1v2v1/cmod5n_ecmwf_norecal_rs2rcmgmfv4_28052025/rcm-3/L2M/sclna/rcm-3_sclna/2023/239/RCM3_OK2708354_PK2711259_1_SCLNA_20230827_223042_VV_VH_GRD/rcm3-sclna-owi-cm-20230827t223040-20230827t223155-00003-xxxxx.nc
al082023,IRWIN,s1a-ew-owi-cm-20230826t102124-20230826t102228-000003-060585_ll_gd_GEO-IRWIN.nc,22.84375,293.899871826172,"2023-08-26T10:21:24,000",/scale/user/mtannaou/alternance/donnees_sar_changes/s1a-ew-owi-cm-20230826t102124-20230826t102228-000003-060585_aeqd.nc,s1a-ew-owi-cm-20230826t102124-20230826t102228-000003-060585.nc,/home/datawork-cersat-public/cache/public/ftp/project/sarwing/processings/grdwind+windir_2025v6v12_2v0_0v3v9_0v0v6_0v0v6_1v4v3_1v0v15_1v0v10_1v2v5_1v2v2_1v1v1_1v2v1/cmod5n_ecmwf_norecal_rs2rcmgmfv4_28052025/sentinel-1a/L2M/EW/S1A_EW_GRDM_1S/2023/238/S1A_EW_GRDM_1SDV_20230826T102124_20230826T102228_050045_060585_F219/s1a-ew-owi-cm-20230826t102124-20230826t102228-000003-060585.nc
al082023,IRWIN,rcm3-sclnd-owi-cm-20230829t224813-20230829t224928-00003-______ll_gd_GEO-IRWIN.nc,31.4413833618164,290.121459960938,"2023-08-29T22:48:13,000",/scale/user/mtannaou/alternance/donnees_sar_changes/rcm3-sclnd-owi-cm-20230829t224813-20230829t224928-00003-xxxxx_aeqd.nc,rcm3-sclnd-owi-cm-20230829t224813-20230829t224928-00003-xxxxx.nc,/home/datawork-cersat-public/cache/public/ftp/project/sarwing/processings/grdwind+windir_2025v6v12_2v0_0v3v9_0v0v6_0v0v6_1v4v3_1v0v15_1v0v10_1v2v5_1v2v2_1v1v1_1v2v1/cmod5n_ecmwf_norecal_rs2rcmgmfv4_28052025/rcm-3/L2M/sclnd/rcm-3_sclnd/2023/241/RCM3_OK2711536_PK2714994_1_SCLND_20230829_224815_VV_VH_GRD/rcm3-sclnd-owi-cm-20230829t224813-20230829t224928-00003-xxxxx.nc
al082023,IRWIN,rcm1-sc50mb-owi-cm-20230831t100925-20230831t101309-00003-______ll_gd_GEO-IRWIN.nc,34.8362007141113,296.566284179688,"2023-08-31T10:09:25,000",,rcm1-sc50mb-owi-cm-20230831t100925-20230831t101309-00003-xxxxx.nc,/home/datawork-cersat-public/cache/public/ftp/project/sarwing/processings/grdwind+windir_2025v6v12_2v0_0v3v9_0v0v6_0v0v6_1v4v3_1v0v15_1v0v10_1v2v5_1v2v2_1v1v1_1v2v1/cmod5n_ecmwf_norecal_rs2rcmgmfv4_28052025/rcm-1/L2M/sc50mb/rcm-1_sc50mb/2023/243/RCM1_OK2717464_PK2717467_2_SC50MB_20230831_100937_HH_HV_GRD/rcm1-sc50mb-owi-cm-20230831t100925-20230831t101309-00003-xxxxx.nc
al082023,IRWIN,s1a-ew-owi-cm-20230828t223927-20230828t224031-000003-0606CB_ll_gd_GEO-IRWIN.nc,28.5058040618897,288.881896972656,"2023-08-28T22:39:27,000",/scale/user/mtannaou/alternance/donnees_sar_changes/s1a-ew-owi-cm-20230828t223927-20230828t224031-000003-0606CB_aeqd.nc,s1a-ew-owi-cm-20230828t223927-20230828t224031-000003-0606CB.nc,/home/datawork-cersat-public/cache/public/ftp/project/sarwing/processings/grdwind+windir_2025v6v12_2v0_0v3v9_0v0v6_0v0v6_1v4v3_1v0v15_1v0v10_1v2v5_1v2v2_1v1v1_1v2v1/cmod5n_ecmwf_norecal_rs2rcmgmfv4_28052025/sentinel-1a/L2M/EW/S1A_EW_GRDM_1S/2023/240/S1A_EW_GRDM_1SDV_20230828T223927_20230828T224031_050082_0606CB_59F2/s1a-ew-owi-cm-20230828t223927-20230828t224031-000003-0606CB.nc
al082023,IRWIN,rcm2-sclnb-owi-cm-20230824t223732-20230824t223849-00003-______ll_gd_GEO-IRWIN.nc,22.3181114196777,291.084686279297,"2023-08-24T22:37:32,000",/scale/user/mtannaou/alternance/donnees_sar_changes/rcm2-sclnb-owi-cm-20230824t223732-20230824t223849-00003-xxxxx_aeqd.nc,rcm2-sclnb-owi-cm-20230824t223732-20230824t223849-00003-xxxxx.nc,/home/datawork-cersat-public/cache/public/ftp/project/sarwing/processings/grdwind+windir_2025v6v12_2v0_0v3v9_0v0v6_0v0v6_1v4v3_1v0v15_1v0v10_1v2v5_1v2v2_1v1v1_1v2v1/cmod5n_ecmwf_norecal_rs2rcmgmfv4_28052025/rcm-2/L2M/sclnb/rcm-2_sclnb/2023/236/RCM2_OK2704028_PK2707106_1_SCLNB_20230824_223733_VV_VH_GRD/rcm2-sclnb-owi-cm-20230824t223732-20230824t223849-00003-xxxxx.nc
al082023,IRWIN,rcm1-sclnd-owi-cm-20230823t230025-20230823t230205-00003-______ll_gd_GEO-IRWIN.nc,20.0087738037109,289.326904296875,"2023-08-23T23:00:25,000",/scale/user/mtannaou/alternance/donnees_sar_changes/rcm1-sclnd-owi-cm-20230823t230025-20230823t230205-00003-xxxxx_aeqd.nc,rcm1-sclnd-owi-cm-20230823t230025-20230823t230205-00003-xxxxx.nc,/home/datawork-cersat-public/cache/public/ftp/project/sarwing/processings/grdwind+windir_2025v6v12_2v0_0v3v9_0v0v6_0v0v6_1v4v3_1v0v15_1v0v10_1v2v5_1v2v2_1v1v1_1v2v1/cmod5n_ecmwf_norecal_rs2rcmgmfv4_28052025/rcm-1/L2M/sclnd/rcm-1_sclnd/2023/235/RCM1_OK2706503_PK2706507_1_SCLND_20230823_230036_VV_VH_GRD/rcm1-sclnd-owi-cm-20230823t230025-20230823t230205-00003-xxxxx.nc
al082023,IRWIN,s1a-iw-owi-cm-20230830t222518-20230830t222612-000003-0607CE_ll_gd_GEO-IRWIN.nc,34.1373977661133,293.887115478516,"2023-08-30T22:25:18,000",,s1a-iw-owi-cm-20230830t222518-20230830t222702-000003-0607CE.nc,/home/datawork-cersat-public/cache/public/ftp/project/sarwing/processings/grdwind+windir_2025v6v12_2v0_0v3v9_0v0v6_0v0v6_1v4v3_1v0v15_1v0v10_1v2v5_1v2v2_1v1v1_1v2v1/cmod5n_ecmwf_norecal_rs2rcmgmfv4_28052025/sentinel-1a/L2M/IW/S1A_IW_GRDH_1S/2023/242/S1A_IW_GRDH_1SDV_20230830T222518_20230830T222702_050111_0607CE_5FAAX71F6XA7FEXCA26/s1a-iw-owi-cm-20230830t222518-20230830t222702-000003-0607CE.nc
al082023,IRWIN,rcm2-sclnd-owi-cm-20230824t102158-20230824t102317-00003-______ll_gd_GEO-IRWIN.nc,21.8219089508057,289.655822753906,"2023-08-24T10:21:58,000",/scale/user/mtannaou/alternance/donnees_sar_changes/rcm2-sclnd-owi-cm-20230824t102158-20230824t102317-00003-xxxxx_aeqd.nc,rcm2-sclnd-owi-cm-20230824t102158-20230824t102317-00003-xxxxx.nc,/home/datawork-cersat-public/cache/public/ftp/project/sarwing/processings/grdwind+windir_2025v6v12_2v0_0v3v9_0v0v6_0v0v6_1v4v3_1v0v15_1v0v10_1v2v5_1v2v2_1v1v1_1v2v1/cmod5n_ecmwf_norecal_rs2rcmgmfv4_28052025/rcm-2/L2M/sclnd/rcm-2_sclnd/2023/236/RCM2_OK2704005_PK2706419_1_SCLND_20230824_102200_VV_VH_GRD/rcm2-sclnd-owi-cm-20230824t102158-20230824t102317-00003-xxxxx.nc
al082023,IRWIN,rcm1-sclna-owi-cm-20230823t104701-20230823t104732-00003-______ll_gd_GEO-IRWIN.nc,17.7124938964844,288.740112304688,"2023-08-23T10:47:01,000",/scale/user/mtannaou/alternance/donnees_sar_changes/rcm1-sclna-owi-cm-20230823t104701-20230823t104732-00003-xxxxx_aeqd.nc,rcm1-sclna-owi-cm-20230823t104701-20230823t104732-00003-xxxxx.nc,/home/datawork-cersat-public/cache/public/ftp/project/sarwing/processings/grdwind+windir_2025v6v12_2v0_0v3v9_0v0v6_0v0v6_1v4v3_1v0v15_1v0v10_1v2v5_1v2v2_1v1v1_1v2v1/cmod5n_ecmwf_norecal_rs2rcmgmfv4_28052025/rcm-1/L2M/sclna/rcm-1_sclna/2023/235/RCM1_OK2702765_PK2705140_1_SCLNA_20230823_104704_VV_VH_GRD/rcm1-sclna-owi-cm-20230823t104701-20230823t104732-00003-xxxxx.nc
al082023,IRWIN,rcm3-sclnd-owi-cm-20230829t102746-20230829t102905-00003-______ll_gd_GEO-IRWIN.nc,29.960298538208,289.102813720703,"2023-08-29T10:27:46,000",/scale/user/mtannaou/alternance/donnees_sar_changes/rcm3-sclnd-owi-cm-20230829t102746-20230829t102905-00003-xxxxx_aeqd.nc,rcm3-sclnd-owi-cm-20230829t102746-20230829t102905-00003-xxxxx.nc,/home/datawork-cersat-public/cache/public/ftp/project/sarwing/processings/grdwind+windir_2025v6v12_2v0_0v3v9_0v0v6_0v0v6_1v4v3_1v0v15_1v0v10_1v2v5_1v2v2_1v1v1_1v2v1/cmod5n_ecmwf_norecal_rs2rcmgmfv4_28052025/rcm-3/L2M/sclnd/rcm-3_sclnd/2023/241/RCM3_OK2711534_PK2714101_1_SCLND_20230829_102748_VV_VH_GRD/rcm3-sclnd-owi-cm-20230829t102746-20230829t102905-00003-xxxxx.nc
al082023,IRWIN,rcm1-sclnb-owi-cm-20230822t103914-20230822t104029-00003-______ll_gd_GEO-IRWIN.nc,14.3682289123535,288.983001708984,"2023-08-22T10:39:14,000",/scale/user/mtannaou/alternance/donnees_sar_changes/rcm1-sclnb-owi-cm-20230822t103914-20230822t104029-00003-xxxxx_aeqd.nc,rcm1-sclnb-owi-cm-20230822t103914-20230822t104029-00003-xxxxx.nc,/home/datawork-cersat-public/cache/public/ftp/project/sarwing/processings/grdwind+windir_2025v6v12_2v0_0v3v9_0v0v6_0v0v6_1v4v3_1v0v15_1v0v10_1v2v5_1v2v2_1v1v1_1v2v1/cmod5n_ecmwf_norecal_rs2rcmgmfv4_28052025/rcm-1/L2M/sclnb/rcm-1_sclnb/2023/234/RCM1_OK2701281_PK2703693_1_SCLNB_20230822_103916_VV_VH_GRD/rcm1-sclnb-owi-cm-20230822t103914-20230822t104029-00003-xxxxx.nc
al082023,IRWIN,rcm3-sclnd-owi-cm-20230827t101327-20230827t101443-00003-______ll_gd_GEO-IRWIN.nc,24.5798854827881,291.272125244141,"2023-08-27T10:13:27,000",/scale/user/mtannaou/alternance/donnees_sar_changes/rcm3-sclnd-owi-cm-20230827t101327-20230827t101443-00003-xxxxx_aeqd.nc,rcm3-sclnd-owi-cm-20230827t101327-20230827t101443-00003-xxxxx.nc,/home/datawork-cersat-public/cache/public/ftp/project/sarwing/processings/grdwind+windir_2025v6v12_2v0_0v3v9_0v0v6_0v0v6_1v4v3_1v0v15_1v0v10_1v2v5_1v2v2_1v1v1_1v2v1/cmod5n_ecmwf_norecal_rs2rcmgmfv4_28052025/rcm-3/L2M/sclnd/rcm-3_sclnd/2023/239/RCM3_OK2708455_PK2710524_1_SCLND_20230827_101327_VV_VH_GRD/rcm3-sclnd-owi-cm-20230827t101327-20230827t101443-00003-xxxxx.nc
al082023,IRWIN,rcm1-sclnd-owi-cm-20230830t222441-20230830t222556-00003-______ll_gd_GEO-IRWIN.nc,34.1373977661133,293.887115478516,"2023-08-30T22:24:41,000",/scale/user/mtannaou/alternance/donnees_sar_changes/rcm1-sclnd-owi-cm-20230830t222441-20230830t222556-00003-xxxxx_aeqd.nc,s1a-iw-owi-cm-20230830t222518-20230830t222702-000003-0607CE.nc,/home/datawork-cersat-public/cache/public/ftp/project/sarwing/processings/grdwind+windir_2025v6v12_2v0_0v3v9_0v0v6_0v0v6_1v4v3_1v0v15_1v0v10_1v2v5_1v2v2_1v1v1_1v2v1/cmod5n_ecmwf_norecal_rs2rcmgmfv4_28052025/sentinel-1a/L2M/IW/S1A_IW_GRDH_1S/2023/242/S1A_IW_GRDH_1SDV_20230830T222518_20230830T222702_050111_0607CE_5FAAX71F6XA7FEXCA26/s1a-iw-owi-cm-20230830t222518-20230830t222702-000003-0607CE.nc
al082023,IRWIN,s1a-ew-owi-cm-20230829t104413-20230829t104516-000003-060704_ll_gd_GEO-IRWIN.nc,29.9758186340332,289.110900878906,"2023-08-29T10:44:13,000",/scale/user/mtannaou/alternance/donnees_sar_changes/s1a-ew-owi-cm-20230829t104413-20230829t104516-000003-060704_aeqd.nc,s1a-ew-owi-cm-20230829t104413-20230829t104516-000003-060704.nc,/home/datawork-cersat-public/cache/public/ftp/project/sarwing/processings/grdwind+windir_2025v6v12_2v0_0v3v9_0v0v6_0v0v6_1v4v3_1v0v15_1v0v10_1v2v5_1v2v2_1v1v1_1v2v1/cmod5n_ecmwf_norecal_rs2rcmgmfv4_28052025/sentinel-1a/L2M/EW/S1A_EW_GRDM_1S/2023/241/S1A_EW_GRDM_1SDV_20230829T104413_20230829T104516_050089_060704_66D7/s1a-ew-owi-cm-20230829t104413-20230829t104516-000003-060704.nc
wp042021,IRWIN,rcm2-sc50ma-owi-cm-20210603t101325-20210603t101821-00003-______ll_gd_GEO-IRWIN.nc,18.0103149414063,118.061798095703,"2021-06-03T10:13:25,000",,rcm2-sc50ma-owi-cm-20210603t101325-20210603t101821-00003-xxxxx.nc,/home/datawork-cersat-public/cache/public/ftp/project/sarwing/processings/grdwind+windir_2025v6v12_2v0_0v3v9_0v0v6_0v0v6_1v4v3_1v0v15_1v0v10_1v2v5_1v2v2_1v1v1_1v2v1/cmod5n_ecmwf_norecal_rs2rcmgmfv4_28052025/rcm-2/L2M/sc50ma/rcm-2_sc50ma/2021/154/RCM2_OK2377900_PK2378057_3_SC50MA_20210603_101338_HH_HV_GRD/rcm2-sc50ma-owi-cm-20210603t101325-20210603t101821-00003-xxxxx.nc
ep122024,IRWIN,rcm3-sclnd-owi-cm-20241026t141619-20241026t141735-00003-______ll_gd_GEO-IRWIN.nc,19.2735004425049,231.83625793457,"2024-10-26T14:16:19,000",/scale/user/mtannaou/alternance/donnees_sar_changes/rcm3-sclnd-owi-cm-20241026t141619-20241026t141735-00003-xxxxx_aeqd.nc,rcm3-sclnd-owi-cm-20241026t141619-20241026t141735-00003-xxxxx.nc,/home/datawork-cersat-public/cache/public/ftp/project/sarwing/processings/grdwind+windir_2025v6v12_2v0_0v3v9_0v0v6_0v0v6_1v4v3_1v0v15_1v0v10_1v2v5_1v2v2_1v1v1_1v2v1/cmod5n_ecmwf_norecal_rs2rcmgmfv4_28052025/rcm-3/L2M/sclnd/rcm-3_sclnd/2024/300/RCM3_OK3331253_PK3334082_1_SCLND_20241026_141621_VV_VH_GRD/rcm3-sclnd-owi-cm-20241026t141619-20241026t141735-00003-xxxxx.nc
ep122024,IRWIN,rcm1-sc50mb-owi-cm-20241023t012355-20241023t012513-00003-______ll_gd_GEO-IRWIN.nc,14.7039833068848,250.963607788086,"2024-10-23T01:23:55,000",/scale/user/mtannaou/alternance/donnees_sar_changes/rcm1-sc50mb-owi-cm-20241023t012355-20241023t012513-00003-xxxxx_aeqd.nc,rcm1-sc50mb-owi-cm-20241023t012355-20241023t012513-00003-xxxxx.nc,/home/datawork-cersat-public/cache/public/ftp/project/sarwing/processings/grdwind+windir_2025v6v12_2v0_0v3v9_0v0v6_0v0v6_1v4v3_1v0v15_1v0v10_1v2v5_1v2v2_1v1v1_1v2v1/cmod5n_ecmwf_norecal_rs2rcmgmfv4_28052025/rcm-1/L2M/sc50mb/rcm-1_sc50mb/2024/297/RCM1_OK3326586_PK3328708_1_SC50MB_20241023_012322_HH_HV_GRD/rcm1-sc50mb-owi-cm-20241023t012355-20241023t012513-00003-xxxxx.nc
ep122024,IRWIN,rcm3-sc50mc-owi-cm-20241024t020432-20241024t020550-00003-______ll_gd_GEO-IRWIN.nc,14.2009382247925,243.574523925781,"2024-10-24T02:04:32,000",/scale/user/mtannaou/alternance/donnees_sar_changes/rcm3-sc50mc-owi-cm-20241024t020432-20241024t020550-00003-xxxxx_aeqd.nc,rcm3-sc50mc-owi-cm-20241024t020432-20241024t020550-00003-xxxxx.nc,/home/datawork-cersat-public/cache/public/ftp/project/sarwing/processings/grdwind+windir_2025v6v12_2v0_0v3v9_0v0v6_0v0v6_1v4v3_1v0v15_1v0v10_1v2v5_1v2v2_1v1v1_1v2v1/cmod5n_ecmwf_norecal_rs2rcmgmfv4_28052025/rcm-3/L2M/sc50mc/rcm-3_sc50mc/2024/298/RCM3_OK3327979_PK3330355_1_SC50MC_20241024_020433_HH_HV_GRD/rcm3-sc50mc-owi-cm-20241024t020432-20241024t020550-00003-xxxxx.nc
ep122024,IRWIN,rcm3-sclnc-owi-cm-20241025t140906-20241025t141023-00003-______ll_gd_GEO-IRWIN.nc,15.5258369445801,235.659027099609,"2024-10-25T14:09:06,000",/scale/user/mtannaou/alternance/donnees_sar_changes/rcm3-sclnc-owi-cm-20241025t140906-20241025t141023-00003-xxxxx_aeqd.nc,rcm3-sclnc-owi-cm-20241025t140906-20241025t141023-00003-xxxxx.nc,/home/datawork-cersat-public/cache/public/ftp/project/sarwing/processings/grdwind+windir_2025v6v12_2v0_0v3v9_0v0v6_0v0v6_1v4v3_1v0v15_1v0v10_1v2v5_1v2v2_1v1v1_1v2v1/cmod5n_ecmwf_norecal_rs2rcmgmfv4_28052025/rcm-3/L2M/sclnc/rcm-3_sclnc/2024/299/RCM3_OK3329754_PK3332694_1_SCLNC_20241025_140906_VV_VH_GRD/rcm3-sclnc-owi-cm-20241025t140906-20241025t141023-00003-xxxxx.nc
ep122024,IRWIN,rcm3-sclnd-owi-cm-20241027t142324-20241027t142441-00003-______ll_gd_GEO-IRWIN.nc,22.5283603668213,230.397567749023,"2024-10-27T14:23:24,000",/scale/user/mtannaou/alternance/donnees_sar_changes/rcm3-sclnd-owi-cm-20241027t142324-20241027t142441-00003-xxxxx_aeqd.nc,rcm3-sclnd-owi-cm-20241027t142324-20241027t142441-00003-xxxxx.nc,/home/datawork-cersat-public/cache/public/ftp/project/sarwing/processings/grdwind+windir_2025v6v12_2v0_0v3v9_0v0v6_0v0v6_1v4v3_1v0v15_1v0v10_1v2v5_1v2v2_1v1v1_1v2v1/cmod5n_ecmwf_norecal_rs2rcmgmfv4_28052025/rcm-3/L2M/sclnd/rcm-3_sclnd/2024/301/RCM3_OK3332792_PK3335674_1_SCLND_20241027_142324_VV_VH_GRD/rcm3-sclnd-owi-cm-20241027t142324-20241027t142441-00003-xxxxx.nc
ep122024,IRWIN,rcm1-sc50mb-owi-cm-20241023t132045-20241023t132202-00003-______ll_gd_GEO-IRWIN.nc,14.4200038909912,247.175048828125,"2024-10-23T13:20:45,000",/scale/user/mtannaou/alternance/donnees_sar_changes/rcm1-sc50mb-owi-cm-20241023t132045-20241023t132202-00003-xxxxx_aeqd.nc,rcm1-sc50mb-owi-cm-20241023t132045-20241023t132202-00003-xxxxx.nc,/home/datawork-cersat-public/cache/public/ftp/project/sarwing/processings/grdwind+windir_2025v6v12_2v0_0v3v9_0v0v6_0v0v6_1v4v3_1v0v15_1v0v10_1v2v5_1v2v2_1v1v1_1v2v1/cmod5n_ecmwf_norecal_rs2rcmgmfv4_28052025/rcm-1/L2M/sc50mb/rcm-1_sc50mb/2024/297/RCM1_OK3327970_PK3329563_1_SC50MB_20241023_131949_HH_HV_GRD/rcm1-sc50mb-owi-cm-20241023t132045-20241023t132202-00003-xxxxx.nc
ep122024,IRWIN,rcm3-sclna-owi-cm-20241024t140117-20241024t140232-00003-______ll_gd_GEO-IRWIN.nc,14.0002136230469,240.280426025391,"2024-10-24T14:01:17,000",/scale/user/mtannaou/alternance/donnees_sar_changes/rcm3-sclna-owi-cm-20241024t140117-20241024t140232-00003-xxxxx_aeqd.nc,rcm3-sclna-owi-cm-20241024t140117-20241024t140232-00003-xxxxx.nc,/home/datawork-cersat-public/cache/public/ftp/project/sarwing/processings/grdwind+windir_2025v6v12_2v0_0v3v9_0v0v6_0v0v6_1v4v3_1v0v15_1v0v10_1v2v5_1v2v2_1v1v1_1v2v1/cmod5n_ecmwf_norecal_rs2rcmgmfv4_28052025/rcm-3/L2M/sclna/rcm-3_sclna/2024/298/RCM3_OK3329279_PK3331138_1_SCLNA_20241024_140118_VV_VH_GRD/rcm3-sclna-owi-cm-20241024t140117-20241024t140232-00003-xxxxx.nc
ep122024,IRWIN,rcm3-sclna-owi-cm-20241025t021249-20241025t021404-00003-______ll_gd_GEO-IRWIN.nc,14.3177537918091,237.747833251953,"2024-10-25T02:12:49,000",/scale/user/mtannaou/alternance/donnees_sar_changes/rcm3-sclna-owi-cm-20241025t021249-20241025t021404-00003-xxxxx_aeqd.nc,rcm3-sclna-owi-cm-20241025t021249-20241025t021404-00003-xxxxx.nc,/home/datawork-cersat-public/cache/public/ftp/project/sarwing/processings/grdwind+windir_2025v6v12_2v0_0v3v9_0v0v6_0v0v6_1v4v3_1v0v15_1v0v10_1v2v5_1v2v2_1v1v1_1v2v1/cmod5n_ecmwf_norecal_rs2rcmgmfv4_28052025/rcm-3/L2M/sclna/rcm-3_sclna/2024/299/RCM3_OK3328416_PK3331950_1_SCLNA_20241025_021251_VV_VH_GRD/rcm3-sclna-owi-cm-20241025t021249-20241025t021404-00003-xxxxx.nc
ep122024,IRWIN,rcm2-sc50ma-owi-cm-20241021t123254-20241021t123411-00003-______ll_gd_GEO-IRWIN.nc,13.5954999923706,260.364105224609,"2024-10-21T12:32:54,000",/scale/user/mtannaou/alternance/donnees_sar_changes/rcm2-sc50ma-owi-cm-20241021t123254-20241021t123411-00003-xxxxx_aeqd.nc,rcm2-sc50ma-owi-cm-20241021t123254-20241021t123411-00003-xxxxx.nc,/home/datawork-cersat-public/cache/public/ftp/project/sarwing/processings/grdwind+windir_2025v6v12_2v0_0v3v9_0v0v6_0v0v6_1v4v3_1v0v15_1v0v10_1v2v5_1v2v2_1v1v1_1v2v1/cmod5n_ecmwf_norecal_rs2rcmgmfv4_28052025/rcm-2/L2M/sc50ma/rcm-2_sc50ma/2024/295/RCM2_OK3324699_PK3326801_1_SC50MA_20241021_123255_HH_HV_GRD/rcm2-sc50ma-owi-cm-20241021t123254-20241021t123411-00003-xxxxx.nc
ep122024,IRWIN,s1a-ew-owi-cm-20241025t021734-20241025t021838-000003-06E34A_ll_gd_GEO-IRWIN.nc,14.3301200866699,237.713165283203,"2024-10-25T02:17:34,000",/scale/user/mtannaou/alternance/donnees_sar_changes/s1a-ew-owi-cm-20241025t021734-20241025t021838-000003-06E34A_aeqd.nc,s1a-ew-owi-cm-20241025t021734-20241025t021838-000003-06E34A.nc,/home/datawork-cersat-public/cache/public/ftp/project/sarwing/processings/grdwind+windir_2025v6v12_2v0_0v3v9_0v0v6_0v0v6_1v4v3_1v0v15_1v0v10_1v2v5_1v2v2_1v1v1_1v2v1/cmod5n_ecmwf_norecal_rs2rcmgmfv4_28052025/sentinel-1a/L2M/EW/S1A_EW_GRDM_1S/2024/299/S1A_EW_GRDM_1SDV_20241025T021734_20241025T021838_056253_06E34A_3CA6/s1a-ew-owi-cm-20241025t021734-20241025t021838-000003-06E34A.nc
sh252020,IRWIN,s1a-iw-owi-cm-20200406t071235-20200406t071509-000003-03B25D_ll_gd_GEO-IRWIN.nc,-15.7417106628418,167.633911132813,"2020-04-06T07:12:35,000",/scale/user/mtannaou/alternance/donnees_sar_changes/s1a-iw-owi-cm-20200406t071235-20200406t071509-000003-03B25D_aeqd.nc,s1a-iw-owi-cm-20200406t071235-20200406t071509-000003-03B25D.nc,/home/datawork-cersat-public/cache/public/ftp/project/sarwing/processings/grdwind+windir_2025v6v12_2v0_0v3v9_0v0v6_0v0v6_1v4v3_1v0v15_1v0v10_1v2v5_1v2v2_1v1v1_1v2v1/cmod5n_ecmwf_norecal_rs2rcmgmfv4_28052025/sentinel-1a/L2M/IW/S1A_IW_GRDH_1S/2020/097/S1A_IW_GRDH_1SDV_20200406T071235_20200406T071509_032003_03B25D_3E7FX5B77X74A7XC1A2XC6B9XC82D/s1a-iw-owi-cm-20200406t071235-20200406t071509-000003-03B25D.nc
al282020,IRWIN,rs2-scwa-owi-cm-20201028t120710-20201028t120825-00003-______ll_gd_GEO-IRWIN.nc,25.4986991882324,268.277252197266,"2020-10-28T12:07:10,000",/scale/user/mtannaou/alternance/donnees_sar_changes/rs2-scwa-owi-cm-20201028t120710-20201028t120825-00003-xxxxx_aeqd.nc,rs2-scwa-owi-cm-20201028t120710-20201028t120825-00003-xxxxx.nc,/home/datawork-cersat-public/cache/public/ftp/project/sarwing/processings/grdwind+windir_2025v6v12_2v0_0v3v9_0v0v6_0v0v6_1v4v3_1v0v15_1v0v10_1v2v5_1v2v2_1v1v1_1v2v1/cmod5n_ecmwf_norecal_rs2rcmgmfv4_28052025/RS2/L2M/SCWA/RS2_SCWA/2020/302/RS2_OK125612_PK1098047_DK1043917_SCWA_20201028_120710_120710_VV_VH_SCF/rs2-scwa-owi-cm-20201028t120710-20201028t120825-00003-xxxxx.nc
al282020,IRWIN,s1b-iw-owi-cm-20201026t235804-20201026t235944-000003-02D99A_ll_gd_GEO-IRWIN.nc,19.6930675506592,273.735473632813,"2020-10-26T23:58:04,000",,s1b-iw-owi-cm-20201026t235735-20201026t235944-000003-02D99A.nc,/home/datawork-cersat-public/cache/public/ftp/project/sarwing/processings/grdwind+windir_2025v6v12_2v0_0v3v9_0v0v6_0v0v6_1v4v3_1v0v15_1v0v10_1v2v5_1v2v2_1v1v1_1v2v1/cmod5n_ecmwf_norecal_rs2rcmgmfv4_28052025/sentinel-1b/L2M/IW/S1B_IW_GRDH_1S/2020/300/S1B_IW_GRDH_1SDV_20201026T235735_20201026T235944_023991_02D99A_1EE5X4F54X53B7XA751XCBDF/s1b-iw-owi-cm-20201026t235735-20201026t235944-000003-02D99A.nc
al182019,IRWIN,s1b-ew-owi-cm-20191025t081225-20191025t081426-000003-023199_ll_gd_GEO-IRWIN.nc,36.306095123291,326.016937255859,"2019-10-25T08:12:25,000",/scale/user/mtannaou/alternance/donnees_sar_changes/s1b-ew-owi-cm-20191025t081225-20191025t081426-000003-023199_aeqd.nc,s1b-ew-owi-cm-20191025t081225-20191025t081426-000003-023199.nc,/home/datawork-cersat-public/cache/public/ftp/project/sarwing/processings/grdwind+windir_2025v6v12_2v0_0v3v9_0v0v6_0v0v6_1v4v3_1v0v15_1v0v10_1v2v5_1v2v2_1v1v1_1v2v1/cmod5n_ecmwf_norecal_rs2rcmgmfv4_28052025/sentinel-1b/L2M/EW/S1B_EW_GRDM_1S/2019/298/S1B_EW_GRDM_1SDV_20191025T081225_20191025T081426_018629_023199_484EX8363/s1b-ew-owi-cm-20191025t081225-20191025t081426-000003-023199.nc
al182019,IRWIN,s1a-iw-owi-cm-20191026t080555-20191026t080712-000003-035FAD_ll_gd_GEO-IRWIN.nc,35.1954727172852,329.322357177734,"2019-10-26T08:05:55,000",/scale/user/mtannaou/alternance/donnees_sar_changes/s1a-iw-owi-cm-20191026t080555-20191026t080712-000003-035FAD_aeqd.nc,s1a-iw-owi-cm-20191026t080555-20191026t080712-000003-035FAD.nc,/home/datawork-cersat-public/cache/public/ftp/project/sarwing/processings/grdwind+windir_2025v6v12_2v0_0v3v9_0v0v6_0v0v6_1v4v3_1v0v15_1v0v10_1v2v5_1v2v2_1v1v1_1v2v1/cmod5n_ecmwf_norecal_rs2rcmgmfv4_28052025/sentinel-1a/L2M/IW/S1A_IW_GRDH_1S/2019/299/S1A_IW_GRDH_1SDV_20191026T080555_20191026T080712_029627_035FAD_1D0AX5709X7091/s1a-iw-owi-cm-20191026t080555-20191026t080712-000003-035FAD.nc
al012023,IRWIN,s1a-iw-owi-cm-20230116t220908-20230116t221023-000003-059CF8_ll_gd_GEO-IRWIN.nc,38.2792434692383,297.272796630859,"2023-01-16T22:09:08,000",/scale/user/mtannaou/alternance/donnees_sar_changes/s1a-iw-owi-cm-20230116t220908-20230116t221023-000003-059CF8_aeqd.nc,s1a-iw-owi-cm-20230116t220908-20230116t221023-000003-059CF8.nc,/home/datawork-cersat-public/cache/public/ftp/project/sarwing/processings/grdwind+windir_2025v6v12_2v0_0v3v9_0v0v6_0v0v6_1v4v3_1v0v15_1v0v10_1v2v5_1v2v2_1v1v1_1v2v1/cmod5n_ecmwf_norecal_rs2rcmgmfv4_28052025/sentinel-1a/L2M/IW/S1A_IW_GRDH_1S/2023/016/S1A_IW_GRDH_1SDV_20230116T220908_20230116T221023_046815_059CF8_2E62X5DA5X9054/s1a-iw-owi-cm-20230116t220908-20230116t221023-000003-059CF8.nc
al022024,IRWIN,rcm3-sclna-owi-cm-20240706t120629-20240706t120746-00003-______ll_gd_GEO-IRWIN.nc,22.3590927124023,268.449066162109,"2024-07-06T12:06:29,000",/scale/user/mtannaou/alternance/donnees_sar_changes/rcm3-sclna-owi-cm-20240706t120629-20240706t120746-00003-xxxxx_aeqd.nc,rcm3-sclna-owi-cm-20240706t120629-20240706t120746-00003-xxxxx.nc,/home/datawork-cersat-public/cache/public/ftp/project/sarwing/processings/grdwind+windir_2025v6v12_2v0_0v3v9_0v0v6_0v0v6_1v4v3_1v0v15_1v0v10_1v2v5_1v2v2_1v1v1_1v2v1/cmod5n_ecmwf_norecal_rs2rcmgmfv4_28052025/rcm-3/L2M/sclna/rcm-3_sclna/2024/188/RCM3_OK3145239_PK3152507_1_SCLNA_20240706_120630_VV_VH_GRD/rcm3-sclna-owi-cm-20240706t120629-20240706t120746-00003-xxxxx.nc
al022024,IRWIN,s1a-iw-owi-cm-20240705t114427-20240705t114546-000003-06A64E_ll_gd_GEO-IRWIN.nc,20.1723556518555,272.874267578125,"2024-07-05T11:44:27,000",,s1a-iw-owi-cm-20240705t114427-20240705t114611-000003-06A64E.nc,/home/datawork-cersat-public/cache/public/ftp/project/sarwing/processings/grdwind+windir_2025v6v12_2v0_0v3v9_0v0v6_0v0v6_1v4v3_1v0v15_1v0v10_1v2v5_1v2v2_1v1v1_1v2v1/cmod5n_ecmwf_norecal_rs2rcmgmfv4_28052025/sentinel-1a/L2M/IW/S1A_IW_GRDH_1S/2024/187/S1A_IW_GRDH_1SDV_20240705T114427_20240705T114611_054625_06A64E_5261X6E6EX9165XB4B4/s1a-iw-owi-cm-20240705t114427-20240705t114611-000003-06A64E.nc
al022024,IRWIN,rcm2-sc50ma-owi-cm-20240702t224344-20240702t224458-00003-______ll_gd_GEO-IRWIN.nc,15.815673828125,289.195709228516,"2024-07-02T22:43:44,000",/scale/user/mtannaou/alternance/donnees_sar_changes/rcm2-sc50ma-owi-cm-20240702t224344-20240702t224458-00003-xxxxx_aeqd.nc,rcm2-sc50ma-owi-cm-20240702t224344-20240702t224458-00003-xxxxx.nc,/home/datawork-cersat-public/cache/public/ftp/project/sarwing/processings/grdwind+windir_2025v6v12_2v0_0v3v9_0v0v6_0v0v6_1v4v3_1v0v15_1v0v10_1v2v5_1v2v2_1v1v1_1v2v1/cmod5n_ecmwf_norecal_rs2rcmgmfv4_28052025/rcm-2/L2M/sc50ma/rcm-2_sc50ma/2024/184/RCM2_OK3140006_PK3147194_1_SC50MA_20240702_224345_HH_HV_GRD/rcm2-sc50ma-owi-cm-20240702t224344-20240702t224458-00003-xxxxx.nc
al022024,IRWIN,rcm1-sclnd-owi-cm-20240630t091214-20240630t091332-00003-______ll_gd_GEO-IRWIN.nc,10.4254512786865,307.340026855469,"2024-06-30T09:12:14,000",/scale/user/mtannaou/alternance/donnees_sar_changes/rcm1-sclnd-owi-cm-20240630t091214-20240630t091332-00003-xxxxx_aeqd.nc,rcm1-sclnd-owi-cm-20240630t091214-20240630t091332-00003-xxxxx.nc,/home/datawork-cersat-public/cache/public/ftp/project/sarwing/processings/grdwind+windir_2025v6v12_2v0_0v3v9_0v0v6_0v0v6_1v4v3_1v0v15_1v0v10_1v2v5_1v2v2_1v1v1_1v2v1/cmod5n_ecmwf_norecal_rs2rcmgmfv4_28052025/rcm-1/L2M/sclnd/rcm-1_sclnd/2024/182/RCM1_OK3139959_PK3143436_1_SCLND_20240630_091215_VV_VH_GRD/rcm1-sclnd-owi-cm-20240630t091214-20240630t091332-00003-xxxxx.nc
al022024,IRWIN,rcm3-sclnb-owi-cm-20240701t095228-20240701t095343-00003-______ll_gd_GEO-IRWIN.nc,11.6123924255371,300.4755859375,"2024-07-01T09:52:28,000",/scale/user/mtannaou/alternance/donnees_sar_changes/rcm3-sclnb-owi-cm-20240701t095228-20240701t095343-00003-xxxxx_aeqd.nc,rcm3-sclnb-owi-cm-20240701t095228-20240701t095343-00003-xxxxx.nc,/home/datawork-cersat-public/cache/public/ftp/project/sarwing/processings/grdwind+windir_2025v6v12_2v0_0v3v9_0v0v6_0v0v6_1v4v3_1v0v15_1v0v10_1v2v5_1v2v2_1v1v1_1v2v1/cmod5n_ecmwf_norecal_rs2rcmgmfv4_28052025/rcm-3/L2M/sclnb/rcm-3_sclnb/2024/183/RCM3_OK3143455_PK3144641_1_SCLNB_20240701_095229_VV_VH_GRD/rcm3-sclnb-owi-cm-20240701t095228-20240701t095343-00003-xxxxx.nc
al022024,IRWIN,rcm1-sclnc-owi-cm-20240704t111921-20240704t112014-00003-______ll_gd_GEO-IRWIN.nc,18.574348449707,278.965606689453,"2024-07-04T11:19:21,000",/scale/user/mtannaou/alternance/donnees_sar_changes/rcm1-sclnc-owi-cm-20240704t111921-20240704t112014-00003-xxxxx_aeqd.nc,rcm1-sclnc-owi-cm-20240704t111921-20240704t112014-00003-xxxxx.nc,/home/datawork-cersat-public/cache/public/ftp/project/sarwing/processings/grdwind+windir_2025v6v12_2v0_0v3v9_0v0v6_0v0v6_1v4v3_1v0v15_1v0v10_1v2v5_1v2v2_1v1v1_1v2v1/cmod5n_ecmwf_norecal_rs2rcmgmfv4_28052025/rcm-1/L2M/sclnc/rcm-1_sclnc/2024/186/RCM1_OK3142906_PK3149314_1_SCLNC_20240704_111924_VV_VH_GRD/rcm1-sclnc-owi-cm-20240704t111921-20240704t112014-00003-xxxxx.nc
al022024,IRWIN,rcm2-sc50ma-owi-cm-20240702t103148-20240702t103304-00003-______ll_gd_GEO-IRWIN.nc,14.6636085510254,293.19482421875,"2024-07-02T10:31:48,000",/scale/user/mtannaou/alternance/donnees_sar_changes/rcm2-sc50ma-owi-cm-20240702t103148-20240702t103304-00003-xxxxx_aeqd.nc,rcm2-sc50ma-owi-cm-20240702t103148-20240702t103304-00003-xxxxx.nc,/home/datawork-cersat-public/cache/public/ftp/project/sarwing/processings/grdwind+windir_2025v6v12_2v0_0v3v9_0v0v6_0v0v6_1v4v3_1v0v15_1v0v10_1v2v5_1v2v2_1v1v1_1v2v1/cmod5n_ecmwf_norecal_rs2rcmgmfv4_28052025/rcm-2/L2M/sc50ma/rcm-2_sc50ma/2024/184/RCM2_OK3144005_PK3146188_1_SC50MA_20240702_103148_HH_HV_GRD/rcm2-sc50ma-owi-cm-20240702t103148-20240702t103304-00003-xxxxx.nc
al022024,IRWIN,rcm3-sclnc-owi-cm-20240708t122047-20240708t122204-00003-______ll_gd_GEO-IRWIN.nc,28.9435787200928,263.978698730469,"2024-07-08T12:20:47,000",/scale/user/mtannaou/alternance/donnees_sar_changes/rcm3-sclnc-owi-cm-20240708t122047-20240708t122204-00003-xxxxx_aeqd.nc,rcm3-sclnc-owi-cm-20240708t122047-20240708t122204-00003-xxxxx.nc,/home/datawork-cersat-public/cache/public/ftp/project/sarwing/processings/grdwind+windir_2025v6v12_2v0_0v3v9_0v0v6_0v0v6_1v4v3_1v0v15_1v0v10_1v2v5_1v2v2_1v1v1_1v2v1/cmod5n_ecmwf_norecal_rs2rcmgmfv4_28052025/rcm-3/L2M/sclnc/rcm-3_sclnc/2024/190/RCM3_OK3151586_PK3155212_1_SCLNC_20240708_122048_VV_VH_GRD/rcm3-sclnc-owi-cm-20240708t122047-20240708t122204-00003-xxxxx.nc
al022024,IRWIN,rcm3-sclnb-owi-cm-20240707t002228-20240707t002343-00003-______ll_gd_GEO-IRWIN.nc,24.2253761291504,266.622497558594,"2024-07-07T00:22:28,000",/scale/user/mtannaou/alternance/donnees_sar_changes/rcm3-sclnb-owi-cm-20240707t002228-20240707t002343-00003-xxxxx_aeqd.nc,rcm3-sclnb-owi-cm-20240707t002228-20240707t002343-00003-xxxxx.nc,/home/datawork-cersat-public/cache/public/ftp/project/sarwing/processings/grdwind+windir_2025v6v12_2v0_0v3v9_0v0v6_0v0v6_1v4v3_1v0v15_1v0v10_1v2v5_1v2v2_1v1v1_1v2v1/cmod5n_ecmwf_norecal_rs2rcmgmfv4_28052025/rcm-3/L2M/sclnb/rcm-3_sclnb/2024/189/RCM3_OK3145240_PK3153138_1_SCLNB_20240707_002230_VV_VH_GRD/rcm3-sclnb-owi-cm-20240707t002228-20240707t002343-00003-xxxxx.nc
al022024,IRWIN,rcm1-sclnc-owi-cm-20240703t232414-20240703t232529-00003-______ll_gd_GEO-IRWIN.nc,17.5830612182617,282.365447998047,"2024-07-03T23:24:14,000",/scale/user/mtannaou/alternance/donnees_sar_changes/rcm1-sclnc-owi-cm-20240703t232414-20240703t232529-00003-xxxxx_aeqd.nc,rcm1-sclnc-owi-cm-20240703t232414-20240703t232529-00003-xxxxx.nc,/home/datawork-cersat-public/cache/public/ftp/project/sarwing/processings/grdwind+windir_2025v6v12_2v0_0v3v9_0v0v6_0v0v6_1v4v3_1v0v15_1v0v10_1v2v5_1v2v2_1v1v1_1v2v1/cmod5n_ecmwf_norecal_rs2rcmgmfv4_28052025/rcm-1/L2M/sclnc/rcm-1_sclnc/2024/185/RCM1_OK3141386_PK3148639_1_SCLNC_20240703_232415_VV_VH_GRD/rcm1-sclnc-owi-cm-20240703t232414-20240703t232529-00003-xxxxx.nc
al022024,IRWIN,rcm3-sclnc-owi-cm-20240707t121352-20240707t121507-00003-______ll_gd_GEO-IRWIN.nc,25.2985706329346,265.267913818359,"2024-07-07T12:13:52,000",/scale/user/mtannaou/alternance/donnees_sar_changes/rcm3-sclnc-owi-cm-20240707t121352-20240707t121507-00003-xxxxx_aeqd.nc,rcm3-sclnc-owi-cm-20240707t121352-20240707t121507-00003-xxxxx.nc,/home/datawork-cersat-public/cache/public/ftp/project/sarwing/processings/grdwind+windir_2025v6v12_2v0_0v3v9_0v0v6_0v0v6_1v4v3_1v0v15_1v0v10_1v2v5_1v2v2_1v1v1_1v2v1/cmod5n_ecmwf_norecal_rs2rcmgmfv4_28052025/rcm-3/L2M/sclnc/rcm-3_sclnc/2024/189/RCM3_OK3148461_PK3153841_1_SCLNC_20240707_121354_VV_VH_GRD/rcm3-sclnc-owi-cm-20240707t121352-20240707t121507-00003-xxxxx.nc
al022024,IRWIN,rcm2-sc50mc-owi-cm-20240701t223453-20240701t223610-00003-______ll_gd_GEO-IRWIN.nc,13.0862970352173,296.912353515625,"2024-07-01T22:34:53,000",/scale/user/mtannaou/alternance/donnees_sar_changes/rcm2-sc50mc-owi-cm-20240701t223453-20240701t223610-00003-xxxxx_aeqd.nc,rcm2-sc50mc-owi-cm-20240701t223453-20240701t223610-00003-xxxxx.nc,/home/datawork-cersat-public/cache/public/ftp/project/sarwing/processings/grdwind+windir_2025v6v12_2v0_0v3v9_0v0v6_0v0v6_1v4v3_1v0v15_1v0v10_1v2v5_1v2v2_1v1v1_1v2v1/cmod5n_ecmwf_norecal_rs2rcmgmfv4_28052025/rcm-2/L2M/sc50mc/rcm-2_sc50mc/2024/183/RCM2_OK3143457_PK3145333_1_SC50MC_20240701_223453_HH_HV_GRD/rcm2-sc50mc-owi-cm-20240701t223453-20240701t223610-00003-xxxxx.nc
al022024,IRWIN,rcm1-sclnd-owi-cm-20240628t210500-20240628t210617-00003-______ll_gd_GEO-IRWIN.nc,9.02647113800049,318.395629882813,"2024-06-28T21:05:00,000",/scale/user/mtannaou/alternance/donnees_sar_changes/rcm1-sclnd-owi-cm-20240628t210500-20240628t210617-00003-xxxxx_aeqd.nc,rcm1-sclnd-owi-cm-20240628t210500-20240628t210617-00003-xxxxx.nc,/home/datawork-cersat-public/cache/public/ftp/project/sarwing/processings/grdwind+windir_2025v6v12_2v0_0v3v9_0v0v6_0v0v6_1v4v3_1v0v15_1v0v10_1v2v5_1v2v2_1v1v1_1v2v1/cmod5n_ecmwf_norecal_rs2rcmgmfv4_28052025/rcm-1/L2M/sclnd/rcm-1_sclnd/2024/180/RCM1_OK3139316_PK3141565_1_SCLND_20240628_210500_VV_VH_GRD/rcm1-sclnd-owi-cm-20240628t210500-20240628t210617-00003-xxxxx.nc
al022024,IRWIN,rcm2-sclnd-owi-cm-20240629t083228-20240629t083343-00003-______ll_gd_GEO-IRWIN.nc,9.52423191070557,314.607482910156,"2024-06-29T08:32:28,000",/scale/user/mtannaou/alternance/donnees_sar_changes/rcm2-sclnd-owi-cm-20240629t083228-20240629t083343-00003-xxxxx_aeqd.nc,rcm2-sclnd-owi-cm-20240629t083228-20240629t083343-00003-xxxxx.nc,/home/datawork-cersat-public/cache/public/ftp/project/sarwing/processings/grdwind+windir_2025v6v12_2v0_0v3v9_0v0v6_0v0v6_1v4v3_1v0v15_1v0v10_1v2v5_1v2v2_1v1v1_1v2v1/cmod5n_ecmwf_norecal_rs2rcmgmfv4_28052025/rcm-2/L2M/sclnd/rcm-2_sclnd/2024/181/RCM2_OK3139957_PK3142220_1_SCLND_20240629_083230_VV_VH_GRD/rcm2-sclnd-owi-cm-20240629t083228-20240629t083343-00003-xxxxx.nc
al022024,IRWIN,rcm3-sclnb-owi-cm-20240630t215435-20240630t215552-00003-______ll_gd_GEO-IRWIN.nc,11.0129442214966,303.786285400391,"2024-06-30T21:54:35,000",/scale/user/mtannaou/alternance/donnees_sar_changes/rcm3-sclnb-owi-cm-20240630t215435-20240630t215552-00003-xxxxx_aeqd.nc,rcm3-sclnb-owi-cm-20240630t215435-20240630t215552-00003-xxxxx.nc,/home/datawork-cersat-public/cache/public/ftp/project/sarwing/processings/grdwind+windir_2025v6v12_2v0_0v3v9_0v0v6_0v0v6_1v4v3_1v0v15_1v0v10_1v2v5_1v2v2_1v1v1_1v2v1/cmod5n_ecmwf_norecal_rs2rcmgmfv4_28052025/rcm-3/L2M/sclnb/rcm-3_sclnb/2024/182/RCM3_OK3139971_PK3144159_1_SCLNB_20240630_215435_VV_VH_GRD/rcm3-sclnb-owi-cm-20240630t215435-20240630t215552-00003-xxxxx.nc
al022024,IRWIN,rcm1-sclna-owi-cm-20240629t211352-20240629t211507-00003-______ll_gd_GEO-IRWIN.nc,9.93618774414063,310.932464599609,"2024-06-29T21:13:52,000",/scale/user/mtannaou/alternance/donnees_sar_changes/rcm1-sclna-owi-cm-20240629t211352-20240629t211507-00003-xxxxx_aeqd.nc,rcm1-sclna-owi-cm-20240629t211352-20240629t211507-00003-xxxxx.nc,/home/datawork-cersat-public/cache/public/ftp/project/sarwing/processings/grdwind+windir_2025v6v12_2v0_0v3v9_0v0v6_0v0v6_1v4v3_1v0v15_1v0v10_1v2v5_1v2v2_1v1v1_1v2v1/cmod5n_ecmwf_norecal_rs2rcmgmfv4_28052025/rcm-1/L2M/sclna/rcm-1_sclna/2024/181/RCM1_OK3139958_PK3142904_1_SCLNA_20240629_211354_VV_VH_GRD/rcm1-sclna-owi-cm-20240629t211352-20240629t211507-00003-xxxxx.nc
al022024,IRWIN,rcm3-sclnd-owi-cm-20240706t001337-20240706t001452-00003-______ll_gd_GEO-IRWIN.nc,21.2545375823975,270.49267578125,"2024-07-06T00:13:37,000",/scale/user/mtannaou/alternance/donnees_sar_changes/rcm3-sclnd-owi-cm-20240706t001337-20240706t001452-00003-xxxxx_aeqd.nc,rcm3-sclnd-owi-cm-20240706t001337-20240706t001452-00003-xxxxx.nc,/home/datawork-cersat-public/cache/public/ftp/project/sarwing/processings/grdwind+windir_2025v6v12_2v0_0v3v9_0v0v6_0v0v6_1v4v3_1v0v15_1v0v10_1v2v5_1v2v2_1v1v1_1v2v1/cmod5n_ecmwf_norecal_rs2rcmgmfv4_28052025/rcm-3/L2M/sclnd/rcm-3_sclnd/2024/188/RCM3_OK3144047_PK3151880_1_SCLND_20240706_001338_VV_VH_GRD/rcm3-sclnd-owi-cm-20240706t001337-20240706t001452-00003-xxxxx.nc
al022024,IRWIN,rcm3-sclnc-owi-cm-20240708t003117-20240708t003234-00003-______ll_gd_GEO-IRWIN.nc,26.8824234008789,264.354400634766,"2024-07-08T00:31:17,000",/scale/user/mtannaou/alternance/donnees_sar_changes/rcm3-sclnc-owi-cm-20240708t003117-20240708t003234-00003-xxxxx_aeqd.nc,rcm3-sclnc-owi-cm-20240708t003117-20240708t003234-00003-xxxxx.nc,/home/datawork-cersat-public/cache/public/ftp/project/sarwing/processings/grdwind+windir_2025v6v12_2v0_0v3v9_0v0v6_0v0v6_1v4v3_1v0v15_1v0v10_1v2v5_1v2v2_1v1v1_1v2v1/cmod5n_ecmwf_norecal_rs2rcmgmfv4_28052025/rcm-3/L2M/sclnc/rcm-3_sclnc/2024/190/RCM3_OK3148477_PK3154515_1_SCLNC_20240708_003118_VV_VH_GRD/rcm3-sclnc-owi-cm-20240708t003117-20240708t003234-00003-xxxxx.nc
wp232019,IRWIN,s1a-iw-owi-cm-20191109t121137-20191109t121321-000003-0366F3_ll_gd_GEO-IRWIN.nc,20.9288768768311,87.8932113647461,"2019-11-09T12:11:37,000",/scale/user/mtannaou/alternance/donnees_sar_changes/s1a-iw-owi-cm-20191109t121137-20191109t121321-000003-0366F3_aeqd.nc,s1a-iw-owi-cm-20191109t121137-20191109t121321-000003-0366F3.nc,/home/datawork-cersat-public/cache/public/ftp/project/sarwing/processings/grdwind+windir_2025v6v12_2v0_0v3v9_0v0v6_0v0v6_1v4v3_1v0v15_1v0v10_1v2v5_1v2v2_1v1v1_1v2v1/cmod5n_ecmwf_norecal_rs2rcmgmfv4_28052025/sentinel-1a/L2M/IW/S1A_IW_GRDH_1S/2019/313/S1A_IW_GRDH_1SDV_20191109T121137_20191109T121321_029834_0366F3_DC40XEE38XF7BBXFE29/s1a-iw-owi-cm-20191109t121137-20191109t121321-000003-0366F3.nc
io042024,IRWIN,rcm1-sclnd-owi-cm-20241130t125513-20241130t125629-00003-______ll_gd_GEO-IRWIN.nc,12.2940263748169,80.7650146484375,"2024-11-30T12:55:13,000",/scale/user/mtannaou/alternance/donnees_sar_changes/rcm1-sclnd-owi-cm-20241130t125513-20241130t125629-00003-xxxxx_aeqd.nc,rcm1-sclnd-owi-cm-20241130t125513-20241130t125629-00003-xxxxx.nc,/home/datawork-cersat-public/cache/public/ftp/project/sarwing/processings/grdwind+windir_2025v6v12_2v0_0v3v9_0v0v6_0v0v6_1v4v3_1v0v15_1v0v10_1v2v5_1v2v2_1v1v1_1v2v1/cmod5n_ecmwf_norecal_rs2rcmgmfv4_28052025/rcm-1/L2M/sclnd/rcm-1_sclnd/2024/335/RCM1_OK3382702_PK3384082_1_SCLND_20241130_125515_VV_VH_GRD/rcm1-sclnd-owi-cm-20241130t125513-20241130t125629-00003-xxxxx.nc
io042024,IRWIN,rcm1-sclnb-owi-cm-20241129t124700-20241129t124817-00003-______ll_gd_GEO-IRWIN.nc,11.8061599731445,82.1910858154297,"2024-11-29T12:47:00,000",/scale/user/mtannaou/alternance/donnees_sar_changes/rcm1-sclnb-owi-cm-20241129t124700-20241129t124817-00003-xxxxx_aeqd.nc,rcm1-sclnb-owi-cm-20241129t124700-20241129t124817-00003-xxxxx.nc,/home/datawork-cersat-public/cache/public/ftp/project/sarwing/processings/grdwind+windir_2025v6v12_2v0_0v3v9_0v0v6_0v0v6_1v4v3_1v0v15_1v0v10_1v2v5_1v2v2_1v1v1_1v2v1/cmod5n_ecmwf_norecal_rs2rcmgmfv4_28052025/rcm-1/L2M/sclnb/rcm-1_sclnb/2024/334/RCM1_OK3381067_PK3382902_1_SCLNB_20241129_124700_VV_VH_GRD/rcm1-sclnb-owi-cm-20241129t124700-20241129t124817-00003-xxxxx.nc
io042024,IRWIN,rcm2-sclnd-owi-cm-20241201t002116-20241201t002231-00003-______ll_gd_GEO-IRWIN.nc,12.03125,80.1507949829102,"2024-12-01T00:21:16,000",/scale/user/mtannaou/alternance/donnees_sar_changes/rcm2-sclnd-owi-cm-20241201t002116-20241201t002231-00003-xxxxx_aeqd.nc,rcm2-sclnd-owi-cm-20241201t002116-20241201t002231-00003-xxxxx.nc,/home/datawork-cersat-public/cache/public/ftp/project/sarwing/processings/grdwind+windir_2025v6v12_2v0_0v3v9_0v0v6_0v0v6_1v4v3_1v0v15_1v0v10_1v2v5_1v2v2_1v1v1_1v2v1/cmod5n_ecmwf_norecal_rs2rcmgmfv4_28052025/rcm-2/L2M/sclnd/rcm-2_sclnd/2024/336/RCM2_OK3382679_PK3384536_1_SCLND_20241201_002118_VV_VH_GRD/rcm2-sclnd-owi-cm-20241201t002116-20241201t002231-00003-xxxxx.nc
sh102020,IRWIN,s1a-ew-owi-cm-20200124t144415-20200124t144720-000003-038D72_ll_gd_GEO-IRWIN.nc,-19.1624145507813,55.559196472168,"2020-01-24T14:44:15,000",/scale/user/mtannaou/alternance/donnees_sar_changes/s1a-ew-owi-cm-20200124t144415-20200124t144720-000003-038D72_aeqd.nc,s1a-ew-owi-cm-20200124t144415-20200124t144720-000003-038D72.nc,/home/datawork-cersat-public/cache/public/ftp/project/sarwing/processings/grdwind+windir_2025v6v12_2v0_0v3v9_0v0v6_0v0v6_1v4v3_1v0v15_1v0v10_1v2v5_1v2v2_1v1v1_1v2v1/cmod5n_ecmwf_norecal_rs2rcmgmfv4_28052025/sentinel-1a/L2M/EW/S1A_EW_GRDM_1S/2020/024/S1A_EW_GRDM_1SDV_20200124T144415_20200124T144720_030943_038D72_4882X99BFXE978/s1a-ew-owi-cm-20200124t144415-20200124t144720-000003-038D72.nc
al132020,IRWIN,s1a-iw-owi-cm-20200827t000908-20200827t001138-000003-03F518_ll_gd_GEO-IRWIN.nc,28.1293811798096,267.104919433594,"2020-08-27T00:09:08,000",,s1a-iw-owi-cm-20200827t000818-20200827t001138-000003-03F518.nc,/home/datawork-cersat-public/cache/public/ftp/project/sarwing/processings/grdwind+windir_2025v6v12_2v0_0v3v9_0v0v6_0v0v6_1v4v3_1v0v15_1v0v10_1v2v5_1v2v2_1v1v1_1v2v1/cmod5n_ecmwf_norecal_rs2rcmgmfv4_28052025/sentinel-1a/L2M/IW/S1A_IW_GRDH_1S/2020/240/S1A_IW_GRDH_1SDV_20200827T000818_20200827T001138_034085_03F518_06D5X0CB6X28C9X92DCXA4BEXEAB9XF4CBXFC7B/s1a-iw-owi-cm-20200827t000818-20200827t001138-000003-03F518.nc
al132020,IRWIN,s1a-iw-owi-cm-20200821t221932-20200821t222047-000003-03F28D_ll_gd_GEO-IRWIN.nc,17.1000823974609,298.220031738281,"2020-08-21T22:19:32,000",/scale/user/mtannaou/alternance/donnees_sar_changes/s1a-iw-owi-cm-20200821t221932-20200821t222047-000003-03F28D_aeqd.nc,s1a-iw-owi-cm-20200821t221932-20200821t222047-000003-03F28D.nc,/home/datawork-cersat-public/cache/public/ftp/project/sarwing/processings/grdwind+windir_2025v6v12_2v0_0v3v9_0v0v6_0v0v6_1v4v3_1v0v15_1v0v10_1v2v5_1v2v2_1v1v1_1v2v1/cmod5n_ecmwf_norecal_rs2rcmgmfv4_28052025/sentinel-1a/L2M/IW/S1A_IW_GRDH_1S/2020/234/S1A_IW_GRDH_1SDV_20200821T221932_20200821T222047_034011_03F28D_4D12XABCAXB860/s1a-iw-owi-cm-20200821t221932-20200821t222047-000003-03F28D.nc
al132020,IRWIN,rs2-scwa-owi-cm-20200825t113334-20200825t113556-00003-______ll_gd_GEO-IRWIN.nc,23.1403465270996,274.351104736328,"2020-08-25T11:33:34,000",/scale/user/mtannaou/alternance/donnees_sar_changes/rs2-scwa-owi-cm-20200825t113334-20200825t113556-00003-xxxxx_aeqd.nc,rs2-scwa-owi-cm-20200825t113334-20200825t113556-00003-xxxxx.nc,/home/datawork-cersat-public/cache/public/ftp/project/sarwing/processings/grdwind+windir_2025v6v12_2v0_0v3v9_0v0v6_0v0v6_1v4v3_1v0v15_1v0v10_1v2v5_1v2v2_1v1v1_1v2v1/cmod5n_ecmwf_norecal_rs2rcmgmfv4_28052025/RS2/L2M/SCWA/RS2_SCWA/2020/238/RS2_OK125612_PK1098038X795_DK1043083X908_SCWA_20200825_113334_113440_VV_VH_SCF/rs2-scwa-owi-cm-20200825t113334-20200825t113556-00003-xxxxx.nc
io032021,IRWIN,rcm1-sc50mb-owi-cm-20211003t020213-20211003t020301-00003-______ll_gd_GEO-IRWIN.nc,24.0978164672852,59.3911895751953,"2021-10-03T02:02:13,000",/scale/user/mtannaou/alternance/donnees_sar_changes/rcm1-sc50mb-owi-cm-20211003t020213-20211003t020301-00003-xxxxx_aeqd.nc,rcm1-sc50mb-owi-cm-20211003t020213-20211003t020301-00003-xxxxx.nc,/home/datawork-cersat-public/cache/public/ftp/project/sarwing/processings/grdwind+windir_2025v6v12_2v0_0v3v9_0v0v6_0v0v6_1v4v3_1v0v15_1v0v10_1v2v5_1v2v2_1v1v1_1v2v1/cmod5n_ecmwf_norecal_rs2rcmgmfv4_28052025/rcm-1/L2M/sc50mb/rcm-1_sc50mb/2021/276/RCM1_OK2381571_PK2382653_1_SC50MB_20211003_020224_HH_HV_GRD/rcm1-sc50mb-owi-cm-20211003t020213-20211003t020301-00003-xxxxx.nc
io032021,IRWIN,rcm1-sc50ma-owi-cm-20211002t015418-20211002t015522-00003-______ll_gd_GEO-IRWIN.nc,23.8947715759277,62.5196189880371,"2021-10-02T01:54:18,000",/scale/user/mtannaou/alternance/donnees_sar_changes/rcm1-sc50ma-owi-cm-20211002t015418-20211002t015522-00003-xxxxx_aeqd.nc,rcm1-sc50ma-owi-cm-20211002t015418-20211002t015522-00003-xxxxx.nc,/home/datawork-cersat-public/cache/public/ftp/project/sarwing/processings/grdwind+windir_2025v6v12_2v0_0v3v9_0v0v6_0v0v6_1v4v3_1v0v15_1v0v10_1v2v5_1v2v2_1v1v1_1v2v1/cmod5n_ecmwf_norecal_rs2rcmgmfv4_28052025/rcm-1/L2M/sc50ma/rcm-1_sc50ma/2021/275/RCM1_OK2381571_PK2382652_1_SC50MA_20211002_015433_HH_HV_GRD/rcm1-sc50ma-owi-cm-20211002t015418-20211002t015522-00003-xxxxx.nc
al162023,IRWIN,rcm2-sclna-owi-cm-20230923t110652-20230923t110812-00003-______ll_gd_GEO-IRWIN.nc,34.4668273925781,282.886077880859,"2023-09-23T11:06:52,000",/scale/user/mtannaou/alternance/donnees_sar_changes/rcm2-sclna-owi-cm-20230923t110652-20230923t110812-00003-xxxxx_aeqd.nc,rcm2-sclna-owi-cm-20230923t110652-20230923t110812-00003-xxxxx.nc,/home/datawork-cersat-public/cache/public/ftp/project/sarwing/processings/grdwind+windir_2025v6v12_2v0_0v3v9_0v0v6_0v0v6_1v4v3_1v0v15_1v0v10_1v2v5_1v2v2_1v1v1_1v2v1/cmod5n_ecmwf_norecal_rs2rcmgmfv4_28052025/rcm-2/L2M/sclna/rcm-2_sclna/2023/266/RCM2_OK2756861_PK2758580_1_SCLNA_20230923_110653_VV_VH_GRD/rcm2-sclna-owi-cm-20230923t110652-20230923t110812-00003-xxxxx.nc
ep062024,IRWIN,rcm3-sc50mc-owi-cm-20240805t125646-20240805t125804-00003-______ll_gd_GEO-IRWIN.nc,14.1652374267578,253.933990478516,"2024-08-05T12:56:46,000",/scale/user/mtannaou/alternance/donnees_sar_changes/rcm3-sc50mc-owi-cm-20240805t125646-20240805t125804-00003-xxxxx_aeqd.nc,rcm3-sc50mc-owi-cm-20240805t125646-20240805t125804-00003-xxxxx.nc,/home/datawork-cersat-public/cache/public/ftp/project/sarwing/processings/grdwind+windir_2025v6v12_2v0_0v3v9_0v0v6_0v0v6_1v4v3_1v0v15_1v0v10_1v2v5_1v2v2_1v1v1_1v2v1/cmod5n_ecmwf_norecal_rs2rcmgmfv4_28052025/rcm-3/L2M/sc50mc/rcm-3_sc50mc/2024/218/RCM3_OK3193529_PK3195267_1_SC50MC_20240805_125622_HH_HV_GRD/rcm3-sc50mc-owi-cm-20240805t125646-20240805t125804-00003-xxxxx.nc
sh032019,IRWIN,s1a-ew-owi-cm-20181110t020115-20181110t020319-000003-02B0A7_ll_gd_GEO-IRWIN.nc,-13.0966720581055,52.8993835449219,"2018-11-10T02:01:15,000",,s1a-ew-owi-cm-20181110t020115-20181110t020420-000003-02B0A7.nc,/home/datawork-cersat-public/cache/public/ftp/project/sarwing/processings/grdwind+windir_2025v6v12_2v0_0v3v9_0v0v6_0v0v6_1v4v3_1v0v15_1v0v10_1v2v5_1v2v2_1v1v1_1v2v1/cmod5n_ecmwf_norecal_rs2rcmgmfv4_28052025/sentinel-1a/L2M/EW/S1A_EW_GRDM_1S/2018/314/S1A_EW_GRDM_1SDV_20181110T020115_20181110T020420_024519_02B0A7_2729X4393XB1D4/s1a-ew-owi-cm-20181110t020115-20181110t020420-000003-02B0A7.nc
al082021,IRWIN,rcm1-sc50mc-owi-cm-20210817t100853-20210817t101301-00003-______ll_gd_GEO-IRWIN.nc,30.520263671875,296.591278076172,"2021-08-17T10:08:53,000",,rcm1-sc50mc-owi-cm-20210817t100853-20210817t101301-00003-xxxxx.nc,/home/datawork-cersat-public/cache/public/ftp/project/sarwing/processings/grdwind+windir_2025v6v12_2v0_0v3v9_0v0v6_0v0v6_1v4v3_1v0v15_1v0v10_1v2v5_1v2v2_1v1v1_1v2v1/cmod5n_ecmwf_norecal_rs2rcmgmfv4_28052025/rcm-1/L2M/sc50mc/rcm-1_sc50mc/2021/229/RCM1_OK2378047_PK2383990_2_SC50MC_20210817_100907_HH_HV_GRD/rcm1-sc50mc-owi-cm-20210817t100853-20210817t101301-00003-xxxxx.nc
al082021,IRWIN,rcm1-sc50mc-owi-cm-20210818t101756-20210818t102104-00003-______ll_gd_GEO-IRWIN.nc,30.0582733154297,294.343536376953,"2021-08-18T10:17:56,000",,rcm1-sc50mc-owi-cm-20210818t101756-20210818t102104-00003-xxxxx.nc,/home/datawork-cersat-public/cache/public/ftp/project/sarwing/processings/grdwind+windir_2025v6v12_2v0_0v3v9_0v0v6_0v0v6_1v4v3_1v0v15_1v0v10_1v2v5_1v2v2_1v1v1_1v2v1/cmod5n_ecmwf_norecal_rs2rcmgmfv4_28052025/rcm-1/L2M/sc50mc/rcm-1_sc50mc/2021/230/RCM1_OK2378048_PK2383883_2_SC50MC_20210818_101807_HH_HV_GRD/rcm1-sc50mc-owi-cm-20210818t101756-20210818t102104-00003-xxxxx.nc
al082021,IRWIN,rs2-scwa-owi-cm-20210820t224430-20210820t224546-00003-______ll_gd_GEO-IRWIN.nc,31.1632995605469,286.223480224609,"2021-08-20T22:44:30,000",/scale/user/mtannaou/alternance/donnees_sar_changes/rs2-scwa-owi-cm-20210820t224430-20210820t224546-00003-xxxxx_aeqd.nc,rs2-scwa-owi-cm-20210820t224430-20210820t224546-00003-xxxxx.nc,/home/datawork-cersat-public/cache/public/ftp/project/sarwing/processings/grdwind+windir_2025v6v12_2v0_0v3v9_0v0v6_0v0v6_1v4v3_1v0v15_1v0v10_1v2v5_1v2v2_1v1v1_1v2v1/cmod5n_ecmwf_norecal_rs2rcmgmfv4_28052025/RS2/L2M/SCWA/RS2_SCWA/2021/232/RS2_OK130694_PK1144713_DK1102114_SCWA_20210820_224430_224430_VV_VH_SGF/rs2-scwa-owi-cm-20210820t224430-20210820t224546-00003-xxxxx.nc
al142021,IRWIN,s1a-iw-owi-cm-20210913t002506-20210913t002621-000003-04B04F_ll_gd_GEO-IRWIN.nc,23.3781242370606,264.028533935547,"2021-09-13T00:25:06,000",,s1a-iw-owi-cm-20210913t002351-20210913t002646-000003-04B04F.nc,/home/datawork-cersat-public/cache/public/ftp/project/sarwing/processings/grdwind+windir_2025v6v12_2v0_0v3v9_0v0v6_0v0v6_1v4v3_1v0v15_1v0v10_1v2v5_1v2v2_1v1v1_1v2v1/cmod5n_ecmwf_norecal_rs2rcmgmfv4_28052025/sentinel-1a/L2M/IW/S1A_IW_GRDH_1S/2021/256/S1A_IW_GRDH_1SDV_20210913T002351_20210913T002646_039656_04B04F_068EX0809X4DEDX6398XA184XA3CFXF343/s1a-iw-owi-cm-20210913t002351-20210913t002646-000003-04B04F.nc
al142021,IRWIN,s1b-iw-owi-cm-20210914t122232-20210914t122302-000003-036C9D_ll_gd_GEO-IRWIN.nc,29.2408485412598,264.480194091797,"2021-09-14T12:22:32,000",/scale/user/mtannaou/alternance/donnees_sar_changes/s1b-iw-owi-cm-20210914t122232-20210914t122302-000003-036C9D_aeqd.nc,s1b-iw-owi-cm-20210914t122232-20210914t122302-000003-036C9D.nc,/home/datawork-cersat-public/cache/public/ftp/project/sarwing/processings/grdwind+windir_2025v6v12_2v0_0v3v9_0v0v6_0v0v6_1v4v3_1v0v15_1v0v10_1v2v5_1v2v2_1v1v1_1v2v1/cmod5n_ecmwf_norecal_rs2rcmgmfv4_28052025/sentinel-1b/L2M/IW/S1B_IW_GRDH_1S/2021/257/S1B_IW_GRDH_1SDV_20210914T122232_20210914T122302_028694_036C9D_4CE6/s1b-iw-owi-cm-20210914t122232-20210914t122302-000003-036C9D.nc
ep132024,IRWIN,rcm1-sclnb-owi-cm-20241103t025132-20241103t025312-00003-______ll_gd_GEO-IRWIN.nc,11.2895097732544,229.627853393555,"2024-11-03T02:51:32,000",/scale/user/mtannaou/alternance/donnees_sar_changes/rcm1-sclnb-owi-cm-20241103t025132-20241103t025312-00003-xxxxx_aeqd.nc,rcm1-sclnb-owi-cm-20241103t025132-20241103t025312-00003-xxxxx.nc,/home/datawork-cersat-public/cache/public/ftp/project/sarwing/processings/grdwind+windir_2025v6v12_2v0_0v3v9_0v0v6_0v0v6_1v4v3_1v0v15_1v0v10_1v2v5_1v2v2_1v1v1_1v2v1/cmod5n_ecmwf_norecal_rs2rcmgmfv4_28052025/rcm-1/L2M/sclnb/rcm-1_sclnb/2024/308/RCM1_OK3342670_PK3344627_1_SCLNB_20241103_025146_VV_VH_GRD/rcm1-sclnb-owi-cm-20241103t025132-20241103t025312-00003-xxxxx.nc
sh022020,IRWIN,rs2-scwa-owi-cm-20191210t023546-20191210t023809-00003-______ll_gd_GEO-IRWIN.nc,-17.4911689758301,44.7084503173828,"2019-12-10T02:35:46,000",/scale/user/mtannaou/alternance/donnees_sar_changes/rs2-scwa-owi-cm-20191210t023546-20191210t023809-00003-xxxxx_aeqd.nc,rs2-scwa-owi-cm-20191210t023546-20191210t023809-00003-xxxxx.nc,/home/datawork-cersat-public/cache/public/ftp/project/sarwing/processings/grdwind+windir_2025v6v12_2v0_0v3v9_0v0v6_0v0v6_1v4v3_1v0v15_1v0v10_1v2v5_1v2v2_1v1v1_1v2v1/cmod5n_ecmwf_norecal_rs2rcmgmfv4_28052025/RS2/L2M/SCWA/RS2_SCWA/2019/344/RS2_OK115994_PK1014893X894_DK953583X584_SCWA_20191210_023546_023653_VV_VH_SGF/rs2-scwa-owi-cm-20191210t023546-20191210t023809-00003-xxxxx.nc
sh022020,IRWIN,s1b-iw-owi-cm-20191208t022442-20191208t022601-000003-024608_ll_gd_GEO-IRWIN.nc,-11.4349489212036,46.6841888427734,"2019-12-08T02:24:42,000",,s1b-iw-owi-cm-20191208t022442-20191208t022635-000003-024608.nc,/home/datawork-cersat-public/cache/public/ftp/project/sarwing/processings/grdwind+windir_2025v6v12_2v0_0v3v9_0v0v6_0v0v6_1v4v3_1v0v15_1v0v10_1v2v5_1v2v2_1v1v1_1v2v1/cmod5n_ecmwf_norecal_rs2rcmgmfv4_28052025/sentinel-1b/L2M/IW/S1B_IW_GRDH_1S/2019/342/S1B_IW_GRDH_1SDV_20191208T022442_20191208T022635_019267_024608_1E97X68EFX7F42XFFDC/s1b-iw-owi-cm-20191208t022442-20191208t022635-000003-024608.nc
sh022020,IRWIN,s1a-ew-owi-cm-20191207t023226-20191207t023357-000003-0374DF_ll_gd_GEO-IRWIN.nc,-9.22857856750488,47.7596168518066,"2019-12-07T02:32:26,000",/scale/user/mtannaou/alternance/donnees_sar_changes/s1a-ew-owi-cm-20191207t023226-20191207t023357-000003-0374DF_aeqd.nc,s1a-ew-owi-cm-20191207t023226-20191207t023357-000003-0374DF.nc,/home/datawork-cersat-public/cache/public/ftp/project/sarwing/processings/grdwind+windir_2025v6v12_2v0_0v3v9_0v0v6_0v0v6_1v4v3_1v0v15_1v0v10_1v2v5_1v2v2_1v1v1_1v2v1/cmod5n_ecmwf_norecal_rs2rcmgmfv4_28052025/sentinel-1a/L2M/EW/S1A_EW_GRDM_1S/2019/341/S1A_EW_GRDM_1SDV_20191207T023226_20191207T023357_030236_0374DF_2C83X2EDC/s1a-ew-owi-cm-20191207t023226-20191207t023357-000003-0374DF.nc
sh022020,IRWIN,s1a-iw-owi-cm-20191208t152820-20191208t152844-000003-03759D_ll_gd_GEO-IRWIN.nc,-12.5223846435547,46.4995765686035,"2019-12-08T15:28:20,000",/scale/user/mtannaou/alternance/donnees_sar_changes/s1a-iw-owi-cm-20191208t152820-20191208t152844-000003-03759D_aeqd.nc,s1a-iw-owi-cm-20191208t152820-20191208t152844-000003-03759D.nc,/home/datawork-cersat-public/cache/public/ftp/project/sarwing/processings/grdwind+windir_2025v6v12_2v0_0v3v9_0v0v6_0v0v6_1v4v3_1v0v15_1v0v10_1v2v5_1v2v2_1v1v1_1v2v1/cmod5n_ecmwf_norecal_rs2rcmgmfv4_28052025/sentinel-1a/L2M/IW/S1A_IW_GRDH_1S/2019/342/S1A_IW_GRDH_1SDV_20191208T152820_20191208T152844_030258_03759D_5C8A/s1a-iw-owi-cm-20191208t152820-20191208t152844-000003-03759D.nc
sh022020,IRWIN,rs2-scwa-owi-cm-20191207t022100-20191207t022324-00003-______ll_gd_GEO-IRWIN.nc,-9.21685886383057,47.7766609191895,"2019-12-07T02:21:00,000",/scale/user/mtannaou/alternance/donnees_sar_changes/rs2-scwa-owi-cm-20191207t022100-20191207t022324-00003-xxxxx_aeqd.nc,rs2-scwa-owi-cm-20191207t022100-20191207t022324-00003-xxxxx.nc,/home/datawork-cersat-public/cache/public/ftp/project/sarwing/processings/grdwind+windir_2025v6v12_2v0_0v3v9_0v0v6_0v0v6_1v4v3_1v0v15_1v0v10_1v2v5_1v2v2_1v1v1_1v2v1/cmod5n_ecmwf_norecal_rs2rcmgmfv4_28052025/RS2/L2M/SCWA/RS2_SCWA/2019/341/RS2_OK115994_PK1014889X890_DK953579X580_SCWA_20191207_022100_022208_VV_VH_SGF/rs2-scwa-owi-cm-20191207t022100-20191207t022324-00003-xxxxx.nc
ep052023,IRWIN,s1a-ew-owi-cm-20230810t051806-20230810t051909-000003-05FD6C_ll_gd_GEO-IRWIN.nc,11.7692174911499,191.942626953125,"2023-08-10T05:18:06,000",/scale/user/mtannaou/alternance/donnees_sar_changes/s1a-ew-owi-cm-20230810t051806-20230810t051909-000003-05FD6C_aeqd.nc,s1a-ew-owi-cm-20230810t051806-20230810t051909-000003-05FD6C.nc,/home/datawork-cersat-public/cache/public/ftp/project/sarwing/processings/grdwind+windir_2025v6v12_2v0_0v3v9_0v0v6_0v0v6_1v4v3_1v0v15_1v0v10_1v2v5_1v2v2_1v1v1_1v2v1/cmod5n_ecmwf_norecal_rs2rcmgmfv4_28052025/sentinel-1a/L2M/EW/S1A_EW_GRDM_1S/2023/222/S1A_EW_GRDM_1SDV_20230810T051806_20230810T051909_049809_05FD6C_CACD/s1a-ew-owi-cm-20230810t051806-20230810t051909-000003-05FD6C.nc
ep052023,IRWIN,s1a-ew-owi-cm-20230808t161007-20230808t161110-000003-05FCAD_ll_gd_GEO-IRWIN.nc,11.4830913543701,204.102966308594,"2023-08-08T16:10:07,000",/scale/user/mtannaou/alternance/donnees_sar_changes/s1a-ew-owi-cm-20230808t161007-20230808t161110-000003-05FCAD_aeqd.nc,s1a-ew-owi-cm-20230808t161007-20230808t161110-000003-05FCAD.nc,/home/datawork-cersat-public/cache/public/ftp/project/sarwing/processings/grdwind+windir_2025v6v12_2v0_0v3v9_0v0v6_0v0v6_1v4v3_1v0v15_1v0v10_1v2v5_1v2v2_1v1v1_1v2v1/cmod5n_ecmwf_norecal_rs2rcmgmfv4_28052025/sentinel-1a/L2M/EW/S1A_EW_GRDM_1S/2023/220/S1A_EW_GRDM_1SDV_20230808T161007_20230808T161110_049786_05FCAD_8AE3/s1a-ew-owi-cm-20230808t161007-20230808t161110-000003-05FCAD.nc
ep052023,IRWIN,rcm1-sclnd-owi-cm-20230810t170623-20230810t170740-00003-______ll_gd_GEO-IRWIN.nc,12.3022975921631,188.584503173828,"2023-08-10T17:06:23,000",/scale/user/mtannaou/alternance/donnees_sar_changes/rcm1-sclnd-owi-cm-20230810t170623-20230810t170740-00003-xxxxx_aeqd.nc,rcm1-sclnd-owi-cm-20230810t170623-20230810t170740-00003-xxxxx.nc,/home/datawork-cersat-public/cache/public/ftp/project/sarwing/processings/grdwind+windir_2025v6v12_2v0_0v3v9_0v0v6_0v0v6_1v4v3_1v0v15_1v0v10_1v2v5_1v2v2_1v1v1_1v2v1/cmod5n_ecmwf_norecal_rs2rcmgmfv4_28052025/rcm-1/L2M/sclnd/rcm-1_sclnd/2023/222/RCM1_OK2684257_PK2687307_1_SCLND_20230810_170624_VV_VH_GRD/rcm1-sclnd-owi-cm-20230810t170623-20230810t170740-00003-xxxxx.nc
ep052023,IRWIN,rcm2-sclna-owi-cm-20230803t140124-20230803t140204-00003-______ll_gd_GEO-IRWIN.nc,14.8955917358398,240.676147460938,"2023-08-03T14:01:24,000",/scale/user/mtannaou/alternance/donnees_sar_changes/rcm2-sclna-owi-cm-20230803t140124-20230803t140204-00003-xxxxx_aeqd.nc,rcm2-sclna-owi-cm-20230803t140124-20230803t140204-00003-xxxxx.nc,/home/datawork-cersat-public/cache/public/ftp/project/sarwing/processings/grdwind+windir_2025v6v12_2v0_0v3v9_0v0v6_0v0v6_1v4v3_1v0v15_1v0v10_1v2v5_1v2v2_1v1v1_1v2v1/cmod5n_ecmwf_norecal_rs2rcmgmfv4_28052025/rcm-2/L2M/sclna/rcm-2_sclna/2023/215/RCM2_OK2675188_PK2677331_1_SCLNA_20230803_140126_VV_VH_GRD/rcm2-sclna-owi-cm-20230803t140124-20230803t140204-00003-xxxxx.nc
ep052023,IRWIN,rcm3-sclna-owi-cm-20230807t034044-20230807t034200-00003-______ll_gd_GEO-IRWIN.nc,12.6670989990234,216.307891845703,"2023-08-07T03:40:44,000",/scale/user/mtannaou/alternance/donnees_sar_changes/rcm3-sclna-owi-cm-20230807t034044-20230807t034200-00003-xxxxx_aeqd.nc,rcm3-sclna-owi-cm-20230807t034044-20230807t034200-00003-xxxxx.nc,/home/datawork-cersat-public/cache/public/ftp/project/sarwing/processings/grdwind+windir_2025v6v12_2v0_0v3v9_0v0v6_0v0v6_1v4v3_1v0v15_1v0v10_1v2v5_1v2v2_1v1v1_1v2v1/cmod5n_ecmwf_norecal_rs2rcmgmfv4_28052025/rcm-3/L2M/sclna/rcm-3_sclna/2023/219/RCM3_OK2680688_PK2682351_1_SCLNA_20230807_034044_VV_VH_GRD/rcm3-sclna-owi-cm-20230807t034044-20230807t034200-00003-xxxxx.nc
ep052023,IRWIN,rcm1-sclnd-owi-cm-20230806t145737-20230806t145855-00003-______ll_gd_GEO-IRWIN.nc,12.9880628585815,220.502304077148,"2023-08-06T14:57:37,000",/scale/user/mtannaou/alternance/donnees_sar_changes/rcm1-sclnd-owi-cm-20230806t145737-20230806t145855-00003-xxxxx_aeqd.nc,rcm1-sclnd-owi-cm-20230806t145737-20230806t145855-00003-xxxxx.nc,/home/datawork-cersat-public/cache/public/ftp/project/sarwing/processings/grdwind+windir_2025v6v12_2v0_0v3v9_0v0v6_0v0v6_1v4v3_1v0v15_1v0v10_1v2v5_1v2v2_1v1v1_1v2v1/cmod5n_ecmwf_norecal_rs2rcmgmfv4_28052025/rcm-1/L2M/sclnd/rcm-1_sclnd/2023/218/RCM1_OK2678862_PK2681533_1_SCLND_20230806_145739_VV_VH_GRD/rcm1-sclnd-owi-cm-20230806t145737-20230806t145855-00003-xxxxx.nc
ep052023,IRWIN,rcm2-sclnd-owi-cm-20230813t063847-20230813t064004-00003-______ll_gd_GEO-IRWIN.nc,18.0199069976807,174.250701904297,"2023-08-13T06:38:47,000",/scale/user/mtannaou/alternance/donnees_sar_changes/rcm2-sclnd-owi-cm-20230813t063847-20230813t064004-00003-xxxxx_aeqd.nc,rcm2-sclnd-owi-cm-20230813t063847-20230813t064004-00003-xxxxx.nc,/home/datawork-cersat-public/cache/public/ftp/project/sarwing/processings/grdwind+windir_2025v6v12_2v0_0v3v9_0v0v6_0v0v6_1v4v3_1v0v15_1v0v10_1v2v5_1v2v2_1v1v1_1v2v1/cmod5n_ecmwf_norecal_rs2rcmgmfv4_28052025/rcm-2/L2M/sclnd/rcm-2_sclnd/2023/225/RCM2_OK2689095_PK2690546_1_SCLND_20230813_063847_VV_VH_GRD/rcm2-sclnd-owi-cm-20230813t063847-20230813t064004-00003-xxxxx.nc
ep052023,IRWIN,rcm2-sc50mc-owi-cm-20230804t021238-20230804t021343-00003-______ll_gd_GEO-IRWIN.nc,14.1924772262573,237.332077026367,"2023-08-04T02:12:38,000",/scale/user/mtannaou/alternance/donnees_sar_changes/rcm2-sc50mc-owi-cm-20230804t021238-20230804t021343-00003-xxxxx_aeqd.nc,rcm2-sc50mc-owi-cm-20230804t021238-20230804t021343-00003-xxxxx.nc,/home/datawork-cersat-public/cache/public/ftp/project/sarwing/processings/grdwind+windir_2025v6v12_2v0_0v3v9_0v0v6_0v0v6_1v4v3_1v0v15_1v0v10_1v2v5_1v2v2_1v1v1_1v2v1/cmod5n_ecmwf_norecal_rs2rcmgmfv4_28052025/rcm-2/L2M/sc50mc/rcm-2_sc50mc/2023/216/RCM2_OK2675190_PK2678018_1_SC50MC_20230804_021238_HH_HV_GRD/rcm2-sc50mc-owi-cm-20230804t021238-20230804t021343-00003-xxxxx.nc
ep052023,IRWIN,rcm2-sc50mc-owi-cm-20230803t020425-20230803t020534-00003-______ll_gd_GEO-IRWIN.nc,15.2970428466797,243.780181884766,"2023-08-03T02:04:25,000",/scale/user/mtannaou/alternance/donnees_sar_changes/rcm2-sc50mc-owi-cm-20230803t020425-20230803t020534-00003-xxxxx_aeqd.nc,rcm2-sc50mc-owi-cm-20230803t020425-20230803t020534-00003-xxxxx.nc,/home/datawork-cersat-public/cache/public/ftp/project/sarwing/processings/grdwind+windir_2025v6v12_2v0_0v3v9_0v0v6_0v0v6_1v4v3_1v0v15_1v0v10_1v2v5_1v2v2_1v1v1_1v2v1/cmod5n_ecmwf_norecal_rs2rcmgmfv4_28052025/rcm-2/L2M/sc50mc/rcm-2_sc50mc/2023/215/RCM2_OK2673527_PK2676537_1_SC50MC_20230803_020426_HH_HV_GRD/rcm2-sc50mc-owi-cm-20230803t020425-20230803t020534-00003-xxxxx.nc
ep052023,IRWIN,rcm2-sclnc-owi-cm-20230804t140912-20230804t141028-00003-______ll_gd_GEO-IRWIN.nc,13.9925155639648,233.828765869141,"2023-08-04T14:09:12,000",/scale/user/mtannaou/alternance/donnees_sar_changes/rcm2-sclnc-owi-cm-20230804t140912-20230804t141028-00003-xxxxx_aeqd.nc,rcm2-sclnc-owi-cm-20230804t140912-20230804t141028-00003-xxxxx.nc,/home/datawork-cersat-public/cache/public/ftp/project/sarwing/processings/grdwind+windir_2025v6v12_2v0_0v3v9_0v0v6_0v0v6_1v4v3_1v0v15_1v0v10_1v2v5_1v2v2_1v1v1_1v2v1/cmod5n_ecmwf_norecal_rs2rcmgmfv4_28052025/rcm-2/L2M/sclnc/rcm-2_sclnc/2023/216/RCM2_OK2676164_PK2678629_1_SCLNC_20230804_140911_VV_VH_GRD/rcm2-sclnc-owi-cm-20230804t140912-20230804t141028-00003-xxxxx.nc
ep052023,IRWIN,rcm1-sclnd-owi-cm-20230809t050027-20230809t050143-00003-______ll_gd_GEO-IRWIN.nc,11.3910026550293,199.748001098633,"2023-08-09T05:00:27,000",/scale/user/mtannaou/alternance/donnees_sar_changes/rcm1-sclnd-owi-cm-20230809t050027-20230809t050143-00003-xxxxx_aeqd.nc,rcm1-sclnd-owi-cm-20230809t050027-20230809t050143-00003-xxxxx.nc,/home/datawork-cersat-public/cache/public/ftp/project/sarwing/processings/grdwind+windir_2025v6v12_2v0_0v3v9_0v0v6_0v0v6_1v4v3_1v0v15_1v0v10_1v2v5_1v2v2_1v1v1_1v2v1/cmod5n_ecmwf_norecal_rs2rcmgmfv4_28052025/rcm-1/L2M/sclnd/rcm-1_sclnd/2023/221/RCM1_OK2683709_PK2685058_1_SCLND_20230809_050027_VV_VH_GRD/rcm1-sclnd-owi-cm-20230809t050027-20230809t050143-00003-xxxxx.nc
ep052023,IRWIN,s1a-ew-owi-cm-20230809t165107-20230809t165210-000003-05FD3D_ll_gd_GEO-IRWIN.nc,11.4447946548462,195.914337158203,"2023-08-09T16:51:07,000",/scale/user/mtannaou/alternance/donnees_sar_changes/s1a-ew-owi-cm-20230809t165107-20230809t165210-000003-05FD3D_aeqd.nc,s1a-ew-owi-cm-20230809t165107-20230809t165210-000003-05FD3D.nc,/home/datawork-cersat-public/cache/public/ftp/project/sarwing/processings/grdwind+windir_2025v6v12_2v0_0v3v9_0v0v6_0v0v6_1v4v3_1v0v15_1v0v10_1v2v5_1v2v2_1v1v1_1v2v1/cmod5n_ecmwf_norecal_rs2rcmgmfv4_28052025/sentinel-1a/L2M/EW/S1A_EW_GRDM_1S/2023/221/S1A_EW_GRDM_1SDV_20230809T165107_20230809T165210_049801_05FD3D_890E/s1a-ew-owi-cm-20230809t165107-20230809t165210-000003-05FD3D.nc
ep052023,IRWIN,rcm3-sclna-owi-cm-20230811t054945-20230811t055101-00003-______ll_gd_GEO-IRWIN.nc,13.2672634124756,185.089996337891,"2023-08-11T05:49:45,000",/scale/user/mtannaou/alternance/donnees_sar_changes/rcm3-sclna-owi-cm-20230811t054945-20230811t055101-00003-xxxxx_aeqd.nc,rcm3-sclna-owi-cm-20230811t054945-20230811t055101-00003-xxxxx.nc,/home/datawork-cersat-public/cache/public/ftp/project/sarwing/processings/grdwind+windir_2025v6v12_2v0_0v3v9_0v0v6_0v0v6_1v4v3_1v0v15_1v0v10_1v2v5_1v2v2_1v1v1_1v2v1/cmod5n_ecmwf_norecal_rs2rcmgmfv4_28052025/rcm-3/L2M/sclna/rcm-3_sclna/2023/223/RCM3_OK2685830_PK2687898_1_SCLNA_20230811_054947_VV_VH_GRD/rcm3-sclna-owi-cm-20230811t054945-20230811t055101-00003-xxxxx.nc
ep052023,IRWIN,rcm3-sc50mc-owi-cm-20230802t132047-20230802t132203-00003-______ll_gd_GEO-IRWIN.nc,15.7187099456787,246.652191162109,"2023-08-02T13:20:47,000",/scale/user/mtannaou/alternance/donnees_sar_changes/rcm3-sc50mc-owi-cm-20230802t132047-20230802t132203-00003-xxxxx_aeqd.nc,rcm3-sc50mc-owi-cm-20230802t132047-20230802t132203-00003-xxxxx.nc,/home/datawork-cersat-public/cache/public/ftp/project/sarwing/processings/grdwind+windir_2025v6v12_2v0_0v3v9_0v0v6_0v0v6_1v4v3_1v0v15_1v0v10_1v2v5_1v2v2_1v1v1_1v2v1/cmod5n_ecmwf_norecal_rs2rcmgmfv4_28052025/rcm-3/L2M/sc50mc/rcm-3_sc50mc/2023/214/RCM3_OK2673523_PK2675775_1_SC50MC_20230802_132047_HH_HV_GRD/rcm3-sc50mc-owi-cm-20230802t132047-20230802t132203-00003-xxxxx.nc
ep052023,IRWIN,rcm2-sclna-owi-cm-20230808t161815-20230808t161931-00003-______ll_gd_GEO-IRWIN.nc,11.4836854934692,204.051071166992,"2023-08-08T16:18:15,000",/scale/user/mtannaou/alternance/donnees_sar_changes/rcm2-sclna-owi-cm-20230808t161815-20230808t161931-00003-xxxxx_aeqd.nc,rcm2-sclna-owi-cm-20230808t161815-20230808t161931-00003-xxxxx.nc,/home/datawork-cersat-public/cache/public/ftp/project/sarwing/processings/grdwind+windir_2025v6v12_2v0_0v3v9_0v0v6_0v0v6_1v4v3_1v0v15_1v0v10_1v2v5_1v2v2_1v1v1_1v2v1/cmod5n_ecmwf_norecal_rs2rcmgmfv4_28052025/rcm-2/L2M/sclna/rcm-2_sclna/2023/220/RCM2_OK2682207_PK2684245_1_SCLNA_20230808_161817_VV_VH_GRD/rcm2-sclna-owi-cm-20230808t161815-20230808t161931-00003-xxxxx.nc
ep052023,IRWIN,rcm1-sclna-owi-cm-20230809t165811-20230809t165925-00003-______ll_gd_GEO-IRWIN.nc,11.4447946548462,195.914337158203,"2023-08-09T16:58:11,000",/scale/user/mtannaou/alternance/donnees_sar_changes/rcm1-sclna-owi-cm-20230809t165811-20230809t165925-00003-xxxxx_aeqd.nc,rcm1-sclna-owi-cm-20230809t165811-20230809t165925-00003-xxxxx.nc,/home/datawork-cersat-public/cache/public/ftp/project/sarwing/processings/grdwind+windir_2025v6v12_2v0_0v3v9_0v0v6_0v0v6_1v4v3_1v0v15_1v0v10_1v2v5_1v2v2_1v1v1_1v2v1/cmod5n_ecmwf_norecal_rs2rcmgmfv4_28052025/rcm-1/L2M/sclna/rcm-1_sclna/2023/221/RCM1_OK2683718_PK2685862_1_SCLNA_20230809_165812_VV_VH_GRD/rcm1-sclna-owi-cm-20230809t165811-20230809t165925-00003-xxxxx.nc
ep052023,IRWIN,rcm2-sclnd-owi-cm-20230808t042032-20230808t042149-00003-______ll_gd_GEO-IRWIN.nc,11.990535736084,207.887664794922,"2023-08-08T04:20:32,000",/scale/user/mtannaou/alternance/donnees_sar_changes/rcm2-sclnd-owi-cm-20230808t042032-20230808t042149-00003-xxxxx_aeqd.nc,rcm2-sclnd-owi-cm-20230808t042032-20230808t042149-00003-xxxxx.nc,/home/datawork-cersat-public/cache/public/ftp/project/sarwing/processings/grdwind+windir_2025v6v12_2v0_0v3v9_0v0v6_0v0v6_1v4v3_1v0v15_1v0v10_1v2v5_1v2v2_1v1v1_1v2v1/cmod5n_ecmwf_norecal_rs2rcmgmfv4_28052025/rcm-2/L2M/sclnd/rcm-2_sclnd/2023/220/RCM2_OK2682203_PK2683561_1_SCLND_20230808_042032_VV_VH_GRD/rcm2-sclnd-owi-cm-20230808t042032-20230808t042149-00003-xxxxx.nc
ep052023,IRWIN,rcm2-sc50ma-owi-cm-20230803t140047-20230803t140125-00003-______ll_gd_GEO-IRWIN.nc,14.8955917358398,240.676147460938,"2023-08-03T14:00:47,000",/scale/user/mtannaou/alternance/donnees_sar_changes/rcm2-sc50ma-owi-cm-20230803t140047-20230803t140125-00003-xxxxx_aeqd.nc,rcm2-sclna-owi-cm-20230803t140124-20230803t140204-00003-xxxxx.nc,/home/datawork-cersat-public/cache/public/ftp/project/sarwing/processings/grdwind+windir_2025v6v12_2v0_0v3v9_0v0v6_0v0v6_1v4v3_1v0v15_1v0v10_1v2v5_1v2v2_1v1v1_1v2v1/cmod5n_ecmwf_norecal_rs2rcmgmfv4_28052025/rcm-2/L2M/sclna/rcm-2_sclna/2023/215/RCM2_OK2675188_PK2677331_1_SCLNA_20230803_140126_VV_VH_GRD/rcm2-sclna-owi-cm-20230803t140124-20230803t140204-00003-xxxxx.nc
sh142023,IRWIN,rcm3-sclna-owi-cm-20230227t140509-20230227t140626-00003-______ll_gd_GEO-IRWIN.nc,-28.9915103912354,67.5066909790039,"2023-02-27T14:05:09,000",/scale/user/mtannaou/alternance/donnees_sar_changes/rcm3-sclna-owi-cm-20230227t140509-20230227t140626-00003-xxxxx_aeqd.nc,rcm3-sclna-owi-cm-20230227t140509-20230227t140626-00003-xxxxx.nc,/home/datawork-cersat-public/cache/public/ftp/project/sarwing/processings/grdwind+windir_2025v6v12_2v0_0v3v9_0v0v6_0v0v6_1v4v3_1v0v15_1v0v10_1v2v5_1v2v2_1v1v1_1v2v1/cmod5n_ecmwf_norecal_rs2rcmgmfv4_28052025/rcm-3/L2M/sclna/rcm-3_sclna/2023/058/RCM3_OK2458315_PK2460043_1_SCLNA_20230227_140510_VV_VH_GRD/rcm3-sclna-owi-cm-20230227t140509-20230227t140626-00003-xxxxx.nc
sh142023,IRWIN,rcm3-sclnd-owi-cm-20230228t004811-20230228t004929-00003-______ll_gd_GEO-IRWIN.nc,-28.0858345031738,67.97607421875,"2023-02-28T00:48:11,000",/scale/user/mtannaou/alternance/donnees_sar_changes/rcm3-sclnd-owi-cm-20230228t004811-20230228t004929-00003-xxxxx_aeqd.nc,rcm3-sclnd-owi-cm-20230228t004811-20230228t004929-00003-xxxxx.nc,/home/datawork-cersat-public/cache/public/ftp/project/sarwing/processings/grdwind+windir_2025v6v12_2v0_0v3v9_0v0v6_0v0v6_1v4v3_1v0v15_1v0v10_1v2v5_1v2v2_1v1v1_1v2v1/cmod5n_ecmwf_norecal_rs2rcmgmfv4_28052025/rcm-3/L2M/sclnd/rcm-3_sclnd/2023/059/RCM3_OK2458323_PK2460591_1_SCLND_20230228_004812_VV_VH_GRD/rcm3-sclnd-owi-cm-20230228t004811-20230228t004929-00003-xxxxx.nc
sh142023,IRWIN,rcm3-sclnd-owi-cm-20230228t141319-20230228t141411-00003-______ll_gd_GEO-IRWIN.nc,-26.989803314209,67.9989776611328,"2023-02-28T14:13:19,000",/scale/user/mtannaou/alternance/donnees_sar_changes/rcm3-sclnd-owi-cm-20230228t141319-20230228t141411-00003-xxxxx_aeqd.nc,rcm3-sclnd-owi-cm-20230228t141319-20230228t141411-00003-xxxxx.nc,/home/datawork-cersat-public/cache/public/ftp/project/sarwing/processings/grdwind+windir_2025v6v12_2v0_0v3v9_0v0v6_0v0v6_1v4v3_1v0v15_1v0v10_1v2v5_1v2v2_1v1v1_1v2v1/cmod5n_ecmwf_norecal_rs2rcmgmfv4_28052025/rcm-3/L2M/sclnd/rcm-3_sclnd/2023/059/RCM3_OK2459301_PK2461175_1_SCLND_20230228_141322_VV_VH_GRD/rcm3-sclnd-owi-cm-20230228t141319-20230228t141411-00003-xxxxx.nc
sh142023,IRWIN,rcm2-sclnb-owi-cm-20230225t005436-20230225t005553-00003-______ll_gd_GEO-IRWIN.nc,-24.1194610595703,69.1882934570313,"2023-02-25T00:54:36,000",/scale/user/mtannaou/alternance/donnees_sar_changes/rcm2-sclnb-owi-cm-20230225t005436-20230225t005553-00003-xxxxx_aeqd.nc,rcm2-sclnb-owi-cm-20230225t005436-20230225t005553-00003-xxxxx.nc,/home/datawork-cersat-public/cache/public/ftp/project/sarwing/processings/grdwind+windir_2025v6v12_2v0_0v3v9_0v0v6_0v0v6_1v4v3_1v0v15_1v0v10_1v2v5_1v2v2_1v1v1_1v2v1/cmod5n_ecmwf_norecal_rs2rcmgmfv4_28052025/rcm-2/L2M/sclnb/rcm-2_sclnb/2023/056/RCM2_OK2455672_PK2457623_1_SCLNB_20230225_005436_VV_VH_GRD/rcm2-sclnb-owi-cm-20230225t005436-20230225t005553-00003-xxxxx.nc
sh142023,IRWIN,rcm3-sclna-owi-cm-20230224t134245-20230224t134402-00003-______ll_gd_GEO-IRWIN.nc,-22.8581771850586,69.9304733276367,"2023-02-24T13:42:45,000",/scale/user/mtannaou/alternance/donnees_sar_changes/rcm3-sclna-owi-cm-20230224t134245-20230224t134402-00003-xxxxx_aeqd.nc,rcm3-sclna-owi-cm-20230224t134245-20230224t134402-00003-xxxxx.nc,/home/datawork-cersat-public/cache/public/ftp/project/sarwing/processings/grdwind+windir_2025v6v12_2v0_0v3v9_0v0v6_0v0v6_1v4v3_1v0v15_1v0v10_1v2v5_1v2v2_1v1v1_1v2v1/cmod5n_ecmwf_norecal_rs2rcmgmfv4_28052025/rcm-3/L2M/sclna/rcm-3_sclna/2023/055/RCM3_OK2455670_PK2457235_1_SCLNA_20230224_134246_VV_VH_GRD/rcm3-sclna-owi-cm-20230224t134245-20230224t134402-00003-xxxxx.nc
sh142023,IRWIN,rcm2-sclnb-owi-cm-20230226t010318-20230226t010435-00003-______ll_gd_GEO-IRWIN.nc,-27.3578586578369,67.8295516967773,"2023-02-26T01:03:18,000",/scale/user/mtannaou/alternance/donnees_sar_changes/rcm2-sclnb-owi-cm-20230226t010318-20230226t010435-00003-xxxxx_aeqd.nc,rcm2-sclnb-owi-cm-20230226t010318-20230226t010435-00003-xxxxx.nc,/home/datawork-cersat-public/cache/public/ftp/project/sarwing/processings/grdwind+windir_2025v6v12_2v0_0v3v9_0v0v6_0v0v6_1v4v3_1v0v15_1v0v10_1v2v5_1v2v2_1v1v1_1v2v1/cmod5n_ecmwf_norecal_rs2rcmgmfv4_28052025/rcm-2/L2M/sclnb/rcm-2_sclnb/2023/057/RCM2_OK2456595_PK2458865_1_SCLNB_20230226_010318_VV_VH_GRD/rcm2-sclnb-owi-cm-20230226t010318-20230226t010435-00003-xxxxx.nc
sh142023,IRWIN,rcm2-sclna-owi-cm-20230227t011215-20230227t011332-00003-______ll_gd_GEO-IRWIN.nc,-29.0631504058838,66.7742462158203,"2023-02-27T01:12:15,000",/scale/user/mtannaou/alternance/donnees_sar_changes/rcm2-sclna-owi-cm-20230227t011215-20230227t011332-00003-xxxxx_aeqd.nc,rcm2-sclna-owi-cm-20230227t011215-20230227t011332-00003-xxxxx.nc,/home/datawork-cersat-public/cache/public/ftp/project/sarwing/processings/grdwind+windir_2025v6v12_2v0_0v3v9_0v0v6_0v0v6_1v4v3_1v0v15_1v0v10_1v2v5_1v2v2_1v1v1_1v2v1/cmod5n_ecmwf_norecal_rs2rcmgmfv4_28052025/rcm-2/L2M/sclna/rcm-2_sclna/2023/058/RCM2_OK2457362_PK2459540_1_SCLNA_20230227_011216_VV_VH_GRD/rcm2-sclna-owi-cm-20230227t011215-20230227t011332-00003-xxxxx.nc
sh132019,IRWIN,s1a-ew-owi-cm-20190213t132857-20190213t133043-000003-02E2A0_ll_gd_GEO-IRWIN.nc,-25.9735565185547,78.1124649047852,"2019-02-13T13:28:57,000",/scale/user/mtannaou/alternance/donnees_sar_changes/s1a-ew-owi-cm-20190213t132857-20190213t133043-000003-02E2A0_aeqd.nc,s1a-ew-owi-cm-20190213t132857-20190213t133043-000003-02E2A0.nc,/home/datawork-cersat-public/cache/public/ftp/project/sarwing/processings/grdwind+windir_2025v6v12_2v0_0v3v9_0v0v6_0v0v6_1v4v3_1v0v15_1v0v10_1v2v5_1v2v2_1v1v1_1v2v1/cmod5n_ecmwf_norecal_rs2rcmgmfv4_28052025/sentinel-1a/L2M/EW/S1A_EW_GRDM_1S/2019/044/S1A_EW_GRDM_1SDV_20190213T132857_20190213T133043_025911_02E2A0_0B99X52EF/s1a-ew-owi-cm-20190213t132857-20190213t133043-000003-02E2A0.nc
sh132019,IRWIN,s1a-ew-owi-cm-20190209t015221-20190209t015452-000003-02E046_ll_gd_GEO-IRWIN.nc,-16.9819984436035,57.370964050293,"2019-02-09T01:52:21,000",/scale/user/mtannaou/alternance/donnees_sar_changes/s1a-ew-owi-cm-20190209t015221-20190209t015452-000003-02E046_aeqd.nc,s1a-ew-owi-cm-20190209t015221-20190209t015452-000003-02E046.nc,/home/datawork-cersat-public/cache/public/ftp/project/sarwing/processings/grdwind+windir_2025v6v12_2v0_0v3v9_0v0v6_0v0v6_1v4v3_1v0v15_1v0v10_1v2v5_1v2v2_1v1v1_1v2v1/cmod5n_ecmwf_norecal_rs2rcmgmfv4_28052025/sentinel-1a/L2M/EW/S1A_EW_GRDM_1S/2019/040/S1A_EW_GRDM_1SDV_20190209T015221_20190209T015452_025846_02E046_258CX2875X55C0/s1a-ew-owi-cm-20190209t015221-20190209t015452-000003-02E046.nc
sh132019,IRWIN,s1b-ew-owi-cm-20190208t015957-20190208t020219-000003-01BB5C_ll_gd_GEO-IRWIN.nc,-14.5138578414917,54.1076850891113,"2019-02-08T01:59:57,000",,,
sh132019,IRWIN,s1a-ew-owi-cm-20190207t020834-20190207t021051-000003-02DF33_ll_gd_GEO-IRWIN.nc,-12.3008661270142,53.0053024291992,"2019-02-07T02:08:34,000",/scale/user/mtannaou/alternance/donnees_sar_changes/s1a-ew-owi-cm-20190207t020834-20190207t021051-000003-02DF33_aeqd.nc,s1a-ew-owi-cm-20190207t020834-20190207t021051-000003-02DF33.nc,/home/datawork-cersat-public/cache/public/ftp/project/sarwing/processings/grdwind+windir_2025v6v12_2v0_0v3v9_0v0v6_0v0v6_1v4v3_1v0v15_1v0v10_1v2v5_1v2v2_1v1v1_1v2v1/cmod5n_ecmwf_norecal_rs2rcmgmfv4_28052025/sentinel-1a/L2M/EW/S1A_EW_GRDM_1S/2019/038/S1A_EW_GRDM_1SDV_20190207T020834_20190207T021051_025817_02DF33_132DXAFAD/s1a-ew-owi-cm-20190207t020834-20190207t021051-000003-02DF33.nc
al032024,IRWIN,rcm1-sclnd-owi-cm-20240701t003724-20240701t003841-00003-______ll_gd_GEO-IRWIN.nc,19.8764762878418,264.184295654297,"2024-07-01T00:37:24,000",/scale/user/mtannaou/alternance/donnees_sar_changes/rcm1-sclnd-owi-cm-20240701t003724-20240701t003841-00003-xxxxx_aeqd.nc,rcm1-sclnd-owi-cm-20240701t003724-20240701t003841-00003-xxxxx.nc,/home/datawork-cersat-public/cache/public/ftp/project/sarwing/processings/grdwind+windir_2025v6v12_2v0_0v3v9_0v0v6_0v0v6_1v4v3_1v0v15_1v0v10_1v2v5_1v2v2_1v1v1_1v2v1/cmod5n_ecmwf_norecal_rs2rcmgmfv4_28052025/rcm-1/L2M/sclnd/rcm-1_sclnd/2024/183/RCM1_OK3142357_PK3144262_1_SCLND_20240701_003724_VV_VH_GRD/rcm1-sclnd-owi-cm-20240701t003724-20240701t003841-00003-xxxxx.nc
io062023,IRWIN,rcm1-sclnb-owi-cm-20231024t235427-20231024t235542-00003-______ll_gd_GEO-IRWIN.nc,21.35573387146,91.2461318969727,"2023-10-24T23:54:27,000",/scale/user/mtannaou/alternance/donnees_sar_changes/rcm1-sclnb-owi-cm-20231024t235427-20231024t235542-00003-xxxxx_aeqd.nc,rcm1-sclnb-owi-cm-20231024t235427-20231024t235542-00003-xxxxx.nc,/home/datawork-cersat-public/cache/public/ftp/project/sarwing/processings/grdwind+windir_2025v6v12_2v0_0v3v9_0v0v6_0v0v6_1v4v3_1v0v15_1v0v10_1v2v5_1v2v2_1v1v1_1v2v1/cmod5n_ecmwf_norecal_rs2rcmgmfv4_28052025/rcm-1/L2M/sclnb/rcm-1_sclnb/2023/297/RCM1_OK2800453_PK2802529_1_SCLNB_20231024_235429_VV_VH_GRD/rcm1-sclnb-owi-cm-20231024t235427-20231024t235542-00003-xxxxx.nc
io062023,IRWIN,rcm1-sclna-owi-cm-20231024t120111-20231024t120227-00003-______ll_gd_GEO-IRWIN.nc,21.1033973693848,91.4803848266602,"2023-10-24T12:01:11,000",/scale/user/mtannaou/alternance/donnees_sar_changes/rcm1-sclna-owi-cm-20231024t120111-20231024t120227-00003-xxxxx_aeqd.nc,rcm1-sclna-owi-cm-20231024t120111-20231024t120227-00003-xxxxx.nc,/home/datawork-cersat-public/cache/public/ftp/project/sarwing/processings/grdwind+windir_2025v6v12_2v0_0v3v9_0v0v6_0v0v6_1v4v3_1v0v15_1v0v10_1v2v5_1v2v2_1v1v1_1v2v1/cmod5n_ecmwf_norecal_rs2rcmgmfv4_28052025/rcm-1/L2M/sclna/rcm-1_sclna/2023/297/RCM1_OK2800440_PK2801856_1_SCLNA_20231024_120111_VV_VH_GRD/rcm1-sclna-owi-cm-20231024t120111-20231024t120227-00003-xxxxx.nc
wp112020,IRWIN,s1a-iw-owi-cm-20200907t092349-20200907t092506-000003-03FAED_ll_gd_GEO-IRWIN.nc,38.8679695129395,129.218338012695,"2020-09-07T09:23:49,000",,s1a-iw-owi-cm-20200907t092259-20200907t092506-000003-03FAED.nc,/home/datawork-cersat-public/cache/public/ftp/project/sarwing/processings/grdwind+windir_2025v6v12_2v0_0v3v9_0v0v6_0v0v6_1v4v3_1v0v15_1v0v10_1v2v5_1v2v2_1v1v1_1v2v1/cmod5n_ecmwf_norecal_rs2rcmgmfv4_28052025/sentinel-1a/L2M/IW/S1A_IW_GRDH_1S/2020/251/S1A_IW_GRDH_1SDV_20200907T092259_20200907T092506_034251_03FAED_4FF1X944CXCCF7XE13BXE943/s1a-iw-owi-cm-20200907t092259-20200907t092506-000003-03FAED.nc
wp112020,IRWIN,rs2-scwa-owi-cm-20200903t203531-20200903t203902-00003-______ll_gd_GEO-IRWIN.nc,21.3469924926758,135.720153808594,"2020-09-03T20:35:31,000",/scale/user/mtannaou/alternance/donnees_sar_changes/rs2-scwa-owi-cm-20200903t203531-20200903t203902-00003-xxxxx_aeqd.nc,rs2-scwa-owi-cm-20200903t203531-20200903t203902-00003-xxxxx.nc,/home/datawork-cersat-public/cache/public/ftp/project/sarwing/processings/grdwind+windir_2025v6v12_2v0_0v3v9_0v0v6_0v0v6_1v4v3_1v0v15_1v0v10_1v2v5_1v2v2_1v1v1_1v2v1/cmod5n_ecmwf_norecal_rs2rcmgmfv4_28052025/RS2/L2M/SCWA/RS2_SCWA/2020/247/RS2_OK123467_PK1085538X539X540_DK1031942X943X944_SCWA_20200903_203531_203746_VV_VH_SGF/rs2-scwa-owi-cm-20200903t203531-20200903t203902-00003-xxxxx.nc
wp112020,IRWIN,s1b-iw-owi-cm-20200906t092820-20200906t092940-000003-02C288_ll_gd_GEO-IRWIN.nc,29.7800617218018,129.84651184082,"2020-09-06T09:28:20,000",/scale/user/mtannaou/alternance/donnees_sar_changes/s1b-iw-owi-cm-20200906t092820-20200906t092940-000003-02C288_aeqd.nc,s1b-iw-owi-cm-20200906t092820-20200906t092940-000003-02C288.nc,/home/datawork-cersat-public/cache/public/ftp/project/sarwing/processings/grdwind+windir_2025v6v12_2v0_0v3v9_0v0v6_0v0v6_1v4v3_1v0v15_1v0v10_1v2v5_1v2v2_1v1v1_1v2v1/cmod5n_ecmwf_norecal_rs2rcmgmfv4_28052025/sentinel-1b/L2M/IW/S1B_IW_GRDH_1S/2020/250/S1B_IW_GRDH_1SDV_20200906T092820_20200906T092940_023253_02C288_3C92X4383XA48F/s1b-iw-owi-cm-20200906t092820-20200906t092940-000003-02C288.nc
wp112020,IRWIN,s1b-iw-owi-cm-20200908t091650-20200908t091835-000003-02C36E_ll_gd_GEO-IRWIN.nc,46.529670715332,127.654594421387,"2020-09-08T09:16:50,000",/scale/user/mtannaou/alternance/donnees_sar_changes/s1b-iw-owi-cm-20200908t091650-20200908t091835-000003-02C36E_aeqd.nc,s1b-iw-owi-cm-20200908t091650-20200908t091835-000003-02C36E.nc,/home/datawork-cersat-public/cache/public/ftp/project/sarwing/processings/grdwind+windir_2025v6v12_2v0_0v3v9_0v0v6_0v0v6_1v4v3_1v0v15_1v0v10_1v2v5_1v2v2_1v1v1_1v2v1/cmod5n_ecmwf_norecal_rs2rcmgmfv4_28052025/sentinel-1b/L2M/IW/S1B_IW_GRDH_1S/2020/252/S1B_IW_GRDH_1SDV_20200908T091650_20200908T091835_023282_02C36E_36BEX3F4EX84F3XCFB3/s1b-iw-owi-cm-20200908t091650-20200908t091835-000003-02C36E.nc
wp112020,IRWIN,rs2-scwa-owi-cm-20200902t084047-20200902t084419-00003-______ll_gd_GEO-IRWIN.nc,19.412576675415,141.292510986328,"2020-09-02T08:40:47,000",/scale/user/mtannaou/alternance/donnees_sar_changes/rs2-scwa-owi-cm-20200902t084047-20200902t084419-00003-xxxxx_aeqd.nc,rs2-scwa-owi-cm-20200902t084047-20200902t084419-00003-xxxxx.nc,/home/datawork-cersat-public/cache/public/ftp/project/sarwing/processings/grdwind+windir_2025v6v12_2v0_0v3v9_0v0v6_0v0v6_1v4v3_1v0v15_1v0v10_1v2v5_1v2v2_1v1v1_1v2v1/cmod5n_ecmwf_norecal_rs2rcmgmfv4_28052025/RS2/L2M/SCWA/RS2_SCWA/2020/246/RS2_OK123463_PK1085530X531X532_DK1031939X940X941_SCWA_20200902_084047_084302_VV_VH_SGF/rs2-scwa-owi-cm-20200902t084047-20200902t084419-00003-xxxxx.nc
wp112020,IRWIN,s1a-ew-owi-cm-20200904t210200-20200904t210504-000003-03F9A9_ll_gd_GEO-IRWIN.nc,23.4165592193604,132.475997924805,"2020-09-04T21:02:00,000",,s1a-ew-owi-cm-20200904t210200-20200904t210535-000003-03F9A9.nc,/home/datawork-cersat-public/cache/public/ftp/project/sarwing/processings/grdwind+windir_2025v6v12_2v0_0v3v9_0v0v6_0v0v6_1v4v3_1v0v15_1v0v10_1v2v5_1v2v2_1v1v1_1v2v1/cmod5n_ecmwf_norecal_rs2rcmgmfv4_28052025/sentinel-1a/L2M/EW/S1A_EW_GRDM_1S/2020/248/S1A_EW_GRDM_1SDV_20200904T210200_20200904T210535_034214_03F9A9_25C6X31F2XC5DFXFC7F/s1a-ew-owi-cm-20200904t210200-20200904t210535-000003-03F9A9.nc
wp112020,IRWIN,s1b-iw-owi-cm-20200906t213202-20200906t213312-000003-02C2BE_ll_gd_GEO-IRWIN.nc,33.7168388366699,129.12174987793,"2020-09-06T21:32:02,000",,s1b-iw-owi-cm-20200906t213112-20200906t213312-000003-02C2BE.nc,/home/datawork-cersat-public/cache/public/ftp/project/sarwing/processings/grdwind+windir_2025v6v12_2v0_0v3v9_0v0v6_0v0v6_1v4v3_1v0v15_1v0v10_1v2v5_1v2v2_1v1v1_1v2v1/cmod5n_ecmwf_norecal_rs2rcmgmfv4_28052025/sentinel-1b/L2M/IW/S1B_IW_GRDH_1S/2020/250/S1B_IW_GRDH_1SDV_20200906T213112_20200906T213312_023260_02C2BE_2470X9133XBC35XC1A5XF96A/s1b-iw-owi-cm-20200906t213112-20200906t213312-000003-02C2BE.nc
ep072024,IRWIN,rcm2-sc50mc-owi-cm-20240820t015639-20240820t015756-00003-______ll_gd_GEO-IRWIN.nc,15.2958269119263,242.810180664063,"2024-08-20T01:56:39,000",/scale/user/mtannaou/alternance/donnees_sar_changes/rcm2-sc50mc-owi-cm-20240820t015639-20240820t015756-00003-xxxxx_aeqd.nc,rcm2-sc50mc-owi-cm-20240820t015639-20240820t015756-00003-xxxxx.nc,/home/datawork-cersat-public/cache/public/ftp/project/sarwing/processings/grdwind+windir_2025v6v12_2v0_0v3v9_0v0v6_0v0v6_1v4v3_1v0v15_1v0v10_1v2v5_1v2v2_1v1v1_1v2v1/cmod5n_ecmwf_norecal_rs2rcmgmfv4_28052025/rcm-2/L2M/sc50mc/rcm-2_sc50mc/2024/233/RCM2_OK3215697_PK3218488_1_SC50MC_20240820_015508_HH_HV_GRD/rcm2-sc50mc-owi-cm-20240820t015639-20240820t015756-00003-xxxxx.nc
ep072024,IRWIN,s1a-ew-owi-cm-20240824t023503-20240824t023607-000003-06BFDD_ll_gd_GEO-IRWIN.nc,17.398473739624,231.923126220703,"2024-08-24T02:35:03,000",/scale/user/mtannaou/alternance/donnees_sar_changes/s1a-ew-owi-cm-20240824t023503-20240824t023607-000003-06BFDD_aeqd.nc,s1a-ew-owi-cm-20240824t023503-20240824t023607-000003-06BFDD.nc,/home/datawork-cersat-public/cache/public/ftp/project/sarwing/processings/grdwind+windir_2025v6v12_2v0_0v3v9_0v0v6_0v0v6_1v4v3_1v0v15_1v0v10_1v2v5_1v2v2_1v1v1_1v2v1/cmod5n_ecmwf_norecal_rs2rcmgmfv4_28052025/sentinel-1a/L2M/EW/S1A_EW_GRDM_1S/2024/237/S1A_EW_GRDM_1SDV_20240824T023503_20240824T023607_055349_06BFDD_BAD1/s1a-ew-owi-cm-20240824t023503-20240824t023607-000003-06BFDD.nc
ep072024,IRWIN,rcm2-sc50md-owi-cm-20240823t141611-20240823t141729-00003-______ll_gd_GEO-IRWIN.nc,17.399600982666,233.454559326172,"2024-08-23T14:16:11,000",/scale/user/mtannaou/alternance/donnees_sar_changes/rcm2-sc50md-owi-cm-20240823t141611-20240823t141729-00003-xxxxx_aeqd.nc,rcm2-sc50md-owi-cm-20240823t141611-20240823t141729-00003-xxxxx.nc,/home/datawork-cersat-public/cache/public/ftp/project/sarwing/processings/grdwind+windir_2025v6v12_2v0_0v3v9_0v0v6_0v0v6_1v4v3_1v0v15_1v0v10_1v2v5_1v2v2_1v1v1_1v2v1/cmod5n_ecmwf_norecal_rs2rcmgmfv4_28052025/rcm-2/L2M/sc50md/rcm-2_sc50md/2024/236/RCM2_OK3221017_PK3224099_1_SC50MD_20240823_141612_HH_HV_GRD/rcm2-sc50md-owi-cm-20240823t141611-20240823t141729-00003-xxxxx.nc
ep072024,IRWIN,rcm2-sc50ma-owi-cm-20240824t022959-20240824t023116-00003-______ll_gd_GEO-IRWIN.nc,17.398473739624,231.923126220703,"2024-08-24T02:29:59,000",/scale/user/mtannaou/alternance/donnees_sar_changes/rcm2-sc50ma-owi-cm-20240824t022959-20240824t023116-00003-xxxxx_aeqd.nc,rcm2-sc50ma-owi-cm-20240824t022959-20240824t023116-00003-xxxxx.nc,/home/datawork-cersat-public/cache/public/ftp/project/sarwing/processings/grdwind+windir_2025v6v12_2v0_0v3v9_0v0v6_0v0v6_1v4v3_1v0v15_1v0v10_1v2v5_1v2v2_1v1v1_1v2v1/cmod5n_ecmwf_norecal_rs2rcmgmfv4_28052025/rcm-2/L2M/sc50ma/rcm-2_sc50ma/2024/237/RCM2_OK3221710_PK3224880_1_SC50MA_20240824_023000_HH_HV_GRD/rcm2-sc50ma-owi-cm-20240824t022959-20240824t023116-00003-xxxxx.nc
ep072024,IRWIN,rcm2-sclnd-owi-cm-20240824t142422-20240824t142538-00003-______ll_gd_GEO-IRWIN.nc,17.5077743530273,230.241271972656,"2024-08-24T14:24:22,000",/scale/user/mtannaou/alternance/donnees_sar_changes/rcm2-sclnd-owi-cm-20240824t142422-20240824t142538-00003-xxxxx_aeqd.nc,rcm2-sclnd-owi-cm-20240824t142422-20240824t142538-00003-xxxxx.nc,/home/datawork-cersat-public/cache/public/ftp/project/sarwing/processings/grdwind+windir_2025v6v12_2v0_0v3v9_0v0v6_0v0v6_1v4v3_1v0v15_1v0v10_1v2v5_1v2v2_1v1v1_1v2v1/cmod5n_ecmwf_norecal_rs2rcmgmfv4_28052025/rcm-2/L2M/sclnd/rcm-2_sclnd/2024/237/RCM2_OK3222573_PK3225740_1_SCLND_20240824_142424_VV_VH_GRD/rcm2-sclnd-owi-cm-20240824t142422-20240824t142538-00003-xxxxx.nc
ep072024,IRWIN,rcm1-sclnd-owi-cm-20240826t031741-20240826t031859-00003-______ll_gd_GEO-IRWIN.nc,18.0274810791016,224.928161621094,"2024-08-26T03:17:41,000",/scale/user/mtannaou/alternance/donnees_sar_changes/rcm1-sclnd-owi-cm-20240826t031741-20240826t031859-00003-xxxxx_aeqd.nc,rcm1-sclnd-owi-cm-20240826t031741-20240826t031859-00003-xxxxx.nc,/home/datawork-cersat-public/cache/public/ftp/project/sarwing/processings/grdwind+windir_2025v6v12_2v0_0v3v9_0v0v6_0v0v6_1v4v3_1v0v15_1v0v10_1v2v5_1v2v2_1v1v1_1v2v1/cmod5n_ecmwf_norecal_rs2rcmgmfv4_28052025/rcm-1/L2M/sclnd/rcm-1_sclnd/2024/239/RCM1_OK3226565_PK3227941_1_SCLND_20240826_031742_VV_VH_GRD/rcm1-sclnd-owi-cm-20240826t031741-20240826t031859-00003-xxxxx.nc
ep072024,IRWIN,rcm2-sclnd-owi-cm-20240822t140821-20240822t140937-00003-______ll_gd_GEO-IRWIN.nc,16.807502746582,235.580856323242,"2024-08-22T14:08:21,000",/scale/user/mtannaou/alternance/donnees_sar_changes/rcm2-sclnd-owi-cm-20240822t140821-20240822t140937-00003-xxxxx_aeqd.nc,rcm2-sclnd-owi-cm-20240822t140821-20240822t140937-00003-xxxxx.nc,/home/datawork-cersat-public/cache/public/ftp/project/sarwing/processings/grdwind+windir_2025v6v12_2v0_0v3v9_0v0v6_0v0v6_1v4v3_1v0v15_1v0v10_1v2v5_1v2v2_1v1v1_1v2v1/cmod5n_ecmwf_norecal_rs2rcmgmfv4_28052025/rcm-2/L2M/sclnd/rcm-2_sclnd/2024/235/RCM2_OK3219400_PK3222483_1_SCLND_20240822_140821_VV_VH_GRD/rcm2-sclnd-owi-cm-20240822t140821-20240822t140937-00003-xxxxx.nc
ep072024,IRWIN,rcm2-sclna-owi-cm-20240823t022143-20240823t022258-00003-______ll_gd_GEO-IRWIN.nc,17.3149795532227,234.566177368164,"2024-08-23T02:21:43,000",/scale/user/mtannaou/alternance/donnees_sar_changes/rcm2-sclna-owi-cm-20240823t022143-20240823t022258-00003-xxxxx_aeqd.nc,rcm2-sclna-owi-cm-20240823t022143-20240823t022258-00003-xxxxx.nc,/home/datawork-cersat-public/cache/public/ftp/project/sarwing/processings/grdwind+windir_2025v6v12_2v0_0v3v9_0v0v6_0v0v6_1v4v3_1v0v15_1v0v10_1v2v5_1v2v2_1v1v1_1v2v1/cmod5n_ecmwf_norecal_rs2rcmgmfv4_28052025/rcm-2/L2M/sclna/rcm-2_sclna/2024/236/RCM2_OK3219420_PK3223463_1_SCLNA_20240823_022145_VV_VH_GRD/rcm2-sclna-owi-cm-20240823t022143-20240823t022258-00003-xxxxx.nc
ep072024,IRWIN,rcm2-sclna-owi-cm-20240822t021333-20240822t021449-00003-______ll_gd_GEO-IRWIN.nc,16.4082260131836,236.380905151367,"2024-08-22T02:13:33,000",/scale/user/mtannaou/alternance/donnees_sar_changes/rcm2-sclna-owi-cm-20240822t021333-20240822t021449-00003-xxxxx_aeqd.nc,rcm2-sclna-owi-cm-20240822t021333-20240822t021449-00003-xxxxx.nc,/home/datawork-cersat-public/cache/public/ftp/project/sarwing/processings/grdwind+windir_2025v6v12_2v0_0v3v9_0v0v6_0v0v6_1v4v3_1v0v15_1v0v10_1v2v5_1v2v2_1v1v1_1v2v1/cmod5n_ecmwf_norecal_rs2rcmgmfv4_28052025/rcm-2/L2M/sclna/rcm-2_sclna/2024/235/RCM2_OK3217747_PK3221626_1_SCLNA_20240822_021333_VV_VH_GRD/rcm2-sclna-owi-cm-20240822t021333-20240822t021449-00003-xxxxx.nc
ep072024,IRWIN,rcm1-sclna-owi-cm-20240828t033401-20240828t033517-00003-______ll_gd_GEO-IRWIN.nc,18.3917961120606,216.987228393555,"2024-08-28T03:34:01,000",/scale/user/mtannaou/alternance/donnees_sar_changes/rcm1-sclna-owi-cm-20240828t033401-20240828t033517-00003-xxxxx_aeqd.nc,rcm1-sclna-owi-cm-20240828t033401-20240828t033517-00003-xxxxx.nc,/home/datawork-cersat-public/cache/public/ftp/project/sarwing/processings/grdwind+windir_2025v6v12_2v0_0v3v9_0v0v6_0v0v6_1v4v3_1v0v15_1v0v10_1v2v5_1v2v2_1v1v1_1v2v1/cmod5n_ecmwf_norecal_rs2rcmgmfv4_28052025/rcm-1/L2M/sclna/rcm-1_sclna/2024/241/RCM1_OK3228970_PK3230877_1_SCLNA_20240828_033400_VV_VH_GRD/rcm1-sclna-owi-cm-20240828t033401-20240828t033517-00003-xxxxx.nc
ep072024,IRWIN,rcm1-sclna-owi-cm-20240826t151209-20240826t151326-00003-______ll_gd_GEO-IRWIN.nc,18.2377643585205,223.542251586914,"2024-08-26T15:12:09,000",/scale/user/mtannaou/alternance/donnees_sar_changes/rcm1-sclna-owi-cm-20240826t151209-20240826t151326-00003-xxxxx_aeqd.nc,rcm1-sclna-owi-cm-20240826t151209-20240826t151326-00003-xxxxx.nc,/home/datawork-cersat-public/cache/public/ftp/project/sarwing/processings/grdwind+windir_2025v6v12_2v0_0v3v9_0v0v6_0v0v6_1v4v3_1v0v15_1v0v10_1v2v5_1v2v2_1v1v1_1v2v1/cmod5n_ecmwf_norecal_rs2rcmgmfv4_28052025/rcm-1/L2M/sclna/rcm-1_sclna/2024/239/RCM1_OK3226207_PK3228598_1_SCLNA_20240826_151210_VV_VH_GRD/rcm1-sclna-owi-cm-20240826t151209-20240826t151326-00003-xxxxx.nc
ep072024,IRWIN,rcm2-sclnc-owi-cm-20240821t140027-20240821t140143-00003-______ll_gd_GEO-IRWIN.nc,16.0023365020752,237.391906738281,"2024-08-21T14:00:27,000",/scale/user/mtannaou/alternance/donnees_sar_changes/rcm2-sclnc-owi-cm-20240821t140027-20240821t140143-00003-xxxxx_aeqd.nc,rcm2-sclnc-owi-cm-20240821t140027-20240821t140143-00003-xxxxx.nc,/home/datawork-cersat-public/cache/public/ftp/project/sarwing/processings/grdwind+windir_2025v6v12_2v0_0v3v9_0v0v6_0v0v6_1v4v3_1v0v15_1v0v10_1v2v5_1v2v2_1v1v1_1v2v1/cmod5n_ecmwf_norecal_rs2rcmgmfv4_28052025/rcm-2/L2M/sclnc/rcm-2_sclnc/2024/234/RCM2_OK3217771_PK3220706_1_SCLNC_20240821_140027_VV_VH_GRD/rcm2-sclnc-owi-cm-20240821t140027-20240821t140143-00003-xxxxx.nc
ep072024,IRWIN,rcm2-sc50mc-owi-cm-20240819t014811-20240819t014929-00003-______ll_gd_GEO-IRWIN.nc,14.7966651916504,247.017852783203,"2024-08-19T01:48:11,000",/scale/user/mtannaou/alternance/donnees_sar_changes/rcm2-sc50mc-owi-cm-20240819t014811-20240819t014929-00003-xxxxx_aeqd.nc,rcm2-sc50mc-owi-cm-20240819t014811-20240819t014929-00003-xxxxx.nc,/home/datawork-cersat-public/cache/public/ftp/project/sarwing/processings/grdwind+windir_2025v6v12_2v0_0v3v9_0v0v6_0v0v6_1v4v3_1v0v15_1v0v10_1v2v5_1v2v2_1v1v1_1v2v1/cmod5n_ecmwf_norecal_rs2rcmgmfv4_28052025/rcm-2/L2M/sc50mc/rcm-2_sc50mc/2024/232/RCM2_OK3214299_PK3216777_1_SC50MC_20240819_014711_HH_HV_GRD/rcm2-sc50mc-owi-cm-20240819t014811-20240819t014929-00003-xxxxx.nc
ep072024,IRWIN,rcm1-sclna-owi-cm-20240827t152010-20240827t152126-00003-______ll_gd_GEO-IRWIN.nc,18.3904113769531,219.581756591797,"2024-08-27T15:20:10,000",/scale/user/mtannaou/alternance/donnees_sar_changes/rcm1-sclna-owi-cm-20240827t152010-20240827t152126-00003-xxxxx_aeqd.nc,rcm1-sclna-owi-cm-20240827t152010-20240827t152126-00003-xxxxx.nc,/home/datawork-cersat-public/cache/public/ftp/project/sarwing/processings/grdwind+windir_2025v6v12_2v0_0v3v9_0v0v6_0v0v6_1v4v3_1v0v15_1v0v10_1v2v5_1v2v2_1v1v1_1v2v1/cmod5n_ecmwf_norecal_rs2rcmgmfv4_28052025/rcm-1/L2M/sclna/rcm-1_sclna/2024/240/RCM1_OK3227592_PK3230192_1_SCLNA_20240827_152010_VV_VH_GRD/rcm1-sclna-owi-cm-20240827t152010-20240827t152126-00003-xxxxx.nc
ep072024,IRWIN,rcm1-sclnc-owi-cm-20240827t032550-20240827t032705-00003-______ll_gd_GEO-IRWIN.nc,18.5108375549316,221.742294311523,"2024-08-27T03:25:50,000",/scale/user/mtannaou/alternance/donnees_sar_changes/rcm1-sclnc-owi-cm-20240827t032550-20240827t032705-00003-xxxxx_aeqd.nc,rcm1-sclnc-owi-cm-20240827t032550-20240827t032705-00003-xxxxx.nc,/home/datawork-cersat-public/cache/public/ftp/project/sarwing/processings/grdwind+windir_2025v6v12_2v0_0v3v9_0v0v6_0v0v6_1v4v3_1v0v15_1v0v10_1v2v5_1v2v2_1v1v1_1v2v1/cmod5n_ecmwf_norecal_rs2rcmgmfv4_28052025/rcm-1/L2M/sclnc/rcm-1_sclnc/2024/240/RCM1_OK3227580_PK3229489_1_SCLNC_20240827_032552_VV_VH_GRD/rcm1-sclnc-owi-cm-20240827t032550-20240827t032705-00003-xxxxx.nc
ep072024,IRWIN,rcm3-sc50mc-owi-cm-20240818t130520-20240818t130638-00003-______ll_gd_GEO-IRWIN.nc,14.3629121780396,249.787399291992,"2024-08-18T13:05:20,000",/scale/user/mtannaou/alternance/donnees_sar_changes/rcm3-sc50mc-owi-cm-20240818t130520-20240818t130638-00003-xxxxx_aeqd.nc,rcm3-sc50mc-owi-cm-20240818t130520-20240818t130638-00003-xxxxx.nc,/home/datawork-cersat-public/cache/public/ftp/project/sarwing/processings/grdwind+windir_2025v6v12_2v0_0v3v9_0v0v6_0v0v6_1v4v3_1v0v15_1v0v10_1v2v5_1v2v2_1v1v1_1v2v1/cmod5n_ecmwf_norecal_rs2rcmgmfv4_28052025/rcm-3/L2M/sc50mc/rcm-3_sc50mc/2024/231/RCM3_OK3214296_PK3215886_1_SC50MC_20240818_130441_HH_HV_GRD/rcm3-sc50mc-owi-cm-20240818t130520-20240818t130638-00003-xxxxx.nc
ep072024,IRWIN,rcm1-sclna-owi-cm-20240829t034226-20240829t034338-00003-______ll_gd_GEO-IRWIN.nc,19.1405124664307,212.059371948242,"2024-08-29T03:42:26,000",/scale/user/mtannaou/alternance/donnees_sar_changes/rcm1-sclna-owi-cm-20240829t034226-20240829t034338-00003-xxxxx_aeqd.nc,rcm1-sclna-owi-cm-20240829t034226-20240829t034338-00003-xxxxx.nc,/home/datawork-cersat-public/cache/public/ftp/project/sarwing/processings/grdwind+windir_2025v6v12_2v0_0v3v9_0v0v6_0v0v6_1v4v3_1v0v15_1v0v10_1v2v5_1v2v2_1v1v1_1v2v1/cmod5n_ecmwf_norecal_rs2rcmgmfv4_28052025/rcm-1/L2M/sclna/rcm-1_sclna/2024/242/RCM1_OK3230246_PK3232691_1_SCLNA_20240829_034228_VV_VH_GRD/rcm1-sclna-owi-cm-20240829t034226-20240829t034338-00003-xxxxx.nc
wp122023,IRWIN,rcm1-sc50ma-owi-cm-20230907t204627-20230907t204736-00003-______ll_gd_GEO-IRWIN.nc,32.6569213867188,137.184219360352,"2023-09-07T20:46:27,000",/scale/user/mtannaou/alternance/donnees_sar_changes/rcm1-sc50ma-owi-cm-20230907t204627-20230907t204736-00003-xxxxx_aeqd.nc,rcm1-sc50ma-owi-cm-20230907t204627-20230907t204736-00003-xxxxx.nc,/home/datawork-cersat-public/cache/public/ftp/project/sarwing/processings/grdwind+windir_2025v6v12_2v0_0v3v9_0v0v6_0v0v6_1v4v3_1v0v15_1v0v10_1v2v5_1v2v2_1v1v1_1v2v1/cmod5n_ecmwf_norecal_rs2rcmgmfv4_28052025/rcm-1/L2M/sc50ma/rcm-1_sc50ma/2023/250/RCM1_OK2731679_PK2731681_1_SC50MA_20230907_204616_HH_HV_GRD/rcm1-sc50ma-owi-cm-20230907t204627-20230907t204736-00003-xxxxx.nc
wp122023,IRWIN,s1a-ew-owi-cm-20230906t090446-20230906t090549-000003-060AF0_ll_gd_GEO-IRWIN.nc,26.6404190063477,134.20866394043,"2023-09-06T09:04:46,000",/scale/user/mtannaou/alternance/donnees_sar_changes/s1a-ew-owi-cm-20230906t090446-20230906t090549-000003-060AF0_aeqd.nc,s1a-ew-owi-cm-20230906t090446-20230906t090549-000003-060AF0.nc,/home/datawork-cersat-public/cache/public/ftp/project/sarwing/processings/grdwind+windir_2025v6v12_2v0_0v3v9_0v0v6_0v0v6_1v4v3_1v0v15_1v0v10_1v2v5_1v2v2_1v1v1_1v2v1/cmod5n_ecmwf_norecal_rs2rcmgmfv4_28052025/sentinel-1a/L2M/EW/S1A_EW_GRDM_1S/2023/249/S1A_EW_GRDM_1SDV_20230906T090446_20230906T090549_050205_060AF0_6E70/s1a-ew-owi-cm-20230906t090446-20230906t090549-000003-060AF0.nc
ep132023,IRWIN,rcm2-sclnd-owi-cm-20230921t140828-20230921t140945-00003-______ll_gd_GEO-IRWIN.nc,16.9166374206543,234.784881591797,"2023-09-21T14:08:28,000",/scale/user/mtannaou/alternance/donnees_sar_changes/rcm2-sclnd-owi-cm-20230921t140828-20230921t140945-00003-xxxxx_aeqd.nc,rcm2-sclnd-owi-cm-20230921t140828-20230921t140945-00003-xxxxx.nc,/home/datawork-cersat-public/cache/public/ftp/project/sarwing/processings/grdwind+windir_2025v6v12_2v0_0v3v9_0v0v6_0v0v6_1v4v3_1v0v15_1v0v10_1v2v5_1v2v2_1v1v1_1v2v1/cmod5n_ecmwf_norecal_rs2rcmgmfv4_28052025/rcm-2/L2M/sclnd/rcm-2_sclnd/2023/264/RCM2_OK2753077_PK2755855_1_SCLND_20230921_140828_VV_VH_GRD/rcm2-sclnd-owi-cm-20230921t140828-20230921t140945-00003-xxxxx.nc
wp052023,IRWIN,rcm3-sc50mc-owi-cm-20230726t100805-20230726t100935-00003-______ll_gd_GEO-IRWIN.nc,19.4324588775635,120.853576660156,"2023-07-26T10:08:05,000",,rcm3-sc50mc-owi-cm-20230726t100805-20230726t100935-00003-xxxxx.nc,/home/datawork-cersat-public/cache/public/ftp/project/sarwing/processings/grdwind+windir_2025v6v12_2v0_0v3v9_0v0v6_0v0v6_1v4v3_1v0v15_1v0v10_1v2v5_1v2v2_1v1v1_1v2v1/cmod5n_ecmwf_norecal_rs2rcmgmfv4_28052025/rcm-3/L2M/sc50mc/rcm-3_sc50mc/2023/207/RCM3_OK2665447_PK2665454_1X2_SC50MC_20230726_100807_HH_HV_GRD/rcm3-sc50mc-owi-cm-20230726t100805-20230726t100935-00003-xxxxx.nc
wp052023,IRWIN,rcm3-sc50mc-owi-cm-20230724t095134-20230724t095251-00003-______ll_gd_GEO-IRWIN.nc,16.0374126434326,126.173927307129,"2023-07-24T09:51:34,000",/scale/user/mtannaou/alternance/donnees_sar_changes/rcm3-sc50mc-owi-cm-20230724t095134-20230724t095251-00003-xxxxx_aeqd.nc,rcm3-sc50mc-owi-cm-20230724t095134-20230724t095251-00003-xxxxx.nc,/home/datawork-cersat-public/cache/public/ftp/project/sarwing/processings/grdwind+windir_2025v6v12_2v0_0v3v9_0v0v6_0v0v6_1v4v3_1v0v15_1v0v10_1v2v5_1v2v2_1v1v1_1v2v1/cmod5n_ecmwf_norecal_rs2rcmgmfv4_28052025/rcm-3/L2M/sc50mc/rcm-3_sc50mc/2023/205/RCM3_OK2660200_PK2662422_1_SC50MC_20230724_095128_HH_HV_GRD/rcm3-sc50mc-owi-cm-20230724t095134-20230724t095251-00003-xxxxx.nc
wp052023,IRWIN,rcm3-sc50ma-owi-cm-20230725t215440-20230725t215539-00003-______ll_gd_GEO-IRWIN.nc,18.9454498291016,121.393257141113,"2023-07-25T21:54:40,000",/scale/user/mtannaou/alternance/donnees_sar_changes/rcm3-sc50ma-owi-cm-20230725t215440-20230725t215539-00003-xxxxx_aeqd.nc,rcm3-sc50ma-owi-cm-20230725t215440-20230725t215539-00003-xxxxx.nc,/home/datawork-cersat-public/cache/public/ftp/project/sarwing/processings/grdwind+windir_2025v6v12_2v0_0v3v9_0v0v6_0v0v6_1v4v3_1v0v15_1v0v10_1v2v5_1v2v2_1v1v1_1v2v1/cmod5n_ecmwf_norecal_rs2rcmgmfv4_28052025/rcm-3/L2M/sc50ma/rcm-3_sc50ma/2023/206/RCM3_OK2662100_PK2664686_1_SC50MA_20230725_215443_HH_HV_GRD/rcm3-sc50ma-owi-cm-20230725t215440-20230725t215539-00003-xxxxx.nc
wp052023,IRWIN,rcm3-sc50ma-owi-cm-20230726t220236-20230726t220309-00003-______ll_gd_GEO-IRWIN.nc,20.2574653625488,119.843421936035,"2023-07-26T22:02:36,000",/scale/user/mtannaou/alternance/donnees_sar_changes/rcm3-sc50ma-owi-cm-20230726t220236-20230726t220309-00003-xxxxx_aeqd.nc,rcm3-sc50ma-owi-cm-20230726t220236-20230726t220309-00003-xxxxx.nc,/home/datawork-cersat-public/cache/public/ftp/project/sarwing/processings/grdwind+windir_2025v6v12_2v0_0v3v9_0v0v6_0v0v6_1v4v3_1v0v15_1v0v10_1v2v5_1v2v2_1v1v1_1v2v1/cmod5n_ecmwf_norecal_rs2rcmgmfv4_28052025/rcm-3/L2M/sc50ma/rcm-3_sc50ma/2023/207/RCM3_OK2666174_PK2666175_1_SC50MA_20230726_220237_HH_HV_GRD/rcm3-sc50ma-owi-cm-20230726t220236-20230726t220309-00003-xxxxx.nc
wp052023,IRWIN,s1a-ew-owi-cm-20230723t213803-20230723t213906-000003-05F582_ll_gd_GEO-IRWIN.nc,15.1063318252564,126.851165771484,"2023-07-23T21:38:03,000",/scale/user/mtannaou/alternance/donnees_sar_changes/s1a-ew-owi-cm-20230723t213803-20230723t213906-000003-05F582_aeqd.nc,s1a-ew-owi-cm-20230723t213803-20230723t213906-000003-05F582.nc,/home/datawork-cersat-public/cache/public/ftp/project/sarwing/processings/grdwind+windir_2025v6v12_2v0_0v3v9_0v0v6_0v0v6_1v4v3_1v0v15_1v0v10_1v2v5_1v2v2_1v1v1_1v2v1/cmod5n_ecmwf_norecal_rs2rcmgmfv4_28052025/sentinel-1a/L2M/EW/S1A_EW_GRDM_1S/2023/204/S1A_EW_GRDM_1SDV_20230723T213803_20230723T213906_049556_05F582_506F/s1a-ew-owi-cm-20230723t213803-20230723t213906-000003-05F582.nc
wp052023,IRWIN,rcm1-sc50mc-owi-cm-20230723t210706-20230723t210819-00003-______ll_gd_GEO-IRWIN.nc,15.1048765182495,126.890518188477,"2023-07-23T21:07:06,000",/scale/user/mtannaou/alternance/donnees_sar_changes/rcm1-sc50mc-owi-cm-20230723t210706-20230723t210819-00003-xxxxx_aeqd.nc,rcm1-sc50mc-owi-cm-20230723t210706-20230723t210819-00003-xxxxx.nc,/home/datawork-cersat-public/cache/public/ftp/project/sarwing/processings/grdwind+windir_2025v6v12_2v0_0v3v9_0v0v6_0v0v6_1v4v3_1v0v15_1v0v10_1v2v5_1v2v2_1v1v1_1v2v1/cmod5n_ecmwf_norecal_rs2rcmgmfv4_28052025/rcm-1/L2M/sc50mc/rcm-1_sc50mc/2023/204/RCM1_OK2659469_PK2661867_1_SC50MC_20230723_210708_HH_HV_GRD/rcm1-sc50mc-owi-cm-20230723t210706-20230723t210819-00003-xxxxx.nc
wp052023,IRWIN,rcm3-sc50mc-owi-cm-20230725t100013-20230725t100130-00003-______ll_gd_GEO-IRWIN.nc,18.5257358551025,123.464485168457,"2023-07-25T10:00:13,000",/scale/user/mtannaou/alternance/donnees_sar_changes/rcm3-sc50mc-owi-cm-20230725t100013-20230725t100130-00003-xxxxx_aeqd.nc,rcm3-sc50mc-owi-cm-20230725t100013-20230725t100130-00003-xxxxx.nc,/home/datawork-cersat-public/cache/public/ftp/project/sarwing/processings/grdwind+windir_2025v6v12_2v0_0v3v9_0v0v6_0v0v6_1v4v3_1v0v15_1v0v10_1v2v5_1v2v2_1v1v1_1v2v1/cmod5n_ecmwf_norecal_rs2rcmgmfv4_28052025/rcm-3/L2M/sc50mc/rcm-3_sc50mc/2023/206/RCM3_OK2662094_PK2663796_1_SC50MC_20230725_100013_HH_HV_GRD/rcm3-sc50mc-owi-cm-20230725t100013-20230725t100130-00003-xxxxx.nc
wp052023,IRWIN,rcm3-sc50mc-owi-cm-20230727t101728-20230727t101751-00003-______ll_gd_GEO-IRWIN.nc,21.2955646514893,119.227287292481,"2023-07-27T10:17:28,000",/scale/user/mtannaou/alternance/donnees_sar_changes/rcm3-sc50mc-owi-cm-20230727t101728-20230727t101751-00003-xxxxx_aeqd.nc,rcm3-sc50mc-owi-cm-20230727t101728-20230727t101751-00003-xxxxx.nc,/home/datawork-cersat-public/cache/public/ftp/project/sarwing/processings/grdwind+windir_2025v6v12_2v0_0v3v9_0v0v6_0v0v6_1v4v3_1v0v15_1v0v10_1v2v5_1v2v2_1v1v1_1v2v1/cmod5n_ecmwf_norecal_rs2rcmgmfv4_28052025/rcm-3/L2M/sc50mc/rcm-3_sc50mc/2023/208/RCM3_OK2666908_PK2666913_1_SC50MC_20230727_101731_HH_HV_GRD/rcm3-sc50mc-owi-cm-20230727t101728-20230727t101751-00003-xxxxx.nc
wp052023,IRWIN,s1a-ew-owi-cm-20230726t220124-20230726t220228-000003-05F6DE_ll_gd_GEO-IRWIN.nc,20.2574653625488,119.843421936035,"2023-07-26T22:01:24,000",/scale/user/mtannaou/alternance/donnees_sar_changes/s1a-ew-owi-cm-20230726t220124-20230726t220228-000003-05F6DE_aeqd.nc,rcm3-sc50ma-owi-cm-20230726t220236-20230726t220309-00003-xxxxx.nc,/home/datawork-cersat-public/cache/public/ftp/project/sarwing/processings/grdwind+windir_2025v6v12_2v0_0v3v9_0v0v6_0v0v6_1v4v3_1v0v15_1v0v10_1v2v5_1v2v2_1v1v1_1v2v1/cmod5n_ecmwf_norecal_rs2rcmgmfv4_28052025/rcm-3/L2M/sc50ma/rcm-3_sc50ma/2023/207/RCM3_OK2666174_PK2666175_1_SC50MA_20230726_220237_HH_HV_GRD/rcm3-sc50ma-owi-cm-20230726t220236-20230726t220309-00003-xxxxx.nc
wp052023,IRWIN,rcm3-sc50mc-owi-cm-20230723t094306-20230723t094424-00003-______ll_gd_GEO-IRWIN.nc,14.9250392913818,128.122421264648,"2023-07-23T09:43:06,000",/scale/user/mtannaou/alternance/donnees_sar_changes/rcm3-sc50mc-owi-cm-20230723t094306-20230723t094424-00003-xxxxx_aeqd.nc,rcm3-sc50mc-owi-cm-20230723t094306-20230723t094424-00003-xxxxx.nc,/home/datawork-cersat-public/cache/public/ftp/project/sarwing/processings/grdwind+windir_2025v6v12_2v0_0v3v9_0v0v6_0v0v6_1v4v3_1v0v15_1v0v10_1v2v5_1v2v2_1v1v1_1v2v1/cmod5n_ecmwf_norecal_rs2rcmgmfv4_28052025/rcm-3/L2M/sc50mc/rcm-3_sc50mc/2023/204/RCM3_OK2659461_PK2661103_1_SC50MC_20230723_094307_HH_HV_GRD/rcm3-sc50mc-owi-cm-20230723t094306-20230723t094424-00003-xxxxx.nc
al062022,IRWIN,rcm1-sc50ma-owi-cm-20220909t212936-20220909t213035-00003-______ll_gd_GEO-IRWIN.nc,35.3923454284668,300.944244384766,"2022-09-09T21:29:36,000",/scale/user/mtannaou/alternance/donnees_sar_changes/rcm1-sc50ma-owi-cm-20220909t212936-20220909t213035-00003-xxxxx_aeqd.nc,rcm1-sc50ma-owi-cm-20220909t212936-20220909t213035-00003-xxxxx.nc,/home/datawork-cersat-public/cache/public/ftp/project/sarwing/processings/grdwind+windir_2025v6v12_2v0_0v3v9_0v0v6_0v0v6_1v4v3_1v0v15_1v0v10_1v2v5_1v2v2_1v1v1_1v2v1/cmod5n_ecmwf_norecal_rs2rcmgmfv4_28052025/rcm-1/L2M/sc50ma/rcm-1_sc50ma/2022/252/RCM1_OK2000496_PK2249449_1_SC50MA_20220909_212934_HH_HV_GRD/rcm1-sc50ma-owi-cm-20220909t212936-20220909t213035-00003-xxxxx.nc
al062022,IRWIN,rcm3-sc50mc-owi-cm-20220910t094458-20220910t094518-00003-______ll_gd_GEO-IRWIN.nc,40.8132667541504,306.118957519531,"2022-09-10T09:44:58,000",/scale/user/mtannaou/alternance/donnees_sar_changes/rcm3-sc50mc-owi-cm-20220910t094458-20220910t094518-00003-xxxxx_aeqd.nc,rcm3-sc50mc-owi-cm-20220910t094458-20220910t094518-00003-xxxxx.nc,/home/datawork-cersat-public/cache/public/ftp/project/sarwing/processings/grdwind+windir_2025v6v12_2v0_0v3v9_0v0v6_0v0v6_1v4v3_1v0v15_1v0v10_1v2v5_1v2v2_1v1v1_1v2v1/cmod5n_ecmwf_norecal_rs2rcmgmfv4_28052025/rcm-3/L2M/sc50mc/rcm-3_sc50mc/2022/253/RCM3_OK1995485_PK2250019_1_SC50MC_20220910_094501_HH_HV_GRD/rcm3-sc50mc-owi-cm-20220910t094458-20220910t094518-00003-xxxxx.nc
wp032020,IRWIN,s1a-iw-owi-cm-20200803t100117-20200803t100257-000003-03E924_ll_gd_GEO-IRWIN.nc,26.4400634765625,122.189849853516,"2020-08-03T10:01:17,000",,s1a-iw-owi-cm-20200803t100048-20200803t100257-000003-03E924.nc,/home/datawork-cersat-public/cache/public/ftp/project/sarwing/processings/grdwind+windir_2025v6v12_2v0_0v3v9_0v0v6_0v0v6_1v4v3_1v0v15_1v0v10_1v2v5_1v2v2_1v1v1_1v2v1/cmod5n_ecmwf_norecal_rs2rcmgmfv4_28052025/sentinel-1a/L2M/IW/S1A_IW_GRDH_1S/2020/216/S1A_IW_GRDH_1SDV_20200803T100048_20200803T100257_033741_03E924_2AB7X5C55X63CDX98C7XC23F/s1a-iw-owi-cm-20200803t100048-20200803t100257-000003-03E924.nc
al242020,IRWIN,s1a-iw-owi-cm-20200918t183534-20200918t183649-000003-0400C8_ll_gd_GEO-IRWIN.nc,39.6772308349609,350.54052734375,"2020-09-18T18:35:34,000",,s1a-iw-owi-cm-20200918t183354-20200918t183649-000003-0400C8.nc,/home/datawork-cersat-public/cache/public/ftp/project/sarwing/processings/grdwind+windir_2025v6v12_2v0_0v3v9_0v0v6_0v0v6_1v4v3_1v0v15_1v0v10_1v2v5_1v2v2_1v1v1_1v2v1/cmod5n_ecmwf_norecal_rs2rcmgmfv4_28052025/sentinel-1a/L2M/IW/S1A_IW_GRDH_1S/2020/262/S1A_IW_GRDH_1SDV_20200918T183354_20200918T183649_034417_0400C8_0A9EX230EX58BAX741EX75CDX87BBXC600/s1a-iw-owi-cm-20200918t183354-20200918t183649-000003-0400C8.nc
al242020,IRWIN,s1b-iw-owi-cm-20200918t064235-20200918t064340-000003-02C7F6_ll_gd_GEO-IRWIN.nc,37.6019325256348,348.283508300781,"2020-09-18T06:42:35,000",,s1b-iw-owi-cm-20200918t064145-20200918t064340-000003-02C7F6.nc,/home/datawork-cersat-public/cache/public/ftp/project/sarwing/processings/grdwind+windir_2025v6v12_2v0_0v3v9_0v0v6_0v0v6_1v4v3_1v0v15_1v0v10_1v2v5_1v2v2_1v1v1_1v2v1/cmod5n_ecmwf_norecal_rs2rcmgmfv4_28052025/sentinel-1b/L2M/IW/S1B_IW_GRDH_1S/2020/262/S1B_IW_GRDH_1SDV_20200918T064145_20200918T064340_023426_02C7F6_12FCX15A8X3166X392FXA3D1XB5BAXCC17XCF7F/s1b-iw-owi-cm-20200918t064145-20200918t064340-000003-02C7F6.nc
al042024,IRWIN,rcm3-sclna-owi-cm-20240804t232735-20240804t232827-00003-______ll_gd_GEO-IRWIN.nc,27.9116744995117,275.820068359375,"2024-08-04T23:27:35,000",/scale/user/mtannaou/alternance/donnees_sar_changes/rcm3-sclna-owi-cm-20240804t232735-20240804t232827-00003-xxxxx_aeqd.nc,rcm3-sclna-owi-cm-20240804t232735-20240804t232827-00003-xxxxx.nc,/home/datawork-cersat-public/cache/public/ftp/project/sarwing/processings/grdwind+windir_2025v6v12_2v0_0v3v9_0v0v6_0v0v6_1v4v3_1v0v15_1v0v10_1v2v5_1v2v2_1v1v1_1v2v1/cmod5n_ecmwf_norecal_rs2rcmgmfv4_28052025/rcm-3/L2M/sclna/rcm-3_sclna/2024/217/RCM3_OK3191839_PK3194549_1_SCLNA_20240804_232737_VV_VH_GRD/rcm3-sclna-owi-cm-20240804t232735-20240804t232827-00003-xxxxx.nc
al042024,IRWIN,rcm2-sclnd-owi-cm-20240803t235031-20240803t235142-00003-______ll_gd_GEO-IRWIN.nc,23.6088027954102,276.981414794922,"2024-08-03T23:50:31,000",/scale/user/mtannaou/alternance/donnees_sar_changes/rcm2-sclnd-owi-cm-20240803t235031-20240803t235142-00003-xxxxx_aeqd.nc,rcm2-sclnd-owi-cm-20240803t235031-20240803t235142-00003-xxxxx.nc,/home/datawork-cersat-public/cache/public/ftp/project/sarwing/processings/grdwind+windir_2025v6v12_2v0_0v3v9_0v0v6_0v0v6_1v4v3_1v0v15_1v0v10_1v2v5_1v2v2_1v1v1_1v2v1/cmod5n_ecmwf_norecal_rs2rcmgmfv4_28052025/rcm-2/L2M/sclnd/rcm-2_sclnd/2024/216/RCM2_OK3189581_PK3192798_1_SCLND_20240803_235032_VV_VH_GRD/rcm2-sclnd-owi-cm-20240803t235031-20240803t235142-00003-xxxxx.nc
al042024,IRWIN,rcm3-sclna-owi-cm-20240805t233611-20240805t233700-00003-______ll_gd_GEO-IRWIN.nc,30.6283111572266,277.427612304688,"2024-08-05T23:36:11,000",/scale/user/mtannaou/alternance/donnees_sar_changes/rcm3-sclna-owi-cm-20240805t233611-20240805t233700-00003-xxxxx_aeqd.nc,rcm3-sclna-owi-cm-20240805t233611-20240805t233700-00003-xxxxx.nc,/home/datawork-cersat-public/cache/public/ftp/project/sarwing/processings/grdwind+windir_2025v6v12_2v0_0v3v9_0v0v6_0v0v6_1v4v3_1v0v15_1v0v10_1v2v5_1v2v2_1v1v1_1v2v1/cmod5n_ecmwf_norecal_rs2rcmgmfv4_28052025/rcm-3/L2M/sclna/rcm-3_sclna/2024/218/RCM3_OK3193474_PK3197093_1_SCLNA_20240805_233611_VV_VH_GRD/rcm3-sclna-owi-cm-20240805t233611-20240805t233700-00003-xxxxx.nc
al042024,IRWIN,rcm1-sclnd-owi-cm-20240807t105924-20240807t110034-00003-______ll_gd_GEO-IRWIN.nc,31.961275100708,280.533050537109,"2024-08-07T10:59:24,000",/scale/user/mtannaou/alternance/donnees_sar_changes/rcm1-sclnd-owi-cm-20240807t105924-20240807t110034-00003-xxxxx_aeqd.nc,rcm1-sclnd-owi-cm-20240807t105924-20240807t110034-00003-xxxxx.nc,/home/datawork-cersat-public/cache/public/ftp/project/sarwing/processings/grdwind+windir_2025v6v12_2v0_0v3v9_0v0v6_0v0v6_1v4v3_1v0v15_1v0v10_1v2v5_1v2v2_1v1v1_1v2v1/cmod5n_ecmwf_norecal_rs2rcmgmfv4_28052025/rcm-1/L2M/sclnd/rcm-1_sclnd/2024/220/RCM1_OK3196816_PK3199663_1_SCLND_20240807_105923_VV_VH_GRD/rcm1-sclnd-owi-cm-20240807t105924-20240807t110034-00003-xxxxx.nc
al042024,IRWIN,rcm1-sclnd-owi-cm-20240808t110703-20240808t110804-00003-______ll_gd_GEO-IRWIN.nc,33.3347587585449,280.201171875,"2024-08-08T11:07:03,000",/scale/user/mtannaou/alternance/donnees_sar_changes/rcm1-sclnd-owi-cm-20240808t110703-20240808t110804-00003-xxxxx_aeqd.nc,rcm1-sclnd-owi-cm-20240808t110703-20240808t110804-00003-xxxxx.nc,/home/datawork-cersat-public/cache/public/ftp/project/sarwing/processings/grdwind+windir_2025v6v12_2v0_0v3v9_0v0v6_0v0v6_1v4v3_1v0v15_1v0v10_1v2v5_1v2v2_1v1v1_1v2v1/cmod5n_ecmwf_norecal_rs2rcmgmfv4_28052025/rcm-1/L2M/sclnd/rcm-1_sclnd/2024/221/RCM1_OK3198341_PK3201093_1_SCLND_20240808_110703_VV_VH_GRD/rcm1-sclnd-owi-cm-20240808t110703-20240808t110804-00003-xxxxx.nc
al042024,IRWIN,rcm1-sclna-owi-cm-20240806t231239-20240806t231325-00003-______ll_gd_GEO-IRWIN.nc,31.9737873077393,279.242156982422,"2024-08-06T23:12:39,000",/scale/user/mtannaou/alternance/donnees_sar_changes/rcm1-sclna-owi-cm-20240806t231239-20240806t231325-00003-xxxxx_aeqd.nc,s1a-iw-owi-cm-20240806t231257-20240806t231437-000003-06B6C2.nc,/home/datawork-cersat-public/cache/public/ftp/project/sarwing/processings/grdwind+windir_2025v6v12_2v0_0v3v9_0v0v6_0v0v6_1v4v3_1v0v15_1v0v10_1v2v5_1v2v2_1v1v1_1v2v1/cmod5n_ecmwf_norecal_rs2rcmgmfv4_28052025/sentinel-1a/L2M/IW/S1A_IW_GRDH_1S/2024/219/S1A_IW_GRDH_1SDV_20240806T231257_20240806T231437_055099_06B6C2_62E2X8F9AXB87EXE785/s1a-iw-owi-cm-20240806t231257-20240806t231437-000003-06B6C2.nc
al042024,IRWIN,rcm2-sclna-owi-cm-20240804t114103-20240804t114218-00003-______ll_gd_GEO-IRWIN.nc,25.7567234039307,275.841400146484,"2024-08-04T11:41:03,000",/scale/user/mtannaou/alternance/donnees_sar_changes/rcm2-sclna-owi-cm-20240804t114103-20240804t114218-00003-xxxxx_aeqd.nc,rcm2-sclna-owi-cm-20240804t114103-20240804t114218-00003-xxxxx.nc,/home/datawork-cersat-public/cache/public/ftp/project/sarwing/processings/grdwind+windir_2025v6v12_2v0_0v3v9_0v0v6_0v0v6_1v4v3_1v0v15_1v0v10_1v2v5_1v2v2_1v1v1_1v2v1/cmod5n_ecmwf_norecal_rs2rcmgmfv4_28052025/rcm-2/L2M/sclna/rcm-2_sclna/2024/217/RCM2_OK3191813_PK3193694_1_SCLNA_20240804_114105_VV_VH_GRD/rcm2-sclna-owi-cm-20240804t114103-20240804t114218-00003-xxxxx.nc
wp022019,IRWIN,s1b-ew-owi-cm-20190226t083509-20190226t083717-000003-01C412_ll_gd_GEO-IRWIN.nc,15.2289381027222,139.917465209961,"2019-02-26T08:35:09,000",/scale/user/mtannaou/alternance/donnees_sar_changes/s1b-ew-owi-cm-20190226t083509-20190226t083717-000003-01C412_aeqd.nc,s1b-ew-owi-cm-20190226t083509-20190226t083717-000003-01C412.nc,/home/datawork-cersat-public/cache/public/ftp/project/sarwing/processings/grdwind+windir_2025v6v12_2v0_0v3v9_0v0v6_0v0v6_1v4v3_1v0v15_1v0v10_1v2v5_1v2v2_1v1v1_1v2v1/cmod5n_ecmwf_norecal_rs2rcmgmfv4_28052025/sentinel-1b/L2M/EW/S1B_EW_GRDM_1S/2019/057/S1B_EW_GRDM_1SDV_20190226T083509_20190226T083717_015115_01C412_25F4XEF67/s1b-ew-owi-cm-20190226t083509-20190226t083717-000003-01C412.nc
wp022019,IRWIN,s1b-ew-owi-cm-20190224t085010-20190224t085218-000003-01C31C_ll_gd_GEO-IRWIN.nc,12.9298324584961,141.615921020508,"2019-02-24T08:50:10,000",/scale/user/mtannaou/alternance/donnees_sar_changes/s1b-ew-owi-cm-20190224t085010-20190224t085218-000003-01C31C_aeqd.nc,s1b-ew-owi-cm-20190224t085010-20190224t085218-000003-01C31C.nc,/home/datawork-cersat-public/cache/public/ftp/project/sarwing/processings/grdwind+windir_2025v6v12_2v0_0v3v9_0v0v6_0v0v6_1v4v3_1v0v15_1v0v10_1v2v5_1v2v2_1v1v1_1v2v1/cmod5n_ecmwf_norecal_rs2rcmgmfv4_28052025/sentinel-1b/L2M/EW/S1B_EW_GRDM_1S/2019/055/S1B_EW_GRDM_1SDV_20190224T085010_20190224T085218_015086_01C31C_4481X5435/s1b-ew-owi-cm-20190224t085010-20190224t085218-000003-01C31C.nc
wp022019,IRWIN,s1a-ew-owi-cm-20190222t081638-20190222t081928-000003-02E72E_ll_gd_GEO-IRWIN.nc,9.16122055053711,146.027404785156,"2019-02-22T08:16:38,000",/scale/user/mtannaou/alternance/donnees_sar_changes/s1a-ew-owi-cm-20190222t081638-20190222t081928-000003-02E72E_aeqd.nc,s1a-ew-owi-cm-20190222t081638-20190222t081928-000003-02E72E.nc,/home/datawork-cersat-public/cache/public/ftp/project/sarwing/processings/grdwind+windir_2025v6v12_2v0_0v3v9_0v0v6_0v0v6_1v4v3_1v0v15_1v0v10_1v2v5_1v2v2_1v1v1_1v2v1/cmod5n_ecmwf_norecal_rs2rcmgmfv4_28052025/sentinel-1a/L2M/EW/S1A_EW_GRDM_1S/2019/053/S1A_EW_GRDM_1SDV_20190222T081638_20190222T081928_026040_02E72E_0FCFX4CACX56CA/s1a-ew-owi-cm-20190222t081638-20190222t081928-000003-02E72E.nc
wp022019,IRWIN,s1a-ew-owi-cm-20190224t201621-20190224t201825-000003-02E879_ll_gd_GEO-IRWIN.nc,13.113242149353,140.678909301758,"2019-02-24T20:16:21,000",/scale/user/mtannaou/alternance/donnees_sar_changes/s1a-ew-owi-cm-20190224t201621-20190224t201825-000003-02E879_aeqd.nc,s1a-ew-owi-cm-20190224t201621-20190224t201825-000003-02E879.nc,/home/datawork-cersat-public/cache/public/ftp/project/sarwing/processings/grdwind+windir_2025v6v12_2v0_0v3v9_0v0v6_0v0v6_1v4v3_1v0v15_1v0v10_1v2v5_1v2v2_1v1v1_1v2v1/cmod5n_ecmwf_norecal_rs2rcmgmfv4_28052025/sentinel-1a/L2M/EW/S1A_EW_GRDM_1S/2019/055/S1A_EW_GRDM_1SDV_20190224T201621_20190224T201825_026076_02E879_853DXA1B9/s1a-ew-owi-cm-20190224t201621-20190224t201825-000003-02E879.nc
wp022019,IRWIN,s1b-ew-owi-cm-20190223t202348-20190223t202552-000003-01C2E0_ll_gd_GEO-IRWIN.nc,12.4196681976318,142.376419067383,"2019-02-23T20:23:48,000",/scale/user/mtannaou/alternance/donnees_sar_changes/s1b-ew-owi-cm-20190223t202348-20190223t202552-000003-01C2E0_aeqd.nc,s1b-ew-owi-cm-20190223t202348-20190223t202552-000003-01C2E0.nc,/home/datawork-cersat-public/cache/public/ftp/project/sarwing/processings/grdwind+windir_2025v6v12_2v0_0v3v9_0v0v6_0v0v6_1v4v3_1v0v15_1v0v10_1v2v5_1v2v2_1v1v1_1v2v1/cmod5n_ecmwf_norecal_rs2rcmgmfv4_28052025/sentinel-1b/L2M/EW/S1B_EW_GRDM_1S/2019/054/S1B_EW_GRDM_1SDV_20190223T202348_20190223T202552_015078_01C2E0_5E04X9A85/s1b-ew-owi-cm-20190223t202348-20190223t202552-000003-01C2E0.nc
wp022019,IRWIN,s1a-ew-owi-cm-20190227t204007-20190227t204132-000003-02EA0C_ll_gd_GEO-IRWIN.nc,16.746904373169,137.662368774414,"2019-02-27T20:40:07,000",/scale/user/mtannaou/alternance/donnees_sar_changes/s1a-ew-owi-cm-20190227t204007-20190227t204132-000003-02EA0C_aeqd.nc,s1a-ew-owi-cm-20190227t204007-20190227t204132-000003-02EA0C.nc,/home/datawork-cersat-public/cache/public/ftp/project/sarwing/processings/grdwind+windir_2025v6v12_2v0_0v3v9_0v0v6_0v0v6_1v4v3_1v0v15_1v0v10_1v2v5_1v2v2_1v1v1_1v2v1/cmod5n_ecmwf_norecal_rs2rcmgmfv4_28052025/sentinel-1a/L2M/EW/S1A_EW_GRDM_1S/2019/058/S1A_EW_GRDM_1SDV_20190227T204007_20190227T204132_026120_02EA0C_AF42XB54D/s1a-ew-owi-cm-20190227t204007-20190227t204132-000003-02EA0C.nc
wp022019,IRWIN,s1a-ew-owi-cm-20190221t195241-20190221t195445-000003-02E6EA_ll_gd_GEO-IRWIN.nc,7.69076204299927,148.013153076172,"2019-02-21T19:52:41,000",/scale/user/mtannaou/alternance/donnees_sar_changes/s1a-ew-owi-cm-20190221t195241-20190221t195445-000003-02E6EA_aeqd.nc,s1a-ew-owi-cm-20190221t195241-20190221t195445-000003-02E6EA.nc,/home/datawork-cersat-public/cache/public/ftp/project/sarwing/processings/grdwind+windir_2025v6v12_2v0_0v3v9_0v0v6_0v0v6_1v4v3_1v0v15_1v0v10_1v2v5_1v2v2_1v1v1_1v2v1/cmod5n_ecmwf_norecal_rs2rcmgmfv4_28052025/sentinel-1a/L2M/EW/S1A_EW_GRDM_1S/2019/052/S1A_EW_GRDM_1SDV_20190221T195241_20190221T195445_026032_02E6EA_C215XD5AF/s1a-ew-owi-cm-20190221t195241-20190221t195445-000003-02E6EA.nc
ep052022,IRWIN,s1a-ew-owi-cm-20220714t151857-20220714t152046-000003-05438A_ll_gd_GEO-IRWIN.nc,16.6016101837158,219.493835449219,"2022-07-14T15:18:57,000",/scale/user/mtannaou/alternance/donnees_sar_changes/s1a-ew-owi-cm-20220714t151857-20220714t152046-000003-05438A_aeqd.nc,s1a-ew-owi-cm-20220714t151857-20220714t152046-000003-05438A.nc,/home/datawork-cersat-public/cache/public/ftp/project/sarwing/processings/grdwind+windir_2025v6v12_2v0_0v3v9_0v0v6_0v0v6_1v4v3_1v0v15_1v0v10_1v2v5_1v2v2_1v1v1_1v2v1/cmod5n_ecmwf_norecal_rs2rcmgmfv4_28052025/sentinel-1a/L2M/EW/S1A_EW_GRDM_1S/2022/195/S1A_EW_GRDM_1SDV_20220714T151857_20220714T152046_044098_05438A_474AX9264/s1a-ew-owi-cm-20220714t151857-20220714t152046-000003-05438A.nc
al142022,IRWIN,s1a-iw-owi-cm-20221014t002357-20221014t002537-000003-056EC6_ll_gd_GEO-IRWIN.nc,21.013750076294,266.839996337891,"2022-10-14T00:23:57,000",/scale/user/mtannaou/alternance/donnees_sar_changes/s1a-iw-owi-cm-20221014t002357-20221014t002537-000003-056EC6_aeqd.nc,s1a-iw-owi-cm-20221014t002357-20221014t002537-000003-056EC6.nc,/home/datawork-cersat-public/cache/public/ftp/project/sarwing/processings/grdwind+windir_2025v6v12_2v0_0v3v9_0v0v6_0v0v6_1v4v3_1v0v15_1v0v10_1v2v5_1v2v2_1v1v1_1v2v1/cmod5n_ecmwf_norecal_rs2rcmgmfv4_28052025/sentinel-1a/L2M/IW/S1A_IW_GRDH_1S/2022/287/S1A_IW_GRDH_1SDV_20221014T002357_20221014T002537_045431_056EC6_06EEX971BXBB5CXFA5E/s1a-iw-owi-cm-20221014t002357-20221014t002537-000003-056EC6.nc
al112024,IRWIN,rcm3-sclna-owi-cm-20240927t205959-20240927t210114-00003-______ll_gd_GEO-IRWIN.nc,18.2801151275635,316.4580078125,"2024-09-27T20:59:59,000",/scale/user/mtannaou/alternance/donnees_sar_changes/rcm3-sclna-owi-cm-20240927t205959-20240927t210114-00003-xxxxx_aeqd.nc,rcm3-sclna-owi-cm-20240927t205959-20240927t210114-00003-xxxxx.nc,/home/datawork-cersat-public/cache/public/ftp/project/sarwing/processings/grdwind+windir_2025v6v12_2v0_0v3v9_0v0v6_0v0v6_1v4v3_1v0v15_1v0v10_1v2v5_1v2v2_1v1v1_1v2v1/cmod5n_ecmwf_norecal_rs2rcmgmfv4_28052025/rcm-3/L2M/sclna/rcm-3_sclna/2024/271/RCM3_OK3285687_PK3288465_1_SCLNA_20240927_210001_VV_VH_GRD/rcm3-sclna-owi-cm-20240927t205959-20240927t210114-00003-xxxxx.nc
al112024,IRWIN,rcm3-sclna-owi-cm-20240928t210831-20240928t210947-00003-______ll_gd_GEO-IRWIN.nc,20.2891082763672,313.454772949219,"2024-09-28T21:08:31,000",/scale/user/mtannaou/alternance/donnees_sar_changes/rcm3-sclna-owi-cm-20240928t210831-20240928t210947-00003-xxxxx_aeqd.nc,rcm3-sclna-owi-cm-20240928t210831-20240928t210947-00003-xxxxx.nc,/home/datawork-cersat-public/cache/public/ftp/project/sarwing/processings/grdwind+windir_2025v6v12_2v0_0v3v9_0v0v6_0v0v6_1v4v3_1v0v15_1v0v10_1v2v5_1v2v2_1v1v1_1v2v1/cmod5n_ecmwf_norecal_rs2rcmgmfv4_28052025/rcm-3/L2M/sclna/rcm-3_sclna/2024/272/RCM3_OK3287480_PK3289911_1_SCLNA_20240928_210833_VV_VH_GRD/rcm3-sclna-owi-cm-20240928t210831-20240928t210947-00003-xxxxx.nc
al112024,IRWIN,rcm3-sclnd-owi-cm-20240929t090207-20240929t090323-00003-______ll_gd_GEO-IRWIN.nc,21.1925716400147,312.080322265625,"2024-09-29T09:02:07,000",/scale/user/mtannaou/alternance/donnees_sar_changes/rcm3-sclnd-owi-cm-20240929t090207-20240929t090323-00003-xxxxx_aeqd.nc,rcm3-sclnd-owi-cm-20240929t090207-20240929t090323-00003-xxxxx.nc,/home/datawork-cersat-public/cache/public/ftp/project/sarwing/processings/grdwind+windir_2025v6v12_2v0_0v3v9_0v0v6_0v0v6_1v4v3_1v0v15_1v0v10_1v2v5_1v2v2_1v1v1_1v2v1/cmod5n_ecmwf_norecal_rs2rcmgmfv4_28052025/rcm-3/L2M/sclnd/rcm-3_sclnd/2024/273/RCM3_OK3289152_PK3290527_1_SCLND_20240929_090206_VV_VH_GRD/rcm3-sclnd-owi-cm-20240929t090207-20240929t090323-00003-xxxxx.nc
ep082024,IRWIN,rcm3-sclnd-owi-cm-20240826t140848-20240826t141004-00003-______ll_gd_GEO-IRWIN.nc,16.210334777832,235.461441040039,"2024-08-26T14:08:48,000",/scale/user/mtannaou/alternance/donnees_sar_changes/rcm3-sclnd-owi-cm-20240826t140848-20240826t141004-00003-xxxxx_aeqd.nc,rcm3-sclnd-owi-cm-20240826t140848-20240826t141004-00003-xxxxx.nc,/home/datawork-cersat-public/cache/public/ftp/project/sarwing/processings/grdwind+windir_2025v6v12_2v0_0v3v9_0v0v6_0v0v6_1v4v3_1v0v15_1v0v10_1v2v5_1v2v2_1v1v1_1v2v1/cmod5n_ecmwf_norecal_rs2rcmgmfv4_28052025/rcm-3/L2M/sclnd/rcm-3_sclnd/2024/239/RCM3_OK3226555_PK3228560_1_SCLND_20240826_140850_VV_VH_GRD/rcm3-sclnd-owi-cm-20240826t140848-20240826t141004-00003-xxxxx.nc
ep082024,IRWIN,rcm2-sclnc-owi-cm-20240829t030955-20240829t031111-00003-______ll_gd_GEO-IRWIN.nc,17.104700088501,226.056762695313,"2024-08-29T03:09:55,000",/scale/user/mtannaou/alternance/donnees_sar_changes/rcm2-sclnc-owi-cm-20240829t030955-20240829t031111-00003-xxxxx_aeqd.nc,rcm2-sclnc-owi-cm-20240829t030955-20240829t031111-00003-xxxxx.nc,/home/datawork-cersat-public/cache/public/ftp/project/sarwing/processings/grdwind+windir_2025v6v12_2v0_0v3v9_0v0v6_0v0v6_1v4v3_1v0v15_1v0v10_1v2v5_1v2v2_1v1v1_1v2v1/cmod5n_ecmwf_norecal_rs2rcmgmfv4_28052025/rcm-2/L2M/sclnc/rcm-2_sclnc/2024/242/RCM2_OK3230236_PK3232755_1_SCLNC_20240829_030957_VV_VH_GRD/rcm2-sclnc-owi-cm-20240829t030955-20240829t031111-00003-xxxxx.nc
ep082024,IRWIN,rcm2-sclnd-owi-cm-20240828t030131-20240828t030246-00003-______ll_gd_GEO-IRWIN.nc,17.6063175201416,229.532913208008,"2024-08-28T03:01:31,000",/scale/user/mtannaou/alternance/donnees_sar_changes/rcm2-sclnd-owi-cm-20240828t030131-20240828t030246-00003-xxxxx_aeqd.nc,rcm2-sclnd-owi-cm-20240828t030131-20240828t030246-00003-xxxxx.nc,/home/datawork-cersat-public/cache/public/ftp/project/sarwing/processings/grdwind+windir_2025v6v12_2v0_0v3v9_0v0v6_0v0v6_1v4v3_1v0v15_1v0v10_1v2v5_1v2v2_1v1v1_1v2v1/cmod5n_ecmwf_norecal_rs2rcmgmfv4_28052025/rcm-2/L2M/sclnd/rcm-2_sclnd/2024/241/RCM2_OK3228912_PK3230803_1_SCLND_20240828_030133_VV_VH_GRD/rcm2-sclnd-owi-cm-20240828t030131-20240828t030246-00003-xxxxx.nc
ep082024,IRWIN,rcm3-sclnd-owi-cm-20240827t141646-20240827t141801-00003-______ll_gd_GEO-IRWIN.nc,17.4092102050781,231.72607421875,"2024-08-27T14:16:46,000",/scale/user/mtannaou/alternance/donnees_sar_changes/rcm3-sclnd-owi-cm-20240827t141646-20240827t141801-00003-xxxxx_aeqd.nc,rcm3-sclnd-owi-cm-20240827t141646-20240827t141801-00003-xxxxx.nc,/home/datawork-cersat-public/cache/public/ftp/project/sarwing/processings/grdwind+windir_2025v6v12_2v0_0v3v9_0v0v6_0v0v6_1v4v3_1v0v15_1v0v10_1v2v5_1v2v2_1v1v1_1v2v1/cmod5n_ecmwf_norecal_rs2rcmgmfv4_28052025/rcm-3/L2M/sclnd/rcm-3_sclnd/2024/240/RCM3_OK3228177_PK3230153_1_SCLND_20240827_141647_VV_VH_GRD/rcm3-sclnd-owi-cm-20240827t141646-20240827t141801-00003-xxxxx.nc
ep082024,IRWIN,rcm3-sc50ma-owi-cm-20240826t021327-20240826t021444-00003-______ll_gd_GEO-IRWIN.nc,15.902250289917,237.264419555664,"2024-08-26T02:13:27,000",/scale/user/mtannaou/alternance/donnees_sar_changes/rcm3-sc50ma-owi-cm-20240826t021327-20240826t021444-00003-xxxxx_aeqd.nc,rcm3-sc50ma-owi-cm-20240826t021327-20240826t021444-00003-xxxxx.nc,/home/datawork-cersat-public/cache/public/ftp/project/sarwing/processings/grdwind+windir_2025v6v12_2v0_0v3v9_0v0v6_0v0v6_1v4v3_1v0v15_1v0v10_1v2v5_1v2v2_1v1v1_1v2v1/cmod5n_ecmwf_norecal_rs2rcmgmfv4_28052025/rcm-3/L2M/sc50ma/rcm-3_sc50ma/2024/239/RCM3_OK3225135_PK3227864_1_SC50MA_20240826_021329_HH_HV_GRD/rcm3-sc50ma-owi-cm-20240826t021327-20240826t021444-00003-xxxxx.nc
ep082024,IRWIN,rcm3-sc50ma-owi-cm-20240825t140039-20240825t140155-00003-______ll_gd_GEO-IRWIN.nc,15.9982767105103,238.985992431641,"2024-08-25T14:00:39,000",/scale/user/mtannaou/alternance/donnees_sar_changes/rcm3-sc50ma-owi-cm-20240825t140039-20240825t140155-00003-xxxxx_aeqd.nc,rcm3-sc50ma-owi-cm-20240825t140039-20240825t140155-00003-xxxxx.nc,/home/datawork-cersat-public/cache/public/ftp/project/sarwing/processings/grdwind+windir_2025v6v12_2v0_0v3v9_0v0v6_0v0v6_1v4v3_1v0v15_1v0v10_1v2v5_1v2v2_1v1v1_1v2v1/cmod5n_ecmwf_norecal_rs2rcmgmfv4_28052025/rcm-3/L2M/sc50ma/rcm-3_sc50ma/2024/238/RCM3_OK3225133_PK3227091_1_SC50MA_20240825_135753_HH_HV_GRD/rcm3-sc50ma-owi-cm-20240825t140039-20240825t140155-00003-xxxxx.nc
ep092020,IRWIN,rcm1-sc50ma-owi-cm-20200812t014959-20200812t015243-00003-______ll_gd_GEO-IRWIN.nc,22.19313621521,244.015213012695,"2020-08-12T01:49:59,000",,rcm1-sc50ma-owi-cm-20200812t014959-20200812t015243-00003-xxxxx.nc,/home/datawork-cersat-public/cache/public/ftp/project/sarwing/processings/grdwind+windir_2025v6v12_2v0_0v3v9_0v0v6_0v0v6_1v4v3_1v0v15_1v0v10_1v2v5_1v2v2_1v1v1_1v2v1/cmod5n_ecmwf_norecal_rs2rcmgmfv4_28052025/rcm-1/L2M/sc50ma/rcm-1_sc50ma/2020/225/RCM1_OK2377187_PK2377803_1_SC50MA_20200812_015013_HH_HV_GRD/rcm1-sc50ma-owi-cm-20200812t014959-20200812t015243-00003-xxxxx.nc
wp182021,IRWIN,s1a-iw-owi-cm-20210908t100621-20210908t100801-000003-04ADF7_ll_gd_GEO-IRWIN.nc,14.2575559616089,120.501899719238,"2021-09-08T10:06:21,000",,s1a-iw-owi-cm-20210908t100552-20210908t100801-000003-04ADF7.nc,/home/datawork-cersat-public/cache/public/ftp/project/sarwing/processings/grdwind+windir_2025v6v12_2v0_0v3v9_0v0v6_0v0v6_1v4v3_1v0v15_1v0v10_1v2v5_1v2v2_1v1v1_1v2v1/cmod5n_ecmwf_norecal_rs2rcmgmfv4_28052025/sentinel-1a/L2M/IW/S1A_IW_GRDH_1S/2021/251/S1A_IW_GRDH_1SDV_20210908T100552_20210908T100801_039589_04ADF7_3CA8X5696X666FXA90FXCC08/s1a-iw-owi-cm-20210908t100552-20210908t100801-000003-04ADF7.nc
wp182021,IRWIN,s1a-iw-owi-cm-20210907t213854-20210907t214009-000003-04ADC3_ll_gd_GEO-IRWIN.nc,13.4149217605591,121.822479248047,"2021-09-07T21:38:54,000",,s1a-iw-owi-cm-20210907t213800-20210907t214009-000003-04ADC3.nc,/home/datawork-cersat-public/cache/public/ftp/project/sarwing/processings/grdwind+windir_2025v6v12_2v0_0v3v9_0v0v6_0v0v6_1v4v3_1v0v15_1v0v10_1v2v5_1v2v2_1v1v1_1v2v1/cmod5n_ecmwf_norecal_rs2rcmgmfv4_28052025/sentinel-1a/L2M/IW/S1A_IW_GRDH_1S/2021/250/S1A_IW_GRDH_1SDV_20210907T213800_20210907T214009_039581_04ADC3_0B9AX2D2CX4491XBA8DXDCA1/s1a-iw-owi-cm-20210907t213800-20210907t214009-000003-04ADC3.nc
wp242021,IRWIN,s1a-iw-owi-cm-20211011t215414-20211011t215508-000003-04BEC0_ll_gd_GEO-IRWIN.nc,18.7687568664551,120.133232116699,"2021-10-11T21:54:14,000",,s1a-iw-owi-cm-20211011t215414-20211011t215558-000003-04BEC0.nc,/home/datawork-cersat-public/cache/public/ftp/project/sarwing/processings/grdwind+windir_2025v6v12_2v0_0v3v9_0v0v6_0v0v6_1v4v3_1v0v15_1v0v10_1v2v5_1v2v2_1v1v1_1v2v1/cmod5n_ecmwf_norecal_rs2rcmgmfv4_28052025/sentinel-1a/L2M/IW/S1A_IW_GRDH_1S/2021/284/S1A_IW_GRDH_1SDV_20211011T215414_20211011T215558_040077_04BEC0_002CX22F4XCB6CXE59B/s1a-iw-owi-cm-20211011t215414-20211011t215558-000003-04BEC0.nc
wp222019,IRWIN,s1a-ew-owi-cm-20191022t201438-20191022t201648-000003-035DF5_ll_gd_GEO-IRWIN.nc,20.4488410949707,143.079010009766,"2019-10-22T20:14:38,000",/scale/user/mtannaou/alternance/donnees_sar_changes/s1a-ew-owi-cm-20191022t201438-20191022t201648-000003-035DF5_aeqd.nc,s1a-ew-owi-cm-20191022t201438-20191022t201648-000003-035DF5.nc,/home/datawork-cersat-public/cache/public/ftp/project/sarwing/processings/grdwind+windir_2025v6v12_2v0_0v3v9_0v0v6_0v0v6_1v4v3_1v0v15_1v0v10_1v2v5_1v2v2_1v1v1_1v2v1/cmod5n_ecmwf_norecal_rs2rcmgmfv4_28052025/sentinel-1a/L2M/EW/S1A_EW_GRDM_1S/2019/295/S1A_EW_GRDM_1SDV_20191022T201438_20191022T201648_029576_035DF5_5D08X6977/s1a-ew-owi-cm-20191022t201438-20191022t201648-000003-035DF5.nc
wp222019,IRWIN,rs2-scwa-owi-cm-20191023t083016-20191023t083348-00003-______ll_gd_GEO-IRWIN.nc,22.8996238708496,141.989212036133,"2019-10-23T08:30:16,000",/scale/user/mtannaou/alternance/donnees_sar_changes/rs2-scwa-owi-cm-20191023t083016-20191023t083348-00003-xxxxx_aeqd.nc,rs2-scwa-owi-cm-20191023t083016-20191023t083348-00003-xxxxx.nc,/home/datawork-cersat-public/cache/public/ftp/project/sarwing/processings/grdwind+windir_2025v6v12_2v0_0v3v9_0v0v6_0v0v6_1v4v3_1v0v15_1v0v10_1v2v5_1v2v2_1v1v1_1v2v1/cmod5n_ecmwf_norecal_rs2rcmgmfv4_28052025/RS2/L2M/SCWA/RS2_SCWA/2019/296/RS2_OK114597_PK1003818X819X820_DK941932X933X934_SCWA_20191023_083016_083231_VV_VH_SGF/rs2-scwa-owi-cm-20191023t083016-20191023t083348-00003-xxxxx.nc
wp222019,IRWIN,rs2-scwa-owi-cm-20191024t202109-20191024t202332-00003-______ll_gd_GEO-IRWIN.nc,30.7904357910156,144.789901733398,"2019-10-24T20:21:09,000",/scale/user/mtannaou/alternance/donnees_sar_changes/rs2-scwa-owi-cm-20191024t202109-20191024t202332-00003-xxxxx_aeqd.nc,rs2-scwa-owi-cm-20191024t202109-20191024t202332-00003-xxxxx.nc,/home/datawork-cersat-public/cache/public/ftp/project/sarwing/processings/grdwind+windir_2025v6v12_2v0_0v3v9_0v0v6_0v0v6_1v4v3_1v0v15_1v0v10_1v2v5_1v2v2_1v1v1_1v2v1/cmod5n_ecmwf_norecal_rs2rcmgmfv4_28052025/RS2/L2M/SCWA/RS2_SCWA/2019/297/RS2_OK114597_PK1004467X468_DK942414X415_SCWA_20191024_202109_202216_VV_VH_SGF/rs2-scwa-owi-cm-20191024t202109-20191024t202332-00003-xxxxx.nc
al062023,IRWIN,rcm3-sc50ma-owi-cm-20230904t093700-20230904t093759-00003-______ll_gd_GEO-IRWIN.nc,37.333625793457,309.285858154297,"2023-09-04T09:37:00,000",/scale/user/mtannaou/alternance/donnees_sar_changes/rcm3-sc50ma-owi-cm-20230904t093700-20230904t093759-00003-xxxxx_aeqd.nc,rcm3-sc50ma-owi-cm-20230904t093700-20230904t093759-00003-xxxxx.nc,/home/datawork-cersat-public/cache/public/ftp/project/sarwing/processings/grdwind+windir_2025v6v12_2v0_0v3v9_0v0v6_0v0v6_1v4v3_1v0v15_1v0v10_1v2v5_1v2v2_1v1v1_1v2v1/cmod5n_ecmwf_norecal_rs2rcmgmfv4_28052025/rcm-3/L2M/sc50ma/rcm-3_sc50ma/2023/247/RCM3_OK2429440_PK2723140_2X3_SC50MA_20230904_093609_HH_HV_GRD/rcm3-sc50ma-owi-cm-20230904t093700-20230904t093759-00003-xxxxx.nc
al062023,IRWIN,rcm3-sclnd-owi-cm-20230821t092652-20230821t092836-00003-______ll_gd_GEO-IRWIN.nc,16.6124725341797,303.904022216797,"2023-08-21T09:26:52,000",/scale/user/mtannaou/alternance/donnees_sar_changes/rcm3-sclnd-owi-cm-20230821t092652-20230821t092836-00003-xxxxx_aeqd.nc,rcm3-sclnd-owi-cm-20230821t092652-20230821t092836-00003-xxxxx.nc,/home/datawork-cersat-public/cache/public/ftp/project/sarwing/processings/grdwind+windir_2025v6v12_2v0_0v3v9_0v0v6_0v0v6_1v4v3_1v0v15_1v0v10_1v2v5_1v2v2_1v1v1_1v2v1/cmod5n_ecmwf_norecal_rs2rcmgmfv4_28052025/rcm-3/L2M/sclnd/rcm-3_sclnd/2023/233/RCM3_OK2700812_PK2702167_1_SCLND_20230821_092706_VV_VH_GRD/rcm3-sclnd-owi-cm-20230821t092652-20230821t092836-00003-xxxxx.nc
al062023,IRWIN,rcm1-sc50ma-owi-cm-20230903t211914-20230903t212031-00003-______ll_gd_GEO-IRWIN.nc,32.3209495544434,308.593414306641,"2023-09-03T21:19:14,000",/scale/user/mtannaou/alternance/donnees_sar_changes/rcm1-sc50ma-owi-cm-20230903t211914-20230903t212031-00003-xxxxx_aeqd.nc,rcm1-sc50ma-owi-cm-20230903t211914-20230903t212031-00003-xxxxx.nc,/home/datawork-cersat-public/cache/public/ftp/project/sarwing/processings/grdwind+windir_2025v6v12_2v0_0v3v9_0v0v6_0v0v6_1v4v3_1v0v15_1v0v10_1v2v5_1v2v2_1v1v1_1v2v1/cmod5n_ecmwf_norecal_rs2rcmgmfv4_28052025/rcm-1/L2M/sc50ma/rcm-1_sc50ma/2023/246/RCM1_OK2719364_PK2722656_1_SC50MA_20230903_211916_HH_HV_GRD/rcm1-sc50ma-owi-cm-20230903t211914-20230903t212031-00003-xxxxx.nc
al062023,IRWIN,rcm3-sc50ma-owi-cm-20230903t093141-20230903t093259-00003-______ll_gd_GEO-IRWIN.nc,29.5496406555176,307.146026611328,"2023-09-03T09:31:41,000",/scale/user/mtannaou/alternance/donnees_sar_changes/rcm3-sc50ma-owi-cm-20230903t093141-20230903t093259-00003-xxxxx_aeqd.nc,rcm3-sc50ma-owi-cm-20230903t093141-20230903t093259-00003-xxxxx.nc,/home/datawork-cersat-public/cache/public/ftp/project/sarwing/processings/grdwind+windir_2025v6v12_2v0_0v3v9_0v0v6_0v0v6_1v4v3_1v0v15_1v0v10_1v2v5_1v2v2_1v1v1_1v2v1/cmod5n_ecmwf_norecal_rs2rcmgmfv4_28052025/rcm-3/L2M/sc50ma/rcm-3_sc50ma/2023/246/RCM3_OK2719352_PK2721855_1_SC50MA_20230903_093107_HH_HV_GRD/rcm3-sc50ma-owi-cm-20230903t093141-20230903t093259-00003-xxxxx.nc
sh222021,IRWIN,rs2-scwa-owi-cm-20210302t231916-20210302t232032-00003-______ll_gd_GEO-IRWIN.nc,-18.748161315918,90.4710998535156,"2021-03-02T23:19:16,000",/scale/user/mtannaou/alternance/donnees_sar_changes/rs2-scwa-owi-cm-20210302t231916-20210302t232032-00003-xxxxx_aeqd.nc,rs2-scwa-owi-cm-20210302t231916-20210302t232032-00003-xxxxx.nc,/home/datawork-cersat-public/cache/public/ftp/project/sarwing/processings/grdwind+windir_2025v6v12_2v0_0v3v9_0v0v6_0v0v6_1v4v3_1v0v15_1v0v10_1v2v5_1v2v2_1v1v1_1v2v1/cmod5n_ecmwf_norecal_rs2rcmgmfv4_28052025/RS2/L2M/SCWA/RS2_SCWA/2021/061/RS2_OK129673_PK1136688_DK1093020_SCWA_20210302_231916_231916_VV_VH_SGF/rs2-scwa-owi-cm-20210302t231916-20210302t232032-00003-xxxxx.nc
al052024,IRWIN,rcm2-sclnd-owi-cm-20240813t094323-20240813t094440-00003-______ll_gd_GEO-IRWIN.nc,16.2326431274414,299.063568115234,"2024-08-13T09:43:23,000",/scale/user/mtannaou/alternance/donnees_sar_changes/rcm2-sclnd-owi-cm-20240813t094323-20240813t094440-00003-xxxxx_aeqd.nc,rcm2-sclnd-owi-cm-20240813t094323-20240813t094440-00003-xxxxx.nc,/home/datawork-cersat-public/cache/public/ftp/project/sarwing/processings/grdwind+windir_2025v6v12_2v0_0v3v9_0v0v6_0v0v6_1v4v3_1v0v15_1v0v10_1v2v5_1v2v2_1v1v1_1v2v1/cmod5n_ecmwf_norecal_rs2rcmgmfv4_28052025/rcm-2/L2M/sclnd/rcm-2_sclnd/2024/226/RCM2_OK3207317_PK3208732_1_SCLND_20240813_094323_VV_VH_GRD/rcm2-sclnd-owi-cm-20240813t094323-20240813t094440-00003-xxxxx.nc
al052024,IRWIN,rcm1-sclnc-owi-cm-20240815t224617-20240815t224734-00003-______ll_gd_GEO-IRWIN.nc,26.0890598297119,291.305206298828,"2024-08-15T22:46:17,000",/scale/user/mtannaou/alternance/donnees_sar_changes/rcm1-sclnc-owi-cm-20240815t224617-20240815t224734-00003-xxxxx_aeqd.nc,rcm1-sclnc-owi-cm-20240815t224617-20240815t224734-00003-xxxxx.nc,/home/datawork-cersat-public/cache/public/ftp/project/sarwing/processings/grdwind+windir_2025v6v12_2v0_0v3v9_0v0v6_0v0v6_1v4v3_1v0v15_1v0v10_1v2v5_1v2v2_1v1v1_1v2v1/cmod5n_ecmwf_norecal_rs2rcmgmfv4_28052025/rcm-1/L2M/sclnc/rcm-1_sclnc/2024/228/RCM1_OK3209103_PK3212200_1_SCLNC_20240815_224618_VV_VH_GRD/rcm1-sclnc-owi-cm-20240815t224617-20240815t224734-00003-xxxxx.nc
al052024,IRWIN,rcm1-sclnd-owi-cm-20240819t214733-20240819t214801-00003-______ll_gd_GEO-IRWIN.nc,43.4447364807129,302.756286621094,"2024-08-19T21:47:33,000",/scale/user/mtannaou/alternance/donnees_sar_changes/rcm1-sclnd-owi-cm-20240819t214733-20240819t214801-00003-xxxxx_aeqd.nc,rcm1-sclnd-owi-cm-20240819t214733-20240819t214801-00003-xxxxx.nc,/home/datawork-cersat-public/cache/public/ftp/project/sarwing/processings/grdwind+windir_2025v6v12_2v0_0v3v9_0v0v6_0v0v6_1v4v3_1v0v15_1v0v10_1v2v5_1v2v2_1v1v1_1v2v1/cmod5n_ecmwf_norecal_rs2rcmgmfv4_28052025/rcm-1/L2M/sclnd/rcm-1_sclnd/2024/232/RCM1_OK2935246_PK3217931_2_SCLND_20240819_214642_VV_VH_GRD/rcm1-sclnd-owi-cm-20240819t214733-20240819t214801-00003-xxxxx.nc
al052024,IRWIN,rcm3-sclnd-owi-cm-20240819t095259-20240819t095416-00003-______ll_gd_GEO-IRWIN.nc,39.7205543518066,299.203826904297,"2024-08-19T09:52:59,000",/scale/user/mtannaou/alternance/donnees_sar_changes/rcm3-sclnd-owi-cm-20240819t095259-20240819t095416-00003-xxxxx_aeqd.nc,rcm3-sclnd-owi-cm-20240819t095259-20240819t095416-00003-xxxxx.nc,/home/datawork-cersat-public/cache/public/ftp/project/sarwing/processings/grdwind+windir_2025v6v12_2v0_0v3v9_0v0v6_0v0v6_1v4v3_1v0v15_1v0v10_1v2v5_1v2v2_1v1v1_1v2v1/cmod5n_ecmwf_norecal_rs2rcmgmfv4_28052025/rcm-3/L2M/sclnd/rcm-3_sclnd/2024/232/RCM3_OK3215650_PK3217054_1_SCLND_20240819_095250_VV_VH_GRD/rcm3-sclnd-owi-cm-20240819t095259-20240819t095416-00003-xxxxx.nc
al052024,IRWIN,rcm1-sclna-owi-cm-20240820t092636-20240820t092753-00003-______ll_gd_GEO-IRWIN.nc,47.0606651306152,309.630065917969,"2024-08-20T09:26:36,000",,rcm1-sclna-owi-cm-20240820t092634-20240820t092733-00003-xxxxx.nc,/home/datawork-cersat-public/cache/public/ftp/project/sarwing/processings/grdwind+windir_2025v6v12_2v0_0v3v9_0v0v6_0v0v6_1v4v3_1v0v15_1v0v10_1v2v5_1v2v2_1v1v1_1v2v1/cmod5n_ecmwf_norecal_rs2rcmgmfv4_28052025/rcm-1/L2M/sclna/rcm-1_sclna/2024/233/RCM1_OK2935246_PK3218811_1_SCLNA_20240820_092636_VV_VH_GRD/rcm1-sclna-owi-cm-20240820t092634-20240820t092733-00003-xxxxx.nc
al052024,IRWIN,rcm2-sc50mc-owi-cm-20240817t101120-20240817t101239-00003-______ll_gd_GEO-IRWIN.nc,32.26611328125,295.181457519531,"2024-08-17T10:11:20,000",/scale/user/mtannaou/alternance/donnees_sar_changes/rcm2-sc50mc-owi-cm-20240817t101120-20240817t101239-00003-xxxxx_aeqd.nc,rcm2-sc50mc-owi-cm-20240817t101120-20240817t101239-00003-xxxxx.nc,/home/datawork-cersat-public/cache/public/ftp/project/sarwing/processings/grdwind+windir_2025v6v12_2v0_0v3v9_0v0v6_0v0v6_1v4v3_1v0v15_1v0v10_1v2v5_1v2v2_1v1v1_1v2v1/cmod5n_ecmwf_norecal_rs2rcmgmfv4_28052025/rcm-2/L2M/sc50mc/rcm-2_sc50mc/2024/230/RCM2_OK3211775_PK3214138_1_SC50MC_20240817_100932_HH_HV_GRD/rcm2-sc50mc-owi-cm-20240817t101120-20240817t101239-00003-xxxxx.nc
al052024,IRWIN,rcm1-sc50ma-owi-cm-20240816t103603-20240816t103720-00003-______ll_gd_GEO-IRWIN.nc,28.2512531280518,292.831512451172,"2024-08-16T10:36:03,000",/scale/user/mtannaou/alternance/donnees_sar_changes/rcm1-sc50ma-owi-cm-20240816t103603-20240816t103720-00003-xxxxx_aeqd.nc,rcm1-sc50ma-owi-cm-20240816t103603-20240816t103720-00003-xxxxx.nc,/home/datawork-cersat-public/cache/public/ftp/project/sarwing/processings/grdwind+windir_2025v6v12_2v0_0v3v9_0v0v6_0v0v6_1v4v3_1v0v15_1v0v10_1v2v5_1v2v2_1v1v1_1v2v1/cmod5n_ecmwf_norecal_rs2rcmgmfv4_28052025/rcm-1/L2M/sc50ma/rcm-1_sc50ma/2024/229/RCM1_OK3210879_PK3212958_1_SC50MA_20240816_103509_HH_HV_GRD/rcm1-sc50ma-owi-cm-20240816t103603-20240816t103720-00003-xxxxx.nc
al052024,IRWIN,rcm1-sclnb-owi-cm-20240814t223707-20240814t223822-00003-______ll_gd_GEO-IRWIN.nc,21.6606140136719,291.675567626953,"2024-08-14T22:37:07,000",/scale/user/mtannaou/alternance/donnees_sar_changes/rcm1-sclnb-owi-cm-20240814t223707-20240814t223822-00003-xxxxx_aeqd.nc,rcm1-sclnb-owi-cm-20240814t223707-20240814t223822-00003-xxxxx.nc,/home/datawork-cersat-public/cache/public/ftp/project/sarwing/processings/grdwind+windir_2025v6v12_2v0_0v3v9_0v0v6_0v0v6_1v4v3_1v0v15_1v0v10_1v2v5_1v2v2_1v1v1_1v2v1/cmod5n_ecmwf_norecal_rs2rcmgmfv4_28052025/rcm-1/L2M/sclnb/rcm-1_sclnb/2024/227/RCM1_OK3207684_PK3210670_1_SCLNB_20240814_223709_VV_VH_GRD/rcm1-sclnb-owi-cm-20240814t223707-20240814t223822-00003-xxxxx.nc
al052024,IRWIN,rcm3-sclnb-owi-cm-20240818t221028-20240818t221048-00003-______ll_gd_GEO-IRWIN.nc,36.8486518859863,297.611267089844,"2024-08-18T22:10:28,000",,rcm3-sclnb-owi-cm-20240818t220933-20240818t221048-00003-xxxxx.nc,/home/datawork-cersat-public/cache/public/ftp/project/sarwing/processings/grdwind+windir_2025v6v12_2v0_0v3v9_0v0v6_0v0v6_1v4v3_1v0v15_1v0v10_1v2v5_1v2v2_1v1v1_1v2v1/cmod5n_ecmwf_norecal_rs2rcmgmfv4_28052025/rcm-3/L2M/sclnb/rcm-3_sclnb/2024/231/RCM3_OK3213374_PK3216288_1_SCLNB_20240818_220935_VV_VH_GRD/rcm3-sclnb-owi-cm-20240818t220933-20240818t221048-00003-xxxxx.nc
al052024,IRWIN,rcm1-sclna-owi-cm-20240814t102218-20240814t102334-00003-______ll_gd_GEO-IRWIN.nc,19.2903156280518,293.556335449219,"2024-08-14T10:22:18,000",/scale/user/mtannaou/alternance/donnees_sar_changes/rcm1-sclna-owi-cm-20240814t102218-20240814t102334-00003-xxxxx_aeqd.nc,rcm1-sclna-owi-cm-20240814t102218-20240814t102334-00003-xxxxx.nc,/home/datawork-cersat-public/cache/public/ftp/project/sarwing/processings/grdwind+windir_2025v6v12_2v0_0v3v9_0v0v6_0v0v6_1v4v3_1v0v15_1v0v10_1v2v5_1v2v2_1v1v1_1v2v1/cmod5n_ecmwf_norecal_rs2rcmgmfv4_28052025/rcm-1/L2M/sclna/rcm-1_sclna/2024/227/RCM1_OK3207693_PK3210060_1_SCLNA_20240814_102218_VV_VH_GRD/rcm1-sclna-owi-cm-20240814t102218-20240814t102334-00003-xxxxx.nc
al052024,IRWIN,rcm2-sclna-owi-cm-20240812t214725-20240812t214839-00003-______ll_gd_GEO-IRWIN.nc,15.9572067260742,302.772613525391,"2024-08-12T21:47:25,000",/scale/user/mtannaou/alternance/donnees_sar_changes/rcm2-sclna-owi-cm-20240812t214725-20240812t214839-00003-xxxxx_aeqd.nc,rcm2-sclna-owi-cm-20240812t214725-20240812t214839-00003-xxxxx.nc,/home/datawork-cersat-public/cache/public/ftp/project/sarwing/processings/grdwind+windir_2025v6v12_2v0_0v3v9_0v0v6_0v0v6_1v4v3_1v0v15_1v0v10_1v2v5_1v2v2_1v1v1_1v2v1/cmod5n_ecmwf_norecal_rs2rcmgmfv4_28052025/rcm-2/L2M/sclna/rcm-2_sclna/2024/225/RCM2_OK3205637_PK3207964_1_SCLNA_20240812_214726_VV_VH_GRD/rcm2-sclna-owi-cm-20240812t214725-20240812t214839-00003-xxxxx.nc
al052024,IRWIN,s1a-iw-owi-cm-20240815t224633-20240815t224725-000003-06BB7E_ll_gd_GEO-IRWIN.nc,26.0890598297119,291.305206298828,"2024-08-15T22:46:33,000",,rcm1-sclnc-owi-cm-20240815t224617-20240815t224734-00003-xxxxx.nc,/home/datawork-cersat-public/cache/public/ftp/project/sarwing/processings/grdwind+windir_2025v6v12_2v0_0v3v9_0v0v6_0v0v6_1v4v3_1v0v15_1v0v10_1v2v5_1v2v2_1v1v1_1v2v1/cmod5n_ecmwf_norecal_rs2rcmgmfv4_28052025/rcm-1/L2M/sclnc/rcm-1_sclnc/2024/228/RCM1_OK3209103_PK3212200_1_SCLNC_20240815_224618_VV_VH_GRD/rcm1-sclnc-owi-cm-20240815t224617-20240815t224734-00003-xxxxx.nc
al052024,IRWIN,rcm1-sclnd-owi-cm-20240813t222743-20240813t222858-00003-______ll_gd_GEO-IRWIN.nc,17.8976879119873,296.063537597656,"2024-08-13T22:27:43,000",/scale/user/mtannaou/alternance/donnees_sar_changes/rcm1-sclnd-owi-cm-20240813t222743-20240813t222858-00003-xxxxx_aeqd.nc,rcm1-sclnd-owi-cm-20240813t222743-20240813t222858-00003-xxxxx.nc,/home/datawork-cersat-public/cache/public/ftp/project/sarwing/processings/grdwind+windir_2025v6v12_2v0_0v3v9_0v0v6_0v0v6_1v4v3_1v0v15_1v0v10_1v2v5_1v2v2_1v1v1_1v2v1/cmod5n_ecmwf_norecal_rs2rcmgmfv4_28052025/rcm-1/L2M/sclnd/rcm-1_sclnd/2024/226/RCM1_OK3207319_PK3209465_1_SCLND_20240813_222744_VV_VH_GRD/rcm1-sclnd-owi-cm-20240813t222743-20240813t222858-00003-xxxxx.nc
al052024,IRWIN,rcm2-sc50ma-owi-cm-20240816t222327-20240816t222445-00003-______ll_gd_GEO-IRWIN.nc,30.4196834564209,294.206481933594,"2024-08-16T22:23:27,000",/scale/user/mtannaou/alternance/donnees_sar_changes/rcm2-sc50ma-owi-cm-20240816t222327-20240816t222445-00003-xxxxx_aeqd.nc,rcm2-sc50ma-owi-cm-20240816t222327-20240816t222445-00003-xxxxx.nc,/home/datawork-cersat-public/cache/public/ftp/project/sarwing/processings/grdwind+windir_2025v6v12_2v0_0v3v9_0v0v6_0v0v6_1v4v3_1v0v15_1v0v10_1v2v5_1v2v2_1v1v1_1v2v1/cmod5n_ecmwf_norecal_rs2rcmgmfv4_28052025/rcm-2/L2M/sc50ma/rcm-2_sc50ma/2024/229/RCM2_OK3210877_PK3213645_1_SC50MA_20240816_222311_HH_HV_GRD/rcm2-sc50ma-owi-cm-20240816t222327-20240816t222445-00003-xxxxx.nc
al052024,IRWIN,rcm1-sclnc-owi-cm-20240815t102915-20240815t103032-00003-______ll_gd_GEO-IRWIN.nc,23.8696231842041,290.706634521484,"2024-08-15T10:29:15,000",/scale/user/mtannaou/alternance/donnees_sar_changes/rcm1-sclnc-owi-cm-20240815t102915-20240815t103032-00003-xxxxx_aeqd.nc,rcm1-sclnc-owi-cm-20240815t102915-20240815t103032-00003-xxxxx.nc,/home/datawork-cersat-public/cache/public/ftp/project/sarwing/processings/grdwind+windir_2025v6v12_2v0_0v3v9_0v0v6_0v0v6_1v4v3_1v0v15_1v0v10_1v2v5_1v2v2_1v1v1_1v2v1/cmod5n_ecmwf_norecal_rs2rcmgmfv4_28052025/rcm-1/L2M/sclnc/rcm-1_sclnc/2024/228/RCM1_OK3209098_PK3211369_1_SCLNC_20240815_102915_VV_VH_GRD/rcm1-sclnc-owi-cm-20240815t102915-20240815t103032-00003-xxxxx.nc
al122024,IRWIN,rcm1-sclnd-owi-cm-20241001t205843-20241001t210000-00003-______ll_gd_GEO-IRWIN.nc,16.0012760162354,320.160705566406,"2024-10-01T20:58:43,000",/scale/user/mtannaou/alternance/donnees_sar_changes/rcm1-sclnd-owi-cm-20241001t205843-20241001t210000-00003-xxxxx_aeqd.nc,rcm1-sclnd-owi-cm-20241001t205843-20241001t210000-00003-xxxxx.nc,/home/datawork-cersat-public/cache/public/ftp/project/sarwing/processings/grdwind+windir_2025v6v12_2v0_0v3v9_0v0v6_0v0v6_1v4v3_1v0v15_1v0v10_1v2v5_1v2v2_1v1v1_1v2v1/cmod5n_ecmwf_norecal_rs2rcmgmfv4_28052025/rcm-1/L2M/sclnd/rcm-1_sclnd/2024/275/RCM1_OK3292649_PK3294782_1_SCLND_20241001_205843_VV_VH_GRD/rcm1-sclnd-owi-cm-20241001t205843-20241001t210000-00003-xxxxx.nc
al122024,IRWIN,s1a-ew-owi-cm-20241002t083611-20241002t083727-000003-06D630_ll_gd_GEO-IRWIN.nc,17.1828632354736,318.260711669922,"2024-10-02T08:36:11,000",/scale/user/mtannaou/alternance/donnees_sar_changes/s1a-ew-owi-cm-20241002t083611-20241002t083727-000003-06D630_aeqd.nc,s1a-ew-owi-cm-20241002t083611-20241002t083727-000003-06D630.nc,/home/datawork-cersat-public/cache/public/ftp/project/sarwing/processings/grdwind+windir_2025v6v12_2v0_0v3v9_0v0v6_0v0v6_1v4v3_1v0v15_1v0v10_1v2v5_1v2v2_1v1v1_1v2v1/cmod5n_ecmwf_norecal_rs2rcmgmfv4_28052025/sentinel-1a/L2M/EW/S1A_EW_GRDM_1S/2024/276/S1A_EW_GRDM_1SDV_20241002T083611_20241002T083727_055921_06D630_56DC/s1a-ew-owi-cm-20241002t083611-20241002t083727-000003-06D630.nc
al122024,IRWIN,rcm2-sc50mc-owi-cm-20241006t211244-20241006t211403-00003-______ll_gd_GEO-IRWIN.nc,36.7389984130859,313.193145751953,"2024-10-06T21:12:44,000",/scale/user/mtannaou/alternance/donnees_sar_changes/rcm2-sc50mc-owi-cm-20241006t211244-20241006t211403-00003-xxxxx_aeqd.nc,rcm2-sc50mc-owi-cm-20241006t211244-20241006t211403-00003-xxxxx.nc,/home/datawork-cersat-public/cache/public/ftp/project/sarwing/processings/grdwind+windir_2025v6v12_2v0_0v3v9_0v0v6_0v0v6_1v4v3_1v0v15_1v0v10_1v2v5_1v2v2_1v1v1_1v2v1/cmod5n_ecmwf_norecal_rs2rcmgmfv4_28052025/rcm-2/L2M/sc50mc/rcm-2_sc50mc/2024/280/RCM2_OK3300103_PK3303611_1_SC50MC_20241006_211246_HH_HV_GRD/rcm2-sc50mc-owi-cm-20241006t211244-20241006t211403-00003-xxxxx.nc
al122024,IRWIN,rcm1-sc50ma-owi-cm-20241006t092222-20241006t092339-00003-______ll_gd_GEO-IRWIN.nc,33.0547332763672,310.664855957031,"2024-10-06T09:22:22,000",/scale/user/mtannaou/alternance/donnees_sar_changes/rcm1-sc50ma-owi-cm-20241006t092222-20241006t092339-00003-xxxxx_aeqd.nc,rcm1-sc50ma-owi-cm-20241006t092222-20241006t092339-00003-xxxxx.nc,/home/datawork-cersat-public/cache/public/ftp/project/sarwing/processings/grdwind+windir_2025v6v12_2v0_0v3v9_0v0v6_0v0v6_1v4v3_1v0v15_1v0v10_1v2v5_1v2v2_1v1v1_1v2v1/cmod5n_ecmwf_norecal_rs2rcmgmfv4_28052025/rcm-1/L2M/sc50ma/rcm-1_sc50ma/2024/280/RCM1_OK3300102_PK3302706_1_SC50MA_20241006_092202_HH_HV_GRD/rcm1-sc50ma-owi-cm-20241006t092222-20241006t092339-00003-xxxxx.nc
al122024,IRWIN,rcm2-sc50ma-owi-cm-20241007t085627-20241007t085745-00003-______ll_gd_GEO-IRWIN.nc,39.7573738098145,317.971496582031,"2024-10-07T08:56:27,000",/scale/user/mtannaou/alternance/donnees_sar_changes/rcm2-sc50ma-owi-cm-20241007t085627-20241007t085745-00003-xxxxx_aeqd.nc,rcm2-sc50ma-owi-cm-20241007t085627-20241007t085745-00003-xxxxx.nc,/home/datawork-cersat-public/cache/public/ftp/project/sarwing/processings/grdwind+windir_2025v6v12_2v0_0v3v9_0v0v6_0v0v6_1v4v3_1v0v15_1v0v10_1v2v5_1v2v2_1v1v1_1v2v1/cmod5n_ecmwf_norecal_rs2rcmgmfv4_28052025/rcm-2/L2M/sc50ma/rcm-2_sc50ma/2024/281/RCM2_OK3302859_PK3304275_1_SC50MA_20241007_085628_HH_HV_GRD/rcm2-sc50ma-owi-cm-20241007t085627-20241007t085745-00003-xxxxx.nc
al122024,IRWIN,rcm1-sclna-owi-cm-20241003t090145-20241003t090300-00003-______ll_gd_GEO-IRWIN.nc,19.6848621368408,315.167663574219,"2024-10-03T09:01:45,000",/scale/user/mtannaou/alternance/donnees_sar_changes/rcm1-sclna-owi-cm-20241003t090145-20241003t090300-00003-xxxxx_aeqd.nc,rcm1-sclna-owi-cm-20241003t090145-20241003t090300-00003-xxxxx.nc,/home/datawork-cersat-public/cache/public/ftp/project/sarwing/processings/grdwind+windir_2025v6v12_2v0_0v3v9_0v0v6_0v0v6_1v4v3_1v0v15_1v0v10_1v2v5_1v2v2_1v1v1_1v2v1/cmod5n_ecmwf_norecal_rs2rcmgmfv4_28052025/rcm-1/L2M/sclna/rcm-1_sclna/2024/277/RCM1_OK3294595_PK3297924_1_SCLNA_20241003_090147_VV_VH_GRD/rcm1-sclna-owi-cm-20241003t090145-20241003t090300-00003-xxxxx.nc
al122024,IRWIN,rcm1-sclnd-owi-cm-20240930t205022-20240930t205139-00003-______ll_gd_GEO-IRWIN.nc,13.7672853469849,324.561126708984,"2024-09-30T20:50:22,000",/scale/user/mtannaou/alternance/donnees_sar_changes/rcm1-sclnd-owi-cm-20240930t205022-20240930t205139-00003-xxxxx_aeqd.nc,rcm1-sclnd-owi-cm-20240930t205022-20240930t205139-00003-xxxxx.nc,/home/datawork-cersat-public/cache/public/ftp/project/sarwing/processings/grdwind+windir_2025v6v12_2v0_0v3v9_0v0v6_0v0v6_1v4v3_1v0v15_1v0v10_1v2v5_1v2v2_1v1v1_1v2v1/cmod5n_ecmwf_norecal_rs2rcmgmfv4_28052025/rcm-1/L2M/sclnd/rcm-1_sclnd/2024/274/RCM1_OK3290662_PK3293300_1_SCLND_20240930_205022_VV_VH_GRD/rcm1-sclnd-owi-cm-20240930t205022-20240930t205139-00003-xxxxx.nc
al122024,IRWIN,s1a-iw-owi-cm-20241009t064132-20241009t064312-000003-06DA1F_ll_gd_GEO-IRWIN.nc,43.2745094299316,349.138977050781,"2024-10-09T06:41:32,000",/scale/user/mtannaou/alternance/donnees_sar_changes/s1a-iw-owi-cm-20241009t064132-20241009t064312-000003-06DA1F_aeqd.nc,s1a-iw-owi-cm-20241009t064132-20241009t064312-000003-06DA1F.nc,/home/datawork-cersat-public/cache/public/ftp/project/sarwing/processings/grdwind+windir_2025v6v12_2v0_0v3v9_0v0v6_0v0v6_1v4v3_1v0v15_1v0v10_1v2v5_1v2v2_1v1v1_1v2v1/cmod5n_ecmwf_norecal_rs2rcmgmfv4_28052025/sentinel-1a/L2M/IW/S1A_IW_GRDH_1S/2024/283/S1A_IW_GRDH_1SDV_20241009T064132_20241009T064312_056022_06DA1F_0BD5XC849XD760XD835/s1a-iw-owi-cm-20241009t064132-20241009t064312-000003-06DA1F.nc
al122024,IRWIN,rcm1-sclnb-owi-cm-20241004t090911-20241004t091027-00003-______ll_gd_GEO-IRWIN.nc,22.0313148498535,311.938659667969,"2024-10-04T09:09:11,000",/scale/user/mtannaou/alternance/donnees_sar_changes/rcm1-sclnb-owi-cm-20241004t090911-20241004t091027-00003-xxxxx_aeqd.nc,rcm1-sclnb-owi-cm-20241004t090911-20241004t091027-00003-xxxxx.nc,/home/datawork-cersat-public/cache/public/ftp/project/sarwing/processings/grdwind+windir_2025v6v12_2v0_0v3v9_0v0v6_0v0v6_1v4v3_1v0v15_1v0v10_1v2v5_1v2v2_1v1v1_1v2v1/cmod5n_ecmwf_norecal_rs2rcmgmfv4_28052025/rcm-1/L2M/sclnb/rcm-1_sclnb/2024/278/RCM1_OK3296799_PK3299524_1_SCLNB_20241004_090913_VV_VH_GRD/rcm1-sclnb-owi-cm-20241004t090911-20241004t091027-00003-xxxxx.nc
al122024,IRWIN,rcm1-sclnc-owi-cm-20241007t201754-20241007t201912-00003-______ll_gd_GEO-IRWIN.nc,42.7618865966797,323.600372314453,"2024-10-07T20:17:54,000",/scale/user/mtannaou/alternance/donnees_sar_changes/rcm1-sclnc-owi-cm-20241007t201754-20241007t201912-00003-xxxxx_aeqd.nc,rcm1-sclnc-owi-cm-20241007t201754-20241007t201912-00003-xxxxx.nc,/home/datawork-cersat-public/cache/public/ftp/project/sarwing/processings/grdwind+windir_2025v6v12_2v0_0v3v9_0v0v6_0v0v6_1v4v3_1v0v15_1v0v10_1v2v5_1v2v2_1v1v1_1v2v1/cmod5n_ecmwf_norecal_rs2rcmgmfv4_28052025/rcm-1/L2M/sclnc/rcm-1_sclnc/2024/281/RCM1_OK3302881_PK3304982_1_SCLNC_20241007_201755_VV_VH_GRD/rcm1-sclnc-owi-cm-20241007t201754-20241007t201912-00003-xxxxx.nc
al122024,IRWIN,rcm1-sclnd-owi-cm-20241002t210744-20241002t210836-00003-______ll_gd_GEO-IRWIN.nc,18.6348266601563,316.364959716797,"2024-10-02T21:07:44,000",/scale/user/mtannaou/alternance/donnees_sar_changes/rcm1-sclnd-owi-cm-20241002t210744-20241002t210836-00003-xxxxx_aeqd.nc,rcm1-sclnd-owi-cm-20241002t210744-20241002t210836-00003-xxxxx.nc,/home/datawork-cersat-public/cache/public/ftp/project/sarwing/processings/grdwind+windir_2025v6v12_2v0_0v3v9_0v0v6_0v0v6_1v4v3_1v0v15_1v0v10_1v2v5_1v2v2_1v1v1_1v2v1/cmod5n_ecmwf_norecal_rs2rcmgmfv4_28052025/rcm-1/L2M/sclnd/rcm-1_sclnd/2024/276/RCM1_OK3294083_PK3297071_1_SCLND_20241002_210746_VV_VH_GRD/rcm1-sclnd-owi-cm-20241002t210744-20241002t210836-00003-xxxxx.nc
al122024,IRWIN,rcm1-sclnc-owi-cm-20241004t212518-20241004t212636-00003-______ll_gd_GEO-IRWIN.nc,23.5240955352783,310.760864257813,"2024-10-04T21:25:18,000",/scale/user/mtannaou/alternance/donnees_sar_changes/rcm1-sclnc-owi-cm-20241004t212518-20241004t212636-00003-xxxxx_aeqd.nc,rcm1-sclnc-owi-cm-20241004t212518-20241004t212636-00003-xxxxx.nc,/home/datawork-cersat-public/cache/public/ftp/project/sarwing/processings/grdwind+windir_2025v6v12_2v0_0v3v9_0v0v6_0v0v6_1v4v3_1v0v15_1v0v10_1v2v5_1v2v2_1v1v1_1v2v1/cmod5n_ecmwf_norecal_rs2rcmgmfv4_28052025/rcm-1/L2M/sclnc/rcm-1_sclnc/2024/278/RCM1_OK3296938_PK3300253_1_SCLNC_20241004_212519_VV_VH_GRD/rcm1-sclnc-owi-cm-20241004t212518-20241004t212636-00003-xxxxx.nc
al122024,IRWIN,rcm1-sclnb-owi-cm-20241008t075910-20241008t080027-00003-______ll_gd_GEO-IRWIN.nc,43.5032730102539,330.471649169922,"2024-10-08T07:59:10,000",/scale/user/mtannaou/alternance/donnees_sar_changes/rcm1-sclnb-owi-cm-20241008t075910-20241008t080027-00003-xxxxx_aeqd.nc,rcm1-sclnb-owi-cm-20241008t075910-20241008t080027-00003-xxxxx.nc,/home/datawork-cersat-public/cache/public/ftp/project/sarwing/processings/grdwind+windir_2025v6v12_2v0_0v3v9_0v0v6_0v0v6_1v4v3_1v0v15_1v0v10_1v2v5_1v2v2_1v1v1_1v2v1/cmod5n_ecmwf_norecal_rs2rcmgmfv4_28052025/rcm-1/L2M/sclnb/rcm-1_sclnb/2024/282/RCM1_OK3304577_PK3305766_1_SCLNB_20241008_075911_VV_VH_GRD/rcm1-sclnb-owi-cm-20241008t075910-20241008t080027-00003-xxxxx.nc
al122024,IRWIN,s1a-ew-owi-cm-20241002t210552-20241002t210655-000003-06D67D_ll_gd_GEO-IRWIN.nc,18.6348266601563,316.364959716797,"2024-10-02T21:05:52,000",/scale/user/mtannaou/alternance/donnees_sar_changes/s1a-ew-owi-cm-20241002t210552-20241002t210655-000003-06D67D_aeqd.nc,rcm1-sclnd-owi-cm-20241002t210744-20241002t210836-00003-xxxxx.nc,/home/datawork-cersat-public/cache/public/ftp/project/sarwing/processings/grdwind+windir_2025v6v12_2v0_0v3v9_0v0v6_0v0v6_1v4v3_1v0v15_1v0v10_1v2v5_1v2v2_1v1v1_1v2v1/cmod5n_ecmwf_norecal_rs2rcmgmfv4_28052025/rcm-1/L2M/sclnd/rcm-1_sclnd/2024/276/RCM1_OK3294083_PK3297071_1_SCLND_20241002_210746_VV_VH_GRD/rcm1-sclnd-owi-cm-20241002t210744-20241002t210836-00003-xxxxx.nc
al122024,IRWIN,rcm1-sclnc-owi-cm-20241003t211627-20241003t211742-00003-______ll_gd_GEO-IRWIN.nc,20.81809425354,313.512298583984,"2024-10-03T21:16:27,000",/scale/user/mtannaou/alternance/donnees_sar_changes/rcm1-sclnc-owi-cm-20241003t211627-20241003t211742-00003-xxxxx_aeqd.nc,rcm1-sclnc-owi-cm-20241003t211627-20241003t211742-00003-xxxxx.nc,/home/datawork-cersat-public/cache/public/ftp/project/sarwing/processings/grdwind+windir_2025v6v12_2v0_0v3v9_0v0v6_0v0v6_1v4v3_1v0v15_1v0v10_1v2v5_1v2v2_1v1v1_1v2v1/cmod5n_ecmwf_norecal_rs2rcmgmfv4_28052025/rcm-1/L2M/sclnc/rcm-1_sclnc/2024/277/RCM1_OK3294608_PK3298873_1_SCLNC_20241003_211628_VV_VH_GRD/rcm1-sclnc-owi-cm-20241003t211627-20241003t211742-00003-xxxxx.nc
al122024,IRWIN,rcm2-sclnd-owi-cm-20241001t081520-20241001t081635-00003-______ll_gd_GEO-IRWIN.nc,14.7276668548584,322.425659179688,"2024-10-01T08:15:20,000",/scale/user/mtannaou/alternance/donnees_sar_changes/rcm2-sclnd-owi-cm-20241001t081520-20241001t081635-00003-xxxxx_aeqd.nc,rcm2-sclnd-owi-cm-20241001t081520-20241001t081635-00003-xxxxx.nc,/home/datawork-cersat-public/cache/public/ftp/project/sarwing/processings/grdwind+windir_2025v6v12_2v0_0v3v9_0v0v6_0v0v6_1v4v3_1v0v15_1v0v10_1v2v5_1v2v2_1v1v1_1v2v1/cmod5n_ecmwf_norecal_rs2rcmgmfv4_28052025/rcm-2/L2M/sclnd/rcm-2_sclnd/2024/275/RCM2_OK3292643_PK3293960_1_SCLND_20241001_081522_VV_VH_GRD/rcm2-sclnd-owi-cm-20241001t081520-20241001t081635-00003-xxxxx.nc
al122024,IRWIN,rcm1-sclnd-owi-cm-20241005t213448-20241005t213606-00003-______ll_gd_GEO-IRWIN.nc,29.2047805786133,309.882202148438,"2024-10-05T21:34:48,000",/scale/user/mtannaou/alternance/donnees_sar_changes/rcm1-sclnd-owi-cm-20241005t213448-20241005t213606-00003-xxxxx_aeqd.nc,rcm1-sclnd-owi-cm-20241005t213448-20241005t213606-00003-xxxxx.nc,/home/datawork-cersat-public/cache/public/ftp/project/sarwing/processings/grdwind+windir_2025v6v12_2v0_0v3v9_0v0v6_0v0v6_1v4v3_1v0v15_1v0v10_1v2v5_1v2v2_1v1v1_1v2v1/cmod5n_ecmwf_norecal_rs2rcmgmfv4_28052025/rcm-1/L2M/sclnd/rcm-1_sclnd/2024/279/RCM1_OK3298557_PK3302055_1_SCLND_20241005_213449_VV_VH_GRD/rcm1-sclnd-owi-cm-20241005t213448-20241005t213606-00003-xxxxx.nc
al122024,IRWIN,rcm3-sclnd-owi-cm-20241008t192213-20241008t192332-00003-______ll_gd_GEO-IRWIN.nc,42.9429779052734,338.584350585938,"2024-10-08T19:22:13,000",/scale/user/mtannaou/alternance/donnees_sar_changes/rcm3-sclnd-owi-cm-20241008t192213-20241008t192332-00003-xxxxx_aeqd.nc,rcm3-sclnd-owi-cm-20241008t192213-20241008t192332-00003-xxxxx.nc,/home/datawork-cersat-public/cache/public/ftp/project/sarwing/processings/grdwind+windir_2025v6v12_2v0_0v3v9_0v0v6_0v0v6_1v4v3_1v0v15_1v0v10_1v2v5_1v2v2_1v1v1_1v2v1/cmod5n_ecmwf_norecal_rs2rcmgmfv4_28052025/rcm-3/L2M/sclnd/rcm-3_sclnd/2024/282/RCM3_OK3304582_PK3306640_1_SCLND_20241008_192215_VV_VH_GRD/rcm3-sclnd-owi-cm-20241008t192213-20241008t192332-00003-xxxxx.nc
al122024,IRWIN,rcm1-sclnb-owi-cm-20241005t091613-20241005t091730-00003-______ll_gd_GEO-IRWIN.nc,25.6895446777344,309.807586669922,"2024-10-05T09:16:13,000",/scale/user/mtannaou/alternance/donnees_sar_changes/rcm1-sclnb-owi-cm-20241005t091613-20241005t091730-00003-xxxxx_aeqd.nc,rcm1-sclnb-owi-cm-20241005t091613-20241005t091730-00003-xxxxx.nc,/home/datawork-cersat-public/cache/public/ftp/project/sarwing/processings/grdwind+windir_2025v6v12_2v0_0v3v9_0v0v6_0v0v6_1v4v3_1v0v15_1v0v10_1v2v5_1v2v2_1v1v1_1v2v1/cmod5n_ecmwf_norecal_rs2rcmgmfv4_28052025/rcm-1/L2M/sclnb/rcm-1_sclnb/2024/279/RCM1_OK3298536_PK3300991_1_SCLNB_20241005_091614_VV_VH_GRD/rcm1-sclnb-owi-cm-20241005t091613-20241005t091730-00003-xxxxx.nc
sh192020,IRWIN,s1a-iw-owi-cm-20200227t205712-20200227t205827-000003-039EBF_ll_gd_GEO-IRWIN.nc,0.0,0.0,"2020-02-27T20:57:12,000",/scale/user/mtannaou/alternance/donnees_sar_changes/s1a-iw-owi-cm-20200227t205712-20200227t205827-000003-039EBF_aeqd.nc,s1a-iw-owi-cm-20200227t205712-20200227t205827-000003-039EBF.nc,/home/datawork-cersat-public/cache/public/ftp/project/sarwing/processings/grdwind+windir_2025v6v12_2v0_0v3v9_0v0v6_0v0v6_1v4v3_1v0v15_1v0v10_1v2v5_1v2v2_1v1v1_1v2v1/cmod5n_ecmwf_norecal_rs2rcmgmfv4_28052025/sentinel-1a/L2M/IW/S1A_IW_GRDH_1S/2020/058/S1A_IW_GRDH_1SDV_20200227T205712_20200227T205827_031443_039EBF_2CBDXB99BXD148/s1a-iw-owi-cm-20200227t205712-20200227t205827-000003-039EBF.nc
ep092024,IRWIN,rcm3-sclna-owi-cm-20240914t132612-20240914t132727-00003-______ll_gd_GEO-IRWIN.nc,24.6518230438232,250.987503051758,"2024-09-14T13:26:12,000",/scale/user/mtannaou/alternance/donnees_sar_changes/rcm3-sclna-owi-cm-20240914t132612-20240914t132727-00003-xxxxx_aeqd.nc,rcm3-sclna-owi-cm-20240914t132612-20240914t132727-00003-xxxxx.nc,/home/datawork-cersat-public/cache/public/ftp/project/sarwing/processings/grdwind+windir_2025v6v12_2v0_0v3v9_0v0v6_0v0v6_1v4v3_1v0v15_1v0v10_1v2v5_1v2v2_1v1v1_1v2v1/cmod5n_ecmwf_norecal_rs2rcmgmfv4_28052025/rcm-3/L2M/sclna/rcm-3_sclna/2024/258/RCM3_OK3261748_PK3265312_1_SCLNA_20240914_132614_VV_VH_GRD/rcm3-sclna-owi-cm-20240914t132612-20240914t132727-00003-xxxxx.nc
ep092024,IRWIN,rcm3-sclnd-owi-cm-20240914t013453-20240914t013609-00003-______ll_gd_GEO-IRWIN.nc,23.0435409545898,250.700973510742,"2024-09-14T01:34:53,000",/scale/user/mtannaou/alternance/donnees_sar_changes/rcm3-sclnd-owi-cm-20240914t013453-20240914t013609-00003-xxxxx_aeqd.nc,rcm3-sclnd-owi-cm-20240914t013453-20240914t013609-00003-xxxxx.nc,/home/datawork-cersat-public/cache/public/ftp/project/sarwing/processings/grdwind+windir_2025v6v12_2v0_0v3v9_0v0v6_0v0v6_1v4v3_1v0v15_1v0v10_1v2v5_1v2v2_1v1v1_1v2v1/cmod5n_ecmwf_norecal_rs2rcmgmfv4_28052025/rcm-3/L2M/sclnd/rcm-3_sclnd/2024/258/RCM3_OK3259175_PK3264522_1_SCLND_20240914_013453_VV_VH_GRD/rcm3-sclnd-owi-cm-20240914t013453-20240914t013609-00003-xxxxx.nc
ep052021,IRWIN,s1a-iw-owi-cm-20210629t130556-20210629t130711-000003-048CB1_ll_gd_GEO-IRWIN.nc,22.1104965209961,252.530303955078,"2021-06-29T13:05:56,000",/scale/user/mtannaou/alternance/donnees_sar_changes/s1a-iw-owi-cm-20210629t130556-20210629t130711-000003-048CB1_aeqd.nc,s1a-iw-owi-cm-20210629t130556-20210629t130711-000003-048CB1.nc,/home/datawork-cersat-public/cache/public/ftp/project/sarwing/processings/grdwind+windir_2025v6v12_2v0_0v3v9_0v0v6_0v0v6_1v4v3_1v0v15_1v0v10_1v2v5_1v2v2_1v1v1_1v2v1/cmod5n_ecmwf_norecal_rs2rcmgmfv4_28052025/sentinel-1a/L2M/IW/S1A_IW_GRDH_1S/2021/180/S1A_IW_GRDH_1SDV_20210629T130556_20210629T130711_038555_048CB1_B81DXF2D5XF7B4/s1a-iw-owi-cm-20210629t130556-20210629t130711-000003-048CB1.nc
ep052021,IRWIN,s1a-iw-owi-cm-20210627t011207-20210627t011351-000003-048BAA_ll_gd_GEO-IRWIN.nc,17.0627994537354,254.120071411133,"2021-06-27T01:12:07,000",/scale/user/mtannaou/alternance/donnees_sar_changes/s1a-iw-owi-cm-20210627t011207-20210627t011351-000003-048BAA_aeqd.nc,s1a-iw-owi-cm-20210627t011207-20210627t011351-000003-048BAA.nc,/home/datawork-cersat-public/cache/public/ftp/project/sarwing/processings/grdwind+windir_2025v6v12_2v0_0v3v9_0v0v6_0v0v6_1v4v3_1v0v15_1v0v10_1v2v5_1v2v2_1v1v1_1v2v1/cmod5n_ecmwf_norecal_rs2rcmgmfv4_28052025/sentinel-1a/L2M/IW/S1A_IW_GRDH_1S/2021/178/S1A_IW_GRDH_1SDV_20210627T011207_20210627T011351_038519_048BAA_0C53X3407XC47EXC5A4/s1a-iw-owi-cm-20210627t011207-20210627t011351-000003-048BAA.nc
ep052021,IRWIN,s1b-iw-owi-cm-20210628t010428-20210628t010458-000003-0349E5_ll_gd_GEO-IRWIN.nc,19.3121566772461,254.142059326172,"2021-06-28T01:04:28,000",/scale/user/mtannaou/alternance/donnees_sar_changes/s1b-iw-owi-cm-20210628t010428-20210628t010458-000003-0349E5_aeqd.nc,s1b-iw-owi-cm-20210628t010428-20210628t010458-000003-0349E5.nc,/home/datawork-cersat-public/cache/public/ftp/project/sarwing/processings/grdwind+windir_2025v6v12_2v0_0v3v9_0v0v6_0v0v6_1v4v3_1v0v15_1v0v10_1v2v5_1v2v2_1v1v1_1v2v1/cmod5n_ecmwf_norecal_rs2rcmgmfv4_28052025/sentinel-1b/L2M/IW/S1B_IW_GRDH_1S/2021/179/S1B_IW_GRDH_1SDV_20210628T010428_20210628T010458_027550_0349E5_6BF3/s1b-iw-owi-cm-20210628t010428-20210628t010458-000003-0349E5.nc
al142023,IRWIN,rcm1-sclnb-owi-cm-20230911t204541-20230911t204657-00003-______ll_gd_GEO-IRWIN.nc,26.5293636322022,320.130615234375,"2023-09-11T20:45:41,000",/scale/user/mtannaou/alternance/donnees_sar_changes/rcm1-sclnb-owi-cm-20230911t204541-20230911t204657-00003-xxxxx_aeqd.nc,rcm1-sclnb-owi-cm-20230911t204541-20230911t204657-00003-xxxxx.nc,/home/datawork-cersat-public/cache/public/ftp/project/sarwing/processings/grdwind+windir_2025v6v12_2v0_0v3v9_0v0v6_0v0v6_1v4v3_1v0v15_1v0v10_1v2v5_1v2v2_1v1v1_1v2v1/cmod5n_ecmwf_norecal_rs2rcmgmfv4_28052025/rcm-1/L2M/sclnb/rcm-1_sclnb/2023/254/RCM1_OK2736496_PK2739261_1_SCLNB_20230911_204543_VV_VH_GRD/rcm1-sclnb-owi-cm-20230911t204541-20230911t204657-00003-xxxxx.nc
al142023,IRWIN,rcm1-sc50mb-owi-cm-20230914t084934-20230914t085051-00003-______ll_gd_GEO-IRWIN.nc,35.8917961120606,319.551208496094,"2023-09-14T08:49:34,000",/scale/user/mtannaou/alternance/donnees_sar_changes/rcm1-sc50mb-owi-cm-20230914t084934-20230914t085051-00003-xxxxx_aeqd.nc,rcm1-sc50mb-owi-cm-20230914t084934-20230914t085051-00003-xxxxx.nc,/home/datawork-cersat-public/cache/public/ftp/project/sarwing/processings/grdwind+windir_2025v6v12_2v0_0v3v9_0v0v6_0v0v6_1v4v3_1v0v15_1v0v10_1v2v5_1v2v2_1v1v1_1v2v1/cmod5n_ecmwf_norecal_rs2rcmgmfv4_28052025/rcm-1/L2M/sc50mb/rcm-1_sc50mb/2023/257/RCM1_OK2741527_PK2745214_1_SC50MB_20230914_084934_HH_HV_GRD/rcm1-sc50mb-owi-cm-20230914t084934-20230914t085051-00003-xxxxx.nc
al142023,IRWIN,rcm2-sc50mc-owi-cm-20230916t083334-20230916t083451-00003-______ll_gd_GEO-IRWIN.nc,35.1487045288086,321.964385986328,"2023-09-16T08:33:34,000",/scale/user/mtannaou/alternance/donnees_sar_changes/rcm2-sc50mc-owi-cm-20230916t083334-20230916t083451-00003-xxxxx_aeqd.nc,rcm2-sc50mc-owi-cm-20230916t083334-20230916t083451-00003-xxxxx.nc,/home/datawork-cersat-public/cache/public/ftp/project/sarwing/processings/grdwind+windir_2025v6v12_2v0_0v3v9_0v0v6_0v0v6_1v4v3_1v0v15_1v0v10_1v2v5_1v2v2_1v1v1_1v2v1/cmod5n_ecmwf_norecal_rs2rcmgmfv4_28052025/rcm-2/L2M/sc50mc/rcm-2_sc50mc/2023/259/RCM2_OK2745895_PK2748423_1_SC50MC_20230916_083334_HH_HV_GRD/rcm2-sc50mc-owi-cm-20230916t083334-20230916t083451-00003-xxxxx.nc
al142023,IRWIN,rcm1-sclnd-owi-cm-20230911t082817-20230911t082933-00003-______ll_gd_GEO-IRWIN.nc,24.7736053466797,319.998962402344,"2023-09-11T08:28:17,000",/scale/user/mtannaou/alternance/donnees_sar_changes/rcm1-sclnd-owi-cm-20230911t082817-20230911t082933-00003-xxxxx_aeqd.nc,rcm1-sclnd-owi-cm-20230911t082817-20230911t082933-00003-xxxxx.nc,/home/datawork-cersat-public/cache/public/ftp/project/sarwing/processings/grdwind+windir_2025v6v12_2v0_0v3v9_0v0v6_0v0v6_1v4v3_1v0v15_1v0v10_1v2v5_1v2v2_1v1v1_1v2v1/cmod5n_ecmwf_norecal_rs2rcmgmfv4_28052025/rcm-1/L2M/sclnd/rcm-1_sclnd/2023/254/RCM1_OK2736484_PK2737844_1_SCLND_20230911_082817_VV_VH_GRD/rcm1-sclnd-owi-cm-20230911t082817-20230911t082933-00003-xxxxx.nc
al142023,IRWIN,rcm1-sclnd-owi-cm-20230912t205455-20230912t205612-00003-______ll_gd_GEO-IRWIN.nc,31.1772499084473,320.574005126953,"2023-09-12T20:54:55,000",/scale/user/mtannaou/alternance/donnees_sar_changes/rcm1-sclnd-owi-cm-20230912t205455-20230912t205612-00003-xxxxx_aeqd.nc,rcm1-sclnd-owi-cm-20230912t205455-20230912t205612-00003-xxxxx.nc,/home/datawork-cersat-public/cache/public/ftp/project/sarwing/processings/grdwind+windir_2025v6v12_2v0_0v3v9_0v0v6_0v0v6_1v4v3_1v0v15_1v0v10_1v2v5_1v2v2_1v1v1_1v2v1/cmod5n_ecmwf_norecal_rs2rcmgmfv4_28052025/rcm-1/L2M/sclnd/rcm-1_sclnd/2023/255/RCM1_OK2737459_PK2742456_1_SCLND_20230912_205455_VV_VH_GRD/rcm1-sclnd-owi-cm-20230912t205455-20230912t205612-00003-xxxxx.nc
al142023,IRWIN,rcm1-sclnd-owi-cm-20230909t081338-20230909t081454-00003-______ll_gd_GEO-IRWIN.nc,19.7098350524902,323.578277587891,"2023-09-09T08:13:38,000",/scale/user/mtannaou/alternance/donnees_sar_changes/rcm1-sclnd-owi-cm-20230909t081338-20230909t081454-00003-xxxxx_aeqd.nc,rcm1-sclnd-owi-cm-20230909t081338-20230909t081454-00003-xxxxx.nc,/home/datawork-cersat-public/cache/public/ftp/project/sarwing/processings/grdwind+windir_2025v6v12_2v0_0v3v9_0v0v6_0v0v6_1v4v3_1v0v15_1v0v10_1v2v5_1v2v2_1v1v1_1v2v1/cmod5n_ecmwf_norecal_rs2rcmgmfv4_28052025/rcm-1/L2M/sclnd/rcm-1_sclnd/2023/252/RCM1_OK2729855_PK2734999_1_SCLND_20230909_081337_VV_VH_GRD/rcm1-sclnd-owi-cm-20230909t081338-20230909t081454-00003-xxxxx.nc
al142023,IRWIN,rcm2-sclna-owi-cm-20230913t203204-20230913t203320-00003-______ll_gd_GEO-IRWIN.nc,34.4680595397949,319.379608154297,"2023-09-13T20:32:04,000",/scale/user/mtannaou/alternance/donnees_sar_changes/rcm2-sclna-owi-cm-20230913t203204-20230913t203320-00003-xxxxx_aeqd.nc,rcm2-sclna-owi-cm-20230913t203204-20230913t203320-00003-xxxxx.nc,/home/datawork-cersat-public/cache/public/ftp/project/sarwing/processings/grdwind+windir_2025v6v12_2v0_0v3v9_0v0v6_0v0v6_1v4v3_1v0v15_1v0v10_1v2v5_1v2v2_1v1v1_1v2v1/cmod5n_ecmwf_norecal_rs2rcmgmfv4_28052025/rcm-2/L2M/sclna/rcm-2_sclna/2023/256/RCM2_OK2739564_PK2744279_1_SCLNA_20230913_203204_VV_VH_GRD/rcm2-sclna-owi-cm-20230913t203204-20230913t203320-00003-xxxxx.nc
al142023,IRWIN,rcm1-sclnc-owi-cm-20230912t083507-20230912t083624-00003-______ll_gd_GEO-IRWIN.nc,28.7121429443359,320.614898681641,"2023-09-12T08:35:07,000",/scale/user/mtannaou/alternance/donnees_sar_changes/rcm1-sclnc-owi-cm-20230912t083507-20230912t083624-00003-xxxxx_aeqd.nc,rcm1-sclnc-owi-cm-20230912t083507-20230912t083624-00003-xxxxx.nc,/home/datawork-cersat-public/cache/public/ftp/project/sarwing/processings/grdwind+windir_2025v6v12_2v0_0v3v9_0v0v6_0v0v6_1v4v3_1v0v15_1v0v10_1v2v5_1v2v2_1v1v1_1v2v1/cmod5n_ecmwf_norecal_rs2rcmgmfv4_28052025/rcm-1/L2M/sclnc/rcm-1_sclnc/2023/255/RCM1_OK2737403_PK2740315_1_SCLNC_20230912_083508_VV_VH_GRD/rcm1-sclnc-owi-cm-20230912t083507-20230912t083624-00003-xxxxx.nc
al142023,IRWIN,rcm1-sclnc-owi-cm-20230913t084207-20230913t084324-00003-______ll_gd_GEO-IRWIN.nc,33.0952491760254,320.052429199219,"2023-09-13T08:42:07,000",/scale/user/mtannaou/alternance/donnees_sar_changes/rcm1-sclnc-owi-cm-20230913t084207-20230913t084324-00003-xxxxx_aeqd.nc,rcm1-sclnc-owi-cm-20230913t084207-20230913t084324-00003-xxxxx.nc,/home/datawork-cersat-public/cache/public/ftp/project/sarwing/processings/grdwind+windir_2025v6v12_2v0_0v3v9_0v0v6_0v0v6_1v4v3_1v0v15_1v0v10_1v2v5_1v2v2_1v1v1_1v2v1/cmod5n_ecmwf_norecal_rs2rcmgmfv4_28052025/rcm-1/L2M/sclnc/rcm-1_sclnc/2023/256/RCM1_OK2739554_PK2743168_1_SCLNC_20230913_084208_VV_VH_GRD/rcm1-sclnc-owi-cm-20230913t084207-20230913t084324-00003-xxxxx.nc
al142023,IRWIN,rcm1-sclna-owi-cm-20230910t203705-20230910t203821-00003-______ll_gd_GEO-IRWIN.nc,23.3942108154297,319.992370605469,"2023-09-10T20:37:05,000",/scale/user/mtannaou/alternance/donnees_sar_changes/rcm1-sclna-owi-cm-20230910t203705-20230910t203821-00003-xxxxx_aeqd.nc,rcm1-sclna-owi-cm-20230910t203705-20230910t203821-00003-xxxxx.nc,/home/datawork-cersat-public/cache/public/ftp/project/sarwing/processings/grdwind+windir_2025v6v12_2v0_0v3v9_0v0v6_0v0v6_1v4v3_1v0v15_1v0v10_1v2v5_1v2v2_1v1v1_1v2v1/cmod5n_ecmwf_norecal_rs2rcmgmfv4_28052025/rcm-1/L2M/sclna/rcm-1_sclna/2023/253/RCM1_OK2733530_PK2737053_1_SCLNA_20230910_203707_VV_VH_GRD/rcm1-sclna-owi-cm-20230910t203705-20230910t203821-00003-xxxxx.nc
al142023,IRWIN,rcm1-sclnd-owi-cm-20230910t082058-20230910t082215-00003-______ll_gd_GEO-IRWIN.nc,21.8452758789063,320.568054199219,"2023-09-10T08:20:58,000",/scale/user/mtannaou/alternance/donnees_sar_changes/rcm1-sclnd-owi-cm-20230910t082058-20230910t082215-00003-xxxxx_aeqd.nc,rcm1-sclnd-owi-cm-20230910t082058-20230910t082215-00003-xxxxx.nc,/home/datawork-cersat-public/cache/public/ftp/project/sarwing/processings/grdwind+windir_2025v6v12_2v0_0v3v9_0v0v6_0v0v6_1v4v3_1v0v15_1v0v10_1v2v5_1v2v2_1v1v1_1v2v1/cmod5n_ecmwf_norecal_rs2rcmgmfv4_28052025/rcm-1/L2M/sclnd/rcm-1_sclnd/2023/253/RCM1_OK2733430_PK2736370_1_SCLND_20230910_082059_VV_VH_GRD/rcm1-sclnd-owi-cm-20230910t082058-20230910t082215-00003-xxxxx.nc
al142023,IRWIN,rcm1-sclna-owi-cm-20230909t202811-20230909t202926-00003-______ll_gd_GEO-IRWIN.nc,20.7478370666504,321.634857177734,"2023-09-09T20:28:11,000",/scale/user/mtannaou/alternance/donnees_sar_changes/rcm1-sclna-owi-cm-20230909t202811-20230909t202926-00003-xxxxx_aeqd.nc,rcm1-sclna-owi-cm-20230909t202811-20230909t202926-00003-xxxxx.nc,/home/datawork-cersat-public/cache/public/ftp/project/sarwing/processings/grdwind+windir_2025v6v12_2v0_0v3v9_0v0v6_0v0v6_1v4v3_1v0v15_1v0v10_1v2v5_1v2v2_1v1v1_1v2v1/cmod5n_ecmwf_norecal_rs2rcmgmfv4_28052025/rcm-1/L2M/sclna/rcm-1_sclna/2023/252/RCM1_OK2729959_PK2735655_1_SCLNA_20230909_202813_VV_VH_GRD/rcm1-sclna-owi-cm-20230909t202811-20230909t202926-00003-xxxxx.nc
al142023,IRWIN,rcm2-sc50ma-owi-cm-20230914t204028-20230914t204145-00003-______ll_gd_GEO-IRWIN.nc,36.6217384338379,320.463684082031,"2023-09-14T20:40:28,000",/scale/user/mtannaou/alternance/donnees_sar_changes/rcm2-sc50ma-owi-cm-20230914t204028-20230914t204145-00003-xxxxx_aeqd.nc,rcm2-sc50ma-owi-cm-20230914t204028-20230914t204145-00003-xxxxx.nc,/home/datawork-cersat-public/cache/public/ftp/project/sarwing/processings/grdwind+windir_2025v6v12_2v0_0v3v9_0v0v6_0v0v6_1v4v3_1v0v15_1v0v10_1v2v5_1v2v2_1v1v1_1v2v1/cmod5n_ecmwf_norecal_rs2rcmgmfv4_28052025/rcm-2/L2M/sc50ma/rcm-2_sc50ma/2023/257/RCM2_OK2741536_PK2746062_1_SC50MA_20230914_204028_HH_HV_GRD/rcm2-sc50ma-owi-cm-20230914t204028-20230914t204145-00003-xxxxx.nc
sh192023,IRWIN,rcm2-sclna-owi-cm-20230521t005919-20230521t010001-00003-______ll_gd_GEO-IRWIN.nc,-10.2825403213501,68.9135818481445,"2023-05-21T00:59:19,000",/scale/user/mtannaou/alternance/donnees_sar_changes/rcm2-sclna-owi-cm-20230521t005919-20230521t010001-00003-xxxxx_aeqd.nc,rcm2-sclna-owi-cm-20230521t005919-20230521t010001-00003-xxxxx.nc,/home/datawork-cersat-public/cache/public/ftp/project/sarwing/processings/grdwind+windir_2025v6v12_2v0_0v3v9_0v0v6_0v0v6_1v4v3_1v0v15_1v0v10_1v2v5_1v2v2_1v1v1_1v2v1/cmod5n_ecmwf_norecal_rs2rcmgmfv4_28052025/rcm-2/L2M/sclna/rcm-2_sclna/2023/141/RCM2_OK2561611_PK2565100_1_SCLNA_20230521_005921_VV_VH_GRD/rcm2-sclna-owi-cm-20230521t005919-20230521t010001-00003-xxxxx.nc
sh192023,IRWIN,rcm3-sclnb-owi-cm-20230519t134555-20230519t134710-00003-______ll_gd_GEO-IRWIN.nc,-9.79744911193848,69.80419921875,"2023-05-19T13:45:55,000",/scale/user/mtannaou/alternance/donnees_sar_changes/rcm3-sclnb-owi-cm-20230519t134555-20230519t134710-00003-xxxxx_aeqd.nc,rcm3-sclnb-owi-cm-20230519t134555-20230519t134710-00003-xxxxx.nc,/home/datawork-cersat-public/cache/public/ftp/project/sarwing/processings/grdwind+windir_2025v6v12_2v0_0v3v9_0v0v6_0v0v6_1v4v3_1v0v15_1v0v10_1v2v5_1v2v2_1v1v1_1v2v1/cmod5n_ecmwf_norecal_rs2rcmgmfv4_28052025/rcm-3/L2M/sclnb/rcm-3_sclnb/2023/139/RCM3_OK2559984_PK2562643_1_SCLNB_20230519_134557_VV_VH_GRD/rcm3-sclnb-owi-cm-20230519t134555-20230519t134710-00003-xxxxx.nc
sh192023,IRWIN,rcm2-sclnd-owi-cm-20230518t003518-20230518t003616-00003-______ll_gd_GEO-IRWIN.nc,-8.90628242492676,72.6216354370117,"2023-05-18T00:35:18,000",/scale/user/mtannaou/alternance/donnees_sar_changes/rcm2-sclnd-owi-cm-20230518t003518-20230518t003616-00003-xxxxx_aeqd.nc,rcm2-sclnd-owi-cm-20230518t003518-20230518t003616-00003-xxxxx.nc,/home/datawork-cersat-public/cache/public/ftp/project/sarwing/processings/grdwind+windir_2025v6v12_2v0_0v3v9_0v0v6_0v0v6_1v4v3_1v0v15_1v0v10_1v2v5_1v2v2_1v1v1_1v2v1/cmod5n_ecmwf_norecal_rs2rcmgmfv4_28052025/rcm-2/L2M/sclnd/rcm-2_sclnd/2023/138/RCM2_OK2554783_PK2560738_1_SCLND_20230518_003521_VV_VH_GRD/rcm2-sclnd-owi-cm-20230518t003518-20230518t003616-00003-xxxxx.nc
sh192023,IRWIN,rcm2-sclnd-owi-cm-20230520t005112-20230520t005229-00003-______ll_gd_GEO-IRWIN.nc,-9.89664173126221,69.4317474365234,"2023-05-20T00:51:12,000",/scale/user/mtannaou/alternance/donnees_sar_changes/rcm2-sclnd-owi-cm-20230520t005112-20230520t005229-00003-xxxxx_aeqd.nc,rcm2-sclnd-owi-cm-20230520t005112-20230520t005229-00003-xxxxx.nc,/home/datawork-cersat-public/cache/public/ftp/project/sarwing/processings/grdwind+windir_2025v6v12_2v0_0v3v9_0v0v6_0v0v6_1v4v3_1v0v15_1v0v10_1v2v5_1v2v2_1v1v1_1v2v1/cmod5n_ecmwf_norecal_rs2rcmgmfv4_28052025/rcm-2/L2M/sclnd/rcm-2_sclnd/2023/140/RCM2_OK2559986_PK2563995_1_SCLND_20230520_005112_VV_VH_GRD/rcm2-sclnd-owi-cm-20230520t005112-20230520t005229-00003-xxxxx.nc
sh192023,IRWIN,rcm3-sclnd-owi-cm-20230520t135354-20230520t135420-00003-______ll_gd_GEO-IRWIN.nc,-10.0976896286011,69.2039489746094,"2023-05-20T13:53:54,000",/scale/user/mtannaou/alternance/donnees_sar_changes/rcm3-sclnd-owi-cm-20230520t135354-20230520t135420-00003-xxxxx_aeqd.nc,rcm3-sclnd-owi-cm-20230520t135354-20230520t135420-00003-xxxxx.nc,/home/datawork-cersat-public/cache/public/ftp/project/sarwing/processings/grdwind+windir_2025v6v12_2v0_0v3v9_0v0v6_0v0v6_1v4v3_1v0v15_1v0v10_1v2v5_1v2v2_1v1v1_1v2v1/cmod5n_ecmwf_norecal_rs2rcmgmfv4_28052025/rcm-3/L2M/sclnd/rcm-3_sclnd/2023/140/RCM3_OK2561607_PK2564536_1_SCLND_20230520_135357_VV_VH_GRD/rcm3-sclnd-owi-cm-20230520t135354-20230520t135420-00003-xxxxx.nc
sh192023,IRWIN,rcm3-sclnb-owi-cm-20230518t133754-20230518t133849-00003-______ll_gd_GEO-IRWIN.nc,-8.99057769775391,71.6308135986328,"2023-05-18T13:37:54,000",/scale/user/mtannaou/alternance/donnees_sar_changes/rcm3-sclnb-owi-cm-20230518t133754-20230518t133849-00003-xxxxx_aeqd.nc,rcm3-sclnb-owi-cm-20230518t133754-20230518t133849-00003-xxxxx.nc,/home/datawork-cersat-public/cache/public/ftp/project/sarwing/processings/grdwind+windir_2025v6v12_2v0_0v3v9_0v0v6_0v0v6_1v4v3_1v0v15_1v0v10_1v2v5_1v2v2_1v1v1_1v2v1/cmod5n_ecmwf_norecal_rs2rcmgmfv4_28052025/rcm-3/L2M/sclnb/rcm-3_sclnb/2023/138/RCM3_OK2557596_PK2561374_1_SCLNB_20230518_133754_VV_VH_GRD/rcm3-sclnb-owi-cm-20230518t133754-20230518t133849-00003-xxxxx.nc
sh192023,IRWIN,rcm3-sclnd-owi-cm-20230515t131440-20230515t131555-00003-______ll_gd_GEO-IRWIN.nc,-5.47499418258667,77.5827713012695,"2023-05-15T13:14:40,000",/scale/user/mtannaou/alternance/donnees_sar_changes/rcm3-sclnd-owi-cm-20230515t131440-20230515t131555-00003-xxxxx_aeqd.nc,rcm3-sclnd-owi-cm-20230515t131440-20230515t131555-00003-xxxxx.nc,/home/datawork-cersat-public/cache/public/ftp/project/sarwing/processings/grdwind+windir_2025v6v12_2v0_0v3v9_0v0v6_0v0v6_1v4v3_1v0v15_1v0v10_1v2v5_1v2v2_1v1v1_1v2v1/cmod5n_ecmwf_norecal_rs2rcmgmfv4_28052025/rcm-3/L2M/sclnd/rcm-3_sclnd/2023/135/RCM3_OK2552645_PK2554655_1_SCLND_20230515_131442_VV_VH_GRD/rcm3-sclnd-owi-cm-20230515t131440-20230515t131555-00003-xxxxx.nc
sh192023,IRWIN,rcm3-sclnc-owi-cm-20230516t132231-20230516t132346-00003-______ll_gd_GEO-IRWIN.nc,-7.23888111114502,75.0637435913086,"2023-05-16T13:22:31,000",/scale/user/mtannaou/alternance/donnees_sar_changes/rcm3-sclnc-owi-cm-20230516t132231-20230516t132346-00003-xxxxx_aeqd.nc,rcm3-sclnc-owi-cm-20230516t132231-20230516t132346-00003-xxxxx.nc,/home/datawork-cersat-public/cache/public/ftp/project/sarwing/processings/grdwind+windir_2025v6v12_2v0_0v3v9_0v0v6_0v0v6_1v4v3_1v0v15_1v0v10_1v2v5_1v2v2_1v1v1_1v2v1/cmod5n_ecmwf_norecal_rs2rcmgmfv4_28052025/rcm-3/L2M/sclnc/rcm-3_sclnc/2023/136/RCM3_OK2553531_PK2557326_1_SCLNC_20230516_132233_VV_VH_GRD/rcm3-sclnc-owi-cm-20230516t132231-20230516t132346-00003-xxxxx.nc
sh192023,IRWIN,rcm3-sclnc-owi-cm-20230517t132956-20230517t133052-00003-______ll_gd_GEO-IRWIN.nc,-8.79533576965332,73.4208526611328,"2023-05-17T13:29:56,000",/scale/user/mtannaou/alternance/donnees_sar_changes/rcm3-sclnc-owi-cm-20230517t132956-20230517t133052-00003-xxxxx_aeqd.nc,rcm3-sclnc-owi-cm-20230517t132956-20230517t133052-00003-xxxxx.nc,/home/datawork-cersat-public/cache/public/ftp/project/sarwing/processings/grdwind+windir_2025v6v12_2v0_0v3v9_0v0v6_0v0v6_1v4v3_1v0v15_1v0v10_1v2v5_1v2v2_1v1v1_1v2v1/cmod5n_ecmwf_norecal_rs2rcmgmfv4_28052025/rcm-3/L2M/sclnc/rcm-3_sclnc/2023/137/RCM3_OK2554779_PK2560509_1_SCLNC_20230517_132957_VV_VH_GRD/rcm3-sclnc-owi-cm-20230517t132956-20230517t133052-00003-xxxxx.nc
wp132021,IRWIN,s1b-iw-owi-cm-20210806t215140-20210806t215226-000003-035B26_ll_gd_GEO-IRWIN.nc,24.9730472564697,120.020332336426,"2021-08-06T21:51:40,000",/scale/user/mtannaou/alternance/donnees_sar_changes/s1b-iw-owi-cm-20210806t215140-20210806t215226-000003-035B26_aeqd.nc,s1b-iw-owi-cm-20210806t215140-20210806t215226-000003-035B26.nc,/home/datawork-cersat-public/cache/public/ftp/project/sarwing/processings/grdwind+windir_2025v6v12_2v0_0v3v9_0v0v6_0v0v6_1v4v3_1v0v15_1v0v10_1v2v5_1v2v2_1v1v1_1v2v1/cmod5n_ecmwf_norecal_rs2rcmgmfv4_28052025/sentinel-1b/L2M/IW/S1B_IW_GRDH_1S/2021/218/S1B_IW_GRDH_1SDV_20210806T215140_20210806T215226_028131_035B26_D27CXDA6D/s1b-iw-owi-cm-20210806t215140-20210806t215226-000003-035B26.nc
al062024,IRWIN,s1a-iw-owi-cm-20240909t002423-20240909t002538-000003-06C8BE_ll_gd_GEO-IRWIN.nc,21.8124122619629,265.273498535156,"2024-09-09T00:24:23,000",,s1a-iw-owi-cm-20240909t002308-20240909t002603-000003-06C8BE.nc,/home/datawork-cersat-public/cache/public/ftp/project/sarwing/processings/grdwind+windir_2025v6v12_2v0_0v3v9_0v0v6_0v0v6_1v4v3_1v0v15_1v0v10_1v2v5_1v2v2_1v1v1_1v2v1/cmod5n_ecmwf_norecal_rs2rcmgmfv4_28052025/sentinel-1a/L2M/IW/S1A_IW_GRDH_1S/2024/253/S1A_IW_GRDH_1SDV_20240909T002308_20240909T002603_055581_06C8BE_4120X6344X657EX6E17X7355XF17F/s1a-iw-owi-cm-20240909t002308-20240909t002603-000003-06C8BE.nc
al062024,IRWIN,rcm1-sclna-owi-cm-20240909t121437-20240909t121553-00003-______ll_gd_GEO-IRWIN.nc,23.0578327178955,264.625732421875,"2024-09-09T12:14:37,000",/scale/user/mtannaou/alternance/donnees_sar_changes/rcm1-sclna-owi-cm-20240909t121437-20240909t121553-00003-xxxxx_aeqd.nc,rcm1-sclna-owi-cm-20240909t121437-20240909t121553-00003-xxxxx.nc,/home/datawork-cersat-public/cache/public/ftp/project/sarwing/processings/grdwind+windir_2025v6v12_2v0_0v3v9_0v0v6_0v0v6_1v4v3_1v0v15_1v0v10_1v2v5_1v2v2_1v1v1_1v2v1/cmod5n_ecmwf_norecal_rs2rcmgmfv4_28052025/rcm-1/L2M/sclna/rcm-1_sclna/2024/253/RCM1_OK3248188_PK3250164_1_SCLNA_20240909_121437_VV_VH_GRD/rcm1-sclna-owi-cm-20240909t121437-20240909t121553-00003-xxxxx.nc
al062024,IRWIN,rcm2-sclnd-owi-cm-20240911t115656-20240911t115814-00003-______ll_gd_GEO-IRWIN.nc,27.1521186828613,266.454650878906,"2024-09-11T11:56:56,000",/scale/user/mtannaou/alternance/donnees_sar_changes/rcm2-sclnd-owi-cm-20240911t115656-20240911t115814-00003-xxxxx_aeqd.nc,rcm2-sclnd-owi-cm-20240911t115656-20240911t115814-00003-xxxxx.nc,/home/datawork-cersat-public/cache/public/ftp/project/sarwing/processings/grdwind+windir_2025v6v12_2v0_0v3v9_0v0v6_0v0v6_1v4v3_1v0v15_1v0v10_1v2v5_1v2v2_1v1v1_1v2v1/cmod5n_ecmwf_norecal_rs2rcmgmfv4_28052025/rcm-2/L2M/sclnd/rcm-2_sclnd/2024/255/RCM2_OK3251365_PK3256183_1_SCLND_20240911_115658_VV_VH_GRD/rcm2-sclnd-owi-cm-20240911t115656-20240911t115814-00003-xxxxx.nc
al062024,IRWIN,rcm2-sclnd-owi-cm-20240912t001556-20240912t001714-00003-______ll_gd_GEO-IRWIN.nc,29.3655109405518,268.787078857422,"2024-09-12T00:15:56,000",/scale/user/mtannaou/alternance/donnees_sar_changes/rcm2-sclnd-owi-cm-20240912t001556-20240912t001714-00003-xxxxx_aeqd.nc,rcm2-sclnd-owi-cm-20240912t001556-20240912t001714-00003-xxxxx.nc,/home/datawork-cersat-public/cache/public/ftp/project/sarwing/processings/grdwind+windir_2025v6v12_2v0_0v3v9_0v0v6_0v0v6_1v4v3_1v0v15_1v0v10_1v2v5_1v2v2_1v1v1_1v2v1/cmod5n_ecmwf_norecal_rs2rcmgmfv4_28052025/rcm-2/L2M/sclnd/rcm-2_sclnd/2024/256/RCM2_OK3251930_PK3258145_1_SCLND_20240912_001557_VV_VH_GRD/rcm2-sclnd-owi-cm-20240912t001556-20240912t001714-00003-xxxxx.nc
al062024,IRWIN,rcm1-sclnc-owi-cm-20240910t002946-20240910t003059-00003-______ll_gd_GEO-IRWIN.nc,23.8670864105225,263.941650390625,"2024-09-10T00:29:46,000",/scale/user/mtannaou/alternance/donnees_sar_changes/rcm1-sclnc-owi-cm-20240910t002946-20240910t003059-00003-xxxxx_aeqd.nc,rcm1-sclnc-owi-cm-20240910t002946-20240910t003059-00003-xxxxx.nc,/home/datawork-cersat-public/cache/public/ftp/project/sarwing/processings/grdwind+windir_2025v6v12_2v0_0v3v9_0v0v6_0v0v6_1v4v3_1v0v15_1v0v10_1v2v5_1v2v2_1v1v1_1v2v1/cmod5n_ecmwf_norecal_rs2rcmgmfv4_28052025/rcm-1/L2M/sclnc/rcm-1_sclnc/2024/254/RCM1_OK3248196_PK3251856_1_SCLNC_20240910_002946_VV_VH_GRD/rcm1-sclnc-owi-cm-20240910t002946-20240910t003059-00003-xxxxx.nc
al062024,IRWIN,s1a-ew-owi-cm-20240911t121525-20240911t121628-000003-06CA2A_ll_gd_GEO-IRWIN.nc,27.232873916626,266.535186767578,"2024-09-11T12:15:25,000",/scale/user/mtannaou/alternance/donnees_sar_changes/s1a-ew-owi-cm-20240911t121525-20240911t121628-000003-06CA2A_aeqd.nc,s1a-ew-owi-cm-20240911t121525-20240911t121628-000003-06CA2A.nc,/home/datawork-cersat-public/cache/public/ftp/project/sarwing/processings/grdwind+windir_2025v6v12_2v0_0v3v9_0v0v6_0v0v6_1v4v3_1v0v15_1v0v10_1v2v5_1v2v2_1v1v1_1v2v1/cmod5n_ecmwf_norecal_rs2rcmgmfv4_28052025/sentinel-1a/L2M/EW/S1A_EW_GRDM_1S/2024/255/S1A_EW_GRDM_1SDV_20240911T121525_20240911T121628_055617_06CA2A_6132/s1a-ew-owi-cm-20240911t121525-20240911t121628-000003-06CA2A.nc
al062024,IRWIN,rcm1-sclna-owi-cm-20240910t122137-20240910t122253-00003-______ll_gd_GEO-IRWIN.nc,24.3541202545166,264.067413330078,"2024-09-10T12:21:37,000",/scale/user/mtannaou/alternance/donnees_sar_changes/rcm1-sclna-owi-cm-20240910t122137-20240910t122253-00003-xxxxx_aeqd.nc,rcm1-sclna-owi-cm-20240910t122137-20240910t122253-00003-xxxxx.nc,/home/datawork-cersat-public/cache/public/ftp/project/sarwing/processings/grdwind+windir_2025v6v12_2v0_0v3v9_0v0v6_0v0v6_1v4v3_1v0v15_1v0v10_1v2v5_1v2v2_1v1v1_1v2v1/cmod5n_ecmwf_norecal_rs2rcmgmfv4_28052025/rcm-1/L2M/sclna/rcm-1_sclna/2024/254/RCM1_OK3250002_PK3253053_1_SCLNA_20240910_122137_VV_VH_GRD/rcm1-sclna-owi-cm-20240910t122137-20240910t122253-00003-xxxxx.nc
sh222019,IRWIN,s1a-ew-owi-cm-20190329t140231-20190329t140436-000003-02F9EC_ll_gd_GEO-IRWIN.nc,-23.3073863983154,68.4048538208008,"2019-03-29T14:02:31,000",,s1a-ew-owi-cm-20190329t140231-20190329t140515-000003-02F9EC.nc,/home/datawork-cersat-public/cache/public/ftp/project/sarwing/processings/grdwind+windir_2025v6v12_2v0_0v3v9_0v0v6_0v0v6_1v4v3_1v0v15_1v0v10_1v2v5_1v2v2_1v1v1_1v2v1/cmod5n_ecmwf_norecal_rs2rcmgmfv4_28052025/sentinel-1a/L2M/EW/S1A_EW_GRDM_1S/2019/088/S1A_EW_GRDM_1SDV_20190329T140231_20190329T140515_026553_02F9EC_24D8X8414XE183/s1a-ew-owi-cm-20190329t140231-20190329t140515-000003-02F9EC.nc
sh222019,IRWIN,s1a-ew-owi-cm-20190330t005718-20190330t010032-000003-02FA24_ll_gd_GEO-IRWIN.nc,-24.3569202423096,69.2058944702148,"2019-03-30T00:57:18,000",/scale/user/mtannaou/alternance/donnees_sar_changes/s1a-ew-owi-cm-20190330t005718-20190330t010032-000003-02FA24_aeqd.nc,s1a-ew-owi-cm-20190330t005718-20190330t010032-000003-02FA24.nc,/home/datawork-cersat-public/cache/public/ftp/project/sarwing/processings/grdwind+windir_2025v6v12_2v0_0v3v9_0v0v6_0v0v6_1v4v3_1v0v15_1v0v10_1v2v5_1v2v2_1v1v1_1v2v1/cmod5n_ecmwf_norecal_rs2rcmgmfv4_28052025/sentinel-1a/L2M/EW/S1A_EW_GRDM_1S/2019/089/S1A_EW_GRDM_1SDV_20190330T005718_20190330T010032_026560_02FA24_1236X2FF9X402C/s1a-ew-owi-cm-20190330t005718-20190330t010032-000003-02FA24.nc
sh222019,IRWIN,s1a-ew-owi-cm-20190326t012823-20190326t013113-000003-02F7FA_ll_gd_GEO-IRWIN.nc,-18.8567848205566,63.6433792114258,"2019-03-26T01:28:23,000",/scale/user/mtannaou/alternance/donnees_sar_changes/s1a-ew-owi-cm-20190326t012823-20190326t013113-000003-02F7FA_aeqd.nc,s1a-ew-owi-cm-20190326t012823-20190326t013113-000003-02F7FA.nc,/home/datawork-cersat-public/cache/public/ftp/project/sarwing/processings/grdwind+windir_2025v6v12_2v0_0v3v9_0v0v6_0v0v6_1v4v3_1v0v15_1v0v10_1v2v5_1v2v2_1v1v1_1v2v1/cmod5n_ecmwf_norecal_rs2rcmgmfv4_28052025/sentinel-1a/L2M/EW/S1A_EW_GRDM_1S/2019/085/S1A_EW_GRDM_1SDV_20190326T012823_20190326T013113_026502_02F7FA_2BFBX8B43XDFF6/s1a-ew-owi-cm-20190326t012823-20190326t013113-000003-02F7FA.nc
sh222019,IRWIN,s1a-ew-owi-cm-20190328t011252-20190328t011456-000003-02F917_ll_gd_GEO-IRWIN.nc,-20.6596717834473,67.2707672119141,"2019-03-28T01:12:52,000",/scale/user/mtannaou/alternance/donnees_sar_changes/s1a-ew-owi-cm-20190328t011252-20190328t011456-000003-02F917_aeqd.nc,s1a-ew-owi-cm-20190328t011252-20190328t011456-000003-02F917.nc,/home/datawork-cersat-public/cache/public/ftp/project/sarwing/processings/grdwind+windir_2025v6v12_2v0_0v3v9_0v0v6_0v0v6_1v4v3_1v0v15_1v0v10_1v2v5_1v2v2_1v1v1_1v2v1/cmod5n_ecmwf_norecal_rs2rcmgmfv4_28052025/sentinel-1a/L2M/EW/S1A_EW_GRDM_1S/2019/087/S1A_EW_GRDM_1SDV_20190328T011252_20190328T011456_026531_02F917_0B8AX3CEE/s1a-ew-owi-cm-20190328t011252-20190328t011456-000003-02F917.nc
sh222019,IRWIN,rs2-scwa-owi-cm-20190328t005221-20190328t005444-00003-______ll_gd_GEO-IRWIN.nc,-20.6495723724365,67.2628021240234,"2019-03-28T00:52:21,000",/scale/user/mtannaou/alternance/donnees_sar_changes/rs2-scwa-owi-cm-20190328t005221-20190328t005444-00003-xxxxx_aeqd.nc,rs2-scwa-owi-cm-20190328t005221-20190328t005444-00003-xxxxx.nc,/home/datawork-cersat-public/cache/public/ftp/project/sarwing/processings/grdwind+windir_2025v6v12_2v0_0v3v9_0v0v6_0v0v6_1v4v3_1v0v15_1v0v10_1v2v5_1v2v2_1v1v1_1v2v1/cmod5n_ecmwf_norecal_rs2rcmgmfv4_28052025/RS2/L2M/SCWA/RS2_SCWA/2019/087/RS2_OK108164_PK943181X182_DK879805X806_SCWA_20190328_005221_005328_VV_VH_SGF/rs2-scwa-owi-cm-20190328t005221-20190328t005444-00003-xxxxx.nc
sh222019,IRWIN,s1b-ew-owi-cm-20190331t004928-20190331t005133-000003-01D3A6_ll_gd_GEO-IRWIN.nc,-26.4798793792725,69.7965545654297,"2019-03-31T00:49:28,000",/scale/user/mtannaou/alternance/donnees_sar_changes/s1b-ew-owi-cm-20190331t004928-20190331t005133-000003-01D3A6_aeqd.nc,s1b-ew-owi-cm-20190331t004928-20190331t005133-000003-01D3A6.nc,/home/datawork-cersat-public/cache/public/ftp/project/sarwing/processings/grdwind+windir_2025v6v12_2v0_0v3v9_0v0v6_0v0v6_1v4v3_1v0v15_1v0v10_1v2v5_1v2v2_1v1v1_1v2v1/cmod5n_ecmwf_norecal_rs2rcmgmfv4_28052025/sentinel-1b/L2M/EW/S1B_EW_GRDM_1S/2019/090/S1B_EW_GRDM_1SDV_20190331T004928_20190331T005133_015591_01D3A6_28B0X28C1/s1b-ew-owi-cm-20190331t004928-20190331t005133-000003-01D3A6.nc
sh222019,IRWIN,s1b-ew-owi-cm-20190330t135323-20190330t135509-000003-01D369_ll_gd_GEO-IRWIN.nc,-25.6863861083984,69.8939743041992,"2019-03-30T13:53:23,000",/scale/user/mtannaou/alternance/donnees_sar_changes/s1b-ew-owi-cm-20190330t135323-20190330t135509-000003-01D369_aeqd.nc,s1b-ew-owi-cm-20190330t135323-20190330t135509-000003-01D369.nc,/home/datawork-cersat-public/cache/public/ftp/project/sarwing/processings/grdwind+windir_2025v6v12_2v0_0v3v9_0v0v6_0v0v6_1v4v3_1v0v15_1v0v10_1v2v5_1v2v2_1v1v1_1v2v1/cmod5n_ecmwf_norecal_rs2rcmgmfv4_28052025/sentinel-1b/L2M/EW/S1B_EW_GRDM_1S/2019/089/S1B_EW_GRDM_1SDV_20190330T135323_20190330T135509_015584_01D369_8E6DXA33D/s1b-ew-owi-cm-20190330t135323-20190330t135509-000003-01D369.nc
wp182022,IRWIN,rcm2-sc50mb-owi-cm-20220925t100717-20220925t100849-00003-______ll_gd_GEO-IRWIN.nc,15.0265140533447,122.048088073731,"2022-09-25T10:07:17,000",/scale/user/mtannaou/alternance/donnees_sar_changes/rcm2-sc50mb-owi-cm-20220925t100717-20220925t100849-00003-xxxxx_aeqd.nc,rcm2-sc50mb-owi-cm-20220925t100717-20220925t100849-00003-xxxxx.nc,/home/datawork-cersat-public/cache/public/ftp/project/sarwing/processings/grdwind+windir_2025v6v12_2v0_0v3v9_0v0v6_0v0v6_1v4v3_1v0v15_1v0v10_1v2v5_1v2v2_1v1v1_1v2v1/cmod5n_ecmwf_norecal_rs2rcmgmfv4_28052025/rcm-2/L2M/sc50mb/rcm-2_sc50mb/2022/268/RCM2_OK2270186_PK2271908_1X2_SC50MB_20220925_100541_HH_HV_GRD/rcm2-sc50mb-owi-cm-20220925t100717-20220925t100849-00003-xxxxx.nc
wp182022,IRWIN,rcm2-sc50ma-owi-cm-20220925t220253-20220925t220352-00003-______ll_gd_GEO-IRWIN.nc,15.5878944396973,119.256217956543,"2022-09-25T22:02:53,000",/scale/user/mtannaou/alternance/donnees_sar_changes/rcm2-sc50ma-owi-cm-20220925t220253-20220925t220352-00003-xxxxx_aeqd.nc,rcm2-sc50ma-owi-cm-20220925t220253-20220925t220352-00003-xxxxx.nc,/home/datawork-cersat-public/cache/public/ftp/project/sarwing/processings/grdwind+windir_2025v6v12_2v0_0v3v9_0v0v6_0v0v6_1v4v3_1v0v15_1v0v10_1v2v5_1v2v2_1v1v1_1v2v1/cmod5n_ecmwf_norecal_rs2rcmgmfv4_28052025/rcm-2/L2M/sc50ma/rcm-2_sc50ma/2022/268/RCM2_OK2270186_PK2272525_1_SC50MA_20220925_220253_HH_HV_GRD/rcm2-sc50ma-owi-cm-20220925t220253-20220925t220352-00003-xxxxx.nc
io052019,IRWIN,s1b-iw-owi-cm-20191031t005540-20191031t005626-000003-023451_ll_gd_GEO-IRWIN.nc,11.0363063812256,73.4900283813477,"2019-10-31T00:55:40,000",,s1b-iw-owi-cm-20191031t005450-20191031t005626-000003-023451.nc,/home/datawork-cersat-public/cache/public/ftp/project/sarwing/processings/grdwind+windir_2025v6v12_2v0_0v3v9_0v0v6_0v0v6_1v4v3_1v0v15_1v0v10_1v2v5_1v2v2_1v1v1_1v2v1/cmod5n_ecmwf_norecal_rs2rcmgmfv4_28052025/sentinel-1b/L2M/IW/S1B_IW_GRDH_1S/2019/304/S1B_IW_GRDH_1SDV_20191031T005450_20191031T005626_018712_023451_46F6X6379X80A3XCE9C/s1b-iw-owi-cm-20191031t005450-20191031t005626-000003-023451.nc
io052019,IRWIN,rs2-scwa-owi-cm-20191105t135113-20191105t135447-00003-______ll_gd_GEO-IRWIN.nc,19.6993465423584,63.8848571777344,"2019-11-05T13:51:13,000",/scale/user/mtannaou/alternance/donnees_sar_changes/rs2-scwa-owi-cm-20191105t135113-20191105t135447-00003-xxxxx_aeqd.nc,rs2-scwa-owi-cm-20191105t135113-20191105t135447-00003-xxxxx.nc,/home/datawork-cersat-public/cache/public/ftp/project/sarwing/processings/grdwind+windir_2025v6v12_2v0_0v3v9_0v0v6_0v0v6_1v4v3_1v0v15_1v0v10_1v2v5_1v2v2_1v1v1_1v2v1/cmod5n_ecmwf_norecal_rs2rcmgmfv4_28052025/RS2/L2M/SCWA/RS2_SCWA/2019/309/RS2_OK888888_PK888888X888X888_DK888888X888X888_SCWA_20191105_135113_135330_VV_VH_SGF/rs2-scwa-owi-cm-20191105t135113-20191105t135447-00003-xxxxx.nc
ep032023,IRWIN,rcm2-sclna-owi-cm-20230716t025257-20230716t025414-00003-______ll_gd_GEO-IRWIN.nc,15.248140335083,228.578475952148,"2023-07-16T02:52:57,000",/scale/user/mtannaou/alternance/donnees_sar_changes/rcm2-sclna-owi-cm-20230716t025257-20230716t025414-00003-xxxxx_aeqd.nc,rcm2-sclna-owi-cm-20230716t025257-20230716t025414-00003-xxxxx.nc,/home/datawork-cersat-public/cache/public/ftp/project/sarwing/processings/grdwind+windir_2025v6v12_2v0_0v3v9_0v0v6_0v0v6_1v4v3_1v0v15_1v0v10_1v2v5_1v2v2_1v1v1_1v2v1/cmod5n_ecmwf_norecal_rs2rcmgmfv4_28052025/rcm-2/L2M/sclna/rcm-2_sclna/2023/197/RCM2_OK2648143_PK2650769_1_SCLNA_20230716_025258_VV_VH_GRD/rcm2-sclna-owi-cm-20230716t025257-20230716t025414-00003-xxxxx.nc
ep032023,IRWIN,rcm3-sc50ma-owi-cm-20230714t020421-20230714t020538-00003-______ll_gd_GEO-IRWIN.nc,13.0026531219482,240.275512695313,"2023-07-14T02:04:21,000",/scale/user/mtannaou/alternance/donnees_sar_changes/rcm3-sc50ma-owi-cm-20230714t020421-20230714t020538-00003-xxxxx_aeqd.nc,rcm3-sc50ma-owi-cm-20230714t020421-20230714t020538-00003-xxxxx.nc,/home/datawork-cersat-public/cache/public/ftp/project/sarwing/processings/grdwind+windir_2025v6v12_2v0_0v3v9_0v0v6_0v0v6_1v4v3_1v0v15_1v0v10_1v2v5_1v2v2_1v1v1_1v2v1/cmod5n_ecmwf_norecal_rs2rcmgmfv4_28052025/rcm-3/L2M/sc50ma/rcm-3_sc50ma/2023/195/RCM3_OK2645579_PK2648212_1_SC50MA_20230714_020422_HH_HV_GRD/rcm3-sc50ma-owi-cm-20230714t020421-20230714t020538-00003-xxxxx.nc
ep032023,IRWIN,rcm3-sclnd-owi-cm-20230719t042213-20230719t042329-00003-______ll_gd_GEO-IRWIN.nc,17.7807331085205,206.874649047852,"2023-07-19T04:22:13,000",/scale/user/mtannaou/alternance/donnees_sar_changes/rcm3-sclnd-owi-cm-20230719t042213-20230719t042329-00003-xxxxx_aeqd.nc,rcm3-sclnd-owi-cm-20230719t042213-20230719t042329-00003-xxxxx.nc,/home/datawork-cersat-public/cache/public/ftp/project/sarwing/processings/grdwind+windir_2025v6v12_2v0_0v3v9_0v0v6_0v0v6_1v4v3_1v0v15_1v0v10_1v2v5_1v2v2_1v1v1_1v2v1/cmod5n_ecmwf_norecal_rs2rcmgmfv4_28052025/rcm-3/L2M/sclnd/rcm-3_sclnd/2023/200/RCM3_OK2654010_PK2655460_1_SCLND_20230719_042216_VV_VH_GRD/rcm3-sclnd-owi-cm-20230719t042213-20230719t042329-00003-xxxxx.nc
ep032023,IRWIN,rcm2-sclnc-owi-cm-20230716t144849-20230716t145006-00003-______ll_gd_GEO-IRWIN.nc,15.7350921630859,225.766143798828,"2023-07-16T14:48:49,000",/scale/user/mtannaou/alternance/donnees_sar_changes/rcm2-sclnc-owi-cm-20230716t144849-20230716t145006-00003-xxxxx_aeqd.nc,rcm2-sclnc-owi-cm-20230716t144849-20230716t145006-00003-xxxxx.nc,/home/datawork-cersat-public/cache/public/ftp/project/sarwing/processings/grdwind+windir_2025v6v12_2v0_0v3v9_0v0v6_0v0v6_1v4v3_1v0v15_1v0v10_1v2v5_1v2v2_1v1v1_1v2v1/cmod5n_ecmwf_norecal_rs2rcmgmfv4_28052025/rcm-2/L2M/sclnc/rcm-2_sclnc/2023/197/RCM2_OK2649064_PK2651545_1_SCLNC_20230716_144849_VV_VH_GRD/rcm2-sclnc-owi-cm-20230716t144849-20230716t145006-00003-xxxxx.nc
ep032023,IRWIN,rcm3-sclnd-owi-cm-20230715t140919-20230715t141035-00003-______ll_gd_GEO-IRWIN.nc,14.6095199584961,231.736602783203,"2023-07-15T14:09:19,000",/scale/user/mtannaou/alternance/donnees_sar_changes/rcm3-sclnd-owi-cm-20230715t140919-20230715t141035-00003-xxxxx_aeqd.nc,rcm3-sclnd-owi-cm-20230715t140919-20230715t141035-00003-xxxxx.nc,/home/datawork-cersat-public/cache/public/ftp/project/sarwing/processings/grdwind+windir_2025v6v12_2v0_0v3v9_0v0v6_0v0v6_1v4v3_1v0v15_1v0v10_1v2v5_1v2v2_1v1v1_1v2v1/cmod5n_ecmwf_norecal_rs2rcmgmfv4_28052025/rcm-3/L2M/sclnd/rcm-3_sclnd/2023/196/RCM3_OK2647660_PK2650137_1_SCLND_20230715_140919_VV_VH_GRD/rcm3-sclnd-owi-cm-20230715t140919-20230715t141035-00003-xxxxx.nc
ep032023,IRWIN,rcm2-sclnd-owi-cm-20230715t024431-20230715t024548-00003-______ll_gd_GEO-IRWIN.nc,14.0498857498169,234.525466918945,"2023-07-15T02:44:31,000",/scale/user/mtannaou/alternance/donnees_sar_changes/rcm2-sclnd-owi-cm-20230715t024431-20230715t024548-00003-xxxxx_aeqd.nc,rcm2-sclnd-owi-cm-20230715t024431-20230715t024548-00003-xxxxx.nc,/home/datawork-cersat-public/cache/public/ftp/project/sarwing/processings/grdwind+windir_2025v6v12_2v0_0v3v9_0v0v6_0v0v6_1v4v3_1v0v15_1v0v10_1v2v5_1v2v2_1v1v1_1v2v1/cmod5n_ecmwf_norecal_rs2rcmgmfv4_28052025/rcm-2/L2M/sclnd/rcm-2_sclnd/2023/196/RCM2_OK2647209_PK2649457_1_SCLND_20230715_024431_VV_VH_GRD/rcm2-sclnd-owi-cm-20230715t024431-20230715t024548-00003-xxxxx.nc
ep032023,IRWIN,rcm3-sclnc-owi-cm-20230714t140140-20230714t140238-00003-______ll_gd_GEO-IRWIN.nc,13.4048357009888,237.382202148438,"2023-07-14T14:01:40,000",/scale/user/mtannaou/alternance/donnees_sar_changes/rcm3-sclnc-owi-cm-20230714t140140-20230714t140238-00003-xxxxx_aeqd.nc,rcm3-sclnc-owi-cm-20230714t140140-20230714t140238-00003-xxxxx.nc,/home/datawork-cersat-public/cache/public/ftp/project/sarwing/processings/grdwind+windir_2025v6v12_2v0_0v3v9_0v0v6_0v0v6_1v4v3_1v0v15_1v0v10_1v2v5_1v2v2_1v1v1_1v2v1/cmod5n_ecmwf_norecal_rs2rcmgmfv4_28052025/rcm-3/L2M/sclnc/rcm-3_sclnc/2023/195/RCM3_OK2647203_PK2648929_1_SCLNC_20230714_140143_VV_VH_GRD/rcm3-sclnc-owi-cm-20230714t140140-20230714t140238-00003-xxxxx.nc
ep032023,IRWIN,rcm1-sclnd-owi-cm-20230717t033308-20230717t033424-00003-______ll_gd_GEO-IRWIN.nc,16.4770336151123,222.380645751953,"2023-07-17T03:33:08,000",/scale/user/mtannaou/alternance/donnees_sar_changes/rcm1-sclnd-owi-cm-20230717t033308-20230717t033424-00003-xxxxx_aeqd.nc,rcm1-sclnd-owi-cm-20230717t033308-20230717t033424-00003-xxxxx.nc,/home/datawork-cersat-public/cache/public/ftp/project/sarwing/processings/grdwind+windir_2025v6v12_2v0_0v3v9_0v0v6_0v0v6_1v4v3_1v0v15_1v0v10_1v2v5_1v2v2_1v1v1_1v2v1/cmod5n_ecmwf_norecal_rs2rcmgmfv4_28052025/rcm-1/L2M/sclnd/rcm-1_sclnd/2023/198/RCM1_OK2651248_PK2652575_1_SCLND_20230717_033310_VV_VH_GRD/rcm1-sclnd-owi-cm-20230717t033308-20230717t033424-00003-xxxxx.nc
ep032023,IRWIN,rcm1-sclna-owi-cm-20230718t034139-20230718t034254-00003-______ll_gd_GEO-IRWIN.nc,17.2349529266357,214.989837646484,"2023-07-18T03:41:39,000",/scale/user/mtannaou/alternance/donnees_sar_changes/rcm1-sclna-owi-cm-20230718t034139-20230718t034254-00003-xxxxx_aeqd.nc,rcm1-sclna-owi-cm-20230718t034139-20230718t034254-00003-xxxxx.nc,/home/datawork-cersat-public/cache/public/ftp/project/sarwing/processings/grdwind+windir_2025v6v12_2v0_0v3v9_0v0v6_0v0v6_1v4v3_1v0v15_1v0v10_1v2v5_1v2v2_1v1v1_1v2v1/cmod5n_ecmwf_norecal_rs2rcmgmfv4_28052025/rcm-1/L2M/sclna/rcm-1_sclna/2023/199/RCM1_OK2651669_PK2654067_1_SCLNA_20230718_034141_VV_VH_GRD/rcm1-sclna-owi-cm-20230718t034139-20230718t034254-00003-xxxxx.nc
ep032023,IRWIN,rcm3-sclnb-owi-cm-20230719t161659-20230719t161805-00003-______ll_gd_GEO-IRWIN.nc,17.7584495544434,203.451156616211,"2023-07-19T16:16:59,000",/scale/user/mtannaou/alternance/donnees_sar_changes/rcm3-sclnb-owi-cm-20230719t161659-20230719t161805-00003-xxxxx_aeqd.nc,rcm3-sclnb-owi-cm-20230719t161659-20230719t161805-00003-xxxxx.nc,/home/datawork-cersat-public/cache/public/ftp/project/sarwing/processings/grdwind+windir_2025v6v12_2v0_0v3v9_0v0v6_0v0v6_1v4v3_1v0v15_1v0v10_1v2v5_1v2v2_1v1v1_1v2v1/cmod5n_ecmwf_norecal_rs2rcmgmfv4_28052025/rcm-3/L2M/sclnb/rcm-3_sclnb/2023/200/RCM3_OK2656265_PK2656278_1_SCLNB_20230719_161652_VV_VH_GRD/rcm3-sclnb-owi-cm-20230719t161659-20230719t161805-00003-xxxxx.nc
ep032023,IRWIN,rcm1-sclna-owi-cm-20230717t152825-20230717t152942-00003-______ll_gd_GEO-IRWIN.nc,16.7660713195801,219.014602661133,"2023-07-17T15:28:25,000",/scale/user/mtannaou/alternance/donnees_sar_changes/rcm1-sclna-owi-cm-20230717t152825-20230717t152942-00003-xxxxx_aeqd.nc,rcm1-sclna-owi-cm-20230717t152825-20230717t152942-00003-xxxxx.nc,/home/datawork-cersat-public/cache/public/ftp/project/sarwing/processings/grdwind+windir_2025v6v12_2v0_0v3v9_0v0v6_0v0v6_1v4v3_1v0v15_1v0v10_1v2v5_1v2v2_1v1v1_1v2v1/cmod5n_ecmwf_norecal_rs2rcmgmfv4_28052025/rcm-1/L2M/sclna/rcm-1_sclna/2023/198/RCM1_OK2651261_PK2653326_1_SCLNA_20230717_152826_VV_VH_GRD/rcm1-sclna-owi-cm-20230717t152825-20230717t152942-00003-xxxxx.nc
wp212020,IRWIN,s1a-ew-owi-cm-20201027t103902-20201027t104036-000003-04147D_ll_gd_GEO-IRWIN.nc,13.6551551818848,112.600975036621,"2020-10-27T10:39:02,000",/scale/user/mtannaou/alternance/donnees_sar_changes/s1a-ew-owi-cm-20201027t103902-20201027t104036-000003-04147D_aeqd.nc,s1a-ew-owi-cm-20201027t103902-20201027t104036-000003-04147D.nc,/home/datawork-cersat-public/cache/public/ftp/project/sarwing/processings/grdwind+windir_2025v6v12_2v0_0v3v9_0v0v6_0v0v6_1v4v3_1v0v15_1v0v10_1v2v5_1v2v2_1v1v1_1v2v1/cmod5n_ecmwf_norecal_rs2rcmgmfv4_28052025/sentinel-1a/L2M/EW/S1A_EW_GRDM_1S/2020/301/S1A_EW_GRDM_1SDV_20201027T103902_20201027T104036_034981_04147D_4EFAXD6AE/s1a-ew-owi-cm-20201027t103902-20201027t104036-000003-04147D.nc
wp212020,IRWIN,s1a-ew-owi-cm-20201026t221102-20201026t221307-000003-041438_ll_gd_GEO-IRWIN.nc,13.3958034515381,115.235328674316,"2020-10-26T22:11:02,000",/scale/user/mtannaou/alternance/donnees_sar_changes/s1a-ew-owi-cm-20201026t221102-20201026t221307-000003-041438_aeqd.nc,s1a-ew-owi-cm-20201026t221102-20201026t221307-000003-041438.nc,/home/datawork-cersat-public/cache/public/ftp/project/sarwing/processings/grdwind+windir_2025v6v12_2v0_0v3v9_0v0v6_0v0v6_1v4v3_1v0v15_1v0v10_1v2v5_1v2v2_1v1v1_1v2v1/cmod5n_ecmwf_norecal_rs2rcmgmfv4_28052025/sentinel-1a/L2M/EW/S1A_EW_GRDM_1S/2020/300/S1A_EW_GRDM_1SDV_20201026T221102_20201026T221307_034973_041438_A7ADXC71D/s1a-ew-owi-cm-20201026t221102-20201026t221307-000003-041438.nc
sh122023,IRWIN,s1a-iw-owi-cm-20230213t172916-20230213t173031-000003-05AA87_ll_gd_GEO-IRWIN.nc,-36.7178192138672,176.061767578125,"2023-02-13T17:29:16,000",,s1a-iw-owi-cm-20230213t172757-20230213t173056-000003-05AA87.nc,/home/datawork-cersat-public/cache/public/ftp/project/sarwing/processings/grdwind+windir_2025v6v12_2v0_0v3v9_0v0v6_0v0v6_1v4v3_1v0v15_1v0v10_1v2v5_1v2v2_1v1v1_1v2v1/cmod5n_ecmwf_norecal_rs2rcmgmfv4_28052025/sentinel-1a/L2M/IW/S1A_IW_GRDH_1S/2023/044/S1A_IW_GRDH_1SDV_20230213T172757_20230213T173056_047220_05AA87_1A64X49C7X7B88X7E8CXB304XC949XEBDB/s1a-iw-owi-cm-20230213t172757-20230213t173056-000003-05AA87.nc
sh122023,IRWIN,rcm2-sclnd-owi-cm-20230211t073835-20230211t073951-00003-______ll_gd_GEO-IRWIN.nc,-28.5737380981445,166.957748413086,"2023-02-11T07:38:35,000",/scale/user/mtannaou/alternance/donnees_sar_changes/rcm2-sclnd-owi-cm-20230211t073835-20230211t073951-00003-xxxxx_aeqd.nc,rcm2-sclnd-owi-cm-20230211t073835-20230211t073951-00003-xxxxx.nc,/home/datawork-cersat-public/cache/public/ftp/project/sarwing/processings/grdwind+windir_2025v6v12_2v0_0v3v9_0v0v6_0v0v6_1v4v3_1v0v15_1v0v10_1v2v5_1v2v2_1v1v1_1v2v1/cmod5n_ecmwf_norecal_rs2rcmgmfv4_28052025/rcm-2/L2M/sclnd/rcm-2_sclnd/2023/042/RCM2_OK2443210_PK2445146_1_SCLND_20230211_073837_VV_VH_GRD/rcm2-sclnd-owi-cm-20230211t073835-20230211t073951-00003-xxxxx.nc
sh122023,IRWIN,rcm1-sclnd-owi-cm-20230210t080328-20230210t080508-00003-______ll_gd_GEO-IRWIN.nc,-23.330005645752,159.650863647461,"2023-02-10T08:03:28,000",/scale/user/mtannaou/alternance/donnees_sar_changes/rcm1-sclnd-owi-cm-20230210t080328-20230210t080508-00003-xxxxx_aeqd.nc,rcm1-sclnd-owi-cm-20230210t080328-20230210t080508-00003-xxxxx.nc,/home/datawork-cersat-public/cache/public/ftp/project/sarwing/processings/grdwind+windir_2025v6v12_2v0_0v3v9_0v0v6_0v0v6_1v4v3_1v0v15_1v0v10_1v2v5_1v2v2_1v1v1_1v2v1/cmod5n_ecmwf_norecal_rs2rcmgmfv4_28052025/rcm-1/L2M/sclnd/rcm-1_sclnd/2023/041/RCM1_OK2442646_PK2443937_1_SCLND_20230210_080341_VV_VH_GRD/rcm1-sclnd-owi-cm-20230210t080328-20230210t080508-00003-xxxxx.nc
al132024,IRWIN,rcm3-sclnd-owi-cm-20241008t083834-20241008t083950-00003-______ll_gd_GEO-IRWIN.nc,18.3857593536377,315.868347167969,"2024-10-08T08:38:34,000",/scale/user/mtannaou/alternance/donnees_sar_changes/rcm3-sclnd-owi-cm-20241008t083834-20241008t083950-00003-xxxxx_aeqd.nc,rcm3-sclnd-owi-cm-20241008t083834-20241008t083950-00003-xxxxx.nc,/home/datawork-cersat-public/cache/public/ftp/project/sarwing/processings/grdwind+windir_2025v6v12_2v0_0v3v9_0v0v6_0v0v6_1v4v3_1v0v15_1v0v10_1v2v5_1v2v2_1v1v1_1v2v1/cmod5n_ecmwf_norecal_rs2rcmgmfv4_28052025/rcm-3/L2M/sclnd/rcm-3_sclnd/2024/282/RCM3_OK3304588_PK3305820_1_SCLND_20241008_083837_VV_VH_GRD/rcm3-sclnd-owi-cm-20241008t083834-20241008t083950-00003-xxxxx.nc
al132024,IRWIN,rcm2-sclna-owi-cm-20241010t092508-20241010t092623-00003-______ll_gd_GEO-IRWIN.nc,22.6570014953613,310.167755126953,"2024-10-10T09:25:08,000",/scale/user/mtannaou/alternance/donnees_sar_changes/rcm2-sclna-owi-cm-20241010t092508-20241010t092623-00003-xxxxx_aeqd.nc,rcm2-sclna-owi-cm-20241010t092508-20241010t092623-00003-xxxxx.nc,/home/datawork-cersat-public/cache/public/ftp/project/sarwing/processings/grdwind+windir_2025v6v12_2v0_0v3v9_0v0v6_0v0v6_1v4v3_1v0v15_1v0v10_1v2v5_1v2v2_1v1v1_1v2v1/cmod5n_ecmwf_norecal_rs2rcmgmfv4_28052025/rcm-2/L2M/sclna/rcm-2_sclna/2024/284/RCM2_OK3307669_PK3309220_1_SCLNA_20241010_092510_VV_VH_GRD/rcm2-sclna-owi-cm-20241010t092508-20241010t092623-00003-xxxxx.nc
al132024,IRWIN,rcm2-sclnd-owi-cm-20241009t213259-20241009t213417-00003-______ll_gd_GEO-IRWIN.nc,22.0175819396973,311.31689453125,"2024-10-09T21:32:59,000",/scale/user/mtannaou/alternance/donnees_sar_changes/rcm2-sclnd-owi-cm-20241009t213259-20241009t213417-00003-xxxxx_aeqd.nc,rcm2-sclnd-owi-cm-20241009t213259-20241009t213417-00003-xxxxx.nc,/home/datawork-cersat-public/cache/public/ftp/project/sarwing/processings/grdwind+windir_2025v6v12_2v0_0v3v9_0v0v6_0v0v6_1v4v3_1v0v15_1v0v10_1v2v5_1v2v2_1v1v1_1v2v1/cmod5n_ecmwf_norecal_rs2rcmgmfv4_28052025/rcm-2/L2M/sclnd/rcm-2_sclnd/2024/283/RCM2_OK3306050_PK3308521_1_SCLND_20241009_213301_VV_VH_GRD/rcm2-sclnd-owi-cm-20241009t213259-20241009t213417-00003-xxxxx.nc
al132024,IRWIN,rcm3-sclna-owi-cm-20241003t080018-20241003t080135-00003-______ll_gd_GEO-IRWIN.nc,10.2973461151123,329.792388916016,"2024-10-03T08:00:18,000",/scale/user/mtannaou/alternance/donnees_sar_changes/rcm3-sclna-owi-cm-20241003t080018-20241003t080135-00003-xxxxx_aeqd.nc,rcm3-sclna-owi-cm-20241003t080018-20241003t080135-00003-xxxxx.nc,/home/datawork-cersat-public/cache/public/ftp/project/sarwing/processings/grdwind+windir_2025v6v12_2v0_0v3v9_0v0v6_0v0v6_1v4v3_1v0v15_1v0v10_1v2v5_1v2v2_1v1v1_1v2v1/cmod5n_ecmwf_norecal_rs2rcmgmfv4_28052025/rcm-3/L2M/sclna/rcm-3_sclna/2024/277/RCM3_OK3295669_PK3297836_1_SCLNA_20241003_080018_VV_VH_GRD/rcm3-sclna-owi-cm-20241003t080018-20241003t080135-00003-xxxxx.nc
al132024,IRWIN,rcm3-sclna-owi-cm-20241005t202606-20241005t202722-00003-______ll_gd_GEO-IRWIN.nc,11.3258275985718,324.258636474609,"2024-10-05T20:26:06,000",/scale/user/mtannaou/alternance/donnees_sar_changes/rcm3-sclna-owi-cm-20241005t202606-20241005t202722-00003-xxxxx_aeqd.nc,rcm3-sclna-owi-cm-20241005t202606-20241005t202722-00003-xxxxx.nc,/home/datawork-cersat-public/cache/public/ftp/project/sarwing/processings/grdwind+windir_2025v6v12_2v0_0v3v9_0v0v6_0v0v6_1v4v3_1v0v15_1v0v10_1v2v5_1v2v2_1v1v1_1v2v1/cmod5n_ecmwf_norecal_rs2rcmgmfv4_28052025/rcm-3/L2M/sclna/rcm-3_sclna/2024/279/RCM3_OK3298572_PK3301834_1_SCLNA_20241005_202607_VV_VH_GRD/rcm3-sclna-owi-cm-20241005t202606-20241005t202722-00003-xxxxx.nc
al132024,IRWIN,rcm3-sclna-owi-cm-20241006t203445-20241006t203559-00003-______ll_gd_GEO-IRWIN.nc,13.7769641876221,321.726440429688,"2024-10-06T20:34:45,000",/scale/user/mtannaou/alternance/donnees_sar_changes/rcm3-sclna-owi-cm-20241006t203445-20241006t203559-00003-xxxxx_aeqd.nc,rcm3-sclna-owi-cm-20241006t203445-20241006t203559-00003-xxxxx.nc,/home/datawork-cersat-public/cache/public/ftp/project/sarwing/processings/grdwind+windir_2025v6v12_2v0_0v3v9_0v0v6_0v0v6_1v4v3_1v0v15_1v0v10_1v2v5_1v2v2_1v1v1_1v2v1/cmod5n_ecmwf_norecal_rs2rcmgmfv4_28052025/rcm-3/L2M/sclna/rcm-3_sclna/2024/280/RCM3_OK3301285_PK3303551_1_SCLNA_20241006_203445_VV_VH_GRD/rcm3-sclna-owi-cm-20241006t203445-20241006t203559-00003-xxxxx.nc
al132024,IRWIN,rcm3-sclna-owi-cm-20241006t082401-20241006t082517-00003-______ll_gd_GEO-IRWIN.nc,12.4356842041016,323.063720703125,"2024-10-06T08:24:01,000",/scale/user/mtannaou/alternance/donnees_sar_changes/rcm3-sclna-owi-cm-20241006t082401-20241006t082517-00003-xxxxx_aeqd.nc,rcm3-sclna-owi-cm-20241006t082401-20241006t082517-00003-xxxxx.nc,/home/datawork-cersat-public/cache/public/ftp/project/sarwing/processings/grdwind+windir_2025v6v12_2v0_0v3v9_0v0v6_0v0v6_1v4v3_1v0v15_1v0v10_1v2v5_1v2v2_1v1v1_1v2v1/cmod5n_ecmwf_norecal_rs2rcmgmfv4_28052025/rcm-3/L2M/sclna/rcm-3_sclna/2024/280/RCM3_OK3300106_PK3302608_1_SCLNA_20241006_082404_VV_VH_GRD/rcm3-sclna-owi-cm-20241006t082401-20241006t082517-00003-xxxxx.nc
al132024,IRWIN,rcm3-sclna-owi-cm-20241012t090717-20241012t090832-00003-______ll_gd_GEO-IRWIN.nc,30.945182800293,313.334197998047,"2024-10-12T09:07:17,000",/scale/user/mtannaou/alternance/donnees_sar_changes/rcm3-sclna-owi-cm-20241012t090717-20241012t090832-00003-xxxxx_aeqd.nc,rcm3-sclna-owi-cm-20241012t090717-20241012t090832-00003-xxxxx.nc,/home/datawork-cersat-public/cache/public/ftp/project/sarwing/processings/grdwind+windir_2025v6v12_2v0_0v3v9_0v0v6_0v0v6_1v4v3_1v0v15_1v0v10_1v2v5_1v2v2_1v1v1_1v2v1/cmod5n_ecmwf_norecal_rs2rcmgmfv4_28052025/rcm-3/L2M/sclna/rcm-3_sclna/2024/286/RCM3_OK3310843_PK3312278_1_SCLNA_20241012_090719_VV_VH_GRD/rcm3-sclna-owi-cm-20241012t090717-20241012t090832-00003-xxxxx.nc
al132024,IRWIN,rcm3-sclnb-owi-cm-20241011t211845-20241011t212001-00003-______ll_gd_GEO-IRWIN.nc,27.3067035675049,310.247985839844,"2024-10-11T21:18:45,000",/scale/user/mtannaou/alternance/donnees_sar_changes/rcm3-sclnb-owi-cm-20241011t211845-20241011t212001-00003-xxxxx_aeqd.nc,rcm3-sclnb-owi-cm-20241011t211845-20241011t212001-00003-xxxxx.nc,/home/datawork-cersat-public/cache/public/ftp/project/sarwing/processings/grdwind+windir_2025v6v12_2v0_0v3v9_0v0v6_0v0v6_1v4v3_1v0v15_1v0v10_1v2v5_1v2v2_1v1v1_1v2v1/cmod5n_ecmwf_norecal_rs2rcmgmfv4_28052025/rcm-3/L2M/sclnb/rcm-3_sclnb/2024/285/RCM3_OK3308318_PK3311671_1_SCLNB_20241011_211845_VV_VH_GRD/rcm3-sclnb-owi-cm-20241011t211845-20241011t212001-00003-xxxxx.nc
al132024,IRWIN,rcm3-sclna-owi-cm-20241002t200137-20241002t200253-00003-______ll_gd_GEO-IRWIN.nc,10.4981918334961,330.688354492188,"2024-10-02T20:01:37,000",/scale/user/mtannaou/alternance/donnees_sar_changes/rcm3-sclna-owi-cm-20241002t200137-20241002t200253-00003-xxxxx_aeqd.nc,rcm3-sclna-owi-cm-20241002t200137-20241002t200253-00003-xxxxx.nc,/home/datawork-cersat-public/cache/public/ftp/project/sarwing/processings/grdwind+windir_2025v6v12_2v0_0v3v9_0v0v6_0v0v6_1v4v3_1v0v15_1v0v10_1v2v5_1v2v2_1v1v1_1v2v1/cmod5n_ecmwf_norecal_rs2rcmgmfv4_28052025/rcm-3/L2M/sclna/rcm-3_sclna/2024/276/RCM3_OK3294117_PK3297069_1_SCLNA_20241002_200137_VV_VH_GRD/rcm3-sclna-owi-cm-20241002t200137-20241002t200253-00003-xxxxx.nc
al132024,IRWIN,rcm2-sclnd-owi-cm-20241008t212417-20241008t212532-00003-______ll_gd_GEO-IRWIN.nc,19.8480224609375,313.714050292969,"2024-10-08T21:24:17,000",/scale/user/mtannaou/alternance/donnees_sar_changes/rcm2-sclnd-owi-cm-20241008t212417-20241008t212532-00003-xxxxx_aeqd.nc,rcm2-sclnd-owi-cm-20241008t212417-20241008t212532-00003-xxxxx.nc,/home/datawork-cersat-public/cache/public/ftp/project/sarwing/processings/grdwind+windir_2025v6v12_2v0_0v3v9_0v0v6_0v0v6_1v4v3_1v0v15_1v0v10_1v2v5_1v2v2_1v1v1_1v2v1/cmod5n_ecmwf_norecal_rs2rcmgmfv4_28052025/rcm-2/L2M/sclnd/rcm-2_sclnd/2024/282/RCM2_OK3304591_PK3306879_1_SCLND_20241008_212418_VV_VH_GRD/rcm2-sclnd-owi-cm-20241008t212417-20241008t212532-00003-xxxxx.nc
al132024,IRWIN,rcm3-sclna-owi-cm-20241005t081622-20241005t081738-00003-______ll_gd_GEO-IRWIN.nc,10.5186700820923,325.463806152344,"2024-10-05T08:16:22,000",/scale/user/mtannaou/alternance/donnees_sar_changes/rcm3-sclna-owi-cm-20241005t081622-20241005t081738-00003-xxxxx_aeqd.nc,rcm3-sclna-owi-cm-20241005t081622-20241005t081738-00003-xxxxx.nc,/home/datawork-cersat-public/cache/public/ftp/project/sarwing/processings/grdwind+windir_2025v6v12_2v0_0v3v9_0v0v6_0v0v6_1v4v3_1v0v15_1v0v10_1v2v5_1v2v2_1v1v1_1v2v1/cmod5n_ecmwf_norecal_rs2rcmgmfv4_28052025/rcm-3/L2M/sclna/rcm-3_sclna/2024/279/RCM3_OK3298570_PK3300912_1_SCLNA_20241005_081622_VV_VH_GRD/rcm3-sclna-owi-cm-20241005t081622-20241005t081738-00003-xxxxx.nc
al132024,IRWIN,s1a-ew-owi-cm-20241010t090718-20241010t090821-000003-06DAC3_ll_gd_GEO-IRWIN.nc,22.6503524780273,310.18212890625,"2024-10-10T09:07:18,000",/scale/user/mtannaou/alternance/donnees_sar_changes/s1a-ew-owi-cm-20241010t090718-20241010t090821-000003-06DAC3_aeqd.nc,s1a-ew-owi-cm-20241010t090718-20241010t090821-000003-06DAC3.nc,/home/datawork-cersat-public/cache/public/ftp/project/sarwing/processings/grdwind+windir_2025v6v12_2v0_0v3v9_0v0v6_0v0v6_1v4v3_1v0v15_1v0v10_1v2v5_1v2v2_1v1v1_1v2v1/cmod5n_ecmwf_norecal_rs2rcmgmfv4_28052025/sentinel-1a/L2M/EW/S1A_EW_GRDM_1S/2024/284/S1A_EW_GRDM_1SDV_20241010T090718_20241010T090821_056038_06DAC3_279A/s1a-ew-owi-cm-20241010t090718-20241010t090821-000003-06DAC3.nc
al132024,IRWIN,rcm3-sclna-owi-cm-20241004t201758-20241004t201914-00003-______ll_gd_GEO-IRWIN.nc,10.1129627227783,326.663421630859,"2024-10-04T20:17:58,000",/scale/user/mtannaou/alternance/donnees_sar_changes/rcm3-sclna-owi-cm-20241004t201758-20241004t201914-00003-xxxxx_aeqd.nc,rcm3-sclna-owi-cm-20241004t201758-20241004t201914-00003-xxxxx.nc,/home/datawork-cersat-public/cache/public/ftp/project/sarwing/processings/grdwind+windir_2025v6v12_2v0_0v3v9_0v0v6_0v0v6_1v4v3_1v0v15_1v0v10_1v2v5_1v2v2_1v1v1_1v2v1/cmod5n_ecmwf_norecal_rs2rcmgmfv4_28052025/rcm-3/L2M/sclna/rcm-3_sclna/2024/278/RCM3_OK3297310_PK3300172_1_SCLNA_20241004_201801_VV_VH_GRD/rcm3-sclna-owi-cm-20241004t201758-20241004t201914-00003-xxxxx.nc
al132024,IRWIN,rcm3-sclnb-owi-cm-20241007t083125-20241007t083241-00003-______ll_gd_GEO-IRWIN.nc,15.2727136611939,319.914215087891,"2024-10-07T08:31:25,000",/scale/user/mtannaou/alternance/donnees_sar_changes/rcm3-sclnb-owi-cm-20241007t083125-20241007t083241-00003-xxxxx_aeqd.nc,rcm3-sclnb-owi-cm-20241007t083125-20241007t083241-00003-xxxxx.nc,/home/datawork-cersat-public/cache/public/ftp/project/sarwing/processings/grdwind+windir_2025v6v12_2v0_0v3v9_0v0v6_0v0v6_1v4v3_1v0v15_1v0v10_1v2v5_1v2v2_1v1v1_1v2v1/cmod5n_ecmwf_norecal_rs2rcmgmfv4_28052025/rcm-3/L2M/sclnb/rcm-3_sclnb/2024/281/RCM3_OK3302891_PK3304349_1_SCLNB_20241007_083128_VV_VH_GRD/rcm3-sclnb-owi-cm-20241007t083125-20241007t083241-00003-xxxxx.nc
io042023,IRWIN,s1a-iw-owi-cm-20230731t234815-20230731t234931-000003-05F92A_ll_gd_GEO-IRWIN.nc,19.7887325286865,92.1272048950195,"2023-07-31T23:48:15,000",/scale/user/mtannaou/alternance/donnees_sar_changes/s1a-iw-owi-cm-20230731t234815-20230731t234931-000003-05F92A_aeqd.nc,s1a-iw-owi-cm-20230731t234815-20230731t234931-000003-05F92A.nc,/home/datawork-cersat-public/cache/public/ftp/project/sarwing/processings/grdwind+windir_2025v6v12_2v0_0v3v9_0v0v6_0v0v6_1v4v3_1v0v15_1v0v10_1v2v5_1v2v2_1v1v1_1v2v1/cmod5n_ecmwf_norecal_rs2rcmgmfv4_28052025/sentinel-1a/L2M/IW/S1A_IW_GRDH_1S/2023/212/S1A_IW_GRDH_1SDV_20230731T234815_20230731T234931_049674_05F92A_4B1FXB1BDXF929/s1a-iw-owi-cm-20230731t234815-20230731t234931-000003-05F92A.nc
ep182023,IRWIN,s1a-iw-owi-cm-20231024t004708-20231024t004802-000003-0622AE_ll_gd_GEO-IRWIN.nc,13.1854991912842,262.082550048828,"2023-10-24T00:47:08,000",,s1a-iw-owi-cm-20231024t004708-20231024t004852-000003-0622AE.nc,/home/datawork-cersat-public/cache/public/ftp/project/sarwing/processings/grdwind+windir_2025v6v12_2v0_0v3v9_0v0v6_0v0v6_1v4v3_1v0v15_1v0v10_1v2v5_1v2v2_1v1v1_1v2v1/cmod5n_ecmwf_norecal_rs2rcmgmfv4_28052025/sentinel-1a/L2M/IW/S1A_IW_GRDH_1S/2023/297/S1A_IW_GRDH_1SDV_20231024T004708_20231024T004852_050900_0622AE_0CC7X2313X237EX3F98/s1a-iw-owi-cm-20231024t004708-20231024t004852-000003-0622AE.nc
ep182023,IRWIN,rcm1-sc50mc-owi-cm-20231025t005145-20231025t005302-00003-______ll_gd_GEO-IRWIN.nc,15.5689039230347,260.434020996094,"2023-10-25T00:51:45,000",/scale/user/mtannaou/alternance/donnees_sar_changes/rcm1-sc50mc-owi-cm-20231025t005145-20231025t005302-00003-xxxxx_aeqd.nc,rcm1-sc50mc-owi-cm-20231025t005145-20231025t005302-00003-xxxxx.nc,/home/datawork-cersat-public/cache/public/ftp/project/sarwing/processings/grdwind+windir_2025v6v12_2v0_0v3v9_0v0v6_0v0v6_1v4v3_1v0v15_1v0v10_1v2v5_1v2v2_1v1v1_1v2v1/cmod5n_ecmwf_norecal_rs2rcmgmfv4_28052025/rcm-1/L2M/sc50mc/rcm-1_sc50mc/2023/298/RCM1_OK2800526_PK2802602_1_SC50MC_20231025_005147_HH_HV_GRD/rcm1-sc50mc-owi-cm-20231025t005145-20231025t005302-00003-xxxxx.nc
wp102023,IRWIN,rcm2-sc50ma-owi-cm-20230830t085629-20230830t085747-00003-______ll_gd_GEO-IRWIN.nc,20.4232540130615,135.397689819336,"2023-08-30T08:56:29,000",/scale/user/mtannaou/alternance/donnees_sar_changes/rcm2-sc50ma-owi-cm-20230830t085629-20230830t085747-00003-xxxxx_aeqd.nc,rcm2-sc50ma-owi-cm-20230830t085629-20230830t085747-00003-xxxxx.nc,/home/datawork-cersat-public/cache/public/ftp/project/sarwing/processings/grdwind+windir_2025v6v12_2v0_0v3v9_0v0v6_0v0v6_1v4v3_1v0v15_1v0v10_1v2v5_1v2v2_1v1v1_1v2v1/cmod5n_ecmwf_norecal_rs2rcmgmfv4_28052025/rcm-2/L2M/sc50ma/rcm-2_sc50ma/2023/242/RCM2_OK2713813_PK2715496_1_SC50MA_20230830_085631_HH_HV_GRD/rcm2-sc50ma-owi-cm-20230830t085629-20230830t085747-00003-xxxxx.nc
wp102023,IRWIN,rcm2-sclnd-owi-cm-20230830t204933-20230830t205050-00003-______ll_gd_GEO-IRWIN.nc,20.9539222717285,133.840560913086,"2023-08-30T20:49:33,000",/scale/user/mtannaou/alternance/donnees_sar_changes/rcm2-sclnd-owi-cm-20230830t204933-20230830t205050-00003-xxxxx_aeqd.nc,rcm2-sclnd-owi-cm-20230830t204933-20230830t205050-00003-xxxxx.nc,/home/datawork-cersat-public/cache/public/ftp/project/sarwing/processings/grdwind+windir_2025v6v12_2v0_0v3v9_0v0v6_0v0v6_1v4v3_1v0v15_1v0v10_1v2v5_1v2v2_1v1v1_1v2v1/cmod5n_ecmwf_norecal_rs2rcmgmfv4_28052025/rcm-2/L2M/sclnd/rcm-2_sclnd/2023/242/RCM2_OK2713827_PK2716435_1_SCLND_20230830_204934_VV_VH_GRD/rcm2-sclnd-owi-cm-20230830t204933-20230830t205050-00003-xxxxx.nc
wp102023,IRWIN,rcm1-sc50mb-owi-cm-20230901t213621-20230901t213739-00003-______ll_gd_GEO-IRWIN.nc,22.1873321533203,126.858093261719,"2023-09-01T21:36:21,000",/scale/user/mtannaou/alternance/donnees_sar_changes/rcm1-sc50mb-owi-cm-20230901t213621-20230901t213739-00003-xxxxx_aeqd.nc,rcm3-sc50mc-owi-cm-20230901t213724-20230901t213841-00003-xxxxx.nc,/home/datawork-cersat-public/cache/public/ftp/project/sarwing/processings/grdwind+windir_2025v6v12_2v0_0v3v9_0v0v6_0v0v6_1v4v3_1v0v15_1v0v10_1v2v5_1v2v2_1v1v1_1v2v1/cmod5n_ecmwf_norecal_rs2rcmgmfv4_28052025/rcm-3/L2M/sc50mc/rcm-3_sc50mc/2023/244/RCM3_OK2716227_PK2719487_1_SC50MC_20230901_213542_HH_HV_GRD/rcm3-sc50mc-owi-cm-20230901t213724-20230901t213841-00003-xxxxx.nc
wp102023,IRWIN,rcm1-sclnd-owi-cm-20230831t093651-20230831t093717-00003-______ll_gd_GEO-IRWIN.nc,21.5606956481934,131.925338745117,"2023-08-31T09:36:51,000",/scale/user/mtannaou/alternance/donnees_sar_changes/rcm1-sclnd-owi-cm-20230831t093651-20230831t093717-00003-xxxxx_aeqd.nc,rcm1-sclnd-owi-cm-20230831t093651-20230831t093717-00003-xxxxx.nc,/home/datawork-cersat-public/cache/public/ftp/project/sarwing/processings/grdwind+windir_2025v6v12_2v0_0v3v9_0v0v6_0v0v6_1v4v3_1v0v15_1v0v10_1v2v5_1v2v2_1v1v1_1v2v1/cmod5n_ecmwf_norecal_rs2rcmgmfv4_28052025/rcm-1/L2M/sclnd/rcm-1_sclnd/2023/243/RCM1_OK2714624_PK2717184_1_SCLND_20230831_093652_VV_VH_GRD/rcm1-sclnd-owi-cm-20230831t093651-20230831t093717-00003-xxxxx.nc
sh012024,IRWIN,rcm1-sc50ma-owi-cm-20231024t070211-20231024t070327-00003-______ll_gd_GEO-IRWIN.nc,-15.0049982070923,168.753723144531,"2023-10-24T07:02:11,000",/scale/user/mtannaou/alternance/donnees_sar_changes/rcm1-sc50ma-owi-cm-20231024t070211-20231024t070327-00003-xxxxx_aeqd.nc,rcm1-sc50ma-owi-cm-20231024t070211-20231024t070327-00003-xxxxx.nc,/home/datawork-cersat-public/cache/public/ftp/project/sarwing/processings/grdwind+windir_2025v6v12_2v0_0v3v9_0v0v6_0v0v6_1v4v3_1v0v15_1v0v10_1v2v5_1v2v2_1v1v1_1v2v1/cmod5n_ecmwf_norecal_rs2rcmgmfv4_28052025/rcm-1/L2M/sc50ma/rcm-1_sc50ma/2023/297/RCM1_OK2800493_PK2801647_1_SC50MA_20231024_070211_HH_HV_GRD/rcm1-sc50ma-owi-cm-20231024t070211-20231024t070327-00003-xxxxx.nc
sh012024,IRWIN,s1a-iw-owi-cm-20231024t071330-20231024t071535-000003-0622CF_ll_gd_GEO-IRWIN.nc,-15.0237340927124,168.743774414063,"2023-10-24T07:13:30,000",,s1a-iw-owi-cm-20231024t071301-20231024t071535-000003-0622CF.nc,/home/datawork-cersat-public/cache/public/ftp/project/sarwing/processings/grdwind+windir_2025v6v12_2v0_0v3v9_0v0v6_0v0v6_1v4v3_1v0v15_1v0v10_1v2v5_1v2v2_1v1v1_1v2v1/cmod5n_ecmwf_norecal_rs2rcmgmfv4_28052025/sentinel-1a/L2M/IW/S1A_IW_GRDH_1S/2023/297/S1A_IW_GRDH_1SDV_20231024T071301_20231024T071535_050903_0622CF_4076X8840X95FEXAAAEXAC71XE25B/s1a-iw-owi-cm-20231024t071301-20231024t071535-000003-0622CF.nc
sh012024,IRWIN,rcm3-sclnd-owi-cm-20231025t181923-20231025t182038-00003-______ll_gd_GEO-IRWIN.nc,-17.2223358154297,166.165130615234,"2023-10-25T18:19:23,000",/scale/user/mtannaou/alternance/donnees_sar_changes/rcm3-sclnd-owi-cm-20231025t181923-20231025t182038-00003-xxxxx_aeqd.nc,rcm3-sclnd-owi-cm-20231025t181923-20231025t182038-00003-xxxxx.nc,/home/datawork-cersat-public/cache/public/ftp/project/sarwing/processings/grdwind+windir_2025v6v12_2v0_0v3v9_0v0v6_0v0v6_1v4v3_1v0v15_1v0v10_1v2v5_1v2v2_1v1v1_1v2v1/cmod5n_ecmwf_norecal_rs2rcmgmfv4_28052025/rcm-3/L2M/sclnd/rcm-3_sclnd/2023/298/RCM3_OK2801698_PK2803403_1_SCLND_20231025_181925_VV_VH_GRD/rcm3-sclnd-owi-cm-20231025t181923-20231025t182038-00003-xxxxx.nc
sh012024,IRWIN,rcm1-sc50ma-owi-cm-20231025t070947-20231025t071104-00003-______ll_gd_GEO-IRWIN.nc,-16.6680736541748,167.154205322266,"2023-10-25T07:09:47,000",/scale/user/mtannaou/alternance/donnees_sar_changes/rcm1-sc50ma-owi-cm-20231025t070947-20231025t071104-00003-xxxxx_aeqd.nc,rcm1-sc50ma-owi-cm-20231025t070947-20231025t071104-00003-xxxxx.nc,/home/datawork-cersat-public/cache/public/ftp/project/sarwing/processings/grdwind+windir_2025v6v12_2v0_0v3v9_0v0v6_0v0v6_1v4v3_1v0v15_1v0v10_1v2v5_1v2v2_1v1v1_1v2v1/cmod5n_ecmwf_norecal_rs2rcmgmfv4_28052025/rcm-1/L2M/sc50ma/rcm-1_sc50ma/2023/298/RCM1_OK2801576_PK2802764_1_SC50MA_20231025_070947_HH_HV_GRD/rcm1-sc50ma-owi-cm-20231025t070947-20231025t071104-00003-xxxxx.nc
sh012024,IRWIN,rcm2-sc50ma-owi-cm-20231023t183350-20231023t183505-00003-______ll_gd_GEO-IRWIN.nc,-13.8992195129395,169.294479370117,"2023-10-23T18:33:50,000",/scale/user/mtannaou/alternance/donnees_sar_changes/rcm2-sc50ma-owi-cm-20231023t183350-20231023t183505-00003-xxxxx_aeqd.nc,rcm2-sc50ma-owi-cm-20231023t183350-20231023t183505-00003-xxxxx.nc,/home/datawork-cersat-public/cache/public/ftp/project/sarwing/processings/grdwind+windir_2025v6v12_2v0_0v3v9_0v0v6_0v0v6_1v4v3_1v0v15_1v0v10_1v2v5_1v2v2_1v1v1_1v2v1/cmod5n_ecmwf_norecal_rs2rcmgmfv4_28052025/rcm-2/L2M/sc50ma/rcm-2_sc50ma/2023/296/RCM2_OK2798928_PK2801072_1_SC50MA_20231023_183352_HH_HV_GRD/rcm2-sc50ma-owi-cm-20231023t183350-20231023t183505-00003-xxxxx.nc
ep112023,IRWIN,rcm2-sc50mc-owi-cm-20230909t140708-20230909t140823-00003-______ll_gd_GEO-IRWIN.nc,22.0299186706543,234.765350341797,"2023-09-09T14:07:08,000",/scale/user/mtannaou/alternance/donnees_sar_changes/rcm2-sc50mc-owi-cm-20230909t140708-20230909t140823-00003-xxxxx_aeqd.nc,rcm2-sc50mc-owi-cm-20230909t140708-20230909t140823-00003-xxxxx.nc,/home/datawork-cersat-public/cache/public/ftp/project/sarwing/processings/grdwind+windir_2025v6v12_2v0_0v3v9_0v0v6_0v0v6_1v4v3_1v0v15_1v0v10_1v2v5_1v2v2_1v1v1_1v2v1/cmod5n_ecmwf_norecal_rs2rcmgmfv4_28052025/rcm-2/L2M/sc50mc/rcm-2_sc50mc/2023/252/RCM2_OK2729691_PK2735549_1_SC50MC_20230909_140710_HH_HV_GRD/rcm2-sc50mc-owi-cm-20230909t140708-20230909t140823-00003-xxxxx.nc
ep112023,IRWIN,rcm2-sc50ma-owi-cm-20230910t022304-20230910t022420-00003-______ll_gd_GEO-IRWIN.nc,23.3433265686035,233.772689819336,"2023-09-10T02:23:04,000",/scale/user/mtannaou/alternance/donnees_sar_changes/rcm2-sc50ma-owi-cm-20230910t022304-20230910t022420-00003-xxxxx_aeqd.nc,rcm2-sc50ma-owi-cm-20230910t022304-20230910t022420-00003-xxxxx.nc,/home/datawork-cersat-public/cache/public/ftp/project/sarwing/processings/grdwind+windir_2025v6v12_2v0_0v3v9_0v0v6_0v0v6_1v4v3_1v0v15_1v0v10_1v2v5_1v2v2_1v1v1_1v2v1/cmod5n_ecmwf_norecal_rs2rcmgmfv4_28052025/rcm-2/L2M/sc50ma/rcm-2_sc50ma/2023/253/RCM2_OK2729834_PK2736108_1_SC50MA_20230910_022303_HH_HV_GRD/rcm2-sc50ma-owi-cm-20230910t022304-20230910t022420-00003-xxxxx.nc
ep112023,IRWIN,rcm2-sc50ma-owi-cm-20230908t135958-20230908t140114-00003-______ll_gd_GEO-IRWIN.nc,19.4915447235107,239.419418334961,"2023-09-08T13:59:58,000",/scale/user/mtannaou/alternance/donnees_sar_changes/rcm2-sc50ma-owi-cm-20230908t135958-20230908t140114-00003-xxxxx_aeqd.nc,rcm2-sc50ma-owi-cm-20230908t135958-20230908t140114-00003-xxxxx.nc,/home/datawork-cersat-public/cache/public/ftp/project/sarwing/processings/grdwind+windir_2025v6v12_2v0_0v3v9_0v0v6_0v0v6_1v4v3_1v0v15_1v0v10_1v2v5_1v2v2_1v1v1_1v2v1/cmod5n_ecmwf_norecal_rs2rcmgmfv4_28052025/rcm-2/L2M/sc50ma/rcm-2_sc50ma/2023/251/RCM2_OK2727428_PK2732721_1_SC50MA_20230908_135958_HH_HV_GRD/rcm2-sc50ma-owi-cm-20230908t135958-20230908t140114-00003-xxxxx.nc
ep112023,IRWIN,rcm2-sc50mc-owi-cm-20230908t020504-20230908t020620-00003-______ll_gd_GEO-IRWIN.nc,18.0101184844971,242.083709716797,"2023-09-08T02:05:04,000",/scale/user/mtannaou/alternance/donnees_sar_changes/rcm2-sc50mc-owi-cm-20230908t020504-20230908t020620-00003-xxxxx_aeqd.nc,rcm2-sc50mc-owi-cm-20230908t020504-20230908t020620-00003-xxxxx.nc,/home/datawork-cersat-public/cache/public/ftp/project/sarwing/processings/grdwind+windir_2025v6v12_2v0_0v3v9_0v0v6_0v0v6_1v4v3_1v0v15_1v0v10_1v2v5_1v2v2_1v1v1_1v2v1/cmod5n_ecmwf_norecal_rs2rcmgmfv4_28052025/rcm-2/L2M/sc50mc/rcm-2_sc50mc/2023/251/RCM2_OK2726109_PK2731651_1_SC50MC_20230908_020506_HH_HV_GRD/rcm2-sc50mc-owi-cm-20230908t020504-20230908t020620-00003-xxxxx.nc
ep112023,IRWIN,rcm2-sc50ma-owi-cm-20230909t021407-20230909t021511-00003-______ll_gd_GEO-IRWIN.nc,20.720817565918,236.752380371094,"2023-09-09T02:14:07,000",/scale/user/mtannaou/alternance/donnees_sar_changes/rcm2-sc50ma-owi-cm-20230909t021407-20230909t021511-00003-xxxxx_aeqd.nc,rcm2-sc50ma-owi-cm-20230909t021407-20230909t021511-00003-xxxxx.nc,/home/datawork-cersat-public/cache/public/ftp/project/sarwing/processings/grdwind+windir_2025v6v12_2v0_0v3v9_0v0v6_0v0v6_1v4v3_1v0v15_1v0v10_1v2v5_1v2v2_1v1v1_1v2v1/cmod5n_ecmwf_norecal_rs2rcmgmfv4_28052025/rcm-2/L2M/sc50ma/rcm-2_sc50ma/2023/252/RCM2_OK2727435_PK2734692_1_SC50MA_20230909_021410_HH_HV_GRD/rcm2-sc50ma-owi-cm-20230909t021407-20230909t021511-00003-xxxxx.nc
ep112023,IRWIN,rcm3-sc50ma-owi-cm-20230907t012441-20230907t012556-00003-______ll_gd_GEO-IRWIN.nc,15.2273006439209,247.729843139648,"2023-09-07T01:24:41,000",/scale/user/mtannaou/alternance/donnees_sar_changes/rcm3-sc50ma-owi-cm-20230907t012441-20230907t012556-00003-xxxxx_aeqd.nc,rcm3-sc50ma-owi-cm-20230907t012441-20230907t012556-00003-xxxxx.nc,/home/datawork-cersat-public/cache/public/ftp/project/sarwing/processings/grdwind+windir_2025v6v12_2v0_0v3v9_0v0v6_0v0v6_1v4v3_1v0v15_1v0v10_1v2v5_1v2v2_1v1v1_1v2v1/cmod5n_ecmwf_norecal_rs2rcmgmfv4_28052025/rcm-3/L2M/sc50ma/rcm-3_sc50ma/2023/250/RCM3_OK2724100_PK2728241_1_SC50MA_20230907_012442_HH_HV_GRD/rcm3-sc50ma-owi-cm-20230907t012441-20230907t012556-00003-xxxxx.nc
ep112023,IRWIN,rcm3-sc50ma-owi-cm-20230906t131257-20230906t131414-00003-______ll_gd_GEO-IRWIN.nc,13.813777923584,250.130355834961,"2023-09-06T13:12:57,000",/scale/user/mtannaou/alternance/donnees_sar_changes/rcm3-sc50ma-owi-cm-20230906t131257-20230906t131414-00003-xxxxx_aeqd.nc,rcm3-sc50ma-owi-cm-20230906t131257-20230906t131414-00003-xxxxx.nc,/home/datawork-cersat-public/cache/public/ftp/project/sarwing/processings/grdwind+windir_2025v6v12_2v0_0v3v9_0v0v6_0v0v6_1v4v3_1v0v15_1v0v10_1v2v5_1v2v2_1v1v1_1v2v1/cmod5n_ecmwf_norecal_rs2rcmgmfv4_28052025/rcm-3/L2M/sc50ma/rcm-3_sc50ma/2023/249/RCM3_OK2724085_PK2726979_1_SC50MA_20230906_131257_HH_HV_GRD/rcm3-sc50ma-owi-cm-20230906t131257-20230906t131414-00003-xxxxx.nc
ep112023,IRWIN,rcm3-sc50mc-owi-cm-20230907t132049-20230907t132205-00003-______ll_gd_GEO-IRWIN.nc,16.7374534606934,245.14111328125,"2023-09-07T13:20:49,000",/scale/user/mtannaou/alternance/donnees_sar_changes/rcm3-sc50mc-owi-cm-20230907t132049-20230907t132205-00003-xxxxx_aeqd.nc,rcm3-sc50mc-owi-cm-20230907t132049-20230907t132205-00003-xxxxx.nc,/home/datawork-cersat-public/cache/public/ftp/project/sarwing/processings/grdwind+windir_2025v6v12_2v0_0v3v9_0v0v6_0v0v6_1v4v3_1v0v15_1v0v10_1v2v5_1v2v2_1v1v1_1v2v1/cmod5n_ecmwf_norecal_rs2rcmgmfv4_28052025/rcm-3/L2M/sc50mc/rcm-3_sc50mc/2023/250/RCM3_OK2726074_PK2729537_1_SC50MC_20230907_132051_HH_HV_GRD/rcm3-sc50mc-owi-cm-20230907t132049-20230907t132205-00003-xxxxx.nc
al092021,IRWIN,s1b-iw-owi-cm-20210902t104027-20210902t104142-000003-036731_ll_gd_GEO-IRWIN.nc,40.896125793457,288.649047851563,"2021-09-02T10:40:27,000",/scale/user/mtannaou/alternance/donnees_sar_changes/s1b-iw-owi-cm-20210902t104027-20210902t104142-000003-036731_aeqd.nc,s1b-iw-owi-cm-20210902t104027-20210902t104142-000003-036731.nc,/home/datawork-cersat-public/cache/public/ftp/project/sarwing/processings/grdwind+windir_2025v6v12_2v0_0v3v9_0v0v6_0v0v6_1v4v3_1v0v15_1v0v10_1v2v5_1v2v2_1v1v1_1v2v1/cmod5n_ecmwf_norecal_rs2rcmgmfv4_28052025/sentinel-1b/L2M/IW/S1B_IW_GRDH_1S/2021/245/S1B_IW_GRDH_1SDV_20210902T104027_20210902T104142_028518_036731_07A5X9DD6XD291/s1b-iw-owi-cm-20210902t104027-20210902t104142-000003-036731.nc
al092021,IRWIN,rcm1-sc50mc-owi-cm-20210830t000713-20210830t000812-00003-______ll_gd_GEO-IRWIN.nc,29.6878147125244,269.379119873047,"2021-08-30T00:07:13,000",/scale/user/mtannaou/alternance/donnees_sar_changes/rcm1-sc50mc-owi-cm-20210830t000713-20210830t000812-00003-xxxxx_aeqd.nc,rcm1-sc50mc-owi-cm-20210830t000713-20210830t000812-00003-xxxxx.nc,/home/datawork-cersat-public/cache/public/ftp/project/sarwing/processings/grdwind+windir_2025v6v12_2v0_0v3v9_0v0v6_0v0v6_1v4v3_1v0v15_1v0v10_1v2v5_1v2v2_1v1v1_1v2v1/cmod5n_ecmwf_norecal_rs2rcmgmfv4_28052025/rcm-1/L2M/sc50mc/rcm-1_sc50mc/2021/242/RCM1_OK1755420_PK1758025_1_SC50MC_20210830_000713_VV_VH_GRD/rcm1-sc50mc-owi-cm-20210830t000713-20210830t000812-00003-xxxxx.nc
al092021,IRWIN,s1a-iw-owi-cm-20210829t000047-20210829t000227-000003-04A8B3_ll_gd_GEO-IRWIN.nc,26.3737297058106,272.739501953125,"2021-08-29T00:00:47,000",,s1a-iw-owi-cm-20210828t235932-20210829t000227-000003-04A8B3.nc,/home/datawork-cersat-public/cache/public/ftp/project/sarwing/processings/grdwind+windir_2025v6v12_2v0_0v3v9_0v0v6_0v0v6_1v4v3_1v0v15_1v0v10_1v2v5_1v2v2_1v1v1_1v2v1/cmod5n_ecmwf_norecal_rs2rcmgmfv4_28052025/sentinel-1a/L2M/IW/S1A_IW_GRDH_1S/2021/240/S1A_IW_GRDH_1SDV_20210828T235932_20210829T000227_039437_04A8B3_0C44X1A75X3AF9X820CX9D8AXBDF7XF4EF/s1a-iw-owi-cm-20210828t235932-20210829t000227-000003-04A8B3.nc
al092021,IRWIN,s1b-iw-owi-cm-20210904t102144-20210904t102324-000003-03681F_ll_gd_GEO-IRWIN.nc,48.3544883728027,296.005340576172,"2021-09-04T10:21:44,000",,,
al152021,IRWIN,rcm2-sc50ma-owi-cm-20210922t202606-20210922t202926-00003-______ll_gd_GEO-IRWIN.nc,43.5865058898926,319.151763916016,"2021-09-22T20:26:06,000",,rcm2-sc50ma-owi-cm-20210922t202606-20210922t202926-00003-xxxxx.nc,/home/datawork-cersat-public/cache/public/ftp/project/sarwing/processings/grdwind+windir_2025v6v12_2v0_0v3v9_0v0v6_0v0v6_1v4v3_1v0v15_1v0v10_1v2v5_1v2v2_1v1v1_1v2v1/cmod5n_ecmwf_norecal_rs2rcmgmfv4_28052025/rcm-2/L2M/sc50ma/rcm-2_sc50ma/2021/265/RCM2_OK2381563_PK2382734_1_SC50MA_20210922_202620_HH_HV_GRD/rcm2-sc50ma-owi-cm-20210922t202606-20210922t202926-00003-xxxxx.nc
al152021,IRWIN,rcm2-sc50ma-owi-cm-20210918t104052-20210918t104157-00003-______ll_gd_GEO-IRWIN.nc,37.9510307312012,290.661224365234,"2021-09-18T10:40:52,000",/scale/user/mtannaou/alternance/donnees_sar_changes/rcm2-sc50ma-owi-cm-20210918t104052-20210918t104157-00003-xxxxx_aeqd.nc,rcm2-sc50ma-owi-cm-20210918t104052-20210918t104157-00003-xxxxx.nc,/home/datawork-cersat-public/cache/public/ftp/project/sarwing/processings/grdwind+windir_2025v6v12_2v0_0v3v9_0v0v6_0v0v6_1v4v3_1v0v15_1v0v10_1v2v5_1v2v2_1v1v1_1v2v1/cmod5n_ecmwf_norecal_rs2rcmgmfv4_28052025/rcm-2/L2M/sc50ma/rcm-2_sc50ma/2021/261/RCM2_OK1537081_PK1786700_2X3_SC50MA_20210918_104002_VV_VH_GRD/rcm2-sc50ma-owi-cm-20210918t104052-20210918t104157-00003-xxxxx.nc
al152021,IRWIN,rcm2-sc50mb-owi-cm-20210923t203405-20210923t203745-00003-______ll_gd_GEO-IRWIN.nc,43.8057136535645,318.064483642578,"2021-09-23T20:34:05,000",,rcm2-sc50mb-owi-cm-20210923t203405-20210923t203745-00003-xxxxx.nc,/home/datawork-cersat-public/cache/public/ftp/project/sarwing/processings/grdwind+windir_2025v6v12_2v0_0v3v9_0v0v6_0v0v6_1v4v3_1v0v15_1v0v10_1v2v5_1v2v2_1v1v1_1v2v1/cmod5n_ecmwf_norecal_rs2rcmgmfv4_28052025/rcm-2/L2M/sc50mb/rcm-2_sc50mb/2021/266/RCM2_OK2381570_PK2382695_1_SC50MB_20210923_203417_HH_HV_GRD/rcm2-sc50mb-owi-cm-20210923t203405-20210923t203745-00003-xxxxx.nc
al072024,IRWIN,rcm3-sclnb-owi-cm-20240913t204426-20240913t204542-00003-______ll_gd_GEO-IRWIN.nc,19.738748550415,320.804290771484,"2024-09-13T20:44:26,000",/scale/user/mtannaou/alternance/donnees_sar_changes/rcm3-sclnb-owi-cm-20240913t204426-20240913t204542-00003-xxxxx_aeqd.nc,rcm3-sclnb-owi-cm-20240913t204426-20240913t204542-00003-xxxxx.nc,/home/datawork-cersat-public/cache/public/ftp/project/sarwing/processings/grdwind+windir_2025v6v12_2v0_0v3v9_0v0v6_0v0v6_1v4v3_1v0v15_1v0v10_1v2v5_1v2v2_1v1v1_1v2v1/cmod5n_ecmwf_norecal_rs2rcmgmfv4_28052025/rcm-3/L2M/sclnb/rcm-3_sclnb/2024/257/RCM3_OK3258780_PK3262862_1_SCLNB_20240913_204426_VV_VH_GRD/rcm3-sclnb-owi-cm-20240913t204426-20240913t204542-00003-xxxxx.nc
al072024,IRWIN,rcm3-sclna-owi-cm-20240914t205230-20240914t205345-00003-______ll_gd_GEO-IRWIN.nc,20.2608089447022,317.408630371094,"2024-09-14T20:52:30,000",/scale/user/mtannaou/alternance/donnees_sar_changes/rcm3-sclna-owi-cm-20240914t205230-20240914t205345-00003-xxxxx_aeqd.nc,rcm3-sclna-owi-cm-20240914t205230-20240914t205345-00003-xxxxx.nc,/home/datawork-cersat-public/cache/public/ftp/project/sarwing/processings/grdwind+windir_2025v6v12_2v0_0v3v9_0v0v6_0v0v6_1v4v3_1v0v15_1v0v10_1v2v5_1v2v2_1v1v1_1v2v1/cmod5n_ecmwf_norecal_rs2rcmgmfv4_28052025/rcm-3/L2M/sclna/rcm-3_sclna/2024/258/RCM3_OK3261752_PK3265822_1_SCLNA_20240914_205232_VV_VH_GRD/rcm3-sclna-owi-cm-20240914t205230-20240914t205345-00003-xxxxx.nc
al072024,IRWIN,rcm3-sclnd-owi-cm-20240915t084613-20240915t084728-00003-______ll_gd_GEO-IRWIN.nc,19.4670906066895,315.493408203125,"2024-09-15T08:46:13,000",/scale/user/mtannaou/alternance/donnees_sar_changes/rcm3-sclnd-owi-cm-20240915t084613-20240915t084728-00003-xxxxx_aeqd.nc,rcm3-sclnd-owi-cm-20240915t084613-20240915t084728-00003-xxxxx.nc,/home/datawork-cersat-public/cache/public/ftp/project/sarwing/processings/grdwind+windir_2025v6v12_2v0_0v3v9_0v0v6_0v0v6_1v4v3_1v0v15_1v0v10_1v2v5_1v2v2_1v1v1_1v2v1/cmod5n_ecmwf_norecal_rs2rcmgmfv4_28052025/rcm-3/L2M/sclnd/rcm-3_sclnd/2024/259/RCM3_OK3262640_PK3266409_1_SCLND_20240915_084614_VV_VH_GRD/rcm3-sclnd-owi-cm-20240915t084613-20240915t084728-00003-xxxxx.nc
wp032023,IRWIN,rcm2-sc50mc-owi-cm-20230609t210612-20230609t210727-00003-______ll_gd_GEO-IRWIN.nc,18.6699867248535,129.881927490234,"2023-06-09T21:06:12,000",/scale/user/mtannaou/alternance/donnees_sar_changes/rcm2-sc50mc-owi-cm-20230609t210612-20230609t210727-00003-xxxxx_aeqd.nc,rcm2-sc50mc-owi-cm-20230609t210612-20230609t210727-00003-xxxxx.nc,/home/datawork-cersat-public/cache/public/ftp/project/sarwing/processings/grdwind+windir_2025v6v12_2v0_0v3v9_0v0v6_0v0v6_1v4v3_1v0v15_1v0v10_1v2v5_1v2v2_1v1v1_1v2v1/cmod5n_ecmwf_norecal_rs2rcmgmfv4_28052025/rcm-2/L2M/sc50mc/rcm-2_sc50mc/2023/160/RCM2_OK2592946_PK2598205_1_SC50MC_20230609_210613_HH_HV_GRD/rcm2-sc50mc-owi-cm-20230609t210612-20230609t210727-00003-xxxxx.nc
wp032023,IRWIN,rcm1-sc50ma-owi-cm-20230612t083536-20230612t083554-00003-______ll_gd_GEO-IRWIN.nc,29.540584564209,138.149032592773,"2023-06-12T08:35:36,000",/scale/user/mtannaou/alternance/donnees_sar_changes/rcm1-sc50ma-owi-cm-20230612t083536-20230612t083554-00003-xxxxx_aeqd.nc,rcm1-sc50ma-owi-cm-20230612t083536-20230612t083554-00003-xxxxx.nc,/home/datawork-cersat-public/cache/public/ftp/project/sarwing/processings/grdwind+windir_2025v6v12_2v0_0v3v9_0v0v6_0v0v6_1v4v3_1v0v15_1v0v10_1v2v5_1v2v2_1v1v1_1v2v1/cmod5n_ecmwf_norecal_rs2rcmgmfv4_28052025/rcm-1/L2M/sc50ma/rcm-1_sc50ma/2023/163/RCM1_OK2599371_PK2601453_1_SC50MA_20230612_083538_HH_HV_GRD/rcm1-sc50ma-owi-cm-20230612t083536-20230612t083554-00003-xxxxx.nc
wp032023,IRWIN,rcm2-sc50ma-owi-cm-20230610t211324-20230610t211436-00003-______ll_gd_GEO-IRWIN.nc,22.4600524902344,130.952163696289,"2023-06-10T21:13:24,000",/scale/user/mtannaou/alternance/donnees_sar_changes/rcm2-sc50ma-owi-cm-20230610t211324-20230610t211436-00003-xxxxx_aeqd.nc,rcm2-sc50ma-owi-cm-20230610t211324-20230610t211436-00003-xxxxx.nc,/home/datawork-cersat-public/cache/public/ftp/project/sarwing/processings/grdwind+windir_2025v6v12_2v0_0v3v9_0v0v6_0v0v6_1v4v3_1v0v15_1v0v10_1v2v5_1v2v2_1v1v1_1v2v1/cmod5n_ecmwf_norecal_rs2rcmgmfv4_28052025/rcm-2/L2M/sc50ma/rcm-2_sc50ma/2023/161/RCM2_OK2595252_PK2599610_1_SC50MA_20230610_211326_HH_HV_GRD/rcm2-sc50ma-owi-cm-20230610t211324-20230610t211436-00003-xxxxx.nc
wp032023,IRWIN,rcm3-sc50mc-owi-cm-20230611t204827-20230611t204945-00003-______ll_gd_GEO-IRWIN.nc,27.0829792022705,134.934906005859,"2023-06-11T20:48:27,000",/scale/user/mtannaou/alternance/donnees_sar_changes/rcm3-sc50mc-owi-cm-20230611t204827-20230611t204945-00003-xxxxx_aeqd.nc,rcm3-sc50mc-owi-cm-20230611t204827-20230611t204945-00003-xxxxx.nc,/home/datawork-cersat-public/cache/public/ftp/project/sarwing/processings/grdwind+windir_2025v6v12_2v0_0v3v9_0v0v6_0v0v6_1v4v3_1v0v15_1v0v10_1v2v5_1v2v2_1v1v1_1v2v1/cmod5n_ecmwf_norecal_rs2rcmgmfv4_28052025/rcm-3/L2M/sc50mc/rcm-3_sc50mc/2023/162/RCM3_OK2597885_PK2600838_1_SC50MC_20230611_204828_HH_HV_GRD/rcm3-sc50mc-owi-cm-20230611t204827-20230611t204945-00003-xxxxx.nc
wp012024,IRWIN,rcm1-sc50mc-owi-cm-20240529t205541-20240529t205657-00003-______ll_gd_GEO-IRWIN.nc,27.5581760406494,134.059204101563,"2024-05-29T20:55:41,000",/scale/user/mtannaou/alternance/donnees_sar_changes/rcm1-sc50mc-owi-cm-20240529t205541-20240529t205657-00003-xxxxx_aeqd.nc,rcm1-sc50mc-owi-cm-20240529t205541-20240529t205657-00003-xxxxx.nc,/home/datawork-cersat-public/cache/public/ftp/project/sarwing/processings/grdwind+windir_2025v6v12_2v0_0v3v9_0v0v6_0v0v6_1v4v3_1v0v15_1v0v10_1v2v5_1v2v2_1v1v1_1v2v1/cmod5n_ecmwf_norecal_rs2rcmgmfv4_28052025/rcm-1/L2M/sc50mc/rcm-1_sc50mc/2024/150/RCM1_OK3086904_PK3089013_1_SC50MC_20240529_205543_HH_HV_GRD/rcm1-sc50mc-owi-cm-20240529t205541-20240529t205657-00003-xxxxx.nc
wp012024,IRWIN,s1a-iw-owi-cm-20240526t095829-20240526t095928-000003-069204_ll_gd_GEO-IRWIN.nc,14.621600151062,121.999351501465,"2024-05-26T09:58:29,000",,,
wp012024,IRWIN,rcm3-sc50ma-owi-cm-20240528t212111-20240528t212226-00003-______ll_gd_GEO-IRWIN.nc,23.1716785430908,129.820739746094,"2024-05-28T21:21:11,000",/scale/user/mtannaou/alternance/donnees_sar_changes/rcm3-sc50ma-owi-cm-20240528t212111-20240528t212226-00003-xxxxx_aeqd.nc,rcm3-sc50ma-owi-cm-20240528t212111-20240528t212226-00003-xxxxx.nc,/home/datawork-cersat-public/cache/public/ftp/project/sarwing/processings/grdwind+windir_2025v6v12_2v0_0v3v9_0v0v6_0v0v6_1v4v3_1v0v15_1v0v10_1v2v5_1v2v2_1v1v1_1v2v1/cmod5n_ecmwf_norecal_rs2rcmgmfv4_28052025/rcm-3/L2M/sc50ma/rcm-3_sc50ma/2024/149/RCM3_OK3085258_PK3087547_1_SC50MA_20240528_212112_HH_HV_GRD/rcm3-sc50ma-owi-cm-20240528t212111-20240528t212226-00003-xxxxx.nc
wp012024,IRWIN,rcm3-sc50ma-owi-cm-20240528t092856-20240528t093011-00003-______ll_gd_GEO-IRWIN.nc,20.2760772705078,127.143646240234,"2024-05-28T09:28:56,000",/scale/user/mtannaou/alternance/donnees_sar_changes/rcm3-sc50ma-owi-cm-20240528t092856-20240528t093011-00003-xxxxx_aeqd.nc,rcm3-sc50ma-owi-cm-20240528t092856-20240528t093011-00003-xxxxx.nc,/home/datawork-cersat-public/cache/public/ftp/project/sarwing/processings/grdwind+windir_2025v6v12_2v0_0v3v9_0v0v6_0v0v6_1v4v3_1v0v15_1v0v10_1v2v5_1v2v2_1v1v1_1v2v1/cmod5n_ecmwf_norecal_rs2rcmgmfv4_28052025/rcm-3/L2M/sc50ma/rcm-3_sc50ma/2024/149/RCM3_OK3085251_PK3086713_1_SC50MA_20240528_092857_HH_HV_GRD/rcm3-sc50ma-owi-cm-20240528t092856-20240528t093011-00003-xxxxx.nc
wp012024,IRWIN,rcm2-sc50ma-owi-cm-20240527t095144-20240527t095259-00003-______ll_gd_GEO-IRWIN.nc,16.5009021759033,123.553337097168,"2024-05-27T09:51:44,000",/scale/user/mtannaou/alternance/donnees_sar_changes/rcm2-sc50ma-owi-cm-20240527t095144-20240527t095259-00003-xxxxx_aeqd.nc,rcm2-sc50ma-owi-cm-20240527t095144-20240527t095259-00003-xxxxx.nc,/home/datawork-cersat-public/cache/public/ftp/project/sarwing/processings/grdwind+windir_2025v6v12_2v0_0v3v9_0v0v6_0v0v6_1v4v3_1v0v15_1v0v10_1v2v5_1v2v2_1v1v1_1v2v1/cmod5n_ecmwf_norecal_rs2rcmgmfv4_28052025/rcm-2/L2M/sc50ma/rcm-2_sc50ma/2024/148/RCM2_OK3083797_PK3085207_1_SC50MA_20240527_095034_HH_HV_GRD/rcm2-sc50ma-owi-cm-20240527t095144-20240527t095259-00003-xxxxx.nc
wp012024,IRWIN,rcm2-sc50ma-owi-cm-20240530t084258-20240530t084415-00003-______ll_gd_GEO-IRWIN.nc,29.1151180267334,135.937805175781,"2024-05-30T08:42:58,000",/scale/user/mtannaou/alternance/donnees_sar_changes/rcm2-sc50ma-owi-cm-20240530t084258-20240530t084415-00003-xxxxx_aeqd.nc,rcm2-sc50ma-owi-cm-20240530t084258-20240530t084415-00003-xxxxx.nc,/home/datawork-cersat-public/cache/public/ftp/project/sarwing/processings/grdwind+windir_2025v6v12_2v0_0v3v9_0v0v6_0v0v6_1v4v3_1v0v15_1v0v10_1v2v5_1v2v2_1v1v1_1v2v1/cmod5n_ecmwf_norecal_rs2rcmgmfv4_28052025/rcm-2/L2M/sc50ma/rcm-2_sc50ma/2024/151/RCM2_OK3087319_PK3089541_1_SC50MA_20240530_084258_HH_HV_GRD/rcm2-sc50ma-owi-cm-20240530t084258-20240530t084415-00003-xxxxx.nc
wp012024,IRWIN,rcm2-sc50mb-owi-cm-20240526t213855-20240526t214011-00003-______ll_gd_GEO-IRWIN.nc,15.6070613861084,122.555114746094,"2024-05-26T21:38:55,000",/scale/user/mtannaou/alternance/donnees_sar_changes/rcm2-sc50mb-owi-cm-20240526t213855-20240526t214011-00003-xxxxx_aeqd.nc,rcm2-sc50mb-owi-cm-20240526t213855-20240526t214011-00003-xxxxx.nc,/home/datawork-cersat-public/cache/public/ftp/project/sarwing/processings/grdwind+windir_2025v6v12_2v0_0v3v9_0v0v6_0v0v6_1v4v3_1v0v15_1v0v10_1v2v5_1v2v2_1v1v1_1v2v1/cmod5n_ecmwf_norecal_rs2rcmgmfv4_28052025/rcm-2/L2M/sc50mb/rcm-2_sc50mb/2024/147/RCM2_OK3082041_PK3084723_1_SC50MB_20240526_213855_HH_HV_GRD/rcm2-sc50mb-owi-cm-20240526t213855-20240526t214011-00003-xxxxx.nc
wp012024,IRWIN,rcm1-sc50ma-owi-cm-20240529t090534-20240529t090650-00003-______ll_gd_GEO-IRWIN.nc,25.3944644927979,132.012176513672,"2024-05-29T09:05:34,000",/scale/user/mtannaou/alternance/donnees_sar_changes/rcm1-sc50ma-owi-cm-20240529t090534-20240529t090650-00003-xxxxx_aeqd.nc,rcm1-sc50ma-owi-cm-20240529t090534-20240529t090650-00003-xxxxx.nc,/home/datawork-cersat-public/cache/public/ftp/project/sarwing/processings/grdwind+windir_2025v6v12_2v0_0v3v9_0v0v6_0v0v6_1v4v3_1v0v15_1v0v10_1v2v5_1v2v2_1v1v1_1v2v1/cmod5n_ecmwf_norecal_rs2rcmgmfv4_28052025/rcm-1/L2M/sc50ma/rcm-1_sc50ma/2024/150/RCM1_OK3086257_PK3088094_1_SC50MA_20240529_090534_HH_HV_GRD/rcm1-sc50ma-owi-cm-20240529t090534-20240529t090650-00003-xxxxx.nc
al262020,IRWIN,s1b-iw-owi-cm-20201007t113512-20201007t113652-000003-02D0BA_ll_gd_GEO-IRWIN.nc,20.6296901702881,273.360565185547,"2020-10-07T11:35:12,000",,s1b-iw-owi-cm-20201007t113422-20201007t113717-000003-02D0BA.nc,/home/datawork-cersat-public/cache/public/ftp/project/sarwing/processings/grdwind+windir_2025v6v12_2v0_0v3v9_0v0v6_0v0v6_1v4v3_1v0v15_1v0v10_1v2v5_1v2v2_1v1v1_1v2v1/cmod5n_ecmwf_norecal_rs2rcmgmfv4_28052025/sentinel-1b/L2M/IW/S1B_IW_GRDH_1S/2020/281/S1B_IW_GRDH_1SDV_20201007T113422_20201007T113717_023706_02D0BA_0206X0DB6X0EC3X44B4XA918XB8FAXE6AB/s1b-iw-owi-cm-20201007t113422-20201007t113717-000003-02D0BA.nc
al262020,IRWIN,s1a-iw-owi-cm-20201005t233309-20201005t233449-000003-0409B0_ll_gd_GEO-IRWIN.nc,16.4852180480957,280.489807128906,"2020-10-05T23:33:09,000",,s1a-iw-owi-cm-20201005t233219-20201005t233514-000003-0409B0.nc,/home/datawork-cersat-public/cache/public/ftp/project/sarwing/processings/grdwind+windir_2025v6v12_2v0_0v3v9_0v0v6_0v0v6_1v4v3_1v0v15_1v0v10_1v2v5_1v2v2_1v1v1_1v2v1/cmod5n_ecmwf_norecal_rs2rcmgmfv4_28052025/sentinel-1a/L2M/IW/S1A_IW_GRDH_1S/2020/279/S1A_IW_GRDH_1SDV_20201005T233219_20201005T233514_034668_0409B0_0911X2C80X3A60X4817X5727X85EAXA734/s1a-iw-owi-cm-20201005t233219-20201005t233514-000003-0409B0.nc
al262020,IRWIN,s1b-iw-owi-cm-20201008t000702-20201008t000846-000003-02D0FE_ll_gd_GEO-IRWIN.nc,22.1031360626221,270.209411621094,"2020-10-08T00:07:02,000",,s1b-iw-owi-cm-20201008t000702-20201008t000911-000003-02D0FE.nc,/home/datawork-cersat-public/cache/public/ftp/project/sarwing/processings/grdwind+windir_2025v6v12_2v0_0v3v9_0v0v6_0v0v6_1v4v3_1v0v15_1v0v10_1v2v5_1v2v2_1v1v1_1v2v1/cmod5n_ecmwf_norecal_rs2rcmgmfv4_28052025/sentinel-1b/L2M/IW/S1B_IW_GRDH_1S/2020/282/S1B_IW_GRDH_1SDV_20201008T000702_20201008T000911_023714_02D0FE_0017X5C70X9F80XB969XF59E/s1b-iw-owi-cm-20201008t000702-20201008t000911-000003-02D0FE.nc
al262020,IRWIN,s1a-iw-owi-cm-20201009t120643-20201009t120826-000003-040B68_ll_gd_GEO-IRWIN.nc,27.1406726837158,266.204650878906,"2020-10-09T12:06:43,000",/scale/user/mtannaou/alternance/donnees_sar_changes/s1a-iw-owi-cm-20201009t120643-20201009t120826-000003-040B68_aeqd.nc,s1a-iw-owi-cm-20201009t120643-20201009t120826-000003-040B68.nc,/home/datawork-cersat-public/cache/public/ftp/project/sarwing/processings/grdwind+windir_2025v6v12_2v0_0v3v9_0v0v6_0v0v6_1v4v3_1v0v15_1v0v10_1v2v5_1v2v2_1v1v1_1v2v1/cmod5n_ecmwf_norecal_rs2rcmgmfv4_28052025/sentinel-1a/L2M/IW/S1A_IW_GRDH_1S/2020/283/S1A_IW_GRDH_1SDV_20201009T120643_20201009T120826_034719_040B68_2815XAC34XD21DXD80E/s1a-iw-owi-cm-20201009t120643-20201009t120826-000003-040B68.nc
al262020,IRWIN,rs2-scwa-owi-cm-20201010t001135-20201010t001251-00003-______ll_gd_GEO-IRWIN.nc,29.5935249328613,266.771545410156,"2020-10-10T00:11:35,000",/scale/user/mtannaou/alternance/donnees_sar_changes/rs2-scwa-owi-cm-20201010t001135-20201010t001251-00003-xxxxx_aeqd.nc,rs2-scwa-owi-cm-20201010t001135-20201010t001251-00003-xxxxx.nc,/home/datawork-cersat-public/cache/public/ftp/project/sarwing/processings/grdwind+windir_2025v6v12_2v0_0v3v9_0v0v6_0v0v6_1v4v3_1v0v15_1v0v10_1v2v5_1v2v2_1v1v1_1v2v1/cmod5n_ecmwf_norecal_rs2rcmgmfv4_28052025/RS2/L2M/SCWA/RS2_SCWA/2020/284/RS2_OK125612_PK1098044_DK1043914_SCWA_20201010_001135_001135_VV_VH_SCF/rs2-scwa-owi-cm-20201010t001135-20201010t001251-00003-xxxxx.nc
al262020,IRWIN,rs2-scwa-owi-cm-20201008t115043-20201008t115306-00003-______ll_gd_GEO-IRWIN.nc,23.4481773376465,267.919891357422,"2020-10-08T11:50:43,000",/scale/user/mtannaou/alternance/donnees_sar_changes/rs2-scwa-owi-cm-20201008t115043-20201008t115306-00003-xxxxx_aeqd.nc,rs2-scwa-owi-cm-20201008t115043-20201008t115306-00003-xxxxx.nc,/home/datawork-cersat-public/cache/public/ftp/project/sarwing/processings/grdwind+windir_2025v6v12_2v0_0v3v9_0v0v6_0v0v6_1v4v3_1v0v15_1v0v10_1v2v5_1v2v2_1v1v1_1v2v1/cmod5n_ecmwf_norecal_rs2rcmgmfv4_28052025/RS2/L2M/SCWA/RS2_SCWA/2020/282/RS2_OK125612_PK1098042X043_DK1043912X913_SCWA_20201008_115043_115150_VV_VH_SCF/rs2-scwa-owi-cm-20201008t115043-20201008t115306-00003-xxxxx.nc
al162019,IRWIN,s1a-iw-owi-cm-20191018t002429-20191018t002544-000003-035B80_ll_gd_GEO-IRWIN.nc,23.0147686004639,265.245880126953,"2019-10-18T00:24:29,000",/scale/user/mtannaou/alternance/donnees_sar_changes/s1a-iw-owi-cm-20191018t002429-20191018t002544-000003-035B80_aeqd.nc,s1a-iw-owi-cm-20191018t002429-20191018t002544-000003-035B80.nc,/home/datawork-cersat-public/cache/public/ftp/project/sarwing/processings/grdwind+windir_2025v6v12_2v0_0v3v9_0v0v6_0v0v6_1v4v3_1v0v15_1v0v10_1v2v5_1v2v2_1v1v1_1v2v1/cmod5n_ecmwf_norecal_rs2rcmgmfv4_28052025/sentinel-1a/L2M/IW/S1A_IW_GRDH_1S/2019/291/S1A_IW_GRDH_1SDV_20191018T002429_20191018T002544_029506_035B80_35C9X8A3DX9E1E/s1a-iw-owi-cm-20191018t002429-20191018t002544-000003-035B80.nc
al142024,IRWIN,rcm1-sclnd-owi-cm-20241009t112521-20241009t112639-00003-______ll_gd_GEO-IRWIN.nc,24.5338325500488,274.819702148438,"2024-10-09T11:25:21,000",/scale/user/mtannaou/alternance/donnees_sar_changes/rcm1-sclnd-owi-cm-20241009t112521-20241009t112639-00003-xxxxx_aeqd.nc,rcm1-sclnd-owi-cm-20241009t112521-20241009t112639-00003-xxxxx.nc,/home/datawork-cersat-public/cache/public/ftp/project/sarwing/processings/grdwind+windir_2025v6v12_2v0_0v3v9_0v0v6_0v0v6_1v4v3_1v0v15_1v0v10_1v2v5_1v2v2_1v1v1_1v2v1/cmod5n_ecmwf_norecal_rs2rcmgmfv4_28052025/rcm-1/L2M/sclnd/rcm-1_sclnd/2024/283/RCM1_OK3304905_PK3307773_1_SCLND_20241009_112522_VV_VH_GRD/rcm1-sclnd-owi-cm-20241009t112521-20241009t112639-00003-xxxxx.nc
al142024,IRWIN,rcm2-sclna-owi-cm-20241007t121410-20241007t121526-00003-______ll_gd_GEO-IRWIN.nc,21.8750743865967,267.579620361328,"2024-10-07T12:14:10,000",/scale/user/mtannaou/alternance/donnees_sar_changes/rcm2-sclna-owi-cm-20241007t121410-20241007t121526-00003-xxxxx_aeqd.nc,rcm2-sclna-owi-cm-20241007t121410-20241007t121526-00003-xxxxx.nc,/home/datawork-cersat-public/cache/public/ftp/project/sarwing/processings/grdwind+windir_2025v6v12_2v0_0v3v9_0v0v6_0v0v6_1v4v3_1v0v15_1v0v10_1v2v5_1v2v2_1v1v1_1v2v1/cmod5n_ecmwf_norecal_rs2rcmgmfv4_28052025/rcm-2/L2M/sclna/rcm-2_sclna/2024/281/RCM2_OK3302821_PK3304683_1_SCLNA_20241007_121410_VV_VH_GRD/rcm2-sclna-owi-cm-20241007t121410-20241007t121526-00003-xxxxx.nc
al142024,IRWIN,rcm2-sclnc-owi-cm-20241010t231922-20241010t232017-00003-______ll_gd_GEO-IRWIN.nc,29.5268306732178,283.891845703125,"2024-10-10T23:19:22,000",/scale/user/mtannaou/alternance/donnees_sar_changes/rcm2-sclnc-owi-cm-20241010t231922-20241010t232017-00003-xxxxx_aeqd.nc,s1a-iw-owi-cm-20241010t231925-20241010t232220-000003-06DB19.nc,/home/datawork-cersat-public/cache/public/ftp/project/sarwing/processings/grdwind+windir_2025v6v12_2v0_0v3v9_0v0v6_0v0v6_1v4v3_1v0v15_1v0v10_1v2v5_1v2v2_1v1v1_1v2v1/cmod5n_ecmwf_norecal_rs2rcmgmfv4_28052025/sentinel-1a/L2M/IW/S1A_IW_GRDH_1S/2024/284/S1A_IW_GRDH_1SDV_20241010T231925_20241010T232220_056047_06DB19_008AX0317X418CX4DD4XA11AXBEC5XEC4E/s1a-iw-owi-cm-20241010t231925-20241010t232220-000003-06DB19.nc
al142024,IRWIN,rcm3-sclnd-owi-cm-20241009t000624-20241009t000741-00003-______ll_gd_GEO-IRWIN.nc,22.8157424926758,272.829193115234,"2024-10-09T00:06:24,000",/scale/user/mtannaou/alternance/donnees_sar_changes/rcm3-sclnd-owi-cm-20241009t000624-20241009t000741-00003-xxxxx_aeqd.nc,rcm3-sclnd-owi-cm-20241009t000624-20241009t000741-00003-xxxxx.nc,/home/datawork-cersat-public/cache/public/ftp/project/sarwing/processings/grdwind+windir_2025v6v12_2v0_0v3v9_0v0v6_0v0v6_1v4v3_1v0v15_1v0v10_1v2v5_1v2v2_1v1v1_1v2v1/cmod5n_ecmwf_norecal_rs2rcmgmfv4_28052025/rcm-3/L2M/sclnd/rcm-3_sclnd/2024/283/RCM3_OK3304570_PK3306929_1_SCLND_20241009_000627_VV_VH_GRD/rcm3-sclnd-owi-cm-20241009t000624-20241009t000741-00003-xxxxx.nc
al142024,IRWIN,rcm3-sclna-owi-cm-20241007t235827-20241007t235944-00003-______ll_gd_GEO-IRWIN.nc,21.8290176391602,269.368041992188,"2024-10-07T23:58:27,000",/scale/user/mtannaou/alternance/donnees_sar_changes/rcm3-sclna-owi-cm-20241007t235827-20241007t235944-00003-xxxxx_aeqd.nc,rcm3-sclna-owi-cm-20241007t235827-20241007t235944-00003-xxxxx.nc,/home/datawork-cersat-public/cache/public/ftp/project/sarwing/processings/grdwind+windir_2025v6v12_2v0_0v3v9_0v0v6_0v0v6_1v4v3_1v0v15_1v0v10_1v2v5_1v2v2_1v1v1_1v2v1/cmod5n_ecmwf_norecal_rs2rcmgmfv4_28052025/rcm-3/L2M/sclna/rcm-3_sclna/2024/281/RCM3_OK3302823_PK3305313_1_SCLNA_20241007_235828_VV_VH_GRD/rcm3-sclna-owi-cm-20241007t235827-20241007t235944-00003-xxxxx.nc
al142024,IRWIN,rcm2-sclnd-owi-cm-20241006t120623-20241006t120739-00003-______ll_gd_GEO-IRWIN.nc,22.5205078125,265.059661865234,"2024-10-06T12:06:23,000",/scale/user/mtannaou/alternance/donnees_sar_changes/rcm2-sclnd-owi-cm-20241006t120623-20241006t120739-00003-xxxxx_aeqd.nc,rcm2-sclnd-owi-cm-20241006t120623-20241006t120739-00003-xxxxx.nc,/home/datawork-cersat-public/cache/public/ftp/project/sarwing/processings/grdwind+windir_2025v6v12_2v0_0v3v9_0v0v6_0v0v6_1v4v3_1v0v15_1v0v10_1v2v5_1v2v2_1v1v1_1v2v1/cmod5n_ecmwf_norecal_rs2rcmgmfv4_28052025/rcm-2/L2M/sclnd/rcm-2_sclnd/2024/280/RCM2_OK3301236_PK3303044_1_SCLND_20241006_120625_VV_VH_GRD/rcm2-sclnd-owi-cm-20241006t120623-20241006t120739-00003-xxxxx.nc
al142024,IRWIN,rcm3-sclnb-owi-cm-20241008t115037-20241008t115138-00003-______ll_gd_GEO-IRWIN.nc,22.3285312652588,270.978942871094,"2024-10-08T11:50:37,000",/scale/user/mtannaou/alternance/donnees_sar_changes/rcm3-sclnb-owi-cm-20241008t115037-20241008t115138-00003-xxxxx_aeqd.nc,rcm3-sclnb-owi-cm-20241008t115037-20241008t115138-00003-xxxxx.nc,/home/datawork-cersat-public/cache/public/ftp/project/sarwing/processings/grdwind+windir_2025v6v12_2v0_0v3v9_0v0v6_0v0v6_1v4v3_1v0v15_1v0v10_1v2v5_1v2v2_1v1v1_1v2v1/cmod5n_ecmwf_norecal_rs2rcmgmfv4_28052025/rcm-3/L2M/sclnb/rcm-3_sclnb/2024/282/RCM3_OK3304564_PK3306188_1_SCLNB_20241008_115040_VV_VH_GRD/rcm3-sclnb-owi-cm-20241008t115037-20241008t115138-00003-xxxxx.nc
al142024,IRWIN,rcm2-sclnd-owi-cm-20241007t002203-20241007t002321-00003-______ll_gd_GEO-IRWIN.nc,22.5342884063721,266.438598632813,"2024-10-07T00:22:03,000",/scale/user/mtannaou/alternance/donnees_sar_changes/rcm2-sclnd-owi-cm-20241007t002203-20241007t002321-00003-xxxxx_aeqd.nc,rcm2-sclnd-owi-cm-20241007t002203-20241007t002321-00003-xxxxx.nc,/home/datawork-cersat-public/cache/public/ftp/project/sarwing/processings/grdwind+windir_2025v6v12_2v0_0v3v9_0v0v6_0v0v6_1v4v3_1v0v15_1v0v10_1v2v5_1v2v2_1v1v1_1v2v1/cmod5n_ecmwf_norecal_rs2rcmgmfv4_28052025/rcm-2/L2M/sclnd/rcm-2_sclnd/2024/281/RCM2_OK3301250_PK3303920_1_SCLND_20241007_002204_VV_VH_GRD/rcm2-sclnd-owi-cm-20241007t002203-20241007t002321-00003-xxxxx.nc
al142024,IRWIN,rcm1-sclnd-owi-cm-20241009t234235-20241009t234415-00003-______ll_gd_GEO-IRWIN.nc,26.9071559906006,276.804595947266,"2024-10-09T23:42:35,000",/scale/user/mtannaou/alternance/donnees_sar_changes/rcm1-sclnd-owi-cm-20241009t234235-20241009t234415-00003-xxxxx_aeqd.nc,rcm1-sclnd-owi-cm-20241009t234235-20241009t234415-00003-xxxxx.nc,/home/datawork-cersat-public/cache/public/ftp/project/sarwing/processings/grdwind+windir_2025v6v12_2v0_0v3v9_0v0v6_0v0v6_1v4v3_1v0v15_1v0v10_1v2v5_1v2v2_1v1v1_1v2v1/cmod5n_ecmwf_norecal_rs2rcmgmfv4_28052025/rcm-1/L2M/sclnd/rcm-1_sclnd/2024/283/RCM1_OK3309598_PK3309607_1_SCLND_20241009_234249_VV_VH_GRD/rcm1-sclnd-owi-cm-20241009t234235-20241009t234415-00003-xxxxx.nc
ep122020,IRWIN,s1b-ew-owi-cm-20200820t131330-20200820t131534-000003-02BAD1_ll_gd_GEO-IRWIN.nc,22.8365840911865,248.880767822266,"2020-08-20T13:13:30,000",/scale/user/mtannaou/alternance/donnees_sar_changes/s1b-ew-owi-cm-20200820t131330-20200820t131534-000003-02BAD1_aeqd.nc,s1b-ew-owi-cm-20200820t131330-20200820t131534-000003-02BAD1.nc,/home/datawork-cersat-public/cache/public/ftp/project/sarwing/processings/grdwind+windir_2025v6v12_2v0_0v3v9_0v0v6_0v0v6_1v4v3_1v0v15_1v0v10_1v2v5_1v2v2_1v1v1_1v2v1/cmod5n_ecmwf_norecal_rs2rcmgmfv4_28052025/sentinel-1b/L2M/EW/S1B_EW_GRDM_1S/2020/233/S1B_EW_GRDM_1SDV_20200820T131330_20200820T131534_023007_02BAD1_27A4X5DFF/s1b-ew-owi-cm-20200820t131330-20200820t131534-000003-02BAD1.nc
ep122020,IRWIN,rs2-scwa-owi-cm-20200821t133153-20200821t133416-00003-______ll_gd_GEO-IRWIN.nc,24.6560497283936,245.542922973633,"2020-08-21T13:31:53,000",/scale/user/mtannaou/alternance/donnees_sar_changes/rs2-scwa-owi-cm-20200821t133153-20200821t133416-00003-xxxxx_aeqd.nc,rs2-scwa-owi-cm-20200821t133153-20200821t133416-00003-xxxxx.nc,/home/datawork-cersat-public/cache/public/ftp/project/sarwing/processings/grdwind+windir_2025v6v12_2v0_0v3v9_0v0v6_0v0v6_1v4v3_1v0v15_1v0v10_1v2v5_1v2v2_1v1v1_1v2v1/cmod5n_ecmwf_norecal_rs2rcmgmfv4_28052025/RS2/L2M/SCWA/RS2_SCWA/2020/234/RS2_OK123649_PK1086793X794_DK1033081X082_SCWA_20200821_133153_133300_VV_VH_SGF/rs2-scwa-owi-cm-20200821t133153-20200821t133416-00003-xxxxx.nc
ep022019,IRWIN,s1b-ew-owi-cm-20190704t023228-20190704t023438-000003-01FF1E_ll_gd_GEO-IRWIN.nc,14.6484355926514,231.917236328125,"2019-07-04T02:32:28,000",/scale/user/mtannaou/alternance/donnees_sar_changes/s1b-ew-owi-cm-20190704t023228-20190704t023438-000003-01FF1E_aeqd.nc,s1b-ew-owi-cm-20190704t023228-20190704t023438-000003-01FF1E.nc,/home/datawork-cersat-public/cache/public/ftp/project/sarwing/processings/grdwind+windir_2025v6v12_2v0_0v3v9_0v0v6_0v0v6_1v4v3_1v0v15_1v0v10_1v2v5_1v2v2_1v1v1_1v2v1/cmod5n_ecmwf_norecal_rs2rcmgmfv4_28052025/sentinel-1b/L2M/EW/S1B_EW_GRDM_1S/2019/185/S1B_EW_GRDM_1SDV_20190704T023228_20190704T023438_016978_01FF1E_D018XEDC8/s1b-ew-owi-cm-20190704t023228-20190704t023438-000003-01FF1E.nc
ep022019,IRWIN,s1a-ew-owi-cm-20190706t030714-20190706t030900-000003-03292B_ll_gd_GEO-IRWIN.nc,18.7055149078369,224.113189697266,"2019-07-06T03:07:14,000",/scale/user/mtannaou/alternance/donnees_sar_changes/s1a-ew-owi-cm-20190706t030714-20190706t030900-000003-03292B_aeqd.nc,s1a-ew-owi-cm-20190706t030714-20190706t030900-000003-03292B.nc,/home/datawork-cersat-public/cache/public/ftp/project/sarwing/processings/grdwind+windir_2025v6v12_2v0_0v3v9_0v0v6_0v0v6_1v4v3_1v0v15_1v0v10_1v2v5_1v2v2_1v1v1_1v2v1/cmod5n_ecmwf_norecal_rs2rcmgmfv4_28052025/sentinel-1a/L2M/EW/S1A_EW_GRDM_1S/2019/187/S1A_EW_GRDM_1SDV_20190706T030714_20190706T030900_027991_03292B_429CXABEC/s1a-ew-owi-cm-20190706t030714-20190706t030900-000003-03292B.nc
sh022024,IRWIN,rcm2-sclna-owi-cm-20231116t061925-20231116t062041-00003-______ll_gd_GEO-IRWIN.nc,-25.8365821838379,181.73112487793,"2023-11-16T06:19:25,000",/scale/user/mtannaou/alternance/donnees_sar_changes/rcm2-sclna-owi-cm-20231116t061925-20231116t062041-00003-xxxxx_aeqd.nc,rcm2-sclna-owi-cm-20231116t061925-20231116t062041-00003-xxxxx.nc,/home/datawork-cersat-public/cache/public/ftp/project/sarwing/processings/grdwind+windir_2025v6v12_2v0_0v3v9_0v0v6_0v0v6_1v4v3_1v0v15_1v0v10_1v2v5_1v2v2_1v1v1_1v2v1/cmod5n_ecmwf_norecal_rs2rcmgmfv4_28052025/rcm-2/L2M/sclna/rcm-2_sclna/2023/320/RCM2_OK2831736_PK2833428_1_SCLNA_20231116_061925_VV_VH_GRD/rcm2-sclna-owi-cm-20231116t061925-20231116t062041-00003-xxxxx.nc
sh022024,IRWIN,rcm2-sclnd-owi-cm-20231116t170124-20231116t170238-00003-______ll_gd_GEO-IRWIN.nc,-27.6980056762695,183.618392944336,"2023-11-16T17:01:24,000",/scale/user/mtannaou/alternance/donnees_sar_changes/rcm2-sclnd-owi-cm-20231116t170124-20231116t170238-00003-xxxxx_aeqd.nc,rcm2-sclnd-owi-cm-20231116t170124-20231116t170238-00003-xxxxx.nc,/home/datawork-cersat-public/cache/public/ftp/project/sarwing/processings/grdwind+windir_2025v6v12_2v0_0v3v9_0v0v6_0v0v6_1v4v3_1v0v15_1v0v10_1v2v5_1v2v2_1v1v1_1v2v1/cmod5n_ecmwf_norecal_rs2rcmgmfv4_28052025/rcm-2/L2M/sclnd/rcm-2_sclnd/2023/320/RCM2_OK2831756_PK2834073_1_SCLND_20231116_170124_VV_VH_GRD/rcm2-sclnd-owi-cm-20231116t170124-20231116t170238-00003-xxxxx.nc
sh022024,IRWIN,s1a-iw-owi-cm-20231114t174047-20231114t174139-000003-062D9A_ll_gd_GEO-IRWIN.nc,-18.0280570983887,176.053741455078,"2023-11-14T17:40:47,000",/scale/user/mtannaou/alternance/donnees_sar_changes/s1a-iw-owi-cm-20231114t174047-20231114t174139-000003-062D9A_aeqd.nc,s1a-iw-owi-cm-20231114t174047-20231114t174139-000003-062D9A.nc,/home/datawork-cersat-public/cache/public/ftp/project/sarwing/processings/grdwind+windir_2025v6v12_2v0_0v3v9_0v0v6_0v0v6_1v4v3_1v0v15_1v0v10_1v2v5_1v2v2_1v1v1_1v2v1/cmod5n_ecmwf_norecal_rs2rcmgmfv4_28052025/sentinel-1a/L2M/IW/S1A_IW_GRDH_1S/2023/318/S1A_IW_GRDH_1SDV_20231114T174047_20231114T174139_051216_062D9A_D3ADXD47A/s1a-iw-owi-cm-20231114t174047-20231114t174139-000003-062D9A.nc
sh022024,IRWIN,rcm3-sc50ma-owi-cm-20231114t174732-20231114t174847-00003-______ll_gd_GEO-IRWIN.nc,-18.0691051483154,176.081268310547,"2023-11-14T17:47:32,000",/scale/user/mtannaou/alternance/donnees_sar_changes/rcm3-sc50ma-owi-cm-20231114t174732-20231114t174847-00003-xxxxx_aeqd.nc,rcm3-sc50ma-owi-cm-20231114t174732-20231114t174847-00003-xxxxx.nc,/home/datawork-cersat-public/cache/public/ftp/project/sarwing/processings/grdwind+windir_2025v6v12_2v0_0v3v9_0v0v6_0v0v6_1v4v3_1v0v15_1v0v10_1v2v5_1v2v2_1v1v1_1v2v1/cmod5n_ecmwf_norecal_rs2rcmgmfv4_28052025/rcm-3/L2M/sc50ma/rcm-3_sc50ma/2023/318/RCM3_OK2829734_PK2831747_1_SC50MA_20231114_174733_HH_HV_GRD/rcm3-sc50ma-owi-cm-20231114t174732-20231114t174847-00003-xxxxx.nc
sh022024,IRWIN,rcm1-sc50ma-owi-cm-20231114t063722-20231114t063839-00003-______ll_gd_GEO-IRWIN.nc,-15.8096675872803,174.987411499023,"2023-11-14T06:37:22,000",/scale/user/mtannaou/alternance/donnees_sar_changes/rcm1-sc50ma-owi-cm-20231114t063722-20231114t063839-00003-xxxxx_aeqd.nc,rcm1-sc50ma-owi-cm-20231114t063722-20231114t063839-00003-xxxxx.nc,/home/datawork-cersat-public/cache/public/ftp/project/sarwing/processings/grdwind+windir_2025v6v12_2v0_0v3v9_0v0v6_0v0v6_1v4v3_1v0v15_1v0v10_1v2v5_1v2v2_1v1v1_1v2v1/cmod5n_ecmwf_norecal_rs2rcmgmfv4_28052025/rcm-1/L2M/sc50ma/rcm-1_sc50ma/2023/318/RCM1_OK2829711_PK2831076_1_SC50MA_20231114_063723_HH_HV_GRD/rcm1-sc50ma-owi-cm-20231114t063722-20231114t063839-00003-xxxxx.nc
al082024,IRWIN,rcm2-sclnd-owi-cm-20240916t105933-20240916t110050-00003-______ll_gd_GEO-IRWIN.nc,32.5030250549316,281.9111328125,"2024-09-16T10:59:33,000",/scale/user/mtannaou/alternance/donnees_sar_changes/rcm2-sclnd-owi-cm-20240916t105933-20240916t110050-00003-xxxxx_aeqd.nc,rcm2-sclnd-owi-cm-20240916t105933-20240916t110050-00003-xxxxx.nc,/home/datawork-cersat-public/cache/public/ftp/project/sarwing/processings/grdwind+windir_2025v6v12_2v0_0v3v9_0v0v6_0v0v6_1v4v3_1v0v15_1v0v10_1v2v5_1v2v2_1v1v1_1v2v1/cmod5n_ecmwf_norecal_rs2rcmgmfv4_28052025/rcm-2/L2M/sclnd/rcm-2_sclnd/2024/260/RCM2_OK3266579_PK3267905_1_SCLND_20240916_105934_VV_VH_GRD/rcm2-sclnd-owi-cm-20240916t105933-20240916t110050-00003-xxxxx.nc
al042021,IRWIN,s1a-iw-owi-cm-20210628t232129-20210628t232244-000003-048C7A_ll_gd_GEO-IRWIN.nc,32.1254577636719,279.907623291016,"2021-06-28T23:21:29,000",/scale/user/mtannaou/alternance/donnees_sar_changes/s1a-iw-owi-cm-20210628t232129-20210628t232244-000003-048C7A_aeqd.nc,s1a-iw-owi-cm-20210628t232129-20210628t232244-000003-048C7A.nc,/home/datawork-cersat-public/cache/public/ftp/project/sarwing/processings/grdwind+windir_2025v6v12_2v0_0v3v9_0v0v6_0v0v6_1v4v3_1v0v15_1v0v10_1v2v5_1v2v2_1v1v1_1v2v1/cmod5n_ecmwf_norecal_rs2rcmgmfv4_28052025/sentinel-1a/L2M/IW/S1A_IW_GRDH_1S/2021/179/S1A_IW_GRDH_1SDV_20210628T232129_20210628T232244_038547_048C7A_41E1X658DXBB0E/s1a-iw-owi-cm-20210628t232129-20210628t232244-000003-048C7A.nc
al052022,IRWIN,s1a-ew-owi-cm-20220906t203052-20220906t203311-000003-055C9D_ll_gd_GEO-IRWIN.nc,42.3163299560547,319.093109130859,"2022-09-06T20:30:52,000",/scale/user/mtannaou/alternance/donnees_sar_changes/s1a-ew-owi-cm-20220906t203052-20220906t203311-000003-055C9D_aeqd.nc,s1a-ew-owi-cm-20220906t203052-20220906t203311-000003-055C9D.nc,/home/datawork-cersat-public/cache/public/ftp/project/sarwing/processings/grdwind+windir_2025v6v12_2v0_0v3v9_0v0v6_0v0v6_1v4v3_1v0v15_1v0v10_1v2v5_1v2v2_1v1v1_1v2v1/cmod5n_ecmwf_norecal_rs2rcmgmfv4_28052025/sentinel-1a/L2M/EW/S1A_EW_GRDM_1S/2022/249/S1A_EW_GRDM_1SDV_20220906T203052_20220906T203311_044889_055C9D_762CXB4E1XE566/s1a-ew-owi-cm-20220906t203052-20220906t203311-000003-055C9D.nc
al052022,IRWIN,s1a-iw-owi-cm-20220913t184440-20220913t184557-000003-056002_ll_gd_GEO-IRWIN.nc,43.5905647277832,348.797576904297,"2022-09-13T18:44:40,000",/scale/user/mtannaou/alternance/donnees_sar_changes/s1a-iw-owi-cm-20220913t184440-20220913t184557-000003-056002_aeqd.nc,s1a-iw-owi-cm-20220913t184440-20220913t184557-000003-056002.nc,/home/datawork-cersat-public/cache/public/ftp/project/sarwing/processings/grdwind+windir_2025v6v12_2v0_0v3v9_0v0v6_0v0v6_1v4v3_1v0v15_1v0v10_1v2v5_1v2v2_1v1v1_1v2v1/cmod5n_ecmwf_norecal_rs2rcmgmfv4_28052025/sentinel-1a/L2M/IW/S1A_IW_GRDH_1S/2022/256/S1A_IW_GRDH_1SDV_20220913T184440_20220913T184557_044990_056002_1257XA034XA880/s1a-iw-owi-cm-20220913t184440-20220913t184557-000003-056002.nc
al052022,IRWIN,rcm2-sc50ma-owi-cm-20220906t203409-20220906t203749-00003-______ll_gd_GEO-IRWIN.nc,42.3163299560547,319.093109130859,"2022-09-06T20:34:09,000",,rcm2-sc50ma-owi-cm-20220906t203409-20220906t203749-00003-xxxxx.nc,/home/datawork-cersat-public/cache/public/ftp/project/sarwing/processings/grdwind+windir_2025v6v12_2v0_0v3v9_0v0v6_0v0v6_1v4v3_1v0v15_1v0v10_1v2v5_1v2v2_1v1v1_1v2v1/cmod5n_ecmwf_norecal_rs2rcmgmfv4_28052025/rcm-2/L2M/sc50ma/rcm-2_sc50ma/2022/249/RCM2_OK2378128_PK2381386_1_SC50MA_20220906_203422_HH_HV_GRD/rcm2-sc50ma-owi-cm-20220906t203409-20220906t203749-00003-xxxxx.nc
al152024,IRWIN,rcm3-sclnb-owi-cm-20241019t114346-20241019t114502-00003-______ll_gd_GEO-IRWIN.nc,17.385181427002,272.899047851563,"2024-10-19T11:43:46,000",/scale/user/mtannaou/alternance/donnees_sar_changes/rcm3-sclnb-owi-cm-20241019t114346-20241019t114502-00003-xxxxx_aeqd.nc,rcm3-sclnb-owi-cm-20241019t114346-20241019t114502-00003-xxxxx.nc,/home/datawork-cersat-public/cache/public/ftp/project/sarwing/processings/grdwind+windir_2025v6v12_2v0_0v3v9_0v0v6_0v0v6_1v4v3_1v0v15_1v0v10_1v2v5_1v2v2_1v1v1_1v2v1/cmod5n_ecmwf_norecal_rs2rcmgmfv4_28052025/rcm-3/L2M/sclnb/rcm-3_sclnb/2024/293/RCM3_OK3321865_PK3323558_1_SCLNB_20241019_114348_VV_VH_GRD/rcm3-sclnb-owi-cm-20241019t114346-20241019t114502-00003-xxxxx.nc
al042023,IRWIN,rcm3-sclna-owi-cm-20230625t095038-20230625t095155-00003-______ll_gd_GEO-IRWIN.nc,19.7520790100098,303.218719482422,"2023-06-25T09:50:38,000",/scale/user/mtannaou/alternance/donnees_sar_changes/rcm3-sclna-owi-cm-20230625t095038-20230625t095155-00003-xxxxx_aeqd.nc,rcm3-sclna-owi-cm-20230625t095038-20230625t095155-00003-xxxxx.nc,/home/datawork-cersat-public/cache/public/ftp/project/sarwing/processings/grdwind+windir_2025v6v12_2v0_0v3v9_0v0v6_0v0v6_1v4v3_1v0v15_1v0v10_1v2v5_1v2v2_1v1v1_1v2v1/cmod5n_ecmwf_norecal_rs2rcmgmfv4_28052025/rcm-3/L2M/sclna/rcm-3_sclna/2023/176/RCM3_OK2620030_PK2622059_1_SCLNA_20230625_095038_VV_VH_GRD/rcm3-sclna-owi-cm-20230625t095038-20230625t095155-00003-xxxxx.nc
al042023,IRWIN,rcm3-sclnd-owi-cm-20230624t215539-20230624t215655-00003-______ll_gd_GEO-IRWIN.nc,17.2316150665283,305.668975830078,"2023-06-24T21:55:39,000",/scale/user/mtannaou/alternance/donnees_sar_changes/rcm3-sclnd-owi-cm-20230624t215539-20230624t215655-00003-xxxxx_aeqd.nc,rcm3-sclnd-owi-cm-20230624t215539-20230624t215655-00003-xxxxx.nc,/home/datawork-cersat-public/cache/public/ftp/project/sarwing/processings/grdwind+windir_2025v6v12_2v0_0v3v9_0v0v6_0v0v6_1v4v3_1v0v15_1v0v10_1v2v5_1v2v2_1v1v1_1v2v1/cmod5n_ecmwf_norecal_rs2rcmgmfv4_28052025/rcm-3/L2M/sclnd/rcm-3_sclnd/2023/175/RCM3_OK2619615_PK2621506_1_SCLND_20230624_215541_VV_VH_GRD/rcm3-sclnd-owi-cm-20230624t215539-20230624t215655-00003-xxxxx.nc
al042023,IRWIN,rcm3-sclnb-owi-cm-20230625t220440-20230625t220554-00003-______ll_gd_GEO-IRWIN.nc,21.9488773345947,300.800354003906,"2023-06-25T22:04:40,000",/scale/user/mtannaou/alternance/donnees_sar_changes/rcm3-sclnb-owi-cm-20230625t220440-20230625t220554-00003-xxxxx_aeqd.nc,rcm3-sclnb-owi-cm-20230625t220440-20230625t220554-00003-xxxxx.nc,/home/datawork-cersat-public/cache/public/ftp/project/sarwing/processings/grdwind+windir_2025v6v12_2v0_0v3v9_0v0v6_0v0v6_1v4v3_1v0v15_1v0v10_1v2v5_1v2v2_1v1v1_1v2v1/cmod5n_ecmwf_norecal_rs2rcmgmfv4_28052025/rcm-3/L2M/sclnb/rcm-3_sclnb/2023/176/RCM3_OK2620050_PK2622640_1_SCLNB_20230625_220441_VV_VH_GRD/rcm3-sclnb-owi-cm-20230625t220440-20230625t220554-00003-xxxxx.nc
al042023,IRWIN,rcm1-sclna-owi-cm-20230623t211423-20230623t211540-00003-______ll_gd_GEO-IRWIN.nc,12.9506025314331,310.9443359375,"2023-06-23T21:14:23,000",/scale/user/mtannaou/alternance/donnees_sar_changes/rcm1-sclna-owi-cm-20230623t211423-20230623t211540-00003-xxxxx_aeqd.nc,rcm1-sclna-owi-cm-20230623t211423-20230623t211540-00003-xxxxx.nc,/home/datawork-cersat-public/cache/public/ftp/project/sarwing/processings/grdwind+windir_2025v6v12_2v0_0v3v9_0v0v6_0v0v6_1v4v3_1v0v15_1v0v10_1v2v5_1v2v2_1v1v1_1v2v1/cmod5n_ecmwf_norecal_rs2rcmgmfv4_28052025/rcm-1/L2M/sclna/rcm-1_sclna/2023/174/RCM1_OK2617811_PK2620132_1_SCLNA_20230623_211424_VV_VH_GRD/rcm1-sclna-owi-cm-20230623t211423-20230623t211540-00003-xxxxx.nc
al042023,IRWIN,rcm1-sclnd-owi-cm-20230624t091103-20230624t091220-00003-______ll_gd_GEO-IRWIN.nc,14.8287878036499,308.539520263672,"2023-06-24T09:11:03,000",/scale/user/mtannaou/alternance/donnees_sar_changes/rcm1-sclnd-owi-cm-20230624t091103-20230624t091220-00003-xxxxx_aeqd.nc,rcm1-sclnd-owi-cm-20230624t091103-20230624t091220-00003-xxxxx.nc,/home/datawork-cersat-public/cache/public/ftp/project/sarwing/processings/grdwind+windir_2025v6v12_2v0_0v3v9_0v0v6_0v0v6_1v4v3_1v0v15_1v0v10_1v2v5_1v2v2_1v1v1_1v2v1/cmod5n_ecmwf_norecal_rs2rcmgmfv4_28052025/rcm-1/L2M/sclnd/rcm-1_sclnd/2023/175/RCM1_OK2619600_PK2620894_1_SCLND_20230624_091103_VV_VH_GRD/rcm1-sclnd-owi-cm-20230624t091103-20230624t091220-00003-xxxxx.nc
wp292019,IRWIN,s1a-iw-owi-cm-20191201t212303-20191201t212357-000003-037255_ll_gd_GEO-IRWIN.nc,12.8930854797363,127.444557189941,"2019-12-01T21:23:03,000",,s1a-iw-owi-cm-20191201t212303-20191201t212447-000003-037255.nc,/home/datawork-cersat-public/cache/public/ftp/project/sarwing/processings/grdwind+windir_2025v6v12_2v0_0v3v9_0v0v6_0v0v6_1v4v3_1v0v15_1v0v10_1v2v5_1v2v2_1v1v1_1v2v1/cmod5n_ecmwf_norecal_rs2rcmgmfv4_28052025/sentinel-1a/L2M/IW/S1A_IW_GRDH_1S/2019/335/S1A_IW_GRDH_1SDV_20191201T212303_20191201T212447_030160_037255_0CC8XB37AXC0D8XCF42/s1a-iw-owi-cm-20191201t212303-20191201t212447-000003-037255.nc
ep042022,IRWIN,s1a-iw-owi-cm-20220701t234834-20220701t234949-000003-053E0B_ll_gd_GEO-IRWIN.nc,10.961142539978,277.347625732422,"2022-07-01T23:48:34,000",,s1a-iw-owi-cm-20220701t234805-20220701t234949-000003-053E0B.nc,/home/datawork-cersat-public/cache/public/ftp/project/sarwing/processings/grdwind+windir_2025v6v12_2v0_0v3v9_0v0v6_0v0v6_1v4v3_1v0v15_1v0v10_1v2v5_1v2v2_1v1v1_1v2v1/cmod5n_ecmwf_norecal_rs2rcmgmfv4_28052025/sentinel-1a/L2M/IW/S1A_IW_GRDH_1S/2022/182/S1A_IW_GRDH_1SDV_20220701T234805_20220701T234949_043914_053E0B_208CX450BX5845XF1FA/s1a-iw-owi-cm-20220701t234805-20220701t234949-000003-053E0B.nc
ep042022,IRWIN,s1a-ew-owi-cm-20220706t130750-20220706t130915-000003-053FF6_ll_gd_GEO-IRWIN.nc,15.9702844619751,251.610885620117,"2022-07-06T13:07:50,000",/scale/user/mtannaou/alternance/donnees_sar_changes/s1a-ew-owi-cm-20220706t130750-20220706t130915-000003-053FF6_aeqd.nc,s1a-ew-owi-cm-20220706t130750-20220706t130915-000003-053FF6.nc,/home/datawork-cersat-public/cache/public/ftp/project/sarwing/processings/grdwind+windir_2025v6v12_2v0_0v3v9_0v0v6_0v0v6_1v4v3_1v0v15_1v0v10_1v2v5_1v2v2_1v1v1_1v2v1/cmod5n_ecmwf_norecal_rs2rcmgmfv4_28052025/sentinel-1a/L2M/EW/S1A_EW_GRDM_1S/2022/187/S1A_EW_GRDM_1SDH_20220706T130750_20220706T130915_043980_053FF6_4C8EXFD1F/s1a-ew-owi-cm-20220706t130750-20220706t130915-000003-053FF6.nc
ep042022,IRWIN,s1a-ew-owi-cm-20220707t013653-20220707t013827-000003-054032_ll_gd_GEO-IRWIN.nc,16.5877475738525,249.447341918945,"2022-07-07T01:36:53,000",/scale/user/mtannaou/alternance/donnees_sar_changes/s1a-ew-owi-cm-20220707t013653-20220707t013827-000003-054032_aeqd.nc,s1a-ew-owi-cm-20220707t013653-20220707t013827-000003-054032.nc,/home/datawork-cersat-public/cache/public/ftp/project/sarwing/processings/grdwind+windir_2025v6v12_2v0_0v3v9_0v0v6_0v0v6_1v4v3_1v0v15_1v0v10_1v2v5_1v2v2_1v1v1_1v2v1/cmod5n_ecmwf_norecal_rs2rcmgmfv4_28052025/sentinel-1a/L2M/EW/S1A_EW_GRDM_1S/2022/188/S1A_EW_GRDM_1SDH_20220707T013653_20220707T013827_043988_054032_182DXA0D0/s1a-ew-owi-cm-20220707t013653-20220707t013827-000003-054032.nc
ep042022,IRWIN,rs2-scwa-owi-cm-20220705t004424-20220705t004648-00003-______ll_gd_GEO-IRWIN.nc,14.2626447677612,259.383758544922,"2022-07-05T00:44:24,000",/scale/user/mtannaou/alternance/donnees_sar_changes/rs2-scwa-owi-cm-20220705t004424-20220705t004648-00003-xxxxx_aeqd.nc,rs2-scwa-owi-cm-20220705t004424-20220705t004648-00003-xxxxx.nc,/home/datawork-cersat-public/cache/public/ftp/project/sarwing/processings/grdwind+windir_2025v6v12_2v0_0v3v9_0v0v6_0v0v6_1v4v3_1v0v15_1v0v10_1v2v5_1v2v2_1v1v1_1v2v1/cmod5n_ecmwf_norecal_rs2rcmgmfv4_28052025/RS2/L2M/SCWA/RS2_SCWA/2022/186/RS2_OK141302_PK1242215X216_DK1208529X530_SCWA_20220705_004424_004531_VV_VH_SGF/rs2-scwa-owi-cm-20220705t004424-20220705t004648-00003-xxxxx.nc
al132022,IRWIN,rcm2-sc50ma-owi-cm-20221008t105633-20221008t105652-00003-______ll_gd_GEO-IRWIN.nc,12.6990613937378,281.965698242188,"2022-10-08T10:56:33,000",/scale/user/mtannaou/alternance/donnees_sar_changes/rcm2-sc50ma-owi-cm-20221008t105633-20221008t105652-00003-xxxxx_aeqd.nc,rcm2-sc50ma-owi-cm-20221008t105633-20221008t105652-00003-xxxxx.nc,/home/datawork-cersat-public/cache/public/ftp/project/sarwing/processings/grdwind+windir_2025v6v12_2v0_0v3v9_0v0v6_0v0v6_1v4v3_1v0v15_1v0v10_1v2v5_1v2v2_1v1v1_1v2v1/cmod5n_ecmwf_norecal_rs2rcmgmfv4_28052025/rcm-2/L2M/sc50ma/rcm-2_sc50ma/2022/281/RCM2_OK2287469_PK2289599_1_SC50MA_20221008_105623_HH_HV_GRD/rcm2-sc50ma-owi-cm-20221008t105633-20221008t105652-00003-xxxxx.nc
al172020,IRWIN,s1b-iw-owi-cm-20200921t194728-20200921t194822-000003-02C997_ll_gd_GEO-IRWIN.nc,33.2879295349121,331.8583984375,"2020-09-21T19:47:28,000",,s1b-iw-owi-cm-20200921t194728-20200921t194912-000003-02C997.nc,/home/datawork-cersat-public/cache/public/ftp/project/sarwing/processings/grdwind+windir_2025v6v12_2v0_0v3v9_0v0v6_0v0v6_1v4v3_1v0v15_1v0v10_1v2v5_1v2v2_1v1v1_1v2v1/cmod5n_ecmwf_norecal_rs2rcmgmfv4_28052025/sentinel-1b/L2M/IW/S1B_IW_GRDH_1S/2020/265/S1B_IW_GRDH_1SDV_20200921T194728_20200921T194912_023478_02C997_7962XB374XC770XDFE6/s1b-iw-owi-cm-20200921t194728-20200921t194912-000003-02C997.nc
al172020,IRWIN,s1a-iw-owi-cm-20200916t092622-20200916t092738-000003-03FF8D_ll_gd_GEO-IRWIN.nc,41.536434173584,310.192810058594,"2020-09-16T09:26:22,000",,s1a-iw-owi-cm-20200916t092507-20200916t092738-000003-03FF8D.nc,/home/datawork-cersat-public/cache/public/ftp/project/sarwing/processings/grdwind+windir_2025v6v12_2v0_0v3v9_0v0v6_0v0v6_1v4v3_1v0v15_1v0v10_1v2v5_1v2v2_1v1v1_1v2v1/cmod5n_ecmwf_norecal_rs2rcmgmfv4_28052025/sentinel-1a/L2M/IW/S1A_IW_GRDH_1S/2020/260/S1A_IW_GRDH_1SDH_20200916T092507_20200916T092738_034382_03FF8D_0A64X3B3DX66BBXB16DXB837XDBEC/s1a-iw-owi-cm-20200916t092507-20200916t092738-000003-03FF8D.nc
al172020,IRWIN,s1a-iw-owi-cm-20200921t075828-20200921t075920-000003-04022D_ll_gd_GEO-IRWIN.nc,33.3173561096191,328.783264160156,"2020-09-21T07:58:28,000",,s1a-iw-owi-cm-20200921t075738-20200921t075920-000003-04022D.nc,/home/datawork-cersat-public/cache/public/ftp/project/sarwing/processings/grdwind+windir_2025v6v12_2v0_0v3v9_0v0v6_0v0v6_1v4v3_1v0v15_1v0v10_1v2v5_1v2v2_1v1v1_1v2v1/cmod5n_ecmwf_norecal_rs2rcmgmfv4_28052025/sentinel-1a/L2M/IW/S1A_IW_GRDH_1S/2020/265/S1A_IW_GRDH_1SDV_20200921T075738_20200921T075920_034454_04022D_4CF4X6643XA0DEXF135/s1a-iw-owi-cm-20200921t075738-20200921t075920-000003-04022D.nc
al172020,IRWIN,s1b-ew-owi-cm-20200918t081938-20200918t082143-000003-02C801_ll_gd_GEO-IRWIN.nc,44.4975433349609,328.608795166016,"2020-09-18T08:19:38,000",,s1b-ew-owi-cm-20200918t081938-20200918t082243-000003-02C801.nc,/home/datawork-cersat-public/cache/public/ftp/project/sarwing/processings/grdwind+windir_2025v6v12_2v0_0v3v9_0v0v6_0v0v6_1v4v3_1v0v15_1v0v10_1v2v5_1v2v2_1v1v1_1v2v1/cmod5n_ecmwf_norecal_rs2rcmgmfv4_28052025/sentinel-1b/L2M/EW/S1B_EW_GRDM_1S/2020/262/S1B_EW_GRDM_1SDV_20200918T081938_20200918T082243_023427_02C801_75FCX783AXD81A/s1b-ew-owi-cm-20200918t081938-20200918t082243-000003-02C801.nc
al172020,IRWIN,s1b-iw-owi-cm-20200920t080530-20200920t080636-000003-02C8E1_ll_gd_GEO-IRWIN.nc,35.494327545166,330.599517822266,"2020-09-20T08:05:30,000",,s1b-iw-owi-cm-20200920t080440-20200920t080636-000003-02C8E1.nc,/home/datawork-cersat-public/cache/public/ftp/project/sarwing/processings/grdwind+windir_2025v6v12_2v0_0v3v9_0v0v6_0v0v6_1v4v3_1v0v15_1v0v10_1v2v5_1v2v2_1v1v1_1v2v1/cmod5n_ecmwf_norecal_rs2rcmgmfv4_28052025/sentinel-1b/L2M/IW/S1B_IW_GRDH_1S/2020/264/S1B_IW_GRDH_1SDV_20200920T080440_20200920T080636_023456_02C8E1_0951X2C0EXB0B8XC34AXE78E/s1b-iw-owi-cm-20200920t080440-20200920t080636-000003-02C8E1.nc
al172020,IRWIN,rcm3-sc50mb-owi-cm-20200915t212936-20200915t213056-00003-______ll_gd_GEO-IRWIN.nc,39.0285186767578,304.006805419922,"2020-09-15T21:29:36,000",/scale/user/mtannaou/alternance/donnees_sar_changes/rcm3-sc50mb-owi-cm-20200915t212936-20200915t213056-00003-xxxxx_aeqd.nc,rcm3-sc50mb-owi-cm-20200915t212936-20200915t213056-00003-xxxxx.nc,/home/datawork-cersat-public/cache/public/ftp/project/sarwing/processings/grdwind+windir_2025v6v12_2v0_0v3v9_0v0v6_0v0v6_1v4v3_1v0v15_1v0v10_1v2v5_1v2v2_1v1v1_1v2v1/cmod5n_ecmwf_norecal_rs2rcmgmfv4_28052025/rcm-3/L2M/sc50mb/rcm-3_sc50mb/2020/259/RCM3_OK2377187_PK2377801_1_SC50MB_20200915_212949_HH_HV_GRD/rcm3-sc50mb-owi-cm-20200915t212936-20200915t213056-00003-xxxxx.nc
al172020,IRWIN,s1a-ew-owi-cm-20200919t081237-20200919t081514-000003-040117_ll_gd_GEO-IRWIN.nc,37.6767959594727,328.904815673828,"2020-09-19T08:12:37,000",,s1a-ew-owi-cm-20200919t081132-20200919t081514-000003-040117.nc,/home/datawork-cersat-public/cache/public/ftp/project/sarwing/processings/grdwind+windir_2025v6v12_2v0_0v3v9_0v0v6_0v0v6_1v4v3_1v0v15_1v0v10_1v2v5_1v2v2_1v1v1_1v2v1/cmod5n_ecmwf_norecal_rs2rcmgmfv4_28052025/sentinel-1a/L2M/EW/S1A_EW_GRDM_1S/2020/263/S1A_EW_GRDM_1SDV_20200919T081132_20200919T081514_034425_040117_3EA5X8498XAE84XAE9F/s1a-ew-owi-cm-20200919t081132-20200919t081514-000003-040117.nc
sh212019,IRWIN,s1b-iw-owi-cm-20190323t213833-20190323t214017-000003-01D040_ll_gd_GEO-IRWIN.nc,-19.9080657958984,117.535858154297,"2019-03-23T21:38:33,000",/scale/user/mtannaou/alternance/donnees_sar_changes/s1b-iw-owi-cm-20190323t213833-20190323t214017-000003-01D040_aeqd.nc,s1b-iw-owi-cm-20190323t213833-20190323t214017-000003-01D040.nc,/home/datawork-cersat-public/cache/public/ftp/project/sarwing/processings/grdwind+windir_2025v6v12_2v0_0v3v9_0v0v6_0v0v6_1v4v3_1v0v15_1v0v10_1v2v5_1v2v2_1v1v1_1v2v1/cmod5n_ecmwf_norecal_rs2rcmgmfv4_28052025/sentinel-1b/L2M/IW/S1B_IW_GRDH_1S/2019/082/S1B_IW_GRDH_1SDV_20190323T213833_20190323T214017_015487_01D040_0AC6X5069X69D1X89AC/s1b-iw-owi-cm-20190323t213833-20190323t214017-000003-01D040.nc
sh212019,IRWIN,s1b-ew-owi-cm-20190323t104523-20190323t104727-000003-01D003_ll_gd_GEO-IRWIN.nc,-19.1975650787354,117.189903259277,"2019-03-23T10:45:23,000",/scale/user/mtannaou/alternance/donnees_sar_changes/s1b-ew-owi-cm-20190323t104523-20190323t104727-000003-01D003_aeqd.nc,s1b-ew-owi-cm-20190323t104523-20190323t104727-000003-01D003.nc,/home/datawork-cersat-public/cache/public/ftp/project/sarwing/processings/grdwind+windir_2025v6v12_2v0_0v3v9_0v0v6_0v0v6_1v4v3_1v0v15_1v0v10_1v2v5_1v2v2_1v1v1_1v2v1/cmod5n_ecmwf_norecal_rs2rcmgmfv4_28052025/sentinel-1b/L2M/EW/S1B_EW_GRDM_1S/2019/082/S1B_EW_GRDM_1SDV_20190323T104523_20190323T104727_015480_01D003_28B4XFA38/s1b-ew-owi-cm-20190323t104523-20190323t104727-000003-01D003.nc
sh212019,IRWIN,s1a-ew-owi-cm-20190324t103803-20190324t103949-000003-02F72C_ll_gd_GEO-IRWIN.nc,-20.2559356689453,117.705154418945,"2019-03-24T10:38:03,000",/scale/user/mtannaou/alternance/donnees_sar_changes/s1a-ew-owi-cm-20190324t103803-20190324t103949-000003-02F72C_aeqd.nc,s1a-ew-owi-cm-20190324t103803-20190324t103949-000003-02F72C.nc,/home/datawork-cersat-public/cache/public/ftp/project/sarwing/processings/grdwind+windir_2025v6v12_2v0_0v3v9_0v0v6_0v0v6_1v4v3_1v0v15_1v0v10_1v2v5_1v2v2_1v1v1_1v2v1/cmod5n_ecmwf_norecal_rs2rcmgmfv4_28052025/sentinel-1a/L2M/EW/S1A_EW_GRDM_1S/2019/083/S1A_EW_GRDM_1SDV_20190324T103803_20190324T103949_026478_02F72C_421BX4FCB/s1a-ew-owi-cm-20190324t103803-20190324t103949-000003-02F72C.nc
sh212019,IRWIN,s1a-ew-owi-cm-20190322t214643-20190322t214850-000003-02F65C_ll_gd_GEO-IRWIN.nc,-18.3903465270996,116.993309020996,"2019-03-22T21:46:43,000",/scale/user/mtannaou/alternance/donnees_sar_changes/s1a-ew-owi-cm-20190322t214643-20190322t214850-000003-02F65C_aeqd.nc,s1a-ew-owi-cm-20190322t214643-20190322t214850-000003-02F65C.nc,/home/datawork-cersat-public/cache/public/ftp/project/sarwing/processings/grdwind+windir_2025v6v12_2v0_0v3v9_0v0v6_0v0v6_1v4v3_1v0v15_1v0v10_1v2v5_1v2v2_1v1v1_1v2v1/cmod5n_ecmwf_norecal_rs2rcmgmfv4_28052025/sentinel-1a/L2M/EW/S1A_EW_GRDM_1S/2019/081/S1A_EW_GRDM_1SDV_20190322T214643_20190322T214850_026456_02F65C_D6D8XE074/s1a-ew-owi-cm-20190322t214643-20190322t214850-000003-02F65C.nc
io042019,IRWIN,s1b-ew-owi-cm-20191030t015123-20191030t015337-000003-0233DE_ll_gd_GEO-IRWIN.nc,19.5047035217285,62.2113647460938,"2019-10-30T01:51:23,000",/scale/user/mtannaou/alternance/donnees_sar_changes/s1b-ew-owi-cm-20191030t015123-20191030t015337-000003-0233DE_aeqd.nc,s1b-ew-owi-cm-20191030t015123-20191030t015337-000003-0233DE.nc,/home/datawork-cersat-public/cache/public/ftp/project/sarwing/processings/grdwind+windir_2025v6v12_2v0_0v3v9_0v0v6_0v0v6_1v4v3_1v0v15_1v0v10_1v2v5_1v2v2_1v1v1_1v2v1/cmod5n_ecmwf_norecal_rs2rcmgmfv4_28052025/sentinel-1b/L2M/EW/S1B_EW_GRDM_1S/2019/303/S1B_EW_GRDM_1SDV_20191030T015123_20191030T015337_018698_0233DE_5BA5XC3C9/s1b-ew-owi-cm-20191030t015123-20191030t015337-000003-0233DE.nc
ep122022,IRWIN,rcm2-sc50ma-owi-cm-20220908t012636-20220908t012732-00003-______ll_gd_GEO-IRWIN.nc,22.5158157348633,247.10986328125,"2022-09-08T01:26:36,000",/scale/user/mtannaou/alternance/donnees_sar_changes/rcm2-sc50ma-owi-cm-20220908t012636-20220908t012732-00003-xxxxx_aeqd.nc,rcm2-sc50ma-owi-cm-20220908t012636-20220908t012732-00003-xxxxx.nc,/home/datawork-cersat-public/cache/public/ftp/project/sarwing/processings/grdwind+windir_2025v6v12_2v0_0v3v9_0v0v6_0v0v6_1v4v3_1v0v15_1v0v10_1v2v5_1v2v2_1v1v1_1v2v1/cmod5n_ecmwf_norecal_rs2rcmgmfv4_28052025/rcm-2/L2M/sc50ma/rcm-2_sc50ma/2022/251/RCM2_OK2378128_PK2381391_1_SC50MA_20220908_012649_HH_HV_GRD/rcm2-sc50ma-owi-cm-20220908t012636-20220908t012732-00003-xxxxx.nc
ep122022,IRWIN,s1a-iw-owi-cm-20220907t133107-20220907t133151-000003-055CF5_ll_gd_GEO-IRWIN.nc,20.5434513092041,247.740341186523,"2022-09-07T13:31:07,000",,s1a-iw-owi-cm-20220907t132952-20220907t133151-000003-055CF5.nc,/home/datawork-cersat-public/cache/public/ftp/project/sarwing/processings/grdwind+windir_2025v6v12_2v0_0v3v9_0v0v6_0v0v6_1v4v3_1v0v15_1v0v10_1v2v5_1v2v2_1v1v1_1v2v1/cmod5n_ecmwf_norecal_rs2rcmgmfv4_28052025/sentinel-1a/L2M/IW/S1A_IW_GRDH_1S/2022/250/S1A_IW_GRDH_1SDV_20220907T132952_20220907T133151_044899_055CF5_02F2X20D8X2B96XB986XFE91/s1a-iw-owi-cm-20220907t132952-20220907t133151-000003-055CF5.nc
sh032024,IRWIN,rcm1-sclnb-owi-cm-20231206t075916-20231206t080032-00003-______ll_gd_GEO-IRWIN.nc,-11.1078567504883,157.198165893555,"2023-12-06T07:59:16,000",/scale/user/mtannaou/alternance/donnees_sar_changes/rcm1-sclnb-owi-cm-20231206t075916-20231206t080032-00003-xxxxx_aeqd.nc,rcm1-sclnb-owi-cm-20231206t075916-20231206t080032-00003-xxxxx.nc,/home/datawork-cersat-public/cache/public/ftp/project/sarwing/processings/grdwind+windir_2025v6v12_2v0_0v3v9_0v0v6_0v0v6_1v4v3_1v0v15_1v0v10_1v2v5_1v2v2_1v1v1_1v2v1/cmod5n_ecmwf_norecal_rs2rcmgmfv4_28052025/rcm-1/L2M/sclnb/rcm-1_sclnb/2023/340/RCM1_OK2857665_PK2859478_1_SCLNB_20231206_075916_VV_VH_GRD/rcm1-sclnb-owi-cm-20231206t075916-20231206t080032-00003-xxxxx.nc
sh032024,IRWIN,rcm3-sclnb-owi-cm-20231207t191422-20231207t191537-00003-______ll_gd_GEO-IRWIN.nc,-13.627908706665,156.702346801758,"2023-12-07T19:14:22,000",/scale/user/mtannaou/alternance/donnees_sar_changes/rcm3-sclnb-owi-cm-20231207t191422-20231207t191537-00003-xxxxx_aeqd.nc,rcm3-sclnb-owi-cm-20231207t191422-20231207t191537-00003-xxxxx.nc,/home/datawork-cersat-public/cache/public/ftp/project/sarwing/processings/grdwind+windir_2025v6v12_2v0_0v3v9_0v0v6_0v0v6_1v4v3_1v0v15_1v0v10_1v2v5_1v2v2_1v1v1_1v2v1/cmod5n_ecmwf_norecal_rs2rcmgmfv4_28052025/rcm-3/L2M/sclnb/rcm-3_sclnb/2023/341/RCM3_OK2857873_PK2862383_1_SCLNB_20231207_191424_VV_VH_GRD/rcm3-sclnb-owi-cm-20231207t191422-20231207t191537-00003-xxxxx.nc
sh032024,IRWIN,rcm1-sclnd-owi-cm-20231209t082200-20231209t082317-00003-______ll_gd_GEO-IRWIN.nc,-15.6153783798218,155.478561401367,"2023-12-09T08:22:00,000",/scale/user/mtannaou/alternance/donnees_sar_changes/rcm1-sclnd-owi-cm-20231209t082200-20231209t082317-00003-xxxxx_aeqd.nc,rcm1-sclnd-owi-cm-20231209t082200-20231209t082317-00003-xxxxx.nc,/home/datawork-cersat-public/cache/public/ftp/project/sarwing/processings/grdwind+windir_2025v6v12_2v0_0v3v9_0v0v6_0v0v6_1v4v3_1v0v15_1v0v10_1v2v5_1v2v2_1v1v1_1v2v1/cmod5n_ecmwf_norecal_rs2rcmgmfv4_28052025/rcm-1/L2M/sclnd/rcm-1_sclnd/2023/343/RCM1_OK2862141_PK2865171_1_SCLND_20231209_082201_VV_VH_GRD/rcm1-sclnd-owi-cm-20231209t082200-20231209t082317-00003-xxxxx.nc
sh032024,IRWIN,rcm1-sclnd-owi-cm-20231208t081414-20231208t081529-00003-______ll_gd_GEO-IRWIN.nc,-14.5200614929199,156.49983215332,"2023-12-08T08:14:14,000",/scale/user/mtannaou/alternance/donnees_sar_changes/rcm1-sclnd-owi-cm-20231208t081414-20231208t081529-00003-xxxxx_aeqd.nc,rcm1-sclnd-owi-cm-20231208t081414-20231208t081529-00003-xxxxx.nc,/home/datawork-cersat-public/cache/public/ftp/project/sarwing/processings/grdwind+windir_2025v6v12_2v0_0v3v9_0v0v6_0v0v6_1v4v3_1v0v15_1v0v10_1v2v5_1v2v2_1v1v1_1v2v1/cmod5n_ecmwf_norecal_rs2rcmgmfv4_28052025/rcm-1/L2M/sclnd/rcm-1_sclnd/2023/342/RCM1_OK2861788_PK2863517_1_SCLND_20231208_081416_VV_VH_GRD/rcm1-sclnd-owi-cm-20231208t081414-20231208t081529-00003-xxxxx.nc
sh032024,IRWIN,rcm3-sclna-owi-cm-20231212t195534-20231212t195649-00003-______ll_gd_GEO-IRWIN.nc,-15.601508140564,146.991012573242,"2023-12-12T19:55:34,000",/scale/user/mtannaou/alternance/donnees_sar_changes/rcm3-sclna-owi-cm-20231212t195534-20231212t195649-00003-xxxxx_aeqd.nc,rcm3-sclna-owi-cm-20231212t195534-20231212t195649-00003-xxxxx.nc,/home/datawork-cersat-public/cache/public/ftp/project/sarwing/processings/grdwind+windir_2025v6v12_2v0_0v3v9_0v0v6_0v0v6_1v4v3_1v0v15_1v0v10_1v2v5_1v2v2_1v1v1_1v2v1/cmod5n_ecmwf_norecal_rs2rcmgmfv4_28052025/rcm-3/L2M/sclna/rcm-3_sclna/2023/346/RCM3_OK2867086_PK2870371_1_SCLNA_20231212_195535_VV_VH_GRD/rcm3-sclna-owi-cm-20231212t195534-20231212t195649-00003-xxxxx.nc
sh032024,IRWIN,s1a-ew-owi-cm-20231211t194346-20231211t194450-000003-063B46_ll_gd_GEO-IRWIN.nc,-16.6087741851807,148.425582885742,"2023-12-11T19:43:46,000",/scale/user/mtannaou/alternance/donnees_sar_changes/s1a-ew-owi-cm-20231211t194346-20231211t194450-000003-063B46_aeqd.nc,s1a-ew-owi-cm-20231211t194346-20231211t194450-000003-063B46.nc,/home/datawork-cersat-public/cache/public/ftp/project/sarwing/processings/grdwind+windir_2025v6v12_2v0_0v3v9_0v0v6_0v0v6_1v4v3_1v0v15_1v0v10_1v2v5_1v2v2_1v1v1_1v2v1/cmod5n_ecmwf_norecal_rs2rcmgmfv4_28052025/sentinel-1a/L2M/EW/S1A_EW_GRDM_1S/2023/345/S1A_EW_GRDM_1SDV_20231211T194346_20231211T194450_051611_063B46_1B5B/s1a-ew-owi-cm-20231211t194346-20231211t194450-000003-063B46.nc
sh032024,IRWIN,rcm3-sclna-owi-cm-20231210t193931-20231210t194046-00003-______ll_gd_GEO-IRWIN.nc,-17.4880619049072,151.646667480469,"2023-12-10T19:39:31,000",/scale/user/mtannaou/alternance/donnees_sar_changes/rcm3-sclna-owi-cm-20231210t193931-20231210t194046-00003-xxxxx_aeqd.nc,rcm3-sclna-owi-cm-20231210t193931-20231210t194046-00003-xxxxx.nc,/home/datawork-cersat-public/cache/public/ftp/project/sarwing/processings/grdwind+windir_2025v6v12_2v0_0v3v9_0v0v6_0v0v6_1v4v3_1v0v15_1v0v10_1v2v5_1v2v2_1v1v1_1v2v1/cmod5n_ecmwf_norecal_rs2rcmgmfv4_28052025/rcm-3/L2M/sclna/rcm-3_sclna/2023/344/RCM3_OK2865392_PK2866691_1_SCLNA_20231210_193932_VV_VH_GRD/rcm3-sclna-owi-cm-20231210t193931-20231210t194046-00003-xxxxx.nc
sh032024,IRWIN,rcm1-sclnd-owi-cm-20231211t083752-20231211t083908-00003-______ll_gd_GEO-IRWIN.nc,-17.4229068756104,149.538177490234,"2023-12-11T08:37:52,000",/scale/user/mtannaou/alternance/donnees_sar_changes/rcm1-sclnd-owi-cm-20231211t083752-20231211t083908-00003-xxxxx_aeqd.nc,rcm1-sclnd-owi-cm-20231211t083752-20231211t083908-00003-xxxxx.nc,/home/datawork-cersat-public/cache/public/ftp/project/sarwing/processings/grdwind+windir_2025v6v12_2v0_0v3v9_0v0v6_0v0v6_1v4v3_1v0v15_1v0v10_1v2v5_1v2v2_1v1v1_1v2v1/cmod5n_ecmwf_norecal_rs2rcmgmfv4_28052025/rcm-1/L2M/sclnd/rcm-1_sclnd/2023/345/RCM1_OK2866370_PK2867219_1_SCLND_20231211_083752_VV_VH_GRD/rcm1-sclnd-owi-cm-20231211t083752-20231211t083908-00003-xxxxx.nc
sh032024,IRWIN,rcm3-sclna-owi-cm-20231208t192255-20231208t192410-00003-______ll_gd_GEO-IRWIN.nc,-15.1866340637207,156.237197875977,"2023-12-08T19:22:55,000",/scale/user/mtannaou/alternance/donnees_sar_changes/rcm3-sclna-owi-cm-20231208t192255-20231208t192410-00003-xxxxx_aeqd.nc,rcm3-sclna-owi-cm-20231208t192255-20231208t192410-00003-xxxxx.nc,/home/datawork-cersat-public/cache/public/ftp/project/sarwing/processings/grdwind+windir_2025v6v12_2v0_0v3v9_0v0v6_0v0v6_1v4v3_1v0v15_1v0v10_1v2v5_1v2v2_1v1v1_1v2v1/cmod5n_ecmwf_norecal_rs2rcmgmfv4_28052025/rcm-3/L2M/sclna/rcm-3_sclna/2023/342/RCM3_OK2861804_PK2864621_1_SCLNA_20231208_192257_VV_VH_GRD/rcm3-sclna-owi-cm-20231208t192255-20231208t192410-00003-xxxxx.nc
sh032024,IRWIN,rcm3-sclna-owi-cm-20231211t194714-20231211t194831-00003-______ll_gd_GEO-IRWIN.nc,-16.6021518707275,148.406204223633,"2023-12-11T19:47:14,000",/scale/user/mtannaou/alternance/donnees_sar_changes/rcm3-sclna-owi-cm-20231211t194714-20231211t194831-00003-xxxxx_aeqd.nc,rcm3-sclna-owi-cm-20231211t194714-20231211t194831-00003-xxxxx.nc,/home/datawork-cersat-public/cache/public/ftp/project/sarwing/processings/grdwind+windir_2025v6v12_2v0_0v3v9_0v0v6_0v0v6_1v4v3_1v0v15_1v0v10_1v2v5_1v2v2_1v1v1_1v2v1/cmod5n_ecmwf_norecal_rs2rcmgmfv4_28052025/rcm-3/L2M/sclna/rcm-3_sclna/2023/345/RCM3_OK2866377_PK2868671_1_SCLNA_20231211_194715_VV_VH_GRD/rcm3-sclna-owi-cm-20231211t194714-20231211t194831-00003-xxxxx.nc
sh032024,IRWIN,rcm1-sclnd-owi-cm-20231210t082938-20231210t083053-00003-______ll_gd_GEO-IRWIN.nc,-16.6721706390381,153.60221862793,"2023-12-10T08:29:38,000",/scale/user/mtannaou/alternance/donnees_sar_changes/rcm1-sclnd-owi-cm-20231210t082938-20231210t083053-00003-xxxxx_aeqd.nc,rcm1-sclnd-owi-cm-20231210t082938-20231210t083053-00003-xxxxx.nc,/home/datawork-cersat-public/cache/public/ftp/project/sarwing/processings/grdwind+windir_2025v6v12_2v0_0v3v9_0v0v6_0v0v6_1v4v3_1v0v15_1v0v10_1v2v5_1v2v2_1v1v1_1v2v1/cmod5n_ecmwf_norecal_rs2rcmgmfv4_28052025/rcm-1/L2M/sclnd/rcm-1_sclnd/2023/344/RCM1_OK2865391_PK2866094_1_SCLND_20231210_082940_VV_VH_GRD/rcm1-sclnd-owi-cm-20231210t082938-20231210t083053-00003-xxxxx.nc
sh032024,IRWIN,rcm3-sclnd-owi-cm-20231206t190605-20231206t190722-00003-______ll_gd_GEO-IRWIN.nc,-11.7608108520508,157.012084960938,"2023-12-06T19:06:05,000",/scale/user/mtannaou/alternance/donnees_sar_changes/rcm3-sclnd-owi-cm-20231206t190605-20231206t190722-00003-xxxxx_aeqd.nc,rcm3-sclnd-owi-cm-20231206t190605-20231206t190722-00003-xxxxx.nc,/home/datawork-cersat-public/cache/public/ftp/project/sarwing/processings/grdwind+windir_2025v6v12_2v0_0v3v9_0v0v6_0v0v6_1v4v3_1v0v15_1v0v10_1v2v5_1v2v2_1v1v1_1v2v1/cmod5n_ecmwf_norecal_rs2rcmgmfv4_28052025/rcm-3/L2M/sclnd/rcm-3_sclnd/2023/340/RCM3_OK2857676_PK2860424_1_SCLND_20231206_190605_VV_VH_GRD/rcm3-sclnd-owi-cm-20231206t190605-20231206t190722-00003-xxxxx.nc
sh032024,IRWIN,rcm1-sclnd-owi-cm-20231207t080653-20231207t080808-00003-______ll_gd_GEO-IRWIN.nc,-12.6202487945557,156.794509887695,"2023-12-07T08:06:53,000",/scale/user/mtannaou/alternance/donnees_sar_changes/rcm1-sclnd-owi-cm-20231207t080653-20231207t080808-00003-xxxxx_aeqd.nc,rcm1-sclnd-owi-cm-20231207t080653-20231207t080808-00003-xxxxx.nc,/home/datawork-cersat-public/cache/public/ftp/project/sarwing/processings/grdwind+windir_2025v6v12_2v0_0v3v9_0v0v6_0v0v6_1v4v3_1v0v15_1v0v10_1v2v5_1v2v2_1v1v1_1v2v1/cmod5n_ecmwf_norecal_rs2rcmgmfv4_28052025/rcm-1/L2M/sclnd/rcm-1_sclnd/2023/341/RCM1_OK2857871_PK2861624_1_SCLND_20231207_080655_VV_VH_GRD/rcm1-sclnd-owi-cm-20231207t080653-20231207t080808-00003-xxxxx.nc
sh032024,IRWIN,s1a-ew-owi-cm-20231210t081120-20231210t081224-000003-063A7C_ll_gd_GEO-IRWIN.nc,-16.6330451965332,153.655609130859,"2023-12-10T08:11:20,000",/scale/user/mtannaou/alternance/donnees_sar_changes/s1a-ew-owi-cm-20231210t081120-20231210t081224-000003-063A7C_aeqd.nc,s1a-ew-owi-cm-20231210t081120-20231210t081224-000003-063A7C.nc,/home/datawork-cersat-public/cache/public/ftp/project/sarwing/processings/grdwind+windir_2025v6v12_2v0_0v3v9_0v0v6_0v0v6_1v4v3_1v0v15_1v0v10_1v2v5_1v2v2_1v1v1_1v2v1/cmod5n_ecmwf_norecal_rs2rcmgmfv4_28052025/sentinel-1a/L2M/EW/S1A_EW_GRDM_1S/2023/344/S1A_EW_GRDM_1SDV_20231210T081120_20231210T081224_051589_063A7C_686E/s1a-ew-owi-cm-20231210t081120-20231210t081224-000003-063A7C.nc
sh032024,IRWIN,rcm1-sclnd-owi-cm-20231213t085413-20231213t085529-00003-______ll_gd_GEO-IRWIN.nc,-15.7993640899658,145.584579467773,"2023-12-13T08:54:13,000",/scale/user/mtannaou/alternance/donnees_sar_changes/rcm1-sclnd-owi-cm-20231213t085413-20231213t085529-00003-xxxxx_aeqd.nc,rcm1-sclnd-owi-cm-20231213t085413-20231213t085529-00003-xxxxx.nc,/home/datawork-cersat-public/cache/public/ftp/project/sarwing/processings/grdwind+windir_2025v6v12_2v0_0v3v9_0v0v6_0v0v6_1v4v3_1v0v15_1v0v10_1v2v5_1v2v2_1v1v1_1v2v1/cmod5n_ecmwf_norecal_rs2rcmgmfv4_28052025/rcm-1/L2M/sclnd/rcm-1_sclnd/2023/347/RCM1_OK2869013_PK2871352_1_SCLND_20231213_085415_VV_VH_GRD/rcm1-sclnd-owi-cm-20231213t085413-20231213t085529-00003-xxxxx.nc
sh032024,IRWIN,s1a-ew-owi-cm-20231208t191832-20231208t191936-000003-0639B7_ll_gd_GEO-IRWIN.nc,-15.1866340637207,156.237197875977,"2023-12-08T19:18:32,000",/scale/user/mtannaou/alternance/donnees_sar_changes/s1a-ew-owi-cm-20231208t191832-20231208t191936-000003-0639B7_aeqd.nc,s1a-ew-owi-cm-20231208t191832-20231208t191936-000003-0639B7.nc,/home/datawork-cersat-public/cache/public/ftp/project/sarwing/processings/grdwind+windir_2025v6v12_2v0_0v3v9_0v0v6_0v0v6_1v4v3_1v0v15_1v0v10_1v2v5_1v2v2_1v1v1_1v2v1/cmod5n_ecmwf_norecal_rs2rcmgmfv4_28052025/sentinel-1a/L2M/EW/S1A_EW_GRDM_1S/2023/342/S1A_EW_GRDM_1SDV_20231208T191832_20231208T191936_051567_0639B7_F940/s1a-ew-owi-cm-20231208t191832-20231208t191936-000003-0639B7.nc
sh032024,IRWIN,rcm1-sclnd-owi-cm-20231212t084548-20231212t084705-00003-______ll_gd_GEO-IRWIN.nc,-15.8385829925537,147.758560180664,"2023-12-12T08:45:48,000",/scale/user/mtannaou/alternance/donnees_sar_changes/rcm1-sclnd-owi-cm-20231212t084548-20231212t084705-00003-xxxxx_aeqd.nc,rcm1-sclnd-owi-cm-20231212t084548-20231212t084705-00003-xxxxx.nc,/home/datawork-cersat-public/cache/public/ftp/project/sarwing/processings/grdwind+windir_2025v6v12_2v0_0v3v9_0v0v6_0v0v6_1v4v3_1v0v15_1v0v10_1v2v5_1v2v2_1v1v1_1v2v1/cmod5n_ecmwf_norecal_rs2rcmgmfv4_28052025/rcm-1/L2M/sclnd/rcm-1_sclnd/2023/346/RCM1_OK2867082_PK2869155_1_SCLND_20231212_084549_VV_VH_GRD/rcm1-sclnd-owi-cm-20231212t084548-20231212t084705-00003-xxxxx.nc
al092024,IRWIN,rcm3-sclna-owi-cm-20240925t114240-20240925t114356-00003-______ll_gd_GEO-IRWIN.nc,20.78098487854,273.884582519531,"2024-09-25T11:42:40,000",/scale/user/mtannaou/alternance/donnees_sar_changes/rcm3-sclna-owi-cm-20240925t114240-20240925t114356-00003-xxxxx_aeqd.nc,rcm3-sclna-owi-cm-20240925t114240-20240925t114356-00003-xxxxx.nc,/home/datawork-cersat-public/cache/public/ftp/project/sarwing/processings/grdwind+windir_2025v6v12_2v0_0v3v9_0v0v6_0v0v6_1v4v3_1v0v15_1v0v10_1v2v5_1v2v2_1v1v1_1v2v1/cmod5n_ecmwf_norecal_rs2rcmgmfv4_28052025/rcm-3/L2M/sclna/rcm-3_sclna/2024/269/RCM3_OK3282255_PK3284066_1_SCLNA_20240925_114242_VV_VH_GRD/rcm3-sclna-owi-cm-20240925t114240-20240925t114356-00003-xxxxx.nc
al092024,IRWIN,rcm3-sclna-owi-cm-20240926t114940-20240926t115035-00003-______ll_gd_GEO-IRWIN.nc,24.235221862793,273.917175292969,"2024-09-26T11:49:40,000",/scale/user/mtannaou/alternance/donnees_sar_changes/rcm3-sclna-owi-cm-20240926t114940-20240926t115035-00003-xxxxx_aeqd.nc,rcm3-sclna-owi-cm-20240926t114940-20240926t115035-00003-xxxxx.nc,/home/datawork-cersat-public/cache/public/ftp/project/sarwing/processings/grdwind+windir_2025v6v12_2v0_0v3v9_0v0v6_0v0v6_1v4v3_1v0v15_1v0v10_1v2v5_1v2v2_1v1v1_1v2v1/cmod5n_ecmwf_norecal_rs2rcmgmfv4_28052025/rcm-3/L2M/sclna/rcm-3_sclna/2024/270/RCM3_OK3283862_PK3285795_1_SCLNA_20240926_114942_VV_VH_GRD/rcm3-sclna-owi-cm-20240926t114940-20240926t115035-00003-xxxxx.nc
al092024,IRWIN,rcm3-sclnd-owi-cm-20240925t235814-20240925t235932-00003-______ll_gd_GEO-IRWIN.nc,22.5314292907715,273.337921142578,"2024-09-25T23:58:14,000",/scale/user/mtannaou/alternance/donnees_sar_changes/rcm3-sclnd-owi-cm-20240925t235814-20240925t235932-00003-xxxxx_aeqd.nc,rcm3-sclnd-owi-cm-20240925t235814-20240925t235932-00003-xxxxx.nc,/home/datawork-cersat-public/cache/public/ftp/project/sarwing/processings/grdwind+windir_2025v6v12_2v0_0v3v9_0v0v6_0v0v6_1v4v3_1v0v15_1v0v10_1v2v5_1v2v2_1v1v1_1v2v1/cmod5n_ecmwf_norecal_rs2rcmgmfv4_28052025/rcm-3/L2M/sclnd/rcm-3_sclnd/2024/269/RCM3_OK3282263_PK3284920_1_SCLND_20240925_235815_VV_VH_GRD/rcm3-sclnd-owi-cm-20240925t235814-20240925t235932-00003-xxxxx.nc
al092024,IRWIN,s1a-iw-owi-cm-20240926t233642-20240926t233847-000003-06D316_ll_gd_GEO-IRWIN.nc,27.8732166290283,275.367401123047,"2024-09-26T23:36:42,000",,rs2-scwa-owi-cm-20240926t233744-20240926t233900-00003-xxxxx.nc,/home/datawork-cersat-public/cache/public/ftp/project/sarwing/processings/grdwind+windir_2025v6v12_2v0_0v3v9_0v0v6_0v0v6_1v4v3_1v0v15_1v0v10_1v2v5_1v2v2_1v1v1_1v2v1/cmod5n_ecmwf_norecal_rs2rcmgmfv4_28052025/RS2/L2M/SCWA/RS2_SCWA/2024/270/RS2_OK162180_PK1474418_DK1439751_SCWA_20240926_233744_233744_VV_VH_SGF/rs2-scwa-owi-cm-20240926t233744-20240926t233900-00003-xxxxx.nc
al092024,IRWIN,rcm1-sclna-owi-cm-20240926t233536-20240926t233653-00003-______ll_gd_GEO-IRWIN.nc,27.8732166290283,275.367401123047,"2024-09-26T23:35:36,000",/scale/user/mtannaou/alternance/donnees_sar_changes/rcm1-sclna-owi-cm-20240926t233536-20240926t233653-00003-xxxxx_aeqd.nc,s1a-iw-owi-cm-20240926t233527-20240926t233847-000003-06D316.nc,/home/datawork-cersat-public/cache/public/ftp/project/sarwing/processings/grdwind+windir_2025v6v12_2v0_0v3v9_0v0v6_0v0v6_1v4v3_1v0v15_1v0v10_1v2v5_1v2v2_1v1v1_1v2v1/cmod5n_ecmwf_norecal_rs2rcmgmfv4_28052025/sentinel-1a/L2M/IW/S1A_IW_GRDH_1S/2024/270/S1A_IW_GRDH_1SDV_20240926T233527_20240926T233847_055843_06D316_2838X6135X628EX67C8X7782X839DXAEA0XE883/s1a-iw-owi-cm-20240926t233527-20240926t233847-000003-06D316.nc
al092024,IRWIN,rcm3-sclnc-owi-cm-20240924t234927-20240924t235044-00003-______ll_gd_GEO-IRWIN.nc,19.5612754821777,275.008941650391,"2024-09-24T23:49:27,000",/scale/user/mtannaou/alternance/donnees_sar_changes/rcm3-sclnc-owi-cm-20240924t234927-20240924t235044-00003-xxxxx_aeqd.nc,rcm3-sclnc-owi-cm-20240924t234927-20240924t235044-00003-xxxxx.nc,/home/datawork-cersat-public/cache/public/ftp/project/sarwing/processings/grdwind+windir_2025v6v12_2v0_0v3v9_0v0v6_0v0v6_1v4v3_1v0v15_1v0v10_1v2v5_1v2v2_1v1v1_1v2v1/cmod5n_ecmwf_norecal_rs2rcmgmfv4_28052025/rcm-3/L2M/sclnc/rcm-3_sclnc/2024/268/RCM3_OK3280134_PK3283350_1_SCLNC_20240924_234927_VV_VH_GRD/rcm3-sclnc-owi-cm-20240924t234927-20240924t235044-00003-xxxxx.nc
wp192021,IRWIN,rcm1-sc50mb-owi-cm-20210908t211259-20210908t211759-00003-______ll_gd_GEO-IRWIN.nc,15.3764200210571,128.855545043945,"2021-09-08T21:12:59,000",,rcm1-sc50mb-owi-cm-20210908t211259-20210908t211759-00003-xxxxx.nc,/home/datawork-cersat-public/cache/public/ftp/project/sarwing/processings/grdwind+windir_2025v6v12_2v0_0v3v9_0v0v6_0v0v6_1v4v3_1v0v15_1v0v10_1v2v5_1v2v2_1v1v1_1v2v1/cmod5n_ecmwf_norecal_rs2rcmgmfv4_28052025/rcm-1/L2M/sc50mb/rcm-1_sc50mb/2021/251/RCM1_OK2381544_PK2382800_2_SC50MB_20210908_211311_HH_HV_GRD/rcm1-sc50mb-owi-cm-20210908t211259-20210908t211759-00003-xxxxx.nc
wp192021,IRWIN,s1a-ew-owi-cm-20210909t212101-20210909t212247-000003-04AEB8_ll_gd_GEO-IRWIN.nc,16.7171173095703,124.696517944336,"2021-09-09T21:21:01,000",/scale/user/mtannaou/alternance/donnees_sar_changes/s1a-ew-owi-cm-20210909t212101-20210909t212247-000003-04AEB8_aeqd.nc,s1a-ew-owi-cm-20210909t212101-20210909t212247-000003-04AEB8.nc,/home/datawork-cersat-public/cache/public/ftp/project/sarwing/processings/grdwind+windir_2025v6v12_2v0_0v3v9_0v0v6_0v0v6_1v4v3_1v0v15_1v0v10_1v2v5_1v2v2_1v1v1_1v2v1/cmod5n_ecmwf_norecal_rs2rcmgmfv4_28052025/sentinel-1a/L2M/EW/S1A_EW_GRDM_1S/2021/252/S1A_EW_GRDM_1SDV_20210909T212101_20210909T212247_039610_04AEB8_2547XF239/s1a-ew-owi-cm-20210909t212101-20210909t212247-000003-04AEB8.nc
wp192021,IRWIN,rcm2-sc50ma-owi-cm-20210914t093855-20210914t094255-00003-______ll_gd_GEO-IRWIN.nc,30.7791481018066,124.451194763184,"2021-09-14T09:38:55,000",,rcm2-sc50ma-owi-cm-20210914t093855-20210914t094255-00003-xxxxx.nc,/home/datawork-cersat-public/cache/public/ftp/project/sarwing/processings/grdwind+windir_2025v6v12_2v0_0v3v9_0v0v6_0v0v6_1v4v3_1v0v15_1v0v10_1v2v5_1v2v2_1v1v1_1v2v1/cmod5n_ecmwf_norecal_rs2rcmgmfv4_28052025/rcm-2/L2M/sc50ma/rcm-2_sc50ma/2021/257/RCM2_OK2381563_PK2382729_1_SC50MA_20210914_093908_HH_HV_GRD/rcm2-sc50ma-owi-cm-20210914t093855-20210914t094255-00003-xxxxx.nc
wp192021,IRWIN,s1b-ew-owi-cm-20210908t091631-20210908t091835-000003-0369DA_ll_gd_GEO-IRWIN.nc,15.550968170166,131.080932617188,"2021-09-08T09:16:31,000",/scale/user/mtannaou/alternance/donnees_sar_changes/s1b-ew-owi-cm-20210908t091631-20210908t091835-000003-0369DA_aeqd.nc,s1b-ew-owi-cm-20210908t091631-20210908t091835-000003-0369DA.nc,/home/datawork-cersat-public/cache/public/ftp/project/sarwing/processings/grdwind+windir_2025v6v12_2v0_0v3v9_0v0v6_0v0v6_1v4v3_1v0v15_1v0v10_1v2v5_1v2v2_1v1v1_1v2v1/cmod5n_ecmwf_norecal_rs2rcmgmfv4_28052025/sentinel-1b/L2M/EW/S1B_EW_GRDM_1S/2021/251/S1B_EW_GRDM_1SDV_20210908T091631_20210908T091835_028605_0369DA_2BE9X2D39/s1b-ew-owi-cm-20210908t091631-20210908t091835-000003-0369DA.nc
wp192021,IRWIN,rs2-scwa-owi-cm-20210912t094420-20210912t094644-00003-______ll_gd_GEO-IRWIN.nc,25.622314453125,122.377647399902,"2021-09-12T09:44:20,000",/scale/user/mtannaou/alternance/donnees_sar_changes/rs2-scwa-owi-cm-20210912t094420-20210912t094644-00003-xxxxx_aeqd.nc,rs2-scwa-owi-cm-20210912t094420-20210912t094644-00003-xxxxx.nc,/home/datawork-cersat-public/cache/public/ftp/project/sarwing/processings/grdwind+windir_2025v6v12_2v0_0v3v9_0v0v6_0v0v6_1v4v3_1v0v15_1v0v10_1v2v5_1v2v2_1v1v1_1v2v1/cmod5n_ecmwf_norecal_rs2rcmgmfv4_28052025/RS2/L2M/SCWA/RS2_SCWA/2021/255/RS2_OK130716_PK1145091X092_DK1102302X303_SCWA_20210912_094420_094527_VV_VH_SGF/rs2-scwa-owi-cm-20210912t094420-20210912t094644-00003-xxxxx.nc
wp192021,IRWIN,s1b-ew-owi-cm-20210907t204703-20210907t204937-000003-0369A5_ll_gd_GEO-IRWIN.nc,16.1818237304688,133.324035644531,"2021-09-07T20:47:03,000",/scale/user/mtannaou/alternance/donnees_sar_changes/s1b-ew-owi-cm-20210907t204703-20210907t204937-000003-0369A5_aeqd.nc,s1b-ew-owi-cm-20210907t204703-20210907t204937-000003-0369A5.nc,/home/datawork-cersat-public/cache/public/ftp/project/sarwing/processings/grdwind+windir_2025v6v12_2v0_0v3v9_0v0v6_0v0v6_1v4v3_1v0v15_1v0v10_1v2v5_1v2v2_1v1v1_1v2v1/cmod5n_ecmwf_norecal_rs2rcmgmfv4_28052025/sentinel-1b/L2M/EW/S1B_EW_GRDM_1S/2021/250/S1B_EW_GRDM_1SDV_20210907T204703_20210907T204937_028597_0369A5_4FD0X8157XC34B/s1b-ew-owi-cm-20210907t204703-20210907t204937-000003-0369A5.nc
wp192021,IRWIN,s1b-iw-owi-cm-20210911t215142-20210911t215228-000003-036B86_ll_gd_GEO-IRWIN.nc,23.0811920166016,122.100120544434,"2021-09-11T21:51:42,000",/scale/user/mtannaou/alternance/donnees_sar_changes/s1b-iw-owi-cm-20210911t215142-20210911t215228-000003-036B86_aeqd.nc,s1b-iw-owi-cm-20210911t215142-20210911t215228-000003-036B86.nc,/home/datawork-cersat-public/cache/public/ftp/project/sarwing/processings/grdwind+windir_2025v6v12_2v0_0v3v9_0v0v6_0v0v6_1v4v3_1v0v15_1v0v10_1v2v5_1v2v2_1v1v1_1v2v1/cmod5n_ecmwf_norecal_rs2rcmgmfv4_28052025/sentinel-1b/L2M/IW/S1B_IW_GRDH_1S/2021/254/S1B_IW_GRDH_1SDV_20210911T215142_20210911T215228_028656_036B86_1295X8522/s1b-iw-owi-cm-20210911t215142-20210911t215228-000003-036B86.nc
wp192021,IRWIN,rs2-scwa-owi-cm-20210913t213638-20210913t213901-00003-______ll_gd_GEO-IRWIN.nc,31.5334968566895,123.670356750488,"2021-09-13T21:36:38,000",/scale/user/mtannaou/alternance/donnees_sar_changes/rs2-scwa-owi-cm-20210913t213638-20210913t213901-00003-xxxxx_aeqd.nc,rs2-scwa-owi-cm-20210913t213638-20210913t213901-00003-xxxxx.nc,/home/datawork-cersat-public/cache/public/ftp/project/sarwing/processings/grdwind+windir_2025v6v12_2v0_0v3v9_0v0v6_0v0v6_1v4v3_1v0v15_1v0v10_1v2v5_1v2v2_1v1v1_1v2v1/cmod5n_ecmwf_norecal_rs2rcmgmfv4_28052025/RS2/L2M/SCWA/RS2_SCWA/2021/256/RS2_OK130716_PK1145095X096_DK1102309X310_SCWA_20210913_213638_213745_VV_VH_SGF/rs2-scwa-owi-cm-20210913t213638-20210913t213901-00003-xxxxx.nc
wp252021,IRWIN,s1b-ew-owi-cm-20211027t202821-20211027t203105-000003-03800D_ll_gd_GEO-IRWIN.nc,22.6846218109131,140.046829223633,"2021-10-27T20:28:21,000",/scale/user/mtannaou/alternance/donnees_sar_changes/s1b-ew-owi-cm-20211027t202821-20211027t203105-000003-03800D_aeqd.nc,s1b-ew-owi-cm-20211027t202821-20211027t203105-000003-03800D.nc,/home/datawork-cersat-public/cache/public/ftp/project/sarwing/processings/grdwind+windir_2025v6v12_2v0_0v3v9_0v0v6_0v0v6_1v4v3_1v0v15_1v0v10_1v2v5_1v2v2_1v1v1_1v2v1/cmod5n_ecmwf_norecal_rs2rcmgmfv4_28052025/sentinel-1b/L2M/EW/S1B_EW_GRDM_1S/2021/300/S1B_EW_GRDM_1SDV_20211027T202821_20211027T203105_029326_03800D_D369XFB88XFE1D/s1b-ew-owi-cm-20211027t202821-20211027t203105-000003-03800D.nc
wp252021,IRWIN,s1a-ew-owi-cm-20211028t201947-20211028t202249-000003-04C757_ll_gd_GEO-IRWIN.nc,28.1980113983154,143.557525634766,"2021-10-28T20:19:47,000",/scale/user/mtannaou/alternance/donnees_sar_changes/s1a-ew-owi-cm-20211028t201947-20211028t202249-000003-04C757_aeqd.nc,s1a-ew-owi-cm-20211028t201947-20211028t202249-000003-04C757.nc,/home/datawork-cersat-public/cache/public/ftp/project/sarwing/processings/grdwind+windir_2025v6v12_2v0_0v3v9_0v0v6_0v0v6_1v4v3_1v0v15_1v0v10_1v2v5_1v2v2_1v1v1_1v2v1/cmod5n_ecmwf_norecal_rs2rcmgmfv4_28052025/sentinel-1a/L2M/EW/S1A_EW_GRDM_1S/2021/301/S1A_EW_GRDM_1SDV_20211028T201947_20211028T202249_040324_04C757_3F25X41C7XBD2F/s1a-ew-owi-cm-20211028t201947-20211028t202249-000003-04C757.nc
wp252021,IRWIN,rs2-scwa-owi-cm-20211026t204501-20211026t204724-00003-______ll_gd_GEO-IRWIN.nc,20.4394435882568,139.395111083984,"2021-10-26T20:45:01,000",/scale/user/mtannaou/alternance/donnees_sar_changes/rs2-scwa-owi-cm-20211026t204501-20211026t204724-00003-xxxxx_aeqd.nc,rs2-scwa-owi-cm-20211026t204501-20211026t204724-00003-xxxxx.nc,/home/datawork-cersat-public/cache/public/ftp/project/sarwing/processings/grdwind+windir_2025v6v12_2v0_0v3v9_0v0v6_0v0v6_1v4v3_1v0v15_1v0v10_1v2v5_1v2v2_1v1v1_1v2v1/cmod5n_ecmwf_norecal_rs2rcmgmfv4_28052025/RS2/L2M/SCWA/RS2_SCWA/2021/299/RS2_OK131650_PK1151661X662_DK1108519X520_SCWA_20211026_204501_204608_VV_VH_SGF/rs2-scwa-owi-cm-20211026t204501-20211026t204724-00003-xxxxx.nc
wp252021,IRWIN,s1a-ew-owi-cm-20211026t203818-20211026t204047-000003-04C656_ll_gd_GEO-IRWIN.nc,20.4320373535156,139.396697998047,"2021-10-26T20:38:18,000",/scale/user/mtannaou/alternance/donnees_sar_changes/s1a-ew-owi-cm-20211026t203818-20211026t204047-000003-04C656_aeqd.nc,s1a-ew-owi-cm-20211026t203818-20211026t204047-000003-04C656.nc,/home/datawork-cersat-public/cache/public/ftp/project/sarwing/processings/grdwind+windir_2025v6v12_2v0_0v3v9_0v0v6_0v0v6_1v4v3_1v0v15_1v0v10_1v2v5_1v2v2_1v1v1_1v2v1/cmod5n_ecmwf_norecal_rs2rcmgmfv4_28052025/sentinel-1a/L2M/EW/S1A_EW_GRDM_1S/2021/299/S1A_EW_GRDM_1SDV_20211026T203818_20211026T204047_040295_04C656_2933X2B8BXB9C2/s1a-ew-owi-cm-20211026t203818-20211026t204047-000003-04C656.nc
ep082023,IRWIN,rcm2-sclna-owi-cm-20230815t034012-20230815t034128-00003-______ll_gd_GEO-IRWIN.nc,11.0918474197388,216.918792724609,"2023-08-15T03:40:12,000",/scale/user/mtannaou/alternance/donnees_sar_changes/rcm2-sclna-owi-cm-20230815t034012-20230815t034128-00003-xxxxx_aeqd.nc,rcm2-sclna-owi-cm-20230815t034012-20230815t034128-00003-xxxxx.nc,/home/datawork-cersat-public/cache/public/ftp/project/sarwing/processings/grdwind+windir_2025v6v12_2v0_0v3v9_0v0v6_0v0v6_1v4v3_1v0v15_1v0v10_1v2v5_1v2v2_1v1v1_1v2v1/cmod5n_ecmwf_norecal_rs2rcmgmfv4_28052025/rcm-2/L2M/sclna/rcm-2_sclna/2023/227/RCM2_OK2692255_PK2693344_1_SCLNA_20230815_034012_VV_VH_GRD/rcm2-sclna-owi-cm-20230815t034012-20230815t034128-00003-xxxxx.nc
ep082023,IRWIN,rcm2-sclna-owi-cm-20230815t153814-20230815t153931-00003-______ll_gd_GEO-IRWIN.nc,11.0915193557739,214.42350769043,"2023-08-15T15:38:14,000",/scale/user/mtannaou/alternance/donnees_sar_changes/rcm2-sclna-owi-cm-20230815t153814-20230815t153931-00003-xxxxx_aeqd.nc,rcm2-sclna-owi-cm-20230815t153814-20230815t153931-00003-xxxxx.nc,/home/datawork-cersat-public/cache/public/ftp/project/sarwing/processings/grdwind+windir_2025v6v12_2v0_0v3v9_0v0v6_0v0v6_1v4v3_1v0v15_1v0v10_1v2v5_1v2v2_1v1v1_1v2v1/cmod5n_ecmwf_norecal_rs2rcmgmfv4_28052025/rcm-2/L2M/sclna/rcm-2_sclna/2023/227/RCM2_OK2692265_PK2694201_1_SCLNA_20230815_153815_VV_VH_GRD/rcm2-sclna-owi-cm-20230815t153814-20230815t153931-00003-xxxxx.nc
ep082023,IRWIN,rcm1-sclnd-owi-cm-20230817t042825-20230817t042941-00003-______ll_gd_GEO-IRWIN.nc,12.0749216079712,206.681625366211,"2023-08-17T04:28:25,000",/scale/user/mtannaou/alternance/donnees_sar_changes/rcm1-sclnd-owi-cm-20230817t042825-20230817t042941-00003-xxxxx_aeqd.nc,rcm1-sclnd-owi-cm-20230817t042825-20230817t042941-00003-xxxxx.nc,/home/datawork-cersat-public/cache/public/ftp/project/sarwing/processings/grdwind+windir_2025v6v12_2v0_0v3v9_0v0v6_0v0v6_1v4v3_1v0v15_1v0v10_1v2v5_1v2v2_1v1v1_1v2v1/cmod5n_ecmwf_norecal_rs2rcmgmfv4_28052025/rcm-1/L2M/sclnd/rcm-1_sclnd/2023/229/RCM1_OK2694276_PK2696158_1_SCLND_20230817_042827_VV_VH_GRD/rcm1-sclnd-owi-cm-20230817t042825-20230817t042941-00003-xxxxx.nc
al122023,IRWIN,rcm3-sclnd-owi-cm-20230903t075625-20230903t075741-00003-______ll_gd_GEO-IRWIN.nc,25.9856986999512,328.511779785156,"2023-09-03T07:56:25,000",/scale/user/mtannaou/alternance/donnees_sar_changes/rcm3-sclnd-owi-cm-20230903t075625-20230903t075741-00003-xxxxx_aeqd.nc,rcm3-sclnd-owi-cm-20230903t075625-20230903t075741-00003-xxxxx.nc,/home/datawork-cersat-public/cache/public/ftp/project/sarwing/processings/grdwind+windir_2025v6v12_2v0_0v3v9_0v0v6_0v0v6_1v4v3_1v0v15_1v0v10_1v2v5_1v2v2_1v1v1_1v2v1/cmod5n_ecmwf_norecal_rs2rcmgmfv4_28052025/rcm-3/L2M/sclnd/rcm-3_sclnd/2023/246/RCM3_OK2719380_PK2721662_1_SCLND_20230903_075627_VV_VH_GRD/rcm3-sclnd-owi-cm-20230903t075625-20230903t075741-00003-xxxxx.nc
sh062020,IRWIN,s1b-iw-owi-cm-20200107t212300-20200107t212354-000003-02546E_ll_gd_GEO-IRWIN.nc,-20.3550796508789,120.201225280762,"2020-01-07T21:23:00,000",/scale/user/mtannaou/alternance/donnees_sar_changes/s1b-iw-owi-cm-20200107t212300-20200107t212354-000003-02546E_aeqd.nc,s1b-iw-owi-cm-20200107t212300-20200107t212354-000003-02546E.nc,/home/datawork-cersat-public/cache/public/ftp/project/sarwing/processings/grdwind+windir_2025v6v12_2v0_0v3v9_0v0v6_0v0v6_1v4v3_1v0v15_1v0v10_1v2v5_1v2v2_1v1v1_1v2v1/cmod5n_ecmwf_norecal_rs2rcmgmfv4_28052025/sentinel-1b/L2M/IW/S1B_IW_GRDH_1S/2020/007/S1B_IW_GRDH_1SDV_20200107T212300_20200107T212354_019716_02546E_4DDBX67FB/s1b-iw-owi-cm-20200107t212300-20200107t212354-000003-02546E.nc
wp042022,IRWIN,s1a-iw-owi-cm-20220701t104123-20220701t104217-000003-053DCB_ll_gd_GEO-IRWIN.nc,19.048318862915,113.17024230957,"2022-07-01T10:41:23,000",/scale/user/mtannaou/alternance/donnees_sar_changes/s1a-iw-owi-cm-20220701t104123-20220701t104217-000003-053DCB_aeqd.nc,s1a-iw-owi-cm-20220701t104123-20220701t104217-000003-053DCB.nc,/home/datawork-cersat-public/cache/public/ftp/project/sarwing/processings/grdwind+windir_2025v6v12_2v0_0v3v9_0v0v6_0v0v6_1v4v3_1v0v15_1v0v10_1v2v5_1v2v2_1v1v1_1v2v1/cmod5n_ecmwf_norecal_rs2rcmgmfv4_28052025/sentinel-1a/L2M/IW/S1A_IW_GRDH_1S/2022/182/S1A_IW_GRDH_1SDV_20220701T104123_20220701T104217_043906_053DCB_76E2X8DBA/s1a-iw-owi-cm-20220701t104123-20220701t104217-000003-053DCB.nc
sh102024,IRWIN,rcm2-sclnd-owi-cm-20240208t044410-20240208t044526-00003-______ll_gd_GEO-IRWIN.nc,-19.3134250640869,209.504943847656,"2024-02-08T04:44:10,000",/scale/user/mtannaou/alternance/donnees_sar_changes/rcm2-sclnd-owi-cm-20240208t044410-20240208t044526-00003-xxxxx_aeqd.nc,rcm2-sclnd-owi-cm-20240208t044410-20240208t044526-00003-xxxxx.nc,/home/datawork-cersat-public/cache/public/ftp/project/sarwing/processings/grdwind+windir_2025v6v12_2v0_0v3v9_0v0v6_0v0v6_1v4v3_1v0v15_1v0v10_1v2v5_1v2v2_1v1v1_1v2v1/cmod5n_ecmwf_norecal_rs2rcmgmfv4_28052025/rcm-2/L2M/sclnd/rcm-2_sclnd/2024/039/RCM2_OK2934207_PK2935612_1_SCLND_20240208_044413_VV_VH_GRD/rcm2-sclnd-owi-cm-20240208t044410-20240208t044526-00003-xxxxx.nc
sh102024,IRWIN,rcm1-sclnb-owi-cm-20240207t154628-20240207t154744-00003-______ll_gd_GEO-IRWIN.nc,-19.2738494873047,208.24494934082,"2024-02-07T15:46:28,000",/scale/user/mtannaou/alternance/donnees_sar_changes/rcm1-sclnb-owi-cm-20240207t154628-20240207t154744-00003-xxxxx_aeqd.nc,rcm1-sclnb-owi-cm-20240207t154628-20240207t154744-00003-xxxxx.nc,/home/datawork-cersat-public/cache/public/ftp/project/sarwing/processings/grdwind+windir_2025v6v12_2v0_0v3v9_0v0v6_0v0v6_1v4v3_1v0v15_1v0v10_1v2v5_1v2v2_1v1v1_1v2v1/cmod5n_ecmwf_norecal_rs2rcmgmfv4_28052025/rcm-1/L2M/sclnb/rcm-1_sclnb/2024/038/RCM1_OK2933051_PK2935245_1_SCLNB_20240207_154628_VV_VH_GRD/rcm1-sclnb-owi-cm-20240207t154628-20240207t154744-00003-xxxxx.nc
sh172023,IRWIN,rcm1-sclna-owi-cm-20230330t111910-20230330t112038-00003-______ll_gd_GEO-IRWIN.nc,-15.5822095870972,105.065956115723,"2023-03-30T11:19:10,000",/scale/user/mtannaou/alternance/donnees_sar_changes/rcm1-sclna-owi-cm-20230330t111910-20230330t112038-00003-xxxxx_aeqd.nc,rcm1-sclna-owi-cm-20230330t111910-20230330t112038-00003-xxxxx.nc,/home/datawork-cersat-public/cache/public/ftp/project/sarwing/processings/grdwind+windir_2025v6v12_2v0_0v3v9_0v0v6_0v0v6_1v4v3_1v0v15_1v0v10_1v2v5_1v2v2_1v1v1_1v2v1/cmod5n_ecmwf_norecal_rs2rcmgmfv4_28052025/rcm-1/L2M/sclna/rcm-1_sclna/2023/089/RCM1_OK2496353_PK2497250_1_SCLNA_20230330_111923_VV_VH_GRD/rcm1-sclna-owi-cm-20230330t111910-20230330t112038-00003-xxxxx.nc
sh172023,IRWIN,rcm3-sclna-owi-cm-20230331t223609-20230331t223725-00003-______ll_gd_GEO-IRWIN.nc,-18.4954261779785,106.903282165527,"2023-03-31T22:36:09,000",/scale/user/mtannaou/alternance/donnees_sar_changes/rcm3-sclna-owi-cm-20230331t223609-20230331t223725-00003-xxxxx_aeqd.nc,rcm3-sclna-owi-cm-20230331t223609-20230331t223725-00003-xxxxx.nc,/home/datawork-cersat-public/cache/public/ftp/project/sarwing/processings/grdwind+windir_2025v6v12_2v0_0v3v9_0v0v6_0v0v6_1v4v3_1v0v15_1v0v10_1v2v5_1v2v2_1v1v1_1v2v1/cmod5n_ecmwf_norecal_rs2rcmgmfv4_28052025/rcm-3/L2M/sclna/rcm-3_sclna/2023/090/RCM3_OK2496627_PK2498359_1_SCLNA_20230331_223609_VV_VH_GRD/rcm3-sclna-owi-cm-20230331t223609-20230331t223725-00003-xxxxx.nc
sh172023,IRWIN,rcm1-sclnd-owi-cm-20230401t113418-20230401t113533-00003-______ll_gd_GEO-IRWIN.nc,-19.2337455749512,107.226303100586,"2023-04-01T11:34:18,000",/scale/user/mtannaou/alternance/donnees_sar_changes/rcm1-sclnd-owi-cm-20230401t113418-20230401t113533-00003-xxxxx_aeqd.nc,rcm1-sclnd-owi-cm-20230401t113418-20230401t113533-00003-xxxxx.nc,/home/datawork-cersat-public/cache/public/ftp/project/sarwing/processings/grdwind+windir_2025v6v12_2v0_0v3v9_0v0v6_0v0v6_1v4v3_1v0v15_1v0v10_1v2v5_1v2v2_1v1v1_1v2v1/cmod5n_ecmwf_norecal_rs2rcmgmfv4_28052025/rcm-1/L2M/sclnd/rcm-1_sclnd/2023/091/RCM1_OK2497472_PK2498682_1_SCLND_20230401_113420_VV_VH_GRD/rcm1-sclnd-owi-cm-20230401t113418-20230401t113533-00003-xxxxx.nc
sh172023,IRWIN,rcm1-sclnd-owi-cm-20230331t112651-20230331t112806-00003-______ll_gd_GEO-IRWIN.nc,-17.6276988983154,106.620101928711,"2023-03-31T11:26:51,000",/scale/user/mtannaou/alternance/donnees_sar_changes/rcm1-sclnd-owi-cm-20230331t112651-20230331t112806-00003-xxxxx_aeqd.nc,rcm1-sclnd-owi-cm-20230331t112651-20230331t112806-00003-xxxxx.nc,/home/datawork-cersat-public/cache/public/ftp/project/sarwing/processings/grdwind+windir_2025v6v12_2v0_0v3v9_0v0v6_0v0v6_1v4v3_1v0v15_1v0v10_1v2v5_1v2v2_1v1v1_1v2v1/cmod5n_ecmwf_norecal_rs2rcmgmfv4_28052025/rcm-1/L2M/sclnd/rcm-1_sclnd/2023/090/RCM1_OK2496616_PK2498041_1_SCLND_20230331_112653_VV_VH_GRD/rcm1-sclnd-owi-cm-20230331t112651-20230331t112806-00003-xxxxx.nc
sh172023,IRWIN,rcm3-sclnc-owi-cm-20230330t222809-20230330t222926-00003-______ll_gd_GEO-IRWIN.nc,-16.4670448303223,105.98649597168,"2023-03-30T22:28:09,000",/scale/user/mtannaou/alternance/donnees_sar_changes/rcm3-sclnc-owi-cm-20230330t222809-20230330t222926-00003-xxxxx_aeqd.nc,rcm3-sclnc-owi-cm-20230330t222809-20230330t222926-00003-xxxxx.nc,/home/datawork-cersat-public/cache/public/ftp/project/sarwing/processings/grdwind+windir_2025v6v12_2v0_0v3v9_0v0v6_0v0v6_1v4v3_1v0v15_1v0v10_1v2v5_1v2v2_1v1v1_1v2v1/cmod5n_ecmwf_norecal_rs2rcmgmfv4_28052025/rcm-3/L2M/sclnc/rcm-3_sclnc/2023/089/RCM3_OK2496357_PK2497646_1_SCLNC_20230330_222809_VV_VH_GRD/rcm3-sclnc-owi-cm-20230330t222809-20230330t222926-00003-xxxxx.nc
al092020,IRWIN,s1a-iw-owi-cm-20200803t231311-20200803t231426-000003-03E964_ll_gd_GEO-IRWIN.nc,31.9882774353027,280.542785644531,"2020-08-03T23:13:11,000",,s1a-iw-owi-cm-20200803t231156-20200803t231426-000003-03E964.nc,/home/datawork-cersat-public/cache/public/ftp/project/sarwing/processings/grdwind+windir_2025v6v12_2v0_0v3v9_0v0v6_0v0v6_1v4v3_1v0v15_1v0v10_1v2v5_1v2v2_1v1v1_1v2v1/cmod5n_ecmwf_norecal_rs2rcmgmfv4_28052025/sentinel-1a/L2M/IW/S1A_IW_GRDH_1S/2020/216/S1A_IW_GRDH_1SDV_20200803T231156_20200803T231426_033749_03E964_081AX12ABX6BADXA513XC0BDXC561/s1a-iw-owi-cm-20200803t231156-20200803t231426-000003-03E964.nc
al092020,IRWIN,s1b-iw-owi-cm-20200803t112425-20200803t112540-000003-02B314_ll_gd_GEO-IRWIN.nc,29.6643104553223,280.002532958984,"2020-08-03T11:24:25,000",,s1b-iw-owi-cm-20200803t112400-20200803t112540-000003-02B314.nc,/home/datawork-cersat-public/cache/public/ftp/project/sarwing/processings/grdwind+windir_2025v6v12_2v0_0v3v9_0v0v6_0v0v6_1v4v3_1v0v15_1v0v10_1v2v5_1v2v2_1v1v1_1v2v1/cmod5n_ecmwf_norecal_rs2rcmgmfv4_28052025/sentinel-1b/L2M/IW/S1B_IW_GRDH_1S/2020/216/S1B_IW_GRDH_1SDV_20200803T112400_20200803T112540_022758_02B314_1906X1B69X4077XF956/s1b-iw-owi-cm-20200803t112400-20200803t112540-000003-02B314.nc
al092020,IRWIN,s1b-iw-owi-cm-20200802t231913-20200802t232034-000003-02B2DB_ll_gd_GEO-IRWIN.nc,27.8510494232178,280.355682373047,"2020-08-02T23:19:13,000",,s1b-iw-owi-cm-20200802t231758-20200802t232034-000003-02B2DB.nc,/home/datawork-cersat-public/cache/public/ftp/project/sarwing/processings/grdwind+windir_2025v6v12_2v0_0v3v9_0v0v6_0v0v6_1v4v3_1v0v15_1v0v10_1v2v5_1v2v2_1v1v1_1v2v1/cmod5n_ecmwf_norecal_rs2rcmgmfv4_28052025/sentinel-1b/L2M/IW/S1B_IW_GRDH_1S/2020/215/S1B_IW_GRDH_1SDV_20200802T231758_20200802T232034_022751_02B2DB_1D09X27C5X70A9X7606X83B3XC093/s1b-iw-owi-cm-20200802t231758-20200802t232034-000003-02B2DB.nc
sh232021,IRWIN,s1a-iw-owi-cm-20210306t072758-20210306t072942-000003-04562A_ll_gd_GEO-IRWIN.nc,-22.8121528625488,166.540191650391,"2021-03-06T07:27:58,000",/scale/user/mtannaou/alternance/donnees_sar_changes/s1a-iw-owi-cm-20210306t072758-20210306t072942-000003-04562A_aeqd.nc,s1a-iw-owi-cm-20210306t072758-20210306t072942-000003-04562A.nc,/home/datawork-cersat-public/cache/public/ftp/project/sarwing/processings/grdwind+windir_2025v6v12_2v0_0v3v9_0v0v6_0v0v6_1v4v3_1v0v15_1v0v10_1v2v5_1v2v2_1v1v1_1v2v1/cmod5n_ecmwf_norecal_rs2rcmgmfv4_28052025/sentinel-1a/L2M/IW/S1A_IW_GRDH_1S/2021/065/S1A_IW_GRDH_1SDV_20210306T072758_20210306T072942_036874_04562A_066DX0B2CX1A48XF217/s1a-iw-owi-cm-20210306t072758-20210306t072942-000003-04562A.nc
sh232021,IRWIN,s1b-iw-owi-cm-20210305t183014-20210305t183044-000003-031649_ll_gd_GEO-IRWIN.nc,-19.5924797058106,160.958648681641,"2021-03-05T18:30:14,000",/scale/user/mtannaou/alternance/donnees_sar_changes/s1b-iw-owi-cm-20210305t183014-20210305t183044-000003-031649_aeqd.nc,s1b-iw-owi-cm-20210305t183014-20210305t183044-000003-031649.nc,/home/datawork-cersat-public/cache/public/ftp/project/sarwing/processings/grdwind+windir_2025v6v12_2v0_0v3v9_0v0v6_0v0v6_1v4v3_1v0v15_1v0v10_1v2v5_1v2v2_1v1v1_1v2v1/cmod5n_ecmwf_norecal_rs2rcmgmfv4_28052025/sentinel-1b/L2M/IW/S1B_IW_GRDH_1S/2021/064/S1B_IW_GRDH_1SDV_20210305T183014_20210305T183044_025883_031649_4FBB/s1b-iw-owi-cm-20210305t183014-20210305t183044-000003-031649.nc
al162024,IRWIN,rcm2-sclna-owi-cm-20241022t110228-20241022t110314-00003-______ll_gd_GEO-IRWIN.nc,22.4780597686768,285.154479980469,"2024-10-22T11:02:28,000",/scale/user/mtannaou/alternance/donnees_sar_changes/rcm2-sclna-owi-cm-20241022t110228-20241022t110314-00003-xxxxx_aeqd.nc,rcm2-sclna-owi-cm-20241022t110228-20241022t110314-00003-xxxxx.nc,/home/datawork-cersat-public/cache/public/ftp/project/sarwing/processings/grdwind+windir_2025v6v12_2v0_0v3v9_0v0v6_0v0v6_1v4v3_1v0v15_1v0v10_1v2v5_1v2v2_1v1v1_1v2v1/cmod5n_ecmwf_norecal_rs2rcmgmfv4_28052025/rcm-2/L2M/sclna/rcm-2_sclna/2024/296/RCM2_OK3326581_PK3328007_1_SCLNA_20241022_110231_VV_VH_GRD/rcm2-sclna-owi-cm-20241022t110228-20241022t110314-00003-xxxxx.nc
al162024,IRWIN,rcm2-sclnb-owi-cm-20241021t230922-20241021t231029-00003-______ll_gd_GEO-IRWIN.nc,21.1109104156494,284.182891845703,"2024-10-21T23:09:22,000",/scale/user/mtannaou/alternance/donnees_sar_changes/rcm2-sclnb-owi-cm-20241021t230922-20241021t231029-00003-xxxxx_aeqd.nc,rcm2-sclnb-owi-cm-20241021t230922-20241021t231029-00003-xxxxx.nc,/home/datawork-cersat-public/cache/public/ftp/project/sarwing/processings/grdwind+windir_2025v6v12_2v0_0v3v9_0v0v6_0v0v6_1v4v3_1v0v15_1v0v10_1v2v5_1v2v2_1v1v1_1v2v1/cmod5n_ecmwf_norecal_rs2rcmgmfv4_28052025/rcm-2/L2M/sclnb/rcm-2_sclnb/2024/295/RCM2_OK3324687_PK3327328_1_SCLNB_20241021_230924_VV_VH_GRD/rcm2-sclnb-owi-cm-20241021t230922-20241021t231029-00003-xxxxx.nc
al162024,IRWIN,rcm2-sclna-owi-cm-20241020t230110-20241020t230226-00003-______ll_gd_GEO-IRWIN.nc,20.3466396331787,285.675262451172,"2024-10-20T23:01:10,000",/scale/user/mtannaou/alternance/donnees_sar_changes/rcm2-sclna-owi-cm-20241020t230110-20241020t230226-00003-xxxxx_aeqd.nc,rcm2-sclna-owi-cm-20241020t230110-20241020t230226-00003-xxxxx.nc,/home/datawork-cersat-public/cache/public/ftp/project/sarwing/processings/grdwind+windir_2025v6v12_2v0_0v3v9_0v0v6_0v0v6_1v4v3_1v0v15_1v0v10_1v2v5_1v2v2_1v1v1_1v2v1/cmod5n_ecmwf_norecal_rs2rcmgmfv4_28052025/rcm-2/L2M/sclna/rcm-2_sclna/2024/294/RCM2_OK3323318_PK3325757_1_SCLNA_20241020_230113_VV_VH_GRD/rcm2-sclna-owi-cm-20241020t230110-20241020t230226-00003-xxxxx.nc
al162024,IRWIN,rcm2-sclnb-owi-cm-20241020t104622-20241020t104738-00003-______ll_gd_GEO-IRWIN.nc,20.9378910064697,286.801513671875,"2024-10-20T10:46:22,000",/scale/user/mtannaou/alternance/donnees_sar_changes/rcm2-sclnb-owi-cm-20241020t104622-20241020t104738-00003-xxxxx_aeqd.nc,rcm2-sclnb-owi-cm-20241020t104622-20241020t104738-00003-xxxxx.nc,/home/datawork-cersat-public/cache/public/ftp/project/sarwing/processings/grdwind+windir_2025v6v12_2v0_0v3v9_0v0v6_0v0v6_1v4v3_1v0v15_1v0v10_1v2v5_1v2v2_1v1v1_1v2v1/cmod5n_ecmwf_norecal_rs2rcmgmfv4_28052025/rcm-2/L2M/sclnb/rcm-2_sclnb/2024/294/RCM2_OK3323314_PK3324888_1_SCLNB_20241020_104622_VV_VH_GRD/rcm2-sclnb-owi-cm-20241020t104622-20241020t104738-00003-xxxxx.nc
al162024,IRWIN,rcm2-sclnc-owi-cm-20241019t225313-20241019t225429-00003-______ll_gd_GEO-IRWIN.nc,21.5196685791016,288.769348144531,"2024-10-19T22:53:13,000",/scale/user/mtannaou/alternance/donnees_sar_changes/rcm2-sclnc-owi-cm-20241019t225313-20241019t225429-00003-xxxxx_aeqd.nc,s1a-iw-owi-cm-20241019t225318-20241019t225459-000003-06E04E.nc,/home/datawork-cersat-public/cache/public/ftp/project/sarwing/processings/grdwind+windir_2025v6v12_2v0_0v3v9_0v0v6_0v0v6_1v4v3_1v0v15_1v0v10_1v2v5_1v2v2_1v1v1_1v2v1/cmod5n_ecmwf_norecal_rs2rcmgmfv4_28052025/sentinel-1a/L2M/IW/S1A_IW_GRDH_1S/2024/293/S1A_IW_GRDH_1SDV_20241019T225318_20241019T225459_056178_06E04E_2054X37B2XABB8XD221/s1a-iw-owi-cm-20241019t225318-20241019t225459-000003-06E04E.nc
al162024,IRWIN,rcm2-sclnc-owi-cm-20241021t105429-20241021t105544-00003-______ll_gd_GEO-IRWIN.nc,20.1718559265137,284.811767578125,"2024-10-21T10:54:29,000",/scale/user/mtannaou/alternance/donnees_sar_changes/rcm2-sclnc-owi-cm-20241021t105429-20241021t105544-00003-xxxxx_aeqd.nc,rcm2-sclnc-owi-cm-20241021t105429-20241021t105544-00003-xxxxx.nc,/home/datawork-cersat-public/cache/public/ftp/project/sarwing/processings/grdwind+windir_2025v6v12_2v0_0v3v9_0v0v6_0v0v6_1v4v3_1v0v15_1v0v10_1v2v5_1v2v2_1v1v1_1v2v1/cmod5n_ecmwf_norecal_rs2rcmgmfv4_28052025/rcm-2/L2M/sclnc/rcm-2_sclnc/2024/295/RCM2_OK3324672_PK3326671_1_SCLNC_20241021_105431_VV_VH_GRD/rcm2-sclnc-owi-cm-20241021t105429-20241021t105544-00003-xxxxx.nc
al162024,IRWIN,s1a-iw-owi-cm-20241019t225347-20241019t225459-000003-06E04E_ll_gd_GEO-IRWIN.nc,21.5196685791016,288.769348144531,"2024-10-19T22:53:47,000",,s1a-iw-owi-cm-20241019t225318-20241019t225459-000003-06E04E.nc,/home/datawork-cersat-public/cache/public/ftp/project/sarwing/processings/grdwind+windir_2025v6v12_2v0_0v3v9_0v0v6_0v0v6_1v4v3_1v0v15_1v0v10_1v2v5_1v2v2_1v1v1_1v2v1/cmod5n_ecmwf_norecal_rs2rcmgmfv4_28052025/sentinel-1a/L2M/IW/S1A_IW_GRDH_1S/2024/293/S1A_IW_GRDH_1SDV_20241019T225318_20241019T225459_056178_06E04E_2054X37B2XABB8XD221/s1a-iw-owi-cm-20241019t225318-20241019t225459-000003-06E04E.nc
sh192019,IRWIN,s1a-ew-owi-cm-20190320t124952-20190320t125126-000003-02F50E_ll_gd_GEO-IRWIN.nc,-19.0563488006592,84.261100769043,"2019-03-20T12:49:52,000",/scale/user/mtannaou/alternance/donnees_sar_changes/s1a-ew-owi-cm-20190320t124952-20190320t125126-000003-02F50E_aeqd.nc,s1a-ew-owi-cm-20190320t124952-20190320t125126-000003-02F50E.nc,/home/datawork-cersat-public/cache/public/ftp/project/sarwing/processings/grdwind+windir_2025v6v12_2v0_0v3v9_0v0v6_0v0v6_1v4v3_1v0v15_1v0v10_1v2v5_1v2v2_1v1v1_1v2v1/cmod5n_ecmwf_norecal_rs2rcmgmfv4_28052025/sentinel-1a/L2M/EW/S1A_EW_GRDM_1S/2019/079/S1A_EW_GRDM_1SDV_20190320T124952_20190320T125126_026421_02F50E_B25DXB3EE/s1a-ew-owi-cm-20190320t124952-20190320t125126-000003-02F50E.nc
sh192019,IRWIN,s1b-ew-owi-cm-20190319t234935-20190319t235109-000003-01CE62_ll_gd_GEO-IRWIN.nc,-18.9000968933106,84.1891555786133,"2019-03-19T23:49:35,000",/scale/user/mtannaou/alternance/donnees_sar_changes/s1b-ew-owi-cm-20190319t234935-20190319t235109-000003-01CE62_aeqd.nc,s1b-ew-owi-cm-20190319t234935-20190319t235109-000003-01CE62.nc,/home/datawork-cersat-public/cache/public/ftp/project/sarwing/processings/grdwind+windir_2025v6v12_2v0_0v3v9_0v0v6_0v0v6_1v4v3_1v0v15_1v0v10_1v2v5_1v2v2_1v1v1_1v2v1/cmod5n_ecmwf_norecal_rs2rcmgmfv4_28052025/sentinel-1b/L2M/EW/S1B_EW_GRDM_1S/2019/078/S1B_EW_GRDM_1SDV_20190319T234935_20190319T235109_015430_01CE62_8950XFF46/s1b-ew-owi-cm-20190319t234935-20190319t235109-000003-01CE62.nc
wp102024,IRWIN,rcm2-sc50ma-owi-cm-20240819t214317-20240819t214434-00003-______ll_gd_GEO-IRWIN.nc,29.646806716919,125.491203308106,"2024-08-19T21:43:17,000",/scale/user/mtannaou/alternance/donnees_sar_changes/rcm2-sc50ma-owi-cm-20240819t214317-20240819t214434-00003-xxxxx_aeqd.nc,rcm2-sc50ma-owi-cm-20240819t214317-20240819t214434-00003-xxxxx.nc,/home/datawork-cersat-public/cache/public/ftp/project/sarwing/processings/grdwind+windir_2025v6v12_2v0_0v3v9_0v0v6_0v0v6_1v4v3_1v0v15_1v0v10_1v2v5_1v2v2_1v1v1_1v2v1/cmod5n_ecmwf_norecal_rs2rcmgmfv4_28052025/rcm-2/L2M/sc50ma/rcm-2_sc50ma/2024/232/RCM2_OK3215633_PK3218285_1_SC50MA_20240819_214133_HH_HV_GRD/rcm2-sc50ma-owi-cm-20240819t214317-20240819t214434-00003-xxxxx.nc
wp142022,IRWIN,rs2-scwa-owi-cm-20220908t091428-20220908t091544-00003-______ll_gd_GEO-IRWIN.nc,17.1472434997559,131.617462158203,"2022-09-08T09:14:28,000",/scale/user/mtannaou/alternance/donnees_sar_changes/rs2-scwa-owi-cm-20220908t091428-20220908t091544-00003-xxxxx_aeqd.nc,rs2-scwa-owi-cm-20220908t091428-20220908t091544-00003-xxxxx.nc,/home/datawork-cersat-public/cache/public/ftp/project/sarwing/processings/grdwind+windir_2025v6v12_2v0_0v3v9_0v0v6_0v0v6_1v4v3_1v0v15_1v0v10_1v2v5_1v2v2_1v1v1_1v2v1/cmod5n_ecmwf_norecal_rs2rcmgmfv4_28052025/RS2/L2M/SCWA/RS2_SCWA/2022/251/RS2_OK141302_PK1242226_DK1208540_SCWA_20220908_091428_091428_VV_VH_SGF/rs2-scwa-owi-cm-20220908t091428-20220908t091544-00003-xxxxx.nc
ep012023,IRWIN,rcm1-sc50mc-owi-cm-20230701t131956-20230701t132111-00003-______ll_gd_GEO-IRWIN.nc,18.1709308624268,245.847244262695,"2023-07-01T13:19:56,000",/scale/user/mtannaou/alternance/donnees_sar_changes/rcm1-sc50mc-owi-cm-20230701t131956-20230701t132111-00003-xxxxx_aeqd.nc,rcm1-sc50mc-owi-cm-20230701t131956-20230701t132111-00003-xxxxx.nc,/home/datawork-cersat-public/cache/public/ftp/project/sarwing/processings/grdwind+windir_2025v6v12_2v0_0v3v9_0v0v6_0v0v6_1v4v3_1v0v15_1v0v10_1v2v5_1v2v2_1v1v1_1v2v1/cmod5n_ecmwf_norecal_rs2rcmgmfv4_28052025/rcm-1/L2M/sc50mc/rcm-1_sc50mc/2023/182/RCM1_OK2627651_PK2629850_1_SC50MC_20230701_131957_HH_HV_GRD/rcm1-sc50mc-owi-cm-20230701t131956-20230701t132111-00003-xxxxx.nc
ep012023,IRWIN,rcm1-sclnd-owi-cm-20230629t130417-20230629t130535-00003-______ll_gd_GEO-IRWIN.nc,15.8530387878418,250.168380737305,"2023-06-29T13:04:17,000",/scale/user/mtannaou/alternance/donnees_sar_changes/rcm1-sclnd-owi-cm-20230629t130417-20230629t130535-00003-xxxxx_aeqd.nc,rcm1-sclnd-owi-cm-20230629t130417-20230629t130535-00003-xxxxx.nc,/home/datawork-cersat-public/cache/public/ftp/project/sarwing/processings/grdwind+windir_2025v6v12_2v0_0v3v9_0v0v6_0v0v6_1v4v3_1v0v15_1v0v10_1v2v5_1v2v2_1v1v1_1v2v1/cmod5n_ecmwf_norecal_rs2rcmgmfv4_28052025/rcm-1/L2M/sclnd/rcm-1_sclnd/2023/180/RCM1_OK2625166_PK2627394_1_SCLND_20230629_130418_VV_VH_GRD/rcm1-sclnd-owi-cm-20230629t130417-20230629t130535-00003-xxxxx.nc
ep012023,IRWIN,rcm1-sc50mc-owi-cm-20230630t131213-20230630t131326-00003-______ll_gd_GEO-IRWIN.nc,16.9601039886475,248.170516967773,"2023-06-30T13:12:13,000",/scale/user/mtannaou/alternance/donnees_sar_changes/rcm1-sc50mc-owi-cm-20230630t131213-20230630t131326-00003-xxxxx_aeqd.nc,rcm1-sc50mc-owi-cm-20230630t131213-20230630t131326-00003-xxxxx.nc,/home/datawork-cersat-public/cache/public/ftp/project/sarwing/processings/grdwind+windir_2025v6v12_2v0_0v3v9_0v0v6_0v0v6_1v4v3_1v0v15_1v0v10_1v2v5_1v2v2_1v1v1_1v2v1/cmod5n_ecmwf_norecal_rs2rcmgmfv4_28052025/rcm-1/L2M/sc50mc/rcm-1_sc50mc/2023/181/RCM1_OK2626116_PK2628504_1_SC50MC_20230630_131215_HH_HV_GRD/rcm1-sc50mc-owi-cm-20230630t131213-20230630t131326-00003-xxxxx.nc
al052019,IRWIN,s1a-iw-owi-cm-20190906t224121-20190906t224301-000003-0346EC_ll_gd_GEO-IRWIN.nc,36.7211837768555,287.449890136719,"2019-09-06T22:41:21,000",,s1a-iw-owi-cm-20190906t224052-20190906t224301-000003-0346EC.nc,/home/datawork-cersat-public/cache/public/ftp/project/sarwing/processings/grdwind+windir_2025v6v12_2v0_0v3v9_0v0v6_0v0v6_1v4v3_1v0v15_1v0v10_1v2v5_1v2v2_1v1v1_1v2v1/cmod5n_ecmwf_norecal_rs2rcmgmfv4_28052025/sentinel-1a/L2M/IW/S1A_IW_GRDH_1S/2019/249/S1A_IW_GRDH_1SDV_20190906T224052_20190906T224301_028907_0346EC_45D7X7B60XAD47XED4AXF512/s1a-iw-owi-cm-20190906t224052-20190906t224301-000003-0346EC.nc
al052019,IRWIN,s1b-iw-owi-cm-20190829t102127-20190829t102221-000003-0217F3_ll_gd_GEO-IRWIN.nc,20.3897075653076,293.444671630859,"2019-08-29T10:21:27,000",,s1b-iw-owi-cm-20190829t102127-20190829t102311-000003-0217F3.nc,/home/datawork-cersat-public/cache/public/ftp/project/sarwing/processings/grdwind+windir_2025v6v12_2v0_0v3v9_0v0v6_0v0v6_1v4v3_1v0v15_1v0v10_1v2v5_1v2v2_1v1v1_1v2v1/cmod5n_ecmwf_norecal_rs2rcmgmfv4_28052025/sentinel-1b/L2M/IW/S1B_IW_GRDH_1S/2019/241/S1B_IW_GRDH_1SDV_20190829T102127_20190829T102311_017799_0217F3_71ABX9FA3XA412XE848/s1b-iw-owi-cm-20190829t102127-20190829t102311-000003-0217F3.nc
al052019,IRWIN,s1a-iw-owi-cm-20190903t111721-20190903t111901-000003-03451E_ll_gd_GEO-IRWIN.nc,27.0221691131592,281.509399414063,"2019-09-03T11:17:21,000",,s1a-iw-owi-cm-20190903t111602-20190903t111901-000003-03451E.nc,/home/datawork-cersat-public/cache/public/ftp/project/sarwing/processings/grdwind+windir_2025v6v12_2v0_0v3v9_0v0v6_0v0v6_1v4v3_1v0v15_1v0v10_1v2v5_1v2v2_1v1v1_1v2v1/cmod5n_ecmwf_norecal_rs2rcmgmfv4_28052025/sentinel-1a/L2M/IW/S1A_IW_GRDH_1S/2019/246/S1A_IW_GRDH_1SDV_20190903T111602_20190903T111901_028856_03451E_0EDAX1380X1715X88D9X8A6FX9D46XCFC1/s1a-iw-owi-cm-20190903t111602-20190903t111901-000003-03451E.nc
al052019,IRWIN,s1a-iw-owi-cm-20190827t221901-20190827t222016-000003-0341DA_ll_gd_GEO-IRWIN.nc,15.2786712646484,297.7119140625,"2019-08-27T22:19:01,000",,s1a-iw-owi-cm-20190827t221742-20190827t222016-000003-0341DA.nc,/home/datawork-cersat-public/cache/public/ftp/project/sarwing/processings/grdwind+windir_2025v6v12_2v0_0v3v9_0v0v6_0v0v6_1v4v3_1v0v15_1v0v10_1v2v5_1v2v2_1v1v1_1v2v1/cmod5n_ecmwf_norecal_rs2rcmgmfv4_28052025/sentinel-1a/L2M/IW/S1A_IW_GRDH_1S/2019/239/S1A_IW_GRDH_1SDV_20190827T221742_20190827T222016_028761_0341DA_323FX3F5DX60D6X6545X887DXAB8C/s1a-iw-owi-cm-20190827t221742-20190827t222016-000003-0341DA.nc
al052019,IRWIN,s1a-iw-owi-cm-20190830t224548-20190830t224705-000003-03435D_ll_gd_GEO-IRWIN.nc,25.0522422790527,289.326690673828,"2019-08-30T22:45:48,000",,s1a-iw-owi-cm-20190830t224458-20190830t224705-000003-03435D.nc,/home/datawork-cersat-public/cache/public/ftp/project/sarwing/processings/grdwind+windir_2025v6v12_2v0_0v3v9_0v0v6_0v0v6_1v4v3_1v0v15_1v0v10_1v2v5_1v2v2_1v1v1_1v2v1/cmod5n_ecmwf_norecal_rs2rcmgmfv4_28052025/sentinel-1a/L2M/IW/S1A_IW_GRDH_1S/2019/242/S1A_IW_GRDH_1SDV_20190830T224458_20190830T224705_028805_03435D_03C1XB3DEXD5D9XD6F7XE825/s1a-iw-owi-cm-20190830t224458-20190830t224705-000003-03435D.nc
al052019,IRWIN,s1a-iw-owi-cm-20190902t231101-20190902t231306-000003-0344E3_ll_gd_GEO-IRWIN.nc,26.8511123657227,281.541778564453,"2019-09-02T23:11:01,000",,s1a-iw-owi-cm-20190902t231011-20190902t231306-000003-0344E3.nc,/home/datawork-cersat-public/cache/public/ftp/project/sarwing/processings/grdwind+windir_2025v6v12_2v0_0v3v9_0v0v6_0v0v6_1v4v3_1v0v15_1v0v10_1v2v5_1v2v2_1v1v1_1v2v1/cmod5n_ecmwf_norecal_rs2rcmgmfv4_28052025/sentinel-1a/L2M/IW/S1A_IW_GRDH_1S/2019/245/S1A_IW_GRDH_1SDV_20190902T231011_20190902T231306_028849_0344E3_1356X16DBX48F7X5A2DXE9A9XECBDXFF27/s1a-iw-owi-cm-20190902t231011-20190902t231306-000003-0344E3.nc
al052019,IRWIN,rs2-scwa-owi-cm-20190904t111553-20190904t111709-00003-______ll_gd_GEO-IRWIN.nc,29.2108726501465,280.545837402344,"2019-09-04T11:15:53,000",/scale/user/mtannaou/alternance/donnees_sar_changes/rs2-scwa-owi-cm-20190904t111553-20190904t111709-00003-xxxxx_aeqd.nc,rs2-scwa-owi-cm-20190904t111553-20190904t111709-00003-xxxxx.nc,/home/datawork-cersat-public/cache/public/ftp/project/sarwing/processings/grdwind+windir_2025v6v12_2v0_0v3v9_0v0v6_0v0v6_1v4v3_1v0v15_1v0v10_1v2v5_1v2v2_1v1v1_1v2v1/cmod5n_ecmwf_norecal_rs2rcmgmfv4_28052025/RS2/L2M/SCWA/RS2_SCWA/2019/247/RS2_OK888888_PK888888_DK888888_SCWA_20190904_111553_111553_VV_VH_SGF/rs2-scwa-owi-cm-20190904t111553-20190904t111709-00003-xxxxx.nc
al052019,IRWIN,rs2-scwa-owi-cm-20190901t110302-20190901t110526-00003-______ll_gd_GEO-IRWIN.nc,26.4580669403076,283.915649414063,"2019-09-01T11:03:02,000",/scale/user/mtannaou/alternance/donnees_sar_changes/rs2-scwa-owi-cm-20190901t110302-20190901t110526-00003-xxxxx_aeqd.nc,rs2-scwa-owi-cm-20190901t110302-20190901t110526-00003-xxxxx.nc,/home/datawork-cersat-public/cache/public/ftp/project/sarwing/processings/grdwind+windir_2025v6v12_2v0_0v3v9_0v0v6_0v0v6_1v4v3_1v0v15_1v0v10_1v2v5_1v2v2_1v1v1_1v2v1/cmod5n_ecmwf_norecal_rs2rcmgmfv4_28052025/RS2/L2M/SCWA/RS2_SCWA/2019/244/RS2_OK888888_PK888888X888_DK888888X888_SCWA_20190901_110302_110410_VV_VH_SGF/rs2-scwa-owi-cm-20190901t110302-20190901t110526-00003-xxxxx.nc
al052019,IRWIN,s1a-iw-owi-cm-20190831t105329-20190831t105448-000003-03439C_ll_gd_GEO-IRWIN.nc,25.7494792938232,287.464813232422,"2019-08-31T10:53:29,000",,s1a-iw-owi-cm-20190831t105329-20190831t105513-000003-03439C.nc,/home/datawork-cersat-public/cache/public/ftp/project/sarwing/processings/grdwind+windir_2025v6v12_2v0_0v3v9_0v0v6_0v0v6_1v4v3_1v0v15_1v0v10_1v2v5_1v2v2_1v1v1_1v2v1/cmod5n_ecmwf_norecal_rs2rcmgmfv4_28052025/sentinel-1a/L2M/IW/S1A_IW_GRDH_1S/2019/243/S1A_IW_GRDH_1SDV_20190831T105329_20190831T105513_028812_03439C_2C98X39B3X69F0XAA8D/s1a-iw-owi-cm-20190831t105329-20190831t105513-000003-03439C.nc
al052019,IRWIN,s1a-iw-owi-cm-20190827t095110-20190827t095204-000003-03418D_ll_gd_GEO-IRWIN.nc,13.6363887786865,299.598999023438,"2019-08-27T09:51:10,000",/scale/user/mtannaou/alternance/donnees_sar_changes/s1a-iw-owi-cm-20190827t095110-20190827t095204-000003-03418D_aeqd.nc,s1a-iw-owi-cm-20190827t095110-20190827t095204-000003-03418D.nc,/home/datawork-cersat-public/cache/public/ftp/project/sarwing/processings/grdwind+windir_2025v6v12_2v0_0v3v9_0v0v6_0v0v6_1v4v3_1v0v15_1v0v10_1v2v5_1v2v2_1v1v1_1v2v1/cmod5n_ecmwf_norecal_rs2rcmgmfv4_28052025/sentinel-1a/L2M/IW/S1A_IW_GRDH_1S/2019/239/S1A_IW_GRDH_1SDV_20190827T095110_20190827T095204_028753_03418D_8A8CXCC8F/s1a-iw-owi-cm-20190827t095110-20190827t095204-000003-03418D.nc
al052019,IRWIN,s1b-iw-owi-cm-20190904t110754-20190904t110934-000003-021A9D_ll_gd_GEO-IRWIN.nc,29.1915016174316,280.557189941406,"2019-09-04T11:07:54,000",,s1b-iw-owi-cm-20190904t110635-20190904t110934-000003-021A9D.nc,/home/datawork-cersat-public/cache/public/ftp/project/sarwing/processings/grdwind+windir_2025v6v12_2v0_0v3v9_0v0v6_0v0v6_1v4v3_1v0v15_1v0v10_1v2v5_1v2v2_1v1v1_1v2v1/cmod5n_ecmwf_norecal_rs2rcmgmfv4_28052025/sentinel-1b/L2M/IW/S1B_IW_GRDH_1S/2019/247/S1B_IW_GRDH_1SDV_20190904T110635_20190904T110934_017887_021A9D_19E5X396AX47A7X6B7EXC42CXC88AXFAF3/s1b-iw-owi-cm-20190904t110635-20190904t110934-000003-021A9D.nc
ep142021,IRWIN,rs2-scwa-owi-cm-20210828t124315-20210828t124431-00003-______ll_gd_GEO-IRWIN.nc,17.5646800994873,254.825210571289,"2021-08-28T12:43:15,000",/scale/user/mtannaou/alternance/donnees_sar_changes/rs2-scwa-owi-cm-20210828t124315-20210828t124431-00003-xxxxx_aeqd.nc,rs2-scwa-owi-cm-20210828t124315-20210828t124431-00003-xxxxx.nc,/home/datawork-cersat-public/cache/public/ftp/project/sarwing/processings/grdwind+windir_2025v6v12_2v0_0v3v9_0v0v6_0v0v6_1v4v3_1v0v15_1v0v10_1v2v5_1v2v2_1v1v1_1v2v1/cmod5n_ecmwf_norecal_rs2rcmgmfv4_28052025/RS2/L2M/SCWA/RS2_SCWA/2021/240/RS2_OK130693_PK1144712_DK1102112_SCWA_20210828_124315_124315_VV_VH_SGF/rs2-scwa-owi-cm-20210828t124315-20210828t124431-00003-xxxxx.nc
ep142021,IRWIN,s1b-ew-owi-cm-20210829t125731-20210829t125905-000003-036572_ll_gd_GEO-IRWIN.nc,22.5978202819824,254.054046630859,"2021-08-29T12:57:31,000",/scale/user/mtannaou/alternance/donnees_sar_changes/s1b-ew-owi-cm-20210829t125731-20210829t125905-000003-036572_aeqd.nc,s1b-ew-owi-cm-20210829t125731-20210829t125905-000003-036572.nc,/home/datawork-cersat-public/cache/public/ftp/project/sarwing/processings/grdwind+windir_2025v6v12_2v0_0v3v9_0v0v6_0v0v6_1v4v3_1v0v15_1v0v10_1v2v5_1v2v2_1v1v1_1v2v1/cmod5n_ecmwf_norecal_rs2rcmgmfv4_28052025/sentinel-1b/L2M/EW/S1B_EW_GRDM_1S/2021/241/S1B_EW_GRDM_1SDV_20210829T125731_20210829T125905_028461_036572_302BXA930/s1b-ew-owi-cm-20210829t125731-20210829t125905-000003-036572.nc
ep062021,IRWIN,rs2-scwa-owi-cm-20210717t022156-20210717t022312-00003-______ll_gd_GEO-IRWIN.nc,14.6909456253052,237.148422241211,"2021-07-17T02:21:56,000",/scale/user/mtannaou/alternance/donnees_sar_changes/rs2-scwa-owi-cm-20210717t022156-20210717t022312-00003-xxxxx_aeqd.nc,rs2-scwa-owi-cm-20210717t022156-20210717t022312-00003-xxxxx.nc,/home/datawork-cersat-public/cache/public/ftp/project/sarwing/processings/grdwind+windir_2025v6v12_2v0_0v3v9_0v0v6_0v0v6_1v4v3_1v0v15_1v0v10_1v2v5_1v2v2_1v1v1_1v2v1/cmod5n_ecmwf_norecal_rs2rcmgmfv4_28052025/RS2/L2M/SCWA/RS2_SCWA/2021/198/RS2_OK130693_PK1144710_DK1102110_SCWA_20210717_022156_022156_VV_VH_SGF/rs2-scwa-owi-cm-20210717t022156-20210717t022312-00003-xxxxx.nc
ep062021,IRWIN,rs2-scwa-owi-cm-20210718t142039-20210718t142154-00003-______ll_gd_GEO-IRWIN.nc,15.6204204559326,232.334747314453,"2021-07-18T14:20:39,000",/scale/user/mtannaou/alternance/donnees_sar_changes/rs2-scwa-owi-cm-20210718t142039-20210718t142154-00003-xxxxx_aeqd.nc,rs2-scwa-owi-cm-20210718t142039-20210718t142154-00003-xxxxx.nc,/home/datawork-cersat-public/cache/public/ftp/project/sarwing/processings/grdwind+windir_2025v6v12_2v0_0v3v9_0v0v6_0v0v6_1v4v3_1v0v15_1v0v10_1v2v5_1v2v2_1v1v1_1v2v1/cmod5n_ecmwf_norecal_rs2rcmgmfv4_28052025/RS2/L2M/SCWA/RS2_SCWA/2021/199/RS2_OK130693_PK1144711_DK1102111_SCWA_20210718_142039_142039_VV_VH_SGF/rs2-scwa-owi-cm-20210718t142039-20210718t142154-00003-xxxxx.nc
wp152023,IRWIN,rcm2-sclnd-owi-cm-20231012t200843-20231012t201000-00003-______ll_gd_GEO-IRWIN.nc,24.1520404815674,145.445373535156,"2023-10-12T20:08:43,000",/scale/user/mtannaou/alternance/donnees_sar_changes/rcm2-sclnd-owi-cm-20231012t200843-20231012t201000-00003-xxxxx_aeqd.nc,rcm2-sclnd-owi-cm-20231012t200843-20231012t201000-00003-xxxxx.nc,/home/datawork-cersat-public/cache/public/ftp/project/sarwing/processings/grdwind+windir_2025v6v12_2v0_0v3v9_0v0v6_0v0v6_1v4v3_1v0v15_1v0v10_1v2v5_1v2v2_1v1v1_1v2v1/cmod5n_ecmwf_norecal_rs2rcmgmfv4_28052025/rcm-2/L2M/sclnd/rcm-2_sclnd/2023/285/RCM2_OK2783364_PK2786345_1_SCLND_20231012_200843_VV_VH_GRD/rcm2-sclnd-owi-cm-20231012t200843-20231012t201000-00003-xxxxx.nc
wp152023,IRWIN,rcm1-sclna-owi-cm-20231010t202627-20231010t202739-00003-______ll_gd_GEO-IRWIN.nc,16.0868015289307,144.455795288086,"2023-10-10T20:26:27,000",/scale/user/mtannaou/alternance/donnees_sar_changes/rcm1-sclna-owi-cm-20231010t202627-20231010t202739-00003-xxxxx_aeqd.nc,rcm1-sclna-owi-cm-20231010t202627-20231010t202739-00003-xxxxx.nc,/home/datawork-cersat-public/cache/public/ftp/project/sarwing/processings/grdwind+windir_2025v6v12_2v0_0v3v9_0v0v6_0v0v6_1v4v3_1v0v15_1v0v10_1v2v5_1v2v2_1v1v1_1v2v1/cmod5n_ecmwf_norecal_rs2rcmgmfv4_28052025/rcm-1/L2M/sclna/rcm-1_sclna/2023/283/RCM1_OK2781224_PK2783565_1_SCLNA_20231010_202629_VV_VH_GRD/rcm1-sclna-owi-cm-20231010t202627-20231010t202739-00003-xxxxx.nc
wp152023,IRWIN,s1a-ew-owi-cm-20231013t080655-20231013t080759-000003-061D67_ll_gd_GEO-IRWIN.nc,27.1740398406982,148.665451049805,"2023-10-13T08:06:55,000",/scale/user/mtannaou/alternance/donnees_sar_changes/s1a-ew-owi-cm-20231013t080655-20231013t080759-000003-061D67_aeqd.nc,s1a-ew-owi-cm-20231013t080655-20231013t080759-000003-061D67.nc,/home/datawork-cersat-public/cache/public/ftp/project/sarwing/processings/grdwind+windir_2025v6v12_2v0_0v3v9_0v0v6_0v0v6_1v4v3_1v0v15_1v0v10_1v2v5_1v2v2_1v1v1_1v2v1/cmod5n_ecmwf_norecal_rs2rcmgmfv4_28052025/sentinel-1a/L2M/EW/S1A_EW_GRDM_1S/2023/286/S1A_EW_GRDM_1SDV_20231013T080655_20231013T080759_050744_061D67_9AE9/s1a-ew-owi-cm-20231013t080655-20231013t080759-000003-061D67.nc
wp152023,IRWIN,s1a-ew-owi-cm-20231011t203059-20231011t203203-000003-061CAB_ll_gd_GEO-IRWIN.nc,19.7764530181885,142.901504516602,"2023-10-11T20:30:59,000",/scale/user/mtannaou/alternance/donnees_sar_changes/s1a-ew-owi-cm-20231011t203059-20231011t203203-000003-061CAB_aeqd.nc,s1a-ew-owi-cm-20231011t203059-20231011t203203-000003-061CAB.nc,/home/datawork-cersat-public/cache/public/ftp/project/sarwing/processings/grdwind+windir_2025v6v12_2v0_0v3v9_0v0v6_0v0v6_1v4v3_1v0v15_1v0v10_1v2v5_1v2v2_1v1v1_1v2v1/cmod5n_ecmwf_norecal_rs2rcmgmfv4_28052025/sentinel-1a/L2M/EW/S1A_EW_GRDM_1S/2023/284/S1A_EW_GRDM_1SDV_20231011T203059_20231011T203203_050722_061CAB_FE60/s1a-ew-owi-cm-20231011t203059-20231011t203203-000003-061CAB.nc
wp152023,IRWIN,rcm1-sclnd-owi-cm-20231010t083102-20231010t083203-00003-______ll_gd_GEO-IRWIN.nc,14.3745546340942,145.532348632813,"2023-10-10T08:31:02,000",/scale/user/mtannaou/alternance/donnees_sar_changes/rcm1-sclnd-owi-cm-20231010t083102-20231010t083203-00003-xxxxx_aeqd.nc,rcm1-sclnd-owi-cm-20231010t083102-20231010t083203-00003-xxxxx.nc,/home/datawork-cersat-public/cache/public/ftp/project/sarwing/processings/grdwind+windir_2025v6v12_2v0_0v3v9_0v0v6_0v0v6_1v4v3_1v0v15_1v0v10_1v2v5_1v2v2_1v1v1_1v2v1/cmod5n_ecmwf_norecal_rs2rcmgmfv4_28052025/rcm-1/L2M/sclnd/rcm-1_sclnd/2023/283/RCM1_OK2781221_PK2782823_1_SCLND_20231010_083105_VV_VH_GRD/rcm1-sclnd-owi-cm-20231010t083102-20231010t083203-00003-xxxxx.nc
wp152023,IRWIN,rcm1-sclna-owi-cm-20231011t203315-20231011t203430-00003-______ll_gd_GEO-IRWIN.nc,19.7764530181885,142.901504516602,"2023-10-11T20:33:15,000",/scale/user/mtannaou/alternance/donnees_sar_changes/rcm1-sclna-owi-cm-20231011t203315-20231011t203430-00003-xxxxx_aeqd.nc,rcm1-sclna-owi-cm-20231011t203315-20231011t203430-00003-xxxxx.nc,/home/datawork-cersat-public/cache/public/ftp/project/sarwing/processings/grdwind+windir_2025v6v12_2v0_0v3v9_0v0v6_0v0v6_1v4v3_1v0v15_1v0v10_1v2v5_1v2v2_1v1v1_1v2v1/cmod5n_ecmwf_norecal_rs2rcmgmfv4_28052025/rcm-1/L2M/sclna/rcm-1_sclna/2023/284/RCM1_OK2782281_PK2785045_1_SCLNA_20231011_203317_VV_VH_GRD/rcm1-sclna-owi-cm-20231011t203315-20231011t203430-00003-xxxxx.nc
wp152023,IRWIN,rcm1-sclnd-owi-cm-20231009t082129-20231009t082245-00003-______ll_gd_GEO-IRWIN.nc,11.3250951766968,149.435241699219,"2023-10-09T08:21:29,000",/scale/user/mtannaou/alternance/donnees_sar_changes/rcm1-sclnd-owi-cm-20231009t082129-20231009t082245-00003-xxxxx_aeqd.nc,rcm1-sclnd-owi-cm-20231009t082129-20231009t082245-00003-xxxxx.nc,/home/datawork-cersat-public/cache/public/ftp/project/sarwing/processings/grdwind+windir_2025v6v12_2v0_0v3v9_0v0v6_0v0v6_1v4v3_1v0v15_1v0v10_1v2v5_1v2v2_1v1v1_1v2v1/cmod5n_ecmwf_norecal_rs2rcmgmfv4_28052025/rcm-1/L2M/sclnd/rcm-1_sclnd/2023/282/RCM1_OK2779613_PK2781582_1_SCLND_20231009_082129_VV_VH_GRD/rcm1-sclnd-owi-cm-20231009t082129-20231009t082245-00003-xxxxx.nc
wp152023,IRWIN,rcm1-sclnc-owi-cm-20231011t083935-20231011t084051-00003-______ll_gd_GEO-IRWIN.nc,18.3006210327148,143.335968017578,"2023-10-11T08:39:35,000",/scale/user/mtannaou/alternance/donnees_sar_changes/rcm1-sclnc-owi-cm-20231011t083935-20231011t084051-00003-xxxxx_aeqd.nc,rcm1-sclnc-owi-cm-20231011t083935-20231011t084051-00003-xxxxx.nc,/home/datawork-cersat-public/cache/public/ftp/project/sarwing/processings/grdwind+windir_2025v6v12_2v0_0v3v9_0v0v6_0v0v6_1v4v3_1v0v15_1v0v10_1v2v5_1v2v2_1v1v1_1v2v1/cmod5n_ecmwf_norecal_rs2rcmgmfv4_28052025/rcm-1/L2M/sclnc/rcm-1_sclnc/2023/284/RCM1_OK2782217_PK2784116_1_SCLNC_20231011_083935_VV_VH_GRD/rcm1-sclnc-owi-cm-20231011t083935-20231011t084051-00003-xxxxx.nc
wp152023,IRWIN,rcm2-sclnd-owi-cm-20231009t194741-20231009t194857-00003-______ll_gd_GEO-IRWIN.nc,12.9818544387817,147.51838684082,"2023-10-09T19:47:41,000",/scale/user/mtannaou/alternance/donnees_sar_changes/rcm2-sclnd-owi-cm-20231009t194741-20231009t194857-00003-xxxxx_aeqd.nc,rcm2-sclnd-owi-cm-20231009t194741-20231009t194857-00003-xxxxx.nc,/home/datawork-cersat-public/cache/public/ftp/project/sarwing/processings/grdwind+windir_2025v6v12_2v0_0v3v9_0v0v6_0v0v6_1v4v3_1v0v15_1v0v10_1v2v5_1v2v2_1v1v1_1v2v1/cmod5n_ecmwf_norecal_rs2rcmgmfv4_28052025/rcm-2/L2M/sclnd/rcm-2_sclnd/2023/282/RCM2_OK2779627_PK2782260_1_SCLND_20231009_194743_VV_VH_GRD/rcm2-sclnd-owi-cm-20231009t194741-20231009t194857-00003-xxxxx.nc
io022023,IRWIN,rcm3-sc50ma-owi-cm-20230610t133712-20230610t133827-00003-______ll_gd_GEO-IRWIN.nc,17.163595199585,67.3025970458984,"2023-06-10T13:37:12,000",/scale/user/mtannaou/alternance/donnees_sar_changes/rcm3-sc50ma-owi-cm-20230610t133712-20230610t133827-00003-xxxxx_aeqd.nc,rcm3-sc50ma-owi-cm-20230610t133712-20230610t133827-00003-xxxxx.nc,/home/datawork-cersat-public/cache/public/ftp/project/sarwing/processings/grdwind+windir_2025v6v12_2v0_0v3v9_0v0v6_0v0v6_1v4v3_1v0v15_1v0v10_1v2v5_1v2v2_1v1v1_1v2v1/cmod5n_ecmwf_norecal_rs2rcmgmfv4_28052025/rcm-3/L2M/sc50ma/rcm-3_sc50ma/2023/161/RCM3_OK2595165_PK2599214_1_SC50MA_20230610_133707_HH_HV_GRD/rcm3-sc50ma-owi-cm-20230610t133712-20230610t133827-00003-xxxxx.nc
io022023,IRWIN,rcm2-sc50mc-owi-cm-20230608t135210-20230608t135327-00003-______ll_gd_GEO-IRWIN.nc,14.1927127838135,65.9970245361328,"2023-06-08T13:52:10,000",/scale/user/mtannaou/alternance/donnees_sar_changes/rcm2-sc50mc-owi-cm-20230608t135210-20230608t135327-00003-xxxxx_aeqd.nc,rcm2-sc50mc-owi-cm-20230608t135210-20230608t135327-00003-xxxxx.nc,/home/datawork-cersat-public/cache/public/ftp/project/sarwing/processings/grdwind+windir_2025v6v12_2v0_0v3v9_0v0v6_0v0v6_1v4v3_1v0v15_1v0v10_1v2v5_1v2v2_1v1v1_1v2v1/cmod5n_ecmwf_norecal_rs2rcmgmfv4_28052025/rcm-2/L2M/sc50mc/rcm-2_sc50mc/2023/159/RCM2_OK2591025_PK2594599_1_SC50MC_20230608_135210_HH_HV_GRD/rcm2-sc50mc-owi-cm-20230608t135210-20230608t135327-00003-xxxxx.nc
io022023,IRWIN,rcm1-sclna-owi-cm-20230613t133012-20230613t133103-00003-______ll_gd_GEO-IRWIN.nc,21.089506149292,66.4152526855469,"2023-06-13T13:30:12,000",/scale/user/mtannaou/alternance/donnees_sar_changes/rcm1-sclna-owi-cm-20230613t133012-20230613t133103-00003-xxxxx_aeqd.nc,rcm1-sclna-owi-cm-20230613t133012-20230613t133103-00003-xxxxx.nc,/home/datawork-cersat-public/cache/public/ftp/project/sarwing/processings/grdwind+windir_2025v6v12_2v0_0v3v9_0v0v6_0v0v6_1v4v3_1v0v15_1v0v10_1v2v5_1v2v2_1v1v1_1v2v1/cmod5n_ecmwf_norecal_rs2rcmgmfv4_28052025/rcm-1/L2M/sclna/rcm-1_sclna/2023/164/RCM1_OK2600659_PK2603269_1_SCLNA_20230613_133014_VV_VH_GRD/rcm1-sclna-owi-cm-20230613t133012-20230613t133103-00003-xxxxx.nc
io022023,IRWIN,rcm3-sc50mb-owi-cm-20230611t013201-20230611t013318-00003-______ll_gd_GEO-IRWIN.nc,17.7788372039795,67.6852340698242,"2023-06-11T01:32:01,000",/scale/user/mtannaou/alternance/donnees_sar_changes/rcm3-sc50mb-owi-cm-20230611t013201-20230611t013318-00003-xxxxx_aeqd.nc,rcm3-sc50mb-owi-cm-20230611t013201-20230611t013318-00003-xxxxx.nc,/home/datawork-cersat-public/cache/public/ftp/project/sarwing/processings/grdwind+windir_2025v6v12_2v0_0v3v9_0v0v6_0v0v6_1v4v3_1v0v15_1v0v10_1v2v5_1v2v2_1v1v1_1v2v1/cmod5n_ecmwf_norecal_rs2rcmgmfv4_28052025/rcm-3/L2M/sc50mb/rcm-3_sc50mb/2023/162/RCM3_OK2595064_PK2599838_1_SC50MB_20230611_013201_HH_HV_GRD/rcm3-sc50mb-owi-cm-20230611t013201-20230611t013318-00003-xxxxx.nc
io022023,IRWIN,s1a-iw-owi-cm-20230614t012641-20230614t012816-000003-05E3BE_ll_gd_GEO-IRWIN.nc,21.2920532226563,66.3019714355469,"2023-06-14T01:26:41,000",/scale/user/mtannaou/alternance/donnees_sar_changes/s1a-iw-owi-cm-20230614t012641-20230614t012816-000003-05E3BE_aeqd.nc,s1a-iw-owi-cm-20230614t012641-20230614t012816-000003-05E3BE.nc,/home/datawork-cersat-public/cache/public/ftp/project/sarwing/processings/grdwind+windir_2025v6v12_2v0_0v3v9_0v0v6_0v0v6_1v4v3_1v0v15_1v0v10_1v2v5_1v2v2_1v1v1_1v2v1/cmod5n_ecmwf_norecal_rs2rcmgmfv4_28052025/sentinel-1a/L2M/IW/S1A_IW_GRDH_1S/2023/165/S1A_IW_GRDH_1SDV_20230614T012641_20230614T012816_048975_05E3BE_0FAFXA51BXB10BXD434/s1a-iw-owi-cm-20230614t012641-20230614t012816-000003-05E3BE.nc
io022023,IRWIN,rcm1-sc50mc-owi-cm-20230614t012242-20230614t012349-00003-______ll_gd_GEO-IRWIN.nc,21.2920532226563,66.3019714355469,"2023-06-14T01:22:42,000",/scale/user/mtannaou/alternance/donnees_sar_changes/rcm1-sc50mc-owi-cm-20230614t012242-20230614t012349-00003-xxxxx_aeqd.nc,rcm1-sc50mc-owi-cm-20230614t012242-20230614t012349-00003-xxxxx.nc,/home/datawork-cersat-public/cache/public/ftp/project/sarwing/processings/grdwind+windir_2025v6v12_2v0_0v3v9_0v0v6_0v0v6_1v4v3_1v0v15_1v0v10_1v2v5_1v2v2_1v1v1_1v2v1/cmod5n_ecmwf_norecal_rs2rcmgmfv4_28052025/rcm-1/L2M/sc50mc/rcm-1_sc50mc/2023/165/RCM1_OK2600648_PK2604008_1_SC50MC_20230614_012244_HH_HV_GRD/rcm1-sc50mc-owi-cm-20230614t012242-20230614t012349-00003-xxxxx.nc
io022023,IRWIN,rcm1-sc50ma-owi-cm-20230613t132954-20230613t133013-00003-______ll_gd_GEO-IRWIN.nc,21.089506149292,66.4152526855469,"2023-06-13T13:29:54,000",/scale/user/mtannaou/alternance/donnees_sar_changes/rcm1-sc50ma-owi-cm-20230613t132954-20230613t133013-00003-xxxxx_aeqd.nc,rcm1-sclna-owi-cm-20230613t133012-20230613t133103-00003-xxxxx.nc,/home/datawork-cersat-public/cache/public/ftp/project/sarwing/processings/grdwind+windir_2025v6v12_2v0_0v3v9_0v0v6_0v0v6_1v4v3_1v0v15_1v0v10_1v2v5_1v2v2_1v1v1_1v2v1/cmod5n_ecmwf_norecal_rs2rcmgmfv4_28052025/rcm-1/L2M/sclna/rcm-1_sclna/2023/164/RCM1_OK2600659_PK2603269_1_SCLNA_20230613_133014_VV_VH_GRD/rcm1-sclna-owi-cm-20230613t133012-20230613t133103-00003-xxxxx.nc
io022023,IRWIN,rcm3-sc50mc-owi-cm-20230610t012427-20230610t012545-00003-______ll_gd_GEO-IRWIN.nc,16.3980617523193,67.3184432983398,"2023-06-10T01:24:27,000",/scale/user/mtannaou/alternance/donnees_sar_changes/rcm3-sc50mc-owi-cm-20230610t012427-20230610t012545-00003-xxxxx_aeqd.nc,rcm3-sc50mc-owi-cm-20230610t012427-20230610t012545-00003-xxxxx.nc,/home/datawork-cersat-public/cache/public/ftp/project/sarwing/processings/grdwind+windir_2025v6v12_2v0_0v3v9_0v0v6_0v0v6_1v4v3_1v0v15_1v0v10_1v2v5_1v2v2_1v1v1_1v2v1/cmod5n_ecmwf_norecal_rs2rcmgmfv4_28052025/rcm-3/L2M/sc50mc/rcm-3_sc50mc/2023/161/RCM3_OK2592911_PK2598591_1_SC50MC_20230610_012425_HH_HV_GRD/rcm3-sc50mc-owi-cm-20230610t012427-20230610t012545-00003-xxxxx.nc
io022023,IRWIN,rcm3-sc50mc-owi-cm-20230611t134533-20230611t134648-00003-______ll_gd_GEO-IRWIN.nc,18.6916065216065,67.8999938964844,"2023-06-11T13:45:33,000",/scale/user/mtannaou/alternance/donnees_sar_changes/rcm3-sc50mc-owi-cm-20230611t134533-20230611t134648-00003-xxxxx_aeqd.nc,rcm3-sc50mc-owi-cm-20230611t134533-20230611t134648-00003-xxxxx.nc,/home/datawork-cersat-public/cache/public/ftp/project/sarwing/processings/grdwind+windir_2025v6v12_2v0_0v3v9_0v0v6_0v0v6_1v4v3_1v0v15_1v0v10_1v2v5_1v2v2_1v1v1_1v2v1/cmod5n_ecmwf_norecal_rs2rcmgmfv4_28052025/rcm-3/L2M/sc50mc/rcm-3_sc50mc/2023/162/RCM3_OK2597128_PK2600375_1_SC50MC_20230611_134458_HH_HV_GRD/rcm3-sc50mc-owi-cm-20230611t134533-20230611t134648-00003-xxxxx.nc
wp102019,IRWIN,s1b-ew-owi-cm-20190810t215730-20190810t215934-000003-020F7A_ll_gd_GEO-IRWIN.nc,32.1689720153809,120.958114624023,"2019-08-10T21:57:30,000",/scale/user/mtannaou/alternance/donnees_sar_changes/s1b-ew-owi-cm-20190810t215730-20190810t215934-000003-020F7A_aeqd.nc,s1b-ew-owi-cm-20190810t215730-20190810t215934-000003-020F7A.nc,/home/datawork-cersat-public/cache/public/ftp/project/sarwing/processings/grdwind+windir_2025v6v12_2v0_0v3v9_0v0v6_0v0v6_1v4v3_1v0v15_1v0v10_1v2v5_1v2v2_1v1v1_1v2v1/cmod5n_ecmwf_norecal_rs2rcmgmfv4_28052025/sentinel-1b/L2M/EW/S1B_EW_GRDM_1S/2019/222/S1B_EW_GRDM_1SDV_20190810T215730_20190810T215934_017529_020F7A_07E0X94F2/s1b-ew-owi-cm-20190810t215730-20190810t215934-000003-020F7A.nc
wp102019,IRWIN,s1a-iw-owi-cm-20190809t100111-20190809t100316-000003-033873_ll_gd_GEO-IRWIN.nc,27.1835327148438,122.312423706055,"2019-08-09T10:01:11,000",,s1a-iw-owi-cm-20190809t100042-20190809t100316-000003-033873.nc,/home/datawork-cersat-public/cache/public/ftp/project/sarwing/processings/grdwind+windir_2025v6v12_2v0_0v3v9_0v0v6_0v0v6_1v4v3_1v0v15_1v0v10_1v2v5_1v2v2_1v1v1_1v2v1/cmod5n_ecmwf_norecal_rs2rcmgmfv4_28052025/sentinel-1a/L2M/IW/S1A_IW_GRDH_1S/2019/221/S1A_IW_GRDH_1SDV_20190809T100042_20190809T100316_028491_033873_1218X4907X567EX6EE4X6FCDXC14E/s1a-iw-owi-cm-20190809t100042-20190809t100316-000003-033873.nc
wp102019,IRWIN,s1b-iw-owi-cm-20190810t095340-20190810t095455-000003-020F3E_ll_gd_GEO-IRWIN.nc,30.3359317779541,120.478530883789,"2019-08-10T09:53:40,000",/scale/user/mtannaou/alternance/donnees_sar_changes/s1b-iw-owi-cm-20190810t095340-20190810t095455-000003-020F3E_aeqd.nc,s1b-iw-owi-cm-20190810t095340-20190810t095455-000003-020F3E.nc,/home/datawork-cersat-public/cache/public/ftp/project/sarwing/processings/grdwind+windir_2025v6v12_2v0_0v3v9_0v0v6_0v0v6_1v4v3_1v0v15_1v0v10_1v2v5_1v2v2_1v1v1_1v2v1/cmod5n_ecmwf_norecal_rs2rcmgmfv4_28052025/sentinel-1b/L2M/IW/S1B_IW_GRDH_1S/2019/222/S1B_IW_GRDH_1SDV_20190810T095340_20190810T095455_017522_020F3E_156CX6646XD686/s1b-iw-owi-cm-20190810t095340-20190810t095455-000003-020F3E.nc
wp152020,IRWIN,rs2-scwa-owi-cm-20200930t064859-20200930t065230-00003-______ll_gd_GEO-IRWIN.nc,40.4607048034668,162.520095825195,"2020-09-30T06:48:59,000",/scale/user/mtannaou/alternance/donnees_sar_changes/rs2-scwa-owi-cm-20200930t064859-20200930t065230-00003-xxxxx_aeqd.nc,rs2-scwa-owi-cm-20200930t064859-20200930t065230-00003-xxxxx.nc,/home/datawork-cersat-public/cache/public/ftp/project/sarwing/processings/grdwind+windir_2025v6v12_2v0_0v3v9_0v0v6_0v0v6_1v4v3_1v0v15_1v0v10_1v2v5_1v2v2_1v1v1_1v2v1/cmod5n_ecmwf_norecal_rs2rcmgmfv4_28052025/RS2/L2M/SCWA/RS2_SCWA/2020/274/RS2_OK124043_PK1089786X787X788_DK1035890X891X892_SCWA_20200930_064859_065114_VV_VH_SGF/rs2-scwa-owi-cm-20200930t064859-20200930t065230-00003-xxxxx.nc
ep162023,IRWIN,s1a-iw-owi-cm-20231009t123442-20231009t123532-000003-061B7E_ll_gd_GEO-IRWIN.nc,16.805757522583,258.651702880859,"2023-10-09T12:34:42,000",/scale/user/mtannaou/alternance/donnees_sar_changes/s1a-iw-owi-cm-20231009t123442-20231009t123532-000003-061B7E_aeqd.nc,s1a-iw-owi-cm-20231009t123442-20231009t123532-000003-061B7E.nc,/home/datawork-cersat-public/cache/public/ftp/project/sarwing/processings/grdwind+windir_2025v6v12_2v0_0v3v9_0v0v6_0v0v6_1v4v3_1v0v15_1v0v10_1v2v5_1v2v2_1v1v1_1v2v1/cmod5n_ecmwf_norecal_rs2rcmgmfv4_28052025/sentinel-1a/L2M/IW/S1A_IW_GRDH_1S/2023/282/S1A_IW_GRDH_1SDV_20231009T123442_20231009T123532_050688_061B7E_A9C4XEFBC/s1a-iw-owi-cm-20231009t123442-20231009t123532-000003-061B7E.nc
al202023,IRWIN,rcm2-sclnc-owi-cm-20231021t222016-20231021t222133-00003-______ll_gd_GEO-IRWIN.nc,17.020414352417,298.711547851563,"2023-10-21T22:20:16,000",/scale/user/mtannaou/alternance/donnees_sar_changes/rcm2-sclnc-owi-cm-20231021t222016-20231021t222133-00003-xxxxx_aeqd.nc,rcm2-sclnc-owi-cm-20231021t222016-20231021t222133-00003-xxxxx.nc,/home/datawork-cersat-public/cache/public/ftp/project/sarwing/processings/grdwind+windir_2025v6v12_2v0_0v3v9_0v0v6_0v0v6_1v4v3_1v0v15_1v0v10_1v2v5_1v2v2_1v1v1_1v2v1/cmod5n_ecmwf_norecal_rs2rcmgmfv4_28052025/rcm-2/L2M/sclnc/rcm-2_sclnc/2023/294/RCM2_OK2795699_PK2798666_1_SCLNC_20231021_222016_VV_VH_GRD/rcm2-sclnc-owi-cm-20231021t222016-20231021t222133-00003-xxxxx.nc
al202023,IRWIN,rcm2-sclna-owi-cm-20231021t100656-20231021t100812-00003-______ll_gd_GEO-IRWIN.nc,15.1181211471558,299.553955078125,"2023-10-21T10:06:56,000",/scale/user/mtannaou/alternance/donnees_sar_changes/rcm2-sclna-owi-cm-20231021t100656-20231021t100812-00003-xxxxx_aeqd.nc,rcm2-sclna-owi-cm-20231021t100656-20231021t100812-00003-xxxxx.nc,/home/datawork-cersat-public/cache/public/ftp/project/sarwing/processings/grdwind+windir_2025v6v12_2v0_0v3v9_0v0v6_0v0v6_1v4v3_1v0v15_1v0v10_1v2v5_1v2v2_1v1v1_1v2v1/cmod5n_ecmwf_norecal_rs2rcmgmfv4_28052025/rcm-2/L2M/sclna/rcm-2_sclna/2023/294/RCM2_OK2795664_PK2798072_1_SCLNA_20231021_100658_VV_VH_GRD/rcm2-sclna-owi-cm-20231021t100656-20231021t100812-00003-xxxxx.nc
al202023,IRWIN,rcm3-sclnc-owi-cm-20231024t221358-20231024t221514-00003-______ll_gd_GEO-IRWIN.nc,24.1759223937988,298.287567138672,"2023-10-24T22:13:58,000",/scale/user/mtannaou/alternance/donnees_sar_changes/rcm3-sclnc-owi-cm-20231024t221358-20231024t221514-00003-xxxxx_aeqd.nc,rcm3-sclnc-owi-cm-20231024t221358-20231024t221514-00003-xxxxx.nc,/home/datawork-cersat-public/cache/public/ftp/project/sarwing/processings/grdwind+windir_2025v6v12_2v0_0v3v9_0v0v6_0v0v6_1v4v3_1v0v15_1v0v10_1v2v5_1v2v2_1v1v1_1v2v1/cmod5n_ecmwf_norecal_rs2rcmgmfv4_28052025/rcm-3/L2M/sclnc/rcm-3_sclnc/2023/297/RCM3_OK2800433_PK2802394_1_SCLNC_20231024_221358_VV_VH_GRD/rcm3-sclnc-owi-cm-20231024t221358-20231024t221514-00003-xxxxx.nc
al202023,IRWIN,rcm1-sc50ma-owi-cm-20231026t215920-20231026t220038-00003-______ll_gd_GEO-IRWIN.nc,31.1701316833496,300.290252685547,"2023-10-26T21:59:20,000",/scale/user/mtannaou/alternance/donnees_sar_changes/rcm1-sc50ma-owi-cm-20231026t215920-20231026t220038-00003-xxxxx_aeqd.nc,rcm1-sc50ma-owi-cm-20231026t215920-20231026t220038-00003-xxxxx.nc,/home/datawork-cersat-public/cache/public/ftp/project/sarwing/processings/grdwind+windir_2025v6v12_2v0_0v3v9_0v0v6_0v0v6_1v4v3_1v0v15_1v0v10_1v2v5_1v2v2_1v1v1_1v2v1/cmod5n_ecmwf_norecal_rs2rcmgmfv4_28052025/rcm-1/L2M/sc50ma/rcm-1_sc50ma/2023/299/RCM1_OK2802160_PK2805093_1_SC50MA_20231026_215908_HH_HV_GRD/rcm1-sc50ma-owi-cm-20231026t215920-20231026t220038-00003-xxxxx.nc
al202023,IRWIN,s1a-iw-owi-cm-20231019t220229-20231019t220344-000003-0620B5_ll_gd_GEO-IRWIN.nc,13.534423828125,303.297088623047,"2023-10-19T22:02:29,000",,s1a-iw-owi-cm-20231019t220200-20231019t220344-000003-0620B5.nc,/home/datawork-cersat-public/cache/public/ftp/project/sarwing/processings/grdwind+windir_2025v6v12_2v0_0v3v9_0v0v6_0v0v6_1v4v3_1v0v15_1v0v10_1v2v5_1v2v2_1v1v1_1v2v1/cmod5n_ecmwf_norecal_rs2rcmgmfv4_28052025/sentinel-1a/L2M/IW/S1A_IW_GRDH_1S/2023/292/S1A_IW_GRDH_1SDV_20231019T220200_20231019T220344_050840_0620B5_3497XBCF7XCEA1XD68B/s1a-iw-owi-cm-20231019t220200-20231019t220344-000003-0620B5.nc
al202023,IRWIN,s1a-iw-owi-cm-20231022t095844-20231022t095938-000003-0621D7_ll_gd_GEO-IRWIN.nc,18.2086486816406,297.615203857422,"2023-10-22T09:58:44,000",,s1a-iw-owi-cm-20231022t095844-20231022t100028-000003-0621D7.nc,/home/datawork-cersat-public/cache/public/ftp/project/sarwing/processings/grdwind+windir_2025v6v12_2v0_0v3v9_0v0v6_0v0v6_1v4v3_1v0v15_1v0v10_1v2v5_1v2v2_1v1v1_1v2v1/cmod5n_ecmwf_norecal_rs2rcmgmfv4_28052025/sentinel-1a/L2M/IW/S1A_IW_GRDH_1S/2023/295/S1A_IW_GRDH_1SDV_20231022T095844_20231022T100028_050876_0621D7_0238X7D29XA62BXA72B/s1a-iw-owi-cm-20231022t095844-20231022t100028-000003-0621D7.nc
al202023,IRWIN,rcm2-sclna-owi-cm-20231022t101427-20231022t101542-00003-______ll_gd_GEO-IRWIN.nc,18.2474098205566,297.582000732422,"2023-10-22T10:14:27,000",/scale/user/mtannaou/alternance/donnees_sar_changes/rcm2-sclna-owi-cm-20231022t101427-20231022t101542-00003-xxxxx_aeqd.nc,rcm2-sclna-owi-cm-20231022t101427-20231022t101542-00003-xxxxx.nc,/home/datawork-cersat-public/cache/public/ftp/project/sarwing/processings/grdwind+windir_2025v6v12_2v0_0v3v9_0v0v6_0v0v6_1v4v3_1v0v15_1v0v10_1v2v5_1v2v2_1v1v1_1v2v1/cmod5n_ecmwf_norecal_rs2rcmgmfv4_28052025/rcm-2/L2M/sclna/rcm-2_sclna/2023/295/RCM2_OK2797285_PK2799315_1_SCLNA_20231022_101428_VV_VH_GRD/rcm2-sclna-owi-cm-20231022t101427-20231022t101542-00003-xxxxx.nc
al202023,IRWIN,rcm3-sc50ma-owi-cm-20231025t100450-20231025t100606-00003-______ll_gd_GEO-IRWIN.nc,25.3971920013428,299.918395996094,"2023-10-25T10:04:50,000",/scale/user/mtannaou/alternance/donnees_sar_changes/rcm3-sc50ma-owi-cm-20231025t100450-20231025t100606-00003-xxxxx_aeqd.nc,rcm3-sc50ma-owi-cm-20231025t100450-20231025t100606-00003-xxxxx.nc,/home/datawork-cersat-public/cache/public/ftp/project/sarwing/processings/grdwind+windir_2025v6v12_2v0_0v3v9_0v0v6_0v0v6_1v4v3_1v0v15_1v0v10_1v2v5_1v2v2_1v1v1_1v2v1/cmod5n_ecmwf_norecal_rs2rcmgmfv4_28052025/rcm-3/L2M/sc50ma/rcm-3_sc50ma/2023/298/RCM3_OK2801694_PK2802978_1_SC50MA_20231025_100419_HH_HV_GRD/rcm3-sc50ma-owi-cm-20231025t100450-20231025t100606-00003-xxxxx.nc
al202023,IRWIN,s1a-iw-owi-cm-20231022t222848-20231022t223011-000003-062224_ll_gd_GEO-IRWIN.nc,19.731767654419,296.349090576172,"2023-10-22T22:28:48,000",,s1a-iw-owi-cm-20231022t222708-20231022t223011-000003-062224.nc,/home/datawork-cersat-public/cache/public/ftp/project/sarwing/processings/grdwind+windir_2025v6v12_2v0_0v3v9_0v0v6_0v0v6_1v4v3_1v0v15_1v0v10_1v2v5_1v2v2_1v1v1_1v2v1/cmod5n_ecmwf_norecal_rs2rcmgmfv4_28052025/sentinel-1a/L2M/IW/S1A_IW_GRDH_1S/2023/295/S1A_IW_GRDH_1SDV_20231022T222708_20231022T223011_050884_062224_0563X1D41X2402X2C3BX8A74X9DB1XC998/s1a-iw-owi-cm-20231022t222708-20231022t223011-000003-062224.nc
al202023,IRWIN,rcm2-sclnb-owi-cm-20231020t221121-20231020t221235-00003-______ll_gd_GEO-IRWIN.nc,14.2363214492798,300.859924316406,"2023-10-20T22:11:21,000",/scale/user/mtannaou/alternance/donnees_sar_changes/rcm2-sclnb-owi-cm-20231020t221121-20231020t221235-00003-xxxxx_aeqd.nc,rcm2-sclnb-owi-cm-20231020t221121-20231020t221235-00003-xxxxx.nc,/home/datawork-cersat-public/cache/public/ftp/project/sarwing/processings/grdwind+windir_2025v6v12_2v0_0v3v9_0v0v6_0v0v6_1v4v3_1v0v15_1v0v10_1v2v5_1v2v2_1v1v1_1v2v1/cmod5n_ecmwf_norecal_rs2rcmgmfv4_28052025/rcm-2/L2M/sclnb/rcm-2_sclnb/2023/293/RCM2_OK2794701_PK2797463_1_SCLNB_20231020_221122_VV_VH_GRD/rcm2-sclnb-owi-cm-20231020t221121-20231020t221235-00003-xxxxx.nc
al202023,IRWIN,rcm1-sc50mc-owi-cm-20231027t220729-20231027t220848-00003-______ll_gd_GEO-IRWIN.nc,32.4124374389648,298.515838623047,"2023-10-27T22:07:29,000",/scale/user/mtannaou/alternance/donnees_sar_changes/rcm1-sc50mc-owi-cm-20231027t220729-20231027t220848-00003-xxxxx_aeqd.nc,rcm1-sc50mc-owi-cm-20231027t220729-20231027t220848-00003-xxxxx.nc,/home/datawork-cersat-public/cache/public/ftp/project/sarwing/processings/grdwind+windir_2025v6v12_2v0_0v3v9_0v0v6_0v0v6_1v4v3_1v0v15_1v0v10_1v2v5_1v2v2_1v1v1_1v2v1/cmod5n_ecmwf_norecal_rs2rcmgmfv4_28052025/rcm-1/L2M/sc50mc/rcm-1_sc50mc/2023/300/RCM1_OK2803977_PK2806455_1_SC50MC_20231027_220701_HH_HV_GRD/rcm1-sc50mc-owi-cm-20231027t220729-20231027t220848-00003-xxxxx.nc
al202023,IRWIN,rcm2-sclnd-owi-cm-20231022t222841-20231022t222957-00003-______ll_gd_GEO-IRWIN.nc,19.731767654419,296.349090576172,"2023-10-22T22:28:41,000",/scale/user/mtannaou/alternance/donnees_sar_changes/rcm2-sclnd-owi-cm-20231022t222841-20231022t222957-00003-xxxxx_aeqd.nc,s1a-iw-owi-cm-20231022t222708-20231022t223011-000003-062224.nc,/home/datawork-cersat-public/cache/public/ftp/project/sarwing/processings/grdwind+windir_2025v6v12_2v0_0v3v9_0v0v6_0v0v6_1v4v3_1v0v15_1v0v10_1v2v5_1v2v2_1v1v1_1v2v1/cmod5n_ecmwf_norecal_rs2rcmgmfv4_28052025/sentinel-1a/L2M/IW/S1A_IW_GRDH_1S/2023/295/S1A_IW_GRDH_1SDV_20231022T222708_20231022T223011_050884_062224_0563X1D41X2402X2C3BX8A74X9DB1XC998/s1a-iw-owi-cm-20231022t222708-20231022t223011-000003-062224.nc
sh042024,IRWIN,s1a-ew-owi-cm-20240101t025243-20240101t025441-000003-06457B_ll_gd_GEO-IRWIN.nc,-20.9618091583252,41.0302963256836,"2024-01-01T02:52:43,000",/scale/user/mtannaou/alternance/donnees_sar_changes/s1a-ew-owi-cm-20240101t025243-20240101t025441-000003-06457B_aeqd.nc,s1a-ew-owi-cm-20240101t025243-20240101t025441-000003-06457B.nc,/home/datawork-cersat-public/cache/public/ftp/project/sarwing/processings/grdwind+windir_2025v6v12_2v0_0v3v9_0v0v6_0v0v6_1v4v3_1v0v15_1v0v10_1v2v5_1v2v2_1v1v1_1v2v1/cmod5n_ecmwf_norecal_rs2rcmgmfv4_28052025/sentinel-1a/L2M/EW/S1A_EW_GRDM_1S/2024/001/S1A_EW_GRDM_1SDV_20240101T025243_20240101T025441_051907_06457B_882BX9EB0/s1a-ew-owi-cm-20240101t025243-20240101t025441-000003-06457B.nc
sh042024,IRWIN,rcm2-sclnc-owi-cm-20240105t143634-20240105t143749-00003-______ll_gd_GEO-IRWIN.nc,-30.9316234588623,62.6310119628906,"2024-01-05T14:36:34,000",/scale/user/mtannaou/alternance/donnees_sar_changes/rcm2-sclnc-owi-cm-20240105t143634-20240105t143749-00003-xxxxx_aeqd.nc,rcm2-sclnc-owi-cm-20240105t143634-20240105t143749-00003-xxxxx.nc,/home/datawork-cersat-public/cache/public/ftp/project/sarwing/processings/grdwind+windir_2025v6v12_2v0_0v3v9_0v0v6_0v0v6_1v4v3_1v0v15_1v0v10_1v2v5_1v2v2_1v1v1_1v2v1/cmod5n_ecmwf_norecal_rs2rcmgmfv4_28052025/rcm-2/L2M/sclnc/rcm-2_sclnc/2024/005/RCM2_OK2896508_PK2898605_1_SCLNC_20240105_143635_VV_VH_GRD/rcm2-sclnc-owi-cm-20240105t143634-20240105t143749-00003-xxxxx.nc
wp082023,IRWIN,rcm3-sclnd-owi-cm-20230825t193742-20230825t193858-00003-______ll_gd_GEO-IRWIN.nc,22.9274578094482,154.82275390625,"2023-08-25T19:37:42,000",/scale/user/mtannaou/alternance/donnees_sar_changes/rcm3-sclnd-owi-cm-20230825t193742-20230825t193858-00003-xxxxx_aeqd.nc,rcm3-sclnd-owi-cm-20230825t193742-20230825t193858-00003-xxxxx.nc,/home/datawork-cersat-public/cache/public/ftp/project/sarwing/processings/grdwind+windir_2025v6v12_2v0_0v3v9_0v0v6_0v0v6_1v4v3_1v0v15_1v0v10_1v2v5_1v2v2_1v1v1_1v2v1/cmod5n_ecmwf_norecal_rs2rcmgmfv4_28052025/rcm-3/L2M/sclnd/rcm-3_sclnd/2023/237/RCM3_OK2705732_PK2708400_1_SCLND_20230825_193742_VV_VH_GRD/rcm3-sclnd-owi-cm-20230825t193742-20230825t193858-00003-xxxxx.nc
wp082023,IRWIN,rcm3-sclnb-owi-cm-20230826t075323-20230826t075440-00003-______ll_gd_GEO-IRWIN.nc,26.0707168579102,152.737915039063,"2023-08-26T07:53:23,000",/scale/user/mtannaou/alternance/donnees_sar_changes/rcm3-sclnb-owi-cm-20230826t075323-20230826t075440-00003-xxxxx_aeqd.nc,rcm3-sclnb-owi-cm-20230826t075323-20230826t075440-00003-xxxxx.nc,/home/datawork-cersat-public/cache/public/ftp/project/sarwing/processings/grdwind+windir_2025v6v12_2v0_0v3v9_0v0v6_0v0v6_1v4v3_1v0v15_1v0v10_1v2v5_1v2v2_1v1v1_1v2v1/cmod5n_ecmwf_norecal_rs2rcmgmfv4_28052025/rcm-3/L2M/sclnb/rcm-3_sclnb/2023/238/RCM3_OK2707007_PK2709098_1_SCLNB_20230826_075324_VV_VH_GRD/rcm3-sclnb-owi-cm-20230826t075323-20230826t075440-00003-xxxxx.nc
wp082023,IRWIN,rcm3-sclnc-owi-cm-20230828t081325-20230828t081443-00003-______ll_gd_GEO-IRWIN.nc,39.9219284057617,145.447311401367,"2023-08-28T08:13:25,000",/scale/user/mtannaou/alternance/donnees_sar_changes/rcm3-sclnc-owi-cm-20230828t081325-20230828t081443-00003-xxxxx_aeqd.nc,rcm3-sclnc-owi-cm-20230828t081325-20230828t081443-00003-xxxxx.nc,/home/datawork-cersat-public/cache/public/ftp/project/sarwing/processings/grdwind+windir_2025v6v12_2v0_0v3v9_0v0v6_0v0v6_1v4v3_1v0v15_1v0v10_1v2v5_1v2v2_1v1v1_1v2v1/cmod5n_ecmwf_norecal_rs2rcmgmfv4_28052025/rcm-3/L2M/sclnc/rcm-3_sclnc/2023/240/RCM3_OK2710496_PK2711798_1_SCLNC_20230828_081327_VV_VH_GRD/rcm3-sclnc-owi-cm-20230828t081325-20230828t081443-00003-xxxxx.nc
wp082023,IRWIN,rcm3-sclna-owi-cm-20230827t080350-20230827t080507-00003-______ll_gd_GEO-IRWIN.nc,33.908390045166,145.693237304688,"2023-08-27T08:03:50,000",/scale/user/mtannaou/alternance/donnees_sar_changes/rcm3-sclna-owi-cm-20230827t080350-20230827t080507-00003-xxxxx_aeqd.nc,rcm3-sclna-owi-cm-20230827t080350-20230827t080507-00003-xxxxx.nc,/home/datawork-cersat-public/cache/public/ftp/project/sarwing/processings/grdwind+windir_2025v6v12_2v0_0v3v9_0v0v6_0v0v6_1v4v3_1v0v15_1v0v10_1v2v5_1v2v2_1v1v1_1v2v1/cmod5n_ecmwf_norecal_rs2rcmgmfv4_28052025/rcm-3/L2M/sclna/rcm-3_sclna/2023/239/RCM3_OK2708355_PK2710320_1_SCLNA_20230827_080351_VV_VH_GRD/rcm3-sclna-owi-cm-20230827t080350-20230827t080507-00003-xxxxx.nc
wp082023,IRWIN,rcm2-sclna-owi-cm-20230827t202100-20230827t202217-00003-______ll_gd_GEO-IRWIN.nc,37.3055572509766,144.115234375,"2023-08-27T20:21:00,000",/scale/user/mtannaou/alternance/donnees_sar_changes/rcm2-sclna-owi-cm-20230827t202100-20230827t202217-00003-xxxxx_aeqd.nc,rcm2-sclna-owi-cm-20230827t202100-20230827t202217-00003-xxxxx.nc,/home/datawork-cersat-public/cache/public/ftp/project/sarwing/processings/grdwind+windir_2025v6v12_2v0_0v3v9_0v0v6_0v0v6_1v4v3_1v0v15_1v0v10_1v2v5_1v2v2_1v1v1_1v2v1/cmod5n_ecmwf_norecal_rs2rcmgmfv4_28052025/rcm-2/L2M/sclna/rcm-2_sclna/2023/239/RCM2_OK2708357_PK2711128_1_SCLNA_20230827_202101_VV_VH_GRD/rcm2-sclna-owi-cm-20230827t202100-20230827t202217-00003-xxxxx.nc
al202019,IRWIN,s1a-iw-owi-cm-20191121t220435-20191121t220530-000003-036D35_ll_gd_GEO-IRWIN.nc,23.7623844146729,300.304534912109,"2019-11-21T22:04:35,000",/scale/user/mtannaou/alternance/donnees_sar_changes/s1a-iw-owi-cm-20191121t220435-20191121t220530-000003-036D35_aeqd.nc,s1a-iw-owi-cm-20191121t220435-20191121t220530-000003-036D35.nc,/home/datawork-cersat-public/cache/public/ftp/project/sarwing/processings/grdwind+windir_2025v6v12_2v0_0v3v9_0v0v6_0v0v6_1v4v3_1v0v15_1v0v10_1v2v5_1v2v2_1v1v1_1v2v1/cmod5n_ecmwf_norecal_rs2rcmgmfv4_28052025/sentinel-1a/L2M/IW/S1A_IW_GRDH_1S/2019/325/S1A_IW_GRDH_1SDV_20191121T220435_20191121T220530_030015_036D35_1798X4A53/s1a-iw-owi-cm-20191121t220435-20191121t220530-000003-036D35.nc
wp042024,IRWIN,rcm2-sc50ma-owi-cm-20240721t224226-20240721t224343-00003-______ll_gd_GEO-IRWIN.nc,19.19948387146,109.725090026856,"2024-07-21T22:42:26,000",/scale/user/mtannaou/alternance/donnees_sar_changes/rcm2-sc50ma-owi-cm-20240721t224226-20240721t224343-00003-xxxxx_aeqd.nc,s1a-iw-owi-cm-20240721t224353-20240721t224422-000003-06AE90.nc,/home/datawork-cersat-public/cache/public/ftp/project/sarwing/processings/grdwind+windir_2025v6v12_2v0_0v3v9_0v0v6_0v0v6_1v4v3_1v0v15_1v0v10_1v2v5_1v2v2_1v1v1_1v2v1/cmod5n_ecmwf_norecal_rs2rcmgmfv4_28052025/sentinel-1a/L2M/IW/S1A_IW_GRDH_1S/2024/203/S1A_IW_GRDH_1SDV_20240721T224353_20240721T224422_054865_06AE90_83DE/s1a-iw-owi-cm-20240721t224353-20240721t224422-000003-06AE90.nc
wp042024,IRWIN,rcm2-sc50ma-owi-cm-20240722t225009-20240722t225124-00003-______ll_gd_GEO-IRWIN.nc,21.2147331237793,107.864410400391,"2024-07-22T22:50:09,000",/scale/user/mtannaou/alternance/donnees_sar_changes/rcm2-sc50ma-owi-cm-20240722t225009-20240722t225124-00003-xxxxx_aeqd.nc,rcm2-sc50ma-owi-cm-20240722t225009-20240722t225124-00003-xxxxx.nc,/home/datawork-cersat-public/cache/public/ftp/project/sarwing/processings/grdwind+windir_2025v6v12_2v0_0v3v9_0v0v6_0v0v6_1v4v3_1v0v15_1v0v10_1v2v5_1v2v2_1v1v1_1v2v1/cmod5n_ecmwf_norecal_rs2rcmgmfv4_28052025/rcm-2/L2M/sc50ma/rcm-2_sc50ma/2024/204/RCM2_OK3173252_PK3175172_1_SC50MA_20240722_225010_HH_HV_GRD/rcm2-sc50ma-owi-cm-20240722t225009-20240722t225124-00003-xxxxx.nc
wp042024,IRWIN,rcm2-sc50mc-owi-cm-20240721t104842-20240721t104939-00003-______ll_gd_GEO-IRWIN.nc,17.575273513794,111.045799255371,"2024-07-21T10:48:42,000",/scale/user/mtannaou/alternance/donnees_sar_changes/rcm2-sc50mc-owi-cm-20240721t104842-20240721t104939-00003-xxxxx_aeqd.nc,rcm2-sc50mc-owi-cm-20240721t104842-20240721t104939-00003-xxxxx.nc,/home/datawork-cersat-public/cache/public/ftp/project/sarwing/processings/grdwind+windir_2025v6v12_2v0_0v3v9_0v0v6_0v0v6_1v4v3_1v0v15_1v0v10_1v2v5_1v2v2_1v1v1_1v2v1/cmod5n_ecmwf_norecal_rs2rcmgmfv4_28052025/rcm-2/L2M/sc50mc/rcm-2_sc50mc/2024/203/RCM2_OK3170977_PK3173132_1_SC50MC_20240721_104501_HH_HV_GRD/rcm2-sc50mc-owi-cm-20240721t104842-20240721t104939-00003-xxxxx.nc
wp202021,IRWIN,s1b-ew-owi-cm-20210927t090902-20210927t091207-000003-03725C_ll_gd_GEO-IRWIN.nc,19.9656581878662,136.561538696289,"2021-09-27T09:09:02,000",,s1b-ew-owi-cm-20210927t090902-20210927t091238-000003-03725C.nc,/home/datawork-cersat-public/cache/public/ftp/project/sarwing/processings/grdwind+windir_2025v6v12_2v0_0v3v9_0v0v6_0v0v6_1v4v3_1v0v15_1v0v10_1v2v5_1v2v2_1v1v1_1v2v1/cmod5n_ecmwf_norecal_rs2rcmgmfv4_28052025/sentinel-1b/L2M/EW/S1B_EW_GRDM_1S/2021/270/S1B_EW_GRDM_1SDV_20210927T090902_20210927T091238_028882_03725C_02A5XA5FFXAF89XBD78/s1b-ew-owi-cm-20210927t090902-20210927t091238-000003-03725C.nc
wp202021,IRWIN,rs2-scwa-owi-cm-20210928t210026-20210928t210249-00003-______ll_gd_GEO-IRWIN.nc,22.8231201171875,135.412261962891,"2021-09-28T21:00:26,000",/scale/user/mtannaou/alternance/donnees_sar_changes/rs2-scwa-owi-cm-20210928t210026-20210928t210249-00003-xxxxx_aeqd.nc,rs2-scwa-owi-cm-20210928t210026-20210928t210249-00003-xxxxx.nc,/home/datawork-cersat-public/cache/public/ftp/project/sarwing/processings/grdwind+windir_2025v6v12_2v0_0v3v9_0v0v6_0v0v6_1v4v3_1v0v15_1v0v10_1v2v5_1v2v2_1v1v1_1v2v1/cmod5n_ecmwf_norecal_rs2rcmgmfv4_28052025/RS2/L2M/SCWA/RS2_SCWA/2021/271/RS2_OK130969_PK1146707X708_DK1103751X752_SCWA_20210928_210026_210133_VV_VH_SGF/rs2-scwa-owi-cm-20210928t210026-20210928t210249-00003-xxxxx.nc
wp202021,IRWIN,rs2-scwa-owi-cm-20210925t204847-20210925t205110-00003-______ll_gd_GEO-IRWIN.nc,18.4319896697998,137.050872802734,"2021-09-25T20:48:47,000",/scale/user/mtannaou/alternance/donnees_sar_changes/rs2-scwa-owi-cm-20210925t204847-20210925t205110-00003-xxxxx_aeqd.nc,rs2-scwa-owi-cm-20210925t204847-20210925t205110-00003-xxxxx.nc,/home/datawork-cersat-public/cache/public/ftp/project/sarwing/processings/grdwind+windir_2025v6v12_2v0_0v3v9_0v0v6_0v0v6_1v4v3_1v0v15_1v0v10_1v2v5_1v2v2_1v1v1_1v2v1/cmod5n_ecmwf_norecal_rs2rcmgmfv4_28052025/RS2/L2M/SCWA/RS2_SCWA/2021/268/RS2_OK130969_PK1146703X704_DK1103747X748_SCWA_20210925_204847_204954_VV_VH_SGF/rs2-scwa-owi-cm-20210925t204847-20210925t205110-00003-xxxxx.nc
wp202021,IRWIN,rcm1-sc50mc-owi-cm-20210929t204741-20210929t204917-00003-______ll_gd_GEO-IRWIN.nc,26.018087387085,135.947143554688,"2021-09-29T20:47:41,000",/scale/user/mtannaou/alternance/donnees_sar_changes/rcm1-sc50mc-owi-cm-20210929t204741-20210929t204917-00003-xxxxx_aeqd.nc,rcm1-sc50mc-owi-cm-20210929t204741-20210929t204917-00003-xxxxx.nc,/home/datawork-cersat-public/cache/public/ftp/project/sarwing/processings/grdwind+windir_2025v6v12_2v0_0v3v9_0v0v6_0v0v6_1v4v3_1v0v15_1v0v10_1v2v5_1v2v2_1v1v1_1v2v1/cmod5n_ecmwf_norecal_rs2rcmgmfv4_28052025/rcm-1/L2M/sc50mc/rcm-1_sc50mc/2021/272/RCM1_OK2381570_PK2382694_1_SC50MC_20210929_204753_HH_HV_GRD/rcm1-sc50mc-owi-cm-20210929t204741-20210929t204917-00003-xxxxx.nc
wp202021,IRWIN,rs2-scwa-owi-cm-20210927t090605-20210927t090829-00003-______ll_gd_GEO-IRWIN.nc,19.9656581878662,136.561538696289,"2021-09-27T09:06:05,000",/scale/user/mtannaou/alternance/donnees_sar_changes/rs2-scwa-owi-cm-20210927t090605-20210927t090829-00003-xxxxx_aeqd.nc,rs2-scwa-owi-cm-20210927t090605-20210927t090829-00003-xxxxx.nc,/home/datawork-cersat-public/cache/public/ftp/project/sarwing/processings/grdwind+windir_2025v6v12_2v0_0v3v9_0v0v6_0v0v6_1v4v3_1v0v15_1v0v10_1v2v5_1v2v2_1v1v1_1v2v1/cmod5n_ecmwf_norecal_rs2rcmgmfv4_28052025/RS2/L2M/SCWA/RS2_SCWA/2021/270/RS2_OK130969_PK1146705X706_DK1103749X750_SCWA_20210927_090605_090712_VV_VH_SGF/rs2-scwa-owi-cm-20210927t090605-20210927t090829-00003-xxxxx.nc
wp202021,IRWIN,s1b-ew-owi-cm-20210929t210033-20210929t210307-000003-03737C_ll_gd_GEO-IRWIN.nc,26.0391788482666,135.956649780273,"2021-09-29T21:00:33,000",/scale/user/mtannaou/alternance/donnees_sar_changes/s1b-ew-owi-cm-20210929t210033-20210929t210307-000003-03737C_aeqd.nc,s1b-ew-owi-cm-20210929t210033-20210929t210307-000003-03737C.nc,/home/datawork-cersat-public/cache/public/ftp/project/sarwing/processings/grdwind+windir_2025v6v12_2v0_0v3v9_0v0v6_0v0v6_1v4v3_1v0v15_1v0v10_1v2v5_1v2v2_1v1v1_1v2v1/cmod5n_ecmwf_norecal_rs2rcmgmfv4_28052025/sentinel-1b/L2M/EW/S1B_EW_GRDM_1S/2021/272/S1B_EW_GRDM_1SDV_20210929T210033_20210929T210307_028918_03737C_66BFX9FB8XCEBC/s1b-ew-owi-cm-20210929t210033-20210929t210307-000003-03737C.nc
wp202021,IRWIN,s1a-ew-owi-cm-20210925t204659-20210925t204934-000003-04B69E_ll_gd_GEO-IRWIN.nc,18.4319896697998,137.050872802734,"2021-09-25T20:46:59,000",/scale/user/mtannaou/alternance/donnees_sar_changes/s1a-ew-owi-cm-20210925t204659-20210925t204934-000003-04B69E_aeqd.nc,rs2-scwa-owi-cm-20210925t204847-20210925t205110-00003-xxxxx.nc,/home/datawork-cersat-public/cache/public/ftp/project/sarwing/processings/grdwind+windir_2025v6v12_2v0_0v3v9_0v0v6_0v0v6_1v4v3_1v0v15_1v0v10_1v2v5_1v2v2_1v1v1_1v2v1/cmod5n_ecmwf_norecal_rs2rcmgmfv4_28052025/RS2/L2M/SCWA/RS2_SCWA/2021/268/RS2_OK130969_PK1146703X704_DK1103747X748_SCWA_20210925_204847_204954_VV_VH_SGF/rs2-scwa-owi-cm-20210925t204847-20210925t205110-00003-xxxxx.nc
wp202021,IRWIN,s1a-ew-owi-cm-20210930t205300-20210930t205405-000003-04B935_ll_gd_GEO-IRWIN.nc,30.6334438323975,139.555404663086,"2021-09-30T20:53:00,000",/scale/user/mtannaou/alternance/donnees_sar_changes/s1a-ew-owi-cm-20210930t205300-20210930t205405-000003-04B935_aeqd.nc,s1a-ew-owi-cm-20210930t205300-20210930t205405-000003-04B935.nc,/home/datawork-cersat-public/cache/public/ftp/project/sarwing/processings/grdwind+windir_2025v6v12_2v0_0v3v9_0v0v6_0v0v6_1v4v3_1v0v15_1v0v10_1v2v5_1v2v2_1v1v1_1v2v1/cmod5n_ecmwf_norecal_rs2rcmgmfv4_28052025/sentinel-1a/L2M/EW/S1A_EW_GRDM_1S/2021/273/S1A_EW_GRDM_1SDV_20210930T205300_20210930T205405_039916_04B935_2C84/s1a-ew-owi-cm-20210930t205300-20210930t205405-000003-04B935.nc
wp202021,IRWIN,rcm1-sc50ma-owi-cm-20210929t085655-20210929t085807-00003-______ll_gd_GEO-IRWIN.nc,24.3185958862305,135.326202392578,"2021-09-29T08:56:55,000",/scale/user/mtannaou/alternance/donnees_sar_changes/rcm1-sc50ma-owi-cm-20210929t085655-20210929t085807-00003-xxxxx_aeqd.nc,rcm1-sc50ma-owi-cm-20210929t085655-20210929t085807-00003-xxxxx.nc,/home/datawork-cersat-public/cache/public/ftp/project/sarwing/processings/grdwind+windir_2025v6v12_2v0_0v3v9_0v0v6_0v0v6_1v4v3_1v0v15_1v0v10_1v2v5_1v2v2_1v1v1_1v2v1/cmod5n_ecmwf_norecal_rs2rcmgmfv4_28052025/rcm-1/L2M/sc50ma/rcm-1_sc50ma/2021/272/RCM1_OK2381570_PK2382697_1_SC50MA_20210929_085709_HH_HV_GRD/rcm1-sc50ma-owi-cm-20210929t085655-20210929t085807-00003-xxxxx.nc
wp202021,IRWIN,rcm2-sc50ma-owi-cm-20211001t202857-20211001t202952-00003-______ll_gd_GEO-IRWIN.nc,37.5735206604004,145.776977539063,"2021-10-01T20:28:57,000",/scale/user/mtannaou/alternance/donnees_sar_changes/rcm2-sc50ma-owi-cm-20211001t202857-20211001t202952-00003-xxxxx_aeqd.nc,rcm2-sc50ma-owi-cm-20211001t202857-20211001t202952-00003-xxxxx.nc,/home/datawork-cersat-public/cache/public/ftp/project/sarwing/processings/grdwind+windir_2025v6v12_2v0_0v3v9_0v0v6_0v0v6_1v4v3_1v0v15_1v0v10_1v2v5_1v2v2_1v1v1_1v2v1/cmod5n_ecmwf_norecal_rs2rcmgmfv4_28052025/rcm-2/L2M/sc50ma/rcm-2_sc50ma/2021/274/RCM2_OK1684005_PK1803249_1_SC50MA_20211001_202900_HH_HV_GRD/rcm2-sc50ma-owi-cm-20211001t202857-20211001t202952-00003-xxxxx.nc
wp202019,IRWIN,s1b-iw-owi-cm-20191012t084028-20191012t084212-000003-022BD1_ll_gd_GEO-IRWIN.nc,33.887809753418,138.294525146484,"2019-10-12T08:40:28,000",,s1b-iw-owi-cm-20191012t084028-20191012t084237-000003-022BD1.nc,/home/datawork-cersat-public/cache/public/ftp/project/sarwing/processings/grdwind+windir_2025v6v12_2v0_0v3v9_0v0v6_0v0v6_1v4v3_1v0v15_1v0v10_1v2v5_1v2v2_1v1v1_1v2v1/cmod5n_ecmwf_norecal_rs2rcmgmfv4_28052025/sentinel-1b/L2M/IW/S1B_IW_GRDH_1S/2019/285/S1B_IW_GRDH_1SDV_20191012T084028_20191012T084237_018440_022BD1_0C48X3FC0X55BEX8AF9X8DFA/s1b-iw-owi-cm-20191012t084028-20191012t084237-000003-022BD1.nc
wp202019,IRWIN,s1a-ew-owi-cm-20191008t203040-20191008t203250-000003-0356ED_ll_gd_GEO-IRWIN.nc,19.2634620666504,140.836242675781,"2019-10-08T20:30:40,000",/scale/user/mtannaou/alternance/donnees_sar_changes/s1a-ew-owi-cm-20191008t203040-20191008t203250-000003-0356ED_aeqd.nc,s1a-ew-owi-cm-20191008t203040-20191008t203250-000003-0356ED.nc,/home/datawork-cersat-public/cache/public/ftp/project/sarwing/processings/grdwind+windir_2025v6v12_2v0_0v3v9_0v0v6_0v0v6_1v4v3_1v0v15_1v0v10_1v2v5_1v2v2_1v1v1_1v2v1/cmod5n_ecmwf_norecal_rs2rcmgmfv4_28052025/sentinel-1a/L2M/EW/S1A_EW_GRDM_1S/2019/281/S1A_EW_GRDM_1SDV_20191008T203040_20191008T203250_029372_0356ED_5217XB6FA/s1a-ew-owi-cm-20191008t203040-20191008t203250-000003-0356ED.nc
wp202019,IRWIN,rs2-scwa-owi-cm-20191007t202139-20191007t202254-00003-______ll_gd_GEO-IRWIN.nc,16.5193061828613,144.898010253906,"2019-10-07T20:21:39,000",/scale/user/mtannaou/alternance/donnees_sar_changes/rs2-scwa-owi-cm-20191007t202139-20191007t202254-00003-xxxxx_aeqd.nc,rs2-scwa-owi-cm-20191007t202139-20191007t202254-00003-xxxxx.nc,/home/datawork-cersat-public/cache/public/ftp/project/sarwing/processings/grdwind+windir_2025v6v12_2v0_0v3v9_0v0v6_0v0v6_1v4v3_1v0v15_1v0v10_1v2v5_1v2v2_1v1v1_1v2v1/cmod5n_ecmwf_norecal_rs2rcmgmfv4_28052025/RS2/L2M/SCWA/RS2_SCWA/2019/280/RS2_OK123987_PK1089455_DK1035351_SCWA_20191007_202139_202139_VV_VH_SGF/rs2-scwa-owi-cm-20191007t202139-20191007t202254-00003-xxxxx.nc
wp202019,IRWIN,s1a-ew-owi-cm-20191011t205230-20191011t205434-000003-03587A_ll_gd_GEO-IRWIN.nc,30.9534740447998,136.914566040039,"2019-10-11T20:52:30,000",/scale/user/mtannaou/alternance/donnees_sar_changes/s1a-ew-owi-cm-20191011t205230-20191011t205434-000003-03587A_aeqd.nc,s1a-ew-owi-cm-20191011t205230-20191011t205434-000003-03587A.nc,/home/datawork-cersat-public/cache/public/ftp/project/sarwing/processings/grdwind+windir_2025v6v12_2v0_0v3v9_0v0v6_0v0v6_1v4v3_1v0v15_1v0v10_1v2v5_1v2v2_1v1v1_1v2v1/cmod5n_ecmwf_norecal_rs2rcmgmfv4_28052025/sentinel-1a/L2M/EW/S1A_EW_GRDM_1S/2019/284/S1A_EW_GRDM_1SDV_20191011T205230_20191011T205434_029416_03587A_2C49X64BF/s1a-ew-owi-cm-20191011t205230-20191011t205434-000003-03587A.nc
wp202019,IRWIN,s1b-ew-owi-cm-20191010t085239-20191010t085526-000003-022AE7_ll_gd_GEO-IRWIN.nc,24.5458946228027,139.426055908203,"2019-10-10T08:52:39,000",/scale/user/mtannaou/alternance/donnees_sar_changes/s1b-ew-owi-cm-20191010t085239-20191010t085526-000003-022AE7_aeqd.nc,s1b-ew-owi-cm-20191010t085239-20191010t085526-000003-022AE7.nc,/home/datawork-cersat-public/cache/public/ftp/project/sarwing/processings/grdwind+windir_2025v6v12_2v0_0v3v9_0v0v6_0v0v6_1v4v3_1v0v15_1v0v10_1v2v5_1v2v2_1v1v1_1v2v1/cmod5n_ecmwf_norecal_rs2rcmgmfv4_28052025/sentinel-1b/L2M/EW/S1B_EW_GRDM_1S/2019/283/S1B_EW_GRDM_1SDV_20191010T085239_20191010T085526_018411_022AE7_19C8X8052XF6FA/s1b-ew-owi-cm-20191010t085239-20191010t085526-000003-022AE7.nc
al172024,IRWIN,s1a-ew-owi-cm-20241102t082034-20241102t082339-000003-06E811_ll_gd_GEO-IRWIN.nc,40.2629470825195,325.460357666016,"2024-11-02T08:20:34,000",/scale/user/mtannaou/alternance/donnees_sar_changes/s1a-ew-owi-cm-20241102t082034-20241102t082339-000003-06E811_aeqd.nc,s1a-ew-owi-cm-20241102t082034-20241102t082339-000003-06E811.nc,/home/datawork-cersat-public/cache/public/ftp/project/sarwing/processings/grdwind+windir_2025v6v12_2v0_0v3v9_0v0v6_0v0v6_1v4v3_1v0v15_1v0v10_1v2v5_1v2v2_1v1v1_1v2v1/cmod5n_ecmwf_norecal_rs2rcmgmfv4_28052025/sentinel-1a/L2M/EW/S1A_EW_GRDM_1S/2024/307/S1A_EW_GRDM_1SDV_20241102T082034_20241102T082339_056373_06E811_0967X8C2BX97B2/s1a-ew-owi-cm-20241102t082034-20241102t082339-000003-06E811.nc
al172024,IRWIN,rcm3-sclnd-owi-cm-20241103t193649-20241103t193807-00003-______ll_gd_GEO-IRWIN.nc,37.3977394104004,336.577728271484,"2024-11-03T19:36:49,000",/scale/user/mtannaou/alternance/donnees_sar_changes/rcm3-sclnd-owi-cm-20241103t193649-20241103t193807-00003-xxxxx_aeqd.nc,rcm3-sclnd-owi-cm-20241103t193649-20241103t193807-00003-xxxxx.nc,/home/datawork-cersat-public/cache/public/ftp/project/sarwing/processings/grdwind+windir_2025v6v12_2v0_0v3v9_0v0v6_0v0v6_1v4v3_1v0v15_1v0v10_1v2v5_1v2v2_1v1v1_1v2v1/cmod5n_ecmwf_norecal_rs2rcmgmfv4_28052025/rcm-3/L2M/sclnd/rcm-3_sclnd/2024/308/RCM3_OK3343686_PK3345764_1_SCLND_20241103_193651_VV_VH_GRD/rcm3-sclnd-owi-cm-20241103t193649-20241103t193807-00003-xxxxx.nc
wp062021,IRWIN,rs2-scwa-owi-cm-20210625t203111-20210625t203227-00003-______ll_gd_GEO-IRWIN.nc,24.1749954223633,139.518112182617,"2021-06-25T20:31:11,000",/scale/user/mtannaou/alternance/donnees_sar_changes/rs2-scwa-owi-cm-20210625t203111-20210625t203227-00003-xxxxx_aeqd.nc,rs2-scwa-owi-cm-20210625t203111-20210625t203227-00003-xxxxx.nc,/home/datawork-cersat-public/cache/public/ftp/project/sarwing/processings/grdwind+windir_2025v6v12_2v0_0v3v9_0v0v6_0v0v6_1v4v3_1v0v15_1v0v10_1v2v5_1v2v2_1v1v1_1v2v1/cmod5n_ecmwf_norecal_rs2rcmgmfv4_28052025/RS2/L2M/SCWA/RS2_SCWA/2021/176/RS2_OK129674_PK1136684_DK1093042_SCWA_20210625_203111_203111_VV_VH_SGF/rs2-scwa-owi-cm-20210625t203111-20210625t203227-00003-xxxxx.nc
wp012023,IRWIN,rcm2-sclnd-owi-cm-20230421t192410-20230421t192527-00003-______ll_gd_GEO-IRWIN.nc,10.208571434021,154.896072387695,"2023-04-21T19:24:10,000",/scale/user/mtannaou/alternance/donnees_sar_changes/rcm2-sclnd-owi-cm-20230421t192410-20230421t192527-00003-xxxxx_aeqd.nc,rcm2-sclnd-owi-cm-20230421t192410-20230421t192527-00003-xxxxx.nc,/home/datawork-cersat-public/cache/public/ftp/project/sarwing/processings/grdwind+windir_2025v6v12_2v0_0v3v9_0v0v6_0v0v6_1v4v3_1v0v15_1v0v10_1v2v5_1v2v2_1v1v1_1v2v1/cmod5n_ecmwf_norecal_rs2rcmgmfv4_28052025/rcm-2/L2M/sclnd/rcm-2_sclnd/2023/111/RCM2_OK2520868_PK2523502_1_SCLND_20230421_192411_VV_VH_GRD/rcm2-sclnd-owi-cm-20230421t192410-20230421t192527-00003-xxxxx.nc
wp012023,IRWIN,rcm1-sclnd-owi-cm-20230421t075617-20230421t075757-00003-______ll_gd_GEO-IRWIN.nc,10.0020685195923,156.097061157227,"2023-04-21T07:56:17,000",/scale/user/mtannaou/alternance/donnees_sar_changes/rcm1-sclnd-owi-cm-20230421t075617-20230421t075757-00003-xxxxx_aeqd.nc,rcm1-sclnd-owi-cm-20230421t075617-20230421t075757-00003-xxxxx.nc,/home/datawork-cersat-public/cache/public/ftp/project/sarwing/processings/grdwind+windir_2025v6v12_2v0_0v3v9_0v0v6_0v0v6_1v4v3_1v0v15_1v0v10_1v2v5_1v2v2_1v1v1_1v2v1/cmod5n_ecmwf_norecal_rs2rcmgmfv4_28052025/rcm-1/L2M/sclnd/rcm-1_sclnd/2023/111/RCM1_OK2520866_PK2522984_1_SCLND_20230421_075629_VV_VH_GRD/rcm1-sclnd-owi-cm-20230421t075617-20230421t075757-00003-xxxxx.nc
sh122021,IRWIN,s1b-iw-owi-cm-20210122t025113-20210122t025228-000003-030207_ll_gd_GEO-IRWIN.nc,-18.2841167449951,39.1088180541992,"2021-01-22T02:51:13,000",,s1b-iw-owi-cm-20210122t024929-20210122t025228-000003-030207.nc,/home/datawork-cersat-public/cache/public/ftp/project/sarwing/processings/grdwind+windir_2025v6v12_2v0_0v3v9_0v0v6_0v0v6_1v4v3_1v0v15_1v0v10_1v2v5_1v2v2_1v1v1_1v2v1/cmod5n_ecmwf_norecal_rs2rcmgmfv4_28052025/sentinel-1b/L2M/IW/S1B_IW_GRDH_1S/2021/022/S1B_IW_GRDH_1SDV_20210122T024929_20210122T025228_025261_030207_0703X09EEX536FX6365X7C0FXA0E6XBEF9/s1b-iw-owi-cm-20210122t024929-20210122t025228-000003-030207.nc
sh122021,IRWIN,s1a-ew-owi-cm-20210118t144525-20210118t144726-000003-043E8B_ll_gd_GEO-IRWIN.nc,-13.821852684021,54.4230041503906,"2021-01-18T14:45:25,000",,s1a-ew-owi-cm-20210118t144421-20210118t144726-000003-043E8B.nc,/home/datawork-cersat-public/cache/public/ftp/project/sarwing/processings/grdwind+windir_2025v6v12_2v0_0v3v9_0v0v6_0v0v6_1v4v3_1v0v15_1v0v10_1v2v5_1v2v2_1v1v1_1v2v1/cmod5n_ecmwf_norecal_rs2rcmgmfv4_28052025/sentinel-1a/L2M/EW/S1A_EW_GRDM_1S/2021/018/S1A_EW_GRDM_1SDV_20210118T144421_20210118T144726_036193_043E8B_7375XA0CDXB4CB/s1a-ew-owi-cm-20210118t144421-20210118t144726-000003-043E8B.nc
wp112024,IRWIN,rcm2-sc50mc-owi-cm-20240827t211136-20240827t211254-00003-______ll_gd_GEO-IRWIN.nc,29.0592155456543,130.109313964844,"2024-08-27T21:11:36,000",/scale/user/mtannaou/alternance/donnees_sar_changes/rcm2-sc50mc-owi-cm-20240827t211136-20240827t211254-00003-xxxxx_aeqd.nc,rcm2-sc50mc-owi-cm-20240827t211136-20240827t211254-00003-xxxxx.nc,/home/datawork-cersat-public/cache/public/ftp/project/sarwing/processings/grdwind+windir_2025v6v12_2v0_0v3v9_0v0v6_0v0v6_1v4v3_1v0v15_1v0v10_1v2v5_1v2v2_1v1v1_1v2v1/cmod5n_ecmwf_norecal_rs2rcmgmfv4_28052025/rcm-2/L2M/sc50mc/rcm-2_sc50mc/2024/240/RCM2_OK3227628_PK3230523_1_SC50MC_20240827_211130_HH_HV_GRD/rcm2-sc50mc-owi-cm-20240827t211136-20240827t211254-00003-xxxxx.nc
wp112024,IRWIN,rcm3-sc50mc-owi-cm-20240830t091602-20240830t091655-00003-______ll_gd_GEO-IRWIN.nc,33.9262962341309,132.317825317383,"2024-08-30T09:16:02,000",/scale/user/mtannaou/alternance/donnees_sar_changes/rcm3-sc50mc-owi-cm-20240830t091602-20240830t091655-00003-xxxxx_aeqd.nc,rcm3-sc50mc-owi-cm-20240830t091602-20240830t091655-00003-xxxxx.nc,/home/datawork-cersat-public/cache/public/ftp/project/sarwing/processings/grdwind+windir_2025v6v12_2v0_0v3v9_0v0v6_0v0v6_1v4v3_1v0v15_1v0v10_1v2v5_1v2v2_1v1v1_1v2v1/cmod5n_ecmwf_norecal_rs2rcmgmfv4_28052025/rcm-3/L2M/sc50mc/rcm-3_sc50mc/2024/243/RCM3_OK3232596_PK3234502_1_SC50MC_20240830_091226_HH_HV_GRD/rcm3-sc50mc-owi-cm-20240830t091602-20240830t091655-00003-xxxxx.nc
wp112024,IRWIN,rcm2-sc50mc-owi-cm-20240826t210329-20240826t210447-00003-______ll_gd_GEO-IRWIN.nc,28.0300102233887,131.005249023438,"2024-08-26T21:03:29,000",/scale/user/mtannaou/alternance/donnees_sar_changes/rcm2-sc50mc-owi-cm-20240826t210329-20240826t210447-00003-xxxxx_aeqd.nc,rcm2-sc50mc-owi-cm-20240826t210329-20240826t210447-00003-xxxxx.nc,/home/datawork-cersat-public/cache/public/ftp/project/sarwing/processings/grdwind+windir_2025v6v12_2v0_0v3v9_0v0v6_0v0v6_1v4v3_1v0v15_1v0v10_1v2v5_1v2v2_1v1v1_1v2v1/cmod5n_ecmwf_norecal_rs2rcmgmfv4_28052025/rcm-2/L2M/sc50mc/rcm-2_sc50mc/2024/239/RCM2_OK3226127_PK3229177_1_SC50MC_20240826_210315_HH_HV_GRD/rcm2-sc50mc-owi-cm-20240826t210329-20240826t210447-00003-xxxxx.nc
wp112024,IRWIN,rcm2-sclnc-owi-cm-20240822t083932-20240822t084046-00003-______ll_gd_GEO-IRWIN.nc,16.902177810669,141.073135375977,"2024-08-22T08:39:32,000",/scale/user/mtannaou/alternance/donnees_sar_changes/rcm2-sclnc-owi-cm-20240822t083932-20240822t084046-00003-xxxxx_aeqd.nc,rcm2-sclnc-owi-cm-20240822t083932-20240822t084046-00003-xxxxx.nc,/home/datawork-cersat-public/cache/public/ftp/project/sarwing/processings/grdwind+windir_2025v6v12_2v0_0v3v9_0v0v6_0v0v6_1v4v3_1v0v15_1v0v10_1v2v5_1v2v2_1v1v1_1v2v1/cmod5n_ecmwf_norecal_rs2rcmgmfv4_28052025/rcm-2/L2M/sclnc/rcm-2_sclnc/2024/235/RCM2_OK3220400_PK3221933_1_SCLNC_20240822_083933_VV_VH_GRD/rcm2-sclnc-owi-cm-20240822t083932-20240822t084046-00003-xxxxx.nc
wp112024,IRWIN,rcm2-sc50ma-owi-cm-20240825t205601-20240825t205718-00003-______ll_gd_GEO-IRWIN.nc,26.9797897338867,134.782974243164,"2024-08-25T20:56:01,000",/scale/user/mtannaou/alternance/donnees_sar_changes/rcm2-sc50ma-owi-cm-20240825t205601-20240825t205718-00003-xxxxx_aeqd.nc,rcm2-sc50ma-owi-cm-20240825t205601-20240825t205718-00003-xxxxx.nc,/home/datawork-cersat-public/cache/public/ftp/project/sarwing/processings/grdwind+windir_2025v6v12_2v0_0v3v9_0v0v6_0v0v6_1v4v3_1v0v15_1v0v10_1v2v5_1v2v2_1v1v1_1v2v1/cmod5n_ecmwf_norecal_rs2rcmgmfv4_28052025/rcm-2/L2M/sc50ma/rcm-2_sc50ma/2024/238/RCM2_OK3224187_PK3227595_1_SC50MA_20240825_205442_HH_HV_GRD/rcm2-sc50ma-owi-cm-20240825t205601-20240825t205718-00003-xxxxx.nc
wp112024,IRWIN,rcm2-sc50mc-owi-cm-20240828t093101-20240828t093220-00003-______ll_gd_GEO-IRWIN.nc,30.1635627746582,129.991897583008,"2024-08-28T09:31:01,000",/scale/user/mtannaou/alternance/donnees_sar_changes/rcm2-sc50mc-owi-cm-20240828t093101-20240828t093220-00003-xxxxx_aeqd.nc,rcm2-sc50mc-owi-cm-20240828t093101-20240828t093220-00003-xxxxx.nc,/home/datawork-cersat-public/cache/public/ftp/project/sarwing/processings/grdwind+windir_2025v6v12_2v0_0v3v9_0v0v6_0v0v6_1v4v3_1v0v15_1v0v10_1v2v5_1v2v2_1v1v1_1v2v1/cmod5n_ecmwf_norecal_rs2rcmgmfv4_28052025/rcm-2/L2M/sc50mc/rcm-2_sc50mc/2024/241/RCM2_OK3229170_PK3231138_1_SC50MC_20240828_092627_HH_HV_GRD/rcm2-sc50mc-owi-cm-20240828t093101-20240828t093220-00003-xxxxx.nc
wp112024,IRWIN,rcm2-sc50mc-owi-cm-20240828t211912-20240828t212029-00003-______ll_gd_GEO-IRWIN.nc,31.42063331604,130.189834594727,"2024-08-28T21:19:12,000",/scale/user/mtannaou/alternance/donnees_sar_changes/rcm2-sc50mc-owi-cm-20240828t211912-20240828t212029-00003-xxxxx_aeqd.nc,rcm2-sc50mc-owi-cm-20240828t211912-20240828t212029-00003-xxxxx.nc,/home/datawork-cersat-public/cache/public/ftp/project/sarwing/processings/grdwind+windir_2025v6v12_2v0_0v3v9_0v0v6_0v0v6_1v4v3_1v0v15_1v0v10_1v2v5_1v2v2_1v1v1_1v2v1/cmod5n_ecmwf_norecal_rs2rcmgmfv4_28052025/rcm-2/L2M/sc50mc/rcm-2_sc50mc/2024/241/RCM2_OK3229180_PK3232272_1_SC50MC_20240828_211912_HH_HV_GRD/rcm2-sc50mc-owi-cm-20240828t211912-20240828t212029-00003-xxxxx.nc
wp112024,IRWIN,rcm2-sclna-owi-cm-20240823t204153-20240823t204307-00003-______ll_gd_GEO-IRWIN.nc,18.9110736846924,141.282699584961,"2024-08-23T20:41:53,000",/scale/user/mtannaou/alternance/donnees_sar_changes/rcm2-sclna-owi-cm-20240823t204153-20240823t204307-00003-xxxxx_aeqd.nc,rcm2-sclna-owi-cm-20240823t204153-20240823t204307-00003-xxxxx.nc,/home/datawork-cersat-public/cache/public/ftp/project/sarwing/processings/grdwind+windir_2025v6v12_2v0_0v3v9_0v0v6_0v0v6_1v4v3_1v0v15_1v0v10_1v2v5_1v2v2_1v1v1_1v2v1/cmod5n_ecmwf_norecal_rs2rcmgmfv4_28052025/rcm-2/L2M/sclna/rcm-2_sclna/2024/236/RCM2_OK3221974_PK3224549_1_SCLNA_20240823_204154_VV_VH_GRD/rcm2-sclna-owi-cm-20240823t204153-20240823t204307-00003-xxxxx.nc
wp112024,IRWIN,s1a-ew-owi-cm-20240829t212501-20240829t212604-000003-06C2FF_ll_gd_GEO-IRWIN.nc,33.5242042541504,131.504211425781,"2024-08-29T21:25:01,000",/scale/user/mtannaou/alternance/donnees_sar_changes/s1a-ew-owi-cm-20240829t212501-20240829t212604-000003-06C2FF_aeqd.nc,s1a-ew-owi-cm-20240829t212501-20240829t212604-000003-06C2FF.nc,/home/datawork-cersat-public/cache/public/ftp/project/sarwing/processings/grdwind+windir_2025v6v12_2v0_0v3v9_0v0v6_0v0v6_1v4v3_1v0v15_1v0v10_1v2v5_1v2v2_1v1v1_1v2v1/cmod5n_ecmwf_norecal_rs2rcmgmfv4_28052025/sentinel-1a/L2M/EW/S1A_EW_GRDM_1S/2024/242/S1A_EW_GRDM_1SDV_20240829T212501_20240829T212604_055433_06C2FF_9EDA/s1a-ew-owi-cm-20240829t212501-20240829t212604-000003-06C2FF.nc
wp112024,IRWIN,rcm2-sc50mc-owi-cm-20240826t091441-20240826t091559-00003-______ll_gd_GEO-IRWIN.nc,27.6455154418945,132.603042602539,"2024-08-26T09:14:41,000",/scale/user/mtannaou/alternance/donnees_sar_changes/rcm2-sc50mc-owi-cm-20240826t091441-20240826t091559-00003-xxxxx_aeqd.nc,rcm2-sc50mc-owi-cm-20240826t091441-20240826t091559-00003-xxxxx.nc,/home/datawork-cersat-public/cache/public/ftp/project/sarwing/processings/grdwind+windir_2025v6v12_2v0_0v3v9_0v0v6_0v0v6_1v4v3_1v0v15_1v0v10_1v2v5_1v2v2_1v1v1_1v2v1/cmod5n_ecmwf_norecal_rs2rcmgmfv4_28052025/rcm-2/L2M/sc50mc/rcm-2_sc50mc/2024/239/RCM2_OK3226125_PK3228124_1_SC50MC_20240826_091215_HH_HV_GRD/rcm2-sc50mc-owi-cm-20240826t091441-20240826t091559-00003-xxxxx.nc
wp112024,IRWIN,rcm2-sc50ma-owi-cm-20240829t212711-20240829t212754-00003-______ll_gd_GEO-IRWIN.nc,33.5242042541504,131.504211425781,"2024-08-29T21:27:11,000",/scale/user/mtannaou/alternance/donnees_sar_changes/rcm2-sc50ma-owi-cm-20240829t212711-20240829t212754-00003-xxxxx_aeqd.nc,rcm2-sc50ma-owi-cm-20240829t212711-20240829t212754-00003-xxxxx.nc,/home/datawork-cersat-public/cache/public/ftp/project/sarwing/processings/grdwind+windir_2025v6v12_2v0_0v3v9_0v0v6_0v0v6_1v4v3_1v0v15_1v0v10_1v2v5_1v2v2_1v1v1_1v2v1/cmod5n_ecmwf_norecal_rs2rcmgmfv4_28052025/rcm-2/L2M/sc50ma/rcm-2_sc50ma/2024/242/RCM2_OK3230332_PK3234000_1_SC50MA_20240829_212451_HH_HV_GRD/rcm2-sc50ma-owi-cm-20240829t212711-20240829t212754-00003-xxxxx.nc
wp112024,IRWIN,rcm2-sc50mc-owi-cm-20240824t204855-20240824t205004-00003-______ll_gd_GEO-IRWIN.nc,24.2698268890381,139.762115478516,"2024-08-24T20:48:55,000",/scale/user/mtannaou/alternance/donnees_sar_changes/rcm2-sc50mc-owi-cm-20240824t204855-20240824t205004-00003-xxxxx_aeqd.nc,rcm2-sc50mc-owi-cm-20240824t204855-20240824t205004-00003-xxxxx.nc,/home/datawork-cersat-public/cache/public/ftp/project/sarwing/processings/grdwind+windir_2025v6v12_2v0_0v3v9_0v0v6_0v0v6_1v4v3_1v0v15_1v0v10_1v2v5_1v2v2_1v1v1_1v2v1/cmod5n_ecmwf_norecal_rs2rcmgmfv4_28052025/rcm-2/L2M/sc50mc/rcm-2_sc50mc/2024/237/RCM2_OK3222593_PK3226006_1_SC50MC_20240824_204645_HH_HV_GRD/rcm2-sc50mc-owi-cm-20240824t204855-20240824t205004-00003-xxxxx.nc
wp112024,IRWIN,rcm2-sc50mc-owi-cm-20240824t085637-20240824t085755-00003-______ll_gd_GEO-IRWIN.nc,21.3191261291504,141.05891418457,"2024-08-24T08:56:37,000",/scale/user/mtannaou/alternance/donnees_sar_changes/rcm2-sc50mc-owi-cm-20240824t085637-20240824t085755-00003-xxxxx_aeqd.nc,rcm2-sc50mc-owi-cm-20240824t085637-20240824t085755-00003-xxxxx.nc,/home/datawork-cersat-public/cache/public/ftp/project/sarwing/processings/grdwind+windir_2025v6v12_2v0_0v3v9_0v0v6_0v0v6_1v4v3_1v0v15_1v0v10_1v2v5_1v2v2_1v1v1_1v2v1/cmod5n_ecmwf_norecal_rs2rcmgmfv4_28052025/rcm-2/L2M/sc50mc/rcm-2_sc50mc/2024/237/RCM2_OK3222591_PK3225149_1_SC50MC_20240824_085639_HH_HV_GRD/rcm2-sc50mc-owi-cm-20240824t085637-20240824t085755-00003-xxxxx.nc
wp112024,IRWIN,s1a-ew-owi-cm-20240829t092159-20240829t092302-000003-06C2AE_ll_gd_GEO-IRWIN.nc,33.1389007568359,130.698867797852,"2024-08-29T09:21:59,000",/scale/user/mtannaou/alternance/donnees_sar_changes/s1a-ew-owi-cm-20240829t092159-20240829t092302-000003-06C2AE_aeqd.nc,s1a-ew-owi-cm-20240829t092159-20240829t092302-000003-06C2AE.nc,/home/datawork-cersat-public/cache/public/ftp/project/sarwing/processings/grdwind+windir_2025v6v12_2v0_0v3v9_0v0v6_0v0v6_1v4v3_1v0v15_1v0v10_1v2v5_1v2v2_1v1v1_1v2v1/cmod5n_ecmwf_norecal_rs2rcmgmfv4_28052025/sentinel-1a/L2M/EW/S1A_EW_GRDM_1S/2024/242/S1A_EW_GRDM_1SDV_20240829T092159_20240829T092302_055426_06C2AE_6358/s1a-ew-owi-cm-20240829t092159-20240829t092302-000003-06C2AE.nc
wp112024,IRWIN,rcm2-sc50mc-owi-cm-20240827t092257-20240827t092415-00003-______ll_gd_GEO-IRWIN.nc,28.5258274078369,130.37028503418,"2024-08-27T09:22:57,000",/scale/user/mtannaou/alternance/donnees_sar_changes/rcm2-sc50mc-owi-cm-20240827t092257-20240827t092415-00003-xxxxx_aeqd.nc,rcm2-sc50mc-owi-cm-20240827t092257-20240827t092415-00003-xxxxx.nc,/home/datawork-cersat-public/cache/public/ftp/project/sarwing/processings/grdwind+windir_2025v6v12_2v0_0v3v9_0v0v6_0v0v6_1v4v3_1v0v15_1v0v10_1v2v5_1v2v2_1v1v1_1v2v1/cmod5n_ecmwf_norecal_rs2rcmgmfv4_28052025/rcm-2/L2M/sc50mc/rcm-2_sc50mc/2024/240/RCM2_OK3227622_PK3229657_1_SC50MC_20240827_091921_HH_HV_GRD/rcm2-sc50mc-owi-cm-20240827t092257-20240827t092415-00003-xxxxx.nc
wp112024,IRWIN,rcm3-sc50ma-owi-cm-20240829t090801-20240829t090910-00003-______ll_gd_GEO-IRWIN.nc,33.1255340576172,130.68717956543,"2024-08-29T09:08:01,000",/scale/user/mtannaou/alternance/donnees_sar_changes/rcm3-sc50ma-owi-cm-20240829t090801-20240829t090910-00003-xxxxx_aeqd.nc,rcm3-sc50ma-owi-cm-20240829t090801-20240829t090910-00003-xxxxx.nc,/home/datawork-cersat-public/cache/public/ftp/project/sarwing/processings/grdwind+windir_2025v6v12_2v0_0v3v9_0v0v6_0v0v6_1v4v3_1v0v15_1v0v10_1v2v5_1v2v2_1v1v1_1v2v1/cmod5n_ecmwf_norecal_rs2rcmgmfv4_28052025/rcm-3/L2M/sc50ma/rcm-3_sc50ma/2024/242/RCM3_OK3231254_PK3232915_1_SC50MA_20240829_090439_HH_HV_GRD/rcm3-sc50ma-owi-cm-20240829t090801-20240829t090910-00003-xxxxx.nc
sh052022,IRWIN,rs2-scwa-owi-cm-20220112t065258-20220112t065415-00003-______ll_gd_GEO-IRWIN.nc,-23.3056011199951,173.959457397461,"2022-01-12T06:52:58,000",/scale/user/mtannaou/alternance/donnees_sar_changes/rs2-scwa-owi-cm-20220112t065258-20220112t065415-00003-xxxxx_aeqd.nc,rs2-scwa-owi-cm-20220112t065258-20220112t065415-00003-xxxxx.nc,/home/datawork-cersat-public/cache/public/ftp/project/sarwing/processings/grdwind+windir_2025v6v12_2v0_0v3v9_0v0v6_0v0v6_1v4v3_1v0v15_1v0v10_1v2v5_1v2v2_1v1v1_1v2v1/cmod5n_ecmwf_norecal_rs2rcmgmfv4_28052025/RS2/L2M/SCWA/RS2_SCWA/2022/012/RS2_OK133121_PK1162213_DK1119225_SCWA_20220112_065258_065259_VV_VH_SGF/rs2-scwa-owi-cm-20220112t065258-20220112t065415-00003-xxxxx.nc
sh052022,IRWIN,rs2-scwa-owi-cm-20220113t173301-20220113t173418-00003-______ll_gd_GEO-IRWIN.nc,-27.2356452941895,177.333953857422,"2022-01-13T17:33:01,000",/scale/user/mtannaou/alternance/donnees_sar_changes/rs2-scwa-owi-cm-20220113t173301-20220113t173418-00003-xxxxx_aeqd.nc,rs2-scwa-owi-cm-20220113t173301-20220113t173418-00003-xxxxx.nc,/home/datawork-cersat-public/cache/public/ftp/project/sarwing/processings/grdwind+windir_2025v6v12_2v0_0v3v9_0v0v6_0v0v6_1v4v3_1v0v15_1v0v10_1v2v5_1v2v2_1v1v1_1v2v1/cmod5n_ecmwf_norecal_rs2rcmgmfv4_28052025/RS2/L2M/SCWA/RS2_SCWA/2022/013/RS2_OK133121_PK1162215_DK1119227_SCWA_20220113_173301_173301_VV_VH_SGF/rs2-scwa-owi-cm-20220113t173301-20220113t173418-00003-xxxxx.nc
wp302019,IRWIN,s1b-iw-owi-cm-20191224t213011-20191224t213131-000003-024DE7_ll_gd_GEO-IRWIN.nc,11.733302116394,123.096412658691,"2019-12-24T21:30:11,000",,,
ep142020,IRWIN,rcm3-sc50ma-owi-cm-20200830t013418-20200830t013550-00003-______ll_gd_GEO-IRWIN.nc,21.3448162078857,245.77571105957,"2020-08-30T01:34:18,000",/scale/user/mtannaou/alternance/donnees_sar_changes/rcm3-sc50ma-owi-cm-20200830t013418-20200830t013550-00003-xxxxx_aeqd.nc,rcm3-sc50ma-owi-cm-20200830t013418-20200830t013550-00003-xxxxx.nc,/home/datawork-cersat-public/cache/public/ftp/project/sarwing/processings/grdwind+windir_2025v6v12_2v0_0v3v9_0v0v6_0v0v6_1v4v3_1v0v15_1v0v10_1v2v5_1v2v2_1v1v1_1v2v1/cmod5n_ecmwf_norecal_rs2rcmgmfv4_28052025/rcm-3/L2M/sc50ma/rcm-3_sc50ma/2020/243/RCM3_OK2377187_PK2377798_1_SC50MA_20200830_013430_HH_HV_GRD/rcm3-sc50ma-owi-cm-20200830t013418-20200830t013550-00003-xxxxx.nc
sh052024,IRWIN,s1a-ew-owi-cm-20240116t013905-20240116t014008-000003-064CE7_ll_gd_GEO-IRWIN.nc,-22.148983001709,57.7240562438965,"2024-01-16T01:39:05,000",/scale/user/mtannaou/alternance/donnees_sar_changes/s1a-ew-owi-cm-20240116t013905-20240116t014008-000003-064CE7_aeqd.nc,s1a-ew-owi-cm-20240116t013905-20240116t014008-000003-064CE7.nc,/home/datawork-cersat-public/cache/public/ftp/project/sarwing/processings/grdwind+windir_2025v6v12_2v0_0v3v9_0v0v6_0v0v6_1v4v3_1v0v15_1v0v10_1v2v5_1v2v2_1v1v1_1v2v1/cmod5n_ecmwf_norecal_rs2rcmgmfv4_28052025/sentinel-1a/L2M/EW/S1A_EW_GRDM_1S/2024/016/S1A_EW_GRDM_1SDV_20240116T013905_20240116T014008_052125_064CE7_DAE5/s1a-ew-owi-cm-20240116t013905-20240116t014008-000003-064CE7.nc
sh052024,IRWIN,rcm3-sclna-owi-cm-20240118t141428-20240118t141447-00003-______ll_gd_GEO-IRWIN.nc,-23.8830089569092,65.5913467407227,"2024-01-18T14:14:28,000",/scale/user/mtannaou/alternance/donnees_sar_changes/rcm3-sclna-owi-cm-20240118t141428-20240118t141447-00003-xxxxx_aeqd.nc,rcm3-sclna-owi-cm-20240118t141428-20240118t141447-00003-xxxxx.nc,/home/datawork-cersat-public/cache/public/ftp/project/sarwing/processings/grdwind+windir_2025v6v12_2v0_0v3v9_0v0v6_0v0v6_1v4v3_1v0v15_1v0v10_1v2v5_1v2v2_1v1v1_1v2v1/cmod5n_ecmwf_norecal_rs2rcmgmfv4_28052025/rcm-3/L2M/sclna/rcm-3_sclna/2024/018/RCM3_OK2910608_PK2912592_1_SCLNA_20240118_141428_VV_VH_GRD/rcm3-sclna-owi-cm-20240118t141428-20240118t141447-00003-xxxxx.nc
sh052024,IRWIN,s1a-ew-owi-cm-20240114t015336-20240114t015641-000003-064BE1_ll_gd_GEO-IRWIN.nc,-18.2807197570801,53.5997314453125,"2024-01-14T01:53:36,000",/scale/user/mtannaou/alternance/donnees_sar_changes/s1a-ew-owi-cm-20240114t015336-20240114t015641-000003-064BE1_aeqd.nc,s1a-ew-owi-cm-20240114t015336-20240114t015641-000003-064BE1.nc,/home/datawork-cersat-public/cache/public/ftp/project/sarwing/processings/grdwind+windir_2025v6v12_2v0_0v3v9_0v0v6_0v0v6_1v4v3_1v0v15_1v0v10_1v2v5_1v2v2_1v1v1_1v2v1/cmod5n_ecmwf_norecal_rs2rcmgmfv4_28052025/sentinel-1a/L2M/EW/S1A_EW_GRDM_1S/2024/014/S1A_EW_GRDM_1SDV_20240114T015336_20240114T015641_052096_064BE1_04E2X8B34XF873/s1a-ew-owi-cm-20240114t015336-20240114t015641-000003-064BE1.nc
sh052024,IRWIN,s1a-ew-owi-cm-20240115t144437-20240115t144641-000003-064CAE_ll_gd_GEO-IRWIN.nc,-21.352087020874,56.1969566345215,"2024-01-15T14:44:37,000",,s1a-ew-owi-cm-20240115t144437-20240115t144742-000003-064CAE.nc,/home/datawork-cersat-public/cache/public/ftp/project/sarwing/processings/grdwind+windir_2025v6v12_2v0_0v3v9_0v0v6_0v0v6_1v4v3_1v0v15_1v0v10_1v2v5_1v2v2_1v1v1_1v2v1/cmod5n_ecmwf_norecal_rs2rcmgmfv4_28052025/sentinel-1a/L2M/EW/S1A_EW_GRDM_1S/2024/015/S1A_EW_GRDM_1SDV_20240115T144437_20240115T144742_052118_064CAE_170AX3585X8887/s1a-ew-owi-cm-20240115t144437-20240115t144742-000003-064CAE.nc
io022022,IRWIN,s1a-iw-owi-cm-20220510t002224-20220510t002319-000003-052704_ll_gd_GEO-IRWIN.nc,14.6539678573608,83.7664413452148,"2022-05-10T00:22:24,000",/scale/user/mtannaou/alternance/donnees_sar_changes/s1a-iw-owi-cm-20220510t002224-20220510t002319-000003-052704_aeqd.nc,s1a-iw-owi-cm-20220510t002224-20220510t002319-000003-052704.nc,/home/datawork-cersat-public/cache/public/ftp/project/sarwing/processings/grdwind+windir_2025v6v12_2v0_0v3v9_0v0v6_0v0v6_1v4v3_1v0v15_1v0v10_1v2v5_1v2v2_1v1v1_1v2v1/cmod5n_ecmwf_norecal_rs2rcmgmfv4_28052025/sentinel-1a/L2M/IW/S1A_IW_GRDH_1S/2022/130/S1A_IW_GRDH_1SDV_20220510T002224_20220510T002319_043141_052704_112AXBAE6/s1a-iw-owi-cm-20220510t002224-20220510t002319-000003-052704.nc
ep112019,IRWIN,s1a-ew-owi-cm-20190904t133932-20190904t134121-000003-0345B8_ll_gd_GEO-IRWIN.nc,19.0972175598145,243.124618530273,"2019-09-04T13:39:32,000",/scale/user/mtannaou/alternance/donnees_sar_changes/s1a-ew-owi-cm-20190904t133932-20190904t134121-000003-0345B8_aeqd.nc,s1a-ew-owi-cm-20190904t133932-20190904t134121-000003-0345B8.nc,/home/datawork-cersat-public/cache/public/ftp/project/sarwing/processings/grdwind+windir_2025v6v12_2v0_0v3v9_0v0v6_0v0v6_1v4v3_1v0v15_1v0v10_1v2v5_1v2v2_1v1v1_1v2v1/cmod5n_ecmwf_norecal_rs2rcmgmfv4_28052025/sentinel-1a/L2M/EW/S1A_EW_GRDM_1S/2019/247/S1A_EW_GRDM_1SDV_20190904T133932_20190904T134121_028872_0345B8_103CXCA9D/s1a-ew-owi-cm-20190904t133932-20190904t134121-000003-0345B8.nc
ep112019,IRWIN,s1b-ew-owi-cm-20190906t141103-20190906t141249-000003-021B95_ll_gd_GEO-IRWIN.nc,22.6235828399658,236.652969360352,"2019-09-06T14:11:03,000",/scale/user/mtannaou/alternance/donnees_sar_changes/s1b-ew-owi-cm-20190906t141103-20190906t141249-000003-021B95_aeqd.nc,s1b-ew-owi-cm-20190906t141103-20190906t141249-000003-021B95.nc,/home/datawork-cersat-public/cache/public/ftp/project/sarwing/processings/grdwind+windir_2025v6v12_2v0_0v3v9_0v0v6_0v0v6_1v4v3_1v0v15_1v0v10_1v2v5_1v2v2_1v1v1_1v2v1/cmod5n_ecmwf_norecal_rs2rcmgmfv4_28052025/sentinel-1b/L2M/EW/S1B_EW_GRDM_1S/2019/249/S1B_EW_GRDM_1SDV_20190906T141103_20190906T141249_017918_021B95_1749XF475/s1b-ew-owi-cm-20190906t141103-20190906t141249-000003-021B95.nc
wp052024,IRWIN,rcm1-sc50mb-owi-cm-20240721t094332-20240721t094449-00003-______ll_gd_GEO-IRWIN.nc,16.7148857116699,125.786651611328,"2024-07-21T09:43:32,000",/scale/user/mtannaou/alternance/donnees_sar_changes/rcm1-sc50mb-owi-cm-20240721t094332-20240721t094449-00003-xxxxx_aeqd.nc,rcm1-sc50mb-owi-cm-20240721t094332-20240721t094449-00003-xxxxx.nc,/home/datawork-cersat-public/cache/public/ftp/project/sarwing/processings/grdwind+windir_2025v6v12_2v0_0v3v9_0v0v6_0v0v6_1v4v3_1v0v15_1v0v10_1v2v5_1v2v2_1v1v1_1v2v1/cmod5n_ecmwf_norecal_rs2rcmgmfv4_28052025/rcm-1/L2M/sc50mb/rcm-1_sc50mb/2024/203/RCM1_OK3171941_PK3173033_1_SC50MB_20240721_094116_HH_HV_GRD/rcm1-sc50mb-owi-cm-20240721t094332-20240721t094449-00003-xxxxx.nc
wp052024,IRWIN,s1a-iw-owi-cm-20240725t100131-20240725t100246-000003-06B064_ll_gd_GEO-IRWIN.nc,25.2719287872315,119.706314086914,"2024-07-25T10:01:31,000",,s1a-iw-owi-cm-20240725t100102-20240725t100246-000003-06B064.nc,/home/datawork-cersat-public/cache/public/ftp/project/sarwing/processings/grdwind+windir_2025v6v12_2v0_0v3v9_0v0v6_0v0v6_1v4v3_1v0v15_1v0v10_1v2v5_1v2v2_1v1v1_1v2v1/cmod5n_ecmwf_norecal_rs2rcmgmfv4_28052025/sentinel-1a/L2M/IW/S1A_IW_GRDH_1S/2024/207/S1A_IW_GRDH_1SDV_20240725T100102_20240725T100246_054916_06B064_55C7X5B23XEF06XF5AB/s1a-iw-owi-cm-20240725t100102-20240725t100246-000003-06B064.nc
wp052024,IRWIN,rcm1-sc50mc-owi-cm-20240720t093459-20240720t093617-00003-______ll_gd_GEO-IRWIN.nc,15.8391704559326,128.051071166992,"2024-07-20T09:34:59,000",/scale/user/mtannaou/alternance/donnees_sar_changes/rcm1-sc50mc-owi-cm-20240720t093459-20240720t093617-00003-xxxxx_aeqd.nc,rcm1-sc50mc-owi-cm-20240720t093459-20240720t093617-00003-xxxxx.nc,/home/datawork-cersat-public/cache/public/ftp/project/sarwing/processings/grdwind+windir_2025v6v12_2v0_0v3v9_0v0v6_0v0v6_1v4v3_1v0v15_1v0v10_1v2v5_1v2v2_1v1v1_1v2v1/cmod5n_ecmwf_norecal_rs2rcmgmfv4_28052025/rcm-1/L2M/sc50mc/rcm-1_sc50mc/2024/202/RCM1_OK3170628_PK3171816_1_SC50MC_20240720_093319_HH_HV_GRD/rcm1-sc50mc-owi-cm-20240720t093459-20240720t093617-00003-xxxxx.nc
wp052024,IRWIN,rcm1-sc50ma-owi-cm-20240721t213829-20240721t213945-00003-______ll_gd_GEO-IRWIN.nc,17.2607307434082,125.815483093262,"2024-07-21T21:38:29,000",/scale/user/mtannaou/alternance/donnees_sar_changes/rcm1-sc50ma-owi-cm-20240721t213829-20240721t213945-00003-xxxxx_aeqd.nc,rcm1-sc50ma-owi-cm-20240721t213829-20240721t213945-00003-xxxxx.nc,/home/datawork-cersat-public/cache/public/ftp/project/sarwing/processings/grdwind+windir_2025v6v12_2v0_0v3v9_0v0v6_0v0v6_1v4v3_1v0v15_1v0v10_1v2v5_1v2v2_1v1v1_1v2v1/cmod5n_ecmwf_norecal_rs2rcmgmfv4_28052025/rcm-1/L2M/sc50ma/rcm-1_sc50ma/2024/203/RCM1_OK3171961_PK3173833_1_SC50MA_20240721_213701_HH_HV_GRD/rcm1-sc50ma-owi-cm-20240721t213829-20240721t213945-00003-xxxxx.nc
wp052024,IRWIN,rcm1-sc50mc-owi-cm-20240722t095153-20240722t095311-00003-______ll_gd_GEO-IRWIN.nc,18.2073173522949,125.430068969727,"2024-07-22T09:51:53,000",/scale/user/mtannaou/alternance/donnees_sar_changes/rcm1-sc50mc-owi-cm-20240722t095153-20240722t095311-00003-xxxxx_aeqd.nc,rcm1-sc50mc-owi-cm-20240722t095153-20240722t095311-00003-xxxxx.nc,/home/datawork-cersat-public/cache/public/ftp/project/sarwing/processings/grdwind+windir_2025v6v12_2v0_0v3v9_0v0v6_0v0v6_1v4v3_1v0v15_1v0v10_1v2v5_1v2v2_1v1v1_1v2v1/cmod5n_ecmwf_norecal_rs2rcmgmfv4_28052025/rcm-1/L2M/sc50mc/rcm-1_sc50mc/2024/204/RCM1_OK3173264_PK3174334_1_SC50MC_20240722_094925_HH_HV_GRD/rcm1-sc50mc-owi-cm-20240722t095153-20240722t095311-00003-xxxxx.nc
al182024,IRWIN,rcm2-sclnc-owi-cm-20241104t232437-20241104t232553-00003-______ll_gd_GEO-IRWIN.nc,15.4581184387207,283.384216308594,"2024-11-04T23:24:37,000",/scale/user/mtannaou/alternance/donnees_sar_changes/rcm2-sclnc-owi-cm-20241104t232437-20241104t232553-00003-xxxxx_aeqd.nc,rcm2-sclnc-owi-cm-20241104t232437-20241104t232553-00003-xxxxx.nc,/home/datawork-cersat-public/cache/public/ftp/project/sarwing/processings/grdwind+windir_2025v6v12_2v0_0v3v9_0v0v6_0v0v6_1v4v3_1v0v15_1v0v10_1v2v5_1v2v2_1v1v1_1v2v1/cmod5n_ecmwf_norecal_rs2rcmgmfv4_28052025/rcm-2/L2M/sclnc/rcm-2_sclnc/2024/309/RCM2_OK3345238_PK3347694_1_SCLNC_20241104_232439_VV_VH_GRD/rcm2-sclnc-owi-cm-20241104t232437-20241104t232553-00003-xxxxx.nc
al182024,IRWIN,rcm2-sclnb-owi-cm-20241107t235027-20241107t235144-00003-______ll_gd_GEO-IRWIN.nc,24.6354103088379,273.730773925781,"2024-11-07T23:50:27,000",/scale/user/mtannaou/alternance/donnees_sar_changes/rcm2-sclnb-owi-cm-20241107t235027-20241107t235144-00003-xxxxx_aeqd.nc,rcm2-sclnb-owi-cm-20241107t235027-20241107t235144-00003-xxxxx.nc,/home/datawork-cersat-public/cache/public/ftp/project/sarwing/processings/grdwind+windir_2025v6v12_2v0_0v3v9_0v0v6_0v0v6_1v4v3_1v0v15_1v0v10_1v2v5_1v2v2_1v1v1_1v2v1/cmod5n_ecmwf_norecal_rs2rcmgmfv4_28052025/rcm-2/L2M/sclnb/rcm-2_sclnb/2024/312/RCM2_OK3348677_PK3352104_1_SCLNB_20241107_235027_VV_VH_GRD/rcm2-sclnb-owi-cm-20241107t235027-20241107t235144-00003-xxxxx.nc
al182024,IRWIN,rcm2-sclnd-owi-cm-20241109t114945-20241109t115105-00003-______ll_gd_GEO-IRWIN.nc,24.9167366027832,269.002044677734,"2024-11-09T11:49:45,000",/scale/user/mtannaou/alternance/donnees_sar_changes/rcm2-sclnd-owi-cm-20241109t114945-20241109t115105-00003-xxxxx_aeqd.nc,rcm2-sclnd-owi-cm-20241109t114945-20241109t115105-00003-xxxxx.nc,/home/datawork-cersat-public/cache/public/ftp/project/sarwing/processings/grdwind+windir_2025v6v12_2v0_0v3v9_0v0v6_0v0v6_1v4v3_1v0v15_1v0v10_1v2v5_1v2v2_1v1v1_1v2v1/cmod5n_ecmwf_norecal_rs2rcmgmfv4_28052025/rcm-2/L2M/sclnd/rcm-2_sclnd/2024/314/RCM2_OK3351744_PK3358566_1_SCLND_20241109_114958_VV_VH_GRD/rcm2-sclnd-owi-cm-20241109t114945-20241109t115105-00003-xxxxx.nc
al182024,IRWIN,rcm2-sclnc-owi-cm-20241105t233306-20241105t233329-00003-______ll_gd_GEO-IRWIN.nc,19.0675601959229,280.371887207031,"2024-11-05T23:33:06,000",/scale/user/mtannaou/alternance/donnees_sar_changes/rcm2-sclnc-owi-cm-20241105t233306-20241105t233329-00003-xxxxx_aeqd.nc,rcm2-sclnc-owi-cm-20241105t233340-20241105t233423-00003-xxxxx.nc,/home/datawork-cersat-public/cache/public/ftp/project/sarwing/processings/grdwind+windir_2025v6v12_2v0_0v3v9_0v0v6_0v0v6_1v4v3_1v0v15_1v0v10_1v2v5_1v2v2_1v1v1_1v2v1/cmod5n_ecmwf_norecal_rs2rcmgmfv4_28052025/rcm-2/L2M/sclnc/rcm-2_sclnc/2024/310/RCM2_OK3346494_PK3348992_1_SCLNC_20241105_233342_VV_VH_GRD/rcm2-sclnc-owi-cm-20241105t233340-20241105t233423-00003-xxxxx.nc
al182024,IRWIN,rcm2-sclnc-owi-cm-20241105t233340-20241105t233423-00003-______ll_gd_GEO-IRWIN.nc,19.0675601959229,280.371887207031,"2024-11-05T23:33:40,000",/scale/user/mtannaou/alternance/donnees_sar_changes/rcm2-sclnc-owi-cm-20241105t233340-20241105t233423-00003-xxxxx_aeqd.nc,rcm2-sclnc-owi-cm-20241105t233340-20241105t233423-00003-xxxxx.nc,/home/datawork-cersat-public/cache/public/ftp/project/sarwing/processings/grdwind+windir_2025v6v12_2v0_0v3v9_0v0v6_0v0v6_1v4v3_1v0v15_1v0v10_1v2v5_1v2v2_1v1v1_1v2v1/cmod5n_ecmwf_norecal_rs2rcmgmfv4_28052025/rcm-2/L2M/sclnc/rcm-2_sclnc/2024/310/RCM2_OK3346494_PK3348992_1_SCLNC_20241105_233342_VV_VH_GRD/rcm2-sclnc-owi-cm-20241105t233340-20241105t233423-00003-xxxxx.nc
al182024,IRWIN,s1a-ew-owi-cm-20241106t234334-20241106t234437-000003-06EAB8_ll_gd_GEO-IRWIN.nc,22.7873401641846,277.216949462891,"2024-11-06T23:43:34,000",/scale/user/mtannaou/alternance/donnees_sar_changes/s1a-ew-owi-cm-20241106t234334-20241106t234437-000003-06EAB8_aeqd.nc,s1a-ew-owi-cm-20241106t234334-20241106t234437-000003-06EAB8.nc,/home/datawork-cersat-public/cache/public/ftp/project/sarwing/processings/grdwind+windir_2025v6v12_2v0_0v3v9_0v0v6_0v0v6_1v4v3_1v0v15_1v0v10_1v2v5_1v2v2_1v1v1_1v2v1/cmod5n_ecmwf_norecal_rs2rcmgmfv4_28052025/sentinel-1a/L2M/EW/S1A_EW_GRDM_1S/2024/311/S1A_EW_GRDM_1SDV_20241106T234334_20241106T234437_056441_06EAB8_05DF/s1a-ew-owi-cm-20241106t234334-20241106t234437-000003-06EAB8.nc
al182024,IRWIN,rcm2-sclna-owi-cm-20241105t111908-20241105t112023-00003-______ll_gd_GEO-IRWIN.nc,17.0959873199463,282.007568359375,"2024-11-05T11:19:08,000",/scale/user/mtannaou/alternance/donnees_sar_changes/rcm2-sclna-owi-cm-20241105t111908-20241105t112023-00003-xxxxx_aeqd.nc,rcm2-sclna-owi-cm-20241105t111908-20241105t112023-00003-xxxxx.nc,/home/datawork-cersat-public/cache/public/ftp/project/sarwing/processings/grdwind+windir_2025v6v12_2v0_0v3v9_0v0v6_0v0v6_1v4v3_1v0v15_1v0v10_1v2v5_1v2v2_1v1v1_1v2v1/cmod5n_ecmwf_norecal_rs2rcmgmfv4_28052025/rcm-2/L2M/sclna/rcm-2_sclna/2024/310/RCM2_OK3346487_PK3348375_1_SCLNA_20241105_111910_VV_VH_GRD/rcm2-sclna-owi-cm-20241105t111908-20241105t112023-00003-xxxxx.nc
al182024,IRWIN,rcm2-sc50ma-owi-cm-20241106t112631-20241106t112723-00003-______ll_gd_GEO-IRWIN.nc,20.6245841979981,278.670715332031,"2024-11-06T11:26:31,000",/scale/user/mtannaou/alternance/donnees_sar_changes/rcm2-sc50ma-owi-cm-20241106t112631-20241106t112723-00003-xxxxx_aeqd.nc,rcm2-sc50ma-owi-cm-20241106t112631-20241106t112723-00003-xxxxx.nc,/home/datawork-cersat-public/cache/public/ftp/project/sarwing/processings/grdwind+windir_2025v6v12_2v0_0v3v9_0v0v6_0v0v6_1v4v3_1v0v15_1v0v10_1v2v5_1v2v2_1v1v1_1v2v1/cmod5n_ecmwf_norecal_rs2rcmgmfv4_28052025/rcm-2/L2M/sc50ma/rcm-2_sc50ma/2024/311/RCM2_OK3347915_PK3349705_1_SC50MA_20241106_112633_HH_HV_GRD/rcm2-sc50ma-owi-cm-20241106t112631-20241106t112723-00003-xxxxx.nc
al182024,IRWIN,s1a-iw-owi-cm-20241110t000941-20241110t001035-000003-06EC79_ll_gd_GEO-IRWIN.nc,25.5123691558838,268.360565185547,"2024-11-10T00:09:41,000",/scale/user/mtannaou/alternance/donnees_sar_changes/s1a-iw-owi-cm-20241110t000941-20241110t001035-000003-06EC79_aeqd.nc,s1a-iw-owi-cm-20241110t000941-20241110t001035-000003-06EC79.nc,/home/datawork-cersat-public/cache/public/ftp/project/sarwing/processings/grdwind+windir_2025v6v12_2v0_0v3v9_0v0v6_0v0v6_1v4v3_1v0v15_1v0v10_1v2v5_1v2v2_1v1v1_1v2v1/cmod5n_ecmwf_norecal_rs2rcmgmfv4_28052025/sentinel-1a/L2M/IW/S1A_IW_GRDH_1S/2024/315/S1A_IW_GRDH_1SDV_20241110T000941_20241110T001035_056485_06EC79_6E26XADF5/s1a-iw-owi-cm-20241110t000941-20241110t001035-000003-06EC79.nc
al182024,IRWIN,rcm2-sclna-owi-cm-20241108t235824-20241109t000004-00003-______ll_gd_GEO-IRWIN.nc,24.6750411987305,270.519836425781,"2024-11-08T23:58:24,000",/scale/user/mtannaou/alternance/donnees_sar_changes/rcm2-sclna-owi-cm-20241108t235824-20241109t000004-00003-xxxxx_aeqd.nc,rcm2-sclna-owi-cm-20241108t235824-20241109t000004-00003-xxxxx.nc,/home/datawork-cersat-public/cache/public/ftp/project/sarwing/processings/grdwind+windir_2025v6v12_2v0_0v3v9_0v0v6_0v0v6_1v4v3_1v0v15_1v0v10_1v2v5_1v2v2_1v1v1_1v2v1/cmod5n_ecmwf_norecal_rs2rcmgmfv4_28052025/rcm-2/L2M/sclna/rcm-2_sclna/2024/313/RCM2_OK3350788_PK3358436_1_SCLNA_20241108_235837_VV_VH_GRD/rcm2-sclna-owi-cm-20241108t235824-20241109t000004-00003-xxxxx.nc
al182024,IRWIN,rcm2-sclnc-owi-cm-20241106t234158-20241106t234314-00003-______ll_gd_GEO-IRWIN.nc,22.7873401641846,277.216949462891,"2024-11-06T23:41:58,000",/scale/user/mtannaou/alternance/donnees_sar_changes/rcm2-sclnc-owi-cm-20241106t234158-20241106t234314-00003-xxxxx_aeqd.nc,s1a-ew-owi-cm-20241106t234334-20241106t234437-000003-06EAB8.nc,/home/datawork-cersat-public/cache/public/ftp/project/sarwing/processings/grdwind+windir_2025v6v12_2v0_0v3v9_0v0v6_0v0v6_1v4v3_1v0v15_1v0v10_1v2v5_1v2v2_1v1v1_1v2v1/cmod5n_ecmwf_norecal_rs2rcmgmfv4_28052025/sentinel-1a/L2M/EW/S1A_EW_GRDM_1S/2024/311/S1A_EW_GRDM_1SDV_20241106T234334_20241106T234437_056441_06EAB8_05DF/s1a-ew-owi-cm-20241106t234334-20241106t234437-000003-06EAB8.nc
al182024,IRWIN,rcm2-sclnd-owi-cm-20241110t115734-20241110t115838-00003-______ll_gd_GEO-IRWIN.nc,26.0504016876221,268.061401367188,"2024-11-10T11:57:34,000",/scale/user/mtannaou/alternance/donnees_sar_changes/rcm2-sclnd-owi-cm-20241110t115734-20241110t115838-00003-xxxxx_aeqd.nc,rcm2-sclnd-owi-cm-20241110t115734-20241110t115838-00003-xxxxx.nc,/home/datawork-cersat-public/cache/public/ftp/project/sarwing/processings/grdwind+windir_2025v6v12_2v0_0v3v9_0v0v6_0v0v6_1v4v3_1v0v15_1v0v10_1v2v5_1v2v2_1v1v1_1v2v1/cmod5n_ecmwf_norecal_rs2rcmgmfv4_28052025/rcm-2/L2M/sclnd/rcm-2_sclnd/2024/315/RCM2_OK3352245_PK3354778_1_SCLND_20241110_115737_VV_VH_GRD/rcm2-sclnd-owi-cm-20241110t115734-20241110t115838-00003-xxxxx.nc
al182024,IRWIN,rcm2-sclnc-owi-cm-20241107t113410-20241107t113444-00003-______ll_gd_GEO-IRWIN.nc,24.1227226257324,275.420501708984,"2024-11-07T11:34:10,000",/scale/user/mtannaou/alternance/donnees_sar_changes/rcm2-sclnc-owi-cm-20241107t113410-20241107t113444-00003-xxxxx_aeqd.nc,rcm2-sclnc-owi-cm-20241107t113410-20241107t113444-00003-xxxxx.nc,/home/datawork-cersat-public/cache/public/ftp/project/sarwing/processings/grdwind+windir_2025v6v12_2v0_0v3v9_0v0v6_0v0v6_1v4v3_1v0v15_1v0v10_1v2v5_1v2v2_1v1v1_1v2v1/cmod5n_ecmwf_norecal_rs2rcmgmfv4_28052025/rcm-2/L2M/sclnc/rcm-2_sclnc/2024/312/RCM2_OK3348665_PK3351196_1_SCLNC_20241107_113413_VV_VH_GRD/rcm2-sclnc-owi-cm-20241107t113410-20241107t113444-00003-xxxxx.nc
sh232022,IRWIN,rs2-scwa-owi-cm-20220407t182127-20220407t182351-00003-______ll_gd_GEO-IRWIN.nc,-24.5171813964844,165.077163696289,"2022-04-07T18:21:27,000",/scale/user/mtannaou/alternance/donnees_sar_changes/rs2-scwa-owi-cm-20220407t182127-20220407t182351-00003-xxxxx_aeqd.nc,rs2-scwa-owi-cm-20220407t182127-20220407t182351-00003-xxxxx.nc,/home/datawork-cersat-public/cache/public/ftp/project/sarwing/processings/grdwind+windir_2025v6v12_2v0_0v3v9_0v0v6_0v0v6_1v4v3_1v0v15_1v0v10_1v2v5_1v2v2_1v1v1_1v2v1/cmod5n_ecmwf_norecal_rs2rcmgmfv4_28052025/RS2/L2M/SCWA/RS2_SCWA/2022/097/RS2_OK135107_PK1187782X783_DK1151894X895_SCWA_20220407_182127_182234_VV_VH_SGF/rs2-scwa-owi-cm-20220407t182127-20220407t182351-00003-xxxxx.nc
al162021,IRWIN,s1b-iw-owi-cm-20210920t095734-20210920t095828-000003-036F42_ll_gd_GEO-IRWIN.nc,18.9294567108154,300.654937744141,"2021-09-20T09:57:34,000",,s1b-iw-owi-cm-20210920t095734-20210920t095918-000003-036F42.nc,/home/datawork-cersat-public/cache/public/ftp/project/sarwing/processings/grdwind+windir_2025v6v12_2v0_0v3v9_0v0v6_0v0v6_1v4v3_1v0v15_1v0v10_1v2v5_1v2v2_1v1v1_1v2v1/cmod5n_ecmwf_norecal_rs2rcmgmfv4_28052025/sentinel-1b/L2M/IW/S1B_IW_GRDH_1S/2021/263/S1B_IW_GRDH_1SDV_20210920T095734_20210920T095918_028780_036F42_0A61X4A57X8964XC70C/s1b-iw-owi-cm-20210920t095734-20210920t095918-000003-036F42.nc
wp122024,IRWIN,rcm2-sc50mc-owi-cm-20240903t101625-20240903t101743-00003-______ll_gd_GEO-IRWIN.nc,18.572380065918,119.008346557617,"2024-09-03T10:16:25,000",/scale/user/mtannaou/alternance/donnees_sar_changes/rcm2-sc50mc-owi-cm-20240903t101625-20240903t101743-00003-xxxxx_aeqd.nc,rcm2-sc50mc-owi-cm-20240903t101625-20240903t101743-00003-xxxxx.nc,/home/datawork-cersat-public/cache/public/ftp/project/sarwing/processings/grdwind+windir_2025v6v12_2v0_0v3v9_0v0v6_0v0v6_1v4v3_1v0v15_1v0v10_1v2v5_1v2v2_1v1v1_1v2v1/cmod5n_ecmwf_norecal_rs2rcmgmfv4_28052025/rcm-2/L2M/sc50mc/rcm-2_sc50mc/2024/247/RCM2_OK3239339_PK3240743_1_SC50MC_20240903_101554_HH_HV_GRD/rcm2-sc50mc-owi-cm-20240903t101625-20240903t101743-00003-xxxxx.nc
wp122024,IRWIN,rcm2-sclnd-owi-cm-20240902t100730-20240902t100847-00003-______ll_gd_GEO-IRWIN.nc,16.8229751586914,122.068222045898,"2024-09-02T10:07:30,000",/scale/user/mtannaou/alternance/donnees_sar_changes/rcm2-sclnd-owi-cm-20240902t100730-20240902t100847-00003-xxxxx_aeqd.nc,rcm2-sclnd-owi-cm-20240902t100730-20240902t100847-00003-xxxxx.nc,/home/datawork-cersat-public/cache/public/ftp/project/sarwing/processings/grdwind+windir_2025v6v12_2v0_0v3v9_0v0v6_0v0v6_1v4v3_1v0v15_1v0v10_1v2v5_1v2v2_1v1v1_1v2v1/cmod5n_ecmwf_norecal_rs2rcmgmfv4_28052025/rcm-2/L2M/sclnd/rcm-2_sclnd/2024/246/RCM2_OK3238109_PK3239235_1_SCLND_20240902_100730_VV_VH_GRD/rcm2-sclnd-owi-cm-20240902t100730-20240902t100847-00003-xxxxx.nc
wp122024,IRWIN,rcm2-sc50mc-owi-cm-20240904t102430-20240904t102548-00003-______ll_gd_GEO-IRWIN.nc,19.1278705596924,117.240364074707,"2024-09-04T10:24:30,000",/scale/user/mtannaou/alternance/donnees_sar_changes/rcm2-sc50mc-owi-cm-20240904t102430-20240904t102548-00003-xxxxx_aeqd.nc,rcm2-sc50mc-owi-cm-20240904t102430-20240904t102548-00003-xxxxx.nc,/home/datawork-cersat-public/cache/public/ftp/project/sarwing/processings/grdwind+windir_2025v6v12_2v0_0v3v9_0v0v6_0v0v6_1v4v3_1v0v15_1v0v10_1v2v5_1v2v2_1v1v1_1v2v1/cmod5n_ecmwf_norecal_rs2rcmgmfv4_28052025/rcm-2/L2M/sc50mc/rcm-2_sc50mc/2024/248/RCM2_OK3239783_PK3242483_1_SC50MC_20240904_102118_HH_HV_GRD/rcm2-sc50mc-owi-cm-20240904t102430-20240904t102548-00003-xxxxx.nc
wp122024,IRWIN,rcm2-sc50ma-owi-cm-20240903t221026-20240903t221142-00003-______ll_gd_GEO-IRWIN.nc,18.9878425598145,118.197692871094,"2024-09-03T22:10:26,000",/scale/user/mtannaou/alternance/donnees_sar_changes/rcm2-sc50ma-owi-cm-20240903t221026-20240903t221142-00003-xxxxx_aeqd.nc,rcm2-sc50ma-owi-cm-20240903t221026-20240903t221142-00003-xxxxx.nc,/home/datawork-cersat-public/cache/public/ftp/project/sarwing/processings/grdwind+windir_2025v6v12_2v0_0v3v9_0v0v6_0v0v6_1v4v3_1v0v15_1v0v10_1v2v5_1v2v2_1v1v1_1v2v1/cmod5n_ecmwf_norecal_rs2rcmgmfv4_28052025/rcm-2/L2M/sc50ma/rcm-2_sc50ma/2024/247/RCM2_OK3238271_PK3241886_1_SC50MA_20240903_220943_HH_HV_GRD/rcm2-sc50ma-owi-cm-20240903t221026-20240903t221142-00003-xxxxx.nc
wp122024,IRWIN,rcm2-sc50mb-owi-cm-20240906t104103-20240906t104220-00003-______ll_gd_GEO-IRWIN.nc,19.8650150299072,110.896278381348,"2024-09-06T10:41:03,000",/scale/user/mtannaou/alternance/donnees_sar_changes/rcm2-sc50mb-owi-cm-20240906t104103-20240906t104220-00003-xxxxx_aeqd.nc,rcm2-sc50mb-owi-cm-20240906t104103-20240906t104220-00003-xxxxx.nc,/home/datawork-cersat-public/cache/public/ftp/project/sarwing/processings/grdwind+windir_2025v6v12_2v0_0v3v9_0v0v6_0v0v6_1v4v3_1v0v15_1v0v10_1v2v5_1v2v2_1v1v1_1v2v1/cmod5n_ecmwf_norecal_rs2rcmgmfv4_28052025/rcm-2/L2M/sc50mb/rcm-2_sc50mb/2024/250/RCM2_OK3243076_PK3245583_1_SC50MB_20240906_103712_HH_HV_GRD/rcm2-sc50mb-owi-cm-20240906t104103-20240906t104220-00003-xxxxx.nc
wp122024,IRWIN,rcm2-sc50ma-owi-cm-20240904t221832-20240904t221941-00003-______ll_gd_GEO-IRWIN.nc,19.106388092041,116.101119995117,"2024-09-04T22:18:32,000",/scale/user/mtannaou/alternance/donnees_sar_changes/rcm2-sc50ma-owi-cm-20240904t221832-20240904t221941-00003-xxxxx_aeqd.nc,rcm2-sc50ma-owi-cm-20240904t221832-20240904t221941-00003-xxxxx.nc,/home/datawork-cersat-public/cache/public/ftp/project/sarwing/processings/grdwind+windir_2025v6v12_2v0_0v3v9_0v0v6_0v0v6_1v4v3_1v0v15_1v0v10_1v2v5_1v2v2_1v1v1_1v2v1/cmod5n_ecmwf_norecal_rs2rcmgmfv4_28052025/rcm-2/L2M/sc50ma/rcm-2_sc50ma/2024/248/RCM2_OK3239787_PK3243426_1_SC50MA_20240904_221822_HH_HV_GRD/rcm2-sc50ma-owi-cm-20240904t221832-20240904t221941-00003-xxxxx.nc
wp122024,IRWIN,rcm2-sc50mc-owi-cm-20240905t103247-20240905t103359-00003-______ll_gd_GEO-IRWIN.nc,19.2742881774902,114.706336975098,"2024-09-05T10:32:47,000",/scale/user/mtannaou/alternance/donnees_sar_changes/rcm2-sc50mc-owi-cm-20240905t103247-20240905t103359-00003-xxxxx_aeqd.nc,rcm2-sc50mc-owi-cm-20240905t103247-20240905t103359-00003-xxxxx.nc,/home/datawork-cersat-public/cache/public/ftp/project/sarwing/processings/grdwind+windir_2025v6v12_2v0_0v3v9_0v0v6_0v0v6_1v4v3_1v0v15_1v0v10_1v2v5_1v2v2_1v1v1_1v2v1/cmod5n_ecmwf_norecal_rs2rcmgmfv4_28052025/rcm-2/L2M/sc50mc/rcm-2_sc50mc/2024/249/RCM2_OK3241753_PK3244023_1_SC50MC_20240905_102939_HH_HV_GRD/rcm2-sc50mc-owi-cm-20240905t103247-20240905t103359-00003-xxxxx.nc
wp122024,IRWIN,rcm2-sc50ma-owi-cm-20240907t104923-20240907t105038-00003-______ll_gd_GEO-IRWIN.nc,20.9958591461182,106.576232910156,"2024-09-07T10:49:23,000",/scale/user/mtannaou/alternance/donnees_sar_changes/rcm2-sc50ma-owi-cm-20240907t104923-20240907t105038-00003-xxxxx_aeqd.nc,rcm2-sc50ma-owi-cm-20240907t104923-20240907t105038-00003-xxxxx.nc,/home/datawork-cersat-public/cache/public/ftp/project/sarwing/processings/grdwind+windir_2025v6v12_2v0_0v3v9_0v0v6_0v0v6_1v4v3_1v0v15_1v0v10_1v2v5_1v2v2_1v1v1_1v2v1/cmod5n_ecmwf_norecal_rs2rcmgmfv4_28052025/rcm-2/L2M/sc50ma/rcm-2_sc50ma/2024/251/RCM2_OK3244518_PK3247070_1_SC50MA_20240907_104448_HH_HV_GRD/rcm2-sc50ma-owi-cm-20240907t104923-20240907t105038-00003-xxxxx.nc
wp122024,IRWIN,rcm2-sc50mc-owi-cm-20240907t224213-20240907t224329-00003-______ll_gd_GEO-IRWIN.nc,0.0,0.0,"2024-09-07T22:42:13,000",/scale/user/mtannaou/alternance/donnees_sar_changes/rcm2-sc50mc-owi-cm-20240907t224213-20240907t224329-00003-xxxxx_aeqd.nc,rcm2-sc50mc-owi-cm-20240907t224213-20240907t224329-00003-xxxxx.nc,/home/datawork-cersat-public/cache/public/ftp/project/sarwing/processings/grdwind+windir_2025v6v12_2v0_0v3v9_0v0v6_0v0v6_1v4v3_1v0v15_1v0v10_1v2v5_1v2v2_1v1v1_1v2v1/cmod5n_ecmwf_norecal_rs2rcmgmfv4_28052025/rcm-2/L2M/sc50mc/rcm-2_sc50mc/2024/251/RCM2_OK3245689_PK3247763_1_SC50MC_20240907_224215_HH_HV_GRD/rcm2-sc50mc-owi-cm-20240907t224213-20240907t224329-00003-xxxxx.nc
wp122024,IRWIN,s1a-ew-owi-cm-20240904t221810-20240904t221913-000003-06C64F_ll_gd_GEO-IRWIN.nc,19.106388092041,116.101119995117,"2024-09-04T22:18:10,000",/scale/user/mtannaou/alternance/donnees_sar_changes/s1a-ew-owi-cm-20240904t221810-20240904t221913-000003-06C64F_aeqd.nc,rcm2-sc50ma-owi-cm-20240904t221832-20240904t221941-00003-xxxxx.nc,/home/datawork-cersat-public/cache/public/ftp/project/sarwing/processings/grdwind+windir_2025v6v12_2v0_0v3v9_0v0v6_0v0v6_1v4v3_1v0v15_1v0v10_1v2v5_1v2v2_1v1v1_1v2v1/cmod5n_ecmwf_norecal_rs2rcmgmfv4_28052025/rcm-2/L2M/sc50ma/rcm-2_sc50ma/2024/248/RCM2_OK3239787_PK3243426_1_SC50MA_20240904_221822_HH_HV_GRD/rcm2-sc50ma-owi-cm-20240904t221832-20240904t221941-00003-xxxxx.nc
wp122024,IRWIN,rcm2-sc50ma-owi-cm-20240905t222628-20240905t222744-00003-______ll_gd_GEO-IRWIN.nc,19.1492900848389,112.62614440918,"2024-09-05T22:26:28,000",/scale/user/mtannaou/alternance/donnees_sar_changes/rcm2-sc50ma-owi-cm-20240905t222628-20240905t222744-00003-xxxxx_aeqd.nc,rcm2-sc50ma-owi-cm-20240905t222628-20240905t222744-00003-xxxxx.nc,/home/datawork-cersat-public/cache/public/ftp/project/sarwing/processings/grdwind+windir_2025v6v12_2v0_0v3v9_0v0v6_0v0v6_1v4v3_1v0v15_1v0v10_1v2v5_1v2v2_1v1v1_1v2v1/cmod5n_ecmwf_norecal_rs2rcmgmfv4_28052025/rcm-2/L2M/sc50ma/rcm-2_sc50ma/2024/249/RCM2_OK3245026_PK3245028_1_SC50MA_20240905_222630_HH_HV_GRD/rcm2-sc50ma-owi-cm-20240905t222628-20240905t222744-00003-xxxxx.nc
wp122024,IRWIN,rcm2-sc50mc-owi-cm-20240906t223419-20240906t223537-00003-______ll_gd_GEO-IRWIN.nc,20.2055149078369,108.649826049805,"2024-09-06T22:34:19,000",/scale/user/mtannaou/alternance/donnees_sar_changes/rcm2-sc50mc-owi-cm-20240906t223419-20240906t223537-00003-xxxxx_aeqd.nc,rcm2-sc50mc-owi-cm-20240906t223419-20240906t223537-00003-xxxxx.nc,/home/datawork-cersat-public/cache/public/ftp/project/sarwing/processings/grdwind+windir_2025v6v12_2v0_0v3v9_0v0v6_0v0v6_1v4v3_1v0v15_1v0v10_1v2v5_1v2v2_1v1v1_1v2v1/cmod5n_ecmwf_norecal_rs2rcmgmfv4_28052025/rcm-2/L2M/sc50mc/rcm-2_sc50mc/2024/250/RCM2_OK3243082_PK3246590_1_SC50MC_20240906_223421_HH_HV_GRD/rcm2-sc50mc-owi-cm-20240906t223419-20240906t223537-00003-xxxxx.nc
sh202019,IRWIN,s1b-ew-owi-cm-20190321t201403-20190321t201625-000003-01CF41_ll_gd_GEO-IRWIN.nc,-14.0129051208496,140.267715454102,"2019-03-21T20:14:03,000",/scale/user/mtannaou/alternance/donnees_sar_changes/s1b-ew-owi-cm-20190321t201403-20190321t201625-000003-01CF41_aeqd.nc,s1b-ew-owi-cm-20190321t201403-20190321t201625-000003-01CF41.nc,/home/datawork-cersat-public/cache/public/ftp/project/sarwing/processings/grdwind+windir_2025v6v12_2v0_0v3v9_0v0v6_0v0v6_1v4v3_1v0v15_1v0v10_1v2v5_1v2v2_1v1v1_1v2v1/cmod5n_ecmwf_norecal_rs2rcmgmfv4_28052025/sentinel-1b/L2M/EW/S1B_EW_GRDM_1S/2019/080/S1B_EW_GRDM_1SDV_20190321T201403_20190321T201625_015457_01CF41_17F5XBDB4XFFBD/s1b-ew-owi-cm-20190321t201403-20190321t201625-000003-01CF41.nc
sh202019,IRWIN,s1a-iw-owi-cm-20190319t085334-20190319t085428-000003-02F46F_ll_gd_GEO-IRWIN.nc,-12.995756149292,143.533355712891,"2019-03-19T08:53:34,000",,s1a-iw-owi-cm-20190319t085334-20190319t085453-000003-02F46F.nc,/home/datawork-cersat-public/cache/public/ftp/project/sarwing/processings/grdwind+windir_2025v6v12_2v0_0v3v9_0v0v6_0v0v6_1v4v3_1v0v15_1v0v10_1v2v5_1v2v2_1v1v1_1v2v1/cmod5n_ecmwf_norecal_rs2rcmgmfv4_28052025/sentinel-1a/L2M/IW/S1A_IW_GRDH_1S/2019/078/S1A_IW_GRDH_1SDV_20190319T085334_20190319T085453_026404_02F46F_2A16X4747XBB18/s1a-iw-owi-cm-20190319t085334-20190319t085453-000003-02F46F.nc
sh072023,IRWIN,s1a-iw-owi-cm-20230106t192011-20230106t192105-000003-0597F6_ll_gd_GEO-IRWIN.nc,-19.7309856414795,152.960327148438,"2023-01-06T19:20:11,000",/scale/user/mtannaou/alternance/donnees_sar_changes/s1a-iw-owi-cm-20230106t192011-20230106t192105-000003-0597F6_aeqd.nc,s1a-iw-owi-cm-20230106t192011-20230106t192105-000003-0597F6.nc,/home/datawork-cersat-public/cache/public/ftp/project/sarwing/processings/grdwind+windir_2025v6v12_2v0_0v3v9_0v0v6_0v0v6_1v4v3_1v0v15_1v0v10_1v2v5_1v2v2_1v1v1_1v2v1/cmod5n_ecmwf_norecal_rs2rcmgmfv4_28052025/sentinel-1a/L2M/IW/S1A_IW_GRDH_1S/2023/006/S1A_IW_GRDH_1SDV_20230106T192011_20230106T192105_046667_0597F6_A11CXE901/s1a-iw-owi-cm-20230106t192011-20230106t192105-000003-0597F6.nc
al102024,IRWIN,rcm2-sclnc-owi-cm-20240929t201825-20240929t201938-00003-______ll_gd_GEO-IRWIN.nc,43.7327995300293,324.965911865234,"2024-09-29T20:18:25,000",/scale/user/mtannaou/alternance/donnees_sar_changes/rcm2-sclnc-owi-cm-20240929t201825-20240929t201938-00003-xxxxx_aeqd.nc,rcm2-sclnc-owi-cm-20240929t201825-20240929t201938-00003-xxxxx.nc,/home/datawork-cersat-public/cache/public/ftp/project/sarwing/processings/grdwind+windir_2025v6v12_2v0_0v3v9_0v0v6_0v0v6_1v4v3_1v0v15_1v0v10_1v2v5_1v2v2_1v1v1_1v2v1/cmod5n_ecmwf_norecal_rs2rcmgmfv4_28052025/rcm-2/L2M/sclnc/rcm-2_sclnc/2024/273/RCM2_OK3289458_PK3291537_1_SCLNC_20240929_201825_VV_VH_GRD/rcm2-sclnc-owi-cm-20240929t201825-20240929t201938-00003-xxxxx.nc
al102024,IRWIN,rcm3-sc50mc-owi-cm-20240928t084849-20240928t085005-00003-______ll_gd_GEO-IRWIN.nc,38.936767578125,318.019317626953,"2024-09-28T08:48:49,000",/scale/user/mtannaou/alternance/donnees_sar_changes/rcm3-sc50mc-owi-cm-20240928t084849-20240928t085005-00003-xxxxx_aeqd.nc,rcm3-sc50mc-owi-cm-20240928t084849-20240928t085005-00003-xxxxx.nc,/home/datawork-cersat-public/cache/public/ftp/project/sarwing/processings/grdwind+windir_2025v6v12_2v0_0v3v9_0v0v6_0v0v6_1v4v3_1v0v15_1v0v10_1v2v5_1v2v2_1v1v1_1v2v1/cmod5n_ecmwf_norecal_rs2rcmgmfv4_28052025/rcm-3/L2M/sc50mc/rcm-3_sc50mc/2024/272/RCM3_OK3286274_PK3289329_1_SC50MC_20240928_084851_HH_HV_GRD/rcm3-sc50mc-owi-cm-20240928t084849-20240928t085005-00003-xxxxx.nc
al102024,IRWIN,rcm2-sc50mc-owi-cm-20240926t212953-20240926t213008-00003-______ll_gd_GEO-IRWIN.nc,37.2891235351563,309.099700927734,"2024-09-26T21:29:53,000",/scale/user/mtannaou/alternance/donnees_sar_changes/rcm2-sc50mc-owi-cm-20240926t212953-20240926t213008-00003-xxxxx_aeqd.nc,rcm2-sc50mc-owi-cm-20240926t212953-20240926t213008-00003-xxxxx.nc,/home/datawork-cersat-public/cache/public/ftp/project/sarwing/processings/grdwind+windir_2025v6v12_2v0_0v3v9_0v0v6_0v0v6_1v4v3_1v0v15_1v0v10_1v2v5_1v2v2_1v1v1_1v2v1/cmod5n_ecmwf_norecal_rs2rcmgmfv4_28052025/rcm-2/L2M/sc50mc/rcm-2_sc50mc/2024/270/RCM2_OK2935256_PK3286566_1_SC50MC_20240926_212952_HH_HV_GRD/rcm2-sc50mc-owi-cm-20240926t212953-20240926t213008-00003-xxxxx.nc
al102024,IRWIN,rcm1-sclnd-owi-cm-20240929t082338-20240929t082454-00003-______ll_gd_GEO-IRWIN.nc,42.3430099487305,323.055206298828,"2024-09-29T08:23:38,000",/scale/user/mtannaou/alternance/donnees_sar_changes/rcm1-sclnd-owi-cm-20240929t082338-20240929t082454-00003-xxxxx_aeqd.nc,rcm1-sclnd-owi-cm-20240929t082338-20240929t082454-00003-xxxxx.nc,/home/datawork-cersat-public/cache/public/ftp/project/sarwing/processings/grdwind+windir_2025v6v12_2v0_0v3v9_0v0v6_0v0v6_1v4v3_1v0v15_1v0v10_1v2v5_1v2v2_1v1v1_1v2v1/cmod5n_ecmwf_norecal_rs2rcmgmfv4_28052025/rcm-1/L2M/sclnd/rcm-1_sclnd/2024/273/RCM1_OK3289448_PK3290460_1_SCLND_20240929_082338_VV_VH_GRD/rcm1-sclnd-owi-cm-20240929t082338-20240929t082454-00003-xxxxx.nc
al102024,IRWIN,rcm1-sc50mb-owi-cm-20240926t093747-20240926t093901-00003-______ll_gd_GEO-IRWIN.nc,37.1254348754883,306.92138671875,"2024-09-26T09:37:47,000",/scale/user/mtannaou/alternance/donnees_sar_changes/rcm1-sc50mb-owi-cm-20240926t093747-20240926t093901-00003-xxxxx_aeqd.nc,rcm1-sc50mb-owi-cm-20240926t093747-20240926t093901-00003-xxxxx.nc,/home/datawork-cersat-public/cache/public/ftp/project/sarwing/processings/grdwind+windir_2025v6v12_2v0_0v3v9_0v0v6_0v0v6_1v4v3_1v0v15_1v0v10_1v2v5_1v2v2_1v1v1_1v2v1/cmod5n_ecmwf_norecal_rs2rcmgmfv4_28052025/rcm-1/L2M/sc50mb/rcm-1_sc50mb/2024/270/RCM1_OK3283932_PK3285368_1_SC50MB_20240926_093749_HH_HV_GRD/rcm1-sc50mb-owi-cm-20240926t093747-20240926t093901-00003-xxxxx.nc
al102024,IRWIN,rcm1-sclnd-owi-cm-20240928t204130-20240928t204248-00003-______ll_gd_GEO-IRWIN.nc,40.7140197753906,321.042053222656,"2024-09-28T20:41:30,000",/scale/user/mtannaou/alternance/donnees_sar_changes/rcm1-sclnd-owi-cm-20240928t204130-20240928t204248-00003-xxxxx_aeqd.nc,rcm1-sclnd-owi-cm-20240928t204130-20240928t204248-00003-xxxxx.nc,/home/datawork-cersat-public/cache/public/ftp/project/sarwing/processings/grdwind+windir_2025v6v12_2v0_0v3v9_0v0v6_0v0v6_1v4v3_1v0v15_1v0v10_1v2v5_1v2v2_1v1v1_1v2v1/cmod5n_ecmwf_norecal_rs2rcmgmfv4_28052025/rcm-1/L2M/sclnd/rcm-1_sclnd/2024/272/RCM1_OK3287462_PK3289883_1_SCLND_20240928_204131_VV_VH_GRD/rcm1-sclnd-owi-cm-20240928t204130-20240928t204248-00003-xxxxx.nc
al102024,IRWIN,rcm2-sclnd-owi-cm-20240930t080008-20240930t080023-00003-______ll_gd_GEO-IRWIN.nc,44.4050903320313,328.033416748047,"2024-09-30T08:00:08,000",/scale/user/mtannaou/alternance/donnees_sar_changes/rcm2-sclnd-owi-cm-20240930t080008-20240930t080023-00003-xxxxx_aeqd.nc,rcm2-sclnd-owi-cm-20240930t080008-20240930t080023-00003-xxxxx.nc,/home/datawork-cersat-public/cache/public/ftp/project/sarwing/processings/grdwind+windir_2025v6v12_2v0_0v3v9_0v0v6_0v0v6_1v4v3_1v0v15_1v0v10_1v2v5_1v2v2_1v1v1_1v2v1/cmod5n_ecmwf_norecal_rs2rcmgmfv4_28052025/rcm-2/L2M/sclnd/rcm-2_sclnd/2024/274/RCM2_OK3290624_PK3292391_1_SCLND_20240930_080010_VV_VH_GRD/rcm2-sclnd-owi-cm-20240930t080008-20240930t080023-00003-xxxxx.nc
al102024,IRWIN,rcm2-sc50mc-owi-cm-20240926t212844-20240926t212944-00003-______ll_gd_GEO-IRWIN.nc,37.2891235351563,309.099700927734,"2024-09-26T21:28:44,000",/scale/user/mtannaou/alternance/donnees_sar_changes/rcm2-sc50mc-owi-cm-20240926t212844-20240926t212944-00003-xxxxx_aeqd.nc,rcm2-sc50mc-owi-cm-20240926t212953-20240926t213008-00003-xxxxx.nc,/home/datawork-cersat-public/cache/public/ftp/project/sarwing/processings/grdwind+windir_2025v6v12_2v0_0v3v9_0v0v6_0v0v6_1v4v3_1v0v15_1v0v10_1v2v5_1v2v2_1v1v1_1v2v1/cmod5n_ecmwf_norecal_rs2rcmgmfv4_28052025/rcm-2/L2M/sc50mc/rcm-2_sc50mc/2024/270/RCM2_OK2935256_PK3286566_1_SC50MC_20240926_212952_HH_HV_GRD/rcm2-sc50mc-owi-cm-20240926t212953-20240926t213008-00003-xxxxx.nc
al102024,IRWIN,rcm2-sc50mb-owi-cm-20240927t091316-20240927t091432-00003-______ll_gd_GEO-IRWIN.nc,37.0803642272949,311.160736083984,"2024-09-27T09:13:16,000",/scale/user/mtannaou/alternance/donnees_sar_changes/rcm2-sc50mb-owi-cm-20240927t091316-20240927t091432-00003-xxxxx_aeqd.nc,rcm2-sc50mb-owi-cm-20240927t091316-20240927t091432-00003-xxxxx.nc,/home/datawork-cersat-public/cache/public/ftp/project/sarwing/processings/grdwind+windir_2025v6v12_2v0_0v3v9_0v0v6_0v0v6_1v4v3_1v0v15_1v0v10_1v2v5_1v2v2_1v1v1_1v2v1/cmod5n_ecmwf_norecal_rs2rcmgmfv4_28052025/rcm-2/L2M/sc50mb/rcm-2_sc50mb/2024/271/RCM2_OK3285636_PK3287210_1_SC50MB_20240927_091316_HH_HV_GRD/rcm2-sc50mb-owi-cm-20240927t091316-20240927t091432-00003-xxxxx.nc
sh062024,IRWIN,rcm3-sclnd-owi-cm-20240117t230713-20240117t230829-00003-______ll_gd_GEO-IRWIN.nc,-11.0722694396973,93.9529876708984,"2024-01-17T23:07:13,000",/scale/user/mtannaou/alternance/donnees_sar_changes/rcm3-sclnd-owi-cm-20240117t230713-20240117t230829-00003-xxxxx_aeqd.nc,rcm3-sclnd-owi-cm-20240117t230713-20240117t230829-00003-xxxxx.nc,/home/datawork-cersat-public/cache/public/ftp/project/sarwing/processings/grdwind+windir_2025v6v12_2v0_0v3v9_0v0v6_0v0v6_1v4v3_1v0v15_1v0v10_1v2v5_1v2v2_1v1v1_1v2v1/cmod5n_ecmwf_norecal_rs2rcmgmfv4_28052025/rcm-3/L2M/sclnd/rcm-3_sclnd/2024/017/RCM3_OK2909652_PK2911936_1_SCLND_20240117_230713_VV_VH_GRD/rcm3-sclnd-owi-cm-20240117t230713-20240117t230829-00003-xxxxx.nc
sh062024,IRWIN,rcm1-sclna-owi-cm-20240117t120051-20240117t120206-00003-______ll_gd_GEO-IRWIN.nc,-10.284384727478,93.9935073852539,"2024-01-17T12:00:51,000",/scale/user/mtannaou/alternance/donnees_sar_changes/rcm1-sclna-owi-cm-20240117t120051-20240117t120206-00003-xxxxx_aeqd.nc,rcm1-sclna-owi-cm-20240117t120051-20240117t120206-00003-xxxxx.nc,/home/datawork-cersat-public/cache/public/ftp/project/sarwing/processings/grdwind+windir_2025v6v12_2v0_0v3v9_0v0v6_0v0v6_1v4v3_1v0v15_1v0v10_1v2v5_1v2v2_1v1v1_1v2v1/cmod5n_ecmwf_norecal_rs2rcmgmfv4_28052025/rcm-1/L2M/sclna/rcm-1_sclna/2024/017/RCM1_OK2909647_PK2911530_1_SCLNA_20240117_120053_VV_VH_GRD/rcm1-sclna-owi-cm-20240117t120051-20240117t120206-00003-xxxxx.nc
sh062024,IRWIN,rcm1-sclnd-owi-cm-20240126t234903-20240126t235020-00003-______ll_gd_GEO-IRWIN.nc,-18.5537548065186,83.4865036010742,"2024-01-26T23:49:03,000",/scale/user/mtannaou/alternance/donnees_sar_changes/rcm1-sclnd-owi-cm-20240126t234903-20240126t235020-00003-xxxxx_aeqd.nc,rcm1-sclnd-owi-cm-20240126t234903-20240126t235020-00003-xxxxx.nc,/home/datawork-cersat-public/cache/public/ftp/project/sarwing/processings/grdwind+windir_2025v6v12_2v0_0v3v9_0v0v6_0v0v6_1v4v3_1v0v15_1v0v10_1v2v5_1v2v2_1v1v1_1v2v1/cmod5n_ecmwf_norecal_rs2rcmgmfv4_28052025/rcm-1/L2M/sclnd/rcm-1_sclnd/2024/026/RCM1_OK2918716_PK2921337_1_SCLND_20240126_234904_VV_VH_GRD/rcm1-sclnd-owi-cm-20240126t234903-20240126t235020-00003-xxxxx.nc
sh062024,IRWIN,rcm1-sclna-owi-cm-20240116t115315-20240116t115430-00003-______ll_gd_GEO-IRWIN.nc,-9.57443046569824,93.9035491943359,"2024-01-16T11:53:15,000",/scale/user/mtannaou/alternance/donnees_sar_changes/rcm1-sclna-owi-cm-20240116t115315-20240116t115430-00003-xxxxx_aeqd.nc,rcm1-sclna-owi-cm-20240116t115315-20240116t115430-00003-xxxxx.nc,/home/datawork-cersat-public/cache/public/ftp/project/sarwing/processings/grdwind+windir_2025v6v12_2v0_0v3v9_0v0v6_0v0v6_1v4v3_1v0v15_1v0v10_1v2v5_1v2v2_1v1v1_1v2v1/cmod5n_ecmwf_norecal_rs2rcmgmfv4_28052025/rcm-1/L2M/sclna/rcm-1_sclna/2024/016/RCM1_OK2908655_PK2910365_1_SCLNA_20240116_115317_VV_VH_GRD/rcm1-sclna-owi-cm-20240116t115315-20240116t115430-00003-xxxxx.nc
sh062024,IRWIN,rcm2-sclna-owi-cm-20240116t233028-20240116t233141-00003-______ll_gd_GEO-IRWIN.nc,-9.69425487518311,94.1606674194336,"2024-01-16T23:30:28,000",/scale/user/mtannaou/alternance/donnees_sar_changes/rcm2-sclna-owi-cm-20240116t233028-20240116t233141-00003-xxxxx_aeqd.nc,rcm2-sclna-owi-cm-20240116t233028-20240116t233141-00003-xxxxx.nc,/home/datawork-cersat-public/cache/public/ftp/project/sarwing/processings/grdwind+windir_2025v6v12_2v0_0v3v9_0v0v6_0v0v6_1v4v3_1v0v15_1v0v10_1v2v5_1v2v2_1v1v1_1v2v1/cmod5n_ecmwf_norecal_rs2rcmgmfv4_28052025/rcm-2/L2M/sclna/rcm-2_sclna/2024/016/RCM2_OK2908657_PK2911043_1_SCLNA_20240116_233028_VV_VH_GRD/rcm2-sclna-owi-cm-20240116t233028-20240116t233141-00003-xxxxx.nc
sh062024,IRWIN,rcm1-sclnc-owi-cm-20240125t234033-20240125t234148-00003-______ll_gd_GEO-IRWIN.nc,-16.1695823669434,87.8109588623047,"2024-01-25T23:40:33,000",/scale/user/mtannaou/alternance/donnees_sar_changes/rcm1-sclnc-owi-cm-20240125t234033-20240125t234148-00003-xxxxx_aeqd.nc,rcm1-sclnc-owi-cm-20240125t234033-20240125t234148-00003-xxxxx.nc,/home/datawork-cersat-public/cache/public/ftp/project/sarwing/processings/grdwind+windir_2025v6v12_2v0_0v3v9_0v0v6_0v0v6_1v4v3_1v0v15_1v0v10_1v2v5_1v2v2_1v1v1_1v2v1/cmod5n_ecmwf_norecal_rs2rcmgmfv4_28052025/rcm-1/L2M/sclnc/rcm-1_sclnc/2024/025/RCM1_OK2917754_PK2920269_1_SCLNC_20240125_234034_VV_VH_GRD/rcm1-sclnc-owi-cm-20240125t234033-20240125t234148-00003-xxxxx.nc
sh062024,IRWIN,rcm3-sclnd-owi-cm-20240118t231535-20240118t231650-00003-______ll_gd_GEO-IRWIN.nc,-12.3312358856201,93.3921127319336,"2024-01-18T23:15:35,000",/scale/user/mtannaou/alternance/donnees_sar_changes/rcm3-sclnd-owi-cm-20240118t231535-20240118t231650-00003-xxxxx_aeqd.nc,rcm3-sclnd-owi-cm-20240118t231535-20240118t231650-00003-xxxxx.nc,/home/datawork-cersat-public/cache/public/ftp/project/sarwing/processings/grdwind+windir_2025v6v12_2v0_0v3v9_0v0v6_0v0v6_1v4v3_1v0v15_1v0v10_1v2v5_1v2v2_1v1v1_1v2v1/cmod5n_ecmwf_norecal_rs2rcmgmfv4_28052025/rcm-3/L2M/sclnd/rcm-3_sclnd/2024/018/RCM3_OK2910627_PK2913143_1_SCLND_20240118_231536_VV_VH_GRD/rcm3-sclnd-owi-cm-20240118t231535-20240118t231650-00003-xxxxx.nc
sh062024,IRWIN,rcm1-sclnb-owi-cm-20240130t134018-20240130t134136-00003-______ll_gd_GEO-IRWIN.nc,-29.9424343109131,74.3890533447266,"2024-01-30T13:40:18,000",/scale/user/mtannaou/alternance/donnees_sar_changes/rcm1-sclnb-owi-cm-20240130t134018-20240130t134136-00003-xxxxx_aeqd.nc,rcm1-sclnb-owi-cm-20240130t134018-20240130t134136-00003-xxxxx.nc,/home/datawork-cersat-public/cache/public/ftp/project/sarwing/processings/grdwind+windir_2025v6v12_2v0_0v3v9_0v0v6_0v0v6_1v4v3_1v0v15_1v0v10_1v2v5_1v2v2_1v1v1_1v2v1/cmod5n_ecmwf_norecal_rs2rcmgmfv4_28052025/rcm-1/L2M/sclnb/rcm-1_sclnb/2024/030/RCM1_OK2923973_PK2925155_1_SCLNB_20240130_134019_VV_VH_GRD/rcm1-sclnb-owi-cm-20240130t134018-20240130t134136-00003-xxxxx.nc
sh062024,IRWIN,rcm2-sclna-owi-cm-20240123t121633-20240123t121747-00003-______ll_gd_GEO-IRWIN.nc,-13.2144241333008,91.6040878295898,"2024-01-23T12:16:33,000",/scale/user/mtannaou/alternance/donnees_sar_changes/rcm2-sclna-owi-cm-20240123t121633-20240123t121747-00003-xxxxx_aeqd.nc,rcm2-sclna-owi-cm-20240123t121633-20240123t121747-00003-xxxxx.nc,/home/datawork-cersat-public/cache/public/ftp/project/sarwing/processings/grdwind+windir_2025v6v12_2v0_0v3v9_0v0v6_0v0v6_1v4v3_1v0v15_1v0v10_1v2v5_1v2v2_1v1v1_1v2v1/cmod5n_ecmwf_norecal_rs2rcmgmfv4_28052025/rcm-2/L2M/sclna/rcm-2_sclna/2024/023/RCM2_OK2916501_PK2917518_1_SCLNA_20240123_121634_VV_VH_GRD/rcm2-sclna-owi-cm-20240123t121633-20240123t121747-00003-xxxxx.nc
sh062024,IRWIN,rcm1-sclna-owi-cm-20240128t132621-20240128t132745-00003-______ll_gd_GEO-IRWIN.nc,-20.9306030273438,74.9758071899414,"2024-01-28T13:26:21,000",/scale/user/mtannaou/alternance/donnees_sar_changes/rcm1-sclna-owi-cm-20240128t132621-20240128t132745-00003-xxxxx_aeqd.nc,rcm1-sclna-owi-cm-20240128t132621-20240128t132745-00003-xxxxx.nc,/home/datawork-cersat-public/cache/public/ftp/project/sarwing/processings/grdwind+windir_2025v6v12_2v0_0v3v9_0v0v6_0v0v6_1v4v3_1v0v15_1v0v10_1v2v5_1v2v2_1v1v1_1v2v1/cmod5n_ecmwf_norecal_rs2rcmgmfv4_28052025/rcm-1/L2M/sclna/rcm-1_sclna/2024/028/RCM1_OK2921752_PK2922992_1_SCLNA_20240128_132623_VV_VH_GRD/rcm1-sclna-owi-cm-20240128t132621-20240128t132745-00003-xxxxx.nc
sh062024,IRWIN,rcm3-sclnc-owi-cm-20240119t232344-20240119t232459-00003-______ll_gd_GEO-IRWIN.nc,-12.4709024429321,92.6775283813477,"2024-01-19T23:23:44,000",/scale/user/mtannaou/alternance/donnees_sar_changes/rcm3-sclnc-owi-cm-20240119t232344-20240119t232459-00003-xxxxx_aeqd.nc,rcm3-sclnc-owi-cm-20240119t232344-20240119t232459-00003-xxxxx.nc,/home/datawork-cersat-public/cache/public/ftp/project/sarwing/processings/grdwind+windir_2025v6v12_2v0_0v3v9_0v0v6_0v0v6_1v4v3_1v0v15_1v0v10_1v2v5_1v2v2_1v1v1_1v2v1/cmod5n_ecmwf_norecal_rs2rcmgmfv4_28052025/rcm-3/L2M/sclnc/rcm-3_sclnc/2024/019/RCM3_OK2911769_PK2913983_1_SCLNC_20240119_232345_VV_VH_GRD/rcm3-sclnc-owi-cm-20240119t232344-20240119t232459-00003-xxxxx.nc
sh062024,IRWIN,s1a-ew-owi-cm-20240129t004139-20240129t004242-000003-065341_ll_gd_GEO-IRWIN.nc,-22.4536991119385,72.1621322631836,"2024-01-29T00:41:39,000",/scale/user/mtannaou/alternance/donnees_sar_changes/s1a-ew-owi-cm-20240129t004139-20240129t004242-000003-065341_aeqd.nc,s1a-ew-owi-cm-20240129t004139-20240129t004242-000003-065341.nc,/home/datawork-cersat-public/cache/public/ftp/project/sarwing/processings/grdwind+windir_2025v6v12_2v0_0v3v9_0v0v6_0v0v6_1v4v3_1v0v15_1v0v10_1v2v5_1v2v2_1v1v1_1v2v1/cmod5n_ecmwf_norecal_rs2rcmgmfv4_28052025/sentinel-1a/L2M/EW/S1A_EW_GRDM_1S/2024/029/S1A_EW_GRDM_1SDV_20240129T004139_20240129T004242_052314_065341_EDE1/s1a-ew-owi-cm-20240129t004139-20240129t004242-000003-065341.nc
sh062024,IRWIN,rcm1-sclnc-owi-cm-20240119t121614-20240119t121730-00003-______ll_gd_GEO-IRWIN.nc,-12.5733985900879,92.7865371704102,"2024-01-19T12:16:14,000",/scale/user/mtannaou/alternance/donnees_sar_changes/rcm1-sclnc-owi-cm-20240119t121614-20240119t121730-00003-xxxxx_aeqd.nc,rcm1-sclnc-owi-cm-20240119t121614-20240119t121730-00003-xxxxx.nc,/home/datawork-cersat-public/cache/public/ftp/project/sarwing/processings/grdwind+windir_2025v6v12_2v0_0v3v9_0v0v6_0v0v6_1v4v3_1v0v15_1v0v10_1v2v5_1v2v2_1v1v1_1v2v1/cmod5n_ecmwf_norecal_rs2rcmgmfv4_28052025/rcm-1/L2M/sclnc/rcm-1_sclnc/2024/019/RCM1_OK2911753_PK2913598_1_SCLNC_20240119_121614_VV_VH_GRD/rcm1-sclnc-owi-cm-20240119t121614-20240119t121730-00003-xxxxx.nc
sh062024,IRWIN,rcm3-sclna-owi-cm-20240120t233138-20240120t233253-00003-______ll_gd_GEO-IRWIN.nc,-12.1871995925903,92.4091873168945,"2024-01-20T23:31:38,000",/scale/user/mtannaou/alternance/donnees_sar_changes/rcm3-sclna-owi-cm-20240120t233138-20240120t233253-00003-xxxxx_aeqd.nc,rcm3-sclna-owi-cm-20240120t233138-20240120t233253-00003-xxxxx.nc,/home/datawork-cersat-public/cache/public/ftp/project/sarwing/processings/grdwind+windir_2025v6v12_2v0_0v3v9_0v0v6_0v0v6_1v4v3_1v0v15_1v0v10_1v2v5_1v2v2_1v1v1_1v2v1/cmod5n_ecmwf_norecal_rs2rcmgmfv4_28052025/rcm-3/L2M/sclna/rcm-3_sclna/2024/020/RCM3_OK2912775_PK2914836_1_SCLNA_20240120_233139_VV_VH_GRD/rcm3-sclna-owi-cm-20240120t233138-20240120t233253-00003-xxxxx.nc
sh062024,IRWIN,rcm2-sclna-owi-cm-20240126t123925-20240126t124041-00003-______ll_gd_GEO-IRWIN.nc,-17.3542633056641,85.5755386352539,"2024-01-26T12:39:25,000",/scale/user/mtannaou/alternance/donnees_sar_changes/rcm2-sclna-owi-cm-20240126t123925-20240126t124041-00003-xxxxx_aeqd.nc,rcm2-sclna-owi-cm-20240126t123925-20240126t124041-00003-xxxxx.nc,/home/datawork-cersat-public/cache/public/ftp/project/sarwing/processings/grdwind+windir_2025v6v12_2v0_0v3v9_0v0v6_0v0v6_1v4v3_1v0v15_1v0v10_1v2v5_1v2v2_1v1v1_1v2v1/cmod5n_ecmwf_norecal_rs2rcmgmfv4_28052025/rcm-2/L2M/sclna/rcm-2_sclna/2024/026/RCM2_OK2918714_PK2920783_1_SCLNA_20240126_123925_VV_VH_GRD/rcm2-sclna-owi-cm-20240126t123925-20240126t124041-00003-xxxxx.nc
sh062024,IRWIN,rcm1-sclnc-owi-cm-20240124t233200-20240124t233318-00003-______ll_gd_GEO-IRWIN.nc,-14.6099662780762,90.9886474609375,"2024-01-24T23:32:00,000",/scale/user/mtannaou/alternance/donnees_sar_changes/rcm1-sclnc-owi-cm-20240124t233200-20240124t233318-00003-xxxxx_aeqd.nc,rcm1-sclnc-owi-cm-20240124t233200-20240124t233318-00003-xxxxx.nc,/home/datawork-cersat-public/cache/public/ftp/project/sarwing/processings/grdwind+windir_2025v6v12_2v0_0v3v9_0v0v6_0v0v6_1v4v3_1v0v15_1v0v10_1v2v5_1v2v2_1v1v1_1v2v1/cmod5n_ecmwf_norecal_rs2rcmgmfv4_28052025/rcm-1/L2M/sclnc/rcm-1_sclnc/2024/024/RCM1_OK2916782_PK2918992_1_SCLNC_20240124_233201_VV_VH_GRD/rcm1-sclnc-owi-cm-20240124t233200-20240124t233318-00003-xxxxx.nc
sh062024,IRWIN,rcm1-sclnb-owi-cm-20240118t120827-20240118t120942-00003-______ll_gd_GEO-IRWIN.nc,-11.819486618042,93.7376937866211,"2024-01-18T12:08:27,000",/scale/user/mtannaou/alternance/donnees_sar_changes/rcm1-sclnb-owi-cm-20240118t120827-20240118t120942-00003-xxxxx_aeqd.nc,rcm1-sclnb-owi-cm-20240118t120827-20240118t120942-00003-xxxxx.nc,/home/datawork-cersat-public/cache/public/ftp/project/sarwing/processings/grdwind+windir_2025v6v12_2v0_0v3v9_0v0v6_0v0v6_1v4v3_1v0v15_1v0v10_1v2v5_1v2v2_1v1v1_1v2v1/cmod5n_ecmwf_norecal_rs2rcmgmfv4_28052025/rcm-1/L2M/sclnb/rcm-1_sclnb/2024/018/RCM1_OK2910626_PK2912449_1_SCLNB_20240118_120829_VV_VH_GRD/rcm1-sclnb-owi-cm-20240118t120827-20240118t120942-00003-xxxxx.nc
sh062024,IRWIN,rcm3-sclnb-owi-cm-20240129t003841-20240129t004005-00003-______ll_gd_GEO-IRWIN.nc,-22.4536991119385,72.1621322631836,"2024-01-29T00:38:41,000",/scale/user/mtannaou/alternance/donnees_sar_changes/rcm3-sclnb-owi-cm-20240129t003841-20240129t004005-00003-xxxxx_aeqd.nc,rcm3-sclnb-owi-cm-20240129t003841-20240129t004005-00003-xxxxx.nc,/home/datawork-cersat-public/cache/public/ftp/project/sarwing/processings/grdwind+windir_2025v6v12_2v0_0v3v9_0v0v6_0v0v6_1v4v3_1v0v15_1v0v10_1v2v5_1v2v2_1v1v1_1v2v1/cmod5n_ecmwf_norecal_rs2rcmgmfv4_28052025/rcm-3/L2M/sclnb/rcm-3_sclnb/2024/029/RCM3_OK2921754_PK2923491_1_SCLNB_20240129_003842_VV_VH_GRD/rcm3-sclnb-owi-cm-20240129t003841-20240129t004005-00003-xxxxx.nc
sh062024,IRWIN,rcm1-sclnd-owi-cm-20240127t131842-20240127t131957-00003-______ll_gd_GEO-IRWIN.nc,-19.2756881713867,80.7425384521484,"2024-01-27T13:18:42,000",/scale/user/mtannaou/alternance/donnees_sar_changes/rcm1-sclnd-owi-cm-20240127t131842-20240127t131957-00003-xxxxx_aeqd.nc,rcm1-sclnd-owi-cm-20240127t131842-20240127t131957-00003-xxxxx.nc,/home/datawork-cersat-public/cache/public/ftp/project/sarwing/processings/grdwind+windir_2025v6v12_2v0_0v3v9_0v0v6_0v0v6_1v4v3_1v0v15_1v0v10_1v2v5_1v2v2_1v1v1_1v2v1/cmod5n_ecmwf_norecal_rs2rcmgmfv4_28052025/rcm-1/L2M/sclnd/rcm-1_sclnd/2024/027/RCM1_OK2920032_PK2921879_1_SCLND_20240127_131843_VV_VH_GRD/rcm1-sclnd-owi-cm-20240127t131842-20240127t131957-00003-xxxxx.nc
sh062024,IRWIN,rcm3-sclna-owi-cm-20240130t004749-20240130t004913-00003-______ll_gd_GEO-IRWIN.nc,-27.7151355743408,71.5198287963867,"2024-01-30T00:47:49,000",/scale/user/mtannaou/alternance/donnees_sar_changes/rcm3-sclna-owi-cm-20240130t004749-20240130t004913-00003-xxxxx_aeqd.nc,rcm3-sclna-owi-cm-20240130t004749-20240130t004913-00003-xxxxx.nc,/home/datawork-cersat-public/cache/public/ftp/project/sarwing/processings/grdwind+windir_2025v6v12_2v0_0v3v9_0v0v6_0v0v6_1v4v3_1v0v15_1v0v10_1v2v5_1v2v2_1v1v1_1v2v1/cmod5n_ecmwf_norecal_rs2rcmgmfv4_28052025/rcm-3/L2M/sclna/rcm-3_sclna/2024/030/RCM3_OK2922910_PK2924465_1_SCLNA_20240130_004751_VV_VH_GRD/rcm3-sclna-owi-cm-20240130t004749-20240130t004913-00003-xxxxx.nc
sh062024,IRWIN,s1a-ew-owi-cm-20240127t130641-20240127t130744-000003-06528A_ll_gd_GEO-IRWIN.nc,-19.2652797698975,80.7996063232422,"2024-01-27T13:06:41,000",/scale/user/mtannaou/alternance/donnees_sar_changes/s1a-ew-owi-cm-20240127t130641-20240127t130744-000003-06528A_aeqd.nc,s1a-ew-owi-cm-20240127t130641-20240127t130744-000003-06528A.nc,/home/datawork-cersat-public/cache/public/ftp/project/sarwing/processings/grdwind+windir_2025v6v12_2v0_0v3v9_0v0v6_0v0v6_1v4v3_1v0v15_1v0v10_1v2v5_1v2v2_1v1v1_1v2v1/cmod5n_ecmwf_norecal_rs2rcmgmfv4_28052025/sentinel-1a/L2M/EW/S1A_EW_GRDM_1S/2024/027/S1A_EW_GRDM_1SDV_20240127T130641_20240127T130744_052292_06528A_7D2B/s1a-ew-owi-cm-20240127t130641-20240127t130744-000003-06528A.nc
sh062024,IRWIN,rcm1-sclnd-owi-cm-20240120t122410-20240120t122527-00003-______ll_gd_GEO-IRWIN.nc,-12.4388341903687,92.518180847168,"2024-01-20T12:24:10,000",/scale/user/mtannaou/alternance/donnees_sar_changes/rcm1-sclnd-owi-cm-20240120t122410-20240120t122527-00003-xxxxx_aeqd.nc,rcm1-sclnd-owi-cm-20240120t122410-20240120t122527-00003-xxxxx.nc,/home/datawork-cersat-public/cache/public/ftp/project/sarwing/processings/grdwind+windir_2025v6v12_2v0_0v3v9_0v0v6_0v0v6_1v4v3_1v0v15_1v0v10_1v2v5_1v2v2_1v1v1_1v2v1/cmod5n_ecmwf_norecal_rs2rcmgmfv4_28052025/rcm-1/L2M/sclnd/rcm-1_sclnd/2024/020/RCM1_OK2912773_PK2914386_1_SCLND_20240120_122411_VV_VH_GRD/rcm1-sclnd-owi-cm-20240120t122410-20240120t122527-00003-xxxxx.nc
sh062024,IRWIN,rcm2-sclnc-owi-cm-20240125t123143-20240125t123259-00003-______ll_gd_GEO-IRWIN.nc,-15.3965511322022,89.4811859130859,"2024-01-25T12:31:43,000",/scale/user/mtannaou/alternance/donnees_sar_changes/rcm2-sclnc-owi-cm-20240125t123143-20240125t123259-00003-xxxxx_aeqd.nc,rcm2-sclnc-owi-cm-20240125t123143-20240125t123259-00003-xxxxx.nc,/home/datawork-cersat-public/cache/public/ftp/project/sarwing/processings/grdwind+windir_2025v6v12_2v0_0v3v9_0v0v6_0v0v6_1v4v3_1v0v15_1v0v10_1v2v5_1v2v2_1v1v1_1v2v1/cmod5n_ecmwf_norecal_rs2rcmgmfv4_28052025/rcm-2/L2M/sclnc/rcm-2_sclnc/2024/025/RCM2_OK2917752_PK2919570_1_SCLNC_20240125_123143_VV_VH_GRD/rcm2-sclnc-owi-cm-20240125t123143-20240125t123259-00003-xxxxx.nc
al192020,IRWIN,s1a-iw-owi-cm-20200916t234547-20200916t234706-000003-03FFE0_ll_gd_GEO-IRWIN.nc,31.4341239929199,273.119323730469,"2020-09-16T23:45:47,000",/scale/user/mtannaou/alternance/donnees_sar_changes/s1a-iw-owi-cm-20200916t234547-20200916t234706-000003-03FFE0_aeqd.nc,s1a-iw-owi-cm-20200916t234547-20200916t234706-000003-03FFE0.nc,/home/datawork-cersat-public/cache/public/ftp/project/sarwing/processings/grdwind+windir_2025v6v12_2v0_0v3v9_0v0v6_0v0v6_1v4v3_1v0v15_1v0v10_1v2v5_1v2v2_1v1v1_1v2v1/cmod5n_ecmwf_norecal_rs2rcmgmfv4_28052025/sentinel-1a/L2M/IW/S1A_IW_GRDH_1S/2020/260/S1A_IW_GRDH_1SDV_20200916T234547_20200916T234706_034391_03FFE0_59EFX5BEEX9E16/s1a-iw-owi-cm-20200916t234547-20200916t234706-000003-03FFE0.nc
al192020,IRWIN,s1b-iw-owi-cm-20200916t115703-20200916t115822-000003-02C735_ll_gd_GEO-IRWIN.nc,30.316276550293,272.308074951172,"2020-09-16T11:57:03,000",/scale/user/mtannaou/alternance/donnees_sar_changes/s1b-iw-owi-cm-20200916t115703-20200916t115822-000003-02C735_aeqd.nc,s1b-iw-owi-cm-20200916t115703-20200916t115822-000003-02C735.nc,/home/datawork-cersat-public/cache/public/ftp/project/sarwing/processings/grdwind+windir_2025v6v12_2v0_0v3v9_0v0v6_0v0v6_1v4v3_1v0v15_1v0v10_1v2v5_1v2v2_1v1v1_1v2v1/cmod5n_ecmwf_norecal_rs2rcmgmfv4_28052025/sentinel-1b/L2M/IW/S1B_IW_GRDH_1S/2020/260/S1B_IW_GRDH_1SDV_20200916T115703_20200916T115822_023400_02C735_3741X4D4FX9F2A/s1b-iw-owi-cm-20200916t115703-20200916t115822-000003-02C735.nc
al192020,IRWIN,s1b-iw-owi-cm-20200915t235233-20200915t235417-000003-02C6F9_ll_gd_GEO-IRWIN.nc,29.5077342987061,271.967102050781,"2020-09-15T23:52:33,000",/scale/user/mtannaou/alternance/donnees_sar_changes/s1b-iw-owi-cm-20200915t235233-20200915t235417-000003-02C6F9_aeqd.nc,s1b-iw-owi-cm-20200915t235233-20200915t235417-000003-02C6F9.nc,/home/datawork-cersat-public/cache/public/ftp/project/sarwing/processings/grdwind+windir_2025v6v12_2v0_0v3v9_0v0v6_0v0v6_1v4v3_1v0v15_1v0v10_1v2v5_1v2v2_1v1v1_1v2v1/cmod5n_ecmwf_norecal_rs2rcmgmfv4_28052025/sentinel-1b/L2M/IW/S1B_IW_GRDH_1S/2020/259/S1B_IW_GRDH_1SDV_20200915T235233_20200915T235417_023393_02C6F9_55F2X8256X9889XD515/s1b-iw-owi-cm-20200915t235233-20200915t235417-000003-02C6F9.nc
sh182019,IRWIN,s1b-iw-owi-cm-20190314t160552-20190314t160801-000003-01CBEE_ll_gd_GEO-IRWIN.nc,-19.8693428039551,36.1168975830078,"2019-03-14T16:05:52,000",/scale/user/mtannaou/alternance/donnees_sar_changes/s1b-iw-owi-cm-20190314t160552-20190314t160801-000003-01CBEE_aeqd.nc,s1b-iw-owi-cm-20190314t160552-20190314t160801-000003-01CBEE.nc,/home/datawork-cersat-public/cache/public/ftp/project/sarwing/processings/grdwind+windir_2025v6v12_2v0_0v3v9_0v0v6_0v0v6_1v4v3_1v0v15_1v0v10_1v2v5_1v2v2_1v1v1_1v2v1/cmod5n_ecmwf_norecal_rs2rcmgmfv4_28052025/sentinel-1b/L2M/IW/S1B_IW_GRDH_1S/2019/073/S1B_IW_GRDH_1SDV_20190314T160552_20190314T160801_015352_01CBEE_21E5X32BAX49C6X7F77XE39F/s1b-iw-owi-cm-20190314t160552-20190314t160801-000003-01CBEE.nc
sh182019,IRWIN,s1a-ew-owi-cm-20190311t024310-20190311t024514-000003-02F003_ll_gd_GEO-IRWIN.nc,-17.2986431121826,43.076301574707,"2019-03-11T02:43:10,000",,s1a-ew-owi-cm-20190311t024310-20190311t024606-000003-02F003.nc,/home/datawork-cersat-public/cache/public/ftp/project/sarwing/processings/grdwind+windir_2025v6v12_2v0_0v3v9_0v0v6_0v0v6_1v4v3_1v0v15_1v0v10_1v2v5_1v2v2_1v1v1_1v2v1/cmod5n_ecmwf_norecal_rs2rcmgmfv4_28052025/sentinel-1a/L2M/EW/S1A_EW_GRDM_1S/2019/070/S1A_EW_GRDM_1SDV_20190311T024310_20190311T024606_026284_02F003_00DEX4240XFC2D/s1a-ew-owi-cm-20190311t024310-20190311t024606-000003-02F003.nc
sh182019,IRWIN,s1a-iw-owi-cm-20190314t030815-20190314t030955-000003-02F196_ll_gd_GEO-IRWIN.nc,-19.7246208190918,37.7787170410156,"2019-03-14T03:08:15,000",/scale/user/mtannaou/alternance/donnees_sar_changes/s1a-iw-owi-cm-20190314t030815-20190314t030955-000003-02F196_aeqd.nc,s1a-iw-owi-cm-20190314t030815-20190314t030955-000003-02F196.nc,/home/datawork-cersat-public/cache/public/ftp/project/sarwing/processings/grdwind+windir_2025v6v12_2v0_0v3v9_0v0v6_0v0v6_1v4v3_1v0v15_1v0v10_1v2v5_1v2v2_1v1v1_1v2v1/cmod5n_ecmwf_norecal_rs2rcmgmfv4_28052025/sentinel-1a/L2M/IW/S1A_IW_GRDH_1S/2019/073/S1A_IW_GRDH_1SDV_20190314T030815_20190314T030955_026328_02F196_2EC3X7D7CX8079X8153/s1a-iw-owi-cm-20190314t030815-20190314t030955-000003-02F196.nc
al172023,IRWIN,rcm3-sclna-owi-cm-20230927t093415-20230927t093529-00003-______ll_gd_GEO-IRWIN.nc,17.4244613647461,307.515502929688,"2023-09-27T09:34:15,000",/scale/user/mtannaou/alternance/donnees_sar_changes/rcm3-sclna-owi-cm-20230927t093415-20230927t093529-00003-xxxxx_aeqd.nc,rcm3-sclna-owi-cm-20230927t093415-20230927t093529-00003-xxxxx.nc,/home/datawork-cersat-public/cache/public/ftp/project/sarwing/processings/grdwind+windir_2025v6v12_2v0_0v3v9_0v0v6_0v0v6_1v4v3_1v0v15_1v0v10_1v2v5_1v2v2_1v1v1_1v2v1/cmod5n_ecmwf_norecal_rs2rcmgmfv4_28052025/rcm-3/L2M/sclna/rcm-3_sclna/2023/270/RCM3_OK2761931_PK2764526_1_SCLNA_20230927_093416_VV_VH_GRD/rcm3-sclna-owi-cm-20230927t093415-20230927t093529-00003-xxxxx.nc
al172023,IRWIN,rcm1-sclnd-owi-cm-20230926t085416-20230926t085533-00003-______ll_gd_GEO-IRWIN.nc,17.49924659729,311.312469482422,"2023-09-26T08:54:16,000",/scale/user/mtannaou/alternance/donnees_sar_changes/rcm1-sclnd-owi-cm-20230926t085416-20230926t085533-00003-xxxxx_aeqd.nc,rcm1-sclnd-owi-cm-20230926t085416-20230926t085533-00003-xxxxx.nc,/home/datawork-cersat-public/cache/public/ftp/project/sarwing/processings/grdwind+windir_2025v6v12_2v0_0v3v9_0v0v6_0v0v6_1v4v3_1v0v15_1v0v10_1v2v5_1v2v2_1v1v1_1v2v1/cmod5n_ecmwf_norecal_rs2rcmgmfv4_28052025/rcm-1/L2M/sclnd/rcm-1_sclnd/2023/269/RCM1_OK2761014_PK2762502_1_SCLND_20230926_085417_VV_VH_GRD/rcm1-sclnd-owi-cm-20230926t085416-20230926t085533-00003-xxxxx.nc
al172023,IRWIN,rcm1-sclnd-owi-cm-20231005t100501-20231005t100618-00003-______ll_gd_GEO-IRWIN.nc,24.3528327941895,293.736724853516,"2023-10-05T10:05:01,000",/scale/user/mtannaou/alternance/donnees_sar_changes/rcm1-sclnd-owi-cm-20231005t100501-20231005t100618-00003-xxxxx_aeqd.nc,rcm1-sclnd-owi-cm-20231005t100501-20231005t100618-00003-xxxxx.nc,/home/datawork-cersat-public/cache/public/ftp/project/sarwing/processings/grdwind+windir_2025v6v12_2v0_0v3v9_0v0v6_0v0v6_1v4v3_1v0v15_1v0v10_1v2v5_1v2v2_1v1v1_1v2v1/cmod5n_ecmwf_norecal_rs2rcmgmfv4_28052025/rcm-1/L2M/sclnd/rcm-1_sclnd/2023/278/RCM1_OK2773364_PK2775910_1_SCLND_20231005_100502_VV_VH_GRD/rcm1-sclnd-owi-cm-20231005t100501-20231005t100618-00003-xxxxx.nc
al172023,IRWIN,rcm1-sclnd-owi-cm-20231003t095020-20231003t095136-00003-______ll_gd_GEO-IRWIN.nc,18.2772388458252,297.009002685547,"2023-10-03T09:50:20,000",/scale/user/mtannaou/alternance/donnees_sar_changes/rcm1-sclnd-owi-cm-20231003t095020-20231003t095136-00003-xxxxx_aeqd.nc,rcm1-sclnd-owi-cm-20231003t095020-20231003t095136-00003-xxxxx.nc,/home/datawork-cersat-public/cache/public/ftp/project/sarwing/processings/grdwind+windir_2025v6v12_2v0_0v3v9_0v0v6_0v0v6_1v4v3_1v0v15_1v0v10_1v2v5_1v2v2_1v1v1_1v2v1/cmod5n_ecmwf_norecal_rs2rcmgmfv4_28052025/rcm-1/L2M/sclnd/rcm-1_sclnd/2023/276/RCM1_OK2770946_PK2772812_1_SCLND_20231003_095023_VV_VH_GRD/rcm1-sclnd-owi-cm-20231003t095020-20231003t095136-00003-xxxxx.nc
al172023,IRWIN,rcm3-sclnd-owi-cm-20230925t213139-20230925t213256-00003-______ll_gd_GEO-IRWIN.nc,17.1642246246338,313.482543945313,"2023-09-25T21:31:39,000",/scale/user/mtannaou/alternance/donnees_sar_changes/rcm3-sclnd-owi-cm-20230925t213139-20230925t213256-00003-xxxxx_aeqd.nc,rcm3-sclnd-owi-cm-20230925t213139-20230925t213256-00003-xxxxx.nc,/home/datawork-cersat-public/cache/public/ftp/project/sarwing/processings/grdwind+windir_2025v6v12_2v0_0v3v9_0v0v6_0v0v6_1v4v3_1v0v15_1v0v10_1v2v5_1v2v2_1v1v1_1v2v1/cmod5n_ecmwf_norecal_rs2rcmgmfv4_28052025/rcm-3/L2M/sclnd/rcm-3_sclnd/2023/268/RCM3_OK2759955_PK2762027_1_SCLND_20230925_213140_VV_VH_GRD/rcm3-sclnd-owi-cm-20230925t213139-20230925t213256-00003-xxxxx.nc
al172023,IRWIN,rcm1-sclnd-owi-cm-20230925t084642-20230925t084800-00003-______ll_gd_GEO-IRWIN.nc,17.1122226715088,316.065673828125,"2023-09-25T08:46:42,000",/scale/user/mtannaou/alternance/donnees_sar_changes/rcm1-sclnd-owi-cm-20230925t084642-20230925t084800-00003-xxxxx_aeqd.nc,rcm1-sclnd-owi-cm-20230925t084642-20230925t084800-00003-xxxxx.nc,/home/datawork-cersat-public/cache/public/ftp/project/sarwing/processings/grdwind+windir_2025v6v12_2v0_0v3v9_0v0v6_0v0v6_1v4v3_1v0v15_1v0v10_1v2v5_1v2v2_1v1v1_1v2v1/cmod5n_ecmwf_norecal_rs2rcmgmfv4_28052025/rcm-1/L2M/sclnd/rcm-1_sclnd/2023/268/RCM1_OK2759422_PK2761265_1_SCLND_20230925_084644_VV_VH_GRD/rcm1-sclnd-owi-cm-20230925t084642-20230925t084800-00003-xxxxx.nc
al172023,IRWIN,s1a-iw-owi-cm-20231003t100627-20231003t100742-000003-06187A_ll_gd_GEO-IRWIN.nc,18.3050384521484,296.959075927734,"2023-10-03T10:06:27,000",,s1a-iw-owi-cm-20231003t100558-20231003t100742-000003-06187A.nc,/home/datawork-cersat-public/cache/public/ftp/project/sarwing/processings/grdwind+windir_2025v6v12_2v0_0v3v9_0v0v6_0v0v6_1v4v3_1v0v15_1v0v10_1v2v5_1v2v2_1v1v1_1v2v1/cmod5n_ecmwf_norecal_rs2rcmgmfv4_28052025/sentinel-1a/L2M/IW/S1A_IW_GRDH_1S/2023/276/S1A_IW_GRDH_1SDV_20231003T100558_20231003T100742_050599_06187A_3BECXC160XEE79XFFC5/s1a-iw-owi-cm-20231003t100558-20231003t100742-000003-06187A.nc
al172023,IRWIN,rcm3-sclnd-owi-cm-20230926t214017-20230926t214132-00003-______ll_gd_GEO-IRWIN.nc,17.0860042572022,308.938934326172,"2023-09-26T21:40:17,000",/scale/user/mtannaou/alternance/donnees_sar_changes/rcm3-sclnd-owi-cm-20230926t214017-20230926t214132-00003-xxxxx_aeqd.nc,rcm3-sclnd-owi-cm-20230926t214017-20230926t214132-00003-xxxxx.nc,/home/datawork-cersat-public/cache/public/ftp/project/sarwing/processings/grdwind+windir_2025v6v12_2v0_0v3v9_0v0v6_0v0v6_1v4v3_1v0v15_1v0v10_1v2v5_1v2v2_1v1v1_1v2v1/cmod5n_ecmwf_norecal_rs2rcmgmfv4_28052025/rcm-3/L2M/sclnd/rcm-3_sclnd/2023/269/RCM3_OK2761034_PK2763719_1_SCLND_20230926_214019_VV_VH_GRD/rcm3-sclnd-owi-cm-20230926t214017-20230926t214132-00003-xxxxx.nc
al172023,IRWIN,rcm1-sc50mc-owi-cm-20231006t101117-20231006t101235-00003-______ll_gd_GEO-IRWIN.nc,29.1069717407227,294.951385498047,"2023-10-06T10:11:17,000",/scale/user/mtannaou/alternance/donnees_sar_changes/rcm1-sc50mc-owi-cm-20231006t101117-20231006t101235-00003-xxxxx_aeqd.nc,rcm1-sc50mc-owi-cm-20231006t101117-20231006t101235-00003-xxxxx.nc,/home/datawork-cersat-public/cache/public/ftp/project/sarwing/processings/grdwind+windir_2025v6v12_2v0_0v3v9_0v0v6_0v0v6_1v4v3_1v0v15_1v0v10_1v2v5_1v2v2_1v1v1_1v2v1/cmod5n_ecmwf_norecal_rs2rcmgmfv4_28052025/rcm-1/L2M/sc50mc/rcm-1_sc50mc/2023/279/RCM1_OK2776015_PK2777520_1_SC50MC_20231006_101026_HH_HV_GRD/rcm1-sc50mc-owi-cm-20231006t101117-20231006t101235-00003-xxxxx.nc
al172023,IRWIN,s1a-ew-owi-cm-20231005t222235-20231005t222338-000003-0619B2_ll_gd_GEO-IRWIN.nc,26.9019565582275,293.942504882813,"2023-10-05T22:22:35,000",/scale/user/mtannaou/alternance/donnees_sar_changes/s1a-ew-owi-cm-20231005t222235-20231005t222338-000003-0619B2_aeqd.nc,s1a-ew-owi-cm-20231005t222235-20231005t222338-000003-0619B2.nc,/home/datawork-cersat-public/cache/public/ftp/project/sarwing/processings/grdwind+windir_2025v6v12_2v0_0v3v9_0v0v6_0v0v6_1v4v3_1v0v15_1v0v10_1v2v5_1v2v2_1v1v1_1v2v1/cmod5n_ecmwf_norecal_rs2rcmgmfv4_28052025/sentinel-1a/L2M/EW/S1A_EW_GRDM_1S/2023/278/S1A_EW_GRDM_1SDV_20231005T222235_20231005T222338_050636_0619B2_7517/s1a-ew-owi-cm-20231005t222235-20231005t222338-000003-0619B2.nc
al172023,IRWIN,rcm1-sclnd-owi-cm-20230930t092627-20230930t092742-00003-______ll_gd_GEO-IRWIN.nc,17.0960826873779,304.158355712891,"2023-09-30T09:26:27,000",/scale/user/mtannaou/alternance/donnees_sar_changes/rcm1-sclnd-owi-cm-20230930t092627-20230930t092742-00003-xxxxx_aeqd.nc,rcm1-sclnd-owi-cm-20230930t092627-20230930t092742-00003-xxxxx.nc,/home/datawork-cersat-public/cache/public/ftp/project/sarwing/processings/grdwind+windir_2025v6v12_2v0_0v3v9_0v0v6_0v0v6_1v4v3_1v0v15_1v0v10_1v2v5_1v2v2_1v1v1_1v2v1/cmod5n_ecmwf_norecal_rs2rcmgmfv4_28052025/rcm-1/L2M/sclnd/rcm-1_sclnd/2023/273/RCM1_OK2767222_PK2768852_1_SCLND_20230930_092629_VV_VH_GRD/rcm1-sclnd-owi-cm-20230930t092627-20230930t092742-00003-xxxxx.nc
al172023,IRWIN,rcm1-sclnc-owi-cm-20231001t093438-20231001t093554-00003-______ll_gd_GEO-IRWIN.nc,15.9878063201904,302.243591308594,"2023-10-01T09:34:38,000",/scale/user/mtannaou/alternance/donnees_sar_changes/rcm1-sclnc-owi-cm-20231001t093438-20231001t093554-00003-xxxxx_aeqd.nc,rcm1-sclnc-owi-cm-20231001t093438-20231001t093554-00003-xxxxx.nc,/home/datawork-cersat-public/cache/public/ftp/project/sarwing/processings/grdwind+windir_2025v6v12_2v0_0v3v9_0v0v6_0v0v6_1v4v3_1v0v15_1v0v10_1v2v5_1v2v2_1v1v1_1v2v1/cmod5n_ecmwf_norecal_rs2rcmgmfv4_28052025/rcm-1/L2M/sclnc/rcm-1_sclnc/2023/274/RCM1_OK2768180_PK2769928_1_SCLNC_20231001_093441_VV_VH_GRD/rcm1-sclnc-owi-cm-20231001t093438-20231001t093554-00003-xxxxx.nc
al172023,IRWIN,rcm1-sc50mb-owi-cm-20231005t222218-20231005t222336-00003-______ll_gd_GEO-IRWIN.nc,26.9019565582275,293.942504882813,"2023-10-05T22:22:18,000",/scale/user/mtannaou/alternance/donnees_sar_changes/rcm1-sc50mb-owi-cm-20231005t222218-20231005t222336-00003-xxxxx_aeqd.nc,s1a-ew-owi-cm-20231005t222235-20231005t222338-000003-0619B2.nc,/home/datawork-cersat-public/cache/public/ftp/project/sarwing/processings/grdwind+windir_2025v6v12_2v0_0v3v9_0v0v6_0v0v6_1v4v3_1v0v15_1v0v10_1v2v5_1v2v2_1v1v1_1v2v1/cmod5n_ecmwf_norecal_rs2rcmgmfv4_28052025/sentinel-1a/L2M/EW/S1A_EW_GRDM_1S/2023/278/S1A_EW_GRDM_1SDV_20231005T222235_20231005T222338_050636_0619B2_7517/s1a-ew-owi-cm-20231005t222235-20231005t222338-000003-0619B2.nc
al172023,IRWIN,rcm3-sclna-owi-cm-20230928t094209-20230928t094323-00003-______ll_gd_GEO-IRWIN.nc,18.5919971466065,305.444580078125,"2023-09-28T09:42:09,000",/scale/user/mtannaou/alternance/donnees_sar_changes/rcm3-sclna-owi-cm-20230928t094209-20230928t094323-00003-xxxxx_aeqd.nc,rcm3-sclna-owi-cm-20230928t094209-20230928t094323-00003-xxxxx.nc,/home/datawork-cersat-public/cache/public/ftp/project/sarwing/processings/grdwind+windir_2025v6v12_2v0_0v3v9_0v0v6_0v0v6_1v4v3_1v0v15_1v0v10_1v2v5_1v2v2_1v1v1_1v2v1/cmod5n_ecmwf_norecal_rs2rcmgmfv4_28052025/rcm-3/L2M/sclna/rcm-3_sclna/2023/271/RCM3_OK2762987_PK2766243_1_SCLNA_20230928_094210_VV_VH_GRD/rcm3-sclna-owi-cm-20230928t094209-20230928t094323-00003-xxxxx.nc
al172023,IRWIN,s1a-ew-owi-cm-20231006t102739-20231006t102842-000003-0619EF_ll_gd_GEO-IRWIN.nc,29.1675071716309,295.034942626953,"2023-10-06T10:27:39,000",/scale/user/mtannaou/alternance/donnees_sar_changes/s1a-ew-owi-cm-20231006t102739-20231006t102842-000003-0619EF_aeqd.nc,s1a-ew-owi-cm-20231006t102739-20231006t102842-000003-0619EF.nc,/home/datawork-cersat-public/cache/public/ftp/project/sarwing/processings/grdwind+windir_2025v6v12_2v0_0v3v9_0v0v6_0v0v6_1v4v3_1v0v15_1v0v10_1v2v5_1v2v2_1v1v1_1v2v1/cmod5n_ecmwf_norecal_rs2rcmgmfv4_28052025/sentinel-1a/L2M/EW/S1A_EW_GRDM_1S/2023/279/S1A_EW_GRDM_1SDV_20231006T102739_20231006T102842_050643_0619EF_4524/s1a-ew-owi-cm-20231006t102739-20231006t102842-000003-0619EF.nc
al172023,IRWIN,rcm3-sclnd-owi-cm-20230927t214850-20230927t215005-00003-______ll_gd_GEO-IRWIN.nc,17.8937301635742,306.07763671875,"2023-09-27T21:48:50,000",/scale/user/mtannaou/alternance/donnees_sar_changes/rcm3-sclnd-owi-cm-20230927t214850-20230927t215005-00003-xxxxx_aeqd.nc,rcm3-sclnd-owi-cm-20230927t214850-20230927t215005-00003-xxxxx.nc,/home/datawork-cersat-public/cache/public/ftp/project/sarwing/processings/grdwind+windir_2025v6v12_2v0_0v3v9_0v0v6_0v0v6_1v4v3_1v0v15_1v0v10_1v2v5_1v2v2_1v1v1_1v2v1/cmod5n_ecmwf_norecal_rs2rcmgmfv4_28052025/rcm-3/L2M/sclnd/rcm-3_sclnd/2023/270/RCM3_OK2762315_PK2765482_1_SCLND_20230927_214852_VV_VH_GRD/rcm3-sclnd-owi-cm-20230927t214850-20230927t215005-00003-xxxxx.nc
wp062024,IRWIN,rcm2-sc50ma-owi-cm-20240809t202123-20240809t202304-00003-______ll_gd_GEO-IRWIN.nc,33.9739646911621,145.89045715332,"2024-08-09T20:21:23,000",/scale/user/mtannaou/alternance/donnees_sar_changes/rcm2-sc50ma-owi-cm-20240809t202123-20240809t202304-00003-xxxxx_aeqd.nc,rcm2-sc50ma-owi-cm-20240809t202123-20240809t202304-00003-xxxxx.nc,/home/datawork-cersat-public/cache/public/ftp/project/sarwing/processings/grdwind+windir_2025v6v12_2v0_0v3v9_0v0v6_0v0v6_1v4v3_1v0v15_1v0v10_1v2v5_1v2v2_1v1v1_1v2v1/cmod5n_ecmwf_norecal_rs2rcmgmfv4_28052025/rcm-2/L2M/sc50ma/rcm-2_sc50ma/2024/222/RCM2_OK3001834_PK3203338_2X3_SC50MA_20240809_202035_HH_HV_GRD/rcm2-sc50ma-owi-cm-20240809t202123-20240809t202304-00003-xxxxx.nc
wp062024,IRWIN,rcm2-sc50mb-owi-cm-20240811t203656-20240811t203813-00003-______ll_gd_GEO-IRWIN.nc,38.4673805236816,142.525680541992,"2024-08-11T20:36:56,000",/scale/user/mtannaou/alternance/donnees_sar_changes/rcm2-sc50mb-owi-cm-20240811t203656-20240811t203813-00003-xxxxx_aeqd.nc,rcm2-sc50mb-owi-cm-20240811t203656-20240811t203813-00003-xxxxx.nc,/home/datawork-cersat-public/cache/public/ftp/project/sarwing/processings/grdwind+windir_2025v6v12_2v0_0v3v9_0v0v6_0v0v6_1v4v3_1v0v15_1v0v10_1v2v5_1v2v2_1v1v1_1v2v1/cmod5n_ecmwf_norecal_rs2rcmgmfv4_28052025/rcm-2/L2M/sc50mb/rcm-2_sc50mb/2024/224/RCM2_OK3203108_PK3206368_1_SC50MB_20240811_203653_HH_HV_GRD/rcm2-sc50mb-owi-cm-20240811t203656-20240811t203813-00003-xxxxx.nc
wp062024,IRWIN,rcm3-sc50ma-owi-cm-20240811t082101-20240811t082218-00003-______ll_gd_GEO-IRWIN.nc,37.6053237915039,143.86604309082,"2024-08-11T08:21:01,000",/scale/user/mtannaou/alternance/donnees_sar_changes/rcm3-sc50ma-owi-cm-20240811t082101-20240811t082218-00003-xxxxx_aeqd.nc,rcm3-sc50ma-owi-cm-20240811t082101-20240811t082218-00003-xxxxx.nc,/home/datawork-cersat-public/cache/public/ftp/project/sarwing/processings/grdwind+windir_2025v6v12_2v0_0v3v9_0v0v6_0v0v6_1v4v3_1v0v15_1v0v10_1v2v5_1v2v2_1v1v1_1v2v1/cmod5n_ecmwf_norecal_rs2rcmgmfv4_28052025/rcm-3/L2M/sc50ma/rcm-3_sc50ma/2024/224/RCM3_OK3203092_PK3205487_1_SC50MA_20240811_082020_HH_HV_GRD/rcm3-sc50ma-owi-cm-20240811t082101-20240811t082218-00003-xxxxx.nc
wp062024,IRWIN,rcm2-sc50mc-owi-cm-20240808t201447-20240808t201604-00003-______ll_gd_GEO-IRWIN.nc,29.8363933563232,145.515960693359,"2024-08-08T20:14:47,000",/scale/user/mtannaou/alternance/donnees_sar_changes/rcm2-sc50mc-owi-cm-20240808t201447-20240808t201604-00003-xxxxx_aeqd.nc,rcm2-sc50mc-owi-cm-20240808t201447-20240808t201604-00003-xxxxx.nc,/home/datawork-cersat-public/cache/public/ftp/project/sarwing/processings/grdwind+windir_2025v6v12_2v0_0v3v9_0v0v6_0v0v6_1v4v3_1v0v15_1v0v10_1v2v5_1v2v2_1v1v1_1v2v1/cmod5n_ecmwf_norecal_rs2rcmgmfv4_28052025/rcm-2/L2M/sc50mc/rcm-2_sc50mc/2024/221/RCM2_OK3199664_PK3201802_1_SC50MC_20240808_201323_HH_HV_GRD/rcm2-sc50mc-owi-cm-20240808t201447-20240808t201604-00003-xxxxx.nc
wp062024,IRWIN,rcm2-sclnd-owi-cm-20240807t200752-20240807t200910-00003-______ll_gd_GEO-IRWIN.nc,25.6174812316895,143.030731201172,"2024-08-07T20:07:52,000",/scale/user/mtannaou/alternance/donnees_sar_changes/rcm2-sclnd-owi-cm-20240807t200752-20240807t200910-00003-xxxxx_aeqd.nc,rcm2-sclnd-owi-cm-20240807t200752-20240807t200910-00003-xxxxx.nc,/home/datawork-cersat-public/cache/public/ftp/project/sarwing/processings/grdwind+windir_2025v6v12_2v0_0v3v9_0v0v6_0v0v6_1v4v3_1v0v15_1v0v10_1v2v5_1v2v2_1v1v1_1v2v1/cmod5n_ecmwf_norecal_rs2rcmgmfv4_28052025/rcm-2/L2M/sclnd/rcm-2_sclnd/2024/220/RCM2_OK3197906_PK3200251_1_SCLND_20240807_200753_VV_VH_GRD/rcm2-sclnd-owi-cm-20240807t200752-20240807t200910-00003-xxxxx.nc
wp062024,IRWIN,rcm3-sc50ma-owi-cm-20240812t082941-20240812t083059-00003-______ll_gd_GEO-IRWIN.nc,39.8429107666016,139.786849975586,"2024-08-12T08:29:41,000",/scale/user/mtannaou/alternance/donnees_sar_changes/rcm3-sc50ma-owi-cm-20240812t082941-20240812t083059-00003-xxxxx_aeqd.nc,rcm3-sc50ma-owi-cm-20240812t082941-20240812t083059-00003-xxxxx.nc,/home/datawork-cersat-public/cache/public/ftp/project/sarwing/processings/grdwind+windir_2025v6v12_2v0_0v3v9_0v0v6_0v0v6_1v4v3_1v0v15_1v0v10_1v2v5_1v2v2_1v1v1_1v2v1/cmod5n_ecmwf_norecal_rs2rcmgmfv4_28052025/rcm-3/L2M/sc50ma/rcm-3_sc50ma/2024/225/RCM3_OK3205578_PK3207001_1_SC50MA_20240812_082943_HH_HV_GRD/rcm3-sc50ma-owi-cm-20240812t082941-20240812t083059-00003-xxxxx.nc
wp062024,IRWIN,rcm2-sc50ma-owi-cm-20240810t202815-20240810t202914-00003-______ll_gd_GEO-IRWIN.nc,36.8570556640625,145.061447143555,"2024-08-10T20:28:15,000",/scale/user/mtannaou/alternance/donnees_sar_changes/rcm2-sc50ma-owi-cm-20240810t202815-20240810t202914-00003-xxxxx_aeqd.nc,rcm2-sc50ma-owi-cm-20240810t202816-20240810t202839-00003-xxxxx.nc,/home/datawork-cersat-public/cache/public/ftp/project/sarwing/processings/grdwind+windir_2025v6v12_2v0_0v3v9_0v0v6_0v0v6_1v4v3_1v0v15_1v0v10_1v2v5_1v2v2_1v1v1_1v2v1/cmod5n_ecmwf_norecal_rs2rcmgmfv4_28052025/rcm-2/L2M/sc50ma/rcm-2_sc50ma/2024/223/RCM2_OK3028466_PK3204860_2_SC50MA_20240810_202703_HH_HV_GRD/rcm2-sc50ma-owi-cm-20240810t202816-20240810t202839-00003-xxxxx.nc
wp062024,IRWIN,rcm3-sc50ma-owi-cm-20240809t080355-20240809t080508-00003-______ll_gd_GEO-IRWIN.nc,32.1062965393066,145.999557495117,"2024-08-09T08:03:55,000",/scale/user/mtannaou/alternance/donnees_sar_changes/rcm3-sc50ma-owi-cm-20240809t080355-20240809t080508-00003-xxxxx_aeqd.nc,rcm3-sc50ma-owi-cm-20240809t080355-20240809t080508-00003-xxxxx.nc,/home/datawork-cersat-public/cache/public/ftp/project/sarwing/processings/grdwind+windir_2025v6v12_2v0_0v3v9_0v0v6_0v0v6_1v4v3_1v0v15_1v0v10_1v2v5_1v2v2_1v1v1_1v2v1/cmod5n_ecmwf_norecal_rs2rcmgmfv4_28052025/rcm-3/L2M/sc50ma/rcm-3_sc50ma/2024/222/RCM3_OK3199966_PK3202398_1_SC50MA_20240809_080356_HH_HV_GRD/rcm3-sc50ma-owi-cm-20240809t080355-20240809t080508-00003-xxxxx.nc
wp062024,IRWIN,rcm2-sc50mb-owi-cm-20240808t082628-20240808t082746-00003-______ll_gd_GEO-IRWIN.nc,28.0024909973145,144.842330932617,"2024-08-08T08:26:28,000",/scale/user/mtannaou/alternance/donnees_sar_changes/rcm2-sc50mb-owi-cm-20240808t082628-20240808t082746-00003-xxxxx_aeqd.nc,rcm2-sc50mb-owi-cm-20240808t082628-20240808t082746-00003-xxxxx.nc,/home/datawork-cersat-public/cache/public/ftp/project/sarwing/processings/grdwind+windir_2025v6v12_2v0_0v3v9_0v0v6_0v0v6_1v4v3_1v0v15_1v0v10_1v2v5_1v2v2_1v1v1_1v2v1/cmod5n_ecmwf_norecal_rs2rcmgmfv4_28052025/rcm-2/L2M/sc50mb/rcm-2_sc50mb/2024/221/RCM2_OK3199656_PK3200913_1_SC50MB_20240808_082629_HH_HV_GRD/rcm2-sc50mb-owi-cm-20240808t082628-20240808t082746-00003-xxxxx.nc
wp062024,IRWIN,rcm3-sc50ma-owi-cm-20240810t081241-20240810t081358-00003-______ll_gd_GEO-IRWIN.nc,35.6174087524414,145.396041870117,"2024-08-10T08:12:41,000",/scale/user/mtannaou/alternance/donnees_sar_changes/rcm3-sc50ma-owi-cm-20240810t081241-20240810t081358-00003-xxxxx_aeqd.nc,rcm3-sc50ma-owi-cm-20240810t081241-20240810t081358-00003-xxxxx.nc,/home/datawork-cersat-public/cache/public/ftp/project/sarwing/processings/grdwind+windir_2025v6v12_2v0_0v3v9_0v0v6_0v0v6_1v4v3_1v0v15_1v0v10_1v2v5_1v2v2_1v1v1_1v2v1/cmod5n_ecmwf_norecal_rs2rcmgmfv4_28052025/rcm-3/L2M/sc50ma/rcm-3_sc50ma/2024/223/RCM3_OK3201627_PK3204022_1_SC50MA_20240810_081223_HH_HV_GRD/rcm3-sc50ma-owi-cm-20240810t081241-20240810t081358-00003-xxxxx.nc
wp062024,IRWIN,rcm2-sc50ma-owi-cm-20240810t202900-20240810t203018-00003-______ll_gd_GEO-IRWIN.nc,36.8570556640625,145.061447143555,"2024-08-10T20:29:00,000",/scale/user/mtannaou/alternance/donnees_sar_changes/rcm2-sc50ma-owi-cm-20240810t202900-20240810t203018-00003-xxxxx_aeqd.nc,rcm2-sc50ma-owi-cm-20240810t202816-20240810t202839-00003-xxxxx.nc,/home/datawork-cersat-public/cache/public/ftp/project/sarwing/processings/grdwind+windir_2025v6v12_2v0_0v3v9_0v0v6_0v0v6_1v4v3_1v0v15_1v0v10_1v2v5_1v2v2_1v1v1_1v2v1/cmod5n_ecmwf_norecal_rs2rcmgmfv4_28052025/rcm-2/L2M/sc50ma/rcm-2_sc50ma/2024/223/RCM2_OK3028466_PK3204860_2_SC50MA_20240810_202703_HH_HV_GRD/rcm2-sc50ma-owi-cm-20240810t202816-20240810t202839-00003-xxxxx.nc
sh132024,IRWIN,rcm3-sclna-owi-cm-20240217t132801-20240217t132917-00003-______ll_gd_GEO-IRWIN.nc,-16.3645210266113,70.1268081665039,"2024-02-17T13:28:01,000",/scale/user/mtannaou/alternance/donnees_sar_changes/rcm3-sclna-owi-cm-20240217t132801-20240217t132917-00003-xxxxx_aeqd.nc,rcm3-sclna-owi-cm-20240217t132801-20240217t132917-00003-xxxxx.nc,/home/datawork-cersat-public/cache/public/ftp/project/sarwing/processings/grdwind+windir_2025v6v12_2v0_0v3v9_0v0v6_0v0v6_1v4v3_1v0v15_1v0v10_1v2v5_1v2v2_1v1v1_1v2v1/cmod5n_ecmwf_norecal_rs2rcmgmfv4_28052025/rcm-3/L2M/sclna/rcm-3_sclna/2024/048/RCM3_OK2943497_PK2945192_1_SCLNA_20240217_132803_VV_VH_GRD/rcm3-sclna-owi-cm-20240217t132801-20240217t132917-00003-xxxxx.nc
sh132024,IRWIN,s1a-ew-owi-cm-20240218t132315-20240218t132419-000003-065D5C_ll_gd_GEO-IRWIN.nc,-19.6490650177002,78.1678924560547,"2024-02-18T13:23:15,000",/scale/user/mtannaou/alternance/donnees_sar_changes/s1a-ew-owi-cm-20240218t132315-20240218t132419-000003-065D5C_aeqd.nc,s1a-ew-owi-cm-20240218t132315-20240218t132419-000003-065D5C.nc,/home/datawork-cersat-public/cache/public/ftp/project/sarwing/processings/grdwind+windir_2025v6v12_2v0_0v3v9_0v0v6_0v0v6_1v4v3_1v0v15_1v0v10_1v2v5_1v2v2_1v1v1_1v2v1/cmod5n_ecmwf_norecal_rs2rcmgmfv4_28052025/sentinel-1a/L2M/EW/S1A_EW_GRDM_1S/2024/049/S1A_EW_GRDM_1SDV_20240218T132315_20240218T132419_052613_065D5C_E53E/s1a-ew-owi-cm-20240218t132315-20240218t132419-000003-065D5C.nc
sh132024,IRWIN,rcm2-sclna-owi-cm-20240219t123712-20240219t123829-00003-______ll_gd_GEO-IRWIN.nc,-26.7647857666016,87.5664443969727,"2024-02-19T12:37:12,000",/scale/user/mtannaou/alternance/donnees_sar_changes/rcm2-sclna-owi-cm-20240219t123712-20240219t123829-00003-xxxxx_aeqd.nc,rcm2-sclna-owi-cm-20240219t123712-20240219t123829-00003-xxxxx.nc,/home/datawork-cersat-public/cache/public/ftp/project/sarwing/processings/grdwind+windir_2025v6v12_2v0_0v3v9_0v0v6_0v0v6_1v4v3_1v0v15_1v0v10_1v2v5_1v2v2_1v1v1_1v2v1/cmod5n_ecmwf_norecal_rs2rcmgmfv4_28052025/rcm-2/L2M/sclna/rcm-2_sclna/2024/050/RCM2_OK2945945_PK2947390_1_SCLNA_20240219_123713_VV_VH_GRD/rcm2-sclna-owi-cm-20240219t123712-20240219t123829-00003-xxxxx.nc
al192024,IRWIN,rcm1-sclnb-owi-cm-20241115t234801-20241115t234918-00003-______ll_gd_GEO-IRWIN.nc,16.0873718261719,273.879150390625,"2024-11-15T23:48:01,000",/scale/user/mtannaou/alternance/donnees_sar_changes/rcm1-sclnb-owi-cm-20241115t234801-20241115t234918-00003-xxxxx_aeqd.nc,rcm1-sclnb-owi-cm-20241115t234801-20241115t234918-00003-xxxxx.nc,/home/datawork-cersat-public/cache/public/ftp/project/sarwing/processings/grdwind+windir_2025v6v12_2v0_0v3v9_0v0v6_0v0v6_1v4v3_1v0v15_1v0v10_1v2v5_1v2v2_1v1v1_1v2v1/cmod5n_ecmwf_norecal_rs2rcmgmfv4_28052025/rcm-1/L2M/sclnb/rcm-1_sclnb/2024/320/RCM1_OK3361436_PK3363738_1_SCLNB_20241115_234801_VV_VH_GRD/rcm1-sclnb-owi-cm-20241115t234801-20241115t234918-00003-xxxxx.nc
al192024,IRWIN,rcm1-sclna-owi-cm-20241115t113539-20241115t113654-00003-______ll_gd_GEO-IRWIN.nc,16.0742321014404,274.620391845703,"2024-11-15T11:35:39,000",/scale/user/mtannaou/alternance/donnees_sar_changes/rcm1-sclna-owi-cm-20241115t113539-20241115t113654-00003-xxxxx_aeqd.nc,rcm1-sclna-owi-cm-20241115t113539-20241115t113654-00003-xxxxx.nc,/home/datawork-cersat-public/cache/public/ftp/project/sarwing/processings/grdwind+windir_2025v6v12_2v0_0v3v9_0v0v6_0v0v6_1v4v3_1v0v15_1v0v10_1v2v5_1v2v2_1v1v1_1v2v1/cmod5n_ecmwf_norecal_rs2rcmgmfv4_28052025/rcm-1/L2M/sclna/rcm-1_sclna/2024/320/RCM1_OK3361434_PK3362936_1_SCLNA_20241115_113540_VV_VH_GRD/rcm1-sclna-owi-cm-20241115t113539-20241115t113654-00003-xxxxx.nc
al192024,IRWIN,rcm1-sclna-owi-cm-20241116t114344-20241116t114454-00003-______ll_gd_GEO-IRWIN.nc,16.1995964050293,273.697814941406,"2024-11-16T11:43:44,000",/scale/user/mtannaou/alternance/donnees_sar_changes/rcm1-sclna-owi-cm-20241116t114344-20241116t114454-00003-xxxxx_aeqd.nc,rcm1-sclna-owi-cm-20241116t114344-20241116t114454-00003-xxxxx.nc,/home/datawork-cersat-public/cache/public/ftp/project/sarwing/processings/grdwind+windir_2025v6v12_2v0_0v3v9_0v0v6_0v0v6_1v4v3_1v0v15_1v0v10_1v2v5_1v2v2_1v1v1_1v2v1/cmod5n_ecmwf_norecal_rs2rcmgmfv4_28052025/rcm-1/L2M/sclna/rcm-1_sclna/2024/321/RCM1_OK3362036_PK3364453_1_SCLNA_20241116_114347_VV_VH_GRD/rcm1-sclna-owi-cm-20241116t114344-20241116t114454-00003-xxxxx.nc
al192024,IRWIN,rcm1-sc50ma-owi-cm-20241114t234007-20241114t234124-00003-______ll_gd_GEO-IRWIN.nc,15.665678024292,276.406829833984,"2024-11-14T23:40:07,000",/scale/user/mtannaou/alternance/donnees_sar_changes/rcm1-sc50ma-owi-cm-20241114t234007-20241114t234124-00003-xxxxx_aeqd.nc,rcm1-sc50ma-owi-cm-20241114t234007-20241114t234124-00003-xxxxx.nc,/home/datawork-cersat-public/cache/public/ftp/project/sarwing/processings/grdwind+windir_2025v6v12_2v0_0v3v9_0v0v6_0v0v6_1v4v3_1v0v15_1v0v10_1v2v5_1v2v2_1v1v1_1v2v1/cmod5n_ecmwf_norecal_rs2rcmgmfv4_28052025/rcm-1/L2M/sc50ma/rcm-1_sc50ma/2024/319/RCM1_OK3358361_PK3362295_1_SC50MA_20241114_234007_HH_HV_GRD/rcm1-sc50ma-owi-cm-20241114t234007-20241114t234124-00003-xxxxx.nc
al192024,IRWIN,rcm1-sclnc-owi-cm-20241116t235600-20241116t235717-00003-______ll_gd_GEO-IRWIN.nc,16.3694324493408,273.010803222656,"2024-11-16T23:56:00,000",/scale/user/mtannaou/alternance/donnees_sar_changes/rcm1-sclnc-owi-cm-20241116t235600-20241116t235717-00003-xxxxx_aeqd.nc,s1a-iw-owi-cm-20241116t235641-20241116t235940-000003-06F093.nc,/home/datawork-cersat-public/cache/public/ftp/project/sarwing/processings/grdwind+windir_2025v6v12_2v0_0v3v9_0v0v6_0v0v6_1v4v3_1v0v15_1v0v10_1v2v5_1v2v2_1v1v1_1v2v1/cmod5n_ecmwf_norecal_rs2rcmgmfv4_28052025/sentinel-1a/L2M/IW/S1A_IW_GRDH_1S/2024/321/S1A_IW_GRDH_1SDV_20241116T235641_20241116T235940_056587_06F093_2AC7X2FF4X448BX5477X877DXDF2D/s1a-iw-owi-cm-20241116t235641-20241116t235940-000003-06F093.nc
al192024,IRWIN,s1a-iw-owi-cm-20241116t235825-20241116t235940-000003-06F093_ll_gd_GEO-IRWIN.nc,16.3694324493408,273.010803222656,"2024-11-16T23:58:25,000",,s1a-iw-owi-cm-20241116t235641-20241116t235940-000003-06F093.nc,/home/datawork-cersat-public/cache/public/ftp/project/sarwing/processings/grdwind+windir_2025v6v12_2v0_0v3v9_0v0v6_0v0v6_1v4v3_1v0v15_1v0v10_1v2v5_1v2v2_1v1v1_1v2v1/cmod5n_ecmwf_norecal_rs2rcmgmfv4_28052025/sentinel-1a/L2M/IW/S1A_IW_GRDH_1S/2024/321/S1A_IW_GRDH_1SDV_20241116T235641_20241116T235940_056587_06F093_2AC7X2FF4X448BX5477X877DXDF2D/s1a-iw-owi-cm-20241116t235641-20241116t235940-000003-06F093.nc
wp132024,IRWIN,rcm1-sc50mc-owi-cm-20240906t080428-20240906t080547-00003-______ll_gd_GEO-IRWIN.nc,36.9041595458984,149.606018066406,"2024-09-06T08:04:28,000",/scale/user/mtannaou/alternance/donnees_sar_changes/rcm1-sc50mc-owi-cm-20240906t080428-20240906t080547-00003-xxxxx_aeqd.nc,rcm1-sc50mc-owi-cm-20240906t080428-20240906t080547-00003-xxxxx.nc,/home/datawork-cersat-public/cache/public/ftp/project/sarwing/processings/grdwind+windir_2025v6v12_2v0_0v3v9_0v0v6_0v0v6_1v4v3_1v0v15_1v0v10_1v2v5_1v2v2_1v1v1_1v2v1/cmod5n_ecmwf_norecal_rs2rcmgmfv4_28052025/rcm-1/L2M/sc50mc/rcm-1_sc50mc/2024/250/RCM1_OK3244200_PK3245491_1_SC50MC_20240906_080403_HH_HV_GRD/rcm1-sc50mc-owi-cm-20240906t080428-20240906t080547-00003-xxxxx.nc
wp132024,IRWIN,rcm3-sc50mb-owi-cm-20240905t201343-20240905t201442-00003-______ll_gd_GEO-IRWIN.nc,35.0322990417481,146.934875488281,"2024-09-05T20:13:43,000",/scale/user/mtannaou/alternance/donnees_sar_changes/rcm3-sc50mb-owi-cm-20240905t201343-20240905t201442-00003-xxxxx_aeqd.nc,rcm3-sc50mb-owi-cm-20240905t201343-20240905t201442-00003-xxxxx.nc,/home/datawork-cersat-public/cache/public/ftp/project/sarwing/processings/grdwind+windir_2025v6v12_2v0_0v3v9_0v0v6_0v0v6_1v4v3_1v0v15_1v0v10_1v2v5_1v2v2_1v1v1_1v2v1/cmod5n_ecmwf_norecal_rs2rcmgmfv4_28052025/rcm-3/L2M/sc50mb/rcm-3_sc50mb/2024/249/RCM3_OK3001834_PK3244729_1_SC50MB_20240905_201345_HH_HV_GRD/rcm3-sc50mb-owi-cm-20240905t201343-20240905t201442-00003-xxxxx.nc
wp132024,IRWIN,rcm3-sc50ma-owi-cm-20240907t071114-20240907t071213-00003-______ll_gd_GEO-IRWIN.nc,41.5783042907715,157.223526000977,"2024-09-07T07:11:14,000",/scale/user/mtannaou/alternance/donnees_sar_changes/rcm3-sc50ma-owi-cm-20240907t071114-20240907t071213-00003-xxxxx_aeqd.nc,rcm3-sc50ma-owi-cm-20240907t071114-20240907t071213-00003-xxxxx.nc,/home/datawork-cersat-public/cache/public/ftp/project/sarwing/processings/grdwind+windir_2025v6v12_2v0_0v3v9_0v0v6_0v0v6_1v4v3_1v0v15_1v0v10_1v2v5_1v2v2_1v1v1_1v2v1/cmod5n_ecmwf_norecal_rs2rcmgmfv4_28052025/rcm-3/L2M/sc50ma/rcm-3_sc50ma/2024/251/RCM3_OK3001834_PK3246920_4_SC50MA_20240907_070845_HH_HV_GRD/rcm3-sc50ma-owi-cm-20240907t071114-20240907t071213-00003-xxxxx.nc
wp132024,IRWIN,rcm1-sc50mc-owi-cm-20240906t194803-20240906t194922-00003-______ll_gd_GEO-IRWIN.nc,39.1624870300293,153.150054931641,"2024-09-06T19:48:03,000",/scale/user/mtannaou/alternance/donnees_sar_changes/rcm1-sc50mc-owi-cm-20240906t194803-20240906t194922-00003-xxxxx_aeqd.nc,rcm1-sc50mc-owi-cm-20240906t194803-20240906t194922-00003-xxxxx.nc,/home/datawork-cersat-public/cache/public/ftp/project/sarwing/processings/grdwind+windir_2025v6v12_2v0_0v3v9_0v0v6_0v0v6_1v4v3_1v0v15_1v0v10_1v2v5_1v2v2_1v1v1_1v2v1/cmod5n_ecmwf_norecal_rs2rcmgmfv4_28052025/rcm-1/L2M/sc50mc/rcm-1_sc50mc/2024/250/RCM1_OK3244207_PK3246319_1_SC50MC_20240906_194722_HH_HV_GRD/rcm1-sc50mc-owi-cm-20240906t194803-20240906t194922-00003-xxxxx.nc
sh012020,IRWIN,s1a-iw-owi-cm-20191126t071356-20191126t071511-000003-036F6F_ll_gd_GEO-IRWIN.nc,-13.9498910903931,169.71923828125,"2019-11-26T07:13:56,000",/scale/user/mtannaou/alternance/donnees_sar_changes/s1a-iw-owi-cm-20191126t071356-20191126t071511-000003-036F6F_aeqd.nc,s1a-iw-owi-cm-20191126t071356-20191126t071511-000003-036F6F.nc,/home/datawork-cersat-public/cache/public/ftp/project/sarwing/processings/grdwind+windir_2025v6v12_2v0_0v3v9_0v0v6_0v0v6_1v4v3_1v0v15_1v0v10_1v2v5_1v2v2_1v1v1_1v2v1/cmod5n_ecmwf_norecal_rs2rcmgmfv4_28052025/sentinel-1a/L2M/IW/S1A_IW_GRDH_1S/2019/330/S1A_IW_GRDH_1SDV_20191126T071356_20191126T071511_030078_036F6F_7847X8026XDBB5/s1a-iw-owi-cm-20191126t071356-20191126t071511-000003-036F6F.nc
sh202024,IRWIN,rcm1-sclna-owi-cm-20240327t145655-20240327t145812-00003-______ll_gd_GEO-IRWIN.nc,-13.3710536956787,49.1384811401367,"2024-03-27T14:56:55,000",/scale/user/mtannaou/alternance/donnees_sar_changes/rcm1-sclna-owi-cm-20240327t145655-20240327t145812-00003-xxxxx_aeqd.nc,rcm1-sclna-owi-cm-20240327t145655-20240327t145812-00003-xxxxx.nc,/home/datawork-cersat-public/cache/public/ftp/project/sarwing/processings/grdwind+windir_2025v6v12_2v0_0v3v9_0v0v6_0v0v6_1v4v3_1v0v15_1v0v10_1v2v5_1v2v2_1v1v1_1v2v1/cmod5n_ecmwf_norecal_rs2rcmgmfv4_28052025/rcm-1/L2M/sclna/rcm-1_sclna/2024/087/RCM1_OK2998791_PK3000640_1_SCLNA_20240327_145655_VV_VH_GRD/rcm1-sclna-owi-cm-20240327t145655-20240327t145812-00003-xxxxx.nc
sh202024,IRWIN,rcm3-sclnd-owi-cm-20240328t020502-20240328t020619-00003-______ll_gd_GEO-IRWIN.nc,-13.6971864700317,48.0835494995117,"2024-03-28T02:05:02,000",/scale/user/mtannaou/alternance/donnees_sar_changes/rcm3-sclnd-owi-cm-20240328t020502-20240328t020619-00003-xxxxx_aeqd.nc,rcm3-sclnd-owi-cm-20240328t020502-20240328t020619-00003-xxxxx.nc,/home/datawork-cersat-public/cache/public/ftp/project/sarwing/processings/grdwind+windir_2025v6v12_2v0_0v3v9_0v0v6_0v0v6_1v4v3_1v0v15_1v0v10_1v2v5_1v2v2_1v1v1_1v2v1/cmod5n_ecmwf_norecal_rs2rcmgmfv4_28052025/rcm-3/L2M/sclnd/rcm-3_sclnd/2024/088/RCM3_OK2998804_PK3001250_1_SCLND_20240328_020503_VV_VH_GRD/rcm3-sclnd-owi-cm-20240328t020502-20240328t020619-00003-xxxxx.nc
al042020,IRWIN,rcm1-sc50mc-owi-cm-20200623t100843-20200623t100939-00003-______ll_gd_GEO-IRWIN.nc,39.1552734375,296.555603027344,"2020-06-23T10:08:43,000",/scale/user/mtannaou/alternance/donnees_sar_changes/rcm1-sc50mc-owi-cm-20200623t100843-20200623t100939-00003-xxxxx_aeqd.nc,rcm1-sc50mc-owi-cm-20200623t100843-20200623t100939-00003-xxxxx.nc,/home/datawork-cersat-public/cache/public/ftp/project/sarwing/processings/grdwind+windir_2025v6v12_2v0_0v3v9_0v0v6_0v0v6_1v4v3_1v0v15_1v0v10_1v2v5_1v2v2_1v1v1_1v2v1/cmod5n_ecmwf_norecal_rs2rcmgmfv4_28052025/rcm-1/L2M/sc50mc/rcm-1_sc50mc/2020/175/RCM1_OK2377166_PK2377289_1_SC50MC_20200623_100855_VV_VH_GRD/rcm1-sc50mc-owi-cm-20200623t100843-20200623t100939-00003-xxxxx.nc
al042020,IRWIN,rcm2-sc50mc-owi-cm-20200623t220134-20200623t220238-00003-______ll_gd_GEO-IRWIN.nc,39.9190559387207,298.754272460938,"2020-06-23T22:01:34,000",/scale/user/mtannaou/alternance/donnees_sar_changes/rcm2-sc50mc-owi-cm-20200623t220134-20200623t220238-00003-xxxxx_aeqd.nc,rcm2-sc50mc-owi-cm-20200623t220134-20200623t220238-00003-xxxxx.nc,/home/datawork-cersat-public/cache/public/ftp/project/sarwing/processings/grdwind+windir_2025v6v12_2v0_0v3v9_0v0v6_0v0v6_1v4v3_1v0v15_1v0v10_1v2v5_1v2v2_1v1v1_1v2v1/cmod5n_ecmwf_norecal_rs2rcmgmfv4_28052025/rcm-2/L2M/sc50mc/rcm-2_sc50mc/2020/175/RCM2_OK2377166_PK2377288_1_SC50MC_20200623_220145_HH_HV_GRD/rcm2-sc50mc-owi-cm-20200623t220134-20200623t220238-00003-xxxxx.nc
cp012024,IRWIN,rcm1-sclna-owi-cm-20240829t051918-20240829t052035-00003-______ll_gd_GEO-IRWIN.nc,20.6444473266602,189.734344482422,"2024-08-29T05:19:18,000",/scale/user/mtannaou/alternance/donnees_sar_changes/rcm1-sclna-owi-cm-20240829t051918-20240829t052035-00003-xxxxx_aeqd.nc,rcm1-sclna-owi-cm-20240829t051918-20240829t052035-00003-xxxxx.nc,/home/datawork-cersat-public/cache/public/ftp/project/sarwing/processings/grdwind+windir_2025v6v12_2v0_0v3v9_0v0v6_0v0v6_1v4v3_1v0v15_1v0v10_1v2v5_1v2v2_1v1v1_1v2v1/cmod5n_ecmwf_norecal_rs2rcmgmfv4_28052025/rcm-1/L2M/sclna/rcm-1_sclna/2024/242/RCM1_OK3231259_PK3232772_1_SCLNA_20240829_051919_VV_VH_GRD/rcm1-sclna-owi-cm-20240829t051918-20240829t052035-00003-xxxxx.nc
cp012024,IRWIN,rcm1-sclnd-owi-cm-20240829t171215-20240829t171332-00003-______ll_gd_GEO-IRWIN.nc,21.1826210021973,188.193740844727,"2024-08-29T17:12:15,000",/scale/user/mtannaou/alternance/donnees_sar_changes/rcm1-sclnd-owi-cm-20240829t171215-20240829t171332-00003-xxxxx_aeqd.nc,rcm1-sclnd-owi-cm-20240829t171215-20240829t171332-00003-xxxxx.nc,/home/datawork-cersat-public/cache/public/ftp/project/sarwing/processings/grdwind+windir_2025v6v12_2v0_0v3v9_0v0v6_0v0v6_1v4v3_1v0v15_1v0v10_1v2v5_1v2v2_1v1v1_1v2v1/cmod5n_ecmwf_norecal_rs2rcmgmfv4_28052025/rcm-1/L2M/sclnd/rcm-1_sclnd/2024/242/RCM1_OK3231268_PK3233538_1_SCLND_20240829_171216_VV_VH_GRD/rcm1-sclnd-owi-cm-20240829t171215-20240829t171332-00003-xxxxx.nc
cp012024,IRWIN,rcm1-sclna-owi-cm-20240901t054422-20240901t054538-00003-______ll_gd_GEO-IRWIN.nc,23.6268672943115,183.611755371094,"2024-09-01T05:44:22,000",/scale/user/mtannaou/alternance/donnees_sar_changes/rcm1-sclna-owi-cm-20240901t054422-20240901t054538-00003-xxxxx_aeqd.nc,rcm1-sclna-owi-cm-20240901t054422-20240901t054538-00003-xxxxx.nc,/home/datawork-cersat-public/cache/public/ftp/project/sarwing/processings/grdwind+windir_2025v6v12_2v0_0v3v9_0v0v6_0v0v6_1v4v3_1v0v15_1v0v10_1v2v5_1v2v2_1v1v1_1v2v1/cmod5n_ecmwf_norecal_rs2rcmgmfv4_28052025/rcm-1/L2M/sclna/rcm-1_sclna/2024/245/RCM1_OK3236446_PK3237736_1_SCLNA_20240901_054422_VV_VH_GRD/rcm1-sclna-owi-cm-20240901t054422-20240901t054538-00003-xxxxx.nc
cp012024,IRWIN,rcm1-sclnb-owi-cm-20240827t165637-20240827t165753-00003-______ll_gd_GEO-IRWIN.nc,19.8822002410889,194.795196533203,"2024-08-27T16:56:37,000",/scale/user/mtannaou/alternance/donnees_sar_changes/rcm1-sclnb-owi-cm-20240827t165637-20240827t165753-00003-xxxxx_aeqd.nc,rcm1-sclnb-owi-cm-20240827t165637-20240827t165753-00003-xxxxx.nc,/home/datawork-cersat-public/cache/public/ftp/project/sarwing/processings/grdwind+windir_2025v6v12_2v0_0v3v9_0v0v6_0v0v6_1v4v3_1v0v15_1v0v10_1v2v5_1v2v2_1v1v1_1v2v1/cmod5n_ecmwf_norecal_rs2rcmgmfv4_28052025/rcm-1/L2M/sclnb/rcm-1_sclnb/2024/240/RCM1_OK3227554_PK3230266_1_SCLNB_20240827_165637_VV_VH_GRD/rcm1-sclnb-owi-cm-20240827t165637-20240827t165753-00003-xxxxx.nc
cp012024,IRWIN,rcm1-sclnd-owi-cm-20240831t172745-20240831t172903-00003-______ll_gd_GEO-IRWIN.nc,22.3494682312012,184.008316040039,"2024-08-31T17:27:45,000",/scale/user/mtannaou/alternance/donnees_sar_changes/rcm1-sclnd-owi-cm-20240831t172745-20240831t172903-00003-xxxxx_aeqd.nc,rcm1-sclnd-owi-cm-20240831t172745-20240831t172903-00003-xxxxx.nc,/home/datawork-cersat-public/cache/public/ftp/project/sarwing/processings/grdwind+windir_2025v6v12_2v0_0v3v9_0v0v6_0v0v6_1v4v3_1v0v15_1v0v10_1v2v5_1v2v2_1v1v1_1v2v1/cmod5n_ecmwf_norecal_rs2rcmgmfv4_28052025/rcm-1/L2M/sclnd/rcm-1_sclnd/2024/244/RCM1_OK3233507_PK3237041_1_SCLND_20240831_172746_VV_VH_GRD/rcm1-sclnd-owi-cm-20240831t172745-20240831t172903-00003-xxxxx.nc
cp012024,IRWIN,rcm2-sclnc-owi-cm-20240824t040534-20240824t040649-00003-______ll_gd_GEO-IRWIN.nc,16.9405632019043,210.892181396484,"2024-08-24T04:05:34,000",/scale/user/mtannaou/alternance/donnees_sar_changes/rcm2-sclnc-owi-cm-20240824t040534-20240824t040649-00003-xxxxx_aeqd.nc,rcm2-sclnc-owi-cm-20240824t040534-20240824t040649-00003-xxxxx.nc,/home/datawork-cersat-public/cache/public/ftp/project/sarwing/processings/grdwind+windir_2025v6v12_2v0_0v3v9_0v0v6_0v0v6_1v4v3_1v0v15_1v0v10_1v2v5_1v2v2_1v1v1_1v2v1/cmod5n_ecmwf_norecal_rs2rcmgmfv4_28052025/rcm-2/L2M/sclnc/rcm-2_sclnc/2024/237/RCM2_OK3222597_PK3224967_1_SCLNC_20240824_040536_VV_VH_GRD/rcm2-sclnc-owi-cm-20240824t040534-20240824t040649-00003-xxxxx.nc
cp012024,IRWIN,rcm1-sclna-owi-cm-20240826t164831-20240826t164947-00003-______ll_gd_GEO-IRWIN.nc,19.0247287750244,199.310913085938,"2024-08-26T16:48:31,000",/scale/user/mtannaou/alternance/donnees_sar_changes/rcm1-sclna-owi-cm-20240826t164831-20240826t164947-00003-xxxxx_aeqd.nc,rcm1-sclna-owi-cm-20240826t164831-20240826t164947-00003-xxxxx.nc,/home/datawork-cersat-public/cache/public/ftp/project/sarwing/processings/grdwind+windir_2025v6v12_2v0_0v3v9_0v0v6_0v0v6_1v4v3_1v0v15_1v0v10_1v2v5_1v2v2_1v1v1_1v2v1/cmod5n_ecmwf_norecal_rs2rcmgmfv4_28052025/rcm-1/L2M/sclna/rcm-1_sclna/2024/239/RCM1_OK3226208_PK3228685_1_SCLNA_20240826_164831_VV_VH_GRD/rcm1-sclna-owi-cm-20240826t164831-20240826t164947-00003-xxxxx.nc
cp012024,IRWIN,rcm1-sclna-owi-cm-20240828t051100-20240828t051214-00003-______ll_gd_GEO-IRWIN.nc,20.2475357055664,193.069869995117,"2024-08-28T05:11:00,000",/scale/user/mtannaou/alternance/donnees_sar_changes/rcm1-sclna-owi-cm-20240828t051100-20240828t051214-00003-xxxxx_aeqd.nc,rcm1-sclna-owi-cm-20240828t051100-20240828t051214-00003-xxxxx.nc,/home/datawork-cersat-public/cache/public/ftp/project/sarwing/processings/grdwind+windir_2025v6v12_2v0_0v3v9_0v0v6_0v0v6_1v4v3_1v0v15_1v0v10_1v2v5_1v2v2_1v1v1_1v2v1/cmod5n_ecmwf_norecal_rs2rcmgmfv4_28052025/rcm-1/L2M/sclna/rcm-1_sclna/2024/241/RCM1_OK3228938_PK3230997_1_SCLNA_20240828_051100_VV_VH_GRD/rcm1-sclna-owi-cm-20240828t051100-20240828t051214-00003-xxxxx.nc
cp012024,IRWIN,rcm1-sclnd-owi-cm-20240828t170428-20240828t170544-00003-______ll_gd_GEO-IRWIN.nc,20.5090370178223,191.483901977539,"2024-08-28T17:04:28,000",/scale/user/mtannaou/alternance/donnees_sar_changes/rcm1-sclnd-owi-cm-20240828t170428-20240828t170544-00003-xxxxx_aeqd.nc,rcm1-sclnd-owi-cm-20240828t170428-20240828t170544-00003-xxxxx.nc,/home/datawork-cersat-public/cache/public/ftp/project/sarwing/processings/grdwind+windir_2025v6v12_2v0_0v3v9_0v0v6_0v0v6_1v4v3_1v0v15_1v0v10_1v2v5_1v2v2_1v1v1_1v2v1/cmod5n_ecmwf_norecal_rs2rcmgmfv4_28052025/rcm-1/L2M/sclnd/rcm-1_sclnd/2024/241/RCM1_OK3228942_PK3231785_1_SCLND_20240828_170428_VV_VH_GRD/rcm1-sclnd-owi-cm-20240828t170428-20240828t170544-00003-xxxxx.nc
cp012024,IRWIN,rcm2-sclna-owi-cm-20240824t160114-20240824t160228-00003-______ll_gd_GEO-IRWIN.nc,17.4573802947998,208.232070922852,"2024-08-24T16:01:14,000",/scale/user/mtannaou/alternance/donnees_sar_changes/rcm2-sclna-owi-cm-20240824t160114-20240824t160228-00003-xxxxx_aeqd.nc,rcm2-sclna-owi-cm-20240824t160114-20240824t160228-00003-xxxxx.nc,/home/datawork-cersat-public/cache/public/ftp/project/sarwing/processings/grdwind+windir_2025v6v12_2v0_0v3v9_0v0v6_0v0v6_1v4v3_1v0v15_1v0v10_1v2v5_1v2v2_1v1v1_1v2v1/cmod5n_ecmwf_norecal_rs2rcmgmfv4_28052025/rcm-2/L2M/sclna/rcm-2_sclna/2024/237/RCM2_OK3222622_PK3225786_1_SCLNA_20240824_160115_VV_VH_GRD/rcm2-sclna-owi-cm-20240824t160114-20240824t160228-00003-xxxxx.nc
cp012024,IRWIN,rcm1-sclnd-owi-cm-20240826t045417-20240826t045535-00003-______ll_gd_GEO-IRWIN.nc,18.9661273956299,201.520034790039,"2024-08-26T04:54:17,000",/scale/user/mtannaou/alternance/donnees_sar_changes/rcm1-sclnd-owi-cm-20240826t045417-20240826t045535-00003-xxxxx_aeqd.nc,rcm1-sclnd-owi-cm-20240826t045417-20240826t045535-00003-xxxxx.nc,/home/datawork-cersat-public/cache/public/ftp/project/sarwing/processings/grdwind+windir_2025v6v12_2v0_0v3v9_0v0v6_0v0v6_1v4v3_1v0v15_1v0v10_1v2v5_1v2v2_1v1v1_1v2v1/cmod5n_ecmwf_norecal_rs2rcmgmfv4_28052025/rcm-1/L2M/sclnd/rcm-1_sclnd/2024/239/RCM1_OK3226212_PK3228007_1_SCLND_20240826_045418_VV_VH_GRD/rcm1-sclnd-owi-cm-20240826t045417-20240826t045535-00003-xxxxx.nc
cp012024,IRWIN,rcm2-sc50ma-owi-cm-20240825t041411-20240825t041528-00003-______ll_gd_GEO-IRWIN.nc,18.0073585510254,205.799118041992,"2024-08-25T04:14:11,000",/scale/user/mtannaou/alternance/donnees_sar_changes/rcm2-sc50ma-owi-cm-20240825t041411-20240825t041528-00003-xxxxx_aeqd.nc,rcm2-sc50ma-owi-cm-20240825t041411-20240825t041528-00003-xxxxx.nc,/home/datawork-cersat-public/cache/public/ftp/project/sarwing/processings/grdwind+windir_2025v6v12_2v0_0v3v9_0v0v6_0v0v6_1v4v3_1v0v15_1v0v10_1v2v5_1v2v2_1v1v1_1v2v1/cmod5n_ecmwf_norecal_rs2rcmgmfv4_28052025/rcm-2/L2M/sc50ma/rcm-2_sc50ma/2024/238/RCM2_OK3224364_PK3226402_1_SC50MA_20240825_041412_HH_HV_GRD/rcm2-sc50ma-owi-cm-20240825t041411-20240825t041528-00003-xxxxx.nc
cp012024,IRWIN,rcm3-sclnd-owi-cm-20240822t151342-20240822t151458-00003-______ll_gd_GEO-IRWIN.nc,15.4287195205689,219.4765625,"2024-08-22T15:13:42,000",/scale/user/mtannaou/alternance/donnees_sar_changes/rcm3-sclnd-owi-cm-20240822t151342-20240822t151458-00003-xxxxx_aeqd.nc,rcm3-sclnd-owi-cm-20240822t151342-20240822t151458-00003-xxxxx.nc,/home/datawork-cersat-public/cache/public/ftp/project/sarwing/processings/grdwind+windir_2025v6v12_2v0_0v3v9_0v0v6_0v0v6_1v4v3_1v0v15_1v0v10_1v2v5_1v2v2_1v1v1_1v2v1/cmod5n_ecmwf_norecal_rs2rcmgmfv4_28052025/rcm-3/L2M/sclnd/rcm-3_sclnd/2024/235/RCM3_OK3220421_PK3222541_1_SCLND_20240822_151345_VV_VH_GRD/rcm3-sclnd-owi-cm-20240822t151342-20240822t151458-00003-xxxxx.nc
cp012024,IRWIN,rcm3-sclnd-owi-cm-20240823t152131-20240823t152249-00003-______ll_gd_GEO-IRWIN.nc,16.3022270202637,214.153121948242,"2024-08-23T15:21:31,000",/scale/user/mtannaou/alternance/donnees_sar_changes/rcm3-sclnd-owi-cm-20240823t152131-20240823t152249-00003-xxxxx_aeqd.nc,rcm3-sclnd-owi-cm-20240823t152131-20240823t152249-00003-xxxxx.nc,/home/datawork-cersat-public/cache/public/ftp/project/sarwing/processings/grdwind+windir_2025v6v12_2v0_0v3v9_0v0v6_0v0v6_1v4v3_1v0v15_1v0v10_1v2v5_1v2v2_1v1v1_1v2v1/cmod5n_ecmwf_norecal_rs2rcmgmfv4_28052025/rcm-3/L2M/sclnd/rcm-3_sclnd/2024/236/RCM3_OK3222001_PK3224139_1_SCLND_20240823_152132_VV_VH_GRD/rcm3-sclnd-owi-cm-20240823t152131-20240823t152249-00003-xxxxx.nc
cp012024,IRWIN,rcm1-sclnc-owi-cm-20240827t050231-20240827t050347-00003-______ll_gd_GEO-IRWIN.nc,19.5758018493652,197.029556274414,"2024-08-27T05:02:31,000",/scale/user/mtannaou/alternance/donnees_sar_changes/rcm1-sclnc-owi-cm-20240827t050231-20240827t050347-00003-xxxxx_aeqd.nc,rcm1-sclnc-owi-cm-20240827t050231-20240827t050347-00003-xxxxx.nc,/home/datawork-cersat-public/cache/public/ftp/project/sarwing/processings/grdwind+windir_2025v6v12_2v0_0v3v9_0v0v6_0v0v6_1v4v3_1v0v15_1v0v10_1v2v5_1v2v2_1v1v1_1v2v1/cmod5n_ecmwf_norecal_rs2rcmgmfv4_28052025/rcm-1/L2M/sclnc/rcm-1_sclnc/2024/240/RCM1_OK3227546_PK3229582_1_SCLNC_20240827_050233_VV_VH_GRD/rcm1-sclnc-owi-cm-20240827t050231-20240827t050347-00003-xxxxx.nc
cp012024,IRWIN,rcm2-sc50md-owi-cm-20240825t160900-20240825t161017-00003-______ll_gd_GEO-IRWIN.nc,18.2511730194092,203.903274536133,"2024-08-25T16:09:00,000",/scale/user/mtannaou/alternance/donnees_sar_changes/rcm2-sc50md-owi-cm-20240825t160900-20240825t161017-00003-xxxxx_aeqd.nc,rcm2-sc50md-owi-cm-20240825t160900-20240825t161017-00003-xxxxx.nc,/home/datawork-cersat-public/cache/public/ftp/project/sarwing/processings/grdwind+windir_2025v6v12_2v0_0v3v9_0v0v6_0v0v6_1v4v3_1v0v15_1v0v10_1v2v5_1v2v2_1v1v1_1v2v1/cmod5n_ecmwf_norecal_rs2rcmgmfv4_28052025/rcm-2/L2M/sc50md/rcm-2_sc50md/2024/238/RCM2_OK3224650_PK3227249_1_SC50MD_20240825_160903_HH_HV_GRD/rcm2-sc50md-owi-cm-20240825t160900-20240825t161017-00003-xxxxx.nc
al102023,IRWIN,rcm3-sclnc-owi-cm-20230831t230449-20230831t230604-00003-______ll_gd_GEO-IRWIN.nc,33.5469093322754,286.63916015625,"2023-08-31T23:04:49,000",/scale/user/mtannaou/alternance/donnees_sar_changes/rcm3-sclnc-owi-cm-20230831t230449-20230831t230604-00003-xxxxx_aeqd.nc,s1a-iw-owi-cm-20230831t230352-20230831t230647-000003-060850.nc,/home/datawork-cersat-public/cache/public/ftp/project/sarwing/processings/grdwind+windir_2025v6v12_2v0_0v3v9_0v0v6_0v0v6_1v4v3_1v0v15_1v0v10_1v2v5_1v2v2_1v1v1_1v2v1/cmod5n_ecmwf_norecal_rs2rcmgmfv4_28052025/sentinel-1a/L2M/IW/S1A_IW_GRDH_1S/2023/243/S1A_IW_GRDH_1SDV_20230831T230352_20230831T230647_050126_060850_1A4CX21A1X4CAEX4CBFX5C5EXB375XBD2D/s1a-iw-owi-cm-20230831t230352-20230831t230647-000003-060850.nc
al102023,IRWIN,rcm1-sclnd-owi-cm-20230829t235046-20230829t235203-00003-______ll_gd_GEO-IRWIN.nc,26.3671016693115,275.268310546875,"2023-08-29T23:50:46,000",/scale/user/mtannaou/alternance/donnees_sar_changes/rcm1-sclnd-owi-cm-20230829t235046-20230829t235203-00003-xxxxx_aeqd.nc,rcm1-sclnd-owi-cm-20230829t235046-20230829t235203-00003-xxxxx.nc,/home/datawork-cersat-public/cache/public/ftp/project/sarwing/processings/grdwind+windir_2025v6v12_2v0_0v3v9_0v0v6_0v0v6_1v4v3_1v0v15_1v0v10_1v2v5_1v2v2_1v1v1_1v2v1/cmod5n_ecmwf_norecal_rs2rcmgmfv4_28052025/rcm-1/L2M/sclnd/rcm-1_sclnd/2023/241/RCM1_OK2711519_PK2715195_1_SCLND_20230829_235046_VV_VH_GRD/rcm1-sclnd-owi-cm-20230829t235046-20230829t235203-00003-xxxxx.nc
al102023,IRWIN,rcm2-sclnb-owi-cm-20230831t111458-20230831t111613-00003-______ll_gd_GEO-IRWIN.nc,33.6703147888184,282.097106933594,"2023-08-31T11:14:58,000",/scale/user/mtannaou/alternance/donnees_sar_changes/rcm2-sclnb-owi-cm-20230831t111458-20230831t111613-00003-xxxxx_aeqd.nc,rcm2-sclnb-owi-cm-20230831t111458-20230831t111613-00003-xxxxx.nc,/home/datawork-cersat-public/cache/public/ftp/project/sarwing/processings/grdwind+windir_2025v6v12_2v0_0v3v9_0v0v6_0v0v6_1v4v3_1v0v15_1v0v10_1v2v5_1v2v2_1v1v1_1v2v1/cmod5n_ecmwf_norecal_rs2rcmgmfv4_28052025/rcm-2/L2M/sclnb/rcm-2_sclnb/2023/243/RCM2_OK2717872_PK2717877_1_SCLNB_20230831_111501_VV_VH_GRD/rcm2-sclnb-owi-cm-20230831t111458-20230831t111613-00003-xxxxx.nc
al102023,IRWIN,rcm1-sc50mc-owi-cm-20230902t102710-20230902t102828-00003-______ll_gd_GEO-IRWIN.nc,31.7965927124023,295.656036376953,"2023-09-02T10:27:10,000",/scale/user/mtannaou/alternance/donnees_sar_changes/rcm1-sc50mc-owi-cm-20230902t102710-20230902t102828-00003-xxxxx_aeqd.nc,rcm1-sc50mc-owi-cm-20230902t102710-20230902t102828-00003-xxxxx.nc,/home/datawork-cersat-public/cache/public/ftp/project/sarwing/processings/grdwind+windir_2025v6v12_2v0_0v3v9_0v0v6_0v0v6_1v4v3_1v0v15_1v0v10_1v2v5_1v2v2_1v1v1_1v2v1/cmod5n_ecmwf_norecal_rs2rcmgmfv4_28052025/rcm-1/L2M/sc50mc/rcm-1_sc50mc/2023/245/RCM1_OK2717821_PK2720212_1_SC50MC_20230902_102643_HH_HV_GRD/rcm1-sc50mc-owi-cm-20230902t102710-20230902t102828-00003-xxxxx.nc
al102023,IRWIN,rcm1-sclna-owi-cm-20230828t234142-20230828t234256-00003-______ll_gd_GEO-IRWIN.nc,21.5616264343262,274.860595703125,"2023-08-28T23:41:42,000",/scale/user/mtannaou/alternance/donnees_sar_changes/rcm1-sclna-owi-cm-20230828t234142-20230828t234256-00003-xxxxx_aeqd.nc,rcm1-sclna-owi-cm-20230828t234142-20230828t234256-00003-xxxxx.nc,/home/datawork-cersat-public/cache/public/ftp/project/sarwing/processings/grdwind+windir_2025v6v12_2v0_0v3v9_0v0v6_0v0v6_1v4v3_1v0v15_1v0v10_1v2v5_1v2v2_1v1v1_1v2v1/cmod5n_ecmwf_norecal_rs2rcmgmfv4_28052025/rcm-1/L2M/sclna/rcm-1_sclna/2023/240/RCM1_OK2710458_PK2713641_1_SCLNA_20230828_234143_VV_VH_GRD/rcm1-sclna-owi-cm-20230828t234142-20230828t234256-00003-xxxxx.nc
al102023,IRWIN,rcm1-sclnd-owi-cm-20230828t112619-20230828t112735-00003-______ll_gd_GEO-IRWIN.nc,20.2903327941895,274.812591552734,"2023-08-28T11:26:19,000",/scale/user/mtannaou/alternance/donnees_sar_changes/rcm1-sclnd-owi-cm-20230828t112619-20230828t112735-00003-xxxxx_aeqd.nc,rcm1-sclnd-owi-cm-20230828t112619-20230828t112735-00003-xxxxx.nc,/home/datawork-cersat-public/cache/public/ftp/project/sarwing/processings/grdwind+windir_2025v6v12_2v0_0v3v9_0v0v6_0v0v6_1v4v3_1v0v15_1v0v10_1v2v5_1v2v2_1v1v1_1v2v1/cmod5n_ecmwf_norecal_rs2rcmgmfv4_28052025/rcm-1/L2M/sclnd/rcm-1_sclnd/2023/240/RCM1_OK2710410_PK2712026_1_SCLND_20230828_112619_VV_VH_GRD/rcm1-sclnd-owi-cm-20230828t112619-20230828t112735-00003-xxxxx.nc
al102023,IRWIN,rcm1-sclnb-owi-cm-20230829t113320-20230829t113435-00003-______ll_gd_GEO-IRWIN.nc,23.2718696594238,275.132446289063,"2023-08-29T11:33:20,000",/scale/user/mtannaou/alternance/donnees_sar_changes/rcm1-sclnb-owi-cm-20230829t113320-20230829t113435-00003-xxxxx_aeqd.nc,rcm1-sclnb-owi-cm-20230829t113320-20230829t113435-00003-xxxxx.nc,/home/datawork-cersat-public/cache/public/ftp/project/sarwing/processings/grdwind+windir_2025v6v12_2v0_0v3v9_0v0v6_0v0v6_1v4v3_1v0v15_1v0v10_1v2v5_1v2v2_1v1v1_1v2v1/cmod5n_ecmwf_norecal_rs2rcmgmfv4_28052025/rcm-1/L2M/sclnb/rcm-1_sclnb/2023/241/RCM1_OK2711518_PK2714266_1_SCLNB_20230829_113322_VV_VH_GRD/rcm1-sclnb-owi-cm-20230829t113320-20230829t113435-00003-xxxxx.nc
al102023,IRWIN,rcm1-sclna-owi-cm-20230830t114001-20230830t114117-00003-______ll_gd_GEO-IRWIN.nc,29.2890529632568,275.977966308594,"2023-08-30T11:40:01,000",/scale/user/mtannaou/alternance/donnees_sar_changes/rcm1-sclna-owi-cm-20230830t114001-20230830t114117-00003-xxxxx_aeqd.nc,rcm1-sclna-owi-cm-20230830t114001-20230830t114117-00003-xxxxx.nc,/home/datawork-cersat-public/cache/public/ftp/project/sarwing/processings/grdwind+windir_2025v6v12_2v0_0v3v9_0v0v6_0v0v6_1v4v3_1v0v15_1v0v10_1v2v5_1v2v2_1v1v1_1v2v1/cmod5n_ecmwf_norecal_rs2rcmgmfv4_28052025/rcm-1/L2M/sclna/rcm-1_sclna/2023/242/RCM1_OK2713309_PK2715757_1_SCLNA_20230830_114001_VV_VH_GRD/rcm1-sclna-owi-cm-20230830t114001-20230830t114117-00003-xxxxx.nc
al102023,IRWIN,rcm1-sc50mc-owi-cm-20230901t224049-20230901t224112-00003-______ll_gd_GEO-IRWIN.nc,32.0048599243164,293.592803955078,"2023-09-01T22:40:49,000",/scale/user/mtannaou/alternance/donnees_sar_changes/rcm1-sc50mc-owi-cm-20230901t224049-20230901t224112-00003-xxxxx_aeqd.nc,rcm1-sc50mc-owi-cm-20230901t224049-20230901t224112-00003-xxxxx.nc,/home/datawork-cersat-public/cache/public/ftp/project/sarwing/processings/grdwind+windir_2025v6v12_2v0_0v3v9_0v0v6_0v0v6_1v4v3_1v0v15_1v0v10_1v2v5_1v2v2_1v1v1_1v2v1/cmod5n_ecmwf_norecal_rs2rcmgmfv4_28052025/rcm-1/L2M/sc50mc/rcm-1_sc50mc/2023/244/RCM1_OK2719795_PK2719798_3_SC50MC_20230901_223901_HH_HV_GRD/rcm1-sc50mc-owi-cm-20230901t224049-20230901t224112-00003-xxxxx.nc
sh152023,IRWIN,rcm1-sclnc-owi-cm-20230301t180411-20230301t180505-00003-______ll_gd_GEO-IRWIN.nc,-20.7992649078369,171.118133544922,"2023-03-01T18:04:11,000",/scale/user/mtannaou/alternance/donnees_sar_changes/rcm1-sclnc-owi-cm-20230301t180411-20230301t180505-00003-xxxxx_aeqd.nc,rcm1-sclnc-owi-cm-20230301t180411-20230301t180505-00003-xxxxx.nc,/home/datawork-cersat-public/cache/public/ftp/project/sarwing/processings/grdwind+windir_2025v6v12_2v0_0v3v9_0v0v6_0v0v6_1v4v3_1v0v15_1v0v10_1v2v5_1v2v2_1v1v1_1v2v1/cmod5n_ecmwf_norecal_rs2rcmgmfv4_28052025/rcm-1/L2M/sclnc/rcm-1_sclnc/2023/060/RCM1_OK2460214_PK2463391_1_SCLNC_20230301_180414_VV_VH_GRD/rcm1-sclnc-owi-cm-20230301t180411-20230301t180505-00003-xxxxx.nc
sh152023,IRWIN,rcm2-sclnd-owi-cm-20230302t174042-20230302t174159-00003-______ll_gd_GEO-IRWIN.nc,-24.6272106170654,175.431976318359,"2023-03-02T17:40:42,000",/scale/user/mtannaou/alternance/donnees_sar_changes/rcm2-sclnd-owi-cm-20230302t174042-20230302t174159-00003-xxxxx_aeqd.nc,rcm2-sclnd-owi-cm-20230302t174042-20230302t174159-00003-xxxxx.nc,/home/datawork-cersat-public/cache/public/ftp/project/sarwing/processings/grdwind+windir_2025v6v12_2v0_0v3v9_0v0v6_0v0v6_1v4v3_1v0v15_1v0v10_1v2v5_1v2v2_1v1v1_1v2v1/cmod5n_ecmwf_norecal_rs2rcmgmfv4_28052025/rcm-2/L2M/sclnd/rcm-2_sclnd/2023/061/RCM2_OK2461788_PK2464575_1_SCLND_20230302_174043_VV_VH_GRD/rcm2-sclnd-owi-cm-20230302t174042-20230302t174159-00003-xxxxx.nc
sh152023,IRWIN,rcm2-sclna-owi-cm-20230302t065950-20230302t070054-00003-______ll_gd_GEO-IRWIN.nc,-23.0360774993897,173.069412231445,"2023-03-02T06:59:50,000",/scale/user/mtannaou/alternance/donnees_sar_changes/rcm2-sclna-owi-cm-20230302t065950-20230302t070054-00003-xxxxx_aeqd.nc,rcm2-sclna-owi-cm-20230302t065950-20230302t070054-00003-xxxxx.nc,/home/datawork-cersat-public/cache/public/ftp/project/sarwing/processings/grdwind+windir_2025v6v12_2v0_0v3v9_0v0v6_0v0v6_1v4v3_1v0v15_1v0v10_1v2v5_1v2v2_1v1v1_1v2v1/cmod5n_ecmwf_norecal_rs2rcmgmfv4_28052025/rcm-2/L2M/sclna/rcm-2_sclna/2023/061/RCM2_OK2461802_PK2464355_1_SCLNA_20230302_070001_VV_VH_GRD/rcm2-sclna-owi-cm-20230302t065950-20230302t070054-00003-xxxxx.nc
sh152023,IRWIN,rcm1-sclnd-owi-cm-20230301t072418-20230301t072558-00003-______ll_gd_GEO-IRWIN.nc,-19.3059997558594,169.204391479492,"2023-03-01T07:24:18,000",/scale/user/mtannaou/alternance/donnees_sar_changes/rcm1-sclnd-owi-cm-20230301t072418-20230301t072558-00003-xxxxx_aeqd.nc,rcm1-sclnd-owi-cm-20230301t072418-20230301t072558-00003-xxxxx.nc,/home/datawork-cersat-public/cache/public/ftp/project/sarwing/processings/grdwind+windir_2025v6v12_2v0_0v3v9_0v0v6_0v0v6_1v4v3_1v0v15_1v0v10_1v2v5_1v2v2_1v1v1_1v2v1/cmod5n_ecmwf_norecal_rs2rcmgmfv4_28052025/rcm-1/L2M/sclnd/rcm-1_sclnd/2023/060/RCM1_OK2460179_PK2462841_1_SCLND_20230301_072431_VV_VH_GRD/rcm1-sclnd-owi-cm-20230301t072418-20230301t072558-00003-xxxxx.nc
wp252020,IRWIN,s1b-ew-owi-cm-20201114t103802-20201114t104036-000003-02E20F_ll_gd_GEO-IRWIN.nc,16.0154781341553,109.957878112793,"2020-11-14T10:38:02,000",/scale/user/mtannaou/alternance/donnees_sar_changes/s1b-ew-owi-cm-20201114t103802-20201114t104036-000003-02E20F_aeqd.nc,s1b-ew-owi-cm-20201114t103802-20201114t104036-000003-02E20F.nc,/home/datawork-cersat-public/cache/public/ftp/project/sarwing/processings/grdwind+windir_2025v6v12_2v0_0v3v9_0v0v6_0v0v6_1v4v3_1v0v15_1v0v10_1v2v5_1v2v2_1v1v1_1v2v1/cmod5n_ecmwf_norecal_rs2rcmgmfv4_28052025/sentinel-1b/L2M/EW/S1B_EW_GRDM_1S/2020/319/S1B_EW_GRDM_1SDV_20201114T103802_20201114T104036_024260_02E20F_2877XD9DFXDB91/s1b-ew-owi-cm-20201114t103802-20201114t104036-000003-02E20F.nc
wp202024,IRWIN,rcm3-sc50ma-owi-cm-20240928t214406-20240928t214810-00003-______ll_gd_GEO-IRWIN.nc,18.6010684967041,124.571502685547,"2024-09-28T21:44:06,000",/scale/user/mtannaou/alternance/donnees_sar_changes/rcm3-sc50ma-owi-cm-20240928t214406-20240928t214810-00003-xxxxx_aeqd.nc,rcm3-sc50ma-owi-cm-20240928t214406-20240928t214810-00003-xxxxx.nc,/home/datawork-cersat-public/cache/public/ftp/project/sarwing/processings/grdwind+windir_2025v6v12_2v0_0v3v9_0v0v6_0v0v6_1v4v3_1v0v15_1v0v10_1v2v5_1v2v2_1v1v1_1v2v1/cmod5n_ecmwf_norecal_rs2rcmgmfv4_28052025/rcm-3/L2M/sc50ma/rcm-3_sc50ma/2024/272/RCM3_OK3291074_PK3291075_1_SC50MA_20240928_214421_HH_HV_GRD/rcm3-sc50ma-owi-cm-20240928t214406-20240928t214810-00003-xxxxx.nc
wp202024,IRWIN,rcm3-sc50mc-owi-cm-20240929t100030-20240929t100148-00003-______ll_gd_GEO-IRWIN.nc,19.401008605957,123.686576843262,"2024-09-29T10:00:30,000",/scale/user/mtannaou/alternance/donnees_sar_changes/rcm3-sc50mc-owi-cm-20240929t100030-20240929t100148-00003-xxxxx_aeqd.nc,rcm3-sc50mc-owi-cm-20240929t100030-20240929t100148-00003-xxxxx.nc,/home/datawork-cersat-public/cache/public/ftp/project/sarwing/processings/grdwind+windir_2025v6v12_2v0_0v3v9_0v0v6_0v0v6_1v4v3_1v0v15_1v0v10_1v2v5_1v2v2_1v1v1_1v2v1/cmod5n_ecmwf_norecal_rs2rcmgmfv4_28052025/rcm-3/L2M/sc50mc/rcm-3_sc50mc/2024/273/RCM3_OK3289120_PK3290514_1_SC50MC_20240929_095939_HH_HV_GRD/rcm3-sc50mc-owi-cm-20240929t100030-20240929t100148-00003-xxxxx.nc
wp202024,IRWIN,s1a-ew-owi-cm-20240930t220123-20240930t220227-000003-06D55C_ll_gd_GEO-IRWIN.nc,20.5176258087158,119.849060058594,"2024-09-30T22:01:23,000",/scale/user/mtannaou/alternance/donnees_sar_changes/s1a-ew-owi-cm-20240930t220123-20240930t220227-000003-06D55C_aeqd.nc,s1a-ew-owi-cm-20240930t220123-20240930t220227-000003-06D55C.nc,/home/datawork-cersat-public/cache/public/ftp/project/sarwing/processings/grdwind+windir_2025v6v12_2v0_0v3v9_0v0v6_0v0v6_1v4v3_1v0v15_1v0v10_1v2v5_1v2v2_1v1v1_1v2v1/cmod5n_ecmwf_norecal_rs2rcmgmfv4_28052025/sentinel-1a/L2M/EW/S1A_EW_GRDM_1S/2024/274/S1A_EW_GRDM_1SDV_20240930T220123_20240930T220227_055900_06D55C_A0A2/s1a-ew-owi-cm-20240930t220123-20240930t220227-000003-06D55C.nc
wp202024,IRWIN,rcm3-sc50mc-owi-cm-20240928t095220-20240928t095337-00003-______ll_gd_GEO-IRWIN.nc,18.5818557739258,125.487083435059,"2024-09-28T09:52:20,000",/scale/user/mtannaou/alternance/donnees_sar_changes/rcm3-sc50mc-owi-cm-20240928t095220-20240928t095337-00003-xxxxx_aeqd.nc,rcm3-sc50mc-owi-cm-20240928t095220-20240928t095337-00003-xxxxx.nc,/home/datawork-cersat-public/cache/public/ftp/project/sarwing/processings/grdwind+windir_2025v6v12_2v0_0v3v9_0v0v6_0v0v6_1v4v3_1v0v15_1v0v10_1v2v5_1v2v2_1v1v1_1v2v1/cmod5n_ecmwf_norecal_rs2rcmgmfv4_28052025/rcm-3/L2M/sc50mc/rcm-3_sc50mc/2024/272/RCM3_OK3287509_PK3289340_1_SC50MC_20240928_095024_HH_HV_GRD/rcm3-sc50mc-owi-cm-20240928t095220-20240928t095337-00003-xxxxx.nc
wp202024,IRWIN,rcm3-sclnd-owi-cm-20240930t100855-20240930t100938-00003-______ll_gd_GEO-IRWIN.nc,20.5117664337158,120.926223754883,"2024-09-30T10:08:55,000",/scale/user/mtannaou/alternance/donnees_sar_changes/rcm3-sclnd-owi-cm-20240930t100855-20240930t100938-00003-xxxxx_aeqd.nc,rcm3-sclnd-owi-cm-20240930t100855-20240930t100938-00003-xxxxx.nc,/home/datawork-cersat-public/cache/public/ftp/project/sarwing/processings/grdwind+windir_2025v6v12_2v0_0v3v9_0v0v6_0v0v6_1v4v3_1v0v15_1v0v10_1v2v5_1v2v2_1v1v1_1v2v1/cmod5n_ecmwf_norecal_rs2rcmgmfv4_28052025/rcm-3/L2M/sclnd/rcm-3_sclnd/2024/274/RCM3_OK3290678_PK3292501_1_SCLND_20240930_100857_VV_VH_GRD/rcm3-sclnd-owi-cm-20240930t100855-20240930t100938-00003-xxxxx.nc
sh072024,IRWIN,rcm3-sclnd-owi-cm-20240125t084539-20240125t084656-00003-______ll_gd_GEO-IRWIN.nc,-18.8988304138184,147.531143188477,"2024-01-25T08:45:39,000",/scale/user/mtannaou/alternance/donnees_sar_changes/rcm3-sclnd-owi-cm-20240125t084539-20240125t084656-00003-xxxxx_aeqd.nc,rcm3-sclnd-owi-cm-20240125t084539-20240125t084656-00003-xxxxx.nc,/home/datawork-cersat-public/cache/public/ftp/project/sarwing/processings/grdwind+windir_2025v6v12_2v0_0v3v9_0v0v6_0v0v6_1v4v3_1v0v15_1v0v10_1v2v5_1v2v2_1v1v1_1v2v1/cmod5n_ecmwf_norecal_rs2rcmgmfv4_28052025/rcm-3/L2M/sclnd/rcm-3_sclnd/2024/025/RCM3_OK2917756_PK2919350_1_SCLND_20240125_084540_VV_VH_GRD/rcm3-sclnd-owi-cm-20240125t084539-20240125t084656-00003-xxxxx.nc
sh072024,IRWIN,rcm2-sclna-owi-cm-20240125t195611-20240125t195726-00003-______ll_gd_GEO-IRWIN.nc,-19.6136798858643,145.187133789063,"2024-01-25T19:56:11,000",/scale/user/mtannaou/alternance/donnees_sar_changes/rcm2-sclna-owi-cm-20240125t195611-20240125t195726-00003-xxxxx_aeqd.nc,rcm2-sclna-owi-cm-20240125t195611-20240125t195726-00003-xxxxx.nc,/home/datawork-cersat-public/cache/public/ftp/project/sarwing/processings/grdwind+windir_2025v6v12_2v0_0v3v9_0v0v6_0v0v6_1v4v3_1v0v15_1v0v10_1v2v5_1v2v2_1v1v1_1v2v1/cmod5n_ecmwf_norecal_rs2rcmgmfv4_28052025/rcm-2/L2M/sclna/rcm-2_sclna/2024/025/RCM2_OK2917789_PK2920112_1_SCLNA_20240125_195613_VV_VH_GRD/rcm2-sclna-owi-cm-20240125t195611-20240125t195726-00003-xxxxx.nc
wp102020,IRWIN,rs2-scwa-owi-cm-20200901t213245-20200901t213508-00003-______ll_gd_GEO-IRWIN.nc,29.6743030548096,126.661666870117,"2020-09-01T21:32:45,000",/scale/user/mtannaou/alternance/donnees_sar_changes/rs2-scwa-owi-cm-20200901t213245-20200901t213508-00003-xxxxx_aeqd.nc,rs2-scwa-owi-cm-20200901t213245-20200901t213508-00003-xxxxx.nc,/home/datawork-cersat-public/cache/public/ftp/project/sarwing/processings/grdwind+windir_2025v6v12_2v0_0v3v9_0v0v6_0v0v6_1v4v3_1v0v15_1v0v10_1v2v5_1v2v2_1v1v1_1v2v1/cmod5n_ecmwf_norecal_rs2rcmgmfv4_28052025/RS2/L2M/SCWA/RS2_SCWA/2020/245/RS2_OK123606_PK1086486X487_DK1032951X952_SCWA_20200901_213245_213352_VV_VH_SGF/rs2-scwa-owi-cm-20200901t213245-20200901t213508-00003-xxxxx.nc
wp102020,IRWIN,s1b-ew-owi-cm-20200901t212522-20200901t212726-000003-02C081_ll_gd_GEO-IRWIN.nc,29.6743030548096,126.661666870117,"2020-09-01T21:25:22,000",,s1b-ew-owi-cm-20200901t212522-20200901t212812-000003-02C081.nc,/home/datawork-cersat-public/cache/public/ftp/project/sarwing/processings/grdwind+windir_2025v6v12_2v0_0v3v9_0v0v6_0v0v6_1v4v3_1v0v15_1v0v10_1v2v5_1v2v2_1v1v1_1v2v1/cmod5n_ecmwf_norecal_rs2rcmgmfv4_28052025/sentinel-1b/L2M/EW/S1B_EW_GRDM_1S/2020/245/S1B_EW_GRDM_1SDV_20200901T212522_20200901T212812_023187_02C081_B066XD3EEXDD2D/s1b-ew-owi-cm-20200901t212522-20200901t212812-000003-02C081.nc
wp102020,IRWIN,rs2-scwa-owi-cm-20200831t094052-20200831t094316-00003-______ll_gd_GEO-IRWIN.nc,24.5782470703125,127.343307495117,"2020-08-31T09:40:52,000",/scale/user/mtannaou/alternance/donnees_sar_changes/rs2-scwa-owi-cm-20200831t094052-20200831t094316-00003-xxxxx_aeqd.nc,rs2-scwa-owi-cm-20200831t094052-20200831t094316-00003-xxxxx.nc,/home/datawork-cersat-public/cache/public/ftp/project/sarwing/processings/grdwind+windir_2025v6v12_2v0_0v3v9_0v0v6_0v0v6_1v4v3_1v0v15_1v0v10_1v2v5_1v2v2_1v1v1_1v2v1/cmod5n_ecmwf_norecal_rs2rcmgmfv4_28052025/RS2/L2M/SCWA/RS2_SCWA/2020/244/RS2_OK123606_PK1086484X485_DK1032949X950_SCWA_20200831_094052_094159_VV_VH_SGF/rs2-scwa-owi-cm-20200831t094052-20200831t094316-00003-xxxxx.nc
wp072024,IRWIN,rcm1-sc50ma-owi-cm-20240813t080420-20240813t080537-00003-______ll_gd_GEO-IRWIN.nc,36.2036170959473,146.795715332031,"2024-08-13T08:04:20,000",,rcm1-sc50ma-owi-cm-20240813t080451-20240813t080537-00003-xxxxx.nc,/home/datawork-cersat-public/cache/public/ftp/project/sarwing/processings/grdwind+windir_2025v6v12_2v0_0v3v9_0v0v6_0v0v6_1v4v3_1v0v15_1v0v10_1v2v5_1v2v2_1v1v1_1v2v1/cmod5n_ecmwf_norecal_rs2rcmgmfv4_28052025/rcm-1/L2M/sc50ma/rcm-1_sc50ma/2024/226/RCM1_OK3001834_PK3208648_2_SC50MA_20240813_080402_HH_HV_GRD/rcm1-sc50ma-owi-cm-20240813t080451-20240813t080537-00003-xxxxx.nc
wp072024,IRWIN,rcm1-sc50mb-owi-cm-20240812t075510-20240812t075628-00003-______ll_gd_GEO-IRWIN.nc,32.4048576354981,151.489608764648,"2024-08-12T07:55:10,000",/scale/user/mtannaou/alternance/donnees_sar_changes/rcm1-sc50mb-owi-cm-20240812t075510-20240812t075628-00003-xxxxx_aeqd.nc,rcm1-sc50mb-owi-cm-20240812t075510-20240812t075628-00003-xxxxx.nc,/home/datawork-cersat-public/cache/public/ftp/project/sarwing/processings/grdwind+windir_2025v6v12_2v0_0v3v9_0v0v6_0v0v6_1v4v3_1v0v15_1v0v10_1v2v5_1v2v2_1v1v1_1v2v1/cmod5n_ecmwf_norecal_rs2rcmgmfv4_28052025/rcm-1/L2M/sc50mb/rcm-1_sc50mb/2024/225/RCM1_OK3205558_PK3206976_1_SC50MB_20240812_075511_HH_HV_GRD/rcm1-sc50mb-owi-cm-20240812t075510-20240812t075628-00003-xxxxx.nc
wp072024,IRWIN,rcm3-sc50ma-owi-cm-20240812t201344-20240812t201444-00003-______ll_gd_GEO-IRWIN.nc,34.240364074707,149.357437133789,"2024-08-12T20:13:44,000",,rcm3-sc50ma-owi-cm-20240812t201347-20240812t201504-00003-xxxxx.nc,/home/datawork-cersat-public/cache/public/ftp/project/sarwing/processings/grdwind+windir_2025v6v12_2v0_0v3v9_0v0v6_0v0v6_1v4v3_1v0v15_1v0v10_1v2v5_1v2v2_1v1v1_1v2v1/cmod5n_ecmwf_norecal_rs2rcmgmfv4_28052025/rcm-3/L2M/sc50ma/rcm-3_sc50ma/2024/225/RCM3_OK3205574_PK3207859_1_SC50MA_20240812_201347_HH_HV_GRD/rcm3-sc50ma-owi-cm-20240812t201347-20240812t201504-00003-xxxxx.nc
ep112022,IRWIN,s1a-iw-owi-cm-20220902t132305-20220902t132357-000003-055A84_ll_gd_GEO-IRWIN.nc,20.2122554779053,248.043350219727,"2022-09-02T13:23:05,000",/scale/user/mtannaou/alternance/donnees_sar_changes/s1a-iw-owi-cm-20220902t132305-20220902t132357-000003-055A84_aeqd.nc,s1a-iw-owi-cm-20220902t132305-20220902t132357-000003-055A84.nc,/home/datawork-cersat-public/cache/public/ftp/project/sarwing/processings/grdwind+windir_2025v6v12_2v0_0v3v9_0v0v6_0v0v6_1v4v3_1v0v15_1v0v10_1v2v5_1v2v2_1v1v1_1v2v1/cmod5n_ecmwf_norecal_rs2rcmgmfv4_28052025/sentinel-1a/L2M/IW/S1A_IW_GRDH_1S/2022/245/S1A_IW_GRDH_1SDV_20220902T132305_20220902T132357_044826_055A84_E56BXF055/s1a-iw-owi-cm-20220902t132305-20220902t132357-000003-055A84.nc
wp062023,IRWIN,rcm3-sclnd-owi-cm-20230729t205111-20230729t205136-00003-______ll_gd_GEO-IRWIN.nc,17.9500160217285,132.869995117188,"2023-07-29T20:51:11,000",/scale/user/mtannaou/alternance/donnees_sar_changes/rcm3-sclnd-owi-cm-20230729t205111-20230729t205136-00003-xxxxx_aeqd.nc,rcm3-sclnd-owi-cm-20230729t205111-20230729t205136-00003-xxxxx.nc,/home/datawork-cersat-public/cache/public/ftp/project/sarwing/processings/grdwind+windir_2025v6v12_2v0_0v3v9_0v0v6_0v0v6_1v4v3_1v0v15_1v0v10_1v2v5_1v2v2_1v1v1_1v2v1/cmod5n_ecmwf_norecal_rs2rcmgmfv4_28052025/rcm-3/L2M/sclnd/rcm-3_sclnd/2023/210/RCM3_OK2667190_PK2670334_1_SCLND_20230729_205114_VV_VH_GRD/rcm3-sclnd-owi-cm-20230729t205111-20230729t205136-00003-xxxxx.nc
wp062023,IRWIN,s1a-ew-owi-cm-20230804t213456-20230804t213559-000003-05FAEB_ll_gd_GEO-IRWIN.nc,27.7494411468506,126.563049316406,"2023-08-04T21:34:56,000",/scale/user/mtannaou/alternance/donnees_sar_changes/s1a-ew-owi-cm-20230804t213456-20230804t213559-000003-05FAEB_aeqd.nc,rcm3-sc50ma-owi-cm-20230804t213616-20230804t213733-00003-xxxxx.nc,/home/datawork-cersat-public/cache/public/ftp/project/sarwing/processings/grdwind+windir_2025v6v12_2v0_0v3v9_0v0v6_0v0v6_1v4v3_1v0v15_1v0v10_1v2v5_1v2v2_1v1v1_1v2v1/cmod5n_ecmwf_norecal_rs2rcmgmfv4_28052025/rcm-3/L2M/sc50ma/rcm-3_sc50ma/2023/216/RCM3_OK2676180_PK2679080_1_SC50MA_20230804_213614_HH_HV_GRD/rcm3-sc50ma-owi-cm-20230804t213616-20230804t213733-00003-xxxxx.nc
wp062023,IRWIN,rcm1-sc50ma-owi-cm-20230806t093024-20230806t093122-00003-______ll_gd_GEO-IRWIN.nc,27.7820529937744,130.239944458008,"2023-08-06T09:30:24,000",/scale/user/mtannaou/alternance/donnees_sar_changes/rcm1-sc50ma-owi-cm-20230806t093024-20230806t093122-00003-xxxxx_aeqd.nc,rcm1-sc50ma-owi-cm-20230806t093024-20230806t093122-00003-xxxxx.nc,/home/datawork-cersat-public/cache/public/ftp/project/sarwing/processings/grdwind+windir_2025v6v12_2v0_0v3v9_0v0v6_0v0v6_1v4v3_1v0v15_1v0v10_1v2v5_1v2v2_1v1v1_1v2v1/cmod5n_ecmwf_norecal_rs2rcmgmfv4_28052025/rcm-1/L2M/sc50ma/rcm-1_sc50ma/2023/218/RCM1_OK2679552_PK2681019_1_SC50MA_20230806_093026_HH_HV_GRD/rcm1-sc50ma-owi-cm-20230806t093024-20230806t093122-00003-xxxxx.nc
wp062023,IRWIN,rcm3-sc50ma-owi-cm-20230801t092202-20230801t092318-00003-______ll_gd_GEO-IRWIN.nc,25.0730457305908,128.539886474609,"2023-08-01T09:22:02,000",/scale/user/mtannaou/alternance/donnees_sar_changes/rcm3-sc50ma-owi-cm-20230801t092202-20230801t092318-00003-xxxxx_aeqd.nc,rcm3-sc50ma-owi-cm-20230801t092202-20230801t092318-00003-xxxxx.nc,/home/datawork-cersat-public/cache/public/ftp/project/sarwing/processings/grdwind+windir_2025v6v12_2v0_0v3v9_0v0v6_0v0v6_1v4v3_1v0v15_1v0v10_1v2v5_1v2v2_1v1v1_1v2v1/cmod5n_ecmwf_norecal_rs2rcmgmfv4_28052025/rcm-3/L2M/sc50ma/rcm-3_sc50ma/2023/213/RCM3_OK2671840_PK2673752_1_SC50MA_20230801_092201_HH_HV_GRD/rcm3-sc50ma-owi-cm-20230801t092202-20230801t092318-00003-xxxxx.nc
wp062023,IRWIN,rcm3-sc50mc-owi-cm-20230803t212828-20230803t212943-00003-______ll_gd_GEO-IRWIN.nc,27.0209884643555,124.327995300293,"2023-08-03T21:28:28,000",/scale/user/mtannaou/alternance/donnees_sar_changes/rcm3-sc50mc-owi-cm-20230803t212828-20230803t212943-00003-xxxxx_aeqd.nc,rcm3-sc50mc-owi-cm-20230803t212828-20230803t212943-00003-xxxxx.nc,/home/datawork-cersat-public/cache/public/ftp/project/sarwing/processings/grdwind+windir_2025v6v12_2v0_0v3v9_0v0v6_0v0v6_1v4v3_1v0v15_1v0v10_1v2v5_1v2v2_1v1v1_1v2v1/cmod5n_ecmwf_norecal_rs2rcmgmfv4_28052025/rcm-3/L2M/sc50mc/rcm-3_sc50mc/2023/215/RCM3_OK2675186_PK2677732_1_SC50MC_20230803_212829_HH_HV_GRD/rcm3-sc50mc-owi-cm-20230803t212828-20230803t212943-00003-xxxxx.nc
wp062023,IRWIN,rcm1-sc50ma-owi-cm-20230805t092215-20230805t092333-00003-______ll_gd_GEO-IRWIN.nc,27.8172798156738,127.899490356445,"2023-08-05T09:22:15,000",/scale/user/mtannaou/alternance/donnees_sar_changes/rcm1-sc50ma-owi-cm-20230805t092215-20230805t092333-00003-xxxxx_aeqd.nc,rcm1-sc50ma-owi-cm-20230805t092215-20230805t092333-00003-xxxxx.nc,/home/datawork-cersat-public/cache/public/ftp/project/sarwing/processings/grdwind+windir_2025v6v12_2v0_0v3v9_0v0v6_0v0v6_1v4v3_1v0v15_1v0v10_1v2v5_1v2v2_1v1v1_1v2v1/cmod5n_ecmwf_norecal_rs2rcmgmfv4_28052025/rcm-1/L2M/sc50ma/rcm-1_sc50ma/2023/217/RCM1_OK2677510_PK2679720_1_SC50MA_20230805_092217_HH_HV_GRD/rcm1-sc50ma-owi-cm-20230805t092215-20230805t092333-00003-xxxxx.nc
wp062023,IRWIN,rcm3-sc50ma-owi-cm-20230804t213616-20230804t213733-00003-______ll_gd_GEO-IRWIN.nc,27.7535934448242,126.579956054688,"2023-08-04T21:36:16,000",/scale/user/mtannaou/alternance/donnees_sar_changes/rcm3-sc50ma-owi-cm-20230804t213616-20230804t213733-00003-xxxxx_aeqd.nc,rcm3-sc50ma-owi-cm-20230804t213616-20230804t213733-00003-xxxxx.nc,/home/datawork-cersat-public/cache/public/ftp/project/sarwing/processings/grdwind+windir_2025v6v12_2v0_0v3v9_0v0v6_0v0v6_1v4v3_1v0v15_1v0v10_1v2v5_1v2v2_1v1v1_1v2v1/cmod5n_ecmwf_norecal_rs2rcmgmfv4_28052025/rcm-3/L2M/sc50ma/rcm-3_sc50ma/2023/216/RCM3_OK2676180_PK2679080_1_SC50MA_20230804_213614_HH_HV_GRD/rcm3-sc50ma-owi-cm-20230804t213616-20230804t213733-00003-xxxxx.nc
wp062023,IRWIN,rcm1-sc50mc-owi-cm-20230805t211149-20230805t211304-00003-______ll_gd_GEO-IRWIN.nc,27.8799667358398,129.041870117188,"2023-08-05T21:11:49,000",/scale/user/mtannaou/alternance/donnees_sar_changes/rcm1-sc50mc-owi-cm-20230805t211149-20230805t211304-00003-xxxxx_aeqd.nc,rcm1-sc50mc-owi-cm-20230805t211149-20230805t211304-00003-xxxxx.nc,/home/datawork-cersat-public/cache/public/ftp/project/sarwing/processings/grdwind+windir_2025v6v12_2v0_0v3v9_0v0v6_0v0v6_1v4v3_1v0v15_1v0v10_1v2v5_1v2v2_1v1v1_1v2v1/cmod5n_ecmwf_norecal_rs2rcmgmfv4_28052025/rcm-1/L2M/sc50mc/rcm-1_sc50mc/2023/217/RCM1_OK2677966_PK2680365_1_SC50MC_20230805_211150_HH_HV_GRD/rcm1-sc50mc-owi-cm-20230805t211149-20230805t211304-00003-xxxxx.nc
wp062023,IRWIN,s1a-ew-owi-cm-20230802t094501-20230802t094605-000003-05F9CD_ll_gd_GEO-IRWIN.nc,26.1369228363037,125.839874267578,"2023-08-02T09:45:01,000",/scale/user/mtannaou/alternance/donnees_sar_changes/s1a-ew-owi-cm-20230802t094501-20230802t094605-000003-05F9CD_aeqd.nc,s1a-ew-owi-cm-20230802t094501-20230802t094605-000003-05F9CD.nc,/home/datawork-cersat-public/cache/public/ftp/project/sarwing/processings/grdwind+windir_2025v6v12_2v0_0v3v9_0v0v6_0v0v6_1v4v3_1v0v15_1v0v10_1v2v5_1v2v2_1v1v1_1v2v1/cmod5n_ecmwf_norecal_rs2rcmgmfv4_28052025/sentinel-1a/L2M/EW/S1A_EW_GRDM_1S/2023/214/S1A_EW_GRDM_1SDV_20230802T094501_20230802T094605_049695_05F9CD_6A4A/s1a-ew-owi-cm-20230802t094501-20230802t094605-000003-05F9CD.nc
wp062023,IRWIN,rcm3-sc50ma-owi-cm-20230803t093829-20230803t093946-00003-______ll_gd_GEO-IRWIN.nc,26.6904430389404,124.233062744141,"2023-08-03T09:38:29,000",/scale/user/mtannaou/alternance/donnees_sar_changes/rcm3-sc50ma-owi-cm-20230803t093829-20230803t093946-00003-xxxxx_aeqd.nc,rcm3-sc50ma-owi-cm-20230803t093829-20230803t093946-00003-xxxxx.nc,/home/datawork-cersat-public/cache/public/ftp/project/sarwing/processings/grdwind+windir_2025v6v12_2v0_0v3v9_0v0v6_0v0v6_1v4v3_1v0v15_1v0v10_1v2v5_1v2v2_1v1v1_1v2v1/cmod5n_ecmwf_norecal_rs2rcmgmfv4_28052025/rcm-3/L2M/sc50ma/rcm-3_sc50ma/2023/215/RCM3_OK2675181_PK2676913_1_SC50MA_20230803_093829_HH_HV_GRD/rcm3-sc50ma-owi-cm-20230803t093829-20230803t093946-00003-xxxxx.nc
wp062023,IRWIN,rcm3-sc50ma-owi-cm-20230731t091349-20230731t091500-00003-______ll_gd_GEO-IRWIN.nc,22.9512004852295,131.414215087891,"2023-07-31T09:13:49,000",/scale/user/mtannaou/alternance/donnees_sar_changes/rcm3-sc50ma-owi-cm-20230731t091349-20230731t091500-00003-xxxxx_aeqd.nc,rcm3-sc50ma-owi-cm-20230731t091349-20230731t091500-00003-xxxxx.nc,/home/datawork-cersat-public/cache/public/ftp/project/sarwing/processings/grdwind+windir_2025v6v12_2v0_0v3v9_0v0v6_0v0v6_1v4v3_1v0v15_1v0v10_1v2v5_1v2v2_1v1v1_1v2v1/cmod5n_ecmwf_norecal_rs2rcmgmfv4_28052025/rcm-3/L2M/sc50ma/rcm-3_sc50ma/2023/212/RCM3_OK2671024_PK2672276_1_SC50MA_20230731_091349_HH_HV_GRD/rcm3-sc50ma-owi-cm-20230731t091349-20230731t091500-00003-xxxxx.nc
wp062023,IRWIN,rcm1-sc50ma-owi-cm-20230806t211922-20230806t212037-00003-______ll_gd_GEO-IRWIN.nc,27.728593826294,131.052185058594,"2023-08-06T21:19:22,000",/scale/user/mtannaou/alternance/donnees_sar_changes/rcm1-sc50ma-owi-cm-20230806t211922-20230806t212037-00003-xxxxx_aeqd.nc,rcm1-sc50ma-owi-cm-20230806t211922-20230806t212037-00003-xxxxx.nc,/home/datawork-cersat-public/cache/public/ftp/project/sarwing/processings/grdwind+windir_2025v6v12_2v0_0v3v9_0v0v6_0v0v6_1v4v3_1v0v15_1v0v10_1v2v5_1v2v2_1v1v1_1v2v1/cmod5n_ecmwf_norecal_rs2rcmgmfv4_28052025/rcm-1/L2M/sc50ma/rcm-1_sc50ma/2023/218/RCM1_OK2679568_PK2681888_1_SC50MA_20230806_211924_HH_HV_GRD/rcm1-sc50ma-owi-cm-20230806t211922-20230806t212037-00003-xxxxx.nc
wp062023,IRWIN,rcm2-sc50ma-owi-cm-20230809t092338-20230809t092437-00003-______ll_gd_GEO-IRWIN.nc,31.8118000030518,128.862258911133,"2023-08-09T09:23:38,000",/scale/user/mtannaou/alternance/donnees_sar_changes/rcm2-sc50ma-owi-cm-20230809t092338-20230809t092437-00003-xxxxx_aeqd.nc,rcm2-sc50ma-owi-cm-20230809t092338-20230809t092437-00003-xxxxx.nc,/home/datawork-cersat-public/cache/public/ftp/project/sarwing/processings/grdwind+windir_2025v6v12_2v0_0v3v9_0v0v6_0v0v6_1v4v3_1v0v15_1v0v10_1v2v5_1v2v2_1v1v1_1v2v1/cmod5n_ecmwf_norecal_rs2rcmgmfv4_28052025/rcm-2/L2M/sc50ma/rcm-2_sc50ma/2023/221/RCM2_OK2683526_PK2685179_1_SC50MA_20230809_092338_HH_HV_GRD/rcm2-sc50ma-owi-cm-20230809t092338-20230809t092437-00003-xxxxx.nc
wp062023,IRWIN,s1a-ew-owi-cm-20230806t091256-20230806t091359-000003-05FB8C_ll_gd_GEO-IRWIN.nc,27.7870006561279,130.206802368164,"2023-08-06T09:12:56,000",/scale/user/mtannaou/alternance/donnees_sar_changes/s1a-ew-owi-cm-20230806t091256-20230806t091359-000003-05FB8C_aeqd.nc,s1a-ew-owi-cm-20230806t091256-20230806t091359-000003-05FB8C.nc,/home/datawork-cersat-public/cache/public/ftp/project/sarwing/processings/grdwind+windir_2025v6v12_2v0_0v3v9_0v0v6_0v0v6_1v4v3_1v0v15_1v0v10_1v2v5_1v2v2_1v1v1_1v2v1/cmod5n_ecmwf_norecal_rs2rcmgmfv4_28052025/sentinel-1a/L2M/EW/S1A_EW_GRDM_1S/2023/218/S1A_EW_GRDM_1SDV_20230806T091256_20230806T091359_049753_05FB8C_BC25/s1a-ew-owi-cm-20230806t091256-20230806t091359-000003-05FB8C.nc
wp062023,IRWIN,rcm2-sc50ma-owi-cm-20230807t090642-20230807t090758-00003-______ll_gd_GEO-IRWIN.nc,28.2442607879639,131.183654785156,"2023-08-07T09:06:42,000",/scale/user/mtannaou/alternance/donnees_sar_changes/rcm2-sc50ma-owi-cm-20230807t090642-20230807t090758-00003-xxxxx_aeqd.nc,rcm2-sc50ma-owi-cm-20230807t090642-20230807t090758-00003-xxxxx.nc,/home/datawork-cersat-public/cache/public/ftp/project/sarwing/processings/grdwind+windir_2025v6v12_2v0_0v3v9_0v0v6_0v0v6_1v4v3_1v0v15_1v0v10_1v2v5_1v2v2_1v1v1_1v2v1/cmod5n_ecmwf_norecal_rs2rcmgmfv4_28052025/rcm-2/L2M/sc50ma/rcm-2_sc50ma/2023/219/RCM2_OK2680124_PK2682534_1_SC50MA_20230807_090641_HH_HV_GRD/rcm2-sc50ma-owi-cm-20230807t090642-20230807t090758-00003-xxxxx.nc
wp062023,IRWIN,rcm3-sc50mb-owi-cm-20230804t094702-20230804t094745-00003-______ll_gd_GEO-IRWIN.nc,27.2615547180176,125.289031982422,"2023-08-04T09:47:02,000",/scale/user/mtannaou/alternance/donnees_sar_changes/rcm3-sc50mb-owi-cm-20230804t094702-20230804t094745-00003-xxxxx_aeqd.nc,rcm3-sc50mb-owi-cm-20230804t094702-20230804t094745-00003-xxxxx.nc,/home/datawork-cersat-public/cache/public/ftp/project/sarwing/processings/grdwind+windir_2025v6v12_2v0_0v3v9_0v0v6_0v0v6_1v4v3_1v0v15_1v0v10_1v2v5_1v2v2_1v1v1_1v2v1/cmod5n_ecmwf_norecal_rs2rcmgmfv4_28052025/rcm-3/L2M/sc50mb/rcm-3_sc50mb/2023/216/RCM3_OK2678343_PK2678348_1_SC50MB_20230804_094632_HH_HV_GRD/rcm3-sc50mb-owi-cm-20230804t094702-20230804t094745-00003-xxxxx.nc
wp062023,IRWIN,rcm3-sc50ma-owi-cm-20230730t090503-20230730t090618-00003-______ll_gd_GEO-IRWIN.nc,20.1155757904053,132.383102416992,"2023-07-30T09:05:03,000",/scale/user/mtannaou/alternance/donnees_sar_changes/rcm3-sc50ma-owi-cm-20230730t090503-20230730t090618-00003-xxxxx_aeqd.nc,rcm3-sc50ma-owi-cm-20230730t090503-20230730t090618-00003-xxxxx.nc,/home/datawork-cersat-public/cache/public/ftp/project/sarwing/processings/grdwind+windir_2025v6v12_2v0_0v3v9_0v0v6_0v0v6_1v4v3_1v0v15_1v0v10_1v2v5_1v2v2_1v1v1_1v2v1/cmod5n_ecmwf_norecal_rs2rcmgmfv4_28052025/rcm-3/L2M/sc50ma/rcm-3_sc50ma/2023/211/RCM3_OK2669128_PK2670969_1_SC50MA_20230730_090504_HH_HV_GRD/rcm3-sc50ma-owi-cm-20230730t090503-20230730t090618-00003-xxxxx.nc
wp062023,IRWIN,rcm3-sc50ma-owi-cm-20230802t093018-20230802t093135-00003-______ll_gd_GEO-IRWIN.nc,26.1326446533203,125.862503051758,"2023-08-02T09:30:18,000",/scale/user/mtannaou/alternance/donnees_sar_changes/rcm3-sc50ma-owi-cm-20230802t093018-20230802t093135-00003-xxxxx_aeqd.nc,rcm3-sc50ma-owi-cm-20230802t093018-20230802t093135-00003-xxxxx.nc,/home/datawork-cersat-public/cache/public/ftp/project/sarwing/processings/grdwind+windir_2025v6v12_2v0_0v3v9_0v0v6_0v0v6_1v4v3_1v0v15_1v0v10_1v2v5_1v2v2_1v1v1_1v2v1/cmod5n_ecmwf_norecal_rs2rcmgmfv4_28052025/rcm-3/L2M/sc50ma/rcm-3_sc50ma/2023/214/RCM3_OK2673250_PK2675475_1_SC50MA_20230802_093019_HH_HV_GRD/rcm3-sc50ma-owi-cm-20230802t093018-20230802t093135-00003-xxxxx.nc
wp062023,IRWIN,rcm2-sc50ma-owi-cm-20230808t091454-20230808t091610-00003-______ll_gd_GEO-IRWIN.nc,29.5876293182373,130.566421508789,"2023-08-08T09:14:54,000",/scale/user/mtannaou/alternance/donnees_sar_changes/rcm2-sc50ma-owi-cm-20230808t091454-20230808t091610-00003-xxxxx_aeqd.nc,rcm2-sc50ma-owi-cm-20230808t091454-20230808t091610-00003-xxxxx.nc,/home/datawork-cersat-public/cache/public/ftp/project/sarwing/processings/grdwind+windir_2025v6v12_2v0_0v3v9_0v0v6_0v0v6_1v4v3_1v0v15_1v0v10_1v2v5_1v2v2_1v1v1_1v2v1/cmod5n_ecmwf_norecal_rs2rcmgmfv4_28052025/rcm-2/L2M/sc50ma/rcm-2_sc50ma/2023/220/RCM2_OK2682181_PK2683779_1_SC50MA_20230808_091456_HH_HV_GRD/rcm2-sc50ma-owi-cm-20230808t091454-20230808t091610-00003-xxxxx.nc
wp062023,IRWIN,s1a-iw-owi-cm-20230806t211820-20230806t211916-000003-05FBCB_ll_gd_GEO-IRWIN.nc,27.728593826294,131.052185058594,"2023-08-06T21:18:20,000",,rcm1-sc50ma-owi-cm-20230806t211922-20230806t212037-00003-xxxxx.nc,/home/datawork-cersat-public/cache/public/ftp/project/sarwing/processings/grdwind+windir_2025v6v12_2v0_0v3v9_0v0v6_0v0v6_1v4v3_1v0v15_1v0v10_1v2v5_1v2v2_1v1v1_1v2v1/cmod5n_ecmwf_norecal_rs2rcmgmfv4_28052025/rcm-1/L2M/sc50ma/rcm-1_sc50ma/2023/218/RCM1_OK2679568_PK2681888_1_SC50MA_20230806_211924_HH_HV_GRD/rcm1-sc50ma-owi-cm-20230806t211922-20230806t212037-00003-xxxxx.nc
wp142024,IRWIN,rcm1-sclna-owi-cm-20240913t085700-20240913t085814-00003-______ll_gd_GEO-IRWIN.nc,23.8925457000732,135.092041015625,"2024-09-13T08:57:00,000",/scale/user/mtannaou/alternance/donnees_sar_changes/rcm1-sclna-owi-cm-20240913t085700-20240913t085814-00003-xxxxx_aeqd.nc,rcm1-sclna-owi-cm-20240913t085700-20240913t085814-00003-xxxxx.nc,/home/datawork-cersat-public/cache/public/ftp/project/sarwing/processings/grdwind+windir_2025v6v12_2v0_0v3v9_0v0v6_0v0v6_1v4v3_1v0v15_1v0v10_1v2v5_1v2v2_1v1v1_1v2v1/cmod5n_ecmwf_norecal_rs2rcmgmfv4_28052025/rcm-1/L2M/sclna/rcm-1_sclna/2024/257/RCM1_OK3258776_PK3261735_1_SCLNA_20240913_085701_VV_VH_GRD/rcm1-sclna-owi-cm-20240913t085700-20240913t085814-00003-xxxxx.nc
wp142024,IRWIN,rcm1-sclnb-owi-cm-20240912t084754-20240912t084911-00003-______ll_gd_GEO-IRWIN.nc,19.1478977203369,139.453857421875,"2024-09-12T08:47:54,000",/scale/user/mtannaou/alternance/donnees_sar_changes/rcm1-sclnb-owi-cm-20240912t084754-20240912t084911-00003-xxxxx_aeqd.nc,rcm1-sclnb-owi-cm-20240912t084754-20240912t084911-00003-xxxxx.nc,/home/datawork-cersat-public/cache/public/ftp/project/sarwing/processings/grdwind+windir_2025v6v12_2v0_0v3v9_0v0v6_0v0v6_1v4v3_1v0v15_1v0v10_1v2v5_1v2v2_1v1v1_1v2v1/cmod5n_ecmwf_norecal_rs2rcmgmfv4_28052025/rcm-1/L2M/sclnb/rcm-1_sclnb/2024/256/RCM1_OK3254971_PK3258912_1_SCLNB_20240912_084755_VV_VH_GRD/rcm1-sclnb-owi-cm-20240912t084754-20240912t084911-00003-xxxxx.nc
wp142024,IRWIN,rcm3-sc50mc-owi-cm-20240915t094727-20240915t094845-00003-______ll_gd_GEO-IRWIN.nc,30.2012405395508,125.710861206055,"2024-09-15T09:47:27,000",/scale/user/mtannaou/alternance/donnees_sar_changes/rcm3-sc50mc-owi-cm-20240915t094727-20240915t094845-00003-xxxxx_aeqd.nc,rcm3-sc50mc-owi-cm-20240915t094727-20240915t094845-00003-xxxxx.nc,/home/datawork-cersat-public/cache/public/ftp/project/sarwing/processings/grdwind+windir_2025v6v12_2v0_0v3v9_0v0v6_0v0v6_1v4v3_1v0v15_1v0v10_1v2v5_1v2v2_1v1v1_1v2v1/cmod5n_ecmwf_norecal_rs2rcmgmfv4_28052025/rcm-3/L2M/sc50mc/rcm-3_sc50mc/2024/259/RCM3_OK3265015_PK3266408_1_SC50MC_20240915_094142_HH_HV_GRD/rcm3-sc50mc-owi-cm-20240915t094727-20240915t094845-00003-xxxxx.nc
wp142024,IRWIN,rcm3-sc50mc-owi-cm-20240914t212800-20240914t212918-00003-______ll_gd_GEO-IRWIN.nc,29.2013187408447,127.832000732422,"2024-09-14T21:28:00,000",/scale/user/mtannaou/alternance/donnees_sar_changes/rcm3-sc50mc-owi-cm-20240914t212800-20240914t212918-00003-xxxxx_aeqd.nc,rcm3-sc50mc-owi-cm-20240914t212800-20240914t212918-00003-xxxxx.nc,/home/datawork-cersat-public/cache/public/ftp/project/sarwing/processings/grdwind+windir_2025v6v12_2v0_0v3v9_0v0v6_0v0v6_1v4v3_1v0v15_1v0v10_1v2v5_1v2v2_1v1v1_1v2v1/cmod5n_ecmwf_norecal_rs2rcmgmfv4_28052025/rcm-3/L2M/sc50mc/rcm-3_sc50mc/2024/258/RCM3_OK3261759_PK3265818_1_SC50MC_20240914_212502_HH_HV_GRD/rcm3-sc50mc-owi-cm-20240914t212800-20240914t212918-00003-xxxxx.nc
wp142024,IRWIN,rcm3-sc50mc-owi-cm-20240916t095600-20240916t095717-00003-______ll_gd_GEO-IRWIN.nc,31.5983753204346,120.021484375,"2024-09-16T09:56:00,000",/scale/user/mtannaou/alternance/donnees_sar_changes/rcm3-sc50mc-owi-cm-20240916t095600-20240916t095717-00003-xxxxx_aeqd.nc,rcm3-sc50mc-owi-cm-20240916t095600-20240916t095717-00003-xxxxx.nc,/home/datawork-cersat-public/cache/public/ftp/project/sarwing/processings/grdwind+windir_2025v6v12_2v0_0v3v9_0v0v6_0v0v6_1v4v3_1v0v15_1v0v10_1v2v5_1v2v2_1v1v1_1v2v1/cmod5n_ecmwf_norecal_rs2rcmgmfv4_28052025/rcm-3/L2M/sc50mc/rcm-3_sc50mc/2024/260/RCM3_OK3265522_PK3267839_1_SC50MC_20240916_095554_HH_HV_GRD/rcm3-sc50mc-owi-cm-20240916t095600-20240916t095717-00003-xxxxx.nc
wp142024,IRWIN,rcm1-sc50mb-owi-cm-20240912t204122-20240912t204238-00003-______ll_gd_GEO-IRWIN.nc,21.1233730316162,137.388793945313,"2024-09-12T20:41:22,000",/scale/user/mtannaou/alternance/donnees_sar_changes/rcm1-sc50mb-owi-cm-20240912t204122-20240912t204238-00003-xxxxx_aeqd.nc,rcm1-sc50mb-owi-cm-20240912t204122-20240912t204238-00003-xxxxx.nc,/home/datawork-cersat-public/cache/public/ftp/project/sarwing/processings/grdwind+windir_2025v6v12_2v0_0v3v9_0v0v6_0v0v6_1v4v3_1v0v15_1v0v10_1v2v5_1v2v2_1v1v1_1v2v1/cmod5n_ecmwf_norecal_rs2rcmgmfv4_28052025/rcm-1/L2M/sc50mb/rcm-1_sc50mb/2024/256/RCM1_OK3254972_PK3261365_1_SC50MB_20240912_204122_HH_HV_GRD/rcm1-sc50mb-owi-cm-20240912t204122-20240912t204238-00003-xxxxx.nc
wp142024,IRWIN,rcm1-sclna-owi-cm-20240910t202704-20240910t202820-00003-______ll_gd_GEO-IRWIN.nc,13.3463134765625,143.734283447266,"2024-09-10T20:27:04,000",/scale/user/mtannaou/alternance/donnees_sar_changes/rcm1-sclna-owi-cm-20240910t202704-20240910t202820-00003-xxxxx_aeqd.nc,rcm1-sclna-owi-cm-20240910t202704-20240910t202820-00003-xxxxx.nc,/home/datawork-cersat-public/cache/public/ftp/project/sarwing/processings/grdwind+windir_2025v6v12_2v0_0v3v9_0v0v6_0v0v6_1v4v3_1v0v15_1v0v10_1v2v5_1v2v2_1v1v1_1v2v1/cmod5n_ecmwf_norecal_rs2rcmgmfv4_28052025/rcm-1/L2M/sclna/rcm-1_sclna/2024/254/RCM1_OK3250037_PK3255278_1_SCLNA_20240910_202704_VV_VH_GRD/rcm1-sclna-owi-cm-20240910t202704-20240910t202820-00003-xxxxx.nc
wp142024,IRWIN,rcm1-sclnc-owi-cm-20240911t083904-20240911t084002-00003-______ll_gd_GEO-IRWIN.nc,14.2850770950317,141.406784057617,"2024-09-11T08:39:04,000",/scale/user/mtannaou/alternance/donnees_sar_changes/rcm1-sclnc-owi-cm-20240911t083904-20240911t084002-00003-xxxxx_aeqd.nc,rcm1-sclnc-owi-cm-20240911t083904-20240911t084002-00003-xxxxx.nc,/home/datawork-cersat-public/cache/public/ftp/project/sarwing/processings/grdwind+windir_2025v6v12_2v0_0v3v9_0v0v6_0v0v6_1v4v3_1v0v15_1v0v10_1v2v5_1v2v2_1v1v1_1v2v1/cmod5n_ecmwf_norecal_rs2rcmgmfv4_28052025/rcm-1/L2M/sclnc/rcm-1_sclnc/2024/255/RCM1_OK3252972_PK3255812_1_SCLNC_20240911_083907_VV_VH_GRD/rcm1-sclnc-owi-cm-20240911t083904-20240911t084002-00003-xxxxx.nc
al092022,IRWIN,rcm2-sc100ma-owi-cm-20220929t233505-20220929t233524-00003-______ll_gd_GEO-IRWIN.nc,29.3012447357178,280.33740234375,"2022-09-29T23:35:05,000",/scale/user/mtannaou/alternance/donnees_sar_changes/rcm2-sc100ma-owi-cm-20220929t233505-20220929t233524-00003-xxxxx_aeqd.nc,rcm2-sc100ma-owi-cm-20220929t233505-20220929t233524-00003-xxxxx.nc,/home/datawork-cersat-public/cache/public/ftp/project/sarwing/processings/grdwind+windir_2025v6v12_2v0_0v3v9_0v0v6_0v0v6_1v4v3_1v0v15_1v0v10_1v2v5_1v2v2_1v1v1_1v2v1/cmod5n_ecmwf_norecal_rs2rcmgmfv4_28052025/rcm-2/L2M/sc100ma/rcm-2_sc100ma/2022/272/RCM2_OK2274707_PK2277565_1_SC100MA_20220929_233508_VV_VH_GRD/rcm2-sc100ma-owi-cm-20220929t233505-20220929t233524-00003-xxxxx.nc
al092022,IRWIN,rs2-scwa-owi-cm-20220926t111003-20220926t111119-00003-______ll_gd_GEO-IRWIN.nc,18.2346572875977,277.912628173828,"2022-09-26T11:10:03,000",/scale/user/mtannaou/alternance/donnees_sar_changes/rs2-scwa-owi-cm-20220926t111003-20220926t111119-00003-xxxxx_aeqd.nc,rs2-scwa-owi-cm-20220926t111003-20220926t111119-00003-xxxxx.nc,/home/datawork-cersat-public/cache/public/ftp/project/sarwing/processings/grdwind+windir_2025v6v12_2v0_0v3v9_0v0v6_0v0v6_1v4v3_1v0v15_1v0v10_1v2v5_1v2v2_1v1v1_1v2v1/cmod5n_ecmwf_norecal_rs2rcmgmfv4_28052025/RS2/L2M/SCWA/RS2_SCWA/2022/269/RS2_OK141303_PK1242237_DK1208147_SCWA_20220926_111003_111003_VV_VH_SGF/rs2-scwa-owi-cm-20220926t111003-20220926t111119-00003-xxxxx.nc
al092022,IRWIN,s1a-iw-owi-cm-20220925t233346-20220925t233501-000003-056602_ll_gd_GEO-IRWIN.nc,16.3998947143555,279.438568115234,"2022-09-25T23:33:46,000",,s1a-iw-owi-cm-20220925t233231-20220925t233526-000003-056602.nc,/home/datawork-cersat-public/cache/public/ftp/project/sarwing/processings/grdwind+windir_2025v6v12_2v0_0v3v9_0v0v6_0v0v6_1v4v3_1v0v15_1v0v10_1v2v5_1v2v2_1v1v1_1v2v1/cmod5n_ecmwf_norecal_rs2rcmgmfv4_28052025/sentinel-1a/L2M/IW/S1A_IW_GRDH_1S/2022/268/S1A_IW_GRDH_1SDV_20220925T233231_20220925T233526_045168_056602_1136X2175X234AX309EX6B76X85BEXA604/s1a-iw-owi-cm-20220925t233231-20220925t233526-000003-056602.nc
al092022,IRWIN,rcm1-sc100ma-owi-cm-20220927t113348-20220927t113449-00003-______ll_gd_GEO-IRWIN.nc,22.3358478546143,276.305297851563,"2022-09-27T11:33:48,000",/scale/user/mtannaou/alternance/donnees_sar_changes/rcm1-sc100ma-owi-cm-20220927t113348-20220927t113449-00003-xxxxx_aeqd.nc,rcm1-sc100ma-owi-cm-20220927t113348-20220927t113449-00003-xxxxx.nc,/home/datawork-cersat-public/cache/public/ftp/project/sarwing/processings/grdwind+windir_2025v6v12_2v0_0v3v9_0v0v6_0v0v6_1v4v3_1v0v15_1v0v10_1v2v5_1v2v2_1v1v1_1v2v1/cmod5n_ecmwf_norecal_rs2rcmgmfv4_28052025/rcm-1/L2M/sc100ma/rcm-1_sc100ma/2022/270/RCM1_OK2272741_PK2275406_1_SC100MA_20220927_113351_VV_VH_GRD/rcm1-sc100ma-owi-cm-20220927t113348-20220927t113449-00003-xxxxx.nc
al092022,IRWIN,rs2-scwa-owi-cm-20220927t232735-20220927t232958-00003-______ll_gd_GEO-IRWIN.nc,24.0880146026611,276.871307373047,"2022-09-27T23:27:35,000",/scale/user/mtannaou/alternance/donnees_sar_changes/rs2-scwa-owi-cm-20220927t232735-20220927t232958-00003-xxxxx_aeqd.nc,rs2-scwa-owi-cm-20220927t232735-20220927t232958-00003-xxxxx.nc,/home/datawork-cersat-public/cache/public/ftp/project/sarwing/processings/grdwind+windir_2025v6v12_2v0_0v3v9_0v0v6_0v0v6_1v4v3_1v0v15_1v0v10_1v2v5_1v2v2_1v1v1_1v2v1/cmod5n_ecmwf_norecal_rs2rcmgmfv4_28052025/RS2/L2M/SCWA/RS2_SCWA/2022/270/RS2_OK141303_PK1242238X239_DK1208148X149_SCWA_20220927_232735_232842_VV_VH_SGF/rs2-scwa-owi-cm-20220927t232735-20220927t232958-00003-xxxxx.nc
al092022,IRWIN,rcm1-sc50mb-owi-cm-20220925t233139-20220925t233246-00003-______ll_gd_GEO-IRWIN.nc,16.3998947143555,279.438568115234,"2022-09-25T23:31:39,000",/scale/user/mtannaou/alternance/donnees_sar_changes/rcm1-sc50mb-owi-cm-20220925t233139-20220925t233246-00003-xxxxx_aeqd.nc,s1a-iw-owi-cm-20220925t233231-20220925t233526-000003-056602.nc,/home/datawork-cersat-public/cache/public/ftp/project/sarwing/processings/grdwind+windir_2025v6v12_2v0_0v3v9_0v0v6_0v0v6_1v4v3_1v0v15_1v0v10_1v2v5_1v2v2_1v1v1_1v2v1/cmod5n_ecmwf_norecal_rs2rcmgmfv4_28052025/sentinel-1a/L2M/IW/S1A_IW_GRDH_1S/2022/268/S1A_IW_GRDH_1SDV_20220925T233231_20220925T233526_045168_056602_1136X2175X234AX309EX6B76X85BEXA604/s1a-iw-owi-cm-20220925t233231-20220925t233526-000003-056602.nc
al092022,IRWIN,rcm1-sc100ma-owi-cm-20220926t112558-20220926t112806-00003-______ll_gd_GEO-IRWIN.nc,18.2912769317627,277.874298095703,"2022-09-26T11:25:58,000",/scale/user/mtannaou/alternance/donnees_sar_changes/rcm1-sc100ma-owi-cm-20220926t112558-20220926t112806-00003-xxxxx_aeqd.nc,rcm1-sc100ma-owi-cm-20220926t112558-20220926t112806-00003-xxxxx.nc,/home/datawork-cersat-public/cache/public/ftp/project/sarwing/processings/grdwind+windir_2025v6v12_2v0_0v3v9_0v0v6_0v0v6_1v4v3_1v0v15_1v0v10_1v2v5_1v2v2_1v1v1_1v2v1/cmod5n_ecmwf_norecal_rs2rcmgmfv4_28052025/rcm-1/L2M/sc100ma/rcm-1_sc100ma/2022/269/RCM1_OK2378142_PK2381309_1_SC100MA_20220926_112612_VV_VH_GRD/rcm1-sc100ma-owi-cm-20220926t112558-20220926t112806-00003-xxxxx.nc
sh212024,IRWIN,rcm3-sclnc-owi-cm-20240408t103906-20240408t104023-00003-______ll_gd_GEO-IRWIN.nc,-16.6031932830811,118.713874816895,"2024-04-08T10:39:06,000",/scale/user/mtannaou/alternance/donnees_sar_changes/rcm3-sclnc-owi-cm-20240408t103906-20240408t104023-00003-xxxxx_aeqd.nc,rcm3-sclnc-owi-cm-20240408t103906-20240408t104023-00003-xxxxx.nc,/home/datawork-cersat-public/cache/public/ftp/project/sarwing/processings/grdwind+windir_2025v6v12_2v0_0v3v9_0v0v6_0v0v6_1v4v3_1v0v15_1v0v10_1v2v5_1v2v2_1v1v1_1v2v1/cmod5n_ecmwf_norecal_rs2rcmgmfv4_28052025/rcm-3/L2M/sclnc/rcm-3_sclnc/2024/099/RCM3_OK3013543_PK3015171_1_SCLNC_20240408_103906_VV_VH_GRD/rcm3-sclnc-owi-cm-20240408t103906-20240408t104023-00003-xxxxx.nc
sh212024,IRWIN,rcm2-sclnb-owi-cm-20240408t214759-20240408t214914-00003-______ll_gd_GEO-IRWIN.nc,-16.9835510253906,118.096740722656,"2024-04-08T21:47:59,000",/scale/user/mtannaou/alternance/donnees_sar_changes/rcm2-sclnb-owi-cm-20240408t214759-20240408t214914-00003-xxxxx_aeqd.nc,rcm2-sclnb-owi-cm-20240408t214759-20240408t214914-00003-xxxxx.nc,/home/datawork-cersat-public/cache/public/ftp/project/sarwing/processings/grdwind+windir_2025v6v12_2v0_0v3v9_0v0v6_0v0v6_1v4v3_1v0v15_1v0v10_1v2v5_1v2v2_1v1v1_1v2v1/cmod5n_ecmwf_norecal_rs2rcmgmfv4_28052025/rcm-2/L2M/sclnb/rcm-2_sclnb/2024/099/RCM2_OK3013551_PK3016727_1_SCLNB_20240408_214800_VV_VH_GRD/rcm2-sclnb-owi-cm-20240408t214759-20240408t214914-00003-xxxxx.nc
sh212024,IRWIN,rcm3-sclnc-owi-cm-20240407t103125-20240407t103241-00003-______ll_gd_GEO-IRWIN.nc,-15.039647102356,119.273719787598,"2024-04-07T10:31:25,000",/scale/user/mtannaou/alternance/donnees_sar_changes/rcm3-sclnc-owi-cm-20240407t103125-20240407t103241-00003-xxxxx_aeqd.nc,rcm3-sclnc-owi-cm-20240407t103125-20240407t103241-00003-xxxxx.nc,/home/datawork-cersat-public/cache/public/ftp/project/sarwing/processings/grdwind+windir_2025v6v12_2v0_0v3v9_0v0v6_0v0v6_1v4v3_1v0v15_1v0v10_1v2v5_1v2v2_1v1v1_1v2v1/cmod5n_ecmwf_norecal_rs2rcmgmfv4_28052025/rcm-3/L2M/sclnc/rcm-3_sclnc/2024/098/RCM3_OK3012450_PK3014026_1_SCLNC_20240407_103124_VV_VH_GRD/rcm3-sclnc-owi-cm-20240407t103125-20240407t103241-00003-xxxxx.nc
sh212024,IRWIN,rcm2-sclna-owi-cm-20240409t215632-20240409t215747-00003-______ll_gd_GEO-IRWIN.nc,-18.6453266143799,116.178634643555,"2024-04-09T21:56:32,000",/scale/user/mtannaou/alternance/donnees_sar_changes/rcm2-sclna-owi-cm-20240409t215632-20240409t215747-00003-xxxxx_aeqd.nc,rcm2-sclna-owi-cm-20240409t215632-20240409t215747-00003-xxxxx.nc,/home/datawork-cersat-public/cache/public/ftp/project/sarwing/processings/grdwind+windir_2025v6v12_2v0_0v3v9_0v0v6_0v0v6_1v4v3_1v0v15_1v0v10_1v2v5_1v2v2_1v1v1_1v2v1/cmod5n_ecmwf_norecal_rs2rcmgmfv4_28052025/rcm-2/L2M/sclna/rcm-2_sclna/2024/100/RCM2_OK3014738_PK3018744_1_SCLNA_20240409_215633_VV_VH_GRD/rcm2-sclna-owi-cm-20240409t215632-20240409t215747-00003-xxxxx.nc
sh212024,IRWIN,rcm2-sclnb-owi-cm-20240407t213937-20240407t214053-00003-______ll_gd_GEO-IRWIN.nc,-16.0001010894775,118.959159851074,"2024-04-07T21:39:37,000",/scale/user/mtannaou/alternance/donnees_sar_changes/rcm2-sclnb-owi-cm-20240407t213937-20240407t214053-00003-xxxxx_aeqd.nc,rcm2-sclnb-owi-cm-20240407t213937-20240407t214053-00003-xxxxx.nc,/home/datawork-cersat-public/cache/public/ftp/project/sarwing/processings/grdwind+windir_2025v6v12_2v0_0v3v9_0v0v6_0v0v6_1v4v3_1v0v15_1v0v10_1v2v5_1v2v2_1v1v1_1v2v1/cmod5n_ecmwf_norecal_rs2rcmgmfv4_28052025/rcm-2/L2M/sclnb/rcm-2_sclnb/2024/098/RCM2_OK3012457_PK3014628_1_SCLNB_20240407_213939_VV_VH_GRD/rcm2-sclnb-owi-cm-20240407t213937-20240407t214053-00003-xxxxx.nc
sh212024,IRWIN,rcm3-sclnb-owi-cm-20240409t104640-20240409t104756-00003-______ll_gd_GEO-IRWIN.nc,-17.7874908447266,116.450965881348,"2024-04-09T10:46:40,000",/scale/user/mtannaou/alternance/donnees_sar_changes/rcm3-sclnb-owi-cm-20240409t104640-20240409t104756-00003-xxxxx_aeqd.nc,rcm3-sclnb-owi-cm-20240409t104640-20240409t104756-00003-xxxxx.nc,/home/datawork-cersat-public/cache/public/ftp/project/sarwing/processings/grdwind+windir_2025v6v12_2v0_0v3v9_0v0v6_0v0v6_1v4v3_1v0v15_1v0v10_1v2v5_1v2v2_1v1v1_1v2v1/cmod5n_ecmwf_norecal_rs2rcmgmfv4_28052025/rcm-3/L2M/sclnb/rcm-3_sclnb/2024/100/RCM3_OK3014729_PK3017264_1_SCLNB_20240409_104640_VV_VH_GRD/rcm3-sclnb-owi-cm-20240409t104640-20240409t104756-00003-xxxxx.nc
sh242021,IRWIN,rs2-scwa-owi-cm-20210307t130816-20210307t130931-00003-______ll_gd_GEO-IRWIN.nc,-17.0585956573486,80.0383834838867,"2021-03-07T13:08:16,000",/scale/user/mtannaou/alternance/donnees_sar_changes/rs2-scwa-owi-cm-20210307t130816-20210307t130931-00003-xxxxx_aeqd.nc,rs2-scwa-owi-cm-20210307t130816-20210307t130931-00003-xxxxx.nc,/home/datawork-cersat-public/cache/public/ftp/project/sarwing/processings/grdwind+windir_2025v6v12_2v0_0v3v9_0v0v6_0v0v6_1v4v3_1v0v15_1v0v10_1v2v5_1v2v2_1v1v1_1v2v1/cmod5n_ecmwf_norecal_rs2rcmgmfv4_28052025/RS2/L2M/SCWA/RS2_SCWA/2021/066/RS2_OK129673_PK1136689_DK1093021_SCWA_20210307_130816_130816_VV_VH_SGF/rs2-scwa-owi-cm-20210307t130816-20210307t130931-00003-xxxxx.nc
sh242021,IRWIN,s1b-ew-owi-cm-20210314t134429-20210314t134639-000003-031A80_ll_gd_GEO-IRWIN.nc,-22.0949726104736,70.6968078613281,"2021-03-14T13:44:29,000",/scale/user/mtannaou/alternance/donnees_sar_changes/s1b-ew-owi-cm-20210314t134429-20210314t134639-000003-031A80_aeqd.nc,s1b-ew-owi-cm-20210314t134429-20210314t134639-000003-031A80.nc,/home/datawork-cersat-public/cache/public/ftp/project/sarwing/processings/grdwind+windir_2025v6v12_2v0_0v3v9_0v0v6_0v0v6_1v4v3_1v0v15_1v0v10_1v2v5_1v2v2_1v1v1_1v2v1/cmod5n_ecmwf_norecal_rs2rcmgmfv4_28052025/sentinel-1b/L2M/EW/S1B_EW_GRDM_1S/2021/073/S1B_EW_GRDM_1SDV_20210314T134429_20210314T134639_026011_031A80_2719X5EC3/s1b-ew-owi-cm-20210314t134429-20210314t134639-000003-031A80.nc
sh242021,IRWIN,rs2-scwa-owi-cm-20210314t003920-20210314t004036-00003-______ll_gd_GEO-IRWIN.nc,-21.7978668212891,70.2345657348633,"2021-03-14T00:39:20,000",/scale/user/mtannaou/alternance/donnees_sar_changes/rs2-scwa-owi-cm-20210314t003920-20210314t004036-00003-xxxxx_aeqd.nc,rs2-scwa-owi-cm-20210314t003920-20210314t004036-00003-xxxxx.nc,/home/datawork-cersat-public/cache/public/ftp/project/sarwing/processings/grdwind+windir_2025v6v12_2v0_0v3v9_0v0v6_0v0v6_1v4v3_1v0v15_1v0v10_1v2v5_1v2v2_1v1v1_1v2v1/cmod5n_ecmwf_norecal_rs2rcmgmfv4_28052025/RS2/L2M/SCWA/RS2_SCWA/2021/073/RS2_OK129673_PK1136691_DK1093023_SCWA_20210314_003920_003920_VV_VH_SGF/rs2-scwa-owi-cm-20210314t003920-20210314t004036-00003-xxxxx.nc
sh242021,IRWIN,rs2-scwa-owi-cm-20210311t002612-20210311t002728-00003-______ll_gd_GEO-IRWIN.nc,-17.4024848937988,75.0603866577148,"2021-03-11T00:26:12,000",/scale/user/mtannaou/alternance/donnees_sar_changes/rs2-scwa-owi-cm-20210311t002612-20210311t002728-00003-xxxxx_aeqd.nc,rs2-scwa-owi-cm-20210311t002612-20210311t002728-00003-xxxxx.nc,/home/datawork-cersat-public/cache/public/ftp/project/sarwing/processings/grdwind+windir_2025v6v12_2v0_0v3v9_0v0v6_0v0v6_1v4v3_1v0v15_1v0v10_1v2v5_1v2v2_1v1v1_1v2v1/cmod5n_ecmwf_norecal_rs2rcmgmfv4_28052025/RS2/L2M/SCWA/RS2_SCWA/2021/070/RS2_OK129673_PK1136690_DK1093022_SCWA_20210311_002612_002612_VV_VH_SGF/rs2-scwa-owi-cm-20210311t002612-20210311t002728-00003-xxxxx.nc
sh242021,IRWIN,s1a-ew-owi-cm-20210310t133058-20210310t133232-000003-045873_ll_gd_GEO-IRWIN.nc,-17.4082775115967,76.0449905395508,"2021-03-10T13:30:58,000",/scale/user/mtannaou/alternance/donnees_sar_changes/s1a-ew-owi-cm-20210310t133058-20210310t133232-000003-045873_aeqd.nc,s1a-ew-owi-cm-20210310t133058-20210310t133232-000003-045873.nc,/home/datawork-cersat-public/cache/public/ftp/project/sarwing/processings/grdwind+windir_2025v6v12_2v0_0v3v9_0v0v6_0v0v6_1v4v3_1v0v15_1v0v10_1v2v5_1v2v2_1v1v1_1v2v1/cmod5n_ecmwf_norecal_rs2rcmgmfv4_28052025/sentinel-1a/L2M/EW/S1A_EW_GRDM_1S/2021/069/S1A_EW_GRDM_1SDV_20210310T133058_20210310T133232_036936_045873_55A8XBDA8/s1a-ew-owi-cm-20210310t133058-20210310t133232-000003-045873.nc
wp092020,IRWIN,s1b-iw-owi-cm-20200825t213226-20200825t213312-000003-02BD50_ll_gd_GEO-IRWIN.nc,31.6049747467041,124.624198913574,"2020-08-25T21:32:26,000",,s1b-iw-owi-cm-20200825t213136-20200825t213312-000003-02BD50.nc,/home/datawork-cersat-public/cache/public/ftp/project/sarwing/processings/grdwind+windir_2025v6v12_2v0_0v3v9_0v0v6_0v0v6_1v4v3_1v0v15_1v0v10_1v2v5_1v2v2_1v1v1_1v2v1/cmod5n_ecmwf_norecal_rs2rcmgmfv4_28052025/sentinel-1b/L2M/IW/S1B_IW_GRDH_1S/2020/238/S1B_IW_GRDH_1SDV_20200825T213136_20200825T213312_023085_02BD50_3E95X489FX6BA1XDBA5/s1b-iw-owi-cm-20200825t213136-20200825t213312-000003-02BD50.nc
wp092020,IRWIN,rs2-scwa-owi-cm-20200825t213654-20200825t213810-00003-______ll_gd_GEO-IRWIN.nc,31.6276340484619,124.617134094238,"2020-08-25T21:36:54,000",/scale/user/mtannaou/alternance/donnees_sar_changes/rs2-scwa-owi-cm-20200825t213654-20200825t213810-00003-xxxxx_aeqd.nc,rs2-scwa-owi-cm-20200825t213750-20200825t213907-00003-xxxxx.nc,/home/datawork-cersat-public/cache/public/ftp/project/sarwing/processings/grdwind+windir_2025v6v12_2v0_0v3v9_0v0v6_0v0v6_1v4v3_1v0v15_1v0v10_1v2v5_1v2v2_1v1v1_1v2v1/cmod5n_ecmwf_norecal_rs2rcmgmfv4_28052025/RS2/L2M/SCWA/RS2_SCWA/2020/238/RS2_OK123310_PK1083882_DK1029392_SCWA_20200825_213750_213751_VV_VH_SGF/rs2-scwa-owi-cm-20200825t213750-20200825t213907-00003-xxxxx.nc
wp092020,IRWIN,rs2-scwa-owi-cm-20200825t213750-20200825t213907-00003-______ll_gd_GEO-IRWIN.nc,31.6276340484619,124.617134094238,"2020-08-25T21:37:50,000",/scale/user/mtannaou/alternance/donnees_sar_changes/rs2-scwa-owi-cm-20200825t213750-20200825t213907-00003-xxxxx_aeqd.nc,rs2-scwa-owi-cm-20200825t213750-20200825t213907-00003-xxxxx.nc,/home/datawork-cersat-public/cache/public/ftp/project/sarwing/processings/grdwind+windir_2025v6v12_2v0_0v3v9_0v0v6_0v0v6_1v4v3_1v0v15_1v0v10_1v2v5_1v2v2_1v1v1_1v2v1/cmod5n_ecmwf_norecal_rs2rcmgmfv4_28052025/RS2/L2M/SCWA/RS2_SCWA/2020/238/RS2_OK123310_PK1083882_DK1029392_SCWA_20200825_213750_213751_VV_VH_SGF/rs2-scwa-owi-cm-20200825t213750-20200825t213907-00003-xxxxx.nc
wp212024,IRWIN,rcm2-sc50ma-owi-cm-20241011t072710-20241011t072726-00003-______ll_gd_GEO-IRWIN.nc,44.3830299377441,153.414932250977,"2024-10-11T07:27:10,000",/scale/user/mtannaou/alternance/donnees_sar_changes/rcm2-sc50ma-owi-cm-20241011t072710-20241011t072726-00003-xxxxx_aeqd.nc,rcm2-sc50ma-owi-cm-20241011t072710-20241011t072726-00003-xxxxx.nc,/home/datawork-cersat-public/cache/public/ftp/project/sarwing/processings/grdwind+windir_2025v6v12_2v0_0v3v9_0v0v6_0v0v6_1v4v3_1v0v15_1v0v10_1v2v5_1v2v2_1v1v1_1v2v1/cmod5n_ecmwf_norecal_rs2rcmgmfv4_28052025/rcm-2/L2M/sc50ma/rcm-2_sc50ma/2024/285/RCM2_OK3109894_PK3310503_4_SC50MA_20241011_072443_HH_HV_GRD/rcm2-sc50ma-owi-cm-20241011t072710-20241011t072726-00003-xxxxx.nc
wp212024,IRWIN,rcm2-sc50ma-owi-cm-20241011t072558-20241011t072716-00003-______ll_gd_GEO-IRWIN.nc,44.3830299377441,153.414932250977,"2024-10-11T07:25:58,000",/scale/user/mtannaou/alternance/donnees_sar_changes/rcm2-sc50ma-owi-cm-20241011t072558-20241011t072716-00003-xxxxx_aeqd.nc,rcm2-sc50ma-owi-cm-20241011t072710-20241011t072726-00003-xxxxx.nc,/home/datawork-cersat-public/cache/public/ftp/project/sarwing/processings/grdwind+windir_2025v6v12_2v0_0v3v9_0v0v6_0v0v6_1v4v3_1v0v15_1v0v10_1v2v5_1v2v2_1v1v1_1v2v1/cmod5n_ecmwf_norecal_rs2rcmgmfv4_28052025/rcm-2/L2M/sc50ma/rcm-2_sc50ma/2024/285/RCM2_OK3109894_PK3310503_4_SC50MA_20241011_072443_HH_HV_GRD/rcm2-sc50ma-owi-cm-20241011t072710-20241011t072726-00003-xxxxx.nc
wp212024,IRWIN,rcm3-sclnc-owi-cm-20241009t195906-20241009t200023-00003-______ll_gd_GEO-IRWIN.nc,31.5074729919434,149.505294799805,"2024-10-09T19:59:06,000",/scale/user/mtannaou/alternance/donnees_sar_changes/rcm3-sclnc-owi-cm-20241009t195906-20241009t200023-00003-xxxxx_aeqd.nc,rcm3-sclnc-owi-cm-20241009t195906-20241009t200023-00003-xxxxx.nc,/home/datawork-cersat-public/cache/public/ftp/project/sarwing/processings/grdwind+windir_2025v6v12_2v0_0v3v9_0v0v6_0v0v6_1v4v3_1v0v15_1v0v10_1v2v5_1v2v2_1v1v1_1v2v1/cmod5n_ecmwf_norecal_rs2rcmgmfv4_28052025/rcm-3/L2M/sclnc/rcm-3_sclnc/2024/283/RCM3_OK3304955_PK3308484_1_SCLNC_20241009_195906_VV_VH_GRD/rcm3-sclnc-owi-cm-20241009t195906-20241009t200023-00003-xxxxx.nc
wp272019,IRWIN,s1b-iw-owi-cm-20191119t095826-20191119t095943-000003-023D71_ll_gd_GEO-IRWIN.nc,19.1121520996094,122.669792175293,"2019-11-19T09:58:26,000",,s1b-iw-owi-cm-20191119t095711-20191119t095943-000003-023D71.nc,/home/datawork-cersat-public/cache/public/ftp/project/sarwing/processings/grdwind+windir_2025v6v12_2v0_0v3v9_0v0v6_0v0v6_1v4v3_1v0v15_1v0v10_1v2v5_1v2v2_1v1v1_1v2v1/cmod5n_ecmwf_norecal_rs2rcmgmfv4_28052025/sentinel-1b/L2M/IW/S1B_IW_GRDH_1S/2019/323/S1B_IW_GRDH_1SDV_20191119T095711_20191119T095943_018995_023D71_012BX030FX3CC4X4AB6X843FXBE93/s1b-iw-owi-cm-20191119t095711-20191119t095943-000003-023D71.nc
al172022,IRWIN,s1a-iw-owi-cm-20221110t111737-20221110t111852-000003-057B92_ll_gd_GEO-IRWIN.nc,27.7894229888916,279.1748046875,"2022-11-10T11:17:37,000",,s1a-iw-owi-cm-20221110t111618-20221110t111917-000003-057B92.nc,/home/datawork-cersat-public/cache/public/ftp/project/sarwing/processings/grdwind+windir_2025v6v12_2v0_0v3v9_0v0v6_0v0v6_1v4v3_1v0v15_1v0v10_1v2v5_1v2v2_1v1v1_1v2v1/cmod5n_ecmwf_norecal_rs2rcmgmfv4_28052025/sentinel-1a/L2M/IW/S1A_IW_GRDH_1S/2022/314/S1A_IW_GRDH_1SDV_20221110T111618_20221110T111917_045831_057B92_29E1X30D1X60C5X7575X770EXA35EXE273/s1a-iw-owi-cm-20221110t111618-20221110t111917-000003-057B92.nc
al172022,IRWIN,s1a-iw-owi-cm-20221109t231142-20221109t231322-000003-057B61_ll_gd_GEO-IRWIN.nc,26.5049743652344,282.118408203125,"2022-11-09T23:11:42,000",,s1a-iw-owi-cm-20221109t231027-20221109t231322-000003-057B61.nc,/home/datawork-cersat-public/cache/public/ftp/project/sarwing/processings/grdwind+windir_2025v6v12_2v0_0v3v9_0v0v6_0v0v6_1v4v3_1v0v15_1v0v10_1v2v5_1v2v2_1v1v1_1v2v1/cmod5n_ecmwf_norecal_rs2rcmgmfv4_28052025/sentinel-1a/L2M/IW/S1A_IW_GRDH_1S/2022/313/S1A_IW_GRDH_1SDV_20221109T231027_20221109T231322_045824_057B61_0661X3CC2X48DCX5D43X74BEX76C8XF0B6/s1a-iw-owi-cm-20221109t231027-20221109t231322-000003-057B61.nc
sh082024,IRWIN,rcm1-sclnd-owi-cm-20240126t144515-20240126t144554-00003-______ll_gd_GEO-IRWIN.nc,-26.6649265289307,61.4786415100098,"2024-01-26T14:45:15,000",/scale/user/mtannaou/alternance/donnees_sar_changes/rcm1-sclnd-owi-cm-20240126t144515-20240126t144554-00003-xxxxx_aeqd.nc,rcm1-sclnd-owi-cm-20240126t144515-20240126t144554-00003-xxxxx.nc,/home/datawork-cersat-public/cache/public/ftp/project/sarwing/processings/grdwind+windir_2025v6v12_2v0_0v3v9_0v0v6_0v0v6_1v4v3_1v0v15_1v0v10_1v2v5_1v2v2_1v1v1_1v2v1/cmod5n_ecmwf_norecal_rs2rcmgmfv4_28052025/rcm-1/L2M/sclnd/rcm-1_sclnd/2024/026/RCM1_OK2918735_PK2920923_1_SCLND_20240126_144516_VV_VH_GRD/rcm1-sclnd-owi-cm-20240126t144515-20240126t144554-00003-xxxxx.nc
sh082024,IRWIN,rcm1-sclnb-owi-cm-20240126t012005-20240126t012029-00003-______ll_gd_GEO-IRWIN.nc,-25.2107410430908,61.3450698852539,"2024-01-26T01:20:05,000",/scale/user/mtannaou/alternance/donnees_sar_changes/rcm1-sclnb-owi-cm-20240126t012005-20240126t012029-00003-xxxxx_aeqd.nc,rcm1-sclnb-owi-cm-20240126t012005-20240126t012029-00003-xxxxx.nc,/home/datawork-cersat-public/cache/public/ftp/project/sarwing/processings/grdwind+windir_2025v6v12_2v0_0v3v9_0v0v6_0v0v6_1v4v3_1v0v15_1v0v10_1v2v5_1v2v2_1v1v1_1v2v1/cmod5n_ecmwf_norecal_rs2rcmgmfv4_28052025/rcm-1/L2M/sclnb/rcm-1_sclnb/2024/026/RCM1_OK2918426_PK2920344_1_SCLNB_20240126_012007_VV_VH_GRD/rcm1-sclnb-owi-cm-20240126t012005-20240126t012029-00003-xxxxx.nc
ep152021,IRWIN,s1a-iw-owi-cm-20210909t130625-20210909t130746-000003-04AE83_ll_gd_GEO-IRWIN.nc,20.800163269043,251.946502685547,"2021-09-09T13:06:25,000",,s1a-iw-owi-cm-20210909t130600-20210909t130746-000003-04AE83.nc,/home/datawork-cersat-public/cache/public/ftp/project/sarwing/processings/grdwind+windir_2025v6v12_2v0_0v3v9_0v0v6_0v0v6_1v4v3_1v0v15_1v0v10_1v2v5_1v2v2_1v1v1_1v2v1/cmod5n_ecmwf_norecal_rs2rcmgmfv4_28052025/sentinel-1a/L2M/IW/S1A_IW_GRDH_1S/2021/252/S1A_IW_GRDH_1SDV_20210909T130600_20210909T130746_039605_04AE83_14A2X373EX692FXC34F/s1a-iw-owi-cm-20210909t130600-20210909t130746-000003-04AE83.nc
ep162022,IRWIN,s1a-iw-owi-cm-20221003t010527-20221003t010642-000003-05695E_ll_gd_GEO-IRWIN.nc,20.6704254150391,253.165649414063,"2022-10-03T01:05:27,000",,s1a-iw-owi-cm-20221003t010458-20221003t010642-000003-05695E.nc,/home/datawork-cersat-public/cache/public/ftp/project/sarwing/processings/grdwind+windir_2025v6v12_2v0_0v3v9_0v0v6_0v0v6_1v4v3_1v0v15_1v0v10_1v2v5_1v2v2_1v1v1_1v2v1/cmod5n_ecmwf_norecal_rs2rcmgmfv4_28052025/sentinel-1a/L2M/IW/S1A_IW_GRDH_1S/2022/276/S1A_IW_GRDH_1SDV_20221003T010458_20221003T010642_045271_05695E_6BC6XCBCAXDE76XF853/s1a-iw-owi-cm-20221003t010458-20221003t010642-000003-05695E.nc
ep162022,IRWIN,rs2-scwa-owi-cm-20221001t011932-20221001t012048-00003-______ll_gd_GEO-IRWIN.nc,16.6606044769287,253.006057739258,"2022-10-01T01:19:32,000",/scale/user/mtannaou/alternance/donnees_sar_changes/rs2-scwa-owi-cm-20221001t011932-20221001t012048-00003-xxxxx_aeqd.nc,rs2-scwa-owi-cm-20221001t011932-20221001t012048-00003-xxxxx.nc,/home/datawork-cersat-public/cache/public/ftp/project/sarwing/processings/grdwind+windir_2025v6v12_2v0_0v3v9_0v0v6_0v0v6_1v4v3_1v0v15_1v0v10_1v2v5_1v2v2_1v1v1_1v2v1/cmod5n_ecmwf_norecal_rs2rcmgmfv4_28052025/RS2/L2M/SCWA/RS2_SCWA/2022/274/RS2_OK141302_PK1242231_DK1208545_SCWA_20221001_011932_011932_VV_VH_SGF/rs2-scwa-owi-cm-20221001t011932-20221001t012048-00003-xxxxx.nc
wp082024,IRWIN,rcm3-sc50mb-owi-cm-20240814t084223-20240814t084339-00003-______ll_gd_GEO-IRWIN.nc,26.8925533294678,140.747833251953,"2024-08-14T08:42:23,000",/scale/user/mtannaou/alternance/donnees_sar_changes/rcm3-sc50mb-owi-cm-20240814t084223-20240814t084339-00003-xxxxx_aeqd.nc,rcm3-sc50mb-owi-cm-20240814t084223-20240814t084339-00003-xxxxx.nc,/home/datawork-cersat-public/cache/public/ftp/project/sarwing/processings/grdwind+windir_2025v6v12_2v0_0v3v9_0v0v6_0v0v6_1v4v3_1v0v15_1v0v10_1v2v5_1v2v2_1v1v1_1v2v1/cmod5n_ecmwf_norecal_rs2rcmgmfv4_28052025/rcm-3/L2M/sc50mb/rcm-3_sc50mb/2024/227/RCM3_OK3207671_PK3209859_1_SC50MB_20240814_084226_HH_HV_GRD/rcm3-sc50mb-owi-cm-20240814t084223-20240814t084339-00003-xxxxx.nc
wp082024,IRWIN,rcm3-sc50mb-owi-cm-20240815t203901-20240815t203952-00003-______ll_gd_GEO-IRWIN.nc,32.625862121582,140.799667358398,"2024-08-15T20:39:01,000",/scale/user/mtannaou/alternance/donnees_sar_changes/rcm3-sc50mb-owi-cm-20240815t203901-20240815t203952-00003-xxxxx_aeqd.nc,rcm3-sc50mb-owi-cm-20240815t203901-20240815t203952-00003-xxxxx.nc,/home/datawork-cersat-public/cache/public/ftp/project/sarwing/processings/grdwind+windir_2025v6v12_2v0_0v3v9_0v0v6_0v0v6_1v4v3_1v0v15_1v0v10_1v2v5_1v2v2_1v1v1_1v2v1/cmod5n_ecmwf_norecal_rs2rcmgmfv4_28052025/rcm-3/L2M/sc50mb/rcm-3_sc50mb/2024/228/RCM3_OK3209147_PK3212112_1_SC50MB_20240815_203856_HH_HV_GRD/rcm3-sc50mb-owi-cm-20240815t203901-20240815t203952-00003-xxxxx.nc
wp082024,IRWIN,rcm3-sc50mc-owi-cm-20240815t085111-20240815t085230-00003-______ll_gd_GEO-IRWIN.nc,30.7396297454834,140.962982177734,"2024-08-15T08:51:11,000",/scale/user/mtannaou/alternance/donnees_sar_changes/rcm3-sc50mc-owi-cm-20240815t085111-20240815t085230-00003-xxxxx_aeqd.nc,rcm3-sc50mc-owi-cm-20240815t085111-20240815t085230-00003-xxxxx.nc,/home/datawork-cersat-public/cache/public/ftp/project/sarwing/processings/grdwind+windir_2025v6v12_2v0_0v3v9_0v0v6_0v0v6_1v4v3_1v0v15_1v0v10_1v2v5_1v2v2_1v1v1_1v2v1/cmod5n_ecmwf_norecal_rs2rcmgmfv4_28052025/rcm-3/L2M/sc50mc/rcm-3_sc50mc/2024/228/RCM3_OK3209130_PK3211137_1_SC50MC_20240815_085111_HH_HV_GRD/rcm3-sc50mc-owi-cm-20240815t085111-20240815t085230-00003-xxxxx.nc
wp082024,IRWIN,rcm2-sc50ma-owi-cm-20240817t080445-20240817t080603-00003-______ll_gd_GEO-IRWIN.nc,37.2029762268066,145.007232666016,"2024-08-17T08:04:45,000",/scale/user/mtannaou/alternance/donnees_sar_changes/rcm2-sc50ma-owi-cm-20240817t080445-20240817t080603-00003-xxxxx_aeqd.nc,rcm2-sc50ma-owi-cm-20240817t080445-20240817t080603-00003-xxxxx.nc,/home/datawork-cersat-public/cache/public/ftp/project/sarwing/processings/grdwind+windir_2025v6v12_2v0_0v3v9_0v0v6_0v0v6_1v4v3_1v0v15_1v0v10_1v2v5_1v2v2_1v1v1_1v2v1/cmod5n_ecmwf_norecal_rs2rcmgmfv4_28052025/rcm-2/L2M/sc50ma/rcm-2_sc50ma/2024/230/RCM2_OK3212961_PK3214146_1_SC50MA_20240817_080414_HH_HV_GRD/rcm2-sc50ma-owi-cm-20240817t080445-20240817t080603-00003-xxxxx.nc
wp082024,IRWIN,rcm1-sc50ma-owi-cm-20240816t082756-20240816t082825-00003-______ll_gd_GEO-IRWIN.nc,34.1646156311035,141.157897949219,"2024-08-16T08:27:56,000",/scale/user/mtannaou/alternance/donnees_sar_changes/rcm1-sc50ma-owi-cm-20240816t082756-20240816t082825-00003-xxxxx_aeqd.nc,rcm1-sc50ma-owi-cm-20240816t082756-20240816t082825-00003-xxxxx.nc,/home/datawork-cersat-public/cache/public/ftp/project/sarwing/processings/grdwind+windir_2025v6v12_2v0_0v3v9_0v0v6_0v0v6_1v4v3_1v0v15_1v0v10_1v2v5_1v2v2_1v1v1_1v2v1/cmod5n_ecmwf_norecal_rs2rcmgmfv4_28052025/rcm-1/L2M/sc50ma/rcm-1_sc50ma/2024/229/RCM1_OK3210881_PK3212699_1_SC50MA_20240816_082754_HH_HV_GRD/rcm1-sc50ma-owi-cm-20240816t082756-20240816t082825-00003-xxxxx.nc
wp082024,IRWIN,rcm3-sc50mc-owi-cm-20240814t203138-20240814t203255-00003-______ll_gd_GEO-IRWIN.nc,28.4868144989014,141.203018188477,"2024-08-14T20:31:38,000",/scale/user/mtannaou/alternance/donnees_sar_changes/rcm3-sc50mc-owi-cm-20240814t203138-20240814t203255-00003-xxxxx_aeqd.nc,rcm3-sc50mc-owi-cm-20240814t203138-20240814t203255-00003-xxxxx.nc,/home/datawork-cersat-public/cache/public/ftp/project/sarwing/processings/grdwind+windir_2025v6v12_2v0_0v3v9_0v0v6_0v0v6_1v4v3_1v0v15_1v0v10_1v2v5_1v2v2_1v1v1_1v2v1/cmod5n_ecmwf_norecal_rs2rcmgmfv4_28052025/rcm-3/L2M/sc50mc/rcm-3_sc50mc/2024/227/RCM3_OK3207674_PK3210574_1_SC50MC_20240814_203138_HH_HV_GRD/rcm3-sc50mc-owi-cm-20240814t203138-20240814t203255-00003-xxxxx.nc
sh152024,IRWIN,rcm1-sclnc-owi-cm-20240217t153241-20240217t153356-00003-______ll_gd_GEO-IRWIN.nc,-29.4762840270996,207.400619506836,"2024-02-17T15:32:41,000",/scale/user/mtannaou/alternance/donnees_sar_changes/rcm1-sclnc-owi-cm-20240217t153241-20240217t153356-00003-xxxxx_aeqd.nc,rcm1-sclnc-owi-cm-20240217t153241-20240217t153356-00003-xxxxx.nc,/home/datawork-cersat-public/cache/public/ftp/project/sarwing/processings/grdwind+windir_2025v6v12_2v0_0v3v9_0v0v6_0v0v6_1v4v3_1v0v15_1v0v10_1v2v5_1v2v2_1v1v1_1v2v1/cmod5n_ecmwf_norecal_rs2rcmgmfv4_28052025/rcm-1/L2M/sclnc/rcm-1_sclnc/2024/048/RCM1_OK2943576_PK2945379_1_SCLNC_20240217_153243_VV_VH_GRD/rcm1-sclnc-owi-cm-20240217t153241-20240217t153356-00003-xxxxx.nc
sh152024,IRWIN,rcm1-sclnb-owi-cm-20240217t045025-20240217t045142-00003-______ll_gd_GEO-IRWIN.nc,-25.686487197876,205.59912109375,"2024-02-17T04:50:25,000",/scale/user/mtannaou/alternance/donnees_sar_changes/rcm1-sclnb-owi-cm-20240217t045025-20240217t045142-00003-xxxxx_aeqd.nc,rcm1-sclnb-owi-cm-20240217t045025-20240217t045142-00003-xxxxx.nc,/home/datawork-cersat-public/cache/public/ftp/project/sarwing/processings/grdwind+windir_2025v6v12_2v0_0v3v9_0v0v6_0v0v6_1v4v3_1v0v15_1v0v10_1v2v5_1v2v2_1v1v1_1v2v1/cmod5n_ecmwf_norecal_rs2rcmgmfv4_28052025/rcm-1/L2M/sclnb/rcm-1_sclnb/2024/048/RCM1_OK2943570_PK2945043_1_SCLNB_20240217_045025_VV_VH_GRD/rcm1-sclnb-owi-cm-20240217t045025-20240217t045142-00003-xxxxx.nc
io022019,IRWIN,s1b-ew-owi-cm-20190612t011725-20190612t011929-000003-01F595_ll_gd_GEO-IRWIN.nc,17.5216941833496,70.2340927124023,"2019-06-12T01:17:25,000",/scale/user/mtannaou/alternance/donnees_sar_changes/s1b-ew-owi-cm-20190612t011725-20190612t011929-000003-01F595_aeqd.nc,s1b-ew-owi-cm-20190612t011725-20190612t011929-000003-01F595.nc,/home/datawork-cersat-public/cache/public/ftp/project/sarwing/processings/grdwind+windir_2025v6v12_2v0_0v3v9_0v0v6_0v0v6_1v4v3_1v0v15_1v0v10_1v2v5_1v2v2_1v1v1_1v2v1/cmod5n_ecmwf_norecal_rs2rcmgmfv4_28052025/sentinel-1b/L2M/EW/S1B_EW_GRDM_1S/2019/163/S1B_EW_GRDM_1SDV_20190612T011725_20190612T011929_016656_01F595_BE61XD404/s1b-ew-owi-cm-20190612t011725-20190612t011929-000003-01F595.nc
io022019,IRWIN,s1b-ew-owi-cm-20190614t133247-20190614t133442-000003-01F6A9_ll_gd_GEO-IRWIN.nc,20.806116104126,68.4166259765625,"2019-06-14T13:32:47,000",/scale/user/mtannaou/alternance/donnees_sar_changes/s1b-ew-owi-cm-20190614t133247-20190614t133442-000003-01F6A9_aeqd.nc,s1b-ew-owi-cm-20190614t133247-20190614t133442-000003-01F6A9.nc,/home/datawork-cersat-public/cache/public/ftp/project/sarwing/processings/grdwind+windir_2025v6v12_2v0_0v3v9_0v0v6_0v0v6_1v4v3_1v0v15_1v0v10_1v2v5_1v2v2_1v1v1_1v2v1/cmod5n_ecmwf_norecal_rs2rcmgmfv4_28052025/sentinel-1b/L2M/EW/S1B_EW_GRDM_1S/2019/165/S1B_EW_GRDM_1SDV_20190614T133247_20190614T133442_016693_01F6A9_86D7XE977/s1b-ew-owi-cm-20190614t133247-20190614t133442-000003-01F6A9.nc
io022019,IRWIN,s1a-iw-owi-cm-20190613t011023-20190613t011209-000003-031F10_ll_gd_GEO-IRWIN.nc,19.9378643035889,69.6191787719727,"2019-06-13T01:10:23,000",/scale/user/mtannaou/alternance/donnees_sar_changes/s1a-iw-owi-cm-20190613t011023-20190613t011209-000003-031F10_aeqd.nc,s1a-iw-owi-cm-20190613t011023-20190613t011209-000003-031F10.nc,/home/datawork-cersat-public/cache/public/ftp/project/sarwing/processings/grdwind+windir_2025v6v12_2v0_0v3v9_0v0v6_0v0v6_1v4v3_1v0v15_1v0v10_1v2v5_1v2v2_1v1v1_1v2v1/cmod5n_ecmwf_norecal_rs2rcmgmfv4_28052025/sentinel-1a/L2M/IW/S1A_IW_GRDH_1S/2019/164/S1A_IW_GRDH_1SDV_20190613T011023_20190613T011209_027654_031F10_1C2CX2BF1X32CDX775D/s1a-iw-owi-cm-20190613t011023-20190613t011209-000003-031F10.nc
ep082020,IRWIN,s1a-ew-owi-cm-20200725t034755-20200725t035002-000003-03E50E_ll_gd_GEO-IRWIN.nc,17.7464637756348,215.195037841797,"2020-07-25T03:47:55,000",/scale/user/mtannaou/alternance/donnees_sar_changes/s1a-ew-owi-cm-20200725t034755-20200725t035002-000003-03E50E_aeqd.nc,s1a-ew-owi-cm-20200725t034755-20200725t035002-000003-03E50E.nc,/home/datawork-cersat-public/cache/public/ftp/project/sarwing/processings/grdwind+windir_2025v6v12_2v0_0v3v9_0v0v6_0v0v6_1v4v3_1v0v15_1v0v10_1v2v5_1v2v2_1v1v1_1v2v1/cmod5n_ecmwf_norecal_rs2rcmgmfv4_28052025/sentinel-1a/L2M/EW/S1A_EW_GRDM_1S/2020/207/S1A_EW_GRDM_1SDV_20200725T034755_20200725T035002_033606_03E50E_02F4XEFE4/s1a-ew-owi-cm-20200725t034755-20200725t035002-000003-03E50E.nc
ep082020,IRWIN,rs2-scwa-owi-cm-20200726t161342-20200726t161458-00003-______ll_gd_GEO-IRWIN.nc,20.6668281555176,205.834579467773,"2020-07-26T16:13:42,000",/scale/user/mtannaou/alternance/donnees_sar_changes/rs2-scwa-owi-cm-20200726t161342-20200726t161458-00003-xxxxx_aeqd.nc,rs2-scwa-owi-cm-20200726t161342-20200726t161458-00003-xxxxx.nc,/home/datawork-cersat-public/cache/public/ftp/project/sarwing/processings/grdwind+windir_2025v6v12_2v0_0v3v9_0v0v6_0v0v6_1v4v3_1v0v15_1v0v10_1v2v5_1v2v2_1v1v1_1v2v1/cmod5n_ecmwf_norecal_rs2rcmgmfv4_28052025/RS2/L2M/SCWA/RS2_SCWA/2020/208/RS2_OK888888_PK888888_DK888888_SCWA_20200726_161342_161342_VV_VH_SGF/rs2-scwa-owi-cm-20200726t161342-20200726t161458-00003-xxxxx.nc
ep082020,IRWIN,rs2-scwa-owi-cm-20200726t161050-20200726t161314-00003-______ll_gd_GEO-IRWIN.nc,20.6668281555176,205.834579467773,"2020-07-26T16:10:50,000",/scale/user/mtannaou/alternance/donnees_sar_changes/rs2-scwa-owi-cm-20200726t161050-20200726t161314-00003-xxxxx_aeqd.nc,rs2-scwa-owi-cm-20200726t161050-20200726t161314-00003-xxxxx.nc,/home/datawork-cersat-public/cache/public/ftp/project/sarwing/processings/grdwind+windir_2025v6v12_2v0_0v3v9_0v0v6_0v0v6_1v4v3_1v0v15_1v0v10_1v2v5_1v2v2_1v1v1_1v2v1/cmod5n_ecmwf_norecal_rs2rcmgmfv4_28052025/RS2/L2M/SCWA/RS2_SCWA/2020/208/RS2_OK888888_PK888888X888_DK888888X888_SCWA_20200726_161050_161158_VV_VH_SGF/rs2-scwa-owi-cm-20200726t161050-20200726t161314-00003-xxxxx.nc
ep082020,IRWIN,s1b-ew-owi-cm-20200728t171208-20200728t171335-000003-02B09D_ll_gd_GEO-IRWIN.nc,24.0547599792481,193.269515991211,"2020-07-28T17:12:08,000",/scale/user/mtannaou/alternance/donnees_sar_changes/s1b-ew-owi-cm-20200728t171208-20200728t171335-000003-02B09D_aeqd.nc,s1b-ew-owi-cm-20200728t171208-20200728t171335-000003-02B09D.nc,/home/datawork-cersat-public/cache/public/ftp/project/sarwing/processings/grdwind+windir_2025v6v12_2v0_0v3v9_0v0v6_0v0v6_1v4v3_1v0v15_1v0v10_1v2v5_1v2v2_1v1v1_1v2v1/cmod5n_ecmwf_norecal_rs2rcmgmfv4_28052025/sentinel-1b/L2M/EW/S1B_EW_GRDM_1S/2020/210/S1B_EW_GRDM_1SDV_20200728T171208_20200728T171335_022674_02B09D_1DFDX846A/s1b-ew-owi-cm-20200728t171208-20200728t171335-000003-02B09D.nc
ep082020,IRWIN,s1b-ew-owi-cm-20200728t050249-20200728t050456-000003-02B05B_ll_gd_GEO-IRWIN.nc,23.0128993988037,196.485397338867,"2020-07-28T05:02:49,000",/scale/user/mtannaou/alternance/donnees_sar_changes/s1b-ew-owi-cm-20200728t050249-20200728t050456-000003-02B05B_aeqd.nc,s1b-ew-owi-cm-20200728t050249-20200728t050456-000003-02B05B.nc,/home/datawork-cersat-public/cache/public/ftp/project/sarwing/processings/grdwind+windir_2025v6v12_2v0_0v3v9_0v0v6_0v0v6_1v4v3_1v0v15_1v0v10_1v2v5_1v2v2_1v1v1_1v2v1/cmod5n_ecmwf_norecal_rs2rcmgmfv4_28052025/sentinel-1b/L2M/EW/S1B_EW_GRDM_1S/2020/210/S1B_EW_GRDM_1SDV_20200728T050249_20200728T050456_022667_02B05B_5A6FXF76F/s1b-ew-owi-cm-20200728t050249-20200728t050456-000003-02B05B.nc
wp152024,IRWIN,rcm2-sclna-owi-cm-20240917t085629-20240917t085744-00003-______ll_gd_GEO-IRWIN.nc,20.3530616760254,136.011611938477,"2024-09-17T08:56:29,000",/scale/user/mtannaou/alternance/donnees_sar_changes/rcm2-sclna-owi-cm-20240917t085629-20240917t085744-00003-xxxxx_aeqd.nc,rcm2-sclna-owi-cm-20240917t085629-20240917t085744-00003-xxxxx.nc,/home/datawork-cersat-public/cache/public/ftp/project/sarwing/processings/grdwind+windir_2025v6v12_2v0_0v3v9_0v0v6_0v0v6_1v4v3_1v0v15_1v0v10_1v2v5_1v2v2_1v1v1_1v2v1/cmod5n_ecmwf_norecal_rs2rcmgmfv4_28052025/rcm-2/L2M/sclna/rcm-2_sclna/2024/261/RCM2_OK3268023_PK3269101_1_SCLNA_20240917_085631_VV_VH_GRD/rcm2-sclna-owi-cm-20240917t085629-20240917t085744-00003-xxxxx.nc
wp152024,IRWIN,rcm1-sc50ma-owi-cm-20240919t094649-20240919t094730-00003-______ll_gd_GEO-IRWIN.nc,29.950252532959,122.995834350586,"2024-09-19T09:46:49,000",,rcm1-sc50ma-owi-cm-20240919t094652-20240919t094754-00003-xxxxx.nc,/home/datawork-cersat-public/cache/public/ftp/project/sarwing/processings/grdwind+windir_2025v6v12_2v0_0v3v9_0v0v6_0v0v6_1v4v3_1v0v15_1v0v10_1v2v5_1v2v2_1v1v1_1v2v1/cmod5n_ecmwf_norecal_rs2rcmgmfv4_28052025/rcm-1/L2M/sc50ma/rcm-1_sc50ma/2024/263/RCM1_OK3269663_PK3273264_1_SC50MA_20240919_094652_HH_HV_GRD/rcm1-sc50ma-owi-cm-20240919t094652-20240919t094754-00003-xxxxx.nc
wp152024,IRWIN,rcm2-sc50ma-owi-cm-20240921t093222-20240921t093241-00003-______ll_gd_GEO-IRWIN.nc,34.4523735046387,126.06396484375,"2024-09-21T09:32:22,000",/scale/user/mtannaou/alternance/donnees_sar_changes/rcm2-sc50ma-owi-cm-20240921t093222-20240921t093241-00003-xxxxx_aeqd.nc,rcm2-sc50ma-owi-cm-20240921t093222-20240921t093241-00003-xxxxx.nc,/home/datawork-cersat-public/cache/public/ftp/project/sarwing/processings/grdwind+windir_2025v6v12_2v0_0v3v9_0v0v6_0v0v6_1v4v3_1v0v15_1v0v10_1v2v5_1v2v2_1v1v1_1v2v1/cmod5n_ecmwf_norecal_rs2rcmgmfv4_28052025/rcm-2/L2M/sc50ma/rcm-2_sc50ma/2024/265/RCM2_OK3273862_PK3276722_1_SC50MA_20240921_093224_HH_HV_GRD/rcm2-sc50ma-owi-cm-20240921t093222-20240921t093241-00003-xxxxx.nc
wp152024,IRWIN,rcm1-sc50mc-owi-cm-20240918t093837-20240918t093906-00003-______ll_gd_GEO-IRWIN.nc,24.7732791900635,129.601028442383,"2024-09-18T09:38:37,000",/scale/user/mtannaou/alternance/donnees_sar_changes/rcm1-sc50mc-owi-cm-20240918t093837-20240918t093906-00003-xxxxx_aeqd.nc,rcm1-sc50mc-owi-cm-20240918t093837-20240918t093906-00003-xxxxx.nc,/home/datawork-cersat-public/cache/public/ftp/project/sarwing/processings/grdwind+windir_2025v6v12_2v0_0v3v9_0v0v6_0v0v6_1v4v3_1v0v15_1v0v10_1v2v5_1v2v2_1v1v1_1v2v1/cmod5n_ecmwf_norecal_rs2rcmgmfv4_28052025/rcm-1/L2M/sc50mc/rcm-1_sc50mc/2024/262/RCM1_OK3028472_PK3271713_1_SC50MC_20240918_093501_HH_HV_GRD/rcm1-sc50mc-owi-cm-20240918t093837-20240918t093906-00003-xxxxx.nc
wp222024,IRWIN,rcm3-sc50ma-owi-cm-20241024t220318-20241024t220417-00003-______ll_gd_GEO-IRWIN.nc,16.9526519775391,119.191505432129,"2024-10-24T22:03:18,000",/scale/user/mtannaou/alternance/donnees_sar_changes/rcm3-sc50ma-owi-cm-20241024t220318-20241024t220417-00003-xxxxx_aeqd.nc,rcm3-sc50ma-owi-cm-20241024t220318-20241024t220417-00003-xxxxx.nc,/home/datawork-cersat-public/cache/public/ftp/project/sarwing/processings/grdwind+windir_2025v6v12_2v0_0v3v9_0v0v6_0v0v6_1v4v3_1v0v15_1v0v10_1v2v5_1v2v2_1v1v1_1v2v1/cmod5n_ecmwf_norecal_rs2rcmgmfv4_28052025/rcm-3/L2M/sc50ma/rcm-3_sc50ma/2024/298/RCM3_OK3328412_PK3331737_1_SC50MA_20241024_220157_HH_HV_GRD/rcm3-sc50ma-owi-cm-20241024t220318-20241024t220417-00003-xxxxx.nc
wp222024,IRWIN,rcm3-sc50mc-owi-cm-20241022t095112-20241022t095229-00003-______ll_gd_GEO-IRWIN.nc,14.1773166656494,126.382461547852,"2024-10-22T09:51:12,000",/scale/user/mtannaou/alternance/donnees_sar_changes/rcm3-sc50mc-owi-cm-20241022t095112-20241022t095229-00003-xxxxx_aeqd.nc,rcm3-sc50mc-owi-cm-20241022t095112-20241022t095229-00003-xxxxx.nc,/home/datawork-cersat-public/cache/public/ftp/project/sarwing/processings/grdwind+windir_2025v6v12_2v0_0v3v9_0v0v6_0v0v6_1v4v3_1v0v15_1v0v10_1v2v5_1v2v2_1v1v1_1v2v1/cmod5n_ecmwf_norecal_rs2rcmgmfv4_28052025/rcm-3/L2M/sc50mc/rcm-3_sc50mc/2024/296/RCM3_OK3326613_PK3327776_1_SC50MC_20241022_095112_HH_HV_GRD/rcm3-sc50mc-owi-cm-20241022t095112-20241022t095229-00003-xxxxx.nc
wp222024,IRWIN,rcm3-sc50mc-owi-cm-20241025t221107-20241025t221159-00003-______ll_gd_GEO-IRWIN.nc,17.1143836975098,114.445259094238,"2024-10-25T22:11:07,000",/scale/user/mtannaou/alternance/donnees_sar_changes/rcm3-sc50mc-owi-cm-20241025t221107-20241025t221159-00003-xxxxx_aeqd.nc,rcm3-sc50mc-owi-cm-20241025t221107-20241025t221159-00003-xxxxx.nc,/home/datawork-cersat-public/cache/public/ftp/project/sarwing/processings/grdwind+windir_2025v6v12_2v0_0v3v9_0v0v6_0v0v6_1v4v3_1v0v15_1v0v10_1v2v5_1v2v2_1v1v1_1v2v1/cmod5n_ecmwf_norecal_rs2rcmgmfv4_28052025/rcm-3/L2M/sc50mc/rcm-3_sc50mc/2024/299/RCM3_OK3329724_PK3333063_1_SC50MC_20241025_221109_HH_HV_GRD/rcm3-sc50mc-owi-cm-20241025t221107-20241025t221159-00003-xxxxx.nc
wp222024,IRWIN,rcm3-sc50ma-owi-cm-20241023t215514-20241023t215613-00003-______ll_gd_GEO-IRWIN.nc,17.1611347198486,121.873657226563,"2024-10-23T21:55:14,000",/scale/user/mtannaou/alternance/donnees_sar_changes/rcm3-sc50ma-owi-cm-20241023t215514-20241023t215613-00003-xxxxx_aeqd.nc,rcm3-sc50ma-owi-cm-20241023t215514-20241023t215613-00003-xxxxx.nc,/home/datawork-cersat-public/cache/public/ftp/project/sarwing/processings/grdwind+windir_2025v6v12_2v0_0v3v9_0v0v6_0v0v6_1v4v3_1v0v15_1v0v10_1v2v5_1v2v2_1v1v1_1v2v1/cmod5n_ecmwf_norecal_rs2rcmgmfv4_28052025/rcm-3/L2M/sc50ma/rcm-3_sc50ma/2024/297/RCM3_OK3327039_PK3330179_1_SC50MA_20241023_215348_HH_HV_GRD/rcm3-sc50ma-owi-cm-20241023t215514-20241023t215613-00003-xxxxx.nc
wp222024,IRWIN,rcm1-sc50mc-owi-cm-20241021t210733-20241021t210848-00003-______ll_gd_GEO-IRWIN.nc,13.338586807251,128.107650756836,"2024-10-21T21:07:33,000",/scale/user/mtannaou/alternance/donnees_sar_changes/rcm1-sc50mc-owi-cm-20241021t210733-20241021t210848-00003-xxxxx_aeqd.nc,rcm1-sc50mc-owi-cm-20241021t210733-20241021t210848-00003-xxxxx.nc,/home/datawork-cersat-public/cache/public/ftp/project/sarwing/processings/grdwind+windir_2025v6v12_2v0_0v3v9_0v0v6_0v0v6_1v4v3_1v0v15_1v0v10_1v2v5_1v2v2_1v1v1_1v2v1/cmod5n_ecmwf_norecal_rs2rcmgmfv4_28052025/rcm-1/L2M/sc50mc/rcm-1_sc50mc/2024/295/RCM1_OK3324668_PK3327252_1_SC50MC_20241021_210404_HH_HV_GRD/rcm1-sc50mc-owi-cm-20241021t210733-20241021t210848-00003-xxxxx.nc
wp222024,IRWIN,rcm2-sclnd-owi-cm-20241027t110358-20241027t110514-00003-______ll_gd_GEO-IRWIN.nc,15.5942182540894,107.481727600098,"2024-10-27T11:03:58,000",/scale/user/mtannaou/alternance/donnees_sar_changes/rcm2-sclnd-owi-cm-20241027t110358-20241027t110514-00003-xxxxx_aeqd.nc,rcm2-sclnd-owi-cm-20241027t110358-20241027t110514-00003-xxxxx.nc,/home/datawork-cersat-public/cache/public/ftp/project/sarwing/processings/grdwind+windir_2025v6v12_2v0_0v3v9_0v0v6_0v0v6_1v4v3_1v0v15_1v0v10_1v2v5_1v2v2_1v1v1_1v2v1/cmod5n_ecmwf_norecal_rs2rcmgmfv4_28052025/rcm-2/L2M/sclnd/rcm-2_sclnd/2024/301/RCM2_OK3332788_PK3335235_1_SCLND_20241027_110401_VV_VH_GRD/rcm2-sclnd-owi-cm-20241027t110358-20241027t110514-00003-xxxxx.nc
wp222024,IRWIN,rcm3-sc50mc-owi-cm-20241023t095951-20241023t100109-00003-______ll_gd_GEO-IRWIN.nc,16.5275802612305,123.301414489746,"2024-10-23T09:59:51,000",/scale/user/mtannaou/alternance/donnees_sar_changes/rcm3-sc50mc-owi-cm-20241023t095951-20241023t100109-00003-xxxxx_aeqd.nc,rcm3-sc50mc-owi-cm-20241023t095951-20241023t100109-00003-xxxxx.nc,/home/datawork-cersat-public/cache/public/ftp/project/sarwing/processings/grdwind+windir_2025v6v12_2v0_0v3v9_0v0v6_0v0v6_1v4v3_1v0v15_1v0v10_1v2v5_1v2v2_1v1v1_1v2v1/cmod5n_ecmwf_norecal_rs2rcmgmfv4_28052025/rcm-3/L2M/sc50mc/rcm-3_sc50mc/2024/297/RCM3_OK3327037_PK3329149_1_SC50MC_20241023_095951_HH_HV_GRD/rcm3-sc50mc-owi-cm-20241023t095951-20241023t100109-00003-xxxxx.nc
wp222024,IRWIN,s1a-ew-owi-cm-20241024t220202-20241024t220306-000003-06E330_ll_gd_GEO-IRWIN.nc,16.9526519775391,119.191505432129,"2024-10-24T22:02:02,000",/scale/user/mtannaou/alternance/donnees_sar_changes/s1a-ew-owi-cm-20241024t220202-20241024t220306-000003-06E330_aeqd.nc,rcm3-sc50ma-owi-cm-20241024t220318-20241024t220417-00003-xxxxx.nc,/home/datawork-cersat-public/cache/public/ftp/project/sarwing/processings/grdwind+windir_2025v6v12_2v0_0v3v9_0v0v6_0v0v6_1v4v3_1v0v15_1v0v10_1v2v5_1v2v2_1v1v1_1v2v1/cmod5n_ecmwf_norecal_rs2rcmgmfv4_28052025/rcm-3/L2M/sc50ma/rcm-3_sc50ma/2024/298/RCM3_OK3328412_PK3331737_1_SC50MA_20241024_220157_HH_HV_GRD/rcm3-sc50ma-owi-cm-20241024t220318-20241024t220417-00003-xxxxx.nc
al292020,IRWIN,s1a-iw-owi-cm-20201103t234046-20201103t234226-000003-04184A_ll_gd_GEO-IRWIN.nc,13.8074216842651,276.451324462891,"2020-11-03T23:40:46,000",,s1a-iw-owi-cm-20201103t233931-20201103t234226-000003-04184A.nc,/home/datawork-cersat-public/cache/public/ftp/project/sarwing/processings/grdwind+windir_2025v6v12_2v0_0v3v9_0v0v6_0v0v6_1v4v3_1v0v15_1v0v10_1v2v5_1v2v2_1v1v1_1v2v1/cmod5n_ecmwf_norecal_rs2rcmgmfv4_28052025/sentinel-1a/L2M/IW/S1A_IW_GRDH_1S/2020/308/S1A_IW_GRDH_1SDV_20201103T233931_20201103T234226_035091_04184A_051CX08EEX95D6X9BA2XAF27XBA2FXE7F0/s1a-iw-owi-cm-20201103t233931-20201103t234226-000003-04184A.nc
al292020,IRWIN,s1a-iw-owi-cm-20201112t232103-20201112t232243-000003-041CD6_ll_gd_GEO-IRWIN.nc,31.5134429931641,279.464538574219,"2020-11-12T23:21:03,000",/scale/user/mtannaou/alternance/donnees_sar_changes/s1a-iw-owi-cm-20201112t232103-20201112t232243-000003-041CD6_aeqd.nc,s1a-iw-owi-cm-20201112t232103-20201112t232243-000003-041CD6.nc,/home/datawork-cersat-public/cache/public/ftp/project/sarwing/processings/grdwind+windir_2025v6v12_2v0_0v3v9_0v0v6_0v0v6_1v4v3_1v0v15_1v0v10_1v2v5_1v2v2_1v1v1_1v2v1/cmod5n_ecmwf_norecal_rs2rcmgmfv4_28052025/sentinel-1a/L2M/IW/S1A_IW_GRDH_1S/2020/317/S1A_IW_GRDH_1SDV_20201112T232103_20201112T232243_035222_041CD6_64DAX91E6XD8DDXEA56/s1a-iw-owi-cm-20201112t232103-20201112t232243-000003-041CD6.nc
al292020,IRWIN,rs2-scwa-owi-cm-20201110t233727-20201110t233842-00003-______ll_gd_GEO-IRWIN.nc,23.2433242797852,275.2001953125,"2020-11-10T23:37:27,000",/scale/user/mtannaou/alternance/donnees_sar_changes/rs2-scwa-owi-cm-20201110t233727-20201110t233842-00003-xxxxx_aeqd.nc,rs2-scwa-owi-cm-20201110t233727-20201110t233842-00003-xxxxx.nc,/home/datawork-cersat-public/cache/public/ftp/project/sarwing/processings/grdwind+windir_2025v6v12_2v0_0v3v9_0v0v6_0v0v6_1v4v3_1v0v15_1v0v10_1v2v5_1v2v2_1v1v1_1v2v1/cmod5n_ecmwf_norecal_rs2rcmgmfv4_28052025/RS2/L2M/SCWA/RS2_SCWA/2020/315/RS2_OK125612_PK1098050_DK1043920_SCWA_20201110_233727_233727_VV_VH_SCF/rs2-scwa-owi-cm-20201110t233727-20201110t233842-00003-xxxxx.nc
al292020,IRWIN,rcm2-sc50ma-owi-cm-20201103t112751-20201103t112855-00003-______ll_gd_GEO-IRWIN.nc,13.7322540283203,276.961059570313,"2020-11-03T11:27:51,000",/scale/user/mtannaou/alternance/donnees_sar_changes/rcm2-sc50ma-owi-cm-20201103t112751-20201103t112855-00003-xxxxx_aeqd.nc,rcm2-sc50ma-owi-cm-20201103t112751-20201103t112855-00003-xxxxx.nc,/home/datawork-cersat-public/cache/public/ftp/project/sarwing/processings/grdwind+windir_2025v6v12_2v0_0v3v9_0v0v6_0v0v6_1v4v3_1v0v15_1v0v10_1v2v5_1v2v2_1v1v1_1v2v1/cmod5n_ecmwf_norecal_rs2rcmgmfv4_28052025/rcm-2/L2M/sc50ma/rcm-2_sc50ma/2020/308/RCM2_OK2377127_PK2377165_1_SC50MA_20201103_112802_HH_HV_GRD/rcm2-sc50ma-owi-cm-20201103t112751-20201103t112855-00003-xxxxx.nc
al292020,IRWIN,rs2-scwa-owi-cm-20201109t111723-20201109t111839-00003-______ll_gd_GEO-IRWIN.nc,25.0215282440186,277.640380859375,"2020-11-09T11:17:23,000",/scale/user/mtannaou/alternance/donnees_sar_changes/rs2-scwa-owi-cm-20201109t111723-20201109t111839-00003-xxxxx_aeqd.nc,rs2-scwa-owi-cm-20201109t111723-20201109t111839-00003-xxxxx.nc,/home/datawork-cersat-public/cache/public/ftp/project/sarwing/processings/grdwind+windir_2025v6v12_2v0_0v3v9_0v0v6_0v0v6_1v4v3_1v0v15_1v0v10_1v2v5_1v2v2_1v1v1_1v2v1/cmod5n_ecmwf_norecal_rs2rcmgmfv4_28052025/RS2/L2M/SCWA/RS2_SCWA/2020/314/RS2_OK125612_PK1098049_DK1043919_SCWA_20201109_111723_111723_VV_VH_SCF/rs2-scwa-owi-cm-20201109t111723-20201109t111839-00003-xxxxx.nc
sh052021,IRWIN,s1a-ew-owi-cm-20201216t065653-20201216t065903-000003-042DA5_ll_gd_GEO-IRWIN.nc,-14.9433975219727,174.885971069336,"2020-12-16T06:56:53,000",/scale/user/mtannaou/alternance/donnees_sar_changes/s1a-ew-owi-cm-20201216t065653-20201216t065903-000003-042DA5_aeqd.nc,s1a-ew-owi-cm-20201216t065653-20201216t065903-000003-042DA5.nc,/home/datawork-cersat-public/cache/public/ftp/project/sarwing/processings/grdwind+windir_2025v6v12_2v0_0v3v9_0v0v6_0v0v6_1v4v3_1v0v15_1v0v10_1v2v5_1v2v2_1v1v1_1v2v1/cmod5n_ecmwf_norecal_rs2rcmgmfv4_28052025/sentinel-1a/L2M/EW/S1A_EW_GRDM_1S/2020/351/S1A_EW_GRDM_1SDV_20201216T065653_20201216T065903_035707_042DA5_D2ABXFEC7/s1a-ew-owi-cm-20201216t065653-20201216t065903-000003-042DA5.nc
sh172019,IRWIN,s1b-ew-owi-cm-20190307t004754-20190307t005102-000003-01C845_ll_gd_GEO-IRWIN.nc,-24.9378108978272,68.152458190918,"2019-03-07T00:47:54,000",/scale/user/mtannaou/alternance/donnees_sar_changes/s1b-ew-owi-cm-20190307t004754-20190307t005102-000003-01C845_aeqd.nc,s1b-ew-owi-cm-20190307t004754-20190307t005102-000003-01C845.nc,/home/datawork-cersat-public/cache/public/ftp/project/sarwing/processings/grdwind+windir_2025v6v12_2v0_0v3v9_0v0v6_0v0v6_1v4v3_1v0v15_1v0v10_1v2v5_1v2v2_1v1v1_1v2v1/cmod5n_ecmwf_norecal_rs2rcmgmfv4_28052025/sentinel-1b/L2M/EW/S1B_EW_GRDM_1S/2019/066/S1B_EW_GRDM_1SDV_20190307T004754_20190307T005102_015241_01C845_20A2XA78AXDEFC/s1b-ew-owi-cm-20190307t004754-20190307t005102-000003-01C845.nc
sh172019,IRWIN,s1b-ew-owi-cm-20190306t135326-20190306t135533-000003-01C808_ll_gd_GEO-IRWIN.nc,-23.5830821990967,69.1206130981445,"2019-03-06T13:53:26,000",/scale/user/mtannaou/alternance/donnees_sar_changes/s1b-ew-owi-cm-20190306t135326-20190306t135533-000003-01C808_aeqd.nc,s1b-ew-owi-cm-20190306t135326-20190306t135533-000003-01C808.nc,/home/datawork-cersat-public/cache/public/ftp/project/sarwing/processings/grdwind+windir_2025v6v12_2v0_0v3v9_0v0v6_0v0v6_1v4v3_1v0v15_1v0v10_1v2v5_1v2v2_1v1v1_1v2v1/cmod5n_ecmwf_norecal_rs2rcmgmfv4_28052025/sentinel-1b/L2M/EW/S1B_EW_GRDM_1S/2019/065/S1B_EW_GRDM_1SDV_20190306T135326_20190306T135533_015234_01C808_DE3DXE5D0/s1b-ew-owi-cm-20190306t135326-20190306t135533-000003-01C808.nc
sh172019,IRWIN,s1a-ew-owi-cm-20190306t005659-20190306t005946-000003-02ED45_ll_gd_GEO-IRWIN.nc,-22.1722831726074,70.9212341308594,"2019-03-06T00:56:59,000",/scale/user/mtannaou/alternance/donnees_sar_changes/s1a-ew-owi-cm-20190306t005659-20190306t005946-000003-02ED45_aeqd.nc,s1a-ew-owi-cm-20190306t005659-20190306t005946-000003-02ED45.nc,/home/datawork-cersat-public/cache/public/ftp/project/sarwing/processings/grdwind+windir_2025v6v12_2v0_0v3v9_0v0v6_0v0v6_1v4v3_1v0v15_1v0v10_1v2v5_1v2v2_1v1v1_1v2v1/cmod5n_ecmwf_norecal_rs2rcmgmfv4_28052025/sentinel-1a/L2M/EW/S1A_EW_GRDM_1S/2019/065/S1A_EW_GRDM_1SDV_20190306T005659_20190306T005946_026210_02ED45_2D97X82F4XF007/s1a-ew-owi-cm-20190306t005659-20190306t005946-000003-02ED45.nc
sh172019,IRWIN,s1b-ew-owi-cm-20190309t141317-20190309t141622-000003-01C976_ll_gd_GEO-IRWIN.nc,-37.7229499816895,66.1267623901367,"2019-03-09T14:13:17,000",/scale/user/mtannaou/alternance/donnees_sar_changes/s1b-ew-owi-cm-20190309t141317-20190309t141622-000003-01C976_aeqd.nc,s1b-ew-owi-cm-20190309t141317-20190309t141622-000003-01C976.nc,/home/datawork-cersat-public/cache/public/ftp/project/sarwing/processings/grdwind+windir_2025v6v12_2v0_0v3v9_0v0v6_0v0v6_1v4v3_1v0v15_1v0v10_1v2v5_1v2v2_1v1v1_1v2v1/cmod5n_ecmwf_norecal_rs2rcmgmfv4_28052025/sentinel-1b/L2M/EW/S1B_EW_GRDM_1S/2019/068/S1B_EW_GRDM_1SDV_20190309T141317_20190309T141622_015278_01C976_165AX2A96X8F1E/s1b-ew-owi-cm-20190309t141317-20190309t141622-000003-01C976.nc
sh172019,IRWIN,s1b-ew-owi-cm-20190303t133123-20190303t133257-000003-01C6A0_ll_gd_GEO-IRWIN.nc,-15.5420866012573,73.5996856689453,"2019-03-03T13:31:23,000",/scale/user/mtannaou/alternance/donnees_sar_changes/s1b-ew-owi-cm-20190303t133123-20190303t133257-000003-01C6A0_aeqd.nc,s1b-ew-owi-cm-20190303t133123-20190303t133257-000003-01C6A0.nc,/home/datawork-cersat-public/cache/public/ftp/project/sarwing/processings/grdwind+windir_2025v6v12_2v0_0v3v9_0v0v6_0v0v6_1v4v3_1v0v15_1v0v10_1v2v5_1v2v2_1v1v1_1v2v1/cmod5n_ecmwf_norecal_rs2rcmgmfv4_28052025/sentinel-1b/L2M/EW/S1B_EW_GRDM_1S/2019/062/S1B_EW_GRDM_1SDV_20190303T133123_20190303T133257_015190_01C6A0_2EF4XF72A/s1b-ew-owi-cm-20190303t133123-20190303t133257-000003-01C6A0.nc
sh172019,IRWIN,s1a-ew-owi-cm-20190308t142434-20190308t142620-000003-02EEA4_ll_gd_GEO-IRWIN.nc,-32.2739601135254,65.4768218994141,"2019-03-08T14:24:34,000",/scale/user/mtannaou/alternance/donnees_sar_changes/s1a-ew-owi-cm-20190308t142434-20190308t142620-000003-02EEA4_aeqd.nc,s1a-ew-owi-cm-20190308t142434-20190308t142620-000003-02EEA4.nc,/home/datawork-cersat-public/cache/public/ftp/project/sarwing/processings/grdwind+windir_2025v6v12_2v0_0v3v9_0v0v6_0v0v6_1v4v3_1v0v15_1v0v10_1v2v5_1v2v2_1v1v1_1v2v1/cmod5n_ecmwf_norecal_rs2rcmgmfv4_28052025/sentinel-1a/L2M/EW/S1A_EW_GRDM_1S/2019/067/S1A_EW_GRDM_1SDV_20190308T142434_20190308T142620_026247_02EEA4_0DBCX186A/s1a-ew-owi-cm-20190308t142434-20190308t142620-000003-02EEA4.nc
wp162022,IRWIN,rs2-scwa-owi-cm-20220918t092630-20220918t092747-00003-______ll_gd_GEO-IRWIN.nc,31.0549144744873,130.611801147461,"2022-09-18T09:26:30,000",/scale/user/mtannaou/alternance/donnees_sar_changes/rs2-scwa-owi-cm-20220918t092630-20220918t092747-00003-xxxxx_aeqd.nc,rs2-scwa-owi-cm-20220918t092630-20220918t092747-00003-xxxxx.nc,/home/datawork-cersat-public/cache/public/ftp/project/sarwing/processings/grdwind+windir_2025v6v12_2v0_0v3v9_0v0v6_0v0v6_1v4v3_1v0v15_1v0v10_1v2v5_1v2v2_1v1v1_1v2v1/cmod5n_ecmwf_norecal_rs2rcmgmfv4_28052025/RS2/L2M/SCWA/RS2_SCWA/2022/261/RS2_OK141302_PK1242230_DK1208544_SCWA_20220918_092630_092630_VV_VH_SGF/rs2-scwa-owi-cm-20220918t092630-20220918t092747-00003-xxxxx.nc
wp162022,IRWIN,rs2-scwa-owi-cm-20220916t210335-20220916t210558-00003-______ll_gd_GEO-IRWIN.nc,25.5917682647705,133.661437988281,"2022-09-16T21:03:35,000",/scale/user/mtannaou/alternance/donnees_sar_changes/rs2-scwa-owi-cm-20220916t210335-20220916t210558-00003-xxxxx_aeqd.nc,rs2-scwa-owi-cm-20220916t210335-20220916t210558-00003-xxxxx.nc,/home/datawork-cersat-public/cache/public/ftp/project/sarwing/processings/grdwind+windir_2025v6v12_2v0_0v3v9_0v0v6_0v0v6_1v4v3_1v0v15_1v0v10_1v2v5_1v2v2_1v1v1_1v2v1/cmod5n_ecmwf_norecal_rs2rcmgmfv4_28052025/RS2/L2M/SCWA/RS2_SCWA/2022/259/RS2_OK141302_PK1242227X228_DK1208541X542_SCWA_20220916_210335_210442_VV_VH_SGF/rs2-scwa-owi-cm-20220916t210335-20220916t210558-00003-xxxxx.nc
sh052023,IRWIN,s1a-ew-owi-cm-20221229t004058-20221229t004303-000003-0593A7_ll_gd_GEO-IRWIN.nc,-22.1737384796143,74.0209274291992,"2022-12-29T00:40:58,000",/scale/user/mtannaou/alternance/donnees_sar_changes/s1a-ew-owi-cm-20221229t004058-20221229t004303-000003-0593A7_aeqd.nc,s1a-ew-owi-cm-20221229t004058-20221229t004303-000003-0593A7.nc,/home/datawork-cersat-public/cache/public/ftp/project/sarwing/processings/grdwind+windir_2025v6v12_2v0_0v3v9_0v0v6_0v0v6_1v4v3_1v0v15_1v0v10_1v2v5_1v2v2_1v1v1_1v2v1/cmod5n_ecmwf_norecal_rs2rcmgmfv4_28052025/sentinel-1a/L2M/EW/S1A_EW_GRDM_1S/2022/363/S1A_EW_GRDM_1SDV_20221229T004058_20221229T004303_046539_0593A7_B92AXDD90/s1a-ew-owi-cm-20221229t004058-20221229t004303-000003-0593A7.nc
sh052023,IRWIN,rcm2-sclna-owi-cm-20221226t123931-20221226t124046-00003-______ll_gd_GEO-IRWIN.nc,-16.8251438140869,84.9858932495117,"2022-12-26T12:39:31,000",,rcm2-sclna-owi-cm-20221226t123931-20221226t124046-00003-xxxxx.nc,/home/datawork-cersat-public/cache/public/ftp/project/sarwing/processings/grdwind+windir_2025v6v12_2v0_0v3v9_0v0v6_0v0v6_1v4v3_1v0v15_1v0v10_1v2v5_1v2v2_1v1v1_1v2v1/cmod5n_ecmwf_norecal_rs2rcmgmfv4_28052025/rcm-2/L2M/sclna/rcm-2_sclna/2022/360/RCM2_OK2394533_PK2395703_1_SCLNA_20221226_123933_VV_VH_GRD/rcm2-sclna-owi-cm-20221226t123931-20221226t124046-00003-xxxxx.nc
sh052023,IRWIN,rcm3-sclna-owi-cm-20221230t004731-20221230t004911-00003-______ll_gd_GEO-IRWIN.nc,-26.2198333740234,70.0928802490234,"2022-12-30T00:47:31,000",/scale/user/mtannaou/alternance/donnees_sar_changes/rcm3-sclna-owi-cm-20221230t004731-20221230t004911-00003-xxxxx_aeqd.nc,rcm3-sclna-owi-cm-20221230t004731-20221230t004911-00003-xxxxx.nc,/home/datawork-cersat-public/cache/public/ftp/project/sarwing/processings/grdwind+windir_2025v6v12_2v0_0v3v9_0v0v6_0v0v6_1v4v3_1v0v15_1v0v10_1v2v5_1v2v2_1v1v1_1v2v1/cmod5n_ecmwf_norecal_rs2rcmgmfv4_28052025/rcm-3/L2M/sclna/rcm-3_sclna/2022/364/RCM3_OK2411022_PK2411800_1_SCLNA_20221230_004744_VV_VH_GRD/rcm3-sclna-owi-cm-20221230t004731-20221230t004911-00003-xxxxx.nc
sh052023,IRWIN,rcm1-sclnd-owi-cm-20221225t233958-20221225t234125-00003-______ll_gd_GEO-IRWIN.nc,-16.4204692840576,85.2594299316406,"2022-12-25T23:39:58,000",/scale/user/mtannaou/alternance/donnees_sar_changes/rcm1-sclnd-owi-cm-20221225t233958-20221225t234125-00003-xxxxx_aeqd.nc,rcm1-sclnd-owi-cm-20221225t233958-20221225t234125-00003-xxxxx.nc,/home/datawork-cersat-public/cache/public/ftp/project/sarwing/processings/grdwind+windir_2025v6v12_2v0_0v3v9_0v0v6_0v0v6_1v4v3_1v0v15_1v0v10_1v2v5_1v2v2_1v1v1_1v2v1/cmod5n_ecmwf_norecal_rs2rcmgmfv4_28052025/rcm-1/L2M/sclnd/rcm-1_sclnd/2022/359/RCM1_OK2393046_PK2395213_1X2_SCLND_20221225_234000_VV_VH_GRD/rcm1-sclnd-owi-cm-20221225t233958-20221225t234125-00003-xxxxx.nc
sh052023,IRWIN,rcm1-sclnc-owi-cm-20221228t132546-20221228t132754-00003-______ll_gd_GEO-IRWIN.nc,-20.4439849853516,76.8066864013672,"2022-12-28T13:25:46,000",/scale/user/mtannaou/alternance/donnees_sar_changes/rcm1-sclnc-owi-cm-20221228t132546-20221228t132754-00003-xxxxx_aeqd.nc,rcm1-sclnc-owi-cm-20221228t132546-20221228t132754-00003-xxxxx.nc,/home/datawork-cersat-public/cache/public/ftp/project/sarwing/processings/grdwind+windir_2025v6v12_2v0_0v3v9_0v0v6_0v0v6_1v4v3_1v0v15_1v0v10_1v2v5_1v2v2_1v1v1_1v2v1/cmod5n_ecmwf_norecal_rs2rcmgmfv4_28052025/rcm-1/L2M/sclnc/rcm-1_sclnc/2022/362/RCM1_OK2411022_PK2411805_1X2_SCLNC_20221228_132557_VV_VH_GRD/rcm1-sclnc-owi-cm-20221228t132546-20221228t132754-00003-xxxxx.nc
sh052023,IRWIN,rcm1-sclna-owi-cm-20221229t133332-20221229t133447-00003-______ll_gd_GEO-IRWIN.nc,-24.4341564178467,71.5631866455078,"2022-12-29T13:33:32,000",/scale/user/mtannaou/alternance/donnees_sar_changes/rcm1-sclna-owi-cm-20221229t133332-20221229t133447-00003-xxxxx_aeqd.nc,rcm1-sclna-owi-cm-20221229t133332-20221229t133447-00003-xxxxx.nc,/home/datawork-cersat-public/cache/public/ftp/project/sarwing/processings/grdwind+windir_2025v6v12_2v0_0v3v9_0v0v6_0v0v6_1v4v3_1v0v15_1v0v10_1v2v5_1v2v2_1v1v1_1v2v1/cmod5n_ecmwf_norecal_rs2rcmgmfv4_28052025/rcm-1/L2M/sclna/rcm-1_sclna/2022/363/RCM1_OK2397564_PK2399237_1_SCLNA_20221229_133333_VV_VH_GRD/rcm1-sclna-owi-cm-20221229t133332-20221229t133447-00003-xxxxx.nc
sh052023,IRWIN,rcm1-sclnc-owi-cm-20221224t125515-20221224t125759-00003-______ll_gd_GEO-IRWIN.nc,-12.9003801345825,83.5887985229492,"2022-12-24T12:55:15,000",,rcm1-sclnc-owi-cm-20221224t125617-20221224t125744-00003-xxxxx.nc,/home/datawork-cersat-public/cache/public/ftp/project/sarwing/processings/grdwind+windir_2025v6v12_2v0_0v3v9_0v0v6_0v0v6_1v4v3_1v0v15_1v0v10_1v2v5_1v2v2_1v1v1_1v2v1/cmod5n_ecmwf_norecal_rs2rcmgmfv4_28052025/rcm-1/L2M/sclnc/rcm-1_sclnc/2022/358/RCM1_OK2392154_PK2393697_2X3_SCLNC_20221224_125528_VV_VH_GRD/rcm1-sclnc-owi-cm-20221224t125617-20221224t125744-00003-xxxxx.nc
sh052023,IRWIN,rcm1-sclnd-owi-cm-20221226t234849-20221226t235004-00003-______ll_gd_GEO-IRWIN.nc,-17.1703681945801,84.0175247192383,"2022-12-26T23:48:49,000",/scale/user/mtannaou/alternance/donnees_sar_changes/rcm1-sclnd-owi-cm-20221226t234849-20221226t235004-00003-xxxxx_aeqd.nc,rcm1-sclnd-owi-cm-20221226t234849-20221226t235004-00003-xxxxx.nc,/home/datawork-cersat-public/cache/public/ftp/project/sarwing/processings/grdwind+windir_2025v6v12_2v0_0v3v9_0v0v6_0v0v6_1v4v3_1v0v15_1v0v10_1v2v5_1v2v2_1v1v1_1v2v1/cmod5n_ecmwf_norecal_rs2rcmgmfv4_28052025/rcm-1/L2M/sclnd/rcm-1_sclnd/2022/360/RCM1_OK2394553_PK2396261_1_SCLND_20221226_234851_VV_VH_GRD/rcm1-sclnd-owi-cm-20221226t234849-20221226t235004-00003-xxxxx.nc
sh052023,IRWIN,rcm1-sclnb-owi-cm-20221223t124804-20221223t124948-00003-______ll_gd_GEO-IRWIN.nc,-12.4203338623047,83.878173828125,"2022-12-23T12:48:04,000",/scale/user/mtannaou/alternance/donnees_sar_changes/rcm1-sclnb-owi-cm-20221223t124804-20221223t124948-00003-xxxxx_aeqd.nc,rcm1-sclnb-owi-cm-20221223t124804-20221223t124948-00003-xxxxx.nc,/home/datawork-cersat-public/cache/public/ftp/project/sarwing/processings/grdwind+windir_2025v6v12_2v0_0v3v9_0v0v6_0v0v6_1v4v3_1v0v15_1v0v10_1v2v5_1v2v2_1v1v1_1v2v1/cmod5n_ecmwf_norecal_rs2rcmgmfv4_28052025/rcm-1/L2M/sclnb/rcm-1_sclnb/2022/357/RCM1_OK2411022_PK2411802_1_SCLNB_20221223_124819_VV_VH_GRD/rcm1-sclnb-owi-cm-20221223t124804-20221223t124948-00003-xxxxx.nc
sh052023,IRWIN,rcm3-sclna-owi-cm-20221231t005642-20221231t005757-00003-______ll_gd_GEO-IRWIN.nc,-29.9429378509522,68.455810546875,"2022-12-31T00:56:42,000",/scale/user/mtannaou/alternance/donnees_sar_changes/rcm3-sclna-owi-cm-20221231t005642-20221231t005757-00003-xxxxx_aeqd.nc,rcm3-sclna-owi-cm-20221231t005642-20221231t005757-00003-xxxxx.nc,/home/datawork-cersat-public/cache/public/ftp/project/sarwing/processings/grdwind+windir_2025v6v12_2v0_0v3v9_0v0v6_0v0v6_1v4v3_1v0v15_1v0v10_1v2v5_1v2v2_1v1v1_1v2v1/cmod5n_ecmwf_norecal_rs2rcmgmfv4_28052025/rcm-3/L2M/sclna/rcm-3_sclna/2022/365/RCM3_OK2399050_PK2401524_1_SCLNA_20221231_005644_VV_VH_GRD/rcm3-sclna-owi-cm-20221231t005642-20221231t005757-00003-xxxxx.nc
sh052023,IRWIN,rcm1-sclnd-owi-cm-20221227t131847-20221227t131953-00003-______ll_gd_GEO-IRWIN.nc,-18.5693836212158,82.1096496582031,"2022-12-27T13:18:47,000",/scale/user/mtannaou/alternance/donnees_sar_changes/rcm1-sclnd-owi-cm-20221227t131847-20221227t131953-00003-xxxxx_aeqd.nc,rcm1-sclnd-owi-cm-20221227t131847-20221227t131953-00003-xxxxx.nc,/home/datawork-cersat-public/cache/public/ftp/project/sarwing/processings/grdwind+windir_2025v6v12_2v0_0v3v9_0v0v6_0v0v6_1v4v3_1v0v15_1v0v10_1v2v5_1v2v2_1v1v1_1v2v1/cmod5n_ecmwf_norecal_rs2rcmgmfv4_28052025/rcm-1/L2M/sclnd/rcm-1_sclnd/2022/361/RCM1_OK2395366_PK2396817_1_SCLND_20221227_131848_VV_VH_GRD/rcm1-sclnd-owi-cm-20221227t131847-20221227t131953-00003-xxxxx.nc
sh052023,IRWIN,s1a-ew-owi-cm-20221222t234915-20221222t235128-000003-0590A7_ll_gd_GEO-IRWIN.nc,-12.6375942230225,85.4054641723633,"2022-12-22T23:49:15,000",/scale/user/mtannaou/alternance/donnees_sar_changes/s1a-ew-owi-cm-20221222t234915-20221222t235128-000003-0590A7_aeqd.nc,s1a-ew-owi-cm-20221222t234915-20221222t235128-000003-0590A7.nc,/home/datawork-cersat-public/cache/public/ftp/project/sarwing/processings/grdwind+windir_2025v6v12_2v0_0v3v9_0v0v6_0v0v6_1v4v3_1v0v15_1v0v10_1v2v5_1v2v2_1v1v1_1v2v1/cmod5n_ecmwf_norecal_rs2rcmgmfv4_28052025/sentinel-1a/L2M/EW/S1A_EW_GRDM_1S/2022/356/S1A_EW_GRDM_1SDV_20221222T234915_20221222T235128_046451_0590A7_7F17X9BF2/s1a-ew-owi-cm-20221222t234915-20221222t235128-000003-0590A7.nc
sh052023,IRWIN,rcm3-sclnd-owi-cm-20221231t141931-20221231t142049-00003-______ll_gd_GEO-IRWIN.nc,-32.6453018188477,68.7353134155273,"2022-12-31T14:19:31,000",/scale/user/mtannaou/alternance/donnees_sar_changes/rcm3-sclnd-owi-cm-20221231t141931-20221231t142049-00003-xxxxx_aeqd.nc,rcm3-sclnd-owi-cm-20221231t141931-20221231t142049-00003-xxxxx.nc,/home/datawork-cersat-public/cache/public/ftp/project/sarwing/processings/grdwind+windir_2025v6v12_2v0_0v3v9_0v0v6_0v0v6_1v4v3_1v0v15_1v0v10_1v2v5_1v2v2_1v1v1_1v2v1/cmod5n_ecmwf_norecal_rs2rcmgmfv4_28052025/rcm-3/L2M/sclnd/rcm-3_sclnd/2022/365/RCM3_OK2400653_PK2401816_1_SCLND_20221231_141932_VV_VH_GRD/rcm3-sclnd-owi-cm-20221231t141931-20221231t142049-00003-xxxxx.nc
sh052023,IRWIN,rcm3-sclna-owi-cm-20221229t003836-20221229t003951-00003-______ll_gd_GEO-IRWIN.nc,-22.1737384796143,74.0209274291992,"2022-12-29T00:38:36,000",/scale/user/mtannaou/alternance/donnees_sar_changes/rcm3-sclna-owi-cm-20221229t003836-20221229t003951-00003-xxxxx_aeqd.nc,rcm3-sclna-owi-cm-20221229t003836-20221229t003951-00003-xxxxx.nc,/home/datawork-cersat-public/cache/public/ftp/project/sarwing/processings/grdwind+windir_2025v6v12_2v0_0v3v9_0v0v6_0v0v6_1v4v3_1v0v15_1v0v10_1v2v5_1v2v2_1v1v1_1v2v1/cmod5n_ecmwf_norecal_rs2rcmgmfv4_28052025/rcm-3/L2M/sclna/rcm-3_sclna/2022/363/RCM3_OK2396501_PK2398835_1_SCLNA_20221229_003838_VV_VH_GRD/rcm3-sclna-owi-cm-20221229t003836-20221229t003951-00003-xxxxx.nc
sh052023,IRWIN,rcm3-sclnd-owi-cm-20221223t235601-20221223t235719-00003-______ll_gd_GEO-IRWIN.nc,-12.2841186523438,82.9936904907227,"2022-12-23T23:56:01,000",/scale/user/mtannaou/alternance/donnees_sar_changes/rcm3-sclnd-owi-cm-20221223t235601-20221223t235719-00003-xxxxx_aeqd.nc,rcm3-sclnd-owi-cm-20221223t235601-20221223t235719-00003-xxxxx.nc,/home/datawork-cersat-public/cache/public/ftp/project/sarwing/processings/grdwind+windir_2025v6v12_2v0_0v3v9_0v0v6_0v0v6_1v4v3_1v0v15_1v0v10_1v2v5_1v2v2_1v1v1_1v2v1/cmod5n_ecmwf_norecal_rs2rcmgmfv4_28052025/rcm-3/L2M/sclnd/rcm-3_sclnd/2022/357/RCM3_OK2391635_PK2393212_1_SCLND_20221223_235602_VV_VH_GRD/rcm3-sclnd-owi-cm-20221223t235601-20221223t235719-00003-xxxxx.nc
sh052023,IRWIN,rcm1-sclnd-owi-cm-20221225t130334-20221225t130434-00003-______ll_gd_GEO-IRWIN.nc,-15.4976091384888,85.0595703125,"2022-12-25T13:03:34,000",/scale/user/mtannaou/alternance/donnees_sar_changes/rcm1-sclnd-owi-cm-20221225t130334-20221225t130434-00003-xxxxx_aeqd.nc,rcm1-sclnd-owi-cm-20221225t130334-20221225t130434-00003-xxxxx.nc,/home/datawork-cersat-public/cache/public/ftp/project/sarwing/processings/grdwind+windir_2025v6v12_2v0_0v3v9_0v0v6_0v0v6_1v4v3_1v0v15_1v0v10_1v2v5_1v2v2_1v1v1_1v2v1/cmod5n_ecmwf_norecal_rs2rcmgmfv4_28052025/rcm-1/L2M/sclnd/rcm-1_sclnd/2022/359/RCM1_OK2393046_PK2394753_1_SCLND_20221225_130336_VV_VH_GRD/rcm1-sclnd-owi-cm-20221225t130334-20221225t130434-00003-xxxxx.nc
sh162024,IRWIN,s1a-ew-owi-cm-20240221t013706-20240221t013809-000003-065EA4_ll_gd_GEO-IRWIN.nc,-14.7524518966675,60.4941673278809,"2024-02-21T01:37:06,000",/scale/user/mtannaou/alternance/donnees_sar_changes/s1a-ew-owi-cm-20240221t013706-20240221t013809-000003-065EA4_aeqd.nc,s1a-ew-owi-cm-20240221t013706-20240221t013809-000003-065EA4.nc,/home/datawork-cersat-public/cache/public/ftp/project/sarwing/processings/grdwind+windir_2025v6v12_2v0_0v3v9_0v0v6_0v0v6_1v4v3_1v0v15_1v0v10_1v2v5_1v2v2_1v1v1_1v2v1/cmod5n_ecmwf_norecal_rs2rcmgmfv4_28052025/sentinel-1a/L2M/EW/S1A_EW_GRDM_1S/2024/052/S1A_EW_GRDM_1SDV_20240221T013706_20240221T013809_052650_065EA4_6243/s1a-ew-owi-cm-20240221t013706-20240221t013809-000003-065EA4.nc
al152023,IRWIN,rcm1-sc50ma-owi-cm-20230921t203407-20230921t203525-00003-______ll_gd_GEO-IRWIN.nc,42.9585990905762,317.575408935547,"2023-09-21T20:34:07,000",/scale/user/mtannaou/alternance/donnees_sar_changes/rcm1-sc50ma-owi-cm-20230921t203407-20230921t203525-00003-xxxxx_aeqd.nc,rcm1-sc50ma-owi-cm-20230921t203407-20230921t203525-00003-xxxxx.nc,/home/datawork-cersat-public/cache/public/ftp/project/sarwing/processings/grdwind+windir_2025v6v12_2v0_0v3v9_0v0v6_0v0v6_1v4v3_1v0v15_1v0v10_1v2v5_1v2v2_1v1v1_1v2v1/cmod5n_ecmwf_norecal_rs2rcmgmfv4_28052025/rcm-1/L2M/sc50ma/rcm-1_sc50ma/2023/264/RCM1_OK2753062_PK2756167_1_SC50MA_20230921_203408_HH_HV_GRD/rcm1-sc50ma-owi-cm-20230921t203407-20230921t203525-00003-xxxxx.nc
al152023,IRWIN,rcm1-sclna-owi-cm-20230917t091741-20230917t091857-00003-______ll_gd_GEO-IRWIN.nc,22.7388229370117,311.575897216797,"2023-09-17T09:17:41,000",/scale/user/mtannaou/alternance/donnees_sar_changes/rcm1-sclna-owi-cm-20230917t091741-20230917t091857-00003-xxxxx_aeqd.nc,rcm1-sclna-owi-cm-20230917t091741-20230917t091857-00003-xxxxx.nc,/home/datawork-cersat-public/cache/public/ftp/project/sarwing/processings/grdwind+windir_2025v6v12_2v0_0v3v9_0v0v6_0v0v6_1v4v3_1v0v15_1v0v10_1v2v5_1v2v2_1v1v1_1v2v1/cmod5n_ecmwf_norecal_rs2rcmgmfv4_28052025/rcm-1/L2M/sclna/rcm-1_sclna/2023/260/RCM1_OK2747639_PK2749689_1_SCLNA_20230917_091741_VV_VH_GRD/rcm1-sclna-owi-cm-20230917t091741-20230917t091857-00003-xxxxx.nc
al152023,IRWIN,rcm1-sc50mb-owi-cm-20230920t093810-20230920t093928-00003-______ll_gd_GEO-IRWIN.nc,34.1220703125,304.870147705078,"2023-09-20T09:38:10,000",/scale/user/mtannaou/alternance/donnees_sar_changes/rcm1-sc50mb-owi-cm-20230920t093810-20230920t093928-00003-xxxxx_aeqd.nc,rcm1-sc50mb-owi-cm-20230920t093810-20230920t093928-00003-xxxxx.nc,/home/datawork-cersat-public/cache/public/ftp/project/sarwing/processings/grdwind+windir_2025v6v12_2v0_0v3v9_0v0v6_0v0v6_1v4v3_1v0v15_1v0v10_1v2v5_1v2v2_1v1v1_1v2v1/cmod5n_ecmwf_norecal_rs2rcmgmfv4_28052025/rcm-1/L2M/sc50mb/rcm-1_sc50mb/2023/263/RCM1_OK2751886_PK2754022_1_SC50MB_20230920_093801_HH_HV_GRD/rcm1-sc50mb-owi-cm-20230920t093810-20230920t093928-00003-xxxxx.nc
al152023,IRWIN,rcm1-sclnc-owi-cm-20230917t213237-20230917t213354-00003-______ll_gd_GEO-IRWIN.nc,24.7333145141602,310.440093994141,"2023-09-17T21:32:37,000",/scale/user/mtannaou/alternance/donnees_sar_changes/rcm1-sclnc-owi-cm-20230917t213237-20230917t213354-00003-xxxxx_aeqd.nc,rcm1-sclnc-owi-cm-20230917t213237-20230917t213354-00003-xxxxx.nc,/home/datawork-cersat-public/cache/public/ftp/project/sarwing/processings/grdwind+windir_2025v6v12_2v0_0v3v9_0v0v6_0v0v6_1v4v3_1v0v15_1v0v10_1v2v5_1v2v2_1v1v1_1v2v1/cmod5n_ecmwf_norecal_rs2rcmgmfv4_28052025/rcm-1/L2M/sclnc/rcm-1_sclnc/2023/260/RCM1_OK2747655_PK2750678_1_SCLNC_20230917_213237_VV_VH_GRD/rcm1-sclnc-owi-cm-20230917t213237-20230917t213354-00003-xxxxx.nc
al152023,IRWIN,rcm1-sclnb-owi-cm-20230918t092413-20230918t092530-00003-______ll_gd_GEO-IRWIN.nc,26.184455871582,309.27734375,"2023-09-18T09:24:13,000",/scale/user/mtannaou/alternance/donnees_sar_changes/rcm1-sclnb-owi-cm-20230918t092413-20230918t092530-00003-xxxxx_aeqd.nc,rcm1-sclnb-owi-cm-20230918t092413-20230918t092530-00003-xxxxx.nc,/home/datawork-cersat-public/cache/public/ftp/project/sarwing/processings/grdwind+windir_2025v6v12_2v0_0v3v9_0v0v6_0v0v6_1v4v3_1v0v15_1v0v10_1v2v5_1v2v2_1v1v1_1v2v1/cmod5n_ecmwf_norecal_rs2rcmgmfv4_28052025/rcm-1/L2M/sclnb/rcm-1_sclnb/2023/261/RCM1_OK2749070_PK2751216_1_SCLNB_20230918_092414_VV_VH_GRD/rcm1-sclnb-owi-cm-20230918t092413-20230918t092530-00003-xxxxx.nc
al152023,IRWIN,rcm2-sc50mb-owi-cm-20230920t212853-20230920t212959-00003-______ll_gd_GEO-IRWIN.nc,37.1038970947266,306.85302734375,"2023-09-20T21:28:53,000",/scale/user/mtannaou/alternance/donnees_sar_changes/rcm2-sc50mb-owi-cm-20230920t212853-20230920t212959-00003-xxxxx_aeqd.nc,rcm2-sc50mb-owi-cm-20230920t212853-20230920t212959-00003-xxxxx.nc,/home/datawork-cersat-public/cache/public/ftp/project/sarwing/processings/grdwind+windir_2025v6v12_2v0_0v3v9_0v0v6_0v0v6_1v4v3_1v0v15_1v0v10_1v2v5_1v2v2_1v1v1_1v2v1/cmod5n_ecmwf_norecal_rs2rcmgmfv4_28052025/rcm-2/L2M/sc50mb/rcm-2_sc50mb/2023/263/RCM2_OK2751913_PK2754741_1_SC50MB_20230920_212855_HH_HV_GRD/rcm2-sc50mb-owi-cm-20230920t212853-20230920t212959-00003-xxxxx.nc
al152023,IRWIN,rcm1-sc50mc-owi-cm-20230919t093118-20230919t093236-00003-______ll_gd_GEO-IRWIN.nc,29.2197399139404,306.587463378906,"2023-09-19T09:31:18,000",/scale/user/mtannaou/alternance/donnees_sar_changes/rcm1-sc50mc-owi-cm-20230919t093118-20230919t093236-00003-xxxxx_aeqd.nc,rcm1-sc50mc-owi-cm-20230919t093118-20230919t093236-00003-xxxxx.nc,/home/datawork-cersat-public/cache/public/ftp/project/sarwing/processings/grdwind+windir_2025v6v12_2v0_0v3v9_0v0v6_0v0v6_1v4v3_1v0v15_1v0v10_1v2v5_1v2v2_1v1v1_1v2v1/cmod5n_ecmwf_norecal_rs2rcmgmfv4_28052025/rcm-1/L2M/sc50mc/rcm-1_sc50mc/2023/262/RCM1_OK2751236_PK2752595_1_SC50MC_20230919_092955_HH_HV_GRD/rcm1-sc50mc-owi-cm-20230919t093118-20230919t093236-00003-xxxxx.nc
al152023,IRWIN,rcm1-sclnd-owi-cm-20230918t214210-20230918t214327-00003-______ll_gd_GEO-IRWIN.nc,27.6969223022461,308.106018066406,"2023-09-18T21:42:10,000",/scale/user/mtannaou/alternance/donnees_sar_changes/rcm1-sclnd-owi-cm-20230918t214210-20230918t214327-00003-xxxxx_aeqd.nc,rcm1-sclnd-owi-cm-20230918t214210-20230918t214327-00003-xxxxx.nc,/home/datawork-cersat-public/cache/public/ftp/project/sarwing/processings/grdwind+windir_2025v6v12_2v0_0v3v9_0v0v6_0v0v6_1v4v3_1v0v15_1v0v10_1v2v5_1v2v2_1v1v1_1v2v1/cmod5n_ecmwf_norecal_rs2rcmgmfv4_28052025/rcm-1/L2M/sclnd/rcm-1_sclnd/2023/261/RCM1_OK2749073_PK2751969_1_SCLND_20230918_214210_VV_VH_GRD/rcm1-sclnd-owi-cm-20230918t214210-20230918t214327-00003-xxxxx.nc
al152023,IRWIN,rcm1-sc50mc-owi-cm-20230919t215119-20230919t215237-00003-______ll_gd_GEO-IRWIN.nc,31.5165214538574,305.176147460938,"2023-09-19T21:51:19,000",/scale/user/mtannaou/alternance/donnees_sar_changes/rcm1-sc50mc-owi-cm-20230919t215119-20230919t215237-00003-xxxxx_aeqd.nc,rcm1-sc50mc-owi-cm-20230919t215119-20230919t215237-00003-xxxxx.nc,/home/datawork-cersat-public/cache/public/ftp/project/sarwing/processings/grdwind+windir_2025v6v12_2v0_0v3v9_0v0v6_0v0v6_1v4v3_1v0v15_1v0v10_1v2v5_1v2v2_1v1v1_1v2v1/cmod5n_ecmwf_norecal_rs2rcmgmfv4_28052025/rcm-1/L2M/sc50mc/rcm-1_sc50mc/2023/262/RCM1_OK2751240_PK2753255_1_SC50MC_20230919_215107_HH_HV_GRD/rcm1-sc50mc-owi-cm-20230919t215119-20230919t215237-00003-xxxxx.nc
al132019,IRWIN,s1a-iw-owi-cm-20191002t080415-20191002t080555-000003-0353A1_ll_gd_GEO-IRWIN.nc,40.2476425170898,328.657745361328,"2019-10-02T08:04:15,000",,s1a-iw-owi-cm-20191002t080346-20191002t080555-000003-0353A1.nc,/home/datawork-cersat-public/cache/public/ftp/project/sarwing/processings/grdwind+windir_2025v6v12_2v0_0v3v9_0v0v6_0v0v6_1v4v3_1v0v15_1v0v10_1v2v5_1v2v2_1v1v1_1v2v1/cmod5n_ecmwf_norecal_rs2rcmgmfv4_28052025/sentinel-1a/L2M/IW/S1A_IW_GRDH_1S/2019/275/S1A_IW_GRDH_1SDV_20191002T080346_20191002T080555_029277_0353A1_4C50X6965X7A66X9875XE866/s1a-iw-owi-cm-20191002t080346-20191002t080555-000003-0353A1.nc
al132019,IRWIN,rs2-scwa-owi-cm-20190930t083654-20190930t083917-00003-______ll_gd_GEO-IRWIN.nc,28.32763671875,316.449523925781,"2019-09-30T08:36:54,000",/scale/user/mtannaou/alternance/donnees_sar_changes/rs2-scwa-owi-cm-20190930t083654-20190930t083917-00003-xxxxx_aeqd.nc,rs2-scwa-owi-cm-20190930t083654-20190930t083917-00003-xxxxx.nc,/home/datawork-cersat-public/cache/public/ftp/project/sarwing/processings/grdwind+windir_2025v6v12_2v0_0v3v9_0v0v6_0v0v6_1v4v3_1v0v15_1v0v10_1v2v5_1v2v2_1v1v1_1v2v1/cmod5n_ecmwf_norecal_rs2rcmgmfv4_28052025/RS2/L2M/SCWA/RS2_SCWA/2019/273/RS2_OK888888_PK888888X888_DK888888X888_SCWA_20190930_083654_083802_VV_VH_SGF/rs2-scwa-owi-cm-20190930t083654-20190930t083917-00003-xxxxx.nc
al132019,IRWIN,s1a-ew-owi-cm-20190930t210003-20190930t210142-000003-0352F9_ll_gd_GEO-IRWIN.nc,30.3721771240234,317.418395996094,"2019-09-30T21:00:03,000",,s1a-ew-owi-cm-20190930t205858-20190930t210142-000003-0352F9.nc,/home/datawork-cersat-public/cache/public/ftp/project/sarwing/processings/grdwind+windir_2025v6v12_2v0_0v3v9_0v0v6_0v0v6_1v4v3_1v0v15_1v0v10_1v2v5_1v2v2_1v1v1_1v2v1/cmod5n_ecmwf_norecal_rs2rcmgmfv4_28052025/sentinel-1a/L2M/EW/S1A_EW_GRDM_1S/2019/273/S1A_EW_GRDM_1SDV_20190930T205858_20190930T210142_029256_0352F9_66CFXA49CXD0D6/s1a-ew-owi-cm-20190930t205858-20190930t210142-000003-0352F9.nc
al132019,IRWIN,s1a-ew-owi-cm-20190928t084309-20190928t084513-000003-0351A9_ll_gd_GEO-IRWIN.nc,21.2089557647705,315.357604980469,"2019-09-28T08:43:09,000",,s1a-ew-owi-cm-20190928t084309-20190928t084538-000003-0351A9.nc,/home/datawork-cersat-public/cache/public/ftp/project/sarwing/processings/grdwind+windir_2025v6v12_2v0_0v3v9_0v0v6_0v0v6_1v4v3_1v0v15_1v0v10_1v2v5_1v2v2_1v1v1_1v2v1/cmod5n_ecmwf_norecal_rs2rcmgmfv4_28052025/sentinel-1a/L2M/EW/S1A_EW_GRDM_1S/2019/271/S1A_EW_GRDM_1SDV_20190928T084309_20190928T084538_029219_0351A9_0A06XA246XBA95/s1a-ew-owi-cm-20190928t084309-20190928t084538-000003-0351A9.nc
al132019,IRWIN,rs2-scwa-owi-cm-20190927t082744-20190927t083007-00003-______ll_gd_GEO-IRWIN.nc,18.1859550476074,318.024444580078,"2019-09-27T08:27:44,000",/scale/user/mtannaou/alternance/donnees_sar_changes/rs2-scwa-owi-cm-20190927t082744-20190927t083007-00003-xxxxx_aeqd.nc,rs2-scwa-owi-cm-20190927t082744-20190927t083007-00003-xxxxx.nc,/home/datawork-cersat-public/cache/public/ftp/project/sarwing/processings/grdwind+windir_2025v6v12_2v0_0v3v9_0v0v6_0v0v6_1v4v3_1v0v15_1v0v10_1v2v5_1v2v2_1v1v1_1v2v1/cmod5n_ecmwf_norecal_rs2rcmgmfv4_28052025/RS2/L2M/SCWA/RS2_SCWA/2019/270/RS2_OK888888_PK888888X888_DK888888X888_SCWA_20190927_082744_082851_VV_VH_SGF/rs2-scwa-owi-cm-20190927t082744-20190927t083007-00003-xxxxx.nc
al132019,IRWIN,s1b-ew-owi-cm-20190926t203852-20190926t204117-000003-0224BA_ll_gd_GEO-IRWIN.nc,16.1272411346436,319.317993164063,"2019-09-26T20:38:52,000",/scale/user/mtannaou/alternance/donnees_sar_changes/s1b-ew-owi-cm-20190926t203852-20190926t204117-000003-0224BA_aeqd.nc,s1b-ew-owi-cm-20190926t203852-20190926t204117-000003-0224BA.nc,/home/datawork-cersat-public/cache/public/ftp/project/sarwing/processings/grdwind+windir_2025v6v12_2v0_0v3v9_0v0v6_0v0v6_1v4v3_1v0v15_1v0v10_1v2v5_1v2v2_1v1v1_1v2v1/cmod5n_ecmwf_norecal_rs2rcmgmfv4_28052025/sentinel-1b/L2M/EW/S1B_EW_GRDM_1S/2019/269/S1B_EW_GRDM_1SDV_20190926T203852_20190926T204117_018214_0224BA_2123X610EXCBB8/s1b-ew-owi-cm-20190926t203852-20190926t204117-000003-0224BA.nc
al132019,IRWIN,s1b-ew-owi-cm-20190929t210610-20190929t210814-000003-02261A_ll_gd_GEO-IRWIN.nc,26.5571002960205,315.685943603516,"2019-09-29T21:06:10,000",,s1b-ew-owi-cm-20190929t210506-20190929t210814-000003-02261A.nc,/home/datawork-cersat-public/cache/public/ftp/project/sarwing/processings/grdwind+windir_2025v6v12_2v0_0v3v9_0v0v6_0v0v6_1v4v3_1v0v15_1v0v10_1v2v5_1v2v2_1v1v1_1v2v1/cmod5n_ecmwf_norecal_rs2rcmgmfv4_28052025/sentinel-1b/L2M/EW/S1B_EW_GRDM_1S/2019/272/S1B_EW_GRDM_1SDV_20190929T210506_20190929T210814_018258_02261A_3778X6E03XA1C0/s1b-ew-owi-cm-20190929t210506-20190929t210814-000003-02261A.nc
sh232024,IRWIN,rcm3-sc50mc-owi-cm-20240502t153035-20240502t153151-00003-______ll_gd_GEO-IRWIN.nc,-8.79892730712891,44.0196914672852,"2024-05-02T15:30:35,000",/scale/user/mtannaou/alternance/donnees_sar_changes/rcm3-sc50mc-owi-cm-20240502t153035-20240502t153151-00003-xxxxx_aeqd.nc,rcm3-sc50mc-owi-cm-20240502t153035-20240502t153151-00003-xxxxx.nc,/home/datawork-cersat-public/cache/public/ftp/project/sarwing/processings/grdwind+windir_2025v6v12_2v0_0v3v9_0v0v6_0v0v6_1v4v3_1v0v15_1v0v10_1v2v5_1v2v2_1v1v1_1v2v1/cmod5n_ecmwf_norecal_rs2rcmgmfv4_28052025/rcm-3/L2M/sc50mc/rcm-3_sc50mc/2024/123/RCM3_OK3046689_PK3048475_1_SC50MC_20240502_153035_HH_HV_GRD/rcm3-sc50mc-owi-cm-20240502t153035-20240502t153151-00003-xxxxx.nc
sh232024,IRWIN,rcm2-sclnd-owi-cm-20240502t022722-20240502t022845-00003-______ll_gd_GEO-IRWIN.nc,-9.10137176513672,44.3763198852539,"2024-05-02T02:27:22,000",/scale/user/mtannaou/alternance/donnees_sar_changes/rcm2-sclnd-owi-cm-20240502t022722-20240502t022845-00003-xxxxx_aeqd.nc,rcm2-sclnd-owi-cm-20240502t022722-20240502t022845-00003-xxxxx.nc,/home/datawork-cersat-public/cache/public/ftp/project/sarwing/processings/grdwind+windir_2025v6v12_2v0_0v3v9_0v0v6_0v0v6_1v4v3_1v0v15_1v0v10_1v2v5_1v2v2_1v1v1_1v2v1/cmod5n_ecmwf_norecal_rs2rcmgmfv4_28052025/rcm-2/L2M/sclnd/rcm-2_sclnd/2024/123/RCM2_OK3045448_PK3047742_1_SCLND_20240502_022723_VV_VH_GRD/rcm2-sclnd-owi-cm-20240502t022722-20240502t022845-00003-xxxxx.nc
sh232024,IRWIN,rcm3-sc50mb-owi-cm-20240501t152256-20240501t152421-00003-______ll_gd_GEO-IRWIN.nc,-8.62812042236328,45.0661315917969,"2024-05-01T15:22:56,000",,rcm3-sc50mb-owi-cm-20240501t152256-20240501t152421-00003-xxxxx.nc,/home/datawork-cersat-public/cache/public/ftp/project/sarwing/processings/grdwind+windir_2025v6v12_2v0_0v3v9_0v0v6_0v0v6_1v4v3_1v0v15_1v0v10_1v2v5_1v2v2_1v1v1_1v2v1/cmod5n_ecmwf_norecal_rs2rcmgmfv4_28052025/rcm-3/L2M/sc50mb/rcm-3_sc50mb/2024/122/RCM3_OK3045425_PK3047175_1_SC50MB_20240501_152256_HH_HV_GRD/rcm3-sc50mb-owi-cm-20240501t152256-20240501t152421-00003-xxxxx.nc
sh232024,IRWIN,rcm3-sc50mc-owi-cm-20240503t153856-20240503t154012-00003-______ll_gd_GEO-IRWIN.nc,-8.14497661590576,41.8205299377441,"2024-05-03T15:38:56,000",/scale/user/mtannaou/alternance/donnees_sar_changes/rcm3-sc50mc-owi-cm-20240503t153856-20240503t154012-00003-xxxxx_aeqd.nc,rcm3-sc50mc-owi-cm-20240503t153856-20240503t154012-00003-xxxxx.nc,/home/datawork-cersat-public/cache/public/ftp/project/sarwing/processings/grdwind+windir_2025v6v12_2v0_0v3v9_0v0v6_0v0v6_1v4v3_1v0v15_1v0v10_1v2v5_1v2v2_1v1v1_1v2v1/cmod5n_ecmwf_norecal_rs2rcmgmfv4_28052025/rcm-3/L2M/sc50mc/rcm-3_sc50mc/2024/124/RCM3_OK3047421_PK3050127_1_SC50MC_20240503_153858_HH_HV_GRD/rcm3-sc50mc-owi-cm-20240503t153856-20240503t154012-00003-xxxxx.nc
sh232024,IRWIN,rcm2-sc50mc-owi-cm-20240503t023549-20240503t023706-00003-______ll_gd_GEO-IRWIN.nc,-8.67515659332275,43.1428375244141,"2024-05-03T02:35:49,000",/scale/user/mtannaou/alternance/donnees_sar_changes/rcm2-sc50mc-owi-cm-20240503t023549-20240503t023706-00003-xxxxx_aeqd.nc,rcm2-sc50mc-owi-cm-20240503t023549-20240503t023706-00003-xxxxx.nc,/home/datawork-cersat-public/cache/public/ftp/project/sarwing/processings/grdwind+windir_2025v6v12_2v0_0v3v9_0v0v6_0v0v6_1v4v3_1v0v15_1v0v10_1v2v5_1v2v2_1v1v1_1v2v1/cmod5n_ecmwf_norecal_rs2rcmgmfv4_28052025/rcm-2/L2M/sc50mc/rcm-2_sc50mc/2024/124/RCM2_OK3046710_PK3049385_1_SC50MC_20240503_023550_HH_HV_GRD/rcm2-sc50mc-owi-cm-20240503t023549-20240503t023706-00003-xxxxx.nc
sh222022,IRWIN,rs2-scwa-owi-cm-20220325t133717-20220325t133833-00003-______ll_gd_GEO-IRWIN.nc,-14.1718378067017,73.4064788818359,"2022-03-25T13:37:17,000",/scale/user/mtannaou/alternance/donnees_sar_changes/rs2-scwa-owi-cm-20220325t133717-20220325t133833-00003-xxxxx_aeqd.nc,rs2-scwa-owi-cm-20220325t133717-20220325t133833-00003-xxxxx.nc,/home/datawork-cersat-public/cache/public/ftp/project/sarwing/processings/grdwind+windir_2025v6v12_2v0_0v3v9_0v0v6_0v0v6_1v4v3_1v0v15_1v0v10_1v2v5_1v2v2_1v1v1_1v2v1/cmod5n_ecmwf_norecal_rs2rcmgmfv4_28052025/RS2/L2M/SCWA/RS2_SCWA/2022/084/RS2_OK134765_PK1183680_DK1147849_SCWA_20220325_133717_133717_VV_VH_SGF/rs2-scwa-owi-cm-20220325t133717-20220325t133833-00003-xxxxx.nc
sh222022,IRWIN,s1a-ew-owi-cm-20220324t132353-20220324t132628-000003-05105F_ll_gd_GEO-IRWIN.nc,-13.0853385925293,74.5373764038086,"2022-03-24T13:23:53,000",/scale/user/mtannaou/alternance/donnees_sar_changes/s1a-ew-owi-cm-20220324t132353-20220324t132628-000003-05105F_aeqd.nc,s1a-ew-owi-cm-20220324t132353-20220324t132628-000003-05105F.nc,/home/datawork-cersat-public/cache/public/ftp/project/sarwing/processings/grdwind+windir_2025v6v12_2v0_0v3v9_0v0v6_0v0v6_1v4v3_1v0v15_1v0v10_1v2v5_1v2v2_1v1v1_1v2v1/cmod5n_ecmwf_norecal_rs2rcmgmfv4_28052025/sentinel-1a/L2M/EW/S1A_EW_GRDM_1S/2022/083/S1A_EW_GRDM_1SDV_20220324T132353_20220324T132628_042463_05105F_8502X8AA2XE8EC/s1a-ew-owi-cm-20220324t132353-20220324t132628-000003-05105F.nc
sh222022,IRWIN,rs2-scwa-owi-cm-20220326t004133-20220326t004249-00003-______ll_gd_GEO-IRWIN.nc,-15.3086681365967,73.4619293212891,"2022-03-26T00:41:33,000",/scale/user/mtannaou/alternance/donnees_sar_changes/rs2-scwa-owi-cm-20220326t004133-20220326t004249-00003-xxxxx_aeqd.nc,rs2-scwa-owi-cm-20220326t004133-20220326t004249-00003-xxxxx.nc,/home/datawork-cersat-public/cache/public/ftp/project/sarwing/processings/grdwind+windir_2025v6v12_2v0_0v3v9_0v0v6_0v0v6_1v4v3_1v0v15_1v0v10_1v2v5_1v2v2_1v1v1_1v2v1/cmod5n_ecmwf_norecal_rs2rcmgmfv4_28052025/RS2/L2M/SCWA/RS2_SCWA/2022/085/RS2_OK134845_PK1185241_DK1148739_SCWA_20220326_004133_004133_VV_VH_SGF/rs2-scwa-owi-cm-20220326t004133-20220326t004249-00003-xxxxx.nc
wp232024,IRWIN,rcm3-sclnd-owi-cm-20241026t204253-20241026t204408-00003-______ll_gd_GEO-IRWIN.nc,16.7068119049072,134.076644897461,"2024-10-26T20:42:53,000",/scale/user/mtannaou/alternance/donnees_sar_changes/rcm3-sclnd-owi-cm-20241026t204253-20241026t204408-00003-xxxxx_aeqd.nc,rcm3-sclnd-owi-cm-20241026t204253-20241026t204408-00003-xxxxx.nc,/home/datawork-cersat-public/cache/public/ftp/project/sarwing/processings/grdwind+windir_2025v6v12_2v0_0v3v9_0v0v6_0v0v6_1v4v3_1v0v15_1v0v10_1v2v5_1v2v2_1v1v1_1v2v1/cmod5n_ecmwf_norecal_rs2rcmgmfv4_28052025/rcm-3/L2M/sclnd/rcm-3_sclnd/2024/300/RCM3_OK3332463_PK3334279_1_SCLND_20241026_204254_VV_VH_GRD/rcm3-sclnd-owi-cm-20241026t204253-20241026t204408-00003-xxxxx.nc
wp232024,IRWIN,rcm2-sc50mb-owi-cm-20241029t094359-20241029t094440-00003-______ll_gd_GEO-IRWIN.nc,17.9385280609131,126.316123962402,"2024-10-29T09:43:59,000",/scale/user/mtannaou/alternance/donnees_sar_changes/rcm2-sc50mb-owi-cm-20241029t094359-20241029t094440-00003-xxxxx_aeqd.nc,rcm2-sc50mb-owi-cm-20241029t094359-20241029t094440-00003-xxxxx.nc,/home/datawork-cersat-public/cache/public/ftp/project/sarwing/processings/grdwind+windir_2025v6v12_2v0_0v3v9_0v0v6_0v0v6_1v4v3_1v0v15_1v0v10_1v2v5_1v2v2_1v1v1_1v2v1/cmod5n_ecmwf_norecal_rs2rcmgmfv4_28052025/rcm-2/L2M/sc50mb/rcm-2_sc50mb/2024/303/RCM2_OK3336804_PK3338188_1_SC50MB_20241029_094214_HH_HV_GRD/rcm2-sc50mb-owi-cm-20241029t094359-20241029t094440-00003-xxxxx.nc
wp232024,IRWIN,rcm2-sc50mc-owi-cm-20241027t092738-20241027t092856-00003-______ll_gd_GEO-IRWIN.nc,16.5688171386719,131.690246582031,"2024-10-27T09:27:38,000",/scale/user/mtannaou/alternance/donnees_sar_changes/rcm2-sc50mc-owi-cm-20241027t092738-20241027t092856-00003-xxxxx_aeqd.nc,rcm2-sc50mc-owi-cm-20241027t092738-20241027t092856-00003-xxxxx.nc,/home/datawork-cersat-public/cache/public/ftp/project/sarwing/processings/grdwind+windir_2025v6v12_2v0_0v3v9_0v0v6_0v0v6_1v4v3_1v0v15_1v0v10_1v2v5_1v2v2_1v1v1_1v2v1/cmod5n_ecmwf_norecal_rs2rcmgmfv4_28052025/rcm-2/L2M/sc50mc/rcm-2_sc50mc/2024/301/RCM2_OK3332800_PK3335063_1_SC50MC_20241027_092739_HH_HV_GRD/rcm2-sc50mc-owi-cm-20241027t092738-20241027t092856-00003-xxxxx.nc
wp232024,IRWIN,s1a-iw-owi-cm-20241031t215153-20241031t215312-000003-06E739_ll_gd_GEO-IRWIN.nc,25.7418746948242,120.13419342041,"2024-10-31T21:51:53,000",,s1a-iw-owi-cm-20241031t215153-20241031t215337-000003-06E739.nc,/home/datawork-cersat-public/cache/public/ftp/project/sarwing/processings/grdwind+windir_2025v6v12_2v0_0v3v9_0v0v6_0v0v6_1v4v3_1v0v15_1v0v10_1v2v5_1v2v2_1v1v1_1v2v1/cmod5n_ecmwf_norecal_rs2rcmgmfv4_28052025/sentinel-1a/L2M/IW/S1A_IW_GRDH_1S/2024/305/S1A_IW_GRDH_1SDV_20241031T215153_20241031T215337_056352_06E739_0D27X65C0X851DXA151/s1a-iw-owi-cm-20241031t215153-20241031t215337-000003-06E739.nc
wp232024,IRWIN,rcm3-sclnd-owi-cm-20241025t083928-20241025t084014-00003-______ll_gd_GEO-IRWIN.nc,14.6887855529785,143.295608520508,"2024-10-25T08:39:28,000",/scale/user/mtannaou/alternance/donnees_sar_changes/rcm3-sclnd-owi-cm-20241025t083928-20241025t084014-00003-xxxxx_aeqd.nc,rcm3-sclnd-owi-cm-20241025t083928-20241025t084014-00003-xxxxx.nc,/home/datawork-cersat-public/cache/public/ftp/project/sarwing/processings/grdwind+windir_2025v6v12_2v0_0v3v9_0v0v6_0v0v6_1v4v3_1v0v15_1v0v10_1v2v5_1v2v2_1v1v1_1v2v1/cmod5n_ecmwf_norecal_rs2rcmgmfv4_28052025/rcm-3/L2M/sclnd/rcm-3_sclnd/2024/299/RCM3_OK3330810_PK3332184_1_SCLND_20241025_083930_VV_VH_GRD/rcm3-sclnd-owi-cm-20241025t083928-20241025t084014-00003-xxxxx.nc
wp232024,IRWIN,s1a-ew-owi-cm-20241028t212917-20241028t213021-000003-06E57F_ll_gd_GEO-IRWIN.nc,17.0950374603272,127.726943969727,"2024-10-28T21:29:17,000",/scale/user/mtannaou/alternance/donnees_sar_changes/s1a-ew-owi-cm-20241028t212917-20241028t213021-000003-06E57F_aeqd.nc,s1a-ew-owi-cm-20241028t212917-20241028t213021-000003-06E57F.nc,/home/datawork-cersat-public/cache/public/ftp/project/sarwing/processings/grdwind+windir_2025v6v12_2v0_0v3v9_0v0v6_0v0v6_1v4v3_1v0v15_1v0v10_1v2v5_1v2v2_1v1v1_1v2v1/cmod5n_ecmwf_norecal_rs2rcmgmfv4_28052025/sentinel-1a/L2M/EW/S1A_EW_GRDM_1S/2024/302/S1A_EW_GRDM_1SDV_20241028T212917_20241028T213021_056308_06E57F_4E2C/s1a-ew-owi-cm-20241028t212917-20241028t213021-000003-06E57F.nc
wp232024,IRWIN,rcm3-sclna-owi-cm-20241025t203443-20241025t203559-00003-______ll_gd_GEO-IRWIN.nc,15.9465055465698,139.233581542969,"2024-10-25T20:34:43,000",/scale/user/mtannaou/alternance/donnees_sar_changes/rcm3-sclna-owi-cm-20241025t203443-20241025t203559-00003-xxxxx_aeqd.nc,rcm3-sclna-owi-cm-20241025t203443-20241025t203559-00003-xxxxx.nc,/home/datawork-cersat-public/cache/public/ftp/project/sarwing/processings/grdwind+windir_2025v6v12_2v0_0v3v9_0v0v6_0v0v6_1v4v3_1v0v15_1v0v10_1v2v5_1v2v2_1v1v1_1v2v1/cmod5n_ecmwf_norecal_rs2rcmgmfv4_28052025/rcm-3/L2M/sclna/rcm-3_sclna/2024/299/RCM3_OK3330819_PK3332945_1_SCLNA_20241025_203442_VV_VH_GRD/rcm3-sclna-owi-cm-20241025t203443-20241025t203559-00003-xxxxx.nc
wp232024,IRWIN,rcm2-sc50mb-owi-cm-20241030t095233-20241030t095334-00003-______ll_gd_GEO-IRWIN.nc,20.0088176727295,124.010467529297,"2024-10-30T09:52:33,000",/scale/user/mtannaou/alternance/donnees_sar_changes/rcm2-sc50mb-owi-cm-20241030t095233-20241030t095334-00003-xxxxx_aeqd.nc,rcm2-sc50mb-owi-cm-20241030t095233-20241030t095334-00003-xxxxx.nc,/home/datawork-cersat-public/cache/public/ftp/project/sarwing/processings/grdwind+windir_2025v6v12_2v0_0v3v9_0v0v6_0v0v6_1v4v3_1v0v15_1v0v10_1v2v5_1v2v2_1v1v1_1v2v1/cmod5n_ecmwf_norecal_rs2rcmgmfv4_28052025/rcm-2/L2M/sc50mb/rcm-2_sc50mb/2024/304/RCM2_OK3337254_PK3339839_1_SC50MB_20241030_095203_HH_HV_GRD/rcm2-sc50mb-owi-cm-20241030t095233-20241030t095334-00003-xxxxx.nc
wp232024,IRWIN,rcm2-sc50mc-owi-cm-20241028t093540-20241028t093657-00003-______ll_gd_GEO-IRWIN.nc,16.4532318115234,128.566558837891,"2024-10-28T09:35:40,000",/scale/user/mtannaou/alternance/donnees_sar_changes/rcm2-sc50mc-owi-cm-20241028t093540-20241028t093657-00003-xxxxx_aeqd.nc,rcm2-sc50mc-owi-cm-20241028t093540-20241028t093657-00003-xxxxx.nc,/home/datawork-cersat-public/cache/public/ftp/project/sarwing/processings/grdwind+windir_2025v6v12_2v0_0v3v9_0v0v6_0v0v6_1v4v3_1v0v15_1v0v10_1v2v5_1v2v2_1v1v1_1v2v1/cmod5n_ecmwf_norecal_rs2rcmgmfv4_28052025/rcm-2/L2M/sc50mc/rcm-2_sc50mc/2024/302/RCM2_OK3335256_PK3336669_1_SC50MC_20241028_093512_HH_HV_GRD/rcm2-sc50mc-owi-cm-20241028t093540-20241028t093657-00003-xxxxx.nc
wp232024,IRWIN,rcm3-sclna-owi-cm-20241026t084750-20241026t084904-00003-______ll_gd_GEO-IRWIN.nc,16.5176887512207,136.433166503906,"2024-10-26T08:47:50,000",/scale/user/mtannaou/alternance/donnees_sar_changes/rcm3-sclna-owi-cm-20241026t084750-20241026t084904-00003-xxxxx_aeqd.nc,rcm3-sclna-owi-cm-20241026t084750-20241026t084904-00003-xxxxx.nc,/home/datawork-cersat-public/cache/public/ftp/project/sarwing/processings/grdwind+windir_2025v6v12_2v0_0v3v9_0v0v6_0v0v6_1v4v3_1v0v15_1v0v10_1v2v5_1v2v2_1v1v1_1v2v1/cmod5n_ecmwf_norecal_rs2rcmgmfv4_28052025/rcm-3/L2M/sclna/rcm-3_sclna/2024/300/RCM3_OK3332449_PK3333430_1_SCLNA_20241026_084751_VV_VH_GRD/rcm3-sclna-owi-cm-20241026t084750-20241026t084904-00003-xxxxx.nc
wp022021,IRWIN,s1b-ew-owi-cm-20210416t204923-20210416t205128-000003-0329DA_ll_gd_GEO-IRWIN.nc,10.1014528274536,131.944686889648,"2021-04-16T20:49:23,000",/scale/user/mtannaou/alternance/donnees_sar_changes/s1b-ew-owi-cm-20210416t204923-20210416t205128-000003-0329DA_aeqd.nc,s1b-ew-owi-cm-20210416t204923-20210416t205128-000003-0329DA.nc,/home/datawork-cersat-public/cache/public/ftp/project/sarwing/processings/grdwind+windir_2025v6v12_2v0_0v3v9_0v0v6_0v0v6_1v4v3_1v0v15_1v0v10_1v2v5_1v2v2_1v1v1_1v2v1/cmod5n_ecmwf_norecal_rs2rcmgmfv4_28052025/sentinel-1b/L2M/EW/S1B_EW_GRDM_1S/2021/106/S1B_EW_GRDM_1SDV_20210416T204923_20210416T205128_026497_0329DA_97ECXA328/s1b-ew-owi-cm-20210416t204923-20210416t205128-000003-0329DA.nc
wp022021,IRWIN,rcm2-sc50md-owi-cm-20210422t211644-20210422t212548-00003-______ll_gd_GEO-IRWIN.nc,21.7421455383301,127.118804931641,"2021-04-22T21:16:44,000",,rcm2-sc50md-owi-cm-20210422t211644-20210422t212548-00003-xxxxx.nc,/home/datawork-cersat-public/cache/public/ftp/project/sarwing/processings/grdwind+windir_2025v6v12_2v0_0v3v9_0v0v6_0v0v6_1v4v3_1v0v15_1v0v10_1v2v5_1v2v2_1v1v1_1v2v1/cmod5n_ecmwf_norecal_rs2rcmgmfv4_28052025/rcm-2/L2M/sc50md/rcm-2_sc50md/2021/112/RCM2_OK2377900_PK2378054_4_SC50MD_20210422_211659_HH_HV_GRD/rcm2-sc50md-owi-cm-20210422t211644-20210422t212548-00003-xxxxx.nc
wp022021,IRWIN,rs2-scwa-owi-cm-20210419t212838-20210419t212954-00003-______ll_gd_GEO-IRWIN.nc,15.1816444396973,126.200485229492,"2021-04-19T21:28:38,000",/scale/user/mtannaou/alternance/donnees_sar_changes/rs2-scwa-owi-cm-20210419t212838-20210419t212954-00003-xxxxx_aeqd.nc,rs2-scwa-owi-cm-20210419t212838-20210419t212954-00003-xxxxx.nc,/home/datawork-cersat-public/cache/public/ftp/project/sarwing/processings/grdwind+windir_2025v6v12_2v0_0v3v9_0v0v6_0v0v6_1v4v3_1v0v15_1v0v10_1v2v5_1v2v2_1v1v1_1v2v1/cmod5n_ecmwf_norecal_rs2rcmgmfv4_28052025/RS2/L2M/SCWA/RS2_SCWA/2021/109/RS2_OK129674_PK1136682_DK1093040_SCWA_20210419_212838_212838_VV_VH_SGF/rs2-scwa-owi-cm-20210419t212838-20210419t212954-00003-xxxxx.nc
wp022021,IRWIN,s1a-ew-owi-cm-20210421t093352-20210421t093556-000003-046D8B_ll_gd_GEO-IRWIN.nc,18.2805099487305,124.855499267578,"2021-04-21T09:33:52,000",/scale/user/mtannaou/alternance/donnees_sar_changes/s1a-ew-owi-cm-20210421t093352-20210421t093556-000003-046D8B_aeqd.nc,s1a-ew-owi-cm-20210421t093352-20210421t093556-000003-046D8B.nc,/home/datawork-cersat-public/cache/public/ftp/project/sarwing/processings/grdwind+windir_2025v6v12_2v0_0v3v9_0v0v6_0v0v6_1v4v3_1v0v15_1v0v10_1v2v5_1v2v2_1v1v1_1v2v1/cmod5n_ecmwf_norecal_rs2rcmgmfv4_28052025/sentinel-1a/L2M/EW/S1A_EW_GRDM_1S/2021/111/S1A_EW_GRDM_1SDV_20210421T093352_20210421T093556_037547_046D8B_7EEEX84E1/s1a-ew-owi-cm-20210421t093352-20210421t093556-000003-046D8B.nc
wp022021,IRWIN,rcm1-sc50ma-owi-cm-20210420t094105-20210420t094513-00003-______ll_gd_GEO-IRWIN.nc,16.0503063201904,125.974250793457,"2021-04-20T09:41:05,000",,rcm1-sc50ma-owi-cm-20210420t094105-20210420t094513-00003-xxxxx.nc,/home/datawork-cersat-public/cache/public/ftp/project/sarwing/processings/grdwind+windir_2025v6v12_2v0_0v3v9_0v0v6_0v0v6_1v4v3_1v0v15_1v0v10_1v2v5_1v2v2_1v1v1_1v2v1/cmod5n_ecmwf_norecal_rs2rcmgmfv4_28052025/rcm-1/L2M/sc50ma/rcm-1_sc50ma/2021/110/RCM1_OK2377877_PK2377963_2_SC50MA_20210420_094118_HH_HV_GRD/rcm1-sc50ma-owi-cm-20210420t094105-20210420t094513-00003-xxxxx.nc
wp022021,IRWIN,s1a-iw-owi-cm-20210419t094935-20210419t095129-000003-046C7F_ll_gd_GEO-IRWIN.nc,14.5585145950317,126.297920227051,"2021-04-19T09:49:35,000",,s1a-iw-owi-cm-20210419t094820-20210419t095129-000003-046C7F.nc,/home/datawork-cersat-public/cache/public/ftp/project/sarwing/processings/grdwind+windir_2025v6v12_2v0_0v3v9_0v0v6_0v0v6_1v4v3_1v0v15_1v0v10_1v2v5_1v2v2_1v1v1_1v2v1/cmod5n_ecmwf_norecal_rs2rcmgmfv4_28052025/sentinel-1a/L2M/IW/S1A_IW_GRDH_1S/2021/109/S1A_IW_GRDH_1SDV_20210419T094820_20210419T095129_037518_046C7F_0922X0D03X1FB1X4889X4D0EXC0B3XCF0AXD5C1/s1a-iw-owi-cm-20210419t094820-20210419t095129-000003-046C7F.nc
wp022021,IRWIN,s1b-ew-owi-cm-20210422t213524-20210422t213729-000003-032CBB_ll_gd_GEO-IRWIN.nc,21.7797794342041,127.175285339356,"2021-04-22T21:35:24,000",/scale/user/mtannaou/alternance/donnees_sar_changes/s1b-ew-owi-cm-20210422t213524-20210422t213729-000003-032CBB_aeqd.nc,s1b-ew-owi-cm-20210422t213524-20210422t213729-000003-032CBB.nc,/home/datawork-cersat-public/cache/public/ftp/project/sarwing/processings/grdwind+windir_2025v6v12_2v0_0v3v9_0v0v6_0v0v6_1v4v3_1v0v15_1v0v10_1v2v5_1v2v2_1v1v1_1v2v1/cmod5n_ecmwf_norecal_rs2rcmgmfv4_28052025/sentinel-1b/L2M/EW/S1B_EW_GRDM_1S/2021/112/S1B_EW_GRDM_1SDV_20210422T213524_20210422T213729_026585_032CBB_569DX570F/s1b-ew-owi-cm-20210422t213524-20210422t213729-000003-032CBB.nc
wp022021,IRWIN,s1b-iw-owi-cm-20210420t094117-20210420t094300-000003-032B99_ll_gd_GEO-IRWIN.nc,16.0503063201904,125.974250793457,"2021-04-20T09:41:17,000",,rcm1-sc50ma-owi-cm-20210420t094105-20210420t094513-00003-xxxxx.nc,/home/datawork-cersat-public/cache/public/ftp/project/sarwing/processings/grdwind+windir_2025v6v12_2v0_0v3v9_0v0v6_0v0v6_1v4v3_1v0v15_1v0v10_1v2v5_1v2v2_1v1v1_1v2v1/cmod5n_ecmwf_norecal_rs2rcmgmfv4_28052025/rcm-1/L2M/sc50ma/rcm-1_sc50ma/2021/110/RCM1_OK2377877_PK2377963_2_SC50MA_20210420_094118_HH_HV_GRD/rcm1-sc50ma-owi-cm-20210420t094105-20210420t094513-00003-xxxxx.nc
wp022021,IRWIN,s1b-ew-owi-cm-20210417t091424-20210417t091628-000003-032A1A_ll_gd_GEO-IRWIN.nc,11.5285625457764,129.906845092773,"2021-04-17T09:14:24,000",/scale/user/mtannaou/alternance/donnees_sar_changes/s1b-ew-owi-cm-20210417t091424-20210417t091628-000003-032A1A_aeqd.nc,s1b-ew-owi-cm-20210417t091424-20210417t091628-000003-032A1A.nc,/home/datawork-cersat-public/cache/public/ftp/project/sarwing/processings/grdwind+windir_2025v6v12_2v0_0v3v9_0v0v6_0v0v6_1v4v3_1v0v15_1v0v10_1v2v5_1v2v2_1v1v1_1v2v1/cmod5n_ecmwf_norecal_rs2rcmgmfv4_28052025/sentinel-1b/L2M/EW/S1B_EW_GRDM_1S/2021/107/S1B_EW_GRDM_1SDV_20210417T091424_20210417T091628_026505_032A1A_1838XABE3/s1b-ew-owi-cm-20210417t091424-20210417t091628-000003-032A1A.nc
wp022021,IRWIN,rcm1-sc50ma-owi-cm-20210419t093250-20210419t093822-00003-______ll_gd_GEO-IRWIN.nc,14.5492353439331,126.297119140625,"2021-04-19T09:32:50,000",,rcm1-sc50ma-owi-cm-20210419t093250-20210419t093822-00003-xxxxx.nc,/home/datawork-cersat-public/cache/public/ftp/project/sarwing/processings/grdwind+windir_2025v6v12_2v0_0v3v9_0v0v6_0v0v6_1v4v3_1v0v15_1v0v10_1v2v5_1v2v2_1v1v1_1v2v1/cmod5n_ecmwf_norecal_rs2rcmgmfv4_28052025/rcm-1/L2M/sc50ma/rcm-1_sc50ma/2021/109/RCM1_OK2377877_PK2377962_2_SC50MA_20210419_093303_HH_HV_GRD/rcm1-sc50ma-owi-cm-20210419t093250-20210419t093822-00003-xxxxx.nc
wp022021,IRWIN,s1b-iw-owi-cm-20210417t213016-20210417t213110-000003-032A68_ll_gd_GEO-IRWIN.nc,12.7453279495239,128.218490600586,"2021-04-17T21:30:16,000",,,
wp022021,IRWIN,rs2-scwa-owi-cm-20210418t093003-20210418t093118-00003-______ll_gd_GEO-IRWIN.nc,13.4515533447266,126.915626525879,"2021-04-18T09:30:03,000",/scale/user/mtannaou/alternance/donnees_sar_changes/rs2-scwa-owi-cm-20210418t093003-20210418t093118-00003-xxxxx_aeqd.nc,rs2-scwa-owi-cm-20210418t093003-20210418t093118-00003-xxxxx.nc,/home/datawork-cersat-public/cache/public/ftp/project/sarwing/processings/grdwind+windir_2025v6v12_2v0_0v3v9_0v0v6_0v0v6_1v4v3_1v0v15_1v0v10_1v2v5_1v2v2_1v1v1_1v2v1/cmod5n_ecmwf_norecal_rs2rcmgmfv4_28052025/RS2/L2M/SCWA/RS2_SCWA/2021/108/RS2_OK129674_PK1136681_DK1093039_SCWA_20210418_093003_093003_VV_VH_SGF/rs2-scwa-owi-cm-20210418t093003-20210418t093118-00003-xxxxx.nc
wp022021,IRWIN,s1a-iw-owi-cm-20210418t212223-20210418t212342-000003-046C42_ll_gd_GEO-IRWIN.nc,13.9700422286987,126.458839416504,"2021-04-18T21:22:23,000",,s1a-iw-owi-cm-20210418t212223-20210418t212407-000003-046C42.nc,/home/datawork-cersat-public/cache/public/ftp/project/sarwing/processings/grdwind+windir_2025v6v12_2v0_0v3v9_0v0v6_0v0v6_1v4v3_1v0v15_1v0v10_1v2v5_1v2v2_1v1v1_1v2v1/cmod5n_ecmwf_norecal_rs2rcmgmfv4_28052025/sentinel-1a/L2M/IW/S1A_IW_GRDH_1S/2021/108/S1A_IW_GRDH_1SDV_20210418T212223_20210418T212407_037510_046C42_0C00X4F8FX8C56XDB20/s1a-iw-owi-cm-20210418t212223-20210418t212407-000003-046C42.nc
wp022021,IRWIN,s1a-ew-owi-cm-20210423t091848-20210423t092013-000003-046E76_ll_gd_GEO-IRWIN.nc,23.0212268829346,129.40234375,"2021-04-23T09:18:48,000",/scale/user/mtannaou/alternance/donnees_sar_changes/s1a-ew-owi-cm-20210423t091848-20210423t092013-000003-046E76_aeqd.nc,s1a-ew-owi-cm-20210423t091848-20210423t092013-000003-046E76.nc,/home/datawork-cersat-public/cache/public/ftp/project/sarwing/processings/grdwind+windir_2025v6v12_2v0_0v3v9_0v0v6_0v0v6_1v4v3_1v0v15_1v0v10_1v2v5_1v2v2_1v1v1_1v2v1/cmod5n_ecmwf_norecal_rs2rcmgmfv4_28052025/sentinel-1a/L2M/EW/S1A_EW_GRDM_1S/2021/113/S1A_EW_GRDM_1SDV_20210423T091848_20210423T092013_037576_046E76_7C23XF14E/s1a-ew-owi-cm-20210423t091848-20210423t092013-000003-046E76.nc
wp022021,IRWIN,rcm1-sc50md-owi-cm-20210418t211549-20210418t212533-00003-______ll_gd_GEO-IRWIN.nc,13.9700422286987,126.458839416504,"2021-04-18T21:15:49,000",,rcm1-sc50md-owi-cm-20210418t211549-20210418t212533-00003-xxxxx.nc,/home/datawork-cersat-public/cache/public/ftp/project/sarwing/processings/grdwind+windir_2025v6v12_2v0_0v3v9_0v0v6_0v0v6_1v4v3_1v0v15_1v0v10_1v2v5_1v2v2_1v1v1_1v2v1/cmod5n_ecmwf_norecal_rs2rcmgmfv4_28052025/rcm-1/L2M/sc50md/rcm-1_sc50md/2021/108/RCM1_OK2377877_PK2377964_6_SC50MD_20210418_211603_HH_HV_GRD/rcm1-sc50md-owi-cm-20210418t211549-20210418t212533-00003-xxxxx.nc
wp022021,IRWIN,rs2-scwa-owi-cm-20210421t094352-20210421t094508-00003-______ll_gd_GEO-IRWIN.nc,18.3004474639893,124.851860046387,"2021-04-21T09:43:52,000",/scale/user/mtannaou/alternance/donnees_sar_changes/rs2-scwa-owi-cm-20210421t094352-20210421t094508-00003-xxxxx_aeqd.nc,rs2-scwa-owi-cm-20210421t094352-20210421t094508-00003-xxxxx.nc,/home/datawork-cersat-public/cache/public/ftp/project/sarwing/processings/grdwind+windir_2025v6v12_2v0_0v3v9_0v0v6_0v0v6_1v4v3_1v0v15_1v0v10_1v2v5_1v2v2_1v1v1_1v2v1/cmod5n_ecmwf_norecal_rs2rcmgmfv4_28052025/RS2/L2M/SCWA/RS2_SCWA/2021/111/RS2_OK129674_PK1136683_DK1093041_SCWA_20210421_094352_094352_VV_VH_SGF/rs2-scwa-owi-cm-20210421t094352-20210421t094508-00003-xxxxx.nc
wp022021,IRWIN,rcm1-sc50md-owi-cm-20210417t211214-20210417t211638-00003-______ll_gd_GEO-IRWIN.nc,12.7149324417114,128.256622314453,"2021-04-17T21:12:14,000",,rcm1-sc50md-owi-cm-20210417t211214-20210417t211638-00003-xxxxx.nc,/home/datawork-cersat-public/cache/public/ftp/project/sarwing/processings/grdwind+windir_2025v6v12_2v0_0v3v9_0v0v6_0v0v6_1v4v3_1v0v15_1v0v10_1v2v5_1v2v2_1v1v1_1v2v1/cmod5n_ecmwf_norecal_rs2rcmgmfv4_28052025/rcm-1/L2M/sc50md/rcm-1_sc50md/2021/107/RCM1_OK2377877_PK2377961_3_SC50MD_20210417_211226_HH_HV_GRD/rcm1-sc50md-owi-cm-20210417t211214-20210417t211638-00003-xxxxx.nc
wp022021,IRWIN,s1b-ew-owi-cm-20210424t090925-20210424t091159-000003-032D63_ll_gd_GEO-IRWIN.nc,22.6168270111084,132.059020996094,"2021-04-24T09:09:25,000",/scale/user/mtannaou/alternance/donnees_sar_changes/s1b-ew-owi-cm-20210424t090925-20210424t091159-000003-032D63_aeqd.nc,s1b-ew-owi-cm-20210424t090925-20210424t091159-000003-032D63.nc,/home/datawork-cersat-public/cache/public/ftp/project/sarwing/processings/grdwind+windir_2025v6v12_2v0_0v3v9_0v0v6_0v0v6_1v4v3_1v0v15_1v0v10_1v2v5_1v2v2_1v1v1_1v2v1/cmod5n_ecmwf_norecal_rs2rcmgmfv4_28052025/sentinel-1b/L2M/EW/S1B_EW_GRDM_1S/2021/114/S1B_EW_GRDM_1SDV_20210424T090925_20210424T091159_026607_032D63_0A89X7971XC635/s1b-ew-owi-cm-20210424t090925-20210424t091159-000003-032D63.nc
sh132023,IRWIN,rcm3-sclnc-owi-cm-20230215t140518-20230215t140635-00003-______ll_gd_GEO-IRWIN.nc,-27.9148006439209,68.8889694213867,"2023-02-15T14:05:18,000",/scale/user/mtannaou/alternance/donnees_sar_changes/rcm3-sclnc-owi-cm-20230215t140518-20230215t140635-00003-xxxxx_aeqd.nc,rcm3-sclnc-owi-cm-20230215t140518-20230215t140635-00003-xxxxx.nc,/home/datawork-cersat-public/cache/public/ftp/project/sarwing/processings/grdwind+windir_2025v6v12_2v0_0v3v9_0v0v6_0v0v6_1v4v3_1v0v15_1v0v10_1v2v5_1v2v2_1v1v1_1v2v1/cmod5n_ecmwf_norecal_rs2rcmgmfv4_28052025/rcm-3/L2M/sclnc/rcm-3_sclnc/2023/046/RCM3_OK2447293_PK2449158_1_SCLNC_20230215_140519_VV_VH_GRD/rcm3-sclnc-owi-cm-20230215t140518-20230215t140635-00003-xxxxx.nc
sh132023,IRWIN,rcm3-sclnd-owi-cm-20230214t135843-20230214t135935-00003-______ll_gd_GEO-IRWIN.nc,-23.3755054473877,72.1114959716797,"2023-02-14T13:58:43,000",/scale/user/mtannaou/alternance/donnees_sar_changes/rcm3-sclnd-owi-cm-20230214t135843-20230214t135935-00003-xxxxx_aeqd.nc,rcm3-sclnd-owi-cm-20230214t135843-20230214t135935-00003-xxxxx.nc,/home/datawork-cersat-public/cache/public/ftp/project/sarwing/processings/grdwind+windir_2025v6v12_2v0_0v3v9_0v0v6_0v0v6_1v4v3_1v0v15_1v0v10_1v2v5_1v2v2_1v1v1_1v2v1/cmod5n_ecmwf_norecal_rs2rcmgmfv4_28052025/rcm-3/L2M/sclnd/rcm-3_sclnd/2023/045/RCM3_OK2446604_PK2448144_1_SCLND_20230214_135846_VV_VH_GRD/rcm3-sclnd-owi-cm-20230214t135843-20230214t135935-00003-xxxxx.nc
sh132023,IRWIN,rcm3-sclnd-owi-cm-20230216t004822-20230216t004938-00003-______ll_gd_GEO-IRWIN.nc,-29.8432636260986,67.5437774658203,"2023-02-16T00:48:22,000",/scale/user/mtannaou/alternance/donnees_sar_changes/rcm3-sclnd-owi-cm-20230216t004822-20230216t004938-00003-xxxxx_aeqd.nc,rcm3-sclnd-owi-cm-20230216t004822-20230216t004938-00003-xxxxx.nc,/home/datawork-cersat-public/cache/public/ftp/project/sarwing/processings/grdwind+windir_2025v6v12_2v0_0v3v9_0v0v6_0v0v6_1v4v3_1v0v15_1v0v10_1v2v5_1v2v2_1v1v1_1v2v1/cmod5n_ecmwf_norecal_rs2rcmgmfv4_28052025/rcm-3/L2M/sclnd/rcm-3_sclnd/2023/047/RCM3_OK2447296_PK2449478_1_SCLND_20230216_004824_VV_VH_GRD/rcm3-sclnd-owi-cm-20230216t004822-20230216t004938-00003-xxxxx.nc
sh132023,IRWIN,rcm3-sclnd-owi-cm-20230215t003856-20230215t004011-00003-______ll_gd_GEO-IRWIN.nc,-25.3394088745117,70.793098449707,"2023-02-15T00:38:56,000",/scale/user/mtannaou/alternance/donnees_sar_changes/rcm3-sclnd-owi-cm-20230215t003856-20230215t004011-00003-xxxxx_aeqd.nc,rcm3-sclnd-owi-cm-20230215t003856-20230215t004011-00003-xxxxx.nc,/home/datawork-cersat-public/cache/public/ftp/project/sarwing/processings/grdwind+windir_2025v6v12_2v0_0v3v9_0v0v6_0v0v6_1v4v3_1v0v15_1v0v10_1v2v5_1v2v2_1v1v1_1v2v1/cmod5n_ecmwf_norecal_rs2rcmgmfv4_28052025/rcm-3/L2M/sclnd/rcm-3_sclnd/2023/046/RCM3_OK2446606_PK2448646_1_SCLND_20230215_003857_VV_VH_GRD/rcm3-sclnd-owi-cm-20230215t003856-20230215t004011-00003-xxxxx.nc
sh132023,IRWIN,s1a-ew-owi-cm-20230215t004148-20230215t004408-000003-05AB21_ll_gd_GEO-IRWIN.nc,-25.3394088745117,70.793098449707,"2023-02-15T00:41:48,000",/scale/user/mtannaou/alternance/donnees_sar_changes/s1a-ew-owi-cm-20230215t004148-20230215t004408-000003-05AB21_aeqd.nc,s1a-ew-owi-cm-20230215t004148-20230215t004408-000003-05AB21.nc,/home/datawork-cersat-public/cache/public/ftp/project/sarwing/processings/grdwind+windir_2025v6v12_2v0_0v3v9_0v0v6_0v0v6_1v4v3_1v0v15_1v0v10_1v2v5_1v2v2_1v1v1_1v2v1/cmod5n_ecmwf_norecal_rs2rcmgmfv4_28052025/sentinel-1a/L2M/EW/S1A_EW_GRDM_1S/2023/046/S1A_EW_GRDM_1SDV_20230215T004148_20230215T004408_047239_05AB21_4A82X77D7XBF23/s1a-ew-owi-cm-20230215t004148-20230215t004408-000003-05AB21.nc
sh132023,IRWIN,s1a-ew-owi-cm-20230214t134626-20230214t134830-000003-05AAE6_ll_gd_GEO-IRWIN.nc,-23.3755054473877,72.1114959716797,"2023-02-14T13:46:26,000",,s1a-ew-owi-cm-20230214t134626-20230214t134931-000003-05AAE6.nc,/home/datawork-cersat-public/cache/public/ftp/project/sarwing/processings/grdwind+windir_2025v6v12_2v0_0v3v9_0v0v6_0v0v6_1v4v3_1v0v15_1v0v10_1v2v5_1v2v2_1v1v1_1v2v1/cmod5n_ecmwf_norecal_rs2rcmgmfv4_28052025/sentinel-1a/L2M/EW/S1A_EW_GRDM_1S/2023/045/S1A_EW_GRDM_1SDV_20230214T134626_20230214T134931_047232_05AAE6_64C7XA0B4XD424/s1a-ew-owi-cm-20230214t134626-20230214t134931-000003-05AAE6.nc
sh132023,IRWIN,rcm3-sclnd-owi-cm-20230214t003004-20230214t003120-00003-______ll_gd_GEO-IRWIN.nc,-21.0811004638672,72.7718353271484,"2023-02-14T00:30:04,000",/scale/user/mtannaou/alternance/donnees_sar_changes/rcm3-sclnd-owi-cm-20230214t003004-20230214t003120-00003-xxxxx_aeqd.nc,rcm3-sclnd-owi-cm-20230214t003004-20230214t003120-00003-xxxxx.nc,/home/datawork-cersat-public/cache/public/ftp/project/sarwing/processings/grdwind+windir_2025v6v12_2v0_0v3v9_0v0v6_0v0v6_1v4v3_1v0v15_1v0v10_1v2v5_1v2v2_1v1v1_1v2v1/cmod5n_ecmwf_norecal_rs2rcmgmfv4_28052025/rcm-3/L2M/sclnd/rcm-3_sclnd/2023/045/RCM3_OK2445676_PK2447714_1_SCLND_20230214_003003_VV_VH_GRD/rcm3-sclnd-owi-cm-20230214t003004-20230214t003120-00003-xxxxx.nc
sh192022,IRWIN,s1a-iw-owi-cm-20220309t022620-20220309t022739-000003-0508C0_ll_gd_GEO-IRWIN.nc,-14.9879751205444,46.8577041625977,"2022-03-09T02:26:20,000",/scale/user/mtannaou/alternance/donnees_sar_changes/s1a-iw-owi-cm-20220309t022620-20220309t022739-000003-0508C0_aeqd.nc,s1a-iw-owi-cm-20220309t022620-20220309t022739-000003-0508C0.nc,/home/datawork-cersat-public/cache/public/ftp/project/sarwing/processings/grdwind+windir_2025v6v12_2v0_0v3v9_0v0v6_0v0v6_1v4v3_1v0v15_1v0v10_1v2v5_1v2v2_1v1v1_1v2v1/cmod5n_ecmwf_norecal_rs2rcmgmfv4_28052025/sentinel-1a/L2M/IW/S1A_IW_GRDH_1S/2022/068/S1A_IW_GRDH_1SDV_20220309T022620_20220309T022739_042238_0508C0_66D9X66E4X85F2/s1a-iw-owi-cm-20220309t022620-20220309t022739-000003-0508C0.nc
sh172024,IRWIN,rcm1-sclnc-owi-cm-20240313t161331-20240313t161447-00003-______ll_gd_GEO-IRWIN.nc,-27.3399410247803,34.6460723876953,"2024-03-13T16:13:31,000",/scale/user/mtannaou/alternance/donnees_sar_changes/rcm1-sclnc-owi-cm-20240313t161331-20240313t161447-00003-xxxxx_aeqd.nc,rcm1-sclnc-owi-cm-20240313t161331-20240313t161447-00003-xxxxx.nc,/home/datawork-cersat-public/cache/public/ftp/project/sarwing/processings/grdwind+windir_2025v6v12_2v0_0v3v9_0v0v6_0v0v6_1v4v3_1v0v15_1v0v10_1v2v5_1v2v2_1v1v1_1v2v1/cmod5n_ecmwf_norecal_rs2rcmgmfv4_28052025/rcm-1/L2M/sclnc/rcm-1_sclnc/2024/073/RCM1_OK2974140_PK2978507_1_SCLNC_20240313_161331_VV_VH_GRD/rcm1-sclnc-owi-cm-20240313t161331-20240313t161447-00003-xxxxx.nc
sh172024,IRWIN,rcm2-sclnd-owi-cm-20240314t154748-20240314t154905-00003-______ll_gd_GEO-IRWIN.nc,-34.1511192321777,44.2350883483887,"2024-03-14T15:47:48,000",/scale/user/mtannaou/alternance/donnees_sar_changes/rcm2-sclnd-owi-cm-20240314t154748-20240314t154905-00003-xxxxx_aeqd.nc,rcm2-sclnd-owi-cm-20240314t154748-20240314t154905-00003-xxxxx.nc,/home/datawork-cersat-public/cache/public/ftp/project/sarwing/processings/grdwind+windir_2025v6v12_2v0_0v3v9_0v0v6_0v0v6_1v4v3_1v0v15_1v0v10_1v2v5_1v2v2_1v1v1_1v2v1/cmod5n_ecmwf_norecal_rs2rcmgmfv4_28052025/rcm-2/L2M/sclnd/rcm-2_sclnd/2024/074/RCM2_OK2976653_PK2980124_1_SCLND_20240314_154748_VV_VH_GRD/rcm2-sclnd-owi-cm-20240314t154748-20240314t154905-00003-xxxxx.nc
sh172024,IRWIN,rcm1-sclna-owi-cm-20240312t160634-20240312t160750-00003-______ll_gd_GEO-IRWIN.nc,-23.4864959716797,34.0219802856445,"2024-03-12T16:06:34,000",/scale/user/mtannaou/alternance/donnees_sar_changes/rcm1-sclna-owi-cm-20240312t160634-20240312t160750-00003-xxxxx_aeqd.nc,rcm1-sclna-owi-cm-20240312t160634-20240312t160750-00003-xxxxx.nc,/home/datawork-cersat-public/cache/public/ftp/project/sarwing/processings/grdwind+windir_2025v6v12_2v0_0v3v9_0v0v6_0v0v6_1v4v3_1v0v15_1v0v10_1v2v5_1v2v2_1v1v1_1v2v1/cmod5n_ecmwf_norecal_rs2rcmgmfv4_28052025/rcm-1/L2M/sclna/rcm-1_sclna/2024/072/RCM1_OK2973203_PK2976567_1_SCLNA_20240312_160634_VV_VH_GRD/rcm1-sclna-owi-cm-20240312t160634-20240312t160750-00003-xxxxx.nc
sh172024,IRWIN,rcm3-sclnb-owi-cm-20240312t031118-20240312t031234-00003-______ll_gd_GEO-IRWIN.nc,-20.779088973999,35.4918518066406,"2024-03-12T03:11:18,000",/scale/user/mtannaou/alternance/donnees_sar_changes/rcm3-sclnb-owi-cm-20240312t031118-20240312t031234-00003-xxxxx_aeqd.nc,rcm3-sclnb-owi-cm-20240312t031118-20240312t031234-00003-xxxxx.nc,/home/datawork-cersat-public/cache/public/ftp/project/sarwing/processings/grdwind+windir_2025v6v12_2v0_0v3v9_0v0v6_0v0v6_1v4v3_1v0v15_1v0v10_1v2v5_1v2v2_1v1v1_1v2v1/cmod5n_ecmwf_norecal_rs2rcmgmfv4_28052025/rcm-3/L2M/sclnb/rcm-3_sclnb/2024/072/RCM3_OK2973200_PK2975071_1_SCLNB_20240312_031120_VV_VH_GRD/rcm3-sclnb-owi-cm-20240312t031118-20240312t031234-00003-xxxxx.nc
io052023,IRWIN,rcm2-sc50ma-owi-cm-20231022t142409-20231022t142527-00003-______ll_gd_GEO-IRWIN.nc,13.4381399154663,54.26708984375,"2023-10-22T14:24:09,000",/scale/user/mtannaou/alternance/donnees_sar_changes/rcm2-sc50ma-owi-cm-20231022t142409-20231022t142527-00003-xxxxx_aeqd.nc,rcm2-sc50ma-owi-cm-20231022t142409-20231022t142527-00003-xxxxx.nc,/home/datawork-cersat-public/cache/public/ftp/project/sarwing/processings/grdwind+windir_2025v6v12_2v0_0v3v9_0v0v6_0v0v6_1v4v3_1v0v15_1v0v10_1v2v5_1v2v2_1v1v1_1v2v1/cmod5n_ecmwf_norecal_rs2rcmgmfv4_28052025/rcm-2/L2M/sc50ma/rcm-2_sc50ma/2023/295/RCM2_OK2797769_PK2799511_1_SC50MA_20231022_142340_HH_HV_GRD/rcm2-sc50ma-owi-cm-20231022t142409-20231022t142527-00003-xxxxx.nc
ep192023,IRWIN,rcm1-sc50ma-owi-cm-20231031t120038-20231031t120203-00003-______ll_gd_GEO-IRWIN.nc,11.1834859848023,269.684020996094,"2023-10-31T12:00:38,000",,rcm1-sc50ma-owi-cm-20231031t120038-20231031t120203-00003-xxxxx.nc,/home/datawork-cersat-public/cache/public/ftp/project/sarwing/processings/grdwind+windir_2025v6v12_2v0_0v3v9_0v0v6_0v0v6_1v4v3_1v0v15_1v0v10_1v2v5_1v2v2_1v1v1_1v2v1/cmod5n_ecmwf_norecal_rs2rcmgmfv4_28052025/rcm-1/L2M/sc50ma/rcm-1_sc50ma/2023/304/RCM1_OK2811560_PK2811561_1_SC50MA_20231031_120040_HH_HV_GRD/rcm1-sc50ma-owi-cm-20231031t120038-20231031t120203-00003-xxxxx.nc
ep192023,IRWIN,rcm1-sc50mc-owi-cm-20231103t122536-20231103t122653-00003-______ll_gd_GEO-IRWIN.nc,10.3531579971314,258.256317138672,"2023-11-03T12:25:36,000",/scale/user/mtannaou/alternance/donnees_sar_changes/rcm1-sc50mc-owi-cm-20231103t122536-20231103t122653-00003-xxxxx_aeqd.nc,rcm1-sc50mc-owi-cm-20231103t122536-20231103t122653-00003-xxxxx.nc,/home/datawork-cersat-public/cache/public/ftp/project/sarwing/processings/grdwind+windir_2025v6v12_2v0_0v3v9_0v0v6_0v0v6_1v4v3_1v0v15_1v0v10_1v2v5_1v2v2_1v1v1_1v2v1/cmod5n_ecmwf_norecal_rs2rcmgmfv4_28052025/rcm-1/L2M/sc50mc/rcm-1_sc50mc/2023/307/RCM1_OK2813687_PK2815968_1_SC50MC_20231103_122537_HH_HV_GRD/rcm1-sc50mc-owi-cm-20231103t122536-20231103t122653-00003-xxxxx.nc
ep192023,IRWIN,rcm3-sc50mc-owi-cm-20231104t010656-20231104t010814-00003-______ll_gd_GEO-IRWIN.nc,10.1081342697144,254.495895385742,"2023-11-04T01:06:56,000",/scale/user/mtannaou/alternance/donnees_sar_changes/rcm3-sc50mc-owi-cm-20231104t010656-20231104t010814-00003-xxxxx_aeqd.nc,rcm3-sc50mc-owi-cm-20231104t010656-20231104t010814-00003-xxxxx.nc,/home/datawork-cersat-public/cache/public/ftp/project/sarwing/processings/grdwind+windir_2025v6v12_2v0_0v3v9_0v0v6_0v0v6_1v4v3_1v0v15_1v0v10_1v2v5_1v2v2_1v1v1_1v2v1/cmod5n_ecmwf_norecal_rs2rcmgmfv4_28052025/rcm-3/L2M/sc50mc/rcm-3_sc50mc/2023/308/RCM3_OK2813708_PK2816612_1_SC50MC_20231104_010658_HH_HV_GRD/rcm3-sc50mc-owi-cm-20231104t010656-20231104t010814-00003-xxxxx.nc
ep192023,IRWIN,s1a-iw-owi-cm-20231102t002153-20231102t002312-000003-06273D_ll_gd_GEO-IRWIN.nc,12.394775390625,268.173614501953,"2023-11-02T00:21:53,000",,s1a-iw-owi-cm-20231102t002153-20231102t002337-000003-06273D.nc,/home/datawork-cersat-public/cache/public/ftp/project/sarwing/processings/grdwind+windir_2025v6v12_2v0_0v3v9_0v0v6_0v0v6_1v4v3_1v0v15_1v0v10_1v2v5_1v2v2_1v1v1_1v2v1/cmod5n_ecmwf_norecal_rs2rcmgmfv4_28052025/sentinel-1a/L2M/IW/S1A_IW_GRDH_1S/2023/306/S1A_IW_GRDH_1SDV_20231102T002153_20231102T002337_051031_06273D_1C0FX7C32X9A71XBBB2/s1a-iw-owi-cm-20231102t002153-20231102t002337-000003-06273D.nc
ep192023,IRWIN,rcm1-sc50mc-owi-cm-20231101t001102-20231101t001218-00003-______ll_gd_GEO-IRWIN.nc,11.6016225814819,270.529205322266,"2023-11-01T00:11:02,000",/scale/user/mtannaou/alternance/donnees_sar_changes/rcm1-sc50mc-owi-cm-20231101t001102-20231101t001218-00003-xxxxx_aeqd.nc,rcm1-sc50mc-owi-cm-20231101t001102-20231101t001218-00003-xxxxx.nc,/home/datawork-cersat-public/cache/public/ftp/project/sarwing/processings/grdwind+windir_2025v6v12_2v0_0v3v9_0v0v6_0v0v6_1v4v3_1v0v15_1v0v10_1v2v5_1v2v2_1v1v1_1v2v1/cmod5n_ecmwf_norecal_rs2rcmgmfv4_28052025/rcm-1/L2M/sc50mc/rcm-1_sc50mc/2023/305/RCM1_OK2809343_PK2812378_1_SC50MC_20231101_001102_HH_HV_GRD/rcm1-sc50mc-owi-cm-20231101t001102-20231101t001218-00003-xxxxx.nc
ep192023,IRWIN,rcm1-sc50mc-owi-cm-20231030t115255-20231030t115412-00003-______ll_gd_GEO-IRWIN.nc,10.9655027389526,268.193511962891,"2023-10-30T11:52:55,000",/scale/user/mtannaou/alternance/donnees_sar_changes/rcm1-sc50mc-owi-cm-20231030t115255-20231030t115412-00003-xxxxx_aeqd.nc,rcm1-sc50mc-owi-cm-20231030t115255-20231030t115412-00003-xxxxx.nc,/home/datawork-cersat-public/cache/public/ftp/project/sarwing/processings/grdwind+windir_2025v6v12_2v0_0v3v9_0v0v6_0v0v6_1v4v3_1v0v15_1v0v10_1v2v5_1v2v2_1v1v1_1v2v1/cmod5n_ecmwf_norecal_rs2rcmgmfv4_28052025/rcm-1/L2M/sc50mc/rcm-1_sc50mc/2023/303/RCM1_OK2808334_PK2810287_1_SC50MC_20231030_115255_HH_HV_GRD/rcm1-sc50mc-owi-cm-20231030t115255-20231030t115412-00003-xxxxx.nc
ep192023,IRWIN,rcm3-sc50ma-owi-cm-20231104t130557-20231104t130711-00003-______ll_gd_GEO-IRWIN.nc,10.0956707000732,251.67170715332,"2023-11-04T13:05:57,000",/scale/user/mtannaou/alternance/donnees_sar_changes/rcm3-sc50ma-owi-cm-20231104t130557-20231104t130711-00003-xxxxx_aeqd.nc,rcm3-sc50ma-owi-cm-20231104t130557-20231104t130711-00003-xxxxx.nc,/home/datawork-cersat-public/cache/public/ftp/project/sarwing/processings/grdwind+windir_2025v6v12_2v0_0v3v9_0v0v6_0v0v6_1v4v3_1v0v15_1v0v10_1v2v5_1v2v2_1v1v1_1v2v1/cmod5n_ecmwf_norecal_rs2rcmgmfv4_28052025/rcm-3/L2M/sc50ma/rcm-3_sc50ma/2023/308/RCM3_OK2814676_PK2817245_1_SC50MA_20231104_130558_HH_HV_GRD/rcm3-sc50ma-owi-cm-20231104t130557-20231104t130711-00003-xxxxx.nc
ep192023,IRWIN,rcm1-sc50mc-owi-cm-20231102t001849-20231102t002007-00003-______ll_gd_GEO-IRWIN.nc,12.394775390625,268.173614501953,"2023-11-02T00:18:49,000",/scale/user/mtannaou/alternance/donnees_sar_changes/rcm1-sc50mc-owi-cm-20231102t001849-20231102t002007-00003-xxxxx_aeqd.nc,rcm1-sc50mc-owi-cm-20231102t001849-20231102t002007-00003-xxxxx.nc,/home/datawork-cersat-public/cache/public/ftp/project/sarwing/processings/grdwind+windir_2025v6v12_2v0_0v3v9_0v0v6_0v0v6_1v4v3_1v0v15_1v0v10_1v2v5_1v2v2_1v1v1_1v2v1/cmod5n_ecmwf_norecal_rs2rcmgmfv4_28052025/rcm-1/L2M/sc50mc/rcm-1_sc50mc/2023/306/RCM1_OK2810617_PK2813797_1_SC50MC_20231102_001849_HH_HV_GRD/rcm1-sc50mc-owi-cm-20231102t001849-20231102t002007-00003-xxxxx.nc
ep192023,IRWIN,rcm3-sc50mc-owi-cm-20231105t131410-20231105t131526-00003-______ll_gd_GEO-IRWIN.nc,10.4941911697388,247.125228881836,"2023-11-05T13:14:10,000",/scale/user/mtannaou/alternance/donnees_sar_changes/rcm3-sc50mc-owi-cm-20231105t131410-20231105t131526-00003-xxxxx_aeqd.nc,rcm3-sc50mc-owi-cm-20231105t131410-20231105t131526-00003-xxxxx.nc,/home/datawork-cersat-public/cache/public/ftp/project/sarwing/processings/grdwind+windir_2025v6v12_2v0_0v3v9_0v0v6_0v0v6_1v4v3_1v0v15_1v0v10_1v2v5_1v2v2_1v1v1_1v2v1/cmod5n_ecmwf_norecal_rs2rcmgmfv4_28052025/rcm-3/L2M/sc50mc/rcm-3_sc50mc/2023/309/RCM3_OK2816265_PK2818540_1_SC50MC_20231105_131410_HH_HV_GRD/rcm3-sc50mc-owi-cm-20231105t131410-20231105t131526-00003-xxxxx.nc
io012021,IRWIN,rs2-scwa-owi-cm-20210517t010128-20210517t010351-00003-______ll_gd_GEO-IRWIN.nc,18.2035655975342,71.8233108520508,"2021-05-17T01:01:28,000",/scale/user/mtannaou/alternance/donnees_sar_changes/rs2-scwa-owi-cm-20210517t010128-20210517t010351-00003-xxxxx_aeqd.nc,rs2-scwa-owi-cm-20210517t010128-20210517t010351-00003-xxxxx.nc,/home/datawork-cersat-public/cache/public/ftp/project/sarwing/processings/grdwind+windir_2025v6v12_2v0_0v3v9_0v0v6_0v0v6_1v4v3_1v0v15_1v0v10_1v2v5_1v2v2_1v1v1_1v2v1/cmod5n_ecmwf_norecal_rs2rcmgmfv4_28052025/RS2/L2M/SCWA/RS2_SCWA/2021/137/RS2_OK129673_PK1136692X693_DK1093024X025_SCWA_20210517_010128_010235_VV_VH_SGF/rs2-scwa-owi-cm-20210517t010128-20210517t010351-00003-xxxxx.nc
wp192020,IRWIN,s1b-iw-owi-cm-20201020t095807-20201020t095922-000003-02D69A_ll_gd_GEO-IRWIN.nc,16.0335445404053,123.300102233887,"2020-10-20T09:58:07,000",,s1b-iw-owi-cm-20201020t095627-20201020t095922-000003-02D69A.nc,/home/datawork-cersat-public/cache/public/ftp/project/sarwing/processings/grdwind+windir_2025v6v12_2v0_0v3v9_0v0v6_0v0v6_1v4v3_1v0v15_1v0v10_1v2v5_1v2v2_1v1v1_1v2v1/cmod5n_ecmwf_norecal_rs2rcmgmfv4_28052025/sentinel-1b/L2M/IW/S1B_IW_GRDH_1S/2020/294/S1B_IW_GRDH_1SDV_20201020T095627_20201020T095922_023895_02D69A_1747X1C2DX5CF1X60C3X9D1EXE1B7XEF10/s1b-iw-owi-cm-20201020t095627-20201020t095922-000003-02D69A.nc
sh242024,IRWIN,rcm2-sc50ma-owi-cm-20240519t150658-20240519t150813-00003-______ll_gd_GEO-IRWIN.nc,-7.22497510910034,45.1966171264648,"2024-05-19T15:06:58,000",/scale/user/mtannaou/alternance/donnees_sar_changes/rcm2-sc50ma-owi-cm-20240519t150658-20240519t150813-00003-xxxxx_aeqd.nc,rcm2-sc50ma-owi-cm-20240519t150658-20240519t150813-00003-xxxxx.nc,/home/datawork-cersat-public/cache/public/ftp/project/sarwing/processings/grdwind+windir_2025v6v12_2v0_0v3v9_0v0v6_0v0v6_1v4v3_1v0v15_1v0v10_1v2v5_1v2v2_1v1v1_1v2v1/cmod5n_ecmwf_norecal_rs2rcmgmfv4_28052025/rcm-2/L2M/sc50ma/rcm-2_sc50ma/2024/140/RCM2_OK3071305_PK3073931_1_SC50MA_20240519_150657_HH_HV_GRD/rcm2-sc50ma-owi-cm-20240519t150658-20240519t150813-00003-xxxxx.nc
sh242024,IRWIN,rcm2-sc50ma-owi-cm-20240518t145836-20240518t145953-00003-______ll_gd_GEO-IRWIN.nc,-7.88454818725586,47.6850471496582,"2024-05-18T14:58:36,000",/scale/user/mtannaou/alternance/donnees_sar_changes/rcm2-sc50ma-owi-cm-20240518t145836-20240518t145953-00003-xxxxx_aeqd.nc,rcm2-sc50ma-owi-cm-20240518t145836-20240518t145953-00003-xxxxx.nc,/home/datawork-cersat-public/cache/public/ftp/project/sarwing/processings/grdwind+windir_2025v6v12_2v0_0v3v9_0v0v6_0v0v6_1v4v3_1v0v15_1v0v10_1v2v5_1v2v2_1v1v1_1v2v1/cmod5n_ecmwf_norecal_rs2rcmgmfv4_28052025/rcm-2/L2M/sc50ma/rcm-2_sc50ma/2024/139/RCM2_OK3070802_PK3072408_1_SC50MA_20240518_145836_HH_HV_GRD/rcm2-sc50ma-owi-cm-20240518t145836-20240518t145953-00003-xxxxx.nc
sh242024,IRWIN,rcm2-sc50mc-owi-cm-20240521t152403-20240521t152520-00003-______ll_gd_GEO-IRWIN.nc,-4.58756256103516,42.0356292724609,"2024-05-21T15:24:03,000",/scale/user/mtannaou/alternance/donnees_sar_changes/rcm2-sc50mc-owi-cm-20240521t152403-20240521t152520-00003-xxxxx_aeqd.nc,rcm2-sc50mc-owi-cm-20240521t152403-20240521t152520-00003-xxxxx.nc,/home/datawork-cersat-public/cache/public/ftp/project/sarwing/processings/grdwind+windir_2025v6v12_2v0_0v3v9_0v0v6_0v0v6_1v4v3_1v0v15_1v0v10_1v2v5_1v2v2_1v1v1_1v2v1/cmod5n_ecmwf_norecal_rs2rcmgmfv4_28052025/rcm-2/L2M/sc50mc/rcm-2_sc50mc/2024/142/RCM2_OK3075056_PK3077031_1_SC50MC_20240521_152403_HH_HV_GRD/rcm2-sc50mc-owi-cm-20240521t152403-20240521t152520-00003-xxxxx.nc
sh242024,IRWIN,rcm2-sc50mb-owi-cm-20240520t151538-20240520t151652-00003-______ll_gd_GEO-IRWIN.nc,-5.94989061355591,43.4357604980469,"2024-05-20T15:15:38,000",/scale/user/mtannaou/alternance/donnees_sar_changes/rcm2-sc50mb-owi-cm-20240520t151538-20240520t151652-00003-xxxxx_aeqd.nc,rcm2-sc50mb-owi-cm-20240520t151538-20240520t151652-00003-xxxxx.nc,/home/datawork-cersat-public/cache/public/ftp/project/sarwing/processings/grdwind+windir_2025v6v12_2v0_0v3v9_0v0v6_0v0v6_1v4v3_1v0v15_1v0v10_1v2v5_1v2v2_1v1v1_1v2v1/cmod5n_ecmwf_norecal_rs2rcmgmfv4_28052025/rcm-2/L2M/sc50mb/rcm-2_sc50mb/2024/141/RCM2_OK3073473_PK3075485_1_SC50MB_20240520_151536_HH_HV_GRD/rcm2-sc50mb-owi-cm-20240520t151538-20240520t151652-00003-xxxxx.nc
sh242024,IRWIN,rcm3-sc50ma-owi-cm-20240519t023525-20240519t023640-00003-______ll_gd_GEO-IRWIN.nc,-7.50389957427979,46.5379486083984,"2024-05-19T02:35:25,000",/scale/user/mtannaou/alternance/donnees_sar_changes/rcm3-sc50ma-owi-cm-20240519t023525-20240519t023640-00003-xxxxx_aeqd.nc,rcm3-sc50ma-owi-cm-20240519t023525-20240519t023640-00003-xxxxx.nc,/home/datawork-cersat-public/cache/public/ftp/project/sarwing/processings/grdwind+windir_2025v6v12_2v0_0v3v9_0v0v6_0v0v6_1v4v3_1v0v15_1v0v10_1v2v5_1v2v2_1v1v1_1v2v1/cmod5n_ecmwf_norecal_rs2rcmgmfv4_28052025/rcm-3/L2M/sc50ma/rcm-3_sc50ma/2024/140/RCM3_OK3070816_PK3073123_1_SC50MA_20240519_023526_HH_HV_GRD/rcm3-sc50ma-owi-cm-20240519t023525-20240519t023640-00003-xxxxx.nc
sh242024,IRWIN,rcm3-sc50ma-owi-cm-20240517t021901-20240517t022016-00003-______ll_gd_GEO-IRWIN.nc,-9.09861564636231,51.7607650756836,"2024-05-17T02:19:01,000",/scale/user/mtannaou/alternance/donnees_sar_changes/rcm3-sc50ma-owi-cm-20240517t021901-20240517t022016-00003-xxxxx_aeqd.nc,rcm3-sc50ma-owi-cm-20240517t021901-20240517t022016-00003-xxxxx.nc,/home/datawork-cersat-public/cache/public/ftp/project/sarwing/processings/grdwind+windir_2025v6v12_2v0_0v3v9_0v0v6_0v0v6_1v4v3_1v0v15_1v0v10_1v2v5_1v2v2_1v1v1_1v2v1/cmod5n_ecmwf_norecal_rs2rcmgmfv4_28052025/rcm-3/L2M/sc50ma/rcm-3_sc50ma/2024/138/RCM3_OK3067302_PK3070338_1_SC50MA_20240517_021903_HH_HV_GRD/rcm3-sc50ma-owi-cm-20240517t021901-20240517t022016-00003-xxxxx.nc
sh242024,IRWIN,rcm2-sc50ma-owi-cm-20240517t145041-20240517t145159-00003-______ll_gd_GEO-IRWIN.nc,-8.76848316192627,50.3329887390137,"2024-05-17T14:50:41,000",/scale/user/mtannaou/alternance/donnees_sar_changes/rcm2-sc50ma-owi-cm-20240517t145041-20240517t145159-00003-xxxxx_aeqd.nc,rcm2-sc50ma-owi-cm-20240517t145041-20240517t145159-00003-xxxxx.nc,/home/datawork-cersat-public/cache/public/ftp/project/sarwing/processings/grdwind+windir_2025v6v12_2v0_0v3v9_0v0v6_0v0v6_1v4v3_1v0v15_1v0v10_1v2v5_1v2v2_1v1v1_1v2v1/cmod5n_ecmwf_norecal_rs2rcmgmfv4_28052025/rcm-2/L2M/sc50ma/rcm-2_sc50ma/2024/138/RCM2_OK3069319_PK3071174_1_SC50MA_20240517_145043_HH_HV_GRD/rcm2-sc50ma-owi-cm-20240517t145041-20240517t145159-00003-xxxxx.nc
sh242024,IRWIN,rcm2-sc50ma-owi-cm-20240516t144257-20240516t144414-00003-______ll_gd_GEO-IRWIN.nc,-9.12303924560547,52.4634132385254,"2024-05-16T14:42:57,000",/scale/user/mtannaou/alternance/donnees_sar_changes/rcm2-sc50ma-owi-cm-20240516t144257-20240516t144414-00003-xxxxx_aeqd.nc,rcm2-sc50ma-owi-cm-20240516t144257-20240516t144414-00003-xxxxx.nc,/home/datawork-cersat-public/cache/public/ftp/project/sarwing/processings/grdwind+windir_2025v6v12_2v0_0v3v9_0v0v6_0v0v6_1v4v3_1v0v15_1v0v10_1v2v5_1v2v2_1v1v1_1v2v1/cmod5n_ecmwf_norecal_rs2rcmgmfv4_28052025/rcm-2/L2M/sc50ma/rcm-2_sc50ma/2024/137/RCM2_OK3067295_PK3069636_1_SC50MA_20240516_144255_HH_HV_GRD/rcm2-sc50ma-owi-cm-20240516t144257-20240516t144414-00003-xxxxx.nc
wp112023,IRWIN,rcm1-sc50mc-owi-cm-20230907t085844-20230907t090000-00003-______ll_gd_GEO-IRWIN.nc,28.4851665496826,135.107788085938,"2023-09-07T08:58:44,000",/scale/user/mtannaou/alternance/donnees_sar_changes/rcm1-sc50mc-owi-cm-20230907t085844-20230907t090000-00003-xxxxx_aeqd.nc,rcm1-sc50mc-owi-cm-20230907t085844-20230907t090000-00003-xxxxx.nc,/home/datawork-cersat-public/cache/public/ftp/project/sarwing/processings/grdwind+windir_2025v6v12_2v0_0v3v9_0v0v6_0v0v6_1v4v3_1v0v15_1v0v10_1v2v5_1v2v2_1v1v1_1v2v1/cmod5n_ecmwf_norecal_rs2rcmgmfv4_28052025/rcm-1/L2M/sc50mc/rcm-1_sc50mc/2023/250/RCM1_OK2726039_PK2728487_1_SC50MC_20230907_085846_HH_HV_GRD/rcm1-sc50mc-owi-cm-20230907t085844-20230907t090000-00003-xxxxx.nc
wp262019,IRWIN,rs2-scwa-owi-cm-20191114t201229-20191114t201344-00003-______ll_gd_GEO-IRWIN.nc,18.2274684906006,144.94465637207,"2019-11-14T20:12:29,000",/scale/user/mtannaou/alternance/donnees_sar_changes/rs2-scwa-owi-cm-20191114t201229-20191114t201344-00003-xxxxx_aeqd.nc,rs2-scwa-owi-cm-20191114t201229-20191114t201344-00003-xxxxx.nc,/home/datawork-cersat-public/cache/public/ftp/project/sarwing/processings/grdwind+windir_2025v6v12_2v0_0v3v9_0v0v6_0v0v6_1v4v3_1v0v15_1v0v10_1v2v5_1v2v2_1v1v1_1v2v1/cmod5n_ecmwf_norecal_rs2rcmgmfv4_28052025/RS2/L2M/SCWA/RS2_SCWA/2019/318/RS2_OK123987_PK1089456_DK1035352_SCWA_20191114_201229_201229_VV_VH_SGF/rs2-scwa-owi-cm-20191114t201229-20191114t201344-00003-xxxxx.nc
wp242024,IRWIN,rcm1-sc50mb-owi-cm-20241105t213025-20241105t213142-00003-______ll_gd_GEO-IRWIN.nc,17.8781356811523,124.979476928711,"2024-11-05T21:30:25,000",/scale/user/mtannaou/alternance/donnees_sar_changes/rcm1-sc50mb-owi-cm-20241105t213025-20241105t213142-00003-xxxxx_aeqd.nc,rcm1-sc50mb-owi-cm-20241105t213025-20241105t213142-00003-xxxxx.nc,/home/datawork-cersat-public/cache/public/ftp/project/sarwing/processings/grdwind+windir_2025v6v12_2v0_0v3v9_0v0v6_0v0v6_1v4v3_1v0v15_1v0v10_1v2v5_1v2v2_1v1v1_1v2v1/cmod5n_ecmwf_norecal_rs2rcmgmfv4_28052025/rcm-1/L2M/sc50mb/rcm-1_sc50mb/2024/310/RCM1_OK3346485_PK3348925_1_SC50MB_20241105_213013_HH_HV_GRD/rcm1-sc50mb-owi-cm-20241105t213025-20241105t213142-00003-xxxxx.nc
wp242024,IRWIN,rcm1-sc50ma-owi-cm-20241106t094407-20241106t094524-00003-______ll_gd_GEO-IRWIN.nc,18.1009311676025,124.294395446777,"2024-11-06T09:44:07,000",/scale/user/mtannaou/alternance/donnees_sar_changes/rcm1-sc50ma-owi-cm-20241106t094407-20241106t094524-00003-xxxxx_aeqd.nc,rcm1-sc50ma-owi-cm-20241106t094407-20241106t094524-00003-xxxxx.nc,/home/datawork-cersat-public/cache/public/ftp/project/sarwing/processings/grdwind+windir_2025v6v12_2v0_0v3v9_0v0v6_0v0v6_1v4v3_1v0v15_1v0v10_1v2v5_1v2v2_1v1v1_1v2v1/cmod5n_ecmwf_norecal_rs2rcmgmfv4_28052025/rcm-1/L2M/sc50ma/rcm-1_sc50ma/2024/311/RCM1_OK3347907_PK3349478_1_SC50MA_20241106_094146_HH_HV_GRD/rcm1-sc50ma-owi-cm-20241106t094407-20241106t094524-00003-xxxxx.nc
wp242024,IRWIN,rcm3-sc50mc-owi-cm-20241110t104857-20241110t104949-00003-______ll_gd_GEO-IRWIN.nc,18.893180847168,112.960540771484,"2024-11-10T10:48:57,000",/scale/user/mtannaou/alternance/donnees_sar_changes/rcm3-sc50mc-owi-cm-20241110t104857-20241110t104949-00003-xxxxx_aeqd.nc,rcm3-sc50mc-owi-cm-20241110t104857-20241110t104949-00003-xxxxx.nc,/home/datawork-cersat-public/cache/public/ftp/project/sarwing/processings/grdwind+windir_2025v6v12_2v0_0v3v9_0v0v6_0v0v6_1v4v3_1v0v15_1v0v10_1v2v5_1v2v2_1v1v1_1v2v1/cmod5n_ecmwf_norecal_rs2rcmgmfv4_28052025/rcm-3/L2M/sc50mc/rcm-3_sc50mc/2024/315/RCM3_OK3352419_PK3354503_1_SC50MC_20241110_104900_HH_HV_GRD/rcm3-sc50mc-owi-cm-20241110t104857-20241110t104949-00003-xxxxx.nc
wp242024,IRWIN,rcm1-sc50ma-owi-cm-20241105t093538-20241105t093655-00003-______ll_gd_GEO-IRWIN.nc,16.9415874481201,126.265998840332,"2024-11-05T09:35:38,000",/scale/user/mtannaou/alternance/donnees_sar_changes/rcm1-sc50ma-owi-cm-20241105t093538-20241105t093655-00003-xxxxx_aeqd.nc,rcm1-sc50ma-owi-cm-20241105t093538-20241105t093655-00003-xxxxx.nc,/home/datawork-cersat-public/cache/public/ftp/project/sarwing/processings/grdwind+windir_2025v6v12_2v0_0v3v9_0v0v6_0v0v6_1v4v3_1v0v15_1v0v10_1v2v5_1v2v2_1v1v1_1v2v1/cmod5n_ecmwf_norecal_rs2rcmgmfv4_28052025/rcm-1/L2M/sc50ma/rcm-1_sc50ma/2024/310/RCM1_OK3346483_PK3348107_1_SC50MA_20241105_093355_HH_HV_GRD/rcm1-sc50ma-owi-cm-20241105t093538-20241105t093655-00003-xxxxx.nc
wp242024,IRWIN,rcm1-sc50mc-owi-cm-20241104t092631-20241104t092859-00003-______ll_gd_GEO-IRWIN.nc,13.3895778656006,131.111114501953,"2024-11-04T09:26:31,000",/scale/user/mtannaou/alternance/donnees_sar_changes/rcm1-sc50mc-owi-cm-20241104t092631-20241104t092859-00003-xxxxx_aeqd.nc,rcm1-sc50mc-owi-cm-20241104t092631-20241104t092859-00003-xxxxx.nc,/home/datawork-cersat-public/cache/public/ftp/project/sarwing/processings/grdwind+windir_2025v6v12_2v0_0v3v9_0v0v6_0v0v6_1v4v3_1v0v15_1v0v10_1v2v5_1v2v2_1v1v1_1v2v1/cmod5n_ecmwf_norecal_rs2rcmgmfv4_28052025/rcm-1/L2M/sc50mc/rcm-1_sc50mc/2024/309/RCM1_OK3345244_PK3346813_1_SC50MC_20241104_092643_HH_HV_GRD/rcm1-sc50mc-owi-cm-20241104t092631-20241104t092859-00003-xxxxx.nc
wp242024,IRWIN,rcm1-sc50ma-owi-cm-20241104t212246-20241104t212403-00003-______ll_gd_GEO-IRWIN.nc,15.520299911499,128.464904785156,"2024-11-04T21:22:46,000",/scale/user/mtannaou/alternance/donnees_sar_changes/rcm1-sc50ma-owi-cm-20241104t212246-20241104t212403-00003-xxxxx_aeqd.nc,rcm1-sc50ma-owi-cm-20241104t212246-20241104t212403-00003-xxxxx.nc,/home/datawork-cersat-public/cache/public/ftp/project/sarwing/processings/grdwind+windir_2025v6v12_2v0_0v3v9_0v0v6_0v0v6_1v4v3_1v0v15_1v0v10_1v2v5_1v2v2_1v1v1_1v2v1/cmod5n_ecmwf_norecal_rs2rcmgmfv4_28052025/rcm-1/L2M/sc50ma/rcm-1_sc50ma/2024/309/RCM1_OK3345258_PK3347556_1_SC50MA_20241104_212007_HH_HV_GRD/rcm1-sc50ma-owi-cm-20241104t212246-20241104t212403-00003-xxxxx.nc
wp242024,IRWIN,rcm1-sc50ma-owi-cm-20241107t095211-20241107t095323-00003-______ll_gd_GEO-IRWIN.nc,18.5373840332031,122.067161560059,"2024-11-07T09:52:11,000",/scale/user/mtannaou/alternance/donnees_sar_changes/rcm1-sc50ma-owi-cm-20241107t095211-20241107t095323-00003-xxxxx_aeqd.nc,rcm1-sc50ma-owi-cm-20241107t095211-20241107t095323-00003-xxxxx.nc,/home/datawork-cersat-public/cache/public/ftp/project/sarwing/processings/grdwind+windir_2025v6v12_2v0_0v3v9_0v0v6_0v0v6_1v4v3_1v0v15_1v0v10_1v2v5_1v2v2_1v1v1_1v2v1/cmod5n_ecmwf_norecal_rs2rcmgmfv4_28052025/rcm-1/L2M/sc50ma/rcm-1_sc50ma/2024/312/RCM1_OK3348653_PK3350967_1_SC50MA_20241107_094901_HH_HV_GRD/rcm1-sc50ma-owi-cm-20241107t095211-20241107t095323-00003-xxxxx.nc
wp242024,IRWIN,s1a-ew-owi-cm-20241104t212136-20241104t212239-000003-06E988_ll_gd_GEO-IRWIN.nc,15.520299911499,128.464904785156,"2024-11-04T21:21:36,000",/scale/user/mtannaou/alternance/donnees_sar_changes/s1a-ew-owi-cm-20241104t212136-20241104t212239-000003-06E988_aeqd.nc,rcm1-sc50ma-owi-cm-20241104t212246-20241104t212403-00003-xxxxx.nc,/home/datawork-cersat-public/cache/public/ftp/project/sarwing/processings/grdwind+windir_2025v6v12_2v0_0v3v9_0v0v6_0v0v6_1v4v3_1v0v15_1v0v10_1v2v5_1v2v2_1v1v1_1v2v1/cmod5n_ecmwf_norecal_rs2rcmgmfv4_28052025/rcm-1/L2M/sc50ma/rcm-1_sc50ma/2024/309/RCM1_OK3345258_PK3347556_1_SC50MA_20241104_212007_HH_HV_GRD/rcm1-sc50ma-owi-cm-20241104t212246-20241104t212403-00003-xxxxx.nc
wp242024,IRWIN,rcm1-sc50mc-owi-cm-20241106t213828-20241106t213936-00003-______ll_gd_GEO-IRWIN.nc,18.4072322845459,123.481483459473,"2024-11-06T21:38:28,000",/scale/user/mtannaou/alternance/donnees_sar_changes/rcm1-sc50mc-owi-cm-20241106t213828-20241106t213936-00003-xxxxx_aeqd.nc,rcm1-sc50mc-owi-cm-20241106t213828-20241106t213936-00003-xxxxx.nc,/home/datawork-cersat-public/cache/public/ftp/project/sarwing/processings/grdwind+windir_2025v6v12_2v0_0v3v9_0v0v6_0v0v6_1v4v3_1v0v15_1v0v10_1v2v5_1v2v2_1v1v1_1v2v1/cmod5n_ecmwf_norecal_rs2rcmgmfv4_28052025/rcm-1/L2M/sc50mc/rcm-1_sc50mc/2024/311/RCM1_OK3347910_PK3350279_1_SC50MC_20241106_213743_HH_HV_GRD/rcm1-sc50mc-owi-cm-20241106t213828-20241106t213936-00003-xxxxx.nc
wp242024,IRWIN,s1a-ew-owi-cm-20241111t104019-20241111t104122-000003-06ED50_ll_gd_GEO-IRWIN.nc,16.0423679351807,110.614143371582,"2024-11-11T10:40:19,000",/scale/user/mtannaou/alternance/donnees_sar_changes/s1a-ew-owi-cm-20241111t104019-20241111t104122-000003-06ED50_aeqd.nc,s1a-ew-owi-cm-20241111t104019-20241111t104122-000003-06ED50.nc,/home/datawork-cersat-public/cache/public/ftp/project/sarwing/processings/grdwind+windir_2025v6v12_2v0_0v3v9_0v0v6_0v0v6_1v4v3_1v0v15_1v0v10_1v2v5_1v2v2_1v1v1_1v2v1/cmod5n_ecmwf_norecal_rs2rcmgmfv4_28052025/sentinel-1a/L2M/EW/S1A_EW_GRDM_1S/2024/316/S1A_EW_GRDM_1SDV_20241111T104019_20241111T104122_056506_06ED50_BCC9/s1a-ew-owi-cm-20241111t104019-20241111t104122-000003-06ED50.nc
wp242024,IRWIN,s1a-iw-owi-cm-20241107t214556-20241107t214715-000003-06EB42_ll_gd_GEO-IRWIN.nc,18.1394119262695,119.969825744629,"2024-11-07T21:45:56,000",,s1a-iw-owi-cm-20241107t214556-20241107t214740-000003-06EB42.nc,/home/datawork-cersat-public/cache/public/ftp/project/sarwing/processings/grdwind+windir_2025v6v12_2v0_0v3v9_0v0v6_0v0v6_1v4v3_1v0v15_1v0v10_1v2v5_1v2v2_1v1v1_1v2v1/cmod5n_ecmwf_norecal_rs2rcmgmfv4_28052025/sentinel-1a/L2M/IW/S1A_IW_GRDH_1S/2024/312/S1A_IW_GRDH_1SDV_20241107T214556_20241107T214740_056454_06EB42_14F1X6B8EX8BF1XE0C7/s1a-iw-owi-cm-20241107t214556-20241107t214740-000003-06EB42.nc
wp242024,IRWIN,s1a-ew-owi-cm-20241108t101553-20241108t101657-000003-06EB89_ll_gd_GEO-IRWIN.nc,18.4046249389648,117.615219116211,"2024-11-08T10:15:53,000",/scale/user/mtannaou/alternance/donnees_sar_changes/s1a-ew-owi-cm-20241108t101553-20241108t101657-000003-06EB89_aeqd.nc,s1a-ew-owi-cm-20241108t101553-20241108t101657-000003-06EB89.nc,/home/datawork-cersat-public/cache/public/ftp/project/sarwing/processings/grdwind+windir_2025v6v12_2v0_0v3v9_0v0v6_0v0v6_1v4v3_1v0v15_1v0v10_1v2v5_1v2v2_1v1v1_1v2v1/cmod5n_ecmwf_norecal_rs2rcmgmfv4_28052025/sentinel-1a/L2M/EW/S1A_EW_GRDM_1S/2024/313/S1A_EW_GRDM_1SDV_20241108T101553_20241108T101657_056462_06EB89_F483/s1a-ew-owi-cm-20241108t101553-20241108t101657-000003-06EB89.nc
wp242024,IRWIN,rcm3-sc50mc-owi-cm-20241111t105627-20241111t105713-00003-______ll_gd_GEO-IRWIN.nc,16.0120849609375,110.592750549316,"2024-11-11T10:56:27,000",/scale/user/mtannaou/alternance/donnees_sar_changes/rcm3-sc50mc-owi-cm-20241111t105627-20241111t105713-00003-xxxxx_aeqd.nc,rcm3-sc50mc-owi-cm-20241111t105627-20241111t105713-00003-xxxxx.nc,/home/datawork-cersat-public/cache/public/ftp/project/sarwing/processings/grdwind+windir_2025v6v12_2v0_0v3v9_0v0v6_0v0v6_1v4v3_1v0v15_1v0v10_1v2v5_1v2v2_1v1v1_1v2v1/cmod5n_ecmwf_norecal_rs2rcmgmfv4_28052025/rcm-3/L2M/sc50mc/rcm-3_sc50mc/2024/316/RCM3_OK3354720_PK3356218_1_SC50MC_20241111_105630_HH_HV_GRD/rcm3-sc50mc-owi-cm-20241111t105627-20241111t105713-00003-xxxxx.nc
wp242024,IRWIN,rcm1-sc50mc-owi-cm-20241107t214632-20241107t214739-00003-______ll_gd_GEO-IRWIN.nc,18.1394119262695,119.969825744629,"2024-11-07T21:46:32,000",/scale/user/mtannaou/alternance/donnees_sar_changes/rcm1-sc50mc-owi-cm-20241107t214632-20241107t214739-00003-xxxxx_aeqd.nc,s1a-iw-owi-cm-20241107t214556-20241107t214740-000003-06EB42.nc,/home/datawork-cersat-public/cache/public/ftp/project/sarwing/processings/grdwind+windir_2025v6v12_2v0_0v3v9_0v0v6_0v0v6_1v4v3_1v0v15_1v0v10_1v2v5_1v2v2_1v1v1_1v2v1/cmod5n_ecmwf_norecal_rs2rcmgmfv4_28052025/sentinel-1a/L2M/IW/S1A_IW_GRDH_1S/2024/312/S1A_IW_GRDH_1SDV_20241107T214556_20241107T214740_056454_06EB42_14F1X6B8EX8BF1XE0C7/s1a-iw-owi-cm-20241107t214556-20241107t214740-000003-06EB42.nc
wp042023,IRWIN,rcm3-sc50mb-owi-cm-20230716t102436-20230716t102553-00003-______ll_gd_GEO-IRWIN.nc,19.4118804931641,115.207870483398,"2023-07-16T10:24:36,000",/scale/user/mtannaou/alternance/donnees_sar_changes/rcm3-sc50mb-owi-cm-20230716t102436-20230716t102553-00003-xxxxx_aeqd.nc,rcm3-sc50mb-owi-cm-20230716t102436-20230716t102553-00003-xxxxx.nc,/home/datawork-cersat-public/cache/public/ftp/project/sarwing/processings/grdwind+windir_2025v6v12_2v0_0v3v9_0v0v6_0v0v6_1v4v3_1v0v15_1v0v10_1v2v5_1v2v2_1v1v1_1v2v1/cmod5n_ecmwf_norecal_rs2rcmgmfv4_28052025/rcm-3/L2M/sc50mb/rcm-3_sc50mb/2023/197/RCM3_OK2649272_PK2651156_1_SC50MB_20230716_102436_HH_HV_GRD/rcm3-sc50mb-owi-cm-20230716t102436-20230716t102553-00003-xxxxx.nc
wp042023,IRWIN,rcm3-sc50mc-owi-cm-20230716t221835-20230716t221951-00003-______ll_gd_GEO-IRWIN.nc,19.8290157318115,113.697937011719,"2023-07-16T22:18:35,000",/scale/user/mtannaou/alternance/donnees_sar_changes/rcm3-sc50mc-owi-cm-20230716t221835-20230716t221951-00003-xxxxx_aeqd.nc,rcm3-sc50mc-owi-cm-20230716t221835-20230716t221951-00003-xxxxx.nc,/home/datawork-cersat-public/cache/public/ftp/project/sarwing/processings/grdwind+windir_2025v6v12_2v0_0v3v9_0v0v6_0v0v6_1v4v3_1v0v15_1v0v10_1v2v5_1v2v2_1v1v1_1v2v1/cmod5n_ecmwf_norecal_rs2rcmgmfv4_28052025/rcm-3/L2M/sc50mc/rcm-3_sc50mc/2023/197/RCM3_OK2649289_PK2652042_1_SC50MC_20230716_221837_HH_HV_GRD/rcm3-sc50mc-owi-cm-20230716t221835-20230716t221951-00003-xxxxx.nc
wp042023,IRWIN,rcm3-sc50mc-owi-cm-20230717t222646-20230717t222735-00003-______ll_gd_GEO-IRWIN.nc,21.729377746582,109.390472412109,"2023-07-17T22:26:46,000",/scale/user/mtannaou/alternance/donnees_sar_changes/rcm3-sc50mc-owi-cm-20230717t222646-20230717t222735-00003-xxxxx_aeqd.nc,rcm3-sc50mc-owi-cm-20230717t222646-20230717t222735-00003-xxxxx.nc,/home/datawork-cersat-public/cache/public/ftp/project/sarwing/processings/grdwind+windir_2025v6v12_2v0_0v3v9_0v0v6_0v0v6_1v4v3_1v0v15_1v0v10_1v2v5_1v2v2_1v1v1_1v2v1/cmod5n_ecmwf_norecal_rs2rcmgmfv4_28052025/rcm-3/L2M/sc50mc/rcm-3_sc50mc/2023/198/RCM3_OK2651226_PK2653752_1_SC50MC_20230717_222648_HH_HV_GRD/rcm3-sc50mc-owi-cm-20230717t222646-20230717t222735-00003-xxxxx.nc
wp042023,IRWIN,rcm3-sc50ma-owi-cm-20230717t103305-20230717t103402-00003-______ll_gd_GEO-IRWIN.nc,21.0138835906982,111.523559570313,"2023-07-17T10:33:05,000",/scale/user/mtannaou/alternance/donnees_sar_changes/rcm3-sc50ma-owi-cm-20230717t103305-20230717t103402-00003-xxxxx_aeqd.nc,rcm3-sclna-owi-cm-20230717t103401-20230717t103420-00003-xxxxx.nc,/home/datawork-cersat-public/cache/public/ftp/project/sarwing/processings/grdwind+windir_2025v6v12_2v0_0v3v9_0v0v6_0v0v6_1v4v3_1v0v15_1v0v10_1v2v5_1v2v2_1v1v1_1v2v1/cmod5n_ecmwf_norecal_rs2rcmgmfv4_28052025/rcm-3/L2M/sclna/rcm-3_sclna/2023/198/RCM3_OK2651209_PK2652867_1_SCLNA_20230717_103404_VV_VH_GRD/rcm3-sclna-owi-cm-20230717t103401-20230717t103420-00003-xxxxx.nc
wp042023,IRWIN,rcm3-sclna-owi-cm-20230717t103401-20230717t103420-00003-______ll_gd_GEO-IRWIN.nc,21.0138835906982,111.523559570313,"2023-07-17T10:34:01,000",/scale/user/mtannaou/alternance/donnees_sar_changes/rcm3-sclna-owi-cm-20230717t103401-20230717t103420-00003-xxxxx_aeqd.nc,rcm3-sclna-owi-cm-20230717t103401-20230717t103420-00003-xxxxx.nc,/home/datawork-cersat-public/cache/public/ftp/project/sarwing/processings/grdwind+windir_2025v6v12_2v0_0v3v9_0v0v6_0v0v6_1v4v3_1v0v15_1v0v10_1v2v5_1v2v2_1v1v1_1v2v1/cmod5n_ecmwf_norecal_rs2rcmgmfv4_28052025/rcm-3/L2M/sclna/rcm-3_sclna/2023/198/RCM3_OK2651209_PK2652867_1_SCLNA_20230717_103404_VV_VH_GRD/rcm3-sclna-owi-cm-20230717t103401-20230717t103420-00003-xxxxx.nc
al122021,IRWIN,rcm3-sc50mb-owi-cm-20210910t213138-20210910t213232-00003-______ll_gd_GEO-IRWIN.nc,42.7055969238281,301.136657714844,"2021-09-10T21:31:38,000",,rcm3-sc50mb-owi-cm-20210910t213043-20210910t213135-00003-xxxxx.nc,/home/datawork-cersat-public/cache/public/ftp/project/sarwing/processings/grdwind+windir_2025v6v12_2v0_0v3v9_0v0v6_0v0v6_1v4v3_1v0v15_1v0v10_1v2v5_1v2v2_1v1v1_1v2v1/cmod5n_ecmwf_norecal_rs2rcmgmfv4_28052025/rcm-3/L2M/sc50mb/rcm-3_sc50mb/2021/253/RCM3_OK1537081_PK1776662_1_SC50MB_20210910_213046_HH_HV_GRD/rcm3-sc50mb-owi-cm-20210910t213043-20210910t213135-00003-xxxxx.nc
al122021,IRWIN,s1b-ew-owi-cm-20210904t085102-20210904t085352-000003-036818_ll_gd_GEO-IRWIN.nc,15.893217086792,315.799713134766,"2021-09-04T08:51:02,000",/scale/user/mtannaou/alternance/donnees_sar_changes/s1b-ew-owi-cm-20210904t085102-20210904t085352-000003-036818_aeqd.nc,s1b-ew-owi-cm-20210904t085102-20210904t085352-000003-036818.nc,/home/datawork-cersat-public/cache/public/ftp/project/sarwing/processings/grdwind+windir_2025v6v12_2v0_0v3v9_0v0v6_0v0v6_1v4v3_1v0v15_1v0v10_1v2v5_1v2v2_1v1v1_1v2v1/cmod5n_ecmwf_norecal_rs2rcmgmfv4_28052025/sentinel-1b/L2M/EW/S1B_EW_GRDM_1S/2021/247/S1B_EW_GRDM_1SDV_20210904T085102_20210904T085352_028546_036818_49CEXED49XED96/s1b-ew-owi-cm-20210904t085102-20210904t085352-000003-036818.nc
al122021,IRWIN,s1b-ew-owi-cm-20210907t214630-20210907t215005-000003-0369AB_ll_gd_GEO-IRWIN.nc,24.9205837249756,303.835174560547,"2021-09-07T21:46:30,000",/scale/user/mtannaou/alternance/donnees_sar_changes/s1b-ew-owi-cm-20210907t214630-20210907t215005-000003-0369AB_aeqd.nc,s1b-ew-owi-cm-20210907t214630-20210907t215005-000003-0369AB.nc,/home/datawork-cersat-public/cache/public/ftp/project/sarwing/processings/grdwind+windir_2025v6v12_2v0_0v3v9_0v0v6_0v0v6_1v4v3_1v0v15_1v0v10_1v2v5_1v2v2_1v1v1_1v2v1/cmod5n_ecmwf_norecal_rs2rcmgmfv4_28052025/sentinel-1b/L2M/EW/S1B_EW_GRDM_1S/2021/250/S1B_EW_GRDM_1SDV_20210907T214630_20210907T215005_028598_0369AB_8559X884DX941DXB39D/s1b-ew-owi-cm-20210907t214630-20210907t215005-000003-0369AB.nc
al122021,IRWIN,rs2-scwa-owi-cm-20210905t213342-20210905t213606-00003-______ll_gd_GEO-IRWIN.nc,20.1997585296631,309.458648681641,"2021-09-05T21:33:42,000",/scale/user/mtannaou/alternance/donnees_sar_changes/rs2-scwa-owi-cm-20210905t213342-20210905t213606-00003-xxxxx_aeqd.nc,rs2-scwa-owi-cm-20210905t213342-20210905t213606-00003-xxxxx.nc,/home/datawork-cersat-public/cache/public/ftp/project/sarwing/processings/grdwind+windir_2025v6v12_2v0_0v3v9_0v0v6_0v0v6_1v4v3_1v0v15_1v0v10_1v2v5_1v2v2_1v1v1_1v2v1/cmod5n_ecmwf_norecal_rs2rcmgmfv4_28052025/RS2/L2M/SCWA/RS2_SCWA/2021/248/RS2_OK130612_PK1144375X376_DK1101743X744_SCWA_20210905_213342_213450_VV_VH_SGF/rs2-scwa-owi-cm-20210905t213342-20210905t213606-00003-xxxxx.nc
al122021,IRWIN,rcm2-sc50mb-owi-cm-20210910t220158-20210910t220257-00003-______ll_gd_GEO-IRWIN.nc,42.9604034423828,301.360229492188,"2021-09-10T22:01:58,000",/scale/user/mtannaou/alternance/donnees_sar_changes/rcm2-sc50mb-owi-cm-20210910t220158-20210910t220257-00003-xxxxx_aeqd.nc,rcm2-sc50mb-owi-cm-20210910t220158-20210910t220257-00003-xxxxx.nc,/home/datawork-cersat-public/cache/public/ftp/project/sarwing/processings/grdwind+windir_2025v6v12_2v0_0v3v9_0v0v6_0v0v6_1v4v3_1v0v15_1v0v10_1v2v5_1v2v2_1v1v1_1v2v1/cmod5n_ecmwf_norecal_rs2rcmgmfv4_28052025/rcm-2/L2M/sc50mb/rcm-2_sc50mb/2021/253/RCM2_OK1537081_PK1776793_1_SC50MB_20210910_220144_HH_HV_GRD/rcm2-sc50mb-owi-cm-20210910t220158-20210910t220257-00003-xxxxx.nc
al122021,IRWIN,s1b-iw-owi-cm-20210908t095420-20210908t095611-000003-0369DE_ll_gd_GEO-IRWIN.nc,26.5036106109619,302.668731689453,"2021-09-08T09:54:20,000",,s1b-iw-owi-cm-20210908t095330-20210908t095611-000003-0369DE.nc,/home/datawork-cersat-public/cache/public/ftp/project/sarwing/processings/grdwind+windir_2025v6v12_2v0_0v3v9_0v0v6_0v0v6_1v4v3_1v0v15_1v0v10_1v2v5_1v2v2_1v1v1_1v2v1/cmod5n_ecmwf_norecal_rs2rcmgmfv4_28052025/sentinel-1b/L2M/IW/S1B_IW_GRDH_1S/2021/251/S1B_IW_GRDH_1SDV_20210908T095330_20210908T095611_028605_0369DE_33C8X6494X7740X7B13XE546XF557/s1b-iw-owi-cm-20210908t095330-20210908t095611-000003-0369DE.nc
al122021,IRWIN,rs2-scwa-owi-cm-20210907t092755-20210907t093019-00003-______ll_gd_GEO-IRWIN.nc,23.4765930175781,305.044189453125,"2021-09-07T09:27:55,000",/scale/user/mtannaou/alternance/donnees_sar_changes/rs2-scwa-owi-cm-20210907t092755-20210907t093019-00003-xxxxx_aeqd.nc,rs2-scwa-owi-cm-20210907t092755-20210907t093019-00003-xxxxx.nc,/home/datawork-cersat-public/cache/public/ftp/project/sarwing/processings/grdwind+windir_2025v6v12_2v0_0v3v9_0v0v6_0v0v6_1v4v3_1v0v15_1v0v10_1v2v5_1v2v2_1v1v1_1v2v1/cmod5n_ecmwf_norecal_rs2rcmgmfv4_28052025/RS2/L2M/SCWA/RS2_SCWA/2021/250/RS2_OK130612_PK1144368X369_DK1101745X746_SCWA_20210907_092755_092902_VV_VH_SGF/rs2-scwa-owi-cm-20210907t092755-20210907t093019-00003-xxxxx.nc
al122021,IRWIN,rcm1-sc50mb-owi-cm-20210910t100855-20210910t100904-00003-______ll_gd_GEO-IRWIN.nc,37.3481483459473,298.119354248047,"2021-09-10T10:08:55,000",/scale/user/mtannaou/alternance/donnees_sar_changes/rcm1-sc50mb-owi-cm-20210910t100855-20210910t100904-00003-xxxxx_aeqd.nc,rcm1-sc50mb-owi-cm-20210910t100855-20210910t100904-00003-xxxxx.nc,/home/datawork-cersat-public/cache/public/ftp/project/sarwing/processings/grdwind+windir_2025v6v12_2v0_0v3v9_0v0v6_0v0v6_1v4v3_1v0v15_1v0v10_1v2v5_1v2v2_1v1v1_1v2v1/cmod5n_ecmwf_norecal_rs2rcmgmfv4_28052025/rcm-1/L2M/sc50mb/rcm-1_sc50mb/2021/253/RCM1_OK1537081_PK1775525_2_SC50MB_20210910_100805_HH_HV_GRD/rcm1-sc50mb-owi-cm-20210910t100855-20210910t100904-00003-xxxxx.nc
al122021,IRWIN,s1a-ew-owi-cm-20210906t092329-20210906t092604-000003-04ACFC_ll_gd_GEO-IRWIN.nc,21.2957134246826,307.833709716797,"2021-09-06T09:23:29,000",/scale/user/mtannaou/alternance/donnees_sar_changes/s1a-ew-owi-cm-20210906t092329-20210906t092604-000003-04ACFC_aeqd.nc,s1a-ew-owi-cm-20210906t092329-20210906t092604-000003-04ACFC.nc,/home/datawork-cersat-public/cache/public/ftp/project/sarwing/processings/grdwind+windir_2025v6v12_2v0_0v3v9_0v0v6_0v0v6_1v4v3_1v0v15_1v0v10_1v2v5_1v2v2_1v1v1_1v2v1/cmod5n_ecmwf_norecal_rs2rcmgmfv4_28052025/sentinel-1a/L2M/EW/S1A_EW_GRDM_1S/2021/249/S1A_EW_GRDM_1SDV_20210906T092329_20210906T092604_039559_04ACFC_2F65X3CCBX4ECB/s1a-ew-owi-cm-20210906t092329-20210906t092604-000003-04ACFC.nc
al122021,IRWIN,s1a-ew-owi-cm-20210905t211331-20210905t211606-000003-04ACB8_ll_gd_GEO-IRWIN.nc,20.158390045166,309.509368896484,"2021-09-05T21:13:31,000",/scale/user/mtannaou/alternance/donnees_sar_changes/s1a-ew-owi-cm-20210905t211331-20210905t211606-000003-04ACB8_aeqd.nc,s1a-ew-owi-cm-20210905t211331-20210905t211606-000003-04ACB8.nc,/home/datawork-cersat-public/cache/public/ftp/project/sarwing/processings/grdwind+windir_2025v6v12_2v0_0v3v9_0v0v6_0v0v6_1v4v3_1v0v15_1v0v10_1v2v5_1v2v2_1v1v1_1v2v1/cmod5n_ecmwf_norecal_rs2rcmgmfv4_28052025/sentinel-1a/L2M/EW/S1A_EW_GRDM_1S/2021/248/S1A_EW_GRDM_1SDV_20210905T211331_20210905T211606_039552_04ACB8_5694X623EX69B3/s1a-ew-owi-cm-20210905t211331-20210905t211606-000003-04ACB8.nc
sh222020,IRWIN,s1a-ew-owi-cm-20200316t020118-20200316t020322-000003-03A788_ll_gd_GEO-IRWIN.nc,-15.4024257659912,53.3129844665527,"2020-03-16T02:01:18,000",,s1a-ew-owi-cm-20200316t020118-20200316t020423-000003-03A788.nc,/home/datawork-cersat-public/cache/public/ftp/project/sarwing/processings/grdwind+windir_2025v6v12_2v0_0v3v9_0v0v6_0v0v6_1v4v3_1v0v15_1v0v10_1v2v5_1v2v2_1v1v1_1v2v1/cmod5n_ecmwf_norecal_rs2rcmgmfv4_28052025/sentinel-1a/L2M/EW/S1A_EW_GRDM_1S/2020/076/S1A_EW_GRDM_1SDV_20200316T020118_20200316T020423_031694_03A788_2283X5E71X8E90/s1a-ew-owi-cm-20200316t020118-20200316t020423-000003-03A788.nc
ep072019,IRWIN,rs2-scwa-owi-cm-20190801t143241-20190801t143612-00003-______ll_gd_GEO-IRWIN.nc,15.0546951293945,228.851608276367,"2019-08-01T14:32:41,000",/scale/user/mtannaou/alternance/donnees_sar_changes/rs2-scwa-owi-cm-20190801t143241-20190801t143612-00003-xxxxx_aeqd.nc,rs2-scwa-owi-cm-20190801t143241-20190801t143612-00003-xxxxx.nc,/home/datawork-cersat-public/cache/public/ftp/project/sarwing/processings/grdwind+windir_2025v6v12_2v0_0v3v9_0v0v6_0v0v6_1v4v3_1v0v15_1v0v10_1v2v5_1v2v2_1v1v1_1v2v1/cmod5n_ecmwf_norecal_rs2rcmgmfv4_28052025/RS2/L2M/SCWA/RS2_SCWA/2019/213/RS2_OK888888_PK888888X888X888_DK888888X888X888_SCWA_20190801_143241_143456_VV_VH_SGF/rs2-scwa-owi-cm-20190801t143241-20190801t143612-00003-xxxxx.nc
ep072019,IRWIN,s1b-ew-owi-cm-20190803t032245-20190803t032443-000003-020C12_ll_gd_GEO-IRWIN.nc,17.7968292236328,219.361221313477,"2019-08-03T03:22:45,000",/scale/user/mtannaou/alternance/donnees_sar_changes/s1b-ew-owi-cm-20190803t032245-20190803t032443-000003-020C12_aeqd.nc,s1b-ew-owi-cm-20190803t032245-20190803t032443-000003-020C12.nc,/home/datawork-cersat-public/cache/public/ftp/project/sarwing/processings/grdwind+windir_2025v6v12_2v0_0v3v9_0v0v6_0v0v6_1v4v3_1v0v15_1v0v10_1v2v5_1v2v2_1v1v1_1v2v1/cmod5n_ecmwf_norecal_rs2rcmgmfv4_28052025/sentinel-1b/L2M/EW/S1B_EW_GRDM_1S/2019/215/S1B_EW_GRDM_1SDV_20190803T032245_20190803T032443_017416_020C12_0940X1779/s1b-ew-owi-cm-20190803t032245-20190803t032443-000003-020C12.nc
io012019,IRWIN,s1a-iw-owi-cm-20190502t002158-20190502t002338-000003-030BAA_ll_gd_GEO-IRWIN.nc,15.5873460769653,84.5115127563477,"2019-05-02T00:21:58,000",,s1a-iw-owi-cm-20190502t002158-20190502t002359-000003-030BAA.nc,/home/datawork-cersat-public/cache/public/ftp/project/sarwing/processings/grdwind+windir_2025v6v12_2v0_0v3v9_0v0v6_0v0v6_1v4v3_1v0v15_1v0v10_1v2v5_1v2v2_1v1v1_1v2v1/cmod5n_ecmwf_norecal_rs2rcmgmfv4_28052025/sentinel-1a/L2M/IW/S1A_IW_GRDH_1S/2019/122/S1A_IW_GRDH_1SDV_20190502T002158_20190502T002359_027041_030BAA_09EFX569CX7406X9508XF9BB/s1a-iw-owi-cm-20190502t002158-20190502t002359-000003-030BAA.nc
io012019,IRWIN,s1b-ew-owi-cm-20190503t001255-20190503t001459-000003-01E3AE_ll_gd_GEO-IRWIN.nc,18.8185997009277,85.3386077880859,"2019-05-03T00:12:55,000",/scale/user/mtannaou/alternance/donnees_sar_changes/s1b-ew-owi-cm-20190503t001255-20190503t001459-000003-01E3AE_aeqd.nc,s1b-ew-owi-cm-20190503t001255-20190503t001459-000003-01E3AE.nc,/home/datawork-cersat-public/cache/public/ftp/project/sarwing/processings/grdwind+windir_2025v6v12_2v0_0v3v9_0v0v6_0v0v6_1v4v3_1v0v15_1v0v10_1v2v5_1v2v2_1v1v1_1v2v1/cmod5n_ecmwf_norecal_rs2rcmgmfv4_28052025/sentinel-1b/L2M/EW/S1B_EW_GRDM_1S/2019/123/S1B_EW_GRDM_1SDV_20190503T001255_20190503T001459_016072_01E3AE_2832X80A0/s1b-ew-owi-cm-20190503t001255-20190503t001459-000003-01E3AE.nc
io012019,IRWIN,s1a-iw-owi-cm-20190504t000332-20190504t000512-000003-030CB5_ll_gd_GEO-IRWIN.nc,22.9949016571045,88.4666900634766,"2019-05-04T00:03:32,000",/scale/user/mtannaou/alternance/donnees_sar_changes/s1a-iw-owi-cm-20190504t000332-20190504t000512-000003-030CB5_aeqd.nc,s1a-iw-owi-cm-20190504t000332-20190504t000512-000003-030CB5.nc,/home/datawork-cersat-public/cache/public/ftp/project/sarwing/processings/grdwind+windir_2025v6v12_2v0_0v3v9_0v0v6_0v0v6_1v4v3_1v0v15_1v0v10_1v2v5_1v2v2_1v1v1_1v2v1/cmod5n_ecmwf_norecal_rs2rcmgmfv4_28052025/sentinel-1a/L2M/IW/S1A_IW_GRDH_1S/2019/124/S1A_IW_GRDH_1SDV_20190504T000332_20190504T000512_027070_030CB5_31EFX3559X863CXEF09/s1a-iw-owi-cm-20190504t000332-20190504t000512-000003-030CB5.nc
ep182020,IRWIN,rs2-scwa-owi-cm-20201001t133839-20201001t133955-00003-______ll_gd_GEO-IRWIN.nc,14.792537689209,241.055755615234,"2020-10-01T13:38:39,000",/scale/user/mtannaou/alternance/donnees_sar_changes/rs2-scwa-owi-cm-20201001t133839-20201001t133955-00003-xxxxx_aeqd.nc,rs2-scwa-owi-cm-20201001t133839-20201001t133955-00003-xxxxx.nc,/home/datawork-cersat-public/cache/public/ftp/project/sarwing/processings/grdwind+windir_2025v6v12_2v0_0v3v9_0v0v6_0v0v6_1v4v3_1v0v15_1v0v10_1v2v5_1v2v2_1v1v1_1v2v1/cmod5n_ecmwf_norecal_rs2rcmgmfv4_28052025/RS2/L2M/SCWA/RS2_SCWA/2020/275/RS2_OK124158_PK1090187_DK1036555_SCWA_20201001_133839_133840_VV_VH_SCF/rs2-scwa-owi-cm-20201001t133839-20201001t133955-00003-xxxxx.nc
ep182020,IRWIN,s1a-ew-owi-cm-20201003t022600-20201003t022817-000003-04082E_ll_gd_GEO-IRWIN.nc,17.2427310943604,234.525238037109,"2020-10-03T02:26:00,000",/scale/user/mtannaou/alternance/donnees_sar_changes/s1a-ew-owi-cm-20201003t022600-20201003t022817-000003-04082E_aeqd.nc,s1a-ew-owi-cm-20201003t022600-20201003t022817-000003-04082E.nc,/home/datawork-cersat-public/cache/public/ftp/project/sarwing/processings/grdwind+windir_2025v6v12_2v0_0v3v9_0v0v6_0v0v6_1v4v3_1v0v15_1v0v10_1v2v5_1v2v2_1v1v1_1v2v1/cmod5n_ecmwf_norecal_rs2rcmgmfv4_28052025/sentinel-1a/L2M/EW/S1A_EW_GRDM_1S/2020/277/S1A_EW_GRDM_1SDV_20201003T022600_20201003T022817_034626_04082E_6F84X9218/s1a-ew-owi-cm-20201003t022600-20201003t022817-000003-04082E.nc
ep182020,IRWIN,rs2-scwa-owi-cm-20201003t141913-20201003t142136-00003-______ll_gd_GEO-IRWIN.nc,18.1374073028565,233.261611938477,"2020-10-03T14:19:13,000",/scale/user/mtannaou/alternance/donnees_sar_changes/rs2-scwa-owi-cm-20201003t141913-20201003t142136-00003-xxxxx_aeqd.nc,rs2-scwa-owi-cm-20201003t141913-20201003t142136-00003-xxxxx.nc,/home/datawork-cersat-public/cache/public/ftp/project/sarwing/processings/grdwind+windir_2025v6v12_2v0_0v3v9_0v0v6_0v0v6_1v4v3_1v0v15_1v0v10_1v2v5_1v2v2_1v1v1_1v2v1/cmod5n_ecmwf_norecal_rs2rcmgmfv4_28052025/RS2/L2M/SCWA/RS2_SCWA/2020/277/RS2_OK124158_PK1090189X190_DK1036557X558_SCWA_20201003_141913_142020_VV_VH_SCF/rs2-scwa-owi-cm-20201003t141913-20201003t142136-00003-xxxxx.nc
ep182020,IRWIN,rs2-scwa-owi-cm-20201002t022254-20201002t022409-00003-______ll_gd_GEO-IRWIN.nc,15.4343490600586,238.423095703125,"2020-10-02T02:22:54,000",/scale/user/mtannaou/alternance/donnees_sar_changes/rs2-scwa-owi-cm-20201002t022254-20201002t022409-00003-xxxxx_aeqd.nc,rs2-scwa-owi-cm-20201002t022254-20201002t022409-00003-xxxxx.nc,/home/datawork-cersat-public/cache/public/ftp/project/sarwing/processings/grdwind+windir_2025v6v12_2v0_0v3v9_0v0v6_0v0v6_1v4v3_1v0v15_1v0v10_1v2v5_1v2v2_1v1v1_1v2v1/cmod5n_ecmwf_norecal_rs2rcmgmfv4_28052025/RS2/L2M/SCWA/RS2_SCWA/2020/276/RS2_OK124158_PK1090188_DK1036556_SCWA_20201002_022254_022254_VV_VH_SCF/rs2-scwa-owi-cm-20201002t022254-20201002t022409-00003-xxxxx.nc
ep182020,IRWIN,s1a-ew-owi-cm-20201002t135645-20201002t135907-000003-0407EE_ll_gd_GEO-IRWIN.nc,16.2949943542481,236.213882446289,"2020-10-02T13:56:45,000",/scale/user/mtannaou/alternance/donnees_sar_changes/s1a-ew-owi-cm-20201002t135645-20201002t135907-000003-0407EE_aeqd.nc,s1a-ew-owi-cm-20201002t135645-20201002t135907-000003-0407EE.nc,/home/datawork-cersat-public/cache/public/ftp/project/sarwing/processings/grdwind+windir_2025v6v12_2v0_0v3v9_0v0v6_0v0v6_1v4v3_1v0v15_1v0v10_1v2v5_1v2v2_1v1v1_1v2v1/cmod5n_ecmwf_norecal_rs2rcmgmfv4_28052025/sentinel-1a/L2M/EW/S1A_EW_GRDM_1S/2020/276/S1A_EW_GRDM_1SDV_20201002T135645_20201002T135907_034618_0407EE_0826X78BBXE321/s1a-ew-owi-cm-20201002t135645-20201002t135907-000003-0407EE.nc
ep182020,IRWIN,s1b-ew-owi-cm-20201004t142803-20201004t143007-000003-02CF68_ll_gd_GEO-IRWIN.nc,19.8262920379639,231.438507080078,"2020-10-04T14:28:03,000",/scale/user/mtannaou/alternance/donnees_sar_changes/s1b-ew-owi-cm-20201004t142803-20201004t143007-000003-02CF68_aeqd.nc,s1b-ew-owi-cm-20201004t142803-20201004t143007-000003-02CF68.nc,/home/datawork-cersat-public/cache/public/ftp/project/sarwing/processings/grdwind+windir_2025v6v12_2v0_0v3v9_0v0v6_0v0v6_1v4v3_1v0v15_1v0v10_1v2v5_1v2v2_1v1v1_1v2v1/cmod5n_ecmwf_norecal_rs2rcmgmfv4_28052025/sentinel-1b/L2M/EW/S1B_EW_GRDM_1S/2020/278/S1B_EW_GRDM_1SDV_20201004T142803_20201004T143007_023664_02CF68_18EEXA409/s1b-ew-owi-cm-20201004t142803-20201004t143007-000003-02CF68.nc
sh062019,IRWIN,s1a-ew-owi-cm-20181222t132215-20181222t132419-000003-02C6B3_ll_gd_GEO-IRWIN.nc,-17.1691112518311,77.8518447875977,"2018-12-22T13:22:15,000",/scale/user/mtannaou/alternance/donnees_sar_changes/s1a-ew-owi-cm-20181222t132215-20181222t132419-000003-02C6B3_aeqd.nc,s1a-ew-owi-cm-20181222t132215-20181222t132419-000003-02C6B3.nc,/home/datawork-cersat-public/cache/public/ftp/project/sarwing/processings/grdwind+windir_2025v6v12_2v0_0v3v9_0v0v6_0v0v6_1v4v3_1v0v15_1v0v10_1v2v5_1v2v2_1v1v1_1v2v1/cmod5n_ecmwf_norecal_rs2rcmgmfv4_28052025/sentinel-1a/L2M/EW/S1A_EW_GRDM_1S/2018/356/S1A_EW_GRDM_1SDV_20181222T132215_20181222T132419_025138_02C6B3_0B8AXA906/s1a-ew-owi-cm-20181222t132215-20181222t132419-000003-02C6B3.nc
sh062019,IRWIN,s1b-ew-owi-cm-20181222t002236-20181222t002440-000003-01A498_ll_gd_GEO-IRWIN.nc,-16.53955078125,78.7842102050781,"2018-12-22T00:22:36,000",/scale/user/mtannaou/alternance/donnees_sar_changes/s1b-ew-owi-cm-20181222t002236-20181222t002440-000003-01A498_aeqd.nc,s1b-ew-owi-cm-20181222t002236-20181222t002440-000003-01A498.nc,/home/datawork-cersat-public/cache/public/ftp/project/sarwing/processings/grdwind+windir_2025v6v12_2v0_0v3v9_0v0v6_0v0v6_1v4v3_1v0v15_1v0v10_1v2v5_1v2v2_1v1v1_1v2v1/cmod5n_ecmwf_norecal_rs2rcmgmfv4_28052025/sentinel-1b/L2M/EW/S1B_EW_GRDM_1S/2018/356/S1B_EW_GRDM_1SDV_20181222T002236_20181222T002440_014147_01A498_906EXD485/s1b-ew-owi-cm-20181222t002236-20181222t002440-000003-01A498.nc
sh182024,IRWIN,rcm3-sclnb-owi-cm-20240321t112705-20240321t112823-00003-______ll_gd_GEO-IRWIN.nc,-17.7642936706543,105.250122070313,"2024-03-21T11:27:05,000",/scale/user/mtannaou/alternance/donnees_sar_changes/rcm3-sclnb-owi-cm-20240321t112705-20240321t112823-00003-xxxxx_aeqd.nc,rcm3-sclnb-owi-cm-20240321t112705-20240321t112823-00003-xxxxx.nc,/home/datawork-cersat-public/cache/public/ftp/project/sarwing/processings/grdwind+windir_2025v6v12_2v0_0v3v9_0v0v6_0v0v6_1v4v3_1v0v15_1v0v10_1v2v5_1v2v2_1v1v1_1v2v1/cmod5n_ecmwf_norecal_rs2rcmgmfv4_28052025/rcm-3/L2M/sclnb/rcm-3_sclnb/2024/081/RCM3_OK2992521_PK2993880_1_SCLNB_20240321_112706_VV_VH_GRD/rcm3-sclnb-owi-cm-20240321t112705-20240321t112823-00003-xxxxx.nc
sh182024,IRWIN,rcm2-sclnd-owi-cm-20240321t223636-20240321t223752-00003-______ll_gd_GEO-IRWIN.nc,-17.7935886383057,103.225189208984,"2024-03-21T22:36:36,000",/scale/user/mtannaou/alternance/donnees_sar_changes/rcm2-sclnd-owi-cm-20240321t223636-20240321t223752-00003-xxxxx_aeqd.nc,rcm2-sclnd-owi-cm-20240321t223636-20240321t223752-00003-xxxxx.nc,/home/datawork-cersat-public/cache/public/ftp/project/sarwing/processings/grdwind+windir_2025v6v12_2v0_0v3v9_0v0v6_0v0v6_1v4v3_1v0v15_1v0v10_1v2v5_1v2v2_1v1v1_1v2v1/cmod5n_ecmwf_norecal_rs2rcmgmfv4_28052025/rcm-2/L2M/sclnd/rcm-2_sclnd/2024/081/RCM2_OK2992524_PK2994671_1_SCLND_20240321_223636_VV_VH_GRD/rcm2-sclnd-owi-cm-20240321t223636-20240321t223752-00003-xxxxx.nc
ep022022,IRWIN,rs2-scwa-owi-cm-20220618t130803-20220618t130918-00003-______ll_gd_GEO-IRWIN.nc,17.9699230194092,249.25471496582,"2022-06-18T13:08:03,000",/scale/user/mtannaou/alternance/donnees_sar_changes/rs2-scwa-owi-cm-20220618t130803-20220618t130918-00003-xxxxx_aeqd.nc,rs2-scwa-owi-cm-20220618t130803-20220618t130918-00003-xxxxx.nc,/home/datawork-cersat-public/cache/public/ftp/project/sarwing/processings/grdwind+windir_2025v6v12_2v0_0v3v9_0v0v6_0v0v6_1v4v3_1v0v15_1v0v10_1v2v5_1v2v2_1v1v1_1v2v1/cmod5n_ecmwf_norecal_rs2rcmgmfv4_28052025/RS2/L2M/SCWA/RS2_SCWA/2022/169/RS2_OK141302_PK1242214_DK1208528_SCWA_20220618_130803_130803_VV_VH_SGF/rs2-scwa-owi-cm-20220618t130803-20220618t130918-00003-xxxxx.nc
wp182024,IRWIN,rcm1-sc50ma-owi-cm-20240925t085825-20240925t085941-00003-______ll_gd_GEO-IRWIN.nc,28.0168437957764,133.660522460938,"2024-09-25T08:58:25,000",/scale/user/mtannaou/alternance/donnees_sar_changes/rcm1-sc50ma-owi-cm-20240925t085825-20240925t085941-00003-xxxxx_aeqd.nc,rcm1-sc50ma-owi-cm-20240925t085825-20240925t085941-00003-xxxxx.nc,/home/datawork-cersat-public/cache/public/ftp/project/sarwing/processings/grdwind+windir_2025v6v12_2v0_0v3v9_0v0v6_0v0v6_1v4v3_1v0v15_1v0v10_1v2v5_1v2v2_1v1v1_1v2v1/cmod5n_ecmwf_norecal_rs2rcmgmfv4_28052025/rcm-1/L2M/sc50ma/rcm-1_sc50ma/2024/269/RCM1_OK3282411_PK3283695_1_SC50MA_20240925_085810_HH_HV_GRD/rcm1-sc50ma-owi-cm-20240925t085825-20240925t085941-00003-xxxxx.nc
sh252024,IRWIN,rcm2-sclnd-owi-cm-20240519t133138-20240519t133255-00003-______ll_gd_GEO-IRWIN.nc,-2.40604019165039,74.6680068969727,"2024-05-19T13:31:38,000",/scale/user/mtannaou/alternance/donnees_sar_changes/rcm2-sclnd-owi-cm-20240519t133138-20240519t133255-00003-xxxxx_aeqd.nc,rcm2-sclnd-owi-cm-20240519t133138-20240519t133255-00003-xxxxx.nc,/home/datawork-cersat-public/cache/public/ftp/project/sarwing/processings/grdwind+windir_2025v6v12_2v0_0v3v9_0v0v6_0v0v6_1v4v3_1v0v15_1v0v10_1v2v5_1v2v2_1v1v1_1v2v1/cmod5n_ecmwf_norecal_rs2rcmgmfv4_28052025/rcm-2/L2M/sclnd/rcm-2_sclnd/2024/140/RCM2_OK3072079_PK3073728_1_SCLND_20240519_133139_VV_VH_GRD/rcm2-sclnd-owi-cm-20240519t133138-20240519t133255-00003-xxxxx.nc
sh252024,IRWIN,rcm1-sclnd-owi-cm-20240520t003257-20240520t003414-00003-______ll_gd_GEO-IRWIN.nc,-2.26791906356812,75.758903503418,"2024-05-20T00:32:57,000",/scale/user/mtannaou/alternance/donnees_sar_changes/rcm1-sclnd-owi-cm-20240520t003257-20240520t003414-00003-xxxxx_aeqd.nc,rcm1-sclnd-owi-cm-20240520t003257-20240520t003414-00003-xxxxx.nc,/home/datawork-cersat-public/cache/public/ftp/project/sarwing/processings/grdwind+windir_2025v6v12_2v0_0v3v9_0v0v6_0v0v6_1v4v3_1v0v15_1v0v10_1v2v5_1v2v2_1v1v1_1v2v1/cmod5n_ecmwf_norecal_rs2rcmgmfv4_28052025/rcm-1/L2M/sclnd/rcm-1_sclnd/2024/141/RCM1_OK3072106_PK3074567_1_SCLND_20240520_003257_VV_VH_GRD/rcm1-sclnd-owi-cm-20240520t003257-20240520t003414-00003-xxxxx.nc
ep202023,IRWIN,rcm3-sclnd-owi-cm-20231126t022900-20231126t023017-00003-______ll_gd_GEO-IRWIN.nc,14.8647289276123,237.290328979492,"2023-11-26T02:29:00,000",/scale/user/mtannaou/alternance/donnees_sar_changes/rcm3-sclnd-owi-cm-20231126t022900-20231126t023017-00003-xxxxx_aeqd.nc,rcm3-sclnd-owi-cm-20231126t022900-20231126t023017-00003-xxxxx.nc,/home/datawork-cersat-public/cache/public/ftp/project/sarwing/processings/grdwind+windir_2025v6v12_2v0_0v3v9_0v0v6_0v0v6_1v4v3_1v0v15_1v0v10_1v2v5_1v2v2_1v1v1_1v2v1/cmod5n_ecmwf_norecal_rs2rcmgmfv4_28052025/rcm-3/L2M/sclnd/rcm-3_sclnd/2023/330/RCM3_OK2843406_PK2846034_1_SCLND_20231126_022900_VV_VH_GRD/rcm3-sclnd-owi-cm-20231126t022900-20231126t023017-00003-xxxxx.nc
sh162019,IRWIN,s1a-ew-owi-cm-20190301t171708-20190301t171812-000003-02EAF7_ll_gd_GEO-IRWIN.nc,-27.9258422851563,183.091217041016,"2019-03-01T17:17:08,000",/scale/user/mtannaou/alternance/donnees_sar_changes/s1a-ew-owi-cm-20190301t171708-20190301t171812-000003-02EAF7_aeqd.nc,s1a-ew-owi-cm-20190301t171708-20190301t171812-000003-02EAF7.nc,/home/datawork-cersat-public/cache/public/ftp/project/sarwing/processings/grdwind+windir_2025v6v12_2v0_0v3v9_0v0v6_0v0v6_1v4v3_1v0v15_1v0v10_1v2v5_1v2v2_1v1v1_1v2v1/cmod5n_ecmwf_norecal_rs2rcmgmfv4_28052025/sentinel-1a/L2M/EW/S1A_EW_GRDM_1S/2019/060/S1A_EW_GRDM_1SDV_20190301T171708_20190301T171812_026147_02EAF7_2925/s1a-ew-owi-cm-20190301t171708-20190301t171812-000003-02EAF7.nc
sh162019,IRWIN,s1a-ew-owi-cm-20190301t062053-20190301t062258-000003-02EAC0_ll_gd_GEO-IRWIN.nc,-26.9867897033691,182.08056640625,"2019-03-01T06:20:53,000",/scale/user/mtannaou/alternance/donnees_sar_changes/s1a-ew-owi-cm-20190301t062053-20190301t062258-000003-02EAC0_aeqd.nc,s1a-ew-owi-cm-20190301t062053-20190301t062258-000003-02EAC0.nc,/home/datawork-cersat-public/cache/public/ftp/project/sarwing/processings/grdwind+windir_2025v6v12_2v0_0v3v9_0v0v6_0v0v6_1v4v3_1v0v15_1v0v10_1v2v5_1v2v2_1v1v1_1v2v1/cmod5n_ecmwf_norecal_rs2rcmgmfv4_28052025/sentinel-1a/L2M/EW/S1A_EW_GRDM_1S/2019/060/S1A_EW_GRDM_1SDV_20190301T062053_20190301T062258_026140_02EAC0_5DEEXB86B/s1a-ew-owi-cm-20190301t062053-20190301t062258-000003-02EAC0.nc
wp252024,IRWIN,rcm1-sc50ma-owi-cm-20241114t210800-20241114t210915-00003-______ll_gd_GEO-IRWIN.nc,10.408787727356,133.271759033203,"2024-11-14T21:08:00,000",/scale/user/mtannaou/alternance/donnees_sar_changes/rcm1-sc50ma-owi-cm-20241114t210800-20241114t210915-00003-xxxxx_aeqd.nc,rcm1-sc50ma-owi-cm-20241114t210800-20241114t210915-00003-xxxxx.nc,/home/datawork-cersat-public/cache/public/ftp/project/sarwing/processings/grdwind+windir_2025v6v12_2v0_0v3v9_0v0v6_0v0v6_1v4v3_1v0v15_1v0v10_1v2v5_1v2v2_1v1v1_1v2v1/cmod5n_ecmwf_norecal_rs2rcmgmfv4_28052025/rcm-1/L2M/sc50ma/rcm-1_sc50ma/2024/319/RCM1_OK3358347_PK3362180_1_SC50MA_20241114_210801_HH_HV_GRD/rcm1-sc50ma-owi-cm-20241114t210800-20241114t210915-00003-xxxxx.nc
wp252024,IRWIN,rcm1-sclnc-owi-cm-20241114t091020-20241114t091103-00003-______ll_gd_GEO-IRWIN.nc,10.5494651794434,136.267135620117,"2024-11-14T09:10:20,000",/scale/user/mtannaou/alternance/donnees_sar_changes/rcm1-sclnc-owi-cm-20241114t091020-20241114t091103-00003-xxxxx_aeqd.nc,rcm1-sclnc-owi-cm-20241114t091020-20241114t091103-00003-xxxxx.nc,/home/datawork-cersat-public/cache/public/ftp/project/sarwing/processings/grdwind+windir_2025v6v12_2v0_0v3v9_0v0v6_0v0v6_1v4v3_1v0v15_1v0v10_1v2v5_1v2v2_1v1v1_1v2v1/cmod5n_ecmwf_norecal_rs2rcmgmfv4_28052025/rcm-1/L2M/sclnc/rcm-1_sclnc/2024/319/RCM1_OK3358346_PK3361358_1_SCLNC_20241114_091022_VV_VH_GRD/rcm1-sclnc-owi-cm-20241114t091020-20241114t091103-00003-xxxxx.nc
wp252024,IRWIN,s1a-ew-owi-cm-20241117t220214-20241117t220318-000003-06F11C_ll_gd_GEO-IRWIN.nc,17.8667278289795,118.98796081543,"2024-11-17T22:02:14,000",/scale/user/mtannaou/alternance/donnees_sar_changes/s1a-ew-owi-cm-20241117t220214-20241117t220318-000003-06F11C_aeqd.nc,rcm3-sc50ma-owi-cm-20241117t220307-20241117t220413-00003-xxxxx.nc,/home/datawork-cersat-public/cache/public/ftp/project/sarwing/processings/grdwind+windir_2025v6v12_2v0_0v3v9_0v0v6_0v0v6_1v4v3_1v0v15_1v0v10_1v2v5_1v2v2_1v1v1_1v2v1/cmod5n_ecmwf_norecal_rs2rcmgmfv4_28052025/rcm-3/L2M/sc50ma/rcm-3_sc50ma/2024/322/RCM3_OK3363552_PK3366513_1_SC50MA_20241117_220212_HH_HV_GRD/rcm3-sc50ma-owi-cm-20241117t220307-20241117t220413-00003-xxxxx.nc
wp252024,IRWIN,rcm3-sc50mc-owi-cm-20241116t095854-20241116t100010-00003-______ll_gd_GEO-IRWIN.nc,13.5449781417847,125.235496520996,"2024-11-16T09:58:54,000",/scale/user/mtannaou/alternance/donnees_sar_changes/rcm3-sc50mc-owi-cm-20241116t095854-20241116t100010-00003-xxxxx_aeqd.nc,rcm3-sc50mc-owi-cm-20241116t095854-20241116t100010-00003-xxxxx.nc,/home/datawork-cersat-public/cache/public/ftp/project/sarwing/processings/grdwind+windir_2025v6v12_2v0_0v3v9_0v0v6_0v0v6_1v4v3_1v0v15_1v0v10_1v2v5_1v2v2_1v1v1_1v2v1/cmod5n_ecmwf_norecal_rs2rcmgmfv4_28052025/rcm-3/L2M/sc50mc/rcm-3_sc50mc/2024/321/RCM3_OK3362022_PK3364212_1_SC50MC_20241116_095839_HH_HV_GRD/rcm3-sc50mc-owi-cm-20241116t095854-20241116t100010-00003-xxxxx.nc
wp252024,IRWIN,rcm3-sc50mc-owi-cm-20241118t221100-20241118t221155-00003-______ll_gd_GEO-IRWIN.nc,18.6339530944824,114.834625244141,"2024-11-18T22:11:00,000",/scale/user/mtannaou/alternance/donnees_sar_changes/rcm3-sc50mc-owi-cm-20241118t221100-20241118t221155-00003-xxxxx_aeqd.nc,rcm3-sc50mc-owi-cm-20241118t221100-20241118t221155-00003-xxxxx.nc,/home/datawork-cersat-public/cache/public/ftp/project/sarwing/processings/grdwind+windir_2025v6v12_2v0_0v3v9_0v0v6_0v0v6_1v4v3_1v0v15_1v0v10_1v2v5_1v2v2_1v1v1_1v2v1/cmod5n_ecmwf_norecal_rs2rcmgmfv4_28052025/rcm-3/L2M/sc50mc/rcm-3_sc50mc/2024/323/RCM3_OK3365832_PK3367764_1_SC50MC_20241118_221102_HH_HV_GRD/rcm3-sc50mc-owi-cm-20241118t221100-20241118t221155-00003-xxxxx.nc
wp252024,IRWIN,rcm3-sc50mb-owi-cm-20241117t100742-20241117t100841-00003-______ll_gd_GEO-IRWIN.nc,16.0791091918945,121.479637145996,"2024-11-17T10:07:42,000",/scale/user/mtannaou/alternance/donnees_sar_changes/rcm3-sc50mb-owi-cm-20241117t100742-20241117t100841-00003-xxxxx_aeqd.nc,rcm3-sc50mb-owi-cm-20241117t100742-20241117t100841-00003-xxxxx.nc,/home/datawork-cersat-public/cache/public/ftp/project/sarwing/processings/grdwind+windir_2025v6v12_2v0_0v3v9_0v0v6_0v0v6_1v4v3_1v0v15_1v0v10_1v2v5_1v2v2_1v1v1_1v2v1/cmod5n_ecmwf_norecal_rs2rcmgmfv4_28052025/rcm-3/L2M/sc50mb/rcm-3_sc50mb/2024/322/RCM3_OK3099812_PK3365639_1_SC50MB_20241117_100744_HH_HV_GRD/rcm3-sc50mb-owi-cm-20241117t100742-20241117t100841-00003-xxxxx.nc
wp252024,IRWIN,rcm1-sc50mb-owi-cm-20241115t211556-20241115t211713-00003-______ll_gd_GEO-IRWIN.nc,12.1001853942871,127.542060852051,"2024-11-15T21:15:56,000",/scale/user/mtannaou/alternance/donnees_sar_changes/rcm1-sc50mb-owi-cm-20241115t211556-20241115t211713-00003-xxxxx_aeqd.nc,rcm1-sc50mb-owi-cm-20241115t211556-20241115t211713-00003-xxxxx.nc,/home/datawork-cersat-public/cache/public/ftp/project/sarwing/processings/grdwind+windir_2025v6v12_2v0_0v3v9_0v0v6_0v0v6_1v4v3_1v0v15_1v0v10_1v2v5_1v2v2_1v1v1_1v2v1/cmod5n_ecmwf_norecal_rs2rcmgmfv4_28052025/rcm-1/L2M/sc50mb/rcm-1_sc50mb/2024/320/RCM1_OK3360554_PK3363627_1_SC50MB_20241115_211204_HH_HV_GRD/rcm1-sc50mb-owi-cm-20241115t211556-20241115t211713-00003-xxxxx.nc
wp252024,IRWIN,rcm3-sc50ma-owi-cm-20241117t220307-20241117t220413-00003-______ll_gd_GEO-IRWIN.nc,17.8667278289795,118.98796081543,"2024-11-17T22:03:07,000",/scale/user/mtannaou/alternance/donnees_sar_changes/rcm3-sc50ma-owi-cm-20241117t220307-20241117t220413-00003-xxxxx_aeqd.nc,rcm3-sc50ma-owi-cm-20241117t220307-20241117t220413-00003-xxxxx.nc,/home/datawork-cersat-public/cache/public/ftp/project/sarwing/processings/grdwind+windir_2025v6v12_2v0_0v3v9_0v0v6_0v0v6_1v4v3_1v0v15_1v0v10_1v2v5_1v2v2_1v1v1_1v2v1/cmod5n_ecmwf_norecal_rs2rcmgmfv4_28052025/rcm-3/L2M/sc50ma/rcm-3_sc50ma/2024/322/RCM3_OK3363552_PK3366513_1_SC50MA_20241117_220212_HH_HV_GRD/rcm3-sc50ma-owi-cm-20241117t220307-20241117t220413-00003-xxxxx.nc
wp252024,IRWIN,rcm2-sclnd-owi-cm-20241111t081455-20241111t081611-00003-______ll_gd_GEO-IRWIN.nc,14.2805328369141,152.286056518555,"2024-11-11T08:14:55,000",/scale/user/mtannaou/alternance/donnees_sar_changes/rcm2-sclnd-owi-cm-20241111t081455-20241111t081611-00003-xxxxx_aeqd.nc,rcm2-sclnd-owi-cm-20241111t081455-20241111t081611-00003-xxxxx.nc,/home/datawork-cersat-public/cache/public/ftp/project/sarwing/processings/grdwind+windir_2025v6v12_2v0_0v3v9_0v0v6_0v0v6_1v4v3_1v0v15_1v0v10_1v2v5_1v2v2_1v1v1_1v2v1/cmod5n_ecmwf_norecal_rs2rcmgmfv4_28052025/rcm-2/L2M/sclnd/rcm-2_sclnd/2024/316/RCM2_OK3354756_PK3356121_1_SCLND_20241111_081457_VV_VH_GRD/rcm2-sclnd-owi-cm-20241111t081455-20241111t081611-00003-xxxxx.nc
wp252024,IRWIN,rcm3-sclnd-owi-cm-20241110t193040-20241110t193155-00003-______ll_gd_GEO-IRWIN.nc,15.1323318481445,153.871200561523,"2024-11-10T19:30:40,000",/scale/user/mtannaou/alternance/donnees_sar_changes/rcm3-sclnd-owi-cm-20241110t193040-20241110t193155-00003-xxxxx_aeqd.nc,rcm3-sclnd-owi-cm-20241110t193040-20241110t193155-00003-xxxxx.nc,/home/datawork-cersat-public/cache/public/ftp/project/sarwing/processings/grdwind+windir_2025v6v12_2v0_0v3v9_0v0v6_0v0v6_1v4v3_1v0v15_1v0v10_1v2v5_1v2v2_1v1v1_1v2v1/cmod5n_ecmwf_norecal_rs2rcmgmfv4_28052025/rcm-3/L2M/sclnd/rcm-3_sclnd/2024/315/RCM3_OK3352423_PK3355400_1_SCLND_20241110_193042_VV_VH_GRD/rcm3-sclnd-owi-cm-20241110t193040-20241110t193155-00003-xxxxx.nc
wp252024,IRWIN,s1a-ew-owi-cm-20241113t084404-20241113t084507-000003-06EE6F_ll_gd_GEO-IRWIN.nc,12.2572412490845,142.455368041992,"2024-11-13T08:44:04,000",/scale/user/mtannaou/alternance/donnees_sar_changes/s1a-ew-owi-cm-20241113t084404-20241113t084507-000003-06EE6F_aeqd.nc,s1a-ew-owi-cm-20241113t084404-20241113t084507-000003-06EE6F.nc,/home/datawork-cersat-public/cache/public/ftp/project/sarwing/processings/grdwind+windir_2025v6v12_2v0_0v3v9_0v0v6_0v0v6_1v4v3_1v0v15_1v0v10_1v2v5_1v2v2_1v1v1_1v2v1/cmod5n_ecmwf_norecal_rs2rcmgmfv4_28052025/sentinel-1a/L2M/EW/S1A_EW_GRDM_1S/2024/318/S1A_EW_GRDM_1SDV_20241113T084404_20241113T084507_056534_06EE6F_BF56/s1a-ew-owi-cm-20241113t084404-20241113t084507-000003-06EE6F.nc
wp252024,IRWIN,rcm3-sc50ma-owi-cm-20241118t101635-20241118t101752-00003-______ll_gd_GEO-IRWIN.nc,18.4575500488281,116.446228027344,"2024-11-18T10:16:35,000",/scale/user/mtannaou/alternance/donnees_sar_changes/rcm3-sc50ma-owi-cm-20241118t101635-20241118t101752-00003-xxxxx_aeqd.nc,rcm3-sc50ma-owi-cm-20241118t101635-20241118t101752-00003-xxxxx.nc,/home/datawork-cersat-public/cache/public/ftp/project/sarwing/processings/grdwind+windir_2025v6v12_2v0_0v3v9_0v0v6_0v0v6_1v4v3_1v0v15_1v0v10_1v2v5_1v2v2_1v1v1_1v2v1/cmod5n_ecmwf_norecal_rs2rcmgmfv4_28052025/rcm-3/L2M/sc50ma/rcm-3_sc50ma/2024/323/RCM3_OK3365827_PK3367039_1_SC50MA_20241118_101442_HH_HV_GRD/rcm3-sc50ma-owi-cm-20241118t101635-20241118t101752-00003-xxxxx.nc
wp252024,IRWIN,rcm2-sclnd-owi-cm-20241112t082228-20241112t082344-00003-______ll_gd_GEO-IRWIN.nc,14.1028642654419,147.403945922852,"2024-11-12T08:22:28,000",/scale/user/mtannaou/alternance/donnees_sar_changes/rcm2-sclnd-owi-cm-20241112t082228-20241112t082344-00003-xxxxx_aeqd.nc,rcm2-sclnd-owi-cm-20241112t082228-20241112t082344-00003-xxxxx.nc,/home/datawork-cersat-public/cache/public/ftp/project/sarwing/processings/grdwind+windir_2025v6v12_2v0_0v3v9_0v0v6_0v0v6_1v4v3_1v0v15_1v0v10_1v2v5_1v2v2_1v1v1_1v2v1/cmod5n_ecmwf_norecal_rs2rcmgmfv4_28052025/rcm-2/L2M/sclnd/rcm-2_sclnd/2024/317/RCM2_OK3355339_PK3357655_1_SCLND_20241112_082230_VV_VH_GRD/rcm2-sclnd-owi-cm-20241112t082228-20241112t082344-00003-xxxxx.nc
sh192021,IRWIN,rs2-scwa-owi-cm-20210208t235939-20210209t000055-00003-______ll_gd_GEO-IRWIN.nc,-14.2427186965942,82.9093170166016,"2021-02-08T23:59:39,000",/scale/user/mtannaou/alternance/donnees_sar_changes/rs2-scwa-owi-cm-20210208t235939-20210209t000055-00003-xxxxx_aeqd.nc,rs2-scwa-owi-cm-20210208t235939-20210209t000055-00003-xxxxx.nc,/home/datawork-cersat-public/cache/public/ftp/project/sarwing/processings/grdwind+windir_2025v6v12_2v0_0v3v9_0v0v6_0v0v6_1v4v3_1v0v15_1v0v10_1v2v5_1v2v2_1v1v1_1v2v1/cmod5n_ecmwf_norecal_rs2rcmgmfv4_28052025/RS2/L2M/SCWA/RS2_SCWA/2021/039/RS2_OK129673_PK1136686_DK1093018_SCWA_20210208_235939_235939_VV_VH_SGF/rs2-scwa-owi-cm-20210208t235939-20210209t000055-00003-xxxxx.nc
sh192021,IRWIN,rs2-scwa-owi-cm-20210208t125630-20210208t125746-00003-______ll_gd_GEO-IRWIN.nc,-14.2962217330933,82.0819396972656,"2021-02-08T12:56:30,000",/scale/user/mtannaou/alternance/donnees_sar_changes/rs2-scwa-owi-cm-20210208t125630-20210208t125746-00003-xxxxx_aeqd.nc,rs2-scwa-owi-cm-20210208t125630-20210208t125746-00003-xxxxx.nc,/home/datawork-cersat-public/cache/public/ftp/project/sarwing/processings/grdwind+windir_2025v6v12_2v0_0v3v9_0v0v6_0v0v6_1v4v3_1v0v15_1v0v10_1v2v5_1v2v2_1v1v1_1v2v1/cmod5n_ecmwf_norecal_rs2rcmgmfv4_28052025/RS2/L2M/SCWA/RS2_SCWA/2021/039/RS2_OK129673_PK1136685_DK1093017_SCWA_20210208_125630_125630_VV_VH_SGF/rs2-scwa-owi-cm-20210208t125630-20210208t125746-00003-xxxxx.nc
sh252021,IRWIN,s1a-ew-owi-cm-20210307t144420-20210307t144624-000003-0456E5_ll_gd_GEO-IRWIN.nc,-23.801721572876,56.8202590942383,"2021-03-07T14:44:20,000",,s1a-ew-owi-cm-20210307t144420-20210307t144725-000003-0456E5.nc,/home/datawork-cersat-public/cache/public/ftp/project/sarwing/processings/grdwind+windir_2025v6v12_2v0_0v3v9_0v0v6_0v0v6_1v4v3_1v0v15_1v0v10_1v2v5_1v2v2_1v1v1_1v2v1/cmod5n_ecmwf_norecal_rs2rcmgmfv4_28052025/sentinel-1a/L2M/EW/S1A_EW_GRDM_1S/2021/066/S1A_EW_GRDM_1SDV_20210307T144420_20210307T144725_036893_0456E5_A53AXC3C0XF492/s1a-ew-owi-cm-20210307t144420-20210307t144725-000003-0456E5.nc
wp022022,IRWIN,rs2-scwa-owi-cm-20220414t090200-20220414t090423-00003-______ll_gd_GEO-IRWIN.nc,21.8322525024414,138.618957519531,"2022-04-14T09:02:00,000",/scale/user/mtannaou/alternance/donnees_sar_changes/rs2-scwa-owi-cm-20220414t090200-20220414t090423-00003-xxxxx_aeqd.nc,rs2-scwa-owi-cm-20220414t090200-20220414t090423-00003-xxxxx.nc,/home/datawork-cersat-public/cache/public/ftp/project/sarwing/processings/grdwind+windir_2025v6v12_2v0_0v3v9_0v0v6_0v0v6_1v4v3_1v0v15_1v0v10_1v2v5_1v2v2_1v1v1_1v2v1/cmod5n_ecmwf_norecal_rs2rcmgmfv4_28052025/RS2/L2M/SCWA/RS2_SCWA/2022/104/RS2_OK141302_PK1242210X211_DK1208524X525_SCWA_20220414_090200_090307_VV_VH_SGF/rs2-scwa-owi-cm-20220414t090200-20220414t090423-00003-xxxxx.nc
wp022022,IRWIN,rs2-scwa-owi-cm-20220415t083410-20220415t083634-00003-______ll_gd_GEO-IRWIN.nc,28.0871829986572,141.860305786133,"2022-04-15T08:34:10,000",/scale/user/mtannaou/alternance/donnees_sar_changes/rs2-scwa-owi-cm-20220415t083410-20220415t083634-00003-xxxxx_aeqd.nc,rs2-scwa-owi-cm-20220415t083410-20220415t083634-00003-xxxxx.nc,/home/datawork-cersat-public/cache/public/ftp/project/sarwing/processings/grdwind+windir_2025v6v12_2v0_0v3v9_0v0v6_0v0v6_1v4v3_1v0v15_1v0v10_1v2v5_1v2v2_1v1v1_1v2v1/cmod5n_ecmwf_norecal_rs2rcmgmfv4_28052025/RS2/L2M/SCWA/RS2_SCWA/2022/105/RS2_OK141302_PK1242212X213_DK1208526X527_SCWA_20220415_083410_083517_VV_VH_SGF/rs2-scwa-owi-cm-20220415t083410-20220415t083634-00003-xxxxx.nc
al052023,IRWIN,rcm3-sc50ma-owi-cm-20230722t205844-20230722t205943-00003-______ll_gd_GEO-IRWIN.nc,39.6727256774902,309.906799316406,"2023-07-22T20:58:44,000",/scale/user/mtannaou/alternance/donnees_sar_changes/rcm3-sc50ma-owi-cm-20230722t205844-20230722t205943-00003-xxxxx_aeqd.nc,rcm3-sc50ma-owi-cm-20230722t205844-20230722t205943-00003-xxxxx.nc,/home/datawork-cersat-public/cache/public/ftp/project/sarwing/processings/grdwind+windir_2025v6v12_2v0_0v3v9_0v0v6_0v0v6_1v4v3_1v0v15_1v0v10_1v2v5_1v2v2_1v1v1_1v2v1/cmod5n_ecmwf_norecal_rs2rcmgmfv4_28052025/rcm-3/L2M/sc50ma/rcm-3_sc50ma/2023/203/RCM3_OK2429438_PK2660291_1_SC50MA_20230722_205819_HH_HV_GRD/rcm3-sc50ma-owi-cm-20230722t205844-20230722t205943-00003-xxxxx.nc
al052023,IRWIN,rcm2-sc50mb-owi-cm-20230724t091855-20230724t091954-00003-______ll_gd_GEO-IRWIN.nc,46.8564605712891,316.381103515625,"2023-07-24T09:18:55,000",,rcm2-sc50mb-owi-cm-20230724t091841-20230724t091941-00003-xxxxx.nc,/home/datawork-cersat-public/cache/public/ftp/project/sarwing/processings/grdwind+windir_2025v6v12_2v0_0v3v9_0v0v6_0v0v6_1v4v3_1v0v15_1v0v10_1v2v5_1v2v2_1v1v1_1v2v1/cmod5n_ecmwf_norecal_rs2rcmgmfv4_28052025/rcm-2/L2M/sc50mb/rcm-2_sc50mb/2023/205/RCM2_OK2429435_PK2662311_1_SC50MB_20230724_091805_HH_HV_GRD/rcm2-sc50mb-owi-cm-20230724t091841-20230724t091941-00003-xxxxx.nc
al052023,IRWIN,rcm3-sclnd-owi-cm-20230724t084656-20230724t084815-00003-______ll_gd_GEO-IRWIN.nc,46.8021278381348,316.205505371094,"2023-07-24T08:46:56,000",/scale/user/mtannaou/alternance/donnees_sar_changes/rcm3-sclnd-owi-cm-20230724t084656-20230724t084815-00003-xxxxx_aeqd.nc,rcm3-sclnd-owi-cm-20230724t084656-20230724t084815-00003-xxxxx.nc,/home/datawork-cersat-public/cache/public/ftp/project/sarwing/processings/grdwind+windir_2025v6v12_2v0_0v3v9_0v0v6_0v0v6_1v4v3_1v0v15_1v0v10_1v2v5_1v2v2_1v1v1_1v2v1/cmod5n_ecmwf_norecal_rs2rcmgmfv4_28052025/rcm-3/L2M/sclnd/rcm-3_sclnd/2023/205/RCM3_OK2660248_PK2662426_1_SCLND_20230724_084655_VV_VH_GRD/rcm3-sclnd-owi-cm-20230724t084656-20230724t084815-00003-xxxxx.nc
al052023,IRWIN,rcm3-sclna-owi-cm-20230719t203157-20230719t203311-00003-______ll_gd_GEO-IRWIN.nc,33.7955131530762,320.031402587891,"2023-07-19T20:31:57,000",/scale/user/mtannaou/alternance/donnees_sar_changes/rcm3-sclna-owi-cm-20230719t203157-20230719t203311-00003-xxxxx_aeqd.nc,rcm3-sclna-owi-cm-20230719t203157-20230719t203311-00003-xxxxx.nc,/home/datawork-cersat-public/cache/public/ftp/project/sarwing/processings/grdwind+windir_2025v6v12_2v0_0v3v9_0v0v6_0v0v6_1v4v3_1v0v15_1v0v10_1v2v5_1v2v2_1v1v1_1v2v1/cmod5n_ecmwf_norecal_rs2rcmgmfv4_28052025/rcm-3/L2M/sclna/rcm-3_sclna/2023/200/RCM3_OK2654041_PK2656311_1_SCLNA_20230719_203158_VV_VH_GRD/rcm3-sclna-owi-cm-20230719t203157-20230719t203311-00003-xxxxx.nc
al052023,IRWIN,rcm2-sc50mc-owi-cm-20230720t085026-20230720t085045-00003-______ll_gd_GEO-IRWIN.nc,34.0442810058594,318.579986572266,"2023-07-20T08:50:26,000",/scale/user/mtannaou/alternance/donnees_sar_changes/rcm2-sc50mc-owi-cm-20230720t085026-20230720t085045-00003-xxxxx_aeqd.nc,rcm2-sc50mc-owi-cm-20230720t085026-20230720t085045-00003-xxxxx.nc,/home/datawork-cersat-public/cache/public/ftp/project/sarwing/processings/grdwind+windir_2025v6v12_2v0_0v3v9_0v0v6_0v0v6_1v4v3_1v0v15_1v0v10_1v2v5_1v2v2_1v1v1_1v2v1/cmod5n_ecmwf_norecal_rs2rcmgmfv4_28052025/rcm-2/L2M/sc50mc/rcm-2_sc50mc/2023/201/RCM2_OK2654829_PK2657084_1_SC50MC_20230720_085028_HH_HV_GRD/rcm2-sc50mc-owi-cm-20230720t085026-20230720t085045-00003-xxxxx.nc
al052023,IRWIN,rcm3-sc50ma-owi-cm-20230720t204113-20230720t204135-00003-______ll_gd_GEO-IRWIN.nc,34.5094680786133,316.575378417969,"2023-07-20T20:41:13,000",/scale/user/mtannaou/alternance/donnees_sar_changes/rcm3-sc50ma-owi-cm-20230720t204113-20230720t204135-00003-xxxxx_aeqd.nc,rcm3-sc50ma-owi-cm-20230720t204113-20230720t204135-00003-xxxxx.nc,/home/datawork-cersat-public/cache/public/ftp/project/sarwing/processings/grdwind+windir_2025v6v12_2v0_0v3v9_0v0v6_0v0v6_1v4v3_1v0v15_1v0v10_1v2v5_1v2v2_1v1v1_1v2v1/cmod5n_ecmwf_norecal_rs2rcmgmfv4_28052025/rcm-3/L2M/sc50ma/rcm-3_sc50ma/2023/201/RCM3_OK2654840_PK2657772_1_SC50MA_20230720_204116_HH_HV_GRD/rcm3-sc50ma-owi-cm-20230720t204113-20230720t204135-00003-xxxxx.nc
al052023,IRWIN,rcm3-sclna-owi-cm-20230720t204016-20230720t204111-00003-______ll_gd_GEO-IRWIN.nc,34.5094680786133,316.575378417969,"2023-07-20T20:40:16,000",/scale/user/mtannaou/alternance/donnees_sar_changes/rcm3-sclna-owi-cm-20230720t204016-20230720t204111-00003-xxxxx_aeqd.nc,rcm3-sc50ma-owi-cm-20230720t204113-20230720t204135-00003-xxxxx.nc,/home/datawork-cersat-public/cache/public/ftp/project/sarwing/processings/grdwind+windir_2025v6v12_2v0_0v3v9_0v0v6_0v0v6_1v4v3_1v0v15_1v0v10_1v2v5_1v2v2_1v1v1_1v2v1/cmod5n_ecmwf_norecal_rs2rcmgmfv4_28052025/rcm-3/L2M/sc50ma/rcm-3_sc50ma/2023/201/RCM3_OK2654840_PK2657772_1_SC50MA_20230720_204116_HH_HV_GRD/rcm3-sc50ma-owi-cm-20230720t204113-20230720t204135-00003-xxxxx.nc
al052023,IRWIN,rcm2-sc50md-owi-cm-20230723t091214-20230723t091243-00003-______ll_gd_GEO-IRWIN.nc,42.2679061889648,310.757507324219,"2023-07-23T09:12:14,000",/scale/user/mtannaou/alternance/donnees_sar_changes/rcm2-sc50md-owi-cm-20230723t091214-20230723t091243-00003-xxxxx_aeqd.nc,rcm2-sc50md-owi-cm-20230723t091214-20230723t091243-00003-xxxxx.nc,/home/datawork-cersat-public/cache/public/ftp/project/sarwing/processings/grdwind+windir_2025v6v12_2v0_0v3v9_0v0v6_0v0v6_1v4v3_1v0v15_1v0v10_1v2v5_1v2v2_1v1v1_1v2v1/cmod5n_ecmwf_norecal_rs2rcmgmfv4_28052025/rcm-2/L2M/sc50md/rcm-2_sc50md/2023/204/RCM2_OK2417899_PK2660995_1_SC50MD_20230723_091216_HH_HV_GRD/rcm2-sc50md-owi-cm-20230723t091214-20230723t091243-00003-xxxxx.nc
al052023,IRWIN,rcm3-sc50mb-owi-cm-20230723t210713-20230723t210813-00003-______ll_gd_GEO-IRWIN.nc,44.9787139892578,313.015777587891,"2023-07-23T21:07:13,000",/scale/user/mtannaou/alternance/donnees_sar_changes/rcm3-sc50mb-owi-cm-20230723t210713-20230723t210813-00003-xxxxx_aeqd.nc,rcm1-sc50mc-owi-cm-20230723t210706-20230723t210819-00003-xxxxx.nc,/home/datawork-cersat-public/cache/public/ftp/project/sarwing/processings/grdwind+windir_2025v6v12_2v0_0v3v9_0v0v6_0v0v6_1v4v3_1v0v15_1v0v10_1v2v5_1v2v2_1v1v1_1v2v1/cmod5n_ecmwf_norecal_rs2rcmgmfv4_28052025/rcm-1/L2M/sc50mc/rcm-1_sc50mc/2023/204/RCM1_OK2659469_PK2661867_1_SC50MC_20230723_210708_HH_HV_GRD/rcm1-sc50mc-owi-cm-20230723t210706-20230723t210819-00003-xxxxx.nc
al052023,IRWIN,rcm2-sclna-owi-cm-20230719t084157-20230719t084315-00003-______ll_gd_GEO-IRWIN.nc,34.1577911376953,320.891052246094,"2023-07-19T08:41:57,000",/scale/user/mtannaou/alternance/donnees_sar_changes/rcm2-sclna-owi-cm-20230719t084157-20230719t084315-00003-xxxxx_aeqd.nc,rcm2-sclna-owi-cm-20230719t084157-20230719t084315-00003-xxxxx.nc,/home/datawork-cersat-public/cache/public/ftp/project/sarwing/processings/grdwind+windir_2025v6v12_2v0_0v3v9_0v0v6_0v0v6_1v4v3_1v0v15_1v0v10_1v2v5_1v2v2_1v1v1_1v2v1/cmod5n_ecmwf_norecal_rs2rcmgmfv4_28052025/rcm-2/L2M/sclna/rcm-2_sclna/2023/200/RCM2_OK2654035_PK2655588_1_SCLNA_20230719_084158_VV_VH_GRD/rcm2-sclna-owi-cm-20230719t084157-20230719t084315-00003-xxxxx.nc
ep072022,IRWIN,rcm1-sc50ma-owi-cm-20220727t005918-20220727t010014-00003-______ll_gd_GEO-IRWIN.nc,11.752685546875,256.352874755859,"2022-07-27T00:59:18,000",/scale/user/mtannaou/alternance/donnees_sar_changes/rcm1-sc50ma-owi-cm-20220727t005918-20220727t010014-00003-xxxxx_aeqd.nc,rcm1-sc50ma-owi-cm-20220727t005918-20220727t010014-00003-xxxxx.nc,/home/datawork-cersat-public/cache/public/ftp/project/sarwing/processings/grdwind+windir_2025v6v12_2v0_0v3v9_0v0v6_0v0v6_1v4v3_1v0v15_1v0v10_1v2v5_1v2v2_1v1v1_1v2v1/cmod5n_ecmwf_norecal_rs2rcmgmfv4_28052025/rcm-1/L2M/sc50ma/rcm-1_sc50ma/2022/208/RCM1_OK2378128_PK2381396_1_SC50MA_20220727_005930_HH_HV_GRD/rcm1-sc50ma-owi-cm-20220727t005918-20220727t010014-00003-xxxxx.nc
ep072022,IRWIN,rs2-scwa-owi-cm-20220731t135319-20220731t135632-00003-______ll_gd_GEO-IRWIN.nc,18.890438079834,241.01091003418,"2022-07-31T13:53:19,000",/scale/user/mtannaou/alternance/donnees_sar_changes/rs2-scwa-owi-cm-20220731t135319-20220731t135632-00003-xxxxx_aeqd.nc,rs2-scwa-owi-cm-20220731t135319-20220731t135632-00003-xxxxx.nc,/home/datawork-cersat-public/cache/public/ftp/project/sarwing/processings/grdwind+windir_2025v6v12_2v0_0v3v9_0v0v6_0v0v6_1v4v3_1v0v15_1v0v10_1v2v5_1v2v2_1v1v1_1v2v1/cmod5n_ecmwf_norecal_rs2rcmgmfv4_28052025/RS2/L2M/SCWA/RS2_SCWA/2022/212/RS2_OK141302_PK1242219X220X221_DK1208533X534X535_SCWA_20220731_135319_135545_VV_VH_SGF/rs2-scwa-owi-cm-20220731t135319-20220731t135632-00003-xxxxx.nc
ep072022,IRWIN,rs2-scwa-owi-cm-20220730t015650-20220730t015805-00003-______ll_gd_GEO-IRWIN.nc,14.8924198150635,245.810760498047,"2022-07-30T01:56:50,000",/scale/user/mtannaou/alternance/donnees_sar_changes/rs2-scwa-owi-cm-20220730t015650-20220730t015805-00003-xxxxx_aeqd.nc,rs2-scwa-owi-cm-20220730t015650-20220730t015805-00003-xxxxx.nc,/home/datawork-cersat-public/cache/public/ftp/project/sarwing/processings/grdwind+windir_2025v6v12_2v0_0v3v9_0v0v6_0v0v6_1v4v3_1v0v15_1v0v10_1v2v5_1v2v2_1v1v1_1v2v1/cmod5n_ecmwf_norecal_rs2rcmgmfv4_28052025/RS2/L2M/SCWA/RS2_SCWA/2022/211/RS2_OK141302_PK1242218_DK1208532_SCWA_20220730_015650_015650_VV_VH_SGF/rs2-scwa-owi-cm-20220730t015650-20220730t015805-00003-xxxxx.nc
al162022,IRWIN,rcm1-sc50ma-owi-cm-20221031t215842-20221031t220134-00003-______ll_gd_GEO-IRWIN.nc,35.0225982666016,299.439971923828,"2022-10-31T21:58:42,000",/scale/user/mtannaou/alternance/donnees_sar_changes/rcm1-sc50ma-owi-cm-20221031t215842-20221031t220134-00003-xxxxx_aeqd.nc,rcm1-sc50ma-owi-cm-20221031t215842-20221031t220134-00003-xxxxx.nc,/home/datawork-cersat-public/cache/public/ftp/project/sarwing/processings/grdwind+windir_2025v6v12_2v0_0v3v9_0v0v6_0v0v6_1v4v3_1v0v15_1v0v10_1v2v5_1v2v2_1v1v1_1v2v1/cmod5n_ecmwf_norecal_rs2rcmgmfv4_28052025/rcm-1/L2M/sc50ma/rcm-1_sc50ma/2022/304/RCM1_OK2378142_PK2381313_2_SC50MA_20221031_215856_HH_HV_GRD/rcm1-sc50ma-owi-cm-20221031t215842-20221031t220134-00003-xxxxx.nc
al162022,IRWIN,rcm3-sc50ma-owi-cm-20221103t085346-20221103t085706-00003-______ll_gd_GEO-IRWIN.nc,40.705753326416,317.007659912109,"2022-11-03T08:53:46,000",/scale/user/mtannaou/alternance/donnees_sar_changes/rcm3-sc50ma-owi-cm-20221103t085346-20221103t085706-00003-xxxxx_aeqd.nc,rcm3-sc50ma-owi-cm-20221103t085346-20221103t085706-00003-xxxxx.nc,/home/datawork-cersat-public/cache/public/ftp/project/sarwing/processings/grdwind+windir_2025v6v12_2v0_0v3v9_0v0v6_0v0v6_1v4v3_1v0v15_1v0v10_1v2v5_1v2v2_1v1v1_1v2v1/cmod5n_ecmwf_norecal_rs2rcmgmfv4_28052025/rcm-3/L2M/sc50ma/rcm-3_sc50ma/2022/307/RCM3_OK2378142_PK2381307_3_SC50MA_20221103_085358_HH_HV_GRD/rcm3-sc50ma-owi-cm-20221103t085346-20221103t085706-00003-xxxxx.nc
al162022,IRWIN,rcm3-sc50ma-owi-cm-20221103t085540-20221103t085639-00003-______ll_gd_GEO-IRWIN.nc,40.705753326416,317.007659912109,"2022-11-03T08:55:40,000",/scale/user/mtannaou/alternance/donnees_sar_changes/rcm3-sc50ma-owi-cm-20221103t085540-20221103t085639-00003-xxxxx_aeqd.nc,rcm3-sc50ma-owi-cm-20221103t085346-20221103t085706-00003-xxxxx.nc,/home/datawork-cersat-public/cache/public/ftp/project/sarwing/processings/grdwind+windir_2025v6v12_2v0_0v3v9_0v0v6_0v0v6_1v4v3_1v0v15_1v0v10_1v2v5_1v2v2_1v1v1_1v2v1/cmod5n_ecmwf_norecal_rs2rcmgmfv4_28052025/rcm-3/L2M/sc50ma/rcm-3_sc50ma/2022/307/RCM3_OK2378142_PK2381307_3_SC50MA_20221103_085358_HH_HV_GRD/rcm3-sc50ma-owi-cm-20221103t085346-20221103t085706-00003-xxxxx.nc
sh192024,IRWIN,rcm2-sclnb-owi-cm-20240317t202709-20240317t202825-00003-______ll_gd_GEO-IRWIN.nc,-15.3338794708252,137.280426025391,"2024-03-17T20:27:09,000",/scale/user/mtannaou/alternance/donnees_sar_changes/rcm2-sclnb-owi-cm-20240317t202709-20240317t202825-00003-xxxxx_aeqd.nc,rcm2-sclnb-owi-cm-20240317t202709-20240317t202825-00003-xxxxx.nc,/home/datawork-cersat-public/cache/public/ftp/project/sarwing/processings/grdwind+windir_2025v6v12_2v0_0v3v9_0v0v6_0v0v6_1v4v3_1v0v15_1v0v10_1v2v5_1v2v2_1v1v1_1v2v1/cmod5n_ecmwf_norecal_rs2rcmgmfv4_28052025/rcm-2/L2M/sclnb/rcm-2_sclnb/2024/077/RCM2_OK2986081_PK2987587_1_SCLNB_20240317_202709_VV_VH_GRD/rcm2-sclnb-owi-cm-20240317t202709-20240317t202825-00003-xxxxx.nc
sh192024,IRWIN,rcm3-sclnb-owi-cm-20240317t091901-20240317t092017-00003-______ll_gd_GEO-IRWIN.nc,-14.856635093689,137.227569580078,"2024-03-17T09:19:01,000",/scale/user/mtannaou/alternance/donnees_sar_changes/rcm3-sclnb-owi-cm-20240317t091901-20240317t092017-00003-xxxxx_aeqd.nc,rcm3-sclnb-owi-cm-20240317t091901-20240317t092017-00003-xxxxx.nc,/home/datawork-cersat-public/cache/public/ftp/project/sarwing/processings/grdwind+windir_2025v6v12_2v0_0v3v9_0v0v6_0v0v6_1v4v3_1v0v15_1v0v10_1v2v5_1v2v2_1v1v1_1v2v1/cmod5n_ecmwf_norecal_rs2rcmgmfv4_28052025/rcm-3/L2M/sclnb/rcm-3_sclnb/2024/077/RCM3_OK2986061_PK2987003_1_SCLNB_20240317_091900_VV_VH_GRD/rcm3-sclnb-owi-cm-20240317t091901-20240317t092017-00003-xxxxx.nc
sh192024,IRWIN,rcm2-sclna-owi-cm-20240318t203514-20240318t203628-00003-______ll_gd_GEO-IRWIN.nc,-16.6345310211182,135.849563598633,"2024-03-18T20:35:14,000",/scale/user/mtannaou/alternance/donnees_sar_changes/rcm2-sclna-owi-cm-20240318t203514-20240318t203628-00003-xxxxx_aeqd.nc,rcm2-sclna-owi-cm-20240318t203514-20240318t203628-00003-xxxxx.nc,/home/datawork-cersat-public/cache/public/ftp/project/sarwing/processings/grdwind+windir_2025v6v12_2v0_0v3v9_0v0v6_0v0v6_1v4v3_1v0v15_1v0v10_1v2v5_1v2v2_1v1v1_1v2v1/cmod5n_ecmwf_norecal_rs2rcmgmfv4_28052025/rcm-2/L2M/sclna/rcm-2_sclna/2024/078/RCM2_OK2987131_PK2990522_1_SCLNA_20240318_203515_VV_VH_GRD/rcm2-sclna-owi-cm-20240318t203514-20240318t203628-00003-xxxxx.nc
sh192024,IRWIN,s1a-iw-owi-cm-20240317t202418-20240317t202558-000003-066BA4_ll_gd_GEO-IRWIN.nc,-15.3250732421875,137.285705566406,"2024-03-17T20:24:18,000",,s1a-iw-owi-cm-20240317t202303-20240317t202558-000003-066BA4.nc,/home/datawork-cersat-public/cache/public/ftp/project/sarwing/processings/grdwind+windir_2025v6v12_2v0_0v3v9_0v0v6_0v0v6_1v4v3_1v0v15_1v0v10_1v2v5_1v2v2_1v1v1_1v2v1/cmod5n_ecmwf_norecal_rs2rcmgmfv4_28052025/sentinel-1a/L2M/IW/S1A_IW_GRDH_1S/2024/077/S1A_IW_GRDH_1SDV_20240317T202303_20240317T202558_053026_066BA4_4352X8048X84CBXCDDFXF836XF88FXFBCA/s1a-iw-owi-cm-20240317t202303-20240317t202558-000003-066BA4.nc
sh192024,IRWIN,rcm3-sclnd-owi-cm-20240318t092649-20240318t092805-00003-______ll_gd_GEO-IRWIN.nc,-16.1770038604736,136.705184936523,"2024-03-18T09:26:49,000",/scale/user/mtannaou/alternance/donnees_sar_changes/rcm3-sclnd-owi-cm-20240318t092649-20240318t092805-00003-xxxxx_aeqd.nc,rcm3-sclnd-owi-cm-20240318t092649-20240318t092805-00003-xxxxx.nc,/home/datawork-cersat-public/cache/public/ftp/project/sarwing/processings/grdwind+windir_2025v6v12_2v0_0v3v9_0v0v6_0v0v6_1v4v3_1v0v15_1v0v10_1v2v5_1v2v2_1v1v1_1v2v1/cmod5n_ecmwf_norecal_rs2rcmgmfv4_28052025/rcm-3/L2M/sclnd/rcm-3_sclnd/2024/078/RCM3_OK2987125_PK2988103_1_SCLND_20240318_092651_VV_VH_GRD/rcm3-sclnd-owi-cm-20240318t092649-20240318t092805-00003-xxxxx.nc
wp122022,IRWIN,rcm3-sc50ma-owi-cm-20220904t215128-20220904t215227-00003-______ll_gd_GEO-IRWIN.nc,28.9622077941895,124.726493835449,"2022-09-04T21:51:28,000",/scale/user/mtannaou/alternance/donnees_sar_changes/rcm3-sc50ma-owi-cm-20220904t215128-20220904t215227-00003-xxxxx_aeqd.nc,rcm3-sc50ma-owi-cm-20220904t215128-20220904t215227-00003-xxxxx.nc,/home/datawork-cersat-public/cache/public/ftp/project/sarwing/processings/grdwind+windir_2025v6v12_2v0_0v3v9_0v0v6_0v0v6_1v4v3_1v0v15_1v0v10_1v2v5_1v2v2_1v1v1_1v2v1/cmod5n_ecmwf_norecal_rs2rcmgmfv4_28052025/rcm-3/L2M/sc50ma/rcm-3_sc50ma/2022/247/RCM3_OK2237041_PK2240660_1_SC50MA_20220904_215131_HH_HV_GRD/rcm3-sc50ma-owi-cm-20220904t215128-20220904t215227-00003-xxxxx.nc
wp122022,IRWIN,rs2-scwa-owi-cm-20220904t093255-20220904t093518-00003-______ll_gd_GEO-IRWIN.nc,27.2740650177002,124.796943664551,"2022-09-04T09:32:55,000",/scale/user/mtannaou/alternance/donnees_sar_changes/rs2-scwa-owi-cm-20220904t093255-20220904t093518-00003-xxxxx_aeqd.nc,rs2-scwa-owi-cm-20220904t093255-20220904t093518-00003-xxxxx.nc,/home/datawork-cersat-public/cache/public/ftp/project/sarwing/processings/grdwind+windir_2025v6v12_2v0_0v3v9_0v0v6_0v0v6_1v4v3_1v0v15_1v0v10_1v2v5_1v2v2_1v1v1_1v2v1/cmod5n_ecmwf_norecal_rs2rcmgmfv4_28052025/RS2/L2M/SCWA/RS2_SCWA/2022/247/RS2_OK141302_PK1242222X223_DK1208536X537_SCWA_20220904_093255_093402_VV_VH_SGF/rs2-scwa-owi-cm-20220904t093255-20220904t093518-00003-xxxxx.nc
wp122022,IRWIN,s1a-ew-owi-cm-20220902t213553-20220902t213720-000003-055AAC_ll_gd_GEO-IRWIN.nc,22.5798435211182,124.701057434082,"2022-09-02T21:35:53,000",/scale/user/mtannaou/alternance/donnees_sar_changes/s1a-ew-owi-cm-20220902t213553-20220902t213720-000003-055AAC_aeqd.nc,s1a-ew-owi-cm-20220902t213553-20220902t213720-000003-055AAC.nc,/home/datawork-cersat-public/cache/public/ftp/project/sarwing/processings/grdwind+windir_2025v6v12_2v0_0v3v9_0v0v6_0v0v6_1v4v3_1v0v15_1v0v10_1v2v5_1v2v2_1v1v1_1v2v1/cmod5n_ecmwf_norecal_rs2rcmgmfv4_28052025/sentinel-1a/L2M/EW/S1A_EW_GRDM_1S/2022/245/S1A_EW_GRDM_1SDV_20220902T213553_20220902T213720_044831_055AAC_2A38X8A48/s1a-ew-owi-cm-20220902t213553-20220902t213720-000003-055AAC.nc
wp122022,IRWIN,rcm3-sc50ma-owi-cm-20220901t212929-20220901t213005-00003-______ll_gd_GEO-IRWIN.nc,21.4402103424072,125.465965270996,"2022-09-01T21:29:29,000",/scale/user/mtannaou/alternance/donnees_sar_changes/rcm3-sc50ma-owi-cm-20220901t212929-20220901t213005-00003-xxxxx_aeqd.nc,rcm3-sc50ma-owi-cm-20220901t212929-20220901t213005-00003-xxxxx.nc,/home/datawork-cersat-public/cache/public/ftp/project/sarwing/processings/grdwind+windir_2025v6v12_2v0_0v3v9_0v0v6_0v0v6_1v4v3_1v0v15_1v0v10_1v2v5_1v2v2_1v1v1_1v2v1/cmod5n_ecmwf_norecal_rs2rcmgmfv4_28052025/rcm-3/L2M/sc50ma/rcm-3_sc50ma/2022/244/RCM3_OK2229362_PK2234305_2_SC50MA_20220901_212837_HH_HV_GRD/rcm3-sc50ma-owi-cm-20220901t212929-20220901t213005-00003-xxxxx.nc
wp122022,IRWIN,rs2-scwa-owi-cm-20220905t212400-20220905t212516-00003-______ll_gd_GEO-IRWIN.nc,34.7158737182617,128.547348022461,"2022-09-05T21:24:00,000",/scale/user/mtannaou/alternance/donnees_sar_changes/rs2-scwa-owi-cm-20220905t212400-20220905t212516-00003-xxxxx_aeqd.nc,rs2-scwa-owi-cm-20220905t212400-20220905t212516-00003-xxxxx.nc,/home/datawork-cersat-public/cache/public/ftp/project/sarwing/processings/grdwind+windir_2025v6v12_2v0_0v3v9_0v0v6_0v0v6_1v4v3_1v0v15_1v0v10_1v2v5_1v2v2_1v1v1_1v2v1/cmod5n_ecmwf_norecal_rs2rcmgmfv4_28052025/RS2/L2M/SCWA/RS2_SCWA/2022/248/RS2_OK141302_PK1242225_DK1208539_SCWA_20220905_212400_212400_VV_VH_SGF/rs2-scwa-owi-cm-20220905t212400-20220905t212516-00003-xxxxx.nc
wp122022,IRWIN,s1a-ew-owi-cm-20220830t211026-20220830t211206-000003-055937_ll_gd_GEO-IRWIN.nc,26.2069473266602,131.56282043457,"2022-08-30T21:10:26,000",/scale/user/mtannaou/alternance/donnees_sar_changes/s1a-ew-owi-cm-20220830t211026-20220830t211206-000003-055937_aeqd.nc,s1a-ew-owi-cm-20220830t211026-20220830t211206-000003-055937.nc,/home/datawork-cersat-public/cache/public/ftp/project/sarwing/processings/grdwind+windir_2025v6v12_2v0_0v3v9_0v0v6_0v0v6_1v4v3_1v0v15_1v0v10_1v2v5_1v2v2_1v1v1_1v2v1/cmod5n_ecmwf_norecal_rs2rcmgmfv4_28052025/sentinel-1a/L2M/EW/S1A_EW_GRDM_1S/2022/242/S1A_EW_GRDM_1SDV_20220830T211026_20220830T211206_044787_055937_1CCDX6ED4/s1a-ew-owi-cm-20220830t211026-20220830t211206-000003-055937.nc
wp122022,IRWIN,rcm1-sc50mb-owi-cm-20220904t093053-20220904t093152-00003-______ll_gd_GEO-IRWIN.nc,27.2740650177002,124.796943664551,"2022-09-04T09:30:53,000",/scale/user/mtannaou/alternance/donnees_sar_changes/rcm1-sc50mb-owi-cm-20220904t093053-20220904t093152-00003-xxxxx_aeqd.nc,rcm1-sc50mb-owi-cm-20220904t093053-20220904t093152-00003-xxxxx.nc,/home/datawork-cersat-public/cache/public/ftp/project/sarwing/processings/grdwind+windir_2025v6v12_2v0_0v3v9_0v0v6_0v0v6_1v4v3_1v0v15_1v0v10_1v2v5_1v2v2_1v1v1_1v2v1/cmod5n_ecmwf_norecal_rs2rcmgmfv4_28052025/rcm-1/L2M/sc50mb/rcm-1_sc50mb/2022/247/RCM1_OK2237046_PK2239902_1_SC50MB_20220904_093055_HH_HV_GRD/rcm1-sc50mb-owi-cm-20220904t093053-20220904t093152-00003-xxxxx.nc
wp192024,IRWIN,rcm2-sclna-owi-cm-20240928t204109-20240928t204223-00003-______ll_gd_GEO-IRWIN.nc,22.1686096191406,141.841125488281,"2024-09-28T20:41:09,000",/scale/user/mtannaou/alternance/donnees_sar_changes/rcm2-sclna-owi-cm-20240928t204109-20240928t204223-00003-xxxxx_aeqd.nc,rcm1-sclnd-owi-cm-20240928t204130-20240928t204248-00003-xxxxx.nc,/home/datawork-cersat-public/cache/public/ftp/project/sarwing/processings/grdwind+windir_2025v6v12_2v0_0v3v9_0v0v6_0v0v6_1v4v3_1v0v15_1v0v10_1v2v5_1v2v2_1v1v1_1v2v1/cmod5n_ecmwf_norecal_rs2rcmgmfv4_28052025/rcm-1/L2M/sclnd/rcm-1_sclnd/2024/272/RCM1_OK3287462_PK3289883_1_SCLND_20240928_204131_VV_VH_GRD/rcm1-sclnd-owi-cm-20240928t204130-20240928t204248-00003-xxxxx.nc
wp192024,IRWIN,rcm3-sclna-owi-cm-20240930t083443-20240930t083558-00003-______ll_gd_GEO-IRWIN.nc,27.8203315734863,140.819061279297,"2024-09-30T08:34:43,000",/scale/user/mtannaou/alternance/donnees_sar_changes/rcm3-sclna-owi-cm-20240930t083443-20240930t083558-00003-xxxxx_aeqd.nc,rcm3-sclna-owi-cm-20240930t083443-20240930t083558-00003-xxxxx.nc,/home/datawork-cersat-public/cache/public/ftp/project/sarwing/processings/grdwind+windir_2025v6v12_2v0_0v3v9_0v0v6_0v0v6_1v4v3_1v0v15_1v0v10_1v2v5_1v2v2_1v1v1_1v2v1/cmod5n_ecmwf_norecal_rs2rcmgmfv4_28052025/rcm-3/L2M/sclna/rcm-3_sclna/2024/274/RCM3_OK3290709_PK3292348_1_SCLNA_20240930_083445_VV_VH_GRD/rcm3-sclna-owi-cm-20240930t083443-20240930t083558-00003-xxxxx.nc
wp192024,IRWIN,rcm3-sclnd-owi-cm-20240930t202258-20240930t202411-00003-______ll_gd_GEO-IRWIN.nc,31.2013282775879,141.3232421875,"2024-09-30T20:22:58,000",/scale/user/mtannaou/alternance/donnees_sar_changes/rcm3-sclnd-owi-cm-20240930t202258-20240930t202411-00003-xxxxx_aeqd.nc,rcm3-sclnd-owi-cm-20240930t202258-20240930t202411-00003-xxxxx.nc,/home/datawork-cersat-public/cache/public/ftp/project/sarwing/processings/grdwind+windir_2025v6v12_2v0_0v3v9_0v0v6_0v0v6_1v4v3_1v0v15_1v0v10_1v2v5_1v2v2_1v1v1_1v2v1/cmod5n_ecmwf_norecal_rs2rcmgmfv4_28052025/rcm-3/L2M/sclnd/rcm-3_sclnd/2024/274/RCM3_OK3290711_PK3293369_1_SCLND_20240930_202301_VV_VH_GRD/rcm3-sclnd-owi-cm-20240930t202258-20240930t202411-00003-xxxxx.nc
wp192024,IRWIN,rcm2-sclna-owi-cm-20240929t204817-20240929t204932-00003-______ll_gd_GEO-IRWIN.nc,25.6438503265381,140.594055175781,"2024-09-29T20:48:17,000",/scale/user/mtannaou/alternance/donnees_sar_changes/rcm2-sclna-owi-cm-20240929t204817-20240929t204932-00003-xxxxx_aeqd.nc,rcm2-sclna-owi-cm-20240929t204817-20240929t204932-00003-xxxxx.nc,/home/datawork-cersat-public/cache/public/ftp/project/sarwing/processings/grdwind+windir_2025v6v12_2v0_0v3v9_0v0v6_0v0v6_1v4v3_1v0v15_1v0v10_1v2v5_1v2v2_1v1v1_1v2v1/cmod5n_ecmwf_norecal_rs2rcmgmfv4_28052025/rcm-2/L2M/sclna/rcm-2_sclna/2024/273/RCM2_OK3289115_PK3291775_1_SCLNA_20240929_204819_VV_VH_GRD/rcm2-sclna-owi-cm-20240929t204817-20240929t204932-00003-xxxxx.nc
wp192024,IRWIN,rcm3-sc50mb-owi-cm-20241002t071946-20241002t072008-00003-______ll_gd_GEO-IRWIN.nc,44.5749473571777,151.944396972656,"2024-10-02T07:19:46,000",/scale/user/mtannaou/alternance/donnees_sar_changes/rcm3-sc50mb-owi-cm-20241002t071946-20241002t072008-00003-xxxxx_aeqd.nc,rcm3-sc50mb-owi-cm-20241002t071946-20241002t072008-00003-xxxxx.nc,/home/datawork-cersat-public/cache/public/ftp/project/sarwing/processings/grdwind+windir_2025v6v12_2v0_0v3v9_0v0v6_0v0v6_1v4v3_1v0v15_1v0v10_1v2v5_1v2v2_1v1v1_1v2v1/cmod5n_ecmwf_norecal_rs2rcmgmfv4_28052025/rcm-3/L2M/sc50mb/rcm-3_sc50mb/2024/276/RCM3_OK3109894_PK3295436_1_SC50MB_20241002_071948_HH_HV_GRD/rcm3-sc50mb-owi-cm-20241002t071946-20241002t072008-00003-xxxxx.nc
wp192024,IRWIN,rcm2-sclnd-owi-cm-20240929t085716-20240929t085832-00003-______ll_gd_GEO-IRWIN.nc,23.888952255249,141.021331787109,"2024-09-29T08:57:16,000",/scale/user/mtannaou/alternance/donnees_sar_changes/rcm2-sclnd-owi-cm-20240929t085716-20240929t085832-00003-xxxxx_aeqd.nc,rcm2-sclnd-owi-cm-20240929t085716-20240929t085832-00003-xxxxx.nc,/home/datawork-cersat-public/cache/public/ftp/project/sarwing/processings/grdwind+windir_2025v6v12_2v0_0v3v9_0v0v6_0v0v6_1v4v3_1v0v15_1v0v10_1v2v5_1v2v2_1v1v1_1v2v1/cmod5n_ecmwf_norecal_rs2rcmgmfv4_28052025/rcm-2/L2M/sclnd/rcm-2_sclnd/2024/273/RCM2_OK3289107_PK3290413_1_SCLND_20240929_085719_VV_VH_GRD/rcm2-sclnd-owi-cm-20240929t085716-20240929t085832-00003-xxxxx.nc
sh132020,IRWIN,s1a-iw-owi-cm-20200214t021047-20200214t021202-000003-0397D1_ll_gd_GEO-IRWIN.nc,-18.6035099029541,49.79638671875,"2020-02-14T02:10:47,000",,s1a-iw-owi-cm-20200214t020953-20200214t021252-000003-0397D1.nc,/home/datawork-cersat-public/cache/public/ftp/project/sarwing/processings/grdwind+windir_2025v6v12_2v0_0v3v9_0v0v6_0v0v6_1v4v3_1v0v15_1v0v10_1v2v5_1v2v2_1v1v1_1v2v1/cmod5n_ecmwf_norecal_rs2rcmgmfv4_28052025/sentinel-1a/L2M/IW/S1A_IW_GRDH_1S/2020/045/S1A_IW_GRDH_1SDV_20200214T020953_20200214T021252_031242_0397D1_3305X4A4FX83A9X9AC2X9E3FXEE31XF4B3/s1a-iw-owi-cm-20200214t020953-20200214t021252-000003-0397D1.nc
al162020,IRWIN,s1a-iw-owi-cm-20200902t235812-20200902t235927-000003-03F8BD_ll_gd_GEO-IRWIN.nc,17.0503025054932,273.699859619141,"2020-09-02T23:58:12,000",,s1a-iw-owi-cm-20200902t235657-20200902t235952-000003-03F8BD.nc,/home/datawork-cersat-public/cache/public/ftp/project/sarwing/processings/grdwind+windir_2025v6v12_2v0_0v3v9_0v0v6_0v0v6_1v4v3_1v0v15_1v0v10_1v2v5_1v2v2_1v1v1_1v2v1/cmod5n_ecmwf_norecal_rs2rcmgmfv4_28052025/sentinel-1a/L2M/IW/S1A_IW_GRDH_1S/2020/246/S1A_IW_GRDH_1SDV_20200902T235657_20200902T235952_034187_03F8BD_2CE6X4485X7D22XA983XBB04XE2AC/s1a-iw-owi-cm-20200902t235657-20200902t235952-000003-03F8BD.nc
ep152022,IRWIN,rcm3-sc50ma-owi-cm-20220922t010756-20220922t011044-00003-______ll_gd_GEO-IRWIN.nc,17.3812046051025,253.536911010742,"2022-09-22T01:07:56,000",/scale/user/mtannaou/alternance/donnees_sar_changes/rcm3-sc50ma-owi-cm-20220922t010756-20220922t011044-00003-xxxxx_aeqd.nc,rcm3-sc50ma-owi-cm-20220922t010756-20220922t011044-00003-xxxxx.nc,/home/datawork-cersat-public/cache/public/ftp/project/sarwing/processings/grdwind+windir_2025v6v12_2v0_0v3v9_0v0v6_0v0v6_1v4v3_1v0v15_1v0v10_1v2v5_1v2v2_1v1v1_1v2v1/cmod5n_ecmwf_norecal_rs2rcmgmfv4_28052025/rcm-3/L2M/sc50ma/rcm-3_sc50ma/2022/265/RCM3_OK2378128_PK2381394_2_SC50MA_20220922_010810_HH_HV_GRD/rcm3-sc50ma-owi-cm-20220922t010756-20220922t011044-00003-xxxxx.nc
wp262024,IRWIN,rcm2-sc50mb-owi-cm-20241110t213918-20241110t214035-00003-______ll_gd_GEO-IRWIN.nc,16.0279560089111,123.010078430176,"2024-11-10T21:39:18,000",/scale/user/mtannaou/alternance/donnees_sar_changes/rcm2-sc50mb-owi-cm-20241110t213918-20241110t214035-00003-xxxxx_aeqd.nc,rcm2-sc50mb-owi-cm-20241110t213918-20241110t214035-00003-xxxxx.nc,/home/datawork-cersat-public/cache/public/ftp/project/sarwing/processings/grdwind+windir_2025v6v12_2v0_0v3v9_0v0v6_0v0v6_1v4v3_1v0v15_1v0v10_1v2v5_1v2v2_1v1v1_1v2v1/cmod5n_ecmwf_norecal_rs2rcmgmfv4_28052025/rcm-2/L2M/sc50mb/rcm-2_sc50mb/2024/315/RCM2_OK3352422_PK3355547_1_SC50MB_20241110_213715_HH_HV_GRD/rcm2-sc50mb-owi-cm-20241110t213918-20241110t214035-00003-xxxxx.nc
wp262024,IRWIN,rcm2-sc50mc-owi-cm-20241111t214656-20241111t214811-00003-______ll_gd_GEO-IRWIN.nc,18.4467544555664,118.937919616699,"2024-11-11T21:46:56,000",/scale/user/mtannaou/alternance/donnees_sar_changes/rcm2-sc50mc-owi-cm-20241111t214656-20241111t214811-00003-xxxxx_aeqd.nc,rcm2-sc50mc-owi-cm-20241111t214656-20241111t214811-00003-xxxxx.nc,/home/datawork-cersat-public/cache/public/ftp/project/sarwing/processings/grdwind+windir_2025v6v12_2v0_0v3v9_0v0v6_0v0v6_1v4v3_1v0v15_1v0v10_1v2v5_1v2v2_1v1v1_1v2v1/cmod5n_ecmwf_norecal_rs2rcmgmfv4_28052025/rcm-2/L2M/sc50mc/rcm-2_sc50mc/2024/316/RCM2_OK3354741_PK3357227_1_SC50MC_20241111_214557_HH_HV_GRD/rcm2-sc50mc-owi-cm-20241111t214656-20241111t214811-00003-xxxxx.nc
wp262024,IRWIN,rcm2-sc50ma-owi-cm-20241110t094319-20241110t094436-00003-______ll_gd_GEO-IRWIN.nc,15.3831033706665,125.169143676758,"2024-11-10T09:43:19,000",/scale/user/mtannaou/alternance/donnees_sar_changes/rcm2-sc50ma-owi-cm-20241110t094319-20241110t094436-00003-xxxxx_aeqd.nc,rcm2-sc50ma-owi-cm-20241110t094319-20241110t094436-00003-xxxxx.nc,/home/datawork-cersat-public/cache/public/ftp/project/sarwing/processings/grdwind+windir_2025v6v12_2v0_0v3v9_0v0v6_0v0v6_1v4v3_1v0v15_1v0v10_1v2v5_1v2v2_1v1v1_1v2v1/cmod5n_ecmwf_norecal_rs2rcmgmfv4_28052025/rcm-2/L2M/sc50ma/rcm-2_sc50ma/2024/315/RCM2_OK3352421_PK3354380_1_SC50MA_20241110_094216_HH_HV_GRD/rcm2-sc50ma-owi-cm-20241110t094319-20241110t094436-00003-xxxxx.nc
wp262024,IRWIN,s1a-iw-owi-cm-20241113t102531-20241113t102625-000003-06EE7A_ll_gd_GEO-IRWIN.nc,20.6799621582031,115.356597900391,"2024-11-13T10:25:31,000",/scale/user/mtannaou/alternance/donnees_sar_changes/s1a-iw-owi-cm-20241113t102531-20241113t102625-000003-06EE7A_aeqd.nc,s1a-iw-owi-cm-20241113t102531-20241113t102625-000003-06EE7A.nc,/home/datawork-cersat-public/cache/public/ftp/project/sarwing/processings/grdwind+windir_2025v6v12_2v0_0v3v9_0v0v6_0v0v6_1v4v3_1v0v15_1v0v10_1v2v5_1v2v2_1v1v1_1v2v1/cmod5n_ecmwf_norecal_rs2rcmgmfv4_28052025/sentinel-1a/L2M/IW/S1A_IW_GRDH_1S/2024/318/S1A_IW_GRDH_1SDV_20241113T102531_20241113T102625_056535_06EE7A_2F1DXC715/s1a-iw-owi-cm-20241113t102531-20241113t102625-000003-06EE7A.nc
ep092023,IRWIN,rcm1-sclnb-owi-cm-20230820t014244-20230820t014402-00003-______ll_gd_GEO-IRWIN.nc,24.2304496765137,245.721206665039,"2023-08-20T01:42:44,000",/scale/user/mtannaou/alternance/donnees_sar_changes/rcm1-sclnb-owi-cm-20230820t014244-20230820t014402-00003-xxxxx_aeqd.nc,rcm1-sclnb-owi-cm-20230820t014244-20230820t014402-00003-xxxxx.nc,/home/datawork-cersat-public/cache/public/ftp/project/sarwing/processings/grdwind+windir_2025v6v12_2v0_0v3v9_0v0v6_0v0v6_1v4v3_1v0v15_1v0v10_1v2v5_1v2v2_1v1v1_1v2v1/cmod5n_ecmwf_norecal_rs2rcmgmfv4_28052025/rcm-1/L2M/sclnb/rcm-1_sclnb/2023/232/RCM1_OK2697383_PK2700355_1_SCLNB_20230820_014246_VV_VH_GRD/rcm1-sclnb-owi-cm-20230820t014244-20230820t014402-00003-xxxxx.nc
ep092023,IRWIN,rcm1-sc50ma-owi-cm-20230819t013318-20230819t013436-00003-______ll_gd_GEO-IRWIN.nc,19.1330242156982,247.441696166992,"2023-08-19T01:33:18,000",/scale/user/mtannaou/alternance/donnees_sar_changes/rcm1-sc50ma-owi-cm-20230819t013318-20230819t013436-00003-xxxxx_aeqd.nc,rcm1-sc50ma-owi-cm-20230819t013318-20230819t013436-00003-xxxxx.nc,/home/datawork-cersat-public/cache/public/ftp/project/sarwing/processings/grdwind+windir_2025v6v12_2v0_0v3v9_0v0v6_0v0v6_1v4v3_1v0v15_1v0v10_1v2v5_1v2v2_1v1v1_1v2v1/cmod5n_ecmwf_norecal_rs2rcmgmfv4_28052025/rcm-1/L2M/sc50ma/rcm-1_sc50ma/2023/231/RCM1_OK2695794_PK2698893_1_SC50MA_20230819_013318_HH_HV_GRD/rcm1-sc50ma-owi-cm-20230819t013318-20230819t013436-00003-xxxxx.nc
ep092023,IRWIN,rcm1-sc50mb-owi-cm-20230819t132648-20230819t132805-00003-______ll_gd_GEO-IRWIN.nc,21.4027786254883,246.527572631836,"2023-08-19T13:26:48,000",/scale/user/mtannaou/alternance/donnees_sar_changes/rcm1-sc50mb-owi-cm-20230819t132648-20230819t132805-00003-xxxxx_aeqd.nc,rcm1-sc50mb-owi-cm-20230819t132648-20230819t132805-00003-xxxxx.nc,/home/datawork-cersat-public/cache/public/ftp/project/sarwing/processings/grdwind+windir_2025v6v12_2v0_0v3v9_0v0v6_0v0v6_1v4v3_1v0v15_1v0v10_1v2v5_1v2v2_1v1v1_1v2v1/cmod5n_ecmwf_norecal_rs2rcmgmfv4_28052025/rcm-1/L2M/sc50mb/rcm-1_sc50mb/2023/231/RCM1_OK2697375_PK2699668_1_SC50MB_20230819_132649_HH_HV_GRD/rcm1-sc50mb-owi-cm-20230819t132648-20230819t132805-00003-xxxxx.nc
ep092023,IRWIN,s1a-ew-owi-cm-20230819t013753-20230819t013856-000003-0601D3_ll_gd_GEO-IRWIN.nc,19.1600475311279,247.424774169922,"2023-08-19T01:37:53,000",/scale/user/mtannaou/alternance/donnees_sar_changes/s1a-ew-owi-cm-20230819t013753-20230819t013856-000003-0601D3_aeqd.nc,s1a-ew-owi-cm-20230819t013753-20230819t013856-000003-0601D3.nc,/home/datawork-cersat-public/cache/public/ftp/project/sarwing/processings/grdwind+windir_2025v6v12_2v0_0v3v9_0v0v6_0v0v6_1v4v3_1v0v15_1v0v10_1v2v5_1v2v2_1v1v1_1v2v1/cmod5n_ecmwf_norecal_rs2rcmgmfv4_28052025/sentinel-1a/L2M/EW/S1A_EW_GRDM_1S/2023/231/S1A_EW_GRDM_1SDV_20230819T013753_20230819T013856_049938_0601D3_C393/s1a-ew-owi-cm-20230819t013753-20230819t013856-000003-0601D3.nc
ep092023,IRWIN,rcm1-sclnd-owi-cm-20230820t133314-20230820t133432-00003-______ll_gd_GEO-IRWIN.nc,27.999059677124,244.720748901367,"2023-08-20T13:33:14,000",/scale/user/mtannaou/alternance/donnees_sar_changes/rcm1-sclnd-owi-cm-20230820t133314-20230820t133432-00003-xxxxx_aeqd.nc,rcm1-sclnd-owi-cm-20230820t133314-20230820t133432-00003-xxxxx.nc,/home/datawork-cersat-public/cache/public/ftp/project/sarwing/processings/grdwind+windir_2025v6v12_2v0_0v3v9_0v0v6_0v0v6_1v4v3_1v0v15_1v0v10_1v2v5_1v2v2_1v1v1_1v2v1/cmod5n_ecmwf_norecal_rs2rcmgmfv4_28052025/rcm-1/L2M/sclnd/rcm-1_sclnd/2023/232/RCM1_OK2699016_PK2701050_1_SCLND_20230820_133316_VV_VH_GRD/rcm1-sclnd-owi-cm-20230820t133314-20230820t133432-00003-xxxxx.nc
ep092023,IRWIN,rcm1-sc50ma-owi-cm-20230818t131956-20230818t132111-00003-______ll_gd_GEO-IRWIN.nc,17.2342929840088,248.970260620117,"2023-08-18T13:19:56,000",/scale/user/mtannaou/alternance/donnees_sar_changes/rcm1-sc50ma-owi-cm-20230818t131956-20230818t132111-00003-xxxxx_aeqd.nc,rcm1-sc50ma-owi-cm-20230818t131956-20230818t132111-00003-xxxxx.nc,/home/datawork-cersat-public/cache/public/ftp/project/sarwing/processings/grdwind+windir_2025v6v12_2v0_0v3v9_0v0v6_0v0v6_1v4v3_1v0v15_1v0v10_1v2v5_1v2v2_1v1v1_1v2v1/cmod5n_ecmwf_norecal_rs2rcmgmfv4_28052025/rcm-1/L2M/sc50ma/rcm-1_sc50ma/2023/230/RCM1_OK2695752_PK2698165_1_SC50MA_20230818_131945_HH_HV_GRD/rcm1-sc50ma-owi-cm-20230818t131956-20230818t132111-00003-xxxxx.nc
al132023,IRWIN,s1a-ew-owi-cm-20230908t092521-20230908t092624-000003-060BF1_ll_gd_GEO-IRWIN.nc,17.6060276031494,306.695373535156,"2023-09-08T09:25:21,000",/scale/user/mtannaou/alternance/donnees_sar_changes/s1a-ew-owi-cm-20230908t092521-20230908t092624-000003-060BF1_aeqd.nc,s1a-ew-owi-cm-20230908t092521-20230908t092624-000003-060BF1.nc,/home/datawork-cersat-public/cache/public/ftp/project/sarwing/processings/grdwind+windir_2025v6v12_2v0_0v3v9_0v0v6_0v0v6_1v4v3_1v0v15_1v0v10_1v2v5_1v2v2_1v1v1_1v2v1/cmod5n_ecmwf_norecal_rs2rcmgmfv4_28052025/sentinel-1a/L2M/EW/S1A_EW_GRDM_1S/2023/251/S1A_EW_GRDM_1SDV_20230908T092521_20230908T092624_050234_060BF1_6E7A/s1a-ew-owi-cm-20230908t092521-20230908t092624-000003-060BF1.nc
al132023,IRWIN,rcm1-sclnb-owi-cm-20230912t222941-20230912t223057-00003-______ll_gd_GEO-IRWIN.nc,24.6821022033691,293.615112304688,"2023-09-12T22:29:41,000",/scale/user/mtannaou/alternance/donnees_sar_changes/rcm1-sclnb-owi-cm-20230912t222941-20230912t223057-00003-xxxxx_aeqd.nc,rcm1-sclnb-owi-cm-20230912t222941-20230912t223057-00003-xxxxx.nc,/home/datawork-cersat-public/cache/public/ftp/project/sarwing/processings/grdwind+windir_2025v6v12_2v0_0v3v9_0v0v6_0v0v6_1v4v3_1v0v15_1v0v10_1v2v5_1v2v2_1v1v1_1v2v1/cmod5n_ecmwf_norecal_rs2rcmgmfv4_28052025/rcm-1/L2M/sclnb/rcm-1_sclnb/2023/255/RCM1_OK2737367_PK2742586_1_SCLNB_20230912_222943_VV_VH_GRD/rcm1-sclnb-owi-cm-20230912t222941-20230912t223057-00003-xxxxx.nc
al132023,IRWIN,rcm1-sclnb-owi-cm-20230910t095738-20230910t095854-00003-______ll_gd_GEO-IRWIN.nc,21.2981548309326,299.600341796875,"2023-09-10T09:57:38,000",/scale/user/mtannaou/alternance/donnees_sar_changes/rcm1-sclnb-owi-cm-20230910t095738-20230910t095854-00003-xxxxx_aeqd.nc,rcm1-sclnb-owi-cm-20230910t095738-20230910t095854-00003-xxxxx.nc,/home/datawork-cersat-public/cache/public/ftp/project/sarwing/processings/grdwind+windir_2025v6v12_2v0_0v3v9_0v0v6_0v0v6_1v4v3_1v0v15_1v0v10_1v2v5_1v2v2_1v1v1_1v2v1/cmod5n_ecmwf_norecal_rs2rcmgmfv4_28052025/rcm-1/L2M/sclnb/rcm-1_sclnb/2023/253/RCM1_OK2733382_PK2736562_1_SCLNB_20230910_095738_VV_VH_GRD/rcm1-sclnb-owi-cm-20230910t095738-20230910t095854-00003-xxxxx.nc
al132023,IRWIN,rcm1-sclnb-owi-cm-20230911t222124-20230911t222239-00003-______ll_gd_GEO-IRWIN.nc,23.5866584777832,295.849700927734,"2023-09-11T22:21:24,000",/scale/user/mtannaou/alternance/donnees_sar_changes/rcm1-sclnb-owi-cm-20230911t222124-20230911t222239-00003-xxxxx_aeqd.nc,rcm1-sclnb-owi-cm-20230911t222124-20230911t222239-00003-xxxxx.nc,/home/datawork-cersat-public/cache/public/ftp/project/sarwing/processings/grdwind+windir_2025v6v12_2v0_0v3v9_0v0v6_0v0v6_1v4v3_1v0v15_1v0v10_1v2v5_1v2v2_1v1v1_1v2v1/cmod5n_ecmwf_norecal_rs2rcmgmfv4_28052025/rcm-1/L2M/sclnb/rcm-1_sclnb/2023/254/RCM1_OK2736467_PK2739481_1_SCLNB_20230911_222125_VV_VH_GRD/rcm1-sclnb-owi-cm-20230911t222124-20230911t222239-00003-xxxxx.nc
al132023,IRWIN,rcm1-sc50mc-owi-cm-20230913t102040-20230913t102157-00003-______ll_gd_GEO-IRWIN.nc,25.5502471923828,292.991333007813,"2023-09-13T10:20:40,000",/scale/user/mtannaou/alternance/donnees_sar_changes/rcm1-sc50mc-owi-cm-20230913t102040-20230913t102157-00003-xxxxx_aeqd.nc,rcm1-sc50mc-owi-cm-20230913t102040-20230913t102157-00003-xxxxx.nc,/home/datawork-cersat-public/cache/public/ftp/project/sarwing/processings/grdwind+windir_2025v6v12_2v0_0v3v9_0v0v6_0v0v6_1v4v3_1v0v15_1v0v10_1v2v5_1v2v2_1v1v1_1v2v1/cmod5n_ecmwf_norecal_rs2rcmgmfv4_28052025/rcm-1/L2M/sc50mc/rcm-1_sc50mc/2023/256/RCM1_OK2739448_PK2743276_1_SC50MC_20230913_101840_HH_HV_GRD/rcm1-sc50mc-owi-cm-20230913t102040-20230913t102157-00003-xxxxx.nc
al132023,IRWIN,rcm1-sclnc-owi-cm-20230911t100516-20230911t100633-00003-______ll_gd_GEO-IRWIN.nc,22.9541988372803,297.263854980469,"2023-09-11T10:05:16,000",/scale/user/mtannaou/alternance/donnees_sar_changes/rcm1-sclnc-owi-cm-20230911t100516-20230911t100633-00003-xxxxx_aeqd.nc,rcm1-sclnc-owi-cm-20230911t100516-20230911t100633-00003-xxxxx.nc,/home/datawork-cersat-public/cache/public/ftp/project/sarwing/processings/grdwind+windir_2025v6v12_2v0_0v3v9_0v0v6_0v0v6_1v4v3_1v0v15_1v0v10_1v2v5_1v2v2_1v1v1_1v2v1/cmod5n_ecmwf_norecal_rs2rcmgmfv4_28052025/rcm-1/L2M/sclnc/rcm-1_sclnc/2023/254/RCM1_OK2736457_PK2738059_1_SCLNC_20230911_100517_VV_VH_GRD/rcm1-sclnc-owi-cm-20230911t100516-20230911t100633-00003-xxxxx.nc
al132023,IRWIN,rcm1-sclnb-owi-cm-20230909t220434-20230909t220551-00003-______ll_gd_GEO-IRWIN.nc,20.5347576141357,300.940765380859,"2023-09-09T22:04:34,000",/scale/user/mtannaou/alternance/donnees_sar_changes/rcm1-sclnb-owi-cm-20230909t220434-20230909t220551-00003-xxxxx_aeqd.nc,rcm1-sclnb-owi-cm-20230909t220434-20230909t220551-00003-xxxxx.nc,/home/datawork-cersat-public/cache/public/ftp/project/sarwing/processings/grdwind+windir_2025v6v12_2v0_0v3v9_0v0v6_0v0v6_1v4v3_1v0v15_1v0v10_1v2v5_1v2v2_1v1v1_1v2v1/cmod5n_ecmwf_norecal_rs2rcmgmfv4_28052025/rcm-1/L2M/sclnb/rcm-1_sclnb/2023/252/RCM1_OK2729852_PK2735915_1_SCLNB_20230909_220434_VV_VH_GRD/rcm1-sclnb-owi-cm-20230909t220434-20230909t220551-00003-xxxxx.nc
al132023,IRWIN,rcm1-sclnb-owi-cm-20230910t221257-20230910t221412-00003-______ll_gd_GEO-IRWIN.nc,22.0452518463135,298.407928466797,"2023-09-10T22:12:57,000",/scale/user/mtannaou/alternance/donnees_sar_changes/rcm1-sclnb-owi-cm-20230910t221257-20230910t221412-00003-xxxxx_aeqd.nc,rcm1-sclnb-owi-cm-20230910t221257-20230910t221412-00003-xxxxx.nc,/home/datawork-cersat-public/cache/public/ftp/project/sarwing/processings/grdwind+windir_2025v6v12_2v0_0v3v9_0v0v6_0v0v6_1v4v3_1v0v15_1v0v10_1v2v5_1v2v2_1v1v1_1v2v1/cmod5n_ecmwf_norecal_rs2rcmgmfv4_28052025/rcm-1/L2M/sclnb/rcm-1_sclnb/2023/253/RCM1_OK2733423_PK2737203_1_SCLNB_20230910_221258_VV_VH_GRD/rcm1-sclnb-owi-cm-20230910t221257-20230910t221412-00003-xxxxx.nc
al132023,IRWIN,s1a-iw-owi-cm-20230908t215511-20230908t215716-000003-060C3F_ll_gd_GEO-IRWIN.nc,18.6738376617432,304.612426757813,"2023-09-08T21:55:11,000",,s1a-iw-owi-cm-20230908t215352-20230908t215716-000003-060C3F.nc,/home/datawork-cersat-public/cache/public/ftp/project/sarwing/processings/grdwind+windir_2025v6v12_2v0_0v3v9_0v0v6_0v0v6_1v4v3_1v0v15_1v0v10_1v2v5_1v2v2_1v1v1_1v2v1/cmod5n_ecmwf_norecal_rs2rcmgmfv4_28052025/sentinel-1a/L2M/IW/S1A_IW_GRDH_1S/2023/251/S1A_IW_GRDH_1SDV_20230908T215352_20230908T215716_050242_060C3F_19F3X3C68X44B8X5751X67EDX879CXA205XD09F/s1a-iw-owi-cm-20230908t215352-20230908t215716-000003-060C3F.nc
al132023,IRWIN,rcm1-sc50mc-owi-cm-20230913t223823-20230913t223941-00003-______ll_gd_GEO-IRWIN.nc,27.1672401428223,292.290191650391,"2023-09-13T22:38:23,000",/scale/user/mtannaou/alternance/donnees_sar_changes/rcm1-sc50mc-owi-cm-20230913t223823-20230913t223941-00003-xxxxx_aeqd.nc,rcm1-sc50mc-owi-cm-20230913t223823-20230913t223941-00003-xxxxx.nc,/home/datawork-cersat-public/cache/public/ftp/project/sarwing/processings/grdwind+windir_2025v6v12_2v0_0v3v9_0v0v6_0v0v6_1v4v3_1v0v15_1v0v10_1v2v5_1v2v2_1v1v1_1v2v1/cmod5n_ecmwf_norecal_rs2rcmgmfv4_28052025/rcm-1/L2M/sc50mc/rcm-1_sc50mc/2023/256/RCM1_OK2739485_PK2744626_1_SC50MC_20230913_223825_HH_HV_GRD/rcm1-sc50mc-owi-cm-20230913t223823-20230913t223941-00003-xxxxx.nc
al132023,IRWIN,rcm1-sc50ma-owi-cm-20230916t104119-20230916t104139-00003-______ll_gd_GEO-IRWIN.nc,41.846134185791,293.855010986328,"2023-09-16T10:41:19,000",/scale/user/mtannaou/alternance/donnees_sar_changes/rcm1-sc50ma-owi-cm-20230916t104119-20230916t104139-00003-xxxxx_aeqd.nc,rcm1-sc50ma-owi-cm-20230916t104141-20230916t104158-00003-xxxxx.nc,/home/datawork-cersat-public/cache/public/ftp/project/sarwing/processings/grdwind+windir_2025v6v12_2v0_0v3v9_0v0v6_0v0v6_1v4v3_1v0v15_1v0v10_1v2v5_1v2v2_1v1v1_1v2v1/cmod5n_ecmwf_norecal_rs2rcmgmfv4_28052025/rcm-1/L2M/sc50ma/rcm-1_sc50ma/2023/259/RCM1_OK2429440_PK2748456_1_SC50MA_20230916_104144_HH_HV_GRD/rcm1-sc50ma-owi-cm-20230916t104141-20230916t104158-00003-xxxxx.nc
al132023,IRWIN,rcm2-sc50ma-owi-cm-20230917t101537-20230917t101607-00003-______ll_gd_GEO-IRWIN.nc,46.4993705749512,295.828308105469,"2023-09-17T10:15:37,000",/scale/user/mtannaou/alternance/donnees_sar_changes/rcm2-sc50ma-owi-cm-20230917t101537-20230917t101607-00003-xxxxx_aeqd.nc,rcm2-sc50ma-owi-cm-20230917t101444-20230917t101607-00003-xxxxx.nc,/home/datawork-cersat-public/cache/public/ftp/project/sarwing/processings/grdwind+windir_2025v6v12_2v0_0v3v9_0v0v6_0v0v6_1v4v3_1v0v15_1v0v10_1v2v5_1v2v2_1v1v1_1v2v1/cmod5n_ecmwf_norecal_rs2rcmgmfv4_28052025/rcm-2/L2M/sc50ma/rcm-2_sc50ma/2023/260/RCM2_OK2430423_PK2749616_1X2_SC50MA_20230917_101446_VV_VH_GRD/rcm2-sc50ma-owi-cm-20230917t101444-20230917t101607-00003-xxxxx.nc
al132023,IRWIN,rcm3-sc50ma-owi-cm-20230916t220316-20230916t220344-00003-______ll_gd_GEO-IRWIN.nc,44.3166770935059,293.702514648438,"2023-09-16T22:03:16,000",/scale/user/mtannaou/alternance/donnees_sar_changes/rcm3-sc50ma-owi-cm-20230916t220316-20230916t220344-00003-xxxxx_aeqd.nc,rcm3-sc50ma-owi-cm-20230916t220316-20230916t220344-00003-xxxxx.nc,/home/datawork-cersat-public/cache/public/ftp/project/sarwing/processings/grdwind+windir_2025v6v12_2v0_0v3v9_0v0v6_0v0v6_1v4v3_1v0v15_1v0v10_1v2v5_1v2v2_1v1v1_1v2v1/cmod5n_ecmwf_norecal_rs2rcmgmfv4_28052025/rcm-3/L2M/sc50ma/rcm-3_sc50ma/2023/259/RCM3_OK2429440_PK2749081_2_SC50MA_20230916_220206_HH_HV_GRD/rcm3-sc50ma-owi-cm-20230916t220316-20230916t220344-00003-xxxxx.nc
al132023,IRWIN,rcm2-sclnd-owi-cm-20230907t090310-20230907t090426-00003-______ll_gd_GEO-IRWIN.nc,15.6898422241211,311.591949462891,"2023-09-07T09:03:10,000",/scale/user/mtannaou/alternance/donnees_sar_changes/rcm2-sclnd-owi-cm-20230907t090310-20230907t090426-00003-xxxxx_aeqd.nc,rcm2-sclnd-owi-cm-20230907t090310-20230907t090426-00003-xxxxx.nc,/home/datawork-cersat-public/cache/public/ftp/project/sarwing/processings/grdwind+windir_2025v6v12_2v0_0v3v9_0v0v6_0v0v6_1v4v3_1v0v15_1v0v10_1v2v5_1v2v2_1v1v1_1v2v1/cmod5n_ecmwf_norecal_rs2rcmgmfv4_28052025/rcm-2/L2M/sclnd/rcm-2_sclnd/2023/250/RCM2_OK2725958_PK2728657_1_SCLND_20230907_090310_VV_VH_GRD/rcm2-sclnd-owi-cm-20230907t090310-20230907t090426-00003-xxxxx.nc
al132023,IRWIN,s1a-iw-owi-cm-20230911t222105-20230911t222154-000003-060DC0_ll_gd_GEO-IRWIN.nc,23.5866584777832,295.849700927734,"2023-09-11T22:21:05,000",,rcm1-sclnb-owi-cm-20230911t222124-20230911t222239-00003-xxxxx.nc,/home/datawork-cersat-public/cache/public/ftp/project/sarwing/processings/grdwind+windir_2025v6v12_2v0_0v3v9_0v0v6_0v0v6_1v4v3_1v0v15_1v0v10_1v2v5_1v2v2_1v1v1_1v2v1/cmod5n_ecmwf_norecal_rs2rcmgmfv4_28052025/rcm-1/L2M/sclnb/rcm-1_sclnb/2023/254/RCM1_OK2736467_PK2739481_1_SCLNB_20230911_222125_VV_VH_GRD/rcm1-sclnb-owi-cm-20230911t222124-20230911t222239-00003-xxxxx.nc
al132023,IRWIN,rcm1-sc50mc-owi-cm-20230914t102749-20230914t102906-00003-______ll_gd_GEO-IRWIN.nc,29.0202331542969,291.918884277344,"2023-09-14T10:27:49,000",/scale/user/mtannaou/alternance/donnees_sar_changes/rcm1-sc50mc-owi-cm-20230914t102749-20230914t102906-00003-xxxxx_aeqd.nc,rcm1-sc50mc-owi-cm-20230914t102749-20230914t102906-00003-xxxxx.nc,/home/datawork-cersat-public/cache/public/ftp/project/sarwing/processings/grdwind+windir_2025v6v12_2v0_0v3v9_0v0v6_0v0v6_1v4v3_1v0v15_1v0v10_1v2v5_1v2v2_1v1v1_1v2v1/cmod5n_ecmwf_norecal_rs2rcmgmfv4_28052025/rcm-1/L2M/sc50mc/rcm-1_sc50mc/2023/257/RCM1_OK2741525_PK2745220_1_SC50MC_20230914_102635_HH_HV_GRD/rcm1-sc50mc-owi-cm-20230914t102749-20230914t102906-00003-xxxxx.nc
al132023,IRWIN,rcm1-sclna-owi-cm-20230909t094956-20230909t095112-00003-______ll_gd_GEO-IRWIN.nc,19.6661605834961,302.704223632813,"2023-09-09T09:49:56,000",/scale/user/mtannaou/alternance/donnees_sar_changes/rcm1-sclna-owi-cm-20230909t094956-20230909t095112-00003-xxxxx_aeqd.nc,rcm1-sclna-owi-cm-20230909t094956-20230909t095112-00003-xxxxx.nc,/home/datawork-cersat-public/cache/public/ftp/project/sarwing/processings/grdwind+windir_2025v6v12_2v0_0v3v9_0v0v6_0v0v6_1v4v3_1v0v15_1v0v10_1v2v5_1v2v2_1v1v1_1v2v1/cmod5n_ecmwf_norecal_rs2rcmgmfv4_28052025/rcm-1/L2M/sclna/rcm-1_sclna/2023/252/RCM1_OK2729842_PK2735191_1_SCLNA_20230909_094955_VV_VH_GRD/rcm1-sclna-owi-cm-20230909t094956-20230909t095112-00003-xxxxx.nc
al132023,IRWIN,rcm1-sclnc-owi-cm-20230912t101305-20230912t101421-00003-______ll_gd_GEO-IRWIN.nc,23.963171005249,294.669189453125,"2023-09-12T10:13:05,000",/scale/user/mtannaou/alternance/donnees_sar_changes/rcm1-sclnc-owi-cm-20230912t101305-20230912t101421-00003-xxxxx_aeqd.nc,rcm1-sclnc-owi-cm-20230912t101305-20230912t101421-00003-xxxxx.nc,/home/datawork-cersat-public/cache/public/ftp/project/sarwing/processings/grdwind+windir_2025v6v12_2v0_0v3v9_0v0v6_0v0v6_1v4v3_1v0v15_1v0v10_1v2v5_1v2v2_1v1v1_1v2v1/cmod5n_ecmwf_norecal_rs2rcmgmfv4_28052025/rcm-1/L2M/sclnc/rcm-1_sclnc/2023/255/RCM1_OK2737159_PK2740542_1_SCLNC_20230912_101305_VV_VH_GRD/rcm1-sclnc-owi-cm-20230912t101305-20230912t101421-00003-xxxxx.nc
al132023,IRWIN,rcm1-sclnd-owi-cm-20230907t214712-20230907t214830-00003-______ll_gd_GEO-IRWIN.nc,16.728458404541,308.936462402344,"2023-09-07T21:47:12,000",/scale/user/mtannaou/alternance/donnees_sar_changes/rcm1-sclnd-owi-cm-20230907t214712-20230907t214830-00003-xxxxx_aeqd.nc,rcm1-sclnd-owi-cm-20230907t214712-20230907t214830-00003-xxxxx.nc,/home/datawork-cersat-public/cache/public/ftp/project/sarwing/processings/grdwind+windir_2025v6v12_2v0_0v3v9_0v0v6_0v0v6_1v4v3_1v0v15_1v0v10_1v2v5_1v2v2_1v1v1_1v2v1/cmod5n_ecmwf_norecal_rs2rcmgmfv4_28052025/rcm-1/L2M/sclnd/rcm-1_sclnd/2023/250/RCM1_OK2726016_PK2731361_1_SCLND_20230907_214713_VV_VH_GRD/rcm1-sclnd-owi-cm-20230907t214712-20230907t214830-00003-xxxxx.nc
al132023,IRWIN,rcm2-sc50md-owi-cm-20230915t222613-20230915t222657-00003-______ll_gd_GEO-IRWIN.nc,37.7893753051758,293.666748046875,"2023-09-15T22:26:13,000",/scale/user/mtannaou/alternance/donnees_sar_changes/rcm2-sc50md-owi-cm-20230915t222613-20230915t222657-00003-xxxxx_aeqd.nc,rcm2-sc50md-owi-cm-20230915t222613-20230915t222657-00003-xxxxx.nc,/home/datawork-cersat-public/cache/public/ftp/project/sarwing/processings/grdwind+windir_2025v6v12_2v0_0v3v9_0v0v6_0v0v6_1v4v3_1v0v15_1v0v10_1v2v5_1v2v2_1v1v1_1v2v1/cmod5n_ecmwf_norecal_rs2rcmgmfv4_28052025/rcm-2/L2M/sc50md/rcm-2_sc50md/2023/258/RCM2_OK2429440_PK2747852_1_SC50MD_20230915_222615_VV_VH_GRD/rcm2-sc50md-owi-cm-20230915t222613-20230915t222657-00003-xxxxx.nc
al132023,IRWIN,rcm1-sclnc-owi-cm-20230908t215553-20230908t215709-00003-______ll_gd_GEO-IRWIN.nc,18.6738376617432,304.612426757813,"2023-09-08T21:55:53,000",/scale/user/mtannaou/alternance/donnees_sar_changes/rcm1-sclnc-owi-cm-20230908t215553-20230908t215709-00003-xxxxx_aeqd.nc,rcm1-sclnc-owi-cm-20230908t215553-20230908t215709-00003-xxxxx.nc,/home/datawork-cersat-public/cache/public/ftp/project/sarwing/processings/grdwind+windir_2025v6v12_2v0_0v3v9_0v0v6_0v0v6_1v4v3_1v0v15_1v0v10_1v2v5_1v2v2_1v1v1_1v2v1/cmod5n_ecmwf_norecal_rs2rcmgmfv4_28052025/rcm-1/L2M/sclnc/rcm-1_sclnc/2023/251/RCM1_OK2727439_PK2734350_1_SCLNC_20230908_215555_VV_VH_GRD/rcm1-sclnc-owi-cm-20230908t215553-20230908t215709-00003-xxxxx.nc
wp162021,IRWIN,rcm2-sc50ma-owi-cm-20210821t093301-20210821t093805-00003-______ll_gd_GEO-IRWIN.nc,22.3265018463135,127.458831787109,"2021-08-21T09:33:01,000",/scale/user/mtannaou/alternance/donnees_sar_changes/rcm2-sc50ma-owi-cm-20210821t093301-20210821t093805-00003-xxxxx_aeqd.nc,rcm2-sc50ma-owi-cm-20210821t093301-20210821t093805-00003-xxxxx.nc,/home/datawork-cersat-public/cache/public/ftp/project/sarwing/processings/grdwind+windir_2025v6v12_2v0_0v3v9_0v0v6_0v0v6_1v4v3_1v0v15_1v0v10_1v2v5_1v2v2_1v1v1_1v2v1/cmod5n_ecmwf_norecal_rs2rcmgmfv4_28052025/rcm-2/L2M/sc50ma/rcm-2_sc50ma/2021/233/RCM2_OK2378058_PK2383732_4_SC50MA_20210821_093316_HH_HV_GRD/rcm2-sc50ma-owi-cm-20210821t093301-20210821t093805-00003-xxxxx.nc
wp162021,IRWIN,rcm2-sc50mc-owi-cm-20210821t212422-20210821t213358-00003-______ll_gd_GEO-IRWIN.nc,23.7421360015869,126.260429382324,"2021-08-21T21:24:22,000",,rcm2-sc50mc-owi-cm-20210821t212422-20210821t213358-00003-xxxxx.nc,/home/datawork-cersat-public/cache/public/ftp/project/sarwing/processings/grdwind+windir_2025v6v12_2v0_0v3v9_0v0v6_0v0v6_1v4v3_1v0v15_1v0v10_1v2v5_1v2v2_1v1v1_1v2v1/cmod5n_ecmwf_norecal_rs2rcmgmfv4_28052025/rcm-2/L2M/sc50mc/rcm-2_sc50mc/2021/233/RCM2_OK2378058_PK2383733_4_SC50MC_20210821_212434_HH_HV_GRD/rcm2-sc50mc-owi-cm-20210821t212422-20210821t213358-00003-xxxxx.nc
wp162021,IRWIN,rcm2-sc50mc-owi-cm-20210820t211551-20210820t212559-00003-______ll_gd_GEO-IRWIN.nc,20.3608741760254,129.018264770508,"2021-08-20T21:15:51,000",,rcm2-sc50mc-owi-cm-20210820t211551-20210820t212559-00003-xxxxx.nc,/home/datawork-cersat-public/cache/public/ftp/project/sarwing/processings/grdwind+windir_2025v6v12_2v0_0v3v9_0v0v6_0v0v6_1v4v3_1v0v15_1v0v10_1v2v5_1v2v2_1v1v1_1v2v1/cmod5n_ecmwf_norecal_rs2rcmgmfv4_28052025/rcm-2/L2M/sc50mc/rcm-2_sc50mc/2021/232/RCM2_OK2378058_PK2383735_5_SC50MC_20210820_211606_HH_HV_GRD/rcm2-sc50mc-owi-cm-20210820t211551-20210820t212559-00003-xxxxx.nc
wp222021,IRWIN,s1b-iw-owi-cm-20211009t104835-20211009t104954-000003-0377A7_ll_gd_GEO-IRWIN.nc,19.8795490264893,109.294815063477,"2021-10-09T10:48:35,000",/scale/user/mtannaou/alternance/donnees_sar_changes/s1b-iw-owi-cm-20211009t104835-20211009t104954-000003-0377A7_aeqd.nc,s1b-iw-owi-cm-20211009t104835-20211009t104954-000003-0377A7.nc,/home/datawork-cersat-public/cache/public/ftp/project/sarwing/processings/grdwind+windir_2025v6v12_2v0_0v3v9_0v0v6_0v0v6_1v4v3_1v0v15_1v0v10_1v2v5_1v2v2_1v1v1_1v2v1/cmod5n_ecmwf_norecal_rs2rcmgmfv4_28052025/sentinel-1b/L2M/IW/S1B_IW_GRDH_1S/2021/282/S1B_IW_GRDH_1SDV_20211009T104835_20211009T104954_029058_0377A7_35DBX4F3DX56E9/s1b-iw-owi-cm-20211009t104835-20211009t104954-000003-0377A7.nc
sh182023,IRWIN,rcm3-sclna-owi-cm-20230410t100737-20230410t100853-00003-______ll_gd_GEO-IRWIN.nc,-12.9175729751587,123.455451965332,"2023-04-10T10:07:37,000",/scale/user/mtannaou/alternance/donnees_sar_changes/rcm3-sclna-owi-cm-20230410t100737-20230410t100853-00003-xxxxx_aeqd.nc,rcm3-sclna-owi-cm-20230410t100737-20230410t100853-00003-xxxxx.nc,/home/datawork-cersat-public/cache/public/ftp/project/sarwing/processings/grdwind+windir_2025v6v12_2v0_0v3v9_0v0v6_0v0v6_1v4v3_1v0v15_1v0v10_1v2v5_1v2v2_1v1v1_1v2v1/cmod5n_ecmwf_norecal_rs2rcmgmfv4_28052025/rcm-3/L2M/sclna/rcm-3_sclna/2023/100/RCM3_OK2508718_PK2509717_1_SCLNA_20230410_100737_VV_VH_GRD/rcm3-sclna-owi-cm-20230410t100737-20230410t100853-00003-xxxxx.nc
sh182023,IRWIN,rcm3-sclna-owi-cm-20230411t101505-20230411t101649-00003-______ll_gd_GEO-IRWIN.nc,-14.3381032943726,121.029014587402,"2023-04-11T10:15:05,000",/scale/user/mtannaou/alternance/donnees_sar_changes/rcm3-sclna-owi-cm-20230411t101505-20230411t101649-00003-xxxxx_aeqd.nc,rcm3-sclna-owi-cm-20230411t101505-20230411t101649-00003-xxxxx.nc,/home/datawork-cersat-public/cache/public/ftp/project/sarwing/processings/grdwind+windir_2025v6v12_2v0_0v3v9_0v0v6_0v0v6_1v4v3_1v0v15_1v0v10_1v2v5_1v2v2_1v1v1_1v2v1/cmod5n_ecmwf_norecal_rs2rcmgmfv4_28052025/rcm-3/L2M/sclna/rcm-3_sclna/2023/101/RCM3_OK2509294_PK2510930_1_SCLNA_20230411_101519_VV_VH_GRD/rcm3-sclna-owi-cm-20230411t101505-20230411t101649-00003-xxxxx.nc
sh182023,IRWIN,s1a-ew-owi-cm-20230413t213926-20230413t214036-000003-05C7B9_ll_gd_GEO-IRWIN.nc,-20.770809173584,120.23095703125,"2023-04-13T21:39:26,000",/scale/user/mtannaou/alternance/donnees_sar_changes/s1a-ew-owi-cm-20230413t213926-20230413t214036-000003-05C7B9_aeqd.nc,rcm2-sclna-owi-cm-20230413t214014-20230413t214154-00003-xxxxx.nc,/home/datawork-cersat-public/cache/public/ftp/project/sarwing/processings/grdwind+windir_2025v6v12_2v0_0v3v9_0v0v6_0v0v6_1v4v3_1v0v15_1v0v10_1v2v5_1v2v2_1v1v1_1v2v1/cmod5n_ecmwf_norecal_rs2rcmgmfv4_28052025/rcm-2/L2M/sclna/rcm-2_sclna/2023/103/RCM2_OK2514072_PK2514073_1_SCLNA_20230413_214028_VV_VH_GRD/rcm2-sclna-owi-cm-20230413t214014-20230413t214154-00003-xxxxx.nc
sh182023,IRWIN,rcm3-sclnb-owi-cm-20230413t103016-20230413t103133-00003-______ll_gd_GEO-IRWIN.nc,-19.0541095733643,118.774238586426,"2023-04-13T10:30:16,000",/scale/user/mtannaou/alternance/donnees_sar_changes/rcm3-sclnb-owi-cm-20230413t103016-20230413t103133-00003-xxxxx_aeqd.nc,rcm3-sclnb-owi-cm-20230413t103016-20230413t103133-00003-xxxxx.nc,/home/datawork-cersat-public/cache/public/ftp/project/sarwing/processings/grdwind+windir_2025v6v12_2v0_0v3v9_0v0v6_0v0v6_1v4v3_1v0v15_1v0v10_1v2v5_1v2v2_1v1v1_1v2v1/cmod5n_ecmwf_norecal_rs2rcmgmfv4_28052025/rcm-3/L2M/sclnb/rcm-3_sclnb/2023/103/RCM3_OK2511436_PK2512951_1_SCLNB_20230413_103016_VV_VH_GRD/rcm3-sclnb-owi-cm-20230413t103016-20230413t103133-00003-xxxxx.nc
sh182023,IRWIN,rcm2-sclnb-owi-cm-20230412t213217-20230412t213332-00003-______ll_gd_GEO-IRWIN.nc,-17.3161754608154,119.009513854981,"2023-04-12T21:32:17,000",/scale/user/mtannaou/alternance/donnees_sar_changes/rcm2-sclnb-owi-cm-20230412t213217-20230412t213332-00003-xxxxx_aeqd.nc,rcm2-sclnb-owi-cm-20230412t213217-20230412t213332-00003-xxxxx.nc,/home/datawork-cersat-public/cache/public/ftp/project/sarwing/processings/grdwind+windir_2025v6v12_2v0_0v3v9_0v0v6_0v0v6_1v4v3_1v0v15_1v0v10_1v2v5_1v2v2_1v1v1_1v2v1/cmod5n_ecmwf_norecal_rs2rcmgmfv4_28052025/rcm-2/L2M/sclnb/rcm-2_sclnb/2023/102/RCM2_OK2510073_PK2512493_1_SCLNB_20230412_213216_VV_VH_GRD/rcm2-sclnb-owi-cm-20230412t213217-20230412t213332-00003-xxxxx.nc
sh182023,IRWIN,rcm2-sclna-owi-cm-20230413t214014-20230413t214154-00003-______ll_gd_GEO-IRWIN.nc,-20.770809173584,120.23095703125,"2023-04-13T21:40:14,000",/scale/user/mtannaou/alternance/donnees_sar_changes/rcm2-sclna-owi-cm-20230413t214014-20230413t214154-00003-xxxxx_aeqd.nc,rcm2-sclna-owi-cm-20230413t214014-20230413t214154-00003-xxxxx.nc,/home/datawork-cersat-public/cache/public/ftp/project/sarwing/processings/grdwind+windir_2025v6v12_2v0_0v3v9_0v0v6_0v0v6_1v4v3_1v0v15_1v0v10_1v2v5_1v2v2_1v1v1_1v2v1/cmod5n_ecmwf_norecal_rs2rcmgmfv4_28052025/rcm-2/L2M/sclna/rcm-2_sclna/2023/103/RCM2_OK2514072_PK2514073_1_SCLNA_20230413_214028_VV_VH_GRD/rcm2-sclna-owi-cm-20230413t214014-20230413t214154-00003-xxxxx.nc
sh052020,IRWIN,s1a-ew-owi-cm-20191231t144416-20191231t144620-000003-03813D_ll_gd_GEO-IRWIN.nc,-22.8410968780518,58.6832122802734,"2019-12-31T14:44:16,000",,s1a-ew-owi-cm-20191231t144416-20191231t144721-000003-03813D.nc,/home/datawork-cersat-public/cache/public/ftp/project/sarwing/processings/grdwind+windir_2025v6v12_2v0_0v3v9_0v0v6_0v0v6_1v4v3_1v0v15_1v0v10_1v2v5_1v2v2_1v1v1_1v2v1/cmod5n_ecmwf_norecal_rs2rcmgmfv4_28052025/sentinel-1a/L2M/EW/S1A_EW_GRDM_1S/2019/365/S1A_EW_GRDM_1SDV_20191231T144416_20191231T144721_030593_03813D_1B20X6EF0X8483/s1a-ew-owi-cm-20191231t144416-20191231t144721-000003-03813D.nc
wp152019,IRWIN,s1b-iw-owi-cm-20190905t214131-20190905t214336-000003-021B40_ll_gd_GEO-IRWIN.nc,27.2386054992676,125.158042907715,"2019-09-05T21:41:31,000",,s1b-iw-owi-cm-20190905t214016-20190905t214336-000003-021B40.nc,/home/datawork-cersat-public/cache/public/ftp/project/sarwing/processings/grdwind+windir_2025v6v12_2v0_0v3v9_0v0v6_0v0v6_1v4v3_1v0v15_1v0v10_1v2v5_1v2v2_1v1v1_1v2v1/cmod5n_ecmwf_norecal_rs2rcmgmfv4_28052025/sentinel-1b/L2M/IW/S1B_IW_GRDH_1S/2019/248/S1B_IW_GRDH_1SDV_20190905T214016_20190905T214336_017908_021B40_36B2X3FDCX4E14X8C36XA132XBF75XC30BXD80C/s1b-iw-owi-cm-20190905t214016-20190905t214336-000003-021B40.nc
wp152019,IRWIN,rs2-scwa-owi-cm-20190906t094312-20190906t094536-00003-______ll_gd_GEO-IRWIN.nc,30.0339069366455,125.203033447266,"2019-09-06T09:43:12,000",/scale/user/mtannaou/alternance/donnees_sar_changes/rs2-scwa-owi-cm-20190906t094312-20190906t094536-00003-xxxxx_aeqd.nc,rs2-scwa-owi-cm-20190906t094312-20190906t094536-00003-xxxxx.nc,/home/datawork-cersat-public/cache/public/ftp/project/sarwing/processings/grdwind+windir_2025v6v12_2v0_0v3v9_0v0v6_0v0v6_1v4v3_1v0v15_1v0v10_1v2v5_1v2v2_1v1v1_1v2v1/cmod5n_ecmwf_norecal_rs2rcmgmfv4_28052025/RS2/L2M/SCWA/RS2_SCWA/2019/249/RS2_OK113214_PK991356X357_DK929792X793_SCWA_20190906_094312_094420_VV_VH_SGF/rs2-scwa-owi-cm-20190906t094312-20190906t094536-00003-xxxxx.nc
wp152019,IRWIN,s1b-iw-owi-cm-20190905t093531-20190905t093735-000003-021B00_ll_gd_GEO-IRWIN.nc,25.1862564086914,125.306396484375,"2019-09-05T09:35:31,000",/scale/user/mtannaou/alternance/donnees_sar_changes/s1b-iw-owi-cm-20190905t093531-20190905t093735-000003-021B00_aeqd.nc,s1b-iw-owi-cm-20190905t093531-20190905t093735-000003-021B00.nc,/home/datawork-cersat-public/cache/public/ftp/project/sarwing/processings/grdwind+windir_2025v6v12_2v0_0v3v9_0v0v6_0v0v6_1v4v3_1v0v15_1v0v10_1v2v5_1v2v2_1v1v1_1v2v1/cmod5n_ecmwf_norecal_rs2rcmgmfv4_28052025/sentinel-1b/L2M/IW/S1B_IW_GRDH_1S/2019/248/S1B_IW_GRDH_1SDV_20190905T093531_20190905T093735_017901_021B00_1D22X2061X4844X634BXC313/s1b-iw-owi-cm-20190905t093531-20190905t093735-000003-021B00.nc
al012020,IRWIN,s1a-iw-owi-cm-20200516t232006-20200516t232121-000003-03C684_ll_gd_GEO-IRWIN.nc,28.5527496337891,281.727813720703,"2020-05-16T23:20:06,000",/scale/user/mtannaou/alternance/donnees_sar_changes/s1a-iw-owi-cm-20200516t232006-20200516t232121-000003-03C684_aeqd.nc,s1a-iw-owi-cm-20200516t232006-20200516t232121-000003-03C684.nc,/home/datawork-cersat-public/cache/public/ftp/project/sarwing/processings/grdwind+windir_2025v6v12_2v0_0v3v9_0v0v6_0v0v6_1v4v3_1v0v15_1v0v10_1v2v5_1v2v2_1v1v1_1v2v1/cmod5n_ecmwf_norecal_rs2rcmgmfv4_28052025/sentinel-1a/L2M/IW/S1A_IW_GRDH_1S/2020/137/S1A_IW_GRDH_1SDV_20200516T232006_20200516T232121_032597_03C684_0F85X3840XC2D4/s1a-iw-owi-cm-20200516t232006-20200516t232121-000003-03C684.nc
wp222020,IRWIN,rs2-scwa-owi-cm-20201030t211604-20201030t211719-00003-______ll_gd_GEO-IRWIN.nc,15.7034873962402,129.656509399414,"2020-10-30T21:16:04,000",/scale/user/mtannaou/alternance/donnees_sar_changes/rs2-scwa-owi-cm-20201030t211604-20201030t211719-00003-xxxxx_aeqd.nc,rs2-scwa-owi-cm-20201030t211604-20201030t211719-00003-xxxxx.nc,/home/datawork-cersat-public/cache/public/ftp/project/sarwing/processings/grdwind+windir_2025v6v12_2v0_0v3v9_0v0v6_0v0v6_1v4v3_1v0v15_1v0v10_1v2v5_1v2v2_1v1v1_1v2v1/cmod5n_ecmwf_norecal_rs2rcmgmfv4_28052025/RS2/L2M/SCWA/RS2_SCWA/2020/304/RS2_OK125612_PK1098048_DK1043918_SCWA_20201030_211604_211604_VV_VH_SCF/rs2-scwa-owi-cm-20201030t211604-20201030t211719-00003-xxxxx.nc
wp222020,IRWIN,s1b-iw-owi-cm-20201031t212858-20201031t213128-000003-02DBDB_ll_gd_GEO-IRWIN.nc,13.5283823013306,124.726661682129,"2020-10-31T21:28:58,000",,s1b-iw-owi-cm-20201031t212804-20201031t213128-000003-02DBDB.nc,/home/datawork-cersat-public/cache/public/ftp/project/sarwing/processings/grdwind+windir_2025v6v12_2v0_0v3v9_0v0v6_0v0v6_1v4v3_1v0v15_1v0v10_1v2v5_1v2v2_1v1v1_1v2v1/cmod5n_ecmwf_norecal_rs2rcmgmfv4_28052025/sentinel-1b/L2M/IW/S1B_IW_GRDH_1S/2020/305/S1B_IW_GRDH_1SDV_20201031T212804_20201031T213128_024062_02DBDB_2CDFX426AX9CE9XA5C1XAC50XB56BXCB40XF489/s1b-iw-owi-cm-20201031t212804-20201031t213128-000003-02DBDB.nc
wp222020,IRWIN,s1a-ew-owi-cm-20201030t092540-20201030t092711-000003-0415F8_ll_gd_GEO-IRWIN.nc,16.2644786834717,131.273513793945,"2020-10-30T09:25:40,000",/scale/user/mtannaou/alternance/donnees_sar_changes/s1a-ew-owi-cm-20201030t092540-20201030t092711-000003-0415F8_aeqd.nc,s1a-ew-owi-cm-20201030t092540-20201030t092711-000003-0415F8.nc,/home/datawork-cersat-public/cache/public/ftp/project/sarwing/processings/grdwind+windir_2025v6v12_2v0_0v3v9_0v0v6_0v0v6_1v4v3_1v0v15_1v0v10_1v2v5_1v2v2_1v1v1_1v2v1/cmod5n_ecmwf_norecal_rs2rcmgmfv4_28052025/sentinel-1a/L2M/EW/S1A_EW_GRDM_1S/2020/304/S1A_EW_GRDM_1SDV_20201030T092540_20201030T092711_035024_0415F8_B3E7XD6E2/s1a-ew-owi-cm-20201030t092540-20201030t092711-000003-0415F8.nc
wp222020,IRWIN,s1a-ew-owi-cm-20201102t220236-20201102t220406-000003-0417BC_ll_gd_GEO-IRWIN.nc,15.0185461044312,115.828384399414,"2020-11-02T22:02:36,000",/scale/user/mtannaou/alternance/donnees_sar_changes/s1a-ew-owi-cm-20201102t220236-20201102t220406-000003-0417BC_aeqd.nc,s1a-ew-owi-cm-20201102t220236-20201102t220406-000003-0417BC.nc,/home/datawork-cersat-public/cache/public/ftp/project/sarwing/processings/grdwind+windir_2025v6v12_2v0_0v3v9_0v0v6_0v0v6_1v4v3_1v0v15_1v0v10_1v2v5_1v2v2_1v1v1_1v2v1/cmod5n_ecmwf_norecal_rs2rcmgmfv4_28052025/sentinel-1a/L2M/EW/S1A_EW_GRDM_1S/2020/307/S1A_EW_GRDM_1SDV_20201102T220236_20201102T220406_035075_0417BC_36FBX604E/s1a-ew-owi-cm-20201102t220236-20201102t220406-000003-0417BC.nc
wp222020,IRWIN,s1a-ew-owi-cm-20201029t205631-20201029t205758-000003-0415BC_ll_gd_GEO-IRWIN.nc,16.2794494628906,133.269104003906,"2020-10-29T20:56:31,000",/scale/user/mtannaou/alternance/donnees_sar_changes/s1a-ew-owi-cm-20201029t205631-20201029t205758-000003-0415BC_aeqd.nc,s1a-ew-owi-cm-20201029t205631-20201029t205758-000003-0415BC.nc,/home/datawork-cersat-public/cache/public/ftp/project/sarwing/processings/grdwind+windir_2025v6v12_2v0_0v3v9_0v0v6_0v0v6_1v4v3_1v0v15_1v0v10_1v2v5_1v2v2_1v1v1_1v2v1/cmod5n_ecmwf_norecal_rs2rcmgmfv4_28052025/sentinel-1a/L2M/EW/S1A_EW_GRDM_1S/2020/303/S1A_EW_GRDM_1SDV_20201029T205631_20201029T205758_035016_0415BC_00C3X3EAC/s1a-ew-owi-cm-20201029t205631-20201029t205758-000003-0415BC.nc
wp222020,IRWIN,s1b-iw-owi-cm-20201101t095717-20201101t095857-000003-02DC13_ll_gd_GEO-IRWIN.nc,13.739634513855,121.866394042969,"2020-11-01T09:57:17,000",,s1b-iw-owi-cm-20201101t095602-20201101t095857-000003-02DC13.nc,/home/datawork-cersat-public/cache/public/ftp/project/sarwing/processings/grdwind+windir_2025v6v12_2v0_0v3v9_0v0v6_0v0v6_1v4v3_1v0v15_1v0v10_1v2v5_1v2v2_1v1v1_1v2v1/cmod5n_ecmwf_norecal_rs2rcmgmfv4_28052025/sentinel-1b/L2M/IW/S1B_IW_GRDH_1S/2020/306/S1B_IW_GRDH_1SDV_20201101T095602_20201101T095857_024070_02DC13_0452X6F6EX7296X74FAXAFF8XD554XD9F9/s1b-iw-owi-cm-20201101t095602-20201101t095857-000003-02DC13.nc
wp222020,IRWIN,s1a-ew-owi-cm-20201103t103118-20201103t103249-000003-041800_ll_gd_GEO-IRWIN.nc,14.6940183639526,115.016777038574,"2020-11-03T10:31:18,000",/scale/user/mtannaou/alternance/donnees_sar_changes/s1a-ew-owi-cm-20201103t103118-20201103t103249-000003-041800_aeqd.nc,s1a-ew-owi-cm-20201103t103118-20201103t103249-000003-041800.nc,/home/datawork-cersat-public/cache/public/ftp/project/sarwing/processings/grdwind+windir_2025v6v12_2v0_0v3v9_0v0v6_0v0v6_1v4v3_1v0v15_1v0v10_1v2v5_1v2v2_1v1v1_1v2v1/cmod5n_ecmwf_norecal_rs2rcmgmfv4_28052025/sentinel-1a/L2M/EW/S1A_EW_GRDM_1S/2020/308/S1A_EW_GRDM_1SDV_20201103T103118_20201103T103249_035083_041800_26B5XE797/s1a-ew-owi-cm-20201103t103118-20201103t103249-000003-041800.nc
ep022023,IRWIN,rcm2-sclnd-owi-cm-20230701t124721-20230701t124816-00003-______ll_gd_GEO-IRWIN.nc,19.4685192108154,254.928848266602,"2023-07-01T12:47:21,000",/scale/user/mtannaou/alternance/donnees_sar_changes/rcm2-sclnd-owi-cm-20230701t124721-20230701t124816-00003-xxxxx_aeqd.nc,rcm2-sclnd-owi-cm-20230701t124721-20230701t124816-00003-xxxxx.nc,/home/datawork-cersat-public/cache/public/ftp/project/sarwing/processings/grdwind+windir_2025v6v12_2v0_0v3v9_0v0v6_0v0v6_1v4v3_1v0v15_1v0v10_1v2v5_1v2v2_1v1v1_1v2v1/cmod5n_ecmwf_norecal_rs2rcmgmfv4_28052025/rcm-2/L2M/sclnd/rcm-2_sclnd/2023/182/RCM2_OK2627660_PK2629797_1_SCLND_20230701_124721_VV_VH_GRD/rcm2-sclnd-owi-cm-20230701t124721-20230701t124816-00003-xxxxx.nc
ep022023,IRWIN,rcm2-sclna-owi-cm-20230701t005333-20230701t005401-00003-______ll_gd_GEO-IRWIN.nc,18.2322158813477,256.480804443359,"2023-07-01T00:53:33,000",/scale/user/mtannaou/alternance/donnees_sar_changes/rcm2-sclna-owi-cm-20230701t005333-20230701t005401-00003-xxxxx_aeqd.nc,rcm2-sclna-owi-cm-20230701t005333-20230701t005401-00003-xxxxx.nc,/home/datawork-cersat-public/cache/public/ftp/project/sarwing/processings/grdwind+windir_2025v6v12_2v0_0v3v9_0v0v6_0v0v6_1v4v3_1v0v15_1v0v10_1v2v5_1v2v2_1v1v1_1v2v1/cmod5n_ecmwf_norecal_rs2rcmgmfv4_28052025/rcm-2/L2M/sclna/rcm-2_sclna/2023/182/RCM2_OK2627207_PK2629016_1_SCLNA_20230701_005336_VV_VH_GRD/rcm2-sclna-owi-cm-20230701t005333-20230701t005401-00003-xxxxx.nc
ep022023,IRWIN,s1a-ew-owi-cm-20230701t130657-20230701t130800-000003-05EB71_ll_gd_GEO-IRWIN.nc,19.4673118591309,254.909774780273,"2023-07-01T13:06:57,000",/scale/user/mtannaou/alternance/donnees_sar_changes/s1a-ew-owi-cm-20230701t130657-20230701t130800-000003-05EB71_aeqd.nc,s1a-ew-owi-cm-20230701t130657-20230701t130800-000003-05EB71.nc,/home/datawork-cersat-public/cache/public/ftp/project/sarwing/processings/grdwind+windir_2025v6v12_2v0_0v3v9_0v0v6_0v0v6_1v4v3_1v0v15_1v0v10_1v2v5_1v2v2_1v1v1_1v2v1/cmod5n_ecmwf_norecal_rs2rcmgmfv4_28052025/sentinel-1a/L2M/EW/S1A_EW_GRDM_1S/2023/182/S1A_EW_GRDM_1SDV_20230701T130657_20230701T130800_049230_05EB71_03E8/s1a-ew-owi-cm-20230701t130657-20230701t130800-000003-05EB71.nc
ep022023,IRWIN,rcm2-sc50ma-owi-cm-20230630t124025-20230630t124115-00003-______ll_gd_GEO-IRWIN.nc,16.6588478088379,258.381072998047,"2023-06-30T12:40:25,000",/scale/user/mtannaou/alternance/donnees_sar_changes/rcm2-sc50ma-owi-cm-20230630t124025-20230630t124115-00003-xxxxx_aeqd.nc,rcm2-sc50ma-owi-cm-20230630t124025-20230630t124115-00003-xxxxx.nc,/home/datawork-cersat-public/cache/public/ftp/project/sarwing/processings/grdwind+windir_2025v6v12_2v0_0v3v9_0v0v6_0v0v6_1v4v3_1v0v15_1v0v10_1v2v5_1v2v2_1v1v1_1v2v1/cmod5n_ecmwf_norecal_rs2rcmgmfv4_28052025/rcm-2/L2M/sc50ma/rcm-2_sc50ma/2023/181/RCM2_OK2627204_PK2628473_1_SC50MA_20230630_124027_HH_HV_GRD/rcm2-sc50ma-owi-cm-20230630t124025-20230630t124115-00003-xxxxx.nc
sh112023,IRWIN,rcm1-sc50ma-owi-cm-20230222t023818-20230222t023923-00003-______ll_gd_GEO-IRWIN.nc,-20.9919719696045,46.3746185302734,"2023-02-22T02:38:18,000",/scale/user/mtannaou/alternance/donnees_sar_changes/rcm1-sc50ma-owi-cm-20230222t023818-20230222t023923-00003-xxxxx_aeqd.nc,rcm1-sc50ma-owi-cm-20230222t023818-20230222t023923-00003-xxxxx.nc,/home/datawork-cersat-public/cache/public/ftp/project/sarwing/processings/grdwind+windir_2025v6v12_2v0_0v3v9_0v0v6_0v0v6_1v4v3_1v0v15_1v0v10_1v2v5_1v2v2_1v1v1_1v2v1/cmod5n_ecmwf_norecal_rs2rcmgmfv4_28052025/rcm-1/L2M/sc50ma/rcm-1_sc50ma/2023/053/RCM1_OK2452945_PK2454994_1_SC50MA_20230222_023819_VV_VH_GRD/rcm1-sc50ma-owi-cm-20230222t023818-20230222t023923-00003-xxxxx.nc
sh112023,IRWIN,rcm2-sclna-owi-cm-20230212t231540-20230212t231720-00003-______ll_gd_GEO-IRWIN.nc,-15.0820837020874,97.3821487426758,"2023-02-12T23:15:40,000",/scale/user/mtannaou/alternance/donnees_sar_changes/rcm2-sclna-owi-cm-20230212t231540-20230212t231720-00003-xxxxx_aeqd.nc,rcm2-sclna-owi-cm-20230212t231540-20230212t231720-00003-xxxxx.nc,/home/datawork-cersat-public/cache/public/ftp/project/sarwing/processings/grdwind+windir_2025v6v12_2v0_0v3v9_0v0v6_0v0v6_1v4v3_1v0v15_1v0v10_1v2v5_1v2v2_1v1v1_1v2v1/cmod5n_ecmwf_norecal_rs2rcmgmfv4_28052025/rcm-2/L2M/sclna/rcm-2_sclna/2023/043/RCM2_OK2450098_PK2450100_1X2_SCLNA_20230212_231555_VV_VH_GRD/rcm2-sclna-owi-cm-20230212t231540-20230212t231720-00003-xxxxx.nc
sh112023,IRWIN,rcm2-sclnd-owi-cm-20230309t155937-20230309t160053-00003-______ll_gd_GEO-IRWIN.nc,-19.550838470459,38.9029312133789,"2023-03-09T15:59:37,000",/scale/user/mtannaou/alternance/donnees_sar_changes/rcm2-sclnd-owi-cm-20230309t155937-20230309t160053-00003-xxxxx_aeqd.nc,rcm2-sclnd-owi-cm-20230309t155937-20230309t160053-00003-xxxxx.nc,/home/datawork-cersat-public/cache/public/ftp/project/sarwing/processings/grdwind+windir_2025v6v12_2v0_0v3v9_0v0v6_0v0v6_1v4v3_1v0v15_1v0v10_1v2v5_1v2v2_1v1v1_1v2v1/cmod5n_ecmwf_norecal_rs2rcmgmfv4_28052025/rcm-2/L2M/sclnd/rcm-2_sclnd/2023/068/RCM2_OK2469718_PK2471982_1_SCLND_20230309_155939_VV_VH_GRD/rcm2-sclnd-owi-cm-20230309t155937-20230309t160053-00003-xxxxx.nc
sh112023,IRWIN,s1a-iw-owi-cm-20230312t025947-20230312t030127-000003-05B796_ll_gd_GEO-IRWIN.nc,-17.4549007415772,36.8626174926758,"2023-03-12T02:59:47,000",/scale/user/mtannaou/alternance/donnees_sar_changes/s1a-iw-owi-cm-20230312t025947-20230312t030127-000003-05B796_aeqd.nc,s1a-iw-owi-cm-20230312t025947-20230312t030127-000003-05B796.nc,/home/datawork-cersat-public/cache/public/ftp/project/sarwing/processings/grdwind+windir_2025v6v12_2v0_0v3v9_0v0v6_0v0v6_1v4v3_1v0v15_1v0v10_1v2v5_1v2v2_1v1v1_1v2v1/cmod5n_ecmwf_norecal_rs2rcmgmfv4_28052025/sentinel-1a/L2M/IW/S1A_IW_GRDH_1S/2023/071/S1A_IW_GRDH_1SDV_20230312T025947_20230312T030127_047605_05B796_0FA1X510EXBE15XC2CA/s1a-iw-owi-cm-20230312t025947-20230312t030127-000003-05B796.nc
sh112023,IRWIN,rcm1-sclnd-owi-cm-20230224t025500-20230224t025617-00003-______ll_gd_GEO-IRWIN.nc,-22.4867992401123,37.4031028747559,"2023-02-24T02:55:00,000",/scale/user/mtannaou/alternance/donnees_sar_changes/rcm1-sclnd-owi-cm-20230224t025500-20230224t025617-00003-xxxxx_aeqd.nc,rcm1-sclnd-owi-cm-20230224t025500-20230224t025617-00003-xxxxx.nc,/home/datawork-cersat-public/cache/public/ftp/project/sarwing/processings/grdwind+windir_2025v6v12_2v0_0v3v9_0v0v6_0v0v6_1v4v3_1v0v15_1v0v10_1v2v5_1v2v2_1v1v1_1v2v1/cmod5n_ecmwf_norecal_rs2rcmgmfv4_28052025/rcm-1/L2M/sclnd/rcm-1_sclnd/2023/055/RCM1_OK2454639_PK2456884_1_SCLND_20230224_025501_VV_VH_GRD/rcm1-sclnd-owi-cm-20230224t025500-20230224t025617-00003-xxxxx.nc
sh112023,IRWIN,rcm3-sclna-owi-cm-20230208t221145-20230208t221301-00003-______ll_gd_GEO-IRWIN.nc,-15.8460168838501,111.584632873535,"2023-02-08T22:11:45,000",/scale/user/mtannaou/alternance/donnees_sar_changes/rcm3-sclna-owi-cm-20230208t221145-20230208t221301-00003-xxxxx_aeqd.nc,rcm3-sclna-owi-cm-20230208t221145-20230208t221301-00003-xxxxx.nc,/home/datawork-cersat-public/cache/public/ftp/project/sarwing/processings/grdwind+windir_2025v6v12_2v0_0v3v9_0v0v6_0v0v6_1v4v3_1v0v15_1v0v10_1v2v5_1v2v2_1v1v1_1v2v1/cmod5n_ecmwf_norecal_rs2rcmgmfv4_28052025/rcm-3/L2M/sclna/rcm-3_sclna/2023/039/RCM3_OK2440323_PK2442560_1_SCLNA_20230208_221145_VV_VH_GRD/rcm3-sclna-owi-cm-20230208t221145-20230208t221301-00003-xxxxx.nc
sh112023,IRWIN,rcm1-sclnc-owi-cm-20230217t002006-20230217t002123-00003-______ll_gd_GEO-IRWIN.nc,-15.3526010513306,76.8960418701172,"2023-02-17T00:20:06,000",/scale/user/mtannaou/alternance/donnees_sar_changes/rcm1-sclnc-owi-cm-20230217t002006-20230217t002123-00003-xxxxx_aeqd.nc,rcm1-sclnc-owi-cm-20230217t002006-20230217t002123-00003-xxxxx.nc,/home/datawork-cersat-public/cache/public/ftp/project/sarwing/processings/grdwind+windir_2025v6v12_2v0_0v3v9_0v0v6_0v0v6_1v4v3_1v0v15_1v0v10_1v2v5_1v2v2_1v1v1_1v2v1/cmod5n_ecmwf_norecal_rs2rcmgmfv4_28052025/rcm-1/L2M/sclnc/rcm-1_sclnc/2023/048/RCM1_OK2448377_PK2450339_1_SCLNC_20230217_002007_VV_VH_GRD/rcm1-sclnc-owi-cm-20230217t002006-20230217t002123-00003-xxxxx.nc
sh112023,IRWIN,rcm2-sclna-owi-cm-20230217t132008-20230217t132123-00003-______ll_gd_GEO-IRWIN.nc,-15.7831182479858,74.1316528320313,"2023-02-17T13:20:08,000",/scale/user/mtannaou/alternance/donnees_sar_changes/rcm2-sclna-owi-cm-20230217t132008-20230217t132123-00003-xxxxx_aeqd.nc,rcm2-sclna-owi-cm-20230217t132008-20230217t132123-00003-xxxxx.nc,/home/datawork-cersat-public/cache/public/ftp/project/sarwing/processings/grdwind+windir_2025v6v12_2v0_0v3v9_0v0v6_0v0v6_1v4v3_1v0v15_1v0v10_1v2v5_1v2v2_1v1v1_1v2v1/cmod5n_ecmwf_norecal_rs2rcmgmfv4_28052025/rcm-2/L2M/sclna/rcm-2_sclna/2023/048/RCM2_OK2449325_PK2450759_1_SCLNA_20230217_132010_VV_VH_GRD/rcm2-sclna-owi-cm-20230217t132008-20230217t132123-00003-xxxxx.nc
sh112023,IRWIN,rcm2-sclnd-owi-cm-20230310t160814-20230310t160929-00003-______ll_gd_GEO-IRWIN.nc,-18.3757247924805,38.2619400024414,"2023-03-10T16:08:14,000",/scale/user/mtannaou/alternance/donnees_sar_changes/rcm2-sclnd-owi-cm-20230310t160814-20230310t160929-00003-xxxxx_aeqd.nc,rcm2-sclnd-owi-cm-20230310t160814-20230310t160929-00003-xxxxx.nc,/home/datawork-cersat-public/cache/public/ftp/project/sarwing/processings/grdwind+windir_2025v6v12_2v0_0v3v9_0v0v6_0v0v6_1v4v3_1v0v15_1v0v10_1v2v5_1v2v2_1v1v1_1v2v1/cmod5n_ecmwf_norecal_rs2rcmgmfv4_28052025/rcm-2/L2M/sclnd/rcm-2_sclnd/2023/069/RCM2_OK2470814_PK2472959_1_SCLND_20230310_160816_VV_VH_GRD/rcm2-sclnd-owi-cm-20230310t160814-20230310t160929-00003-xxxxx.nc
sh112023,IRWIN,s1a-ew-owi-cm-20230217t002232-20230217t002412-000003-05AC30_ll_gd_GEO-IRWIN.nc,-15.3526010513306,76.8960418701172,"2023-02-17T00:22:32,000",/scale/user/mtannaou/alternance/donnees_sar_changes/s1a-ew-owi-cm-20230217t002232-20230217t002412-000003-05AC30_aeqd.nc,s1a-ew-owi-cm-20230217t002232-20230217t002412-000003-05AC30.nc,/home/datawork-cersat-public/cache/public/ftp/project/sarwing/processings/grdwind+windir_2025v6v12_2v0_0v3v9_0v0v6_0v0v6_1v4v3_1v0v15_1v0v10_1v2v5_1v2v2_1v1v1_1v2v1/cmod5n_ecmwf_norecal_rs2rcmgmfv4_28052025/sentinel-1a/L2M/EW/S1A_EW_GRDM_1S/2023/048/S1A_EW_GRDM_1SDV_20230217T002232_20230217T002412_047268_05AC30_68D5X9CC7/s1a-ew-owi-cm-20230217t002232-20230217t002412-000003-05AC30.nc
sh112023,IRWIN,s1a-ew-owi-cm-20230223t025236-20230223t025434-000003-05AF37_ll_gd_GEO-IRWIN.nc,-22.1409111022949,41.2219161987305,"2023-02-23T02:52:36,000",/scale/user/mtannaou/alternance/donnees_sar_changes/s1a-ew-owi-cm-20230223t025236-20230223t025434-000003-05AF37_aeqd.nc,s1a-ew-owi-cm-20230223t025236-20230223t025434-000003-05AF37.nc,/home/datawork-cersat-public/cache/public/ftp/project/sarwing/processings/grdwind+windir_2025v6v12_2v0_0v3v9_0v0v6_0v0v6_1v4v3_1v0v15_1v0v10_1v2v5_1v2v2_1v1v1_1v2v1/cmod5n_ecmwf_norecal_rs2rcmgmfv4_28052025/sentinel-1a/L2M/EW/S1A_EW_GRDM_1S/2023/054/S1A_EW_GRDM_1SDV_20230223T025236_20230223T025434_047357_05AF37_14FAX9B02/s1a-ew-owi-cm-20230223t025236-20230223t025434-000003-05AF37.nc
sh112023,IRWIN,rcm3-sclnd-owi-cm-20230211t223559-20230211t223717-00003-______ll_gd_GEO-IRWIN.nc,-14.9435768127441,101.510498046875,"2023-02-11T22:35:59,000",/scale/user/mtannaou/alternance/donnees_sar_changes/rcm3-sclnd-owi-cm-20230211t223559-20230211t223717-00003-xxxxx_aeqd.nc,s1a-ew-owi-cm-20230211t223518-20230211t223734-000003-05A9A6.nc,/home/datawork-cersat-public/cache/public/ftp/project/sarwing/processings/grdwind+windir_2025v6v12_2v0_0v3v9_0v0v6_0v0v6_1v4v3_1v0v15_1v0v10_1v2v5_1v2v2_1v1v1_1v2v1/cmod5n_ecmwf_norecal_rs2rcmgmfv4_28052025/sentinel-1a/L2M/EW/S1A_EW_GRDM_1S/2023/042/S1A_EW_GRDM_1SDV_20230211T223518_20230211T223734_047194_05A9A6_1AB6X59D1/s1a-ew-owi-cm-20230211t223518-20230211t223734-000003-05A9A6.nc
sh112023,IRWIN,rcm1-sclnb-owi-cm-20230223t024649-20230223t024805-00003-______ll_gd_GEO-IRWIN.nc,-22.1409111022949,41.2219161987305,"2023-02-23T02:46:49,000",/scale/user/mtannaou/alternance/donnees_sar_changes/rcm1-sclnb-owi-cm-20230223t024649-20230223t024805-00003-xxxxx_aeqd.nc,rcm1-sclnb-owi-cm-20230223t024649-20230223t024805-00003-xxxxx.nc,/home/datawork-cersat-public/cache/public/ftp/project/sarwing/processings/grdwind+windir_2025v6v12_2v0_0v3v9_0v0v6_0v0v6_1v4v3_1v0v15_1v0v10_1v2v5_1v2v2_1v1v1_1v2v1/cmod5n_ecmwf_norecal_rs2rcmgmfv4_28052025/rcm-1/L2M/sclnb/rcm-1_sclnb/2023/054/RCM1_OK2453798_PK2456215_1_SCLNB_20230223_024649_VV_VH_GRD/rcm1-sclnb-owi-cm-20230223t024649-20230223t024805-00003-xxxxx.nc
sh112023,IRWIN,rcm2-sclna-owi-cm-20230307t154258-20230307t154414-00003-______ll_gd_GEO-IRWIN.nc,-23.0372695922852,42.026611328125,"2023-03-07T15:42:58,000",/scale/user/mtannaou/alternance/donnees_sar_changes/rcm2-sclna-owi-cm-20230307t154258-20230307t154414-00003-xxxxx_aeqd.nc,rcm2-sclna-owi-cm-20230307t154258-20230307t154414-00003-xxxxx.nc,/home/datawork-cersat-public/cache/public/ftp/project/sarwing/processings/grdwind+windir_2025v6v12_2v0_0v3v9_0v0v6_0v0v6_1v4v3_1v0v15_1v0v10_1v2v5_1v2v2_1v1v1_1v2v1/cmod5n_ecmwf_norecal_rs2rcmgmfv4_28052025/rcm-2/L2M/sclna/rcm-2_sclna/2023/066/RCM2_OK2467540_PK2469664_1_SCLNA_20230307_154258_VV_VH_GRD/rcm2-sclna-owi-cm-20230307t154258-20230307t154414-00003-xxxxx.nc
sh112023,IRWIN,rcm1-sclnd-owi-cm-20230223t161444-20230223t161600-00003-______ll_gd_GEO-IRWIN.nc,-22.5005702972412,39.3243446350098,"2023-02-23T16:14:44,000",/scale/user/mtannaou/alternance/donnees_sar_changes/rcm1-sclnd-owi-cm-20230223t161444-20230223t161600-00003-xxxxx_aeqd.nc,rcm1-sclnd-owi-cm-20230223t161444-20230223t161600-00003-xxxxx.nc,/home/datawork-cersat-public/cache/public/ftp/project/sarwing/processings/grdwind+windir_2025v6v12_2v0_0v3v9_0v0v6_0v0v6_1v4v3_1v0v15_1v0v10_1v2v5_1v2v2_1v1v1_1v2v1/cmod5n_ecmwf_norecal_rs2rcmgmfv4_28052025/rcm-1/L2M/sclnd/rcm-1_sclnd/2023/054/RCM1_OK2454638_PK2456504_1_SCLND_20230223_161443_VV_VH_GRD/rcm1-sclnd-owi-cm-20230223t161444-20230223t161600-00003-xxxxx.nc
sh112023,IRWIN,rcm3-sclna-owi-cm-20230219t010916-20230219t010940-00003-______ll_gd_GEO-IRWIN.nc,-16.5576610565186,67.1810302734375,"2023-02-19T01:09:16,000",/scale/user/mtannaou/alternance/donnees_sar_changes/rcm3-sclna-owi-cm-20230219t010916-20230219t010940-00003-xxxxx_aeqd.nc,rcm3-sclna-owi-cm-20230219t010916-20230219t010940-00003-xxxxx.nc,/home/datawork-cersat-public/cache/public/ftp/project/sarwing/processings/grdwind+windir_2025v6v12_2v0_0v3v9_0v0v6_0v0v6_1v4v3_1v0v15_1v0v10_1v2v5_1v2v2_1v1v1_1v2v1/cmod5n_ecmwf_norecal_rs2rcmgmfv4_28052025/rcm-3/L2M/sclna/rcm-3_sclna/2023/050/RCM3_OK2450137_PK2451916_1_SCLNA_20230219_010918_VV_VH_GRD/rcm3-sclna-owi-cm-20230219t010916-20230219t010940-00003-xxxxx.nc
sh112023,IRWIN,rcm1-sclna-owi-cm-20230310t030937-20230310t031117-00003-______ll_gd_GEO-IRWIN.nc,-18.9296989440918,38.4775543212891,"2023-03-10T03:09:37,000",/scale/user/mtannaou/alternance/donnees_sar_changes/rcm1-sclna-owi-cm-20230310t030937-20230310t031117-00003-xxxxx_aeqd.nc,rcm1-sclna-owi-cm-20230310t030937-20230310t031117-00003-xxxxx.nc,/home/datawork-cersat-public/cache/public/ftp/project/sarwing/processings/grdwind+windir_2025v6v12_2v0_0v3v9_0v0v6_0v0v6_1v4v3_1v0v15_1v0v10_1v2v5_1v2v2_1v1v1_1v2v1/cmod5n_ecmwf_norecal_rs2rcmgmfv4_28052025/rcm-1/L2M/sclna/rcm-1_sclna/2023/069/RCM1_OK2470818_PK2472785_1_SCLNA_20230310_030952_VV_VH_GRD/rcm1-sclna-owi-cm-20230310t030937-20230310t031117-00003-xxxxx.nc
sh112023,IRWIN,rcm2-sclnd-owi-cm-20230216t131202-20230216t131317-00003-______ll_gd_GEO-IRWIN.nc,-14.8697872161865,79.7123947143555,"2023-02-16T13:12:02,000",/scale/user/mtannaou/alternance/donnees_sar_changes/rcm2-sclnd-owi-cm-20230216t131202-20230216t131317-00003-xxxxx_aeqd.nc,rcm2-sclnd-owi-cm-20230216t131202-20230216t131317-00003-xxxxx.nc,/home/datawork-cersat-public/cache/public/ftp/project/sarwing/processings/grdwind+windir_2025v6v12_2v0_0v3v9_0v0v6_0v0v6_1v4v3_1v0v15_1v0v10_1v2v5_1v2v2_1v1v1_1v2v1/cmod5n_ecmwf_norecal_rs2rcmgmfv4_28052025/rcm-2/L2M/sclnd/rcm-2_sclnd/2023/047/RCM2_OK2448371_PK2449955_1_SCLND_20230216_131204_VV_VH_GRD/rcm2-sclnd-owi-cm-20230216t131202-20230216t131317-00003-xxxxx.nc
sh112023,IRWIN,rcm1-sclna-owi-cm-20230309t030215-20230309t030329-00003-______ll_gd_GEO-IRWIN.nc,-20.4210987091065,39.5153579711914,"2023-03-09T03:02:15,000",/scale/user/mtannaou/alternance/donnees_sar_changes/rcm1-sclna-owi-cm-20230309t030215-20230309t030329-00003-xxxxx_aeqd.nc,rcm1-sclna-owi-cm-20230309t030215-20230309t030329-00003-xxxxx.nc,/home/datawork-cersat-public/cache/public/ftp/project/sarwing/processings/grdwind+windir_2025v6v12_2v0_0v3v9_0v0v6_0v0v6_1v4v3_1v0v15_1v0v10_1v2v5_1v2v2_1v1v1_1v2v1/cmod5n_ecmwf_norecal_rs2rcmgmfv4_28052025/rcm-1/L2M/sclna/rcm-1_sclna/2023/068/RCM1_OK2469731_PK2471429_1_SCLNA_20230309_030216_VV_VH_GRD/rcm1-sclna-owi-cm-20230309t030215-20230309t030329-00003-xxxxx.nc
sh112023,IRWIN,rcm1-sclna-owi-cm-20230308t025432-20230308t025547-00003-______ll_gd_GEO-IRWIN.nc,-22.1100044250488,40.9105033874512,"2023-03-08T02:54:32,000",/scale/user/mtannaou/alternance/donnees_sar_changes/rcm1-sclna-owi-cm-20230308t025432-20230308t025547-00003-xxxxx_aeqd.nc,rcm1-sclna-owi-cm-20230308t025432-20230308t025547-00003-xxxxx.nc,/home/datawork-cersat-public/cache/public/ftp/project/sarwing/processings/grdwind+windir_2025v6v12_2v0_0v3v9_0v0v6_0v0v6_1v4v3_1v0v15_1v0v10_1v2v5_1v2v2_1v1v1_1v2v1/cmod5n_ecmwf_norecal_rs2rcmgmfv4_28052025/rcm-1/L2M/sclna/rcm-1_sclna/2023/067/RCM1_OK2467549_PK2470417_1_SCLNA_20230308_025434_VV_VH_GRD/rcm1-sclna-owi-cm-20230308t025432-20230308t025547-00003-xxxxx.nc
sh112023,IRWIN,rcm3-sclnc-owi-cm-20230210t222810-20230210t222926-00003-______ll_gd_GEO-IRWIN.nc,-14.6914968490601,105.300659179688,"2023-02-10T22:28:10,000",/scale/user/mtannaou/alternance/donnees_sar_changes/rcm3-sclnc-owi-cm-20230210t222810-20230210t222926-00003-xxxxx_aeqd.nc,rcm3-sclnc-owi-cm-20230210t222810-20230210t222926-00003-xxxxx.nc,/home/datawork-cersat-public/cache/public/ftp/project/sarwing/processings/grdwind+windir_2025v6v12_2v0_0v3v9_0v0v6_0v0v6_1v4v3_1v0v15_1v0v10_1v2v5_1v2v2_1v1v1_1v2v1/cmod5n_ecmwf_norecal_rs2rcmgmfv4_28052025/rcm-3/L2M/sclnc/rcm-3_sclnc/2023/041/RCM3_OK2442633_PK2444711_1_SCLNC_20230210_222812_VV_VH_GRD/rcm3-sclnc-owi-cm-20230210t222810-20230210t222926-00003-xxxxx.nc
sh112023,IRWIN,rcm2-sclnc-owi-cm-20230308t155113-20230308t155229-00003-______ll_gd_GEO-IRWIN.nc,-21.0256023406982,40.1423950195313,"2023-03-08T15:51:13,000",/scale/user/mtannaou/alternance/donnees_sar_changes/rcm2-sclnc-owi-cm-20230308t155113-20230308t155229-00003-xxxxx_aeqd.nc,rcm2-sclnc-owi-cm-20230308t155113-20230308t155229-00003-xxxxx.nc,/home/datawork-cersat-public/cache/public/ftp/project/sarwing/processings/grdwind+windir_2025v6v12_2v0_0v3v9_0v0v6_0v0v6_1v4v3_1v0v15_1v0v10_1v2v5_1v2v2_1v1v1_1v2v1/cmod5n_ecmwf_norecal_rs2rcmgmfv4_28052025/rcm-2/L2M/sclnc/rcm-2_sclnc/2023/067/RCM2_OK2468507_PK2470763_1_SCLNC_20230308_155116_VV_VH_GRD/rcm2-sclnc-owi-cm-20230308t155113-20230308t155229-00003-xxxxx.nc
sh112023,IRWIN,rcm1-sclnd-owi-cm-20230209t111056-20230209t111212-00003-______ll_gd_GEO-IRWIN.nc,-15.4569206237793,110.16130065918,"2023-02-09T11:10:56,000",/scale/user/mtannaou/alternance/donnees_sar_changes/rcm1-sclnd-owi-cm-20230209t111056-20230209t111212-00003-xxxxx_aeqd.nc,rcm1-sclnd-owi-cm-20230209t111056-20230209t111212-00003-xxxxx.nc,/home/datawork-cersat-public/cache/public/ftp/project/sarwing/processings/grdwind+windir_2025v6v12_2v0_0v3v9_0v0v6_0v0v6_1v4v3_1v0v15_1v0v10_1v2v5_1v2v2_1v1v1_1v2v1/cmod5n_ecmwf_norecal_rs2rcmgmfv4_28052025/rcm-1/L2M/sclnd/rcm-1_sclnd/2023/040/RCM1_OK2441335_PK2442939_1_SCLND_20230209_111058_VV_VH_GRD/rcm1-sclnd-owi-cm-20230209t111056-20230209t111212-00003-xxxxx.nc
sh112023,IRWIN,rcm2-sclnd-owi-cm-20230311t161623-20230311t161738-00003-______ll_gd_GEO-IRWIN.nc,-17.9580745697022,37.2891578674316,"2023-03-11T16:16:23,000",/scale/user/mtannaou/alternance/donnees_sar_changes/rcm2-sclnd-owi-cm-20230311t161623-20230311t161738-00003-xxxxx_aeqd.nc,rcm2-sclnd-owi-cm-20230311t161623-20230311t161738-00003-xxxxx.nc,/home/datawork-cersat-public/cache/public/ftp/project/sarwing/processings/grdwind+windir_2025v6v12_2v0_0v3v9_0v0v6_0v0v6_1v4v3_1v0v15_1v0v10_1v2v5_1v2v2_1v1v1_1v2v1/cmod5n_ecmwf_norecal_rs2rcmgmfv4_28052025/rcm-2/L2M/sclnd/rcm-2_sclnd/2023/070/RCM2_OK2472027_PK2473835_1_SCLND_20230311_161625_VV_VH_GRD/rcm2-sclnd-owi-cm-20230311t161623-20230311t161738-00003-xxxxx.nc
sh112023,IRWIN,rcm1-sclna-owi-cm-20230307t024655-20230307t024811-00003-______ll_gd_GEO-IRWIN.nc,-23.7593326568604,42.5572509765625,"2023-03-07T02:46:55,000",/scale/user/mtannaou/alternance/donnees_sar_changes/rcm1-sclna-owi-cm-20230307t024655-20230307t024811-00003-xxxxx_aeqd.nc,rcm1-sclna-owi-cm-20230307t024655-20230307t024811-00003-xxxxx.nc,/home/datawork-cersat-public/cache/public/ftp/project/sarwing/processings/grdwind+windir_2025v6v12_2v0_0v3v9_0v0v6_0v0v6_1v4v3_1v0v15_1v0v10_1v2v5_1v2v2_1v1v1_1v2v1/cmod5n_ecmwf_norecal_rs2rcmgmfv4_28052025/rcm-1/L2M/sclna/rcm-1_sclna/2023/066/RCM1_OK2466919_PK2469135_1_SCLNA_20230307_024658_VV_VH_GRD/rcm1-sclna-owi-cm-20230307t024655-20230307t024811-00003-xxxxx.nc
sh112023,IRWIN,s1a-ew-owi-cm-20230308t154255-20230308t154359-000003-05B5DE_ll_gd_GEO-IRWIN.nc,-21.0335350036621,40.1496276855469,"2023-03-08T15:42:55,000",/scale/user/mtannaou/alternance/donnees_sar_changes/s1a-ew-owi-cm-20230308t154255-20230308t154359-000003-05B5DE_aeqd.nc,s1a-ew-owi-cm-20230308t154255-20230308t154359-000003-05B5DE.nc,/home/datawork-cersat-public/cache/public/ftp/project/sarwing/processings/grdwind+windir_2025v6v12_2v0_0v3v9_0v0v6_0v0v6_1v4v3_1v0v15_1v0v10_1v2v5_1v2v2_1v1v1_1v2v1/cmod5n_ecmwf_norecal_rs2rcmgmfv4_28052025/sentinel-1a/L2M/EW/S1A_EW_GRDM_1S/2023/067/S1A_EW_GRDM_1SDV_20230308T154255_20230308T154359_047554_05B5DE_A1E5/s1a-ew-owi-cm-20230308t154255-20230308t154359-000003-05B5DE.nc
sh112023,IRWIN,rcm3-sclna-owi-cm-20230214t122357-20230214t122511-00003-______ll_gd_GEO-IRWIN.nc,-15.3020038604736,90.3573532104492,"2023-02-14T12:23:57,000",/scale/user/mtannaou/alternance/donnees_sar_changes/rcm3-sclna-owi-cm-20230214t122357-20230214t122511-00003-xxxxx_aeqd.nc,rcm3-sclna-owi-cm-20230214t122357-20230214t122511-00003-xxxxx.nc,/home/datawork-cersat-public/cache/public/ftp/project/sarwing/processings/grdwind+windir_2025v6v12_2v0_0v3v9_0v0v6_0v0v6_1v4v3_1v0v15_1v0v10_1v2v5_1v2v2_1v1v1_1v2v1/cmod5n_ecmwf_norecal_rs2rcmgmfv4_28052025/rcm-3/L2M/sclna/rcm-3_sclna/2023/045/RCM3_OK2446610_PK2448042_1_SCLNA_20230214_122358_VV_VH_GRD/rcm3-sclna-owi-cm-20230214t122357-20230214t122511-00003-xxxxx.nc
sh112023,IRWIN,rcm1-sclna-owi-cm-20230216t001151-20230216t001305-00003-______ll_gd_GEO-IRWIN.nc,-14.7954797744751,82.7096710205078,"2023-02-16T00:11:51,000",/scale/user/mtannaou/alternance/donnees_sar_changes/rcm1-sclna-owi-cm-20230216t001151-20230216t001305-00003-xxxxx_aeqd.nc,rcm1-sclna-owi-cm-20230216t001151-20230216t001305-00003-xxxxx.nc,/home/datawork-cersat-public/cache/public/ftp/project/sarwing/processings/grdwind+windir_2025v6v12_2v0_0v3v9_0v0v6_0v0v6_1v4v3_1v0v15_1v0v10_1v2v5_1v2v2_1v1v1_1v2v1/cmod5n_ecmwf_norecal_rs2rcmgmfv4_28052025/rcm-1/L2M/sclna/rcm-1_sclna/2023/047/RCM1_OK2447261_PK2449464_1_SCLNA_20230216_001152_VV_VH_GRD/rcm1-sclna-owi-cm-20230216t001151-20230216t001305-00003-xxxxx.nc
sh112023,IRWIN,rcm1-sclna-owi-cm-20230211t112711-20230211t112851-00003-______ll_gd_GEO-IRWIN.nc,-14.7527484893799,103.443229675293,"2023-02-11T11:27:11,000",/scale/user/mtannaou/alternance/donnees_sar_changes/rcm1-sclna-owi-cm-20230211t112711-20230211t112851-00003-xxxxx_aeqd.nc,rcm1-sclna-owi-cm-20230211t112711-20230211t112851-00003-xxxxx.nc,/home/datawork-cersat-public/cache/public/ftp/project/sarwing/processings/grdwind+windir_2025v6v12_2v0_0v3v9_0v0v6_0v0v6_1v4v3_1v0v15_1v0v10_1v2v5_1v2v2_1v1v1_1v2v1/cmod5n_ecmwf_norecal_rs2rcmgmfv4_28052025/rcm-1/L2M/sclna/rcm-1_sclna/2023/042/RCM1_OK2450098_PK2450099_1X2_SCLNA_20230211_112726_VV_VH_GRD/rcm1-sclna-owi-cm-20230211t112711-20230211t112851-00003-xxxxx.nc
sh112023,IRWIN,s1a-ew-owi-cm-20230220t143626-20230220t143730-000003-05ADF5_ll_gd_GEO-IRWIN.nc,-18.9375095367432,56.5080871582031,"2023-02-20T14:36:26,000",/scale/user/mtannaou/alternance/donnees_sar_changes/s1a-ew-owi-cm-20230220t143626-20230220t143730-000003-05ADF5_aeqd.nc,s1a-ew-owi-cm-20230220t143626-20230220t143730-000003-05ADF5.nc,/home/datawork-cersat-public/cache/public/ftp/project/sarwing/processings/grdwind+windir_2025v6v12_2v0_0v3v9_0v0v6_0v0v6_1v4v3_1v0v15_1v0v10_1v2v5_1v2v2_1v1v1_1v2v1/cmod5n_ecmwf_norecal_rs2rcmgmfv4_28052025/sentinel-1a/L2M/EW/S1A_EW_GRDM_1S/2023/051/S1A_EW_GRDM_1SDV_20230220T143626_20230220T143730_047320_05ADF5_B15F/s1a-ew-owi-cm-20230220t143626-20230220t143730-000003-05ADF5.nc
sh112023,IRWIN,rcm2-sclnd-owi-cm-20230214t233213-20230214t233329-00003-______ll_gd_GEO-IRWIN.nc,-15.1376390457153,88.1042022705078,"2023-02-14T23:32:13,000",/scale/user/mtannaou/alternance/donnees_sar_changes/rcm2-sclnd-owi-cm-20230214t233213-20230214t233329-00003-xxxxx_aeqd.nc,rcm2-sclnd-owi-cm-20230214t233213-20230214t233329-00003-xxxxx.nc,/home/datawork-cersat-public/cache/public/ftp/project/sarwing/processings/grdwind+windir_2025v6v12_2v0_0v3v9_0v0v6_0v0v6_1v4v3_1v0v15_1v0v10_1v2v5_1v2v2_1v1v1_1v2v1/cmod5n_ecmwf_norecal_rs2rcmgmfv4_28052025/rcm-2/L2M/sclnd/rcm-2_sclnd/2023/045/RCM2_OK2446621_PK2448613_1_SCLND_20230214_233216_VV_VH_GRD/rcm2-sclnd-owi-cm-20230214t233213-20230214t233329-00003-xxxxx.nc
sh112023,IRWIN,rcm1-sclnd-owi-cm-20230218t135942-20230218t140057-00003-______ll_gd_GEO-IRWIN.nc,-16.2028579711914,69.1784362792969,"2023-02-18T13:59:42,000",/scale/user/mtannaou/alternance/donnees_sar_changes/rcm1-sclnd-owi-cm-20230218t135942-20230218t140057-00003-xxxxx_aeqd.nc,rcm1-sclnd-owi-cm-20230218t135942-20230218t140057-00003-xxxxx.nc,/home/datawork-cersat-public/cache/public/ftp/project/sarwing/processings/grdwind+windir_2025v6v12_2v0_0v3v9_0v0v6_0v0v6_1v4v3_1v0v15_1v0v10_1v2v5_1v2v2_1v1v1_1v2v1/cmod5n_ecmwf_norecal_rs2rcmgmfv4_28052025/rcm-1/L2M/sclnd/rcm-1_sclnd/2023/049/RCM1_OK2450111_PK2451568_1_SCLND_20230218_135943_VV_VH_GRD/rcm1-sclnd-owi-cm-20230218t135942-20230218t140057-00003-xxxxx.nc
sh112023,IRWIN,s1a-ew-owi-cm-20230219t135657-20230219t135840-000003-05AD74_ll_gd_GEO-IRWIN.nc,-17.2922248840332,64.0338439941406,"2023-02-19T13:56:57,000",/scale/user/mtannaou/alternance/donnees_sar_changes/s1a-ew-owi-cm-20230219t135657-20230219t135840-000003-05AD74_aeqd.nc,s1a-ew-owi-cm-20230219t135657-20230219t135840-000003-05AD74.nc,/home/datawork-cersat-public/cache/public/ftp/project/sarwing/processings/grdwind+windir_2025v6v12_2v0_0v3v9_0v0v6_0v0v6_1v4v3_1v0v15_1v0v10_1v2v5_1v2v2_1v1v1_1v2v1/cmod5n_ecmwf_norecal_rs2rcmgmfv4_28052025/sentinel-1a/L2M/EW/S1A_EW_GRDM_1S/2023/050/S1A_EW_GRDM_1SDV_20230219T135657_20230219T135840_047305_05AD74_33FCXBBCE/s1a-ew-owi-cm-20230219t135657-20230219t135840-000003-05AD74.nc
sh112023,IRWIN,rcm3-sc50md-owi-cm-20230220t011738-20230220t011826-00003-______ll_gd_GEO-IRWIN.nc,-18.0579109191895,60.7975463867188,"2023-02-20T01:17:38,000",/scale/user/mtannaou/alternance/donnees_sar_changes/rcm3-sc50md-owi-cm-20230220t011738-20230220t011826-00003-xxxxx_aeqd.nc,rcm3-sc50md-owi-cm-20230220t011738-20230220t011826-00003-xxxxx.nc,/home/datawork-cersat-public/cache/public/ftp/project/sarwing/processings/grdwind+windir_2025v6v12_2v0_0v3v9_0v0v6_0v0v6_1v4v3_1v0v15_1v0v10_1v2v5_1v2v2_1v1v1_1v2v1/cmod5n_ecmwf_norecal_rs2rcmgmfv4_28052025/rcm-3/L2M/sc50md/rcm-3_sc50md/2023/051/RCM3_OK2450914_PK2452958_1_SC50MD_20230220_011739_VV_VH_GRD/rcm3-sc50md-owi-cm-20230220t011738-20230220t011826-00003-xxxxx.nc
sh112023,IRWIN,rcm2-sclnb-owi-cm-20230213t232405-20230213t232520-00003-______ll_gd_GEO-IRWIN.nc,-15.410041809082,92.8470306396484,"2023-02-13T23:24:05,000",/scale/user/mtannaou/alternance/donnees_sar_changes/rcm2-sclnb-owi-cm-20230213t232405-20230213t232520-00003-xxxxx_aeqd.nc,rcm2-sclnb-owi-cm-20230213t232405-20230213t232520-00003-xxxxx.nc,/home/datawork-cersat-public/cache/public/ftp/project/sarwing/processings/grdwind+windir_2025v6v12_2v0_0v3v9_0v0v6_0v0v6_1v4v3_1v0v15_1v0v10_1v2v5_1v2v2_1v1v1_1v2v1/cmod5n_ecmwf_norecal_rs2rcmgmfv4_28052025/rcm-2/L2M/sclnb/rcm-2_sclnb/2023/044/RCM2_OK2445688_PK2447720_1_SCLNB_20230213_232407_VV_VH_GRD/rcm2-sclnb-owi-cm-20230213t232405-20230213t232520-00003-xxxxx.nc
sh112023,IRWIN,rcm3-sclna-owi-cm-20230209t221955-20230209t222110-00003-______ll_gd_GEO-IRWIN.nc,-15.4589538574219,108.563957214356,"2023-02-09T22:19:55,000",/scale/user/mtannaou/alternance/donnees_sar_changes/rcm3-sclna-owi-cm-20230209t221955-20230209t222110-00003-xxxxx_aeqd.nc,rcm3-sclna-owi-cm-20230209t221955-20230209t222110-00003-xxxxx.nc,/home/datawork-cersat-public/cache/public/ftp/project/sarwing/processings/grdwind+windir_2025v6v12_2v0_0v3v9_0v0v6_0v0v6_1v4v3_1v0v15_1v0v10_1v2v5_1v2v2_1v1v1_1v2v1/cmod5n_ecmwf_norecal_rs2rcmgmfv4_28052025/rcm-3/L2M/sclna/rcm-3_sclna/2023/040/RCM3_OK2441355_PK2443309_1_SCLNA_20230209_221957_VV_VH_GRD/rcm3-sclna-owi-cm-20230209t221955-20230209t222110-00003-xxxxx.nc
wp252019,IRWIN,s1b-iw-owi-cm-20191110t223516-20191110t223700-000003-023975_ll_gd_GEO-IRWIN.nc,12.9481401443481,108.844520568848,"2019-11-10T22:35:16,000",/scale/user/mtannaou/alternance/donnees_sar_changes/s1b-iw-owi-cm-20191110t223516-20191110t223700-000003-023975_aeqd.nc,s1b-iw-owi-cm-20191110t223516-20191110t223700-000003-023975.nc,/home/datawork-cersat-public/cache/public/ftp/project/sarwing/processings/grdwind+windir_2025v6v12_2v0_0v3v9_0v0v6_0v0v6_1v4v3_1v0v15_1v0v10_1v2v5_1v2v2_1v1v1_1v2v1/cmod5n_ecmwf_norecal_rs2rcmgmfv4_28052025/sentinel-1b/L2M/IW/S1B_IW_GRDH_1S/2019/314/S1B_IW_GRDH_1SDV_20191110T223516_20191110T223700_018871_023975_0748X5A4DXE8EFXF500/s1b-iw-owi-cm-20191110t223516-20191110t223700-000003-023975.nc
wp162023,IRWIN,rcm2-sc50ma-owi-cm-20231019t104852-20231019t105008-00003-______ll_gd_GEO-IRWIN.nc,20.8573818206787,109.080863952637,"2023-10-19T10:48:52,000",/scale/user/mtannaou/alternance/donnees_sar_changes/rcm2-sc50ma-owi-cm-20231019t104852-20231019t105008-00003-xxxxx_aeqd.nc,rcm2-sc50ma-owi-cm-20231019t104852-20231019t105008-00003-xxxxx.nc,/home/datawork-cersat-public/cache/public/ftp/project/sarwing/processings/grdwind+windir_2025v6v12_2v0_0v3v9_0v0v6_0v0v6_1v4v3_1v0v15_1v0v10_1v2v5_1v2v2_1v1v1_1v2v1/cmod5n_ecmwf_norecal_rs2rcmgmfv4_28052025/rcm-2/L2M/sc50ma/rcm-2_sc50ma/2023/292/RCM2_OK2792828_PK2795269_1_SC50MA_20231019_104852_HH_HV_GRD/rcm2-sc50ma-owi-cm-20231019t104852-20231019t105008-00003-xxxxx.nc
wp162023,IRWIN,rcm2-sc50mc-owi-cm-20231020t105656-20231020t105812-00003-______ll_gd_GEO-IRWIN.nc,20.4912204742432,109.664749145508,"2023-10-20T10:56:56,000",/scale/user/mtannaou/alternance/donnees_sar_changes/rcm2-sc50mc-owi-cm-20231020t105656-20231020t105812-00003-xxxxx_aeqd.nc,rcm2-sc50mc-owi-cm-20231020t105656-20231020t105812-00003-xxxxx.nc,/home/datawork-cersat-public/cache/public/ftp/project/sarwing/processings/grdwind+windir_2025v6v12_2v0_0v3v9_0v0v6_0v0v6_1v4v3_1v0v15_1v0v10_1v2v5_1v2v2_1v1v1_1v2v1/cmod5n_ecmwf_norecal_rs2rcmgmfv4_28052025/rcm-2/L2M/sc50mc/rcm-2_sc50mc/2023/293/RCM2_OK2794595_PK2796587_1_SC50MC_20231020_105658_HH_HV_GRD/rcm2-sc50mc-owi-cm-20231020t105656-20231020t105812-00003-xxxxx.nc
wp162023,IRWIN,rcm2-sc50mb-owi-cm-20231019t224231-20231019t224349-00003-______ll_gd_GEO-IRWIN.nc,21.2229022979736,109.427703857422,"2023-10-19T22:42:31,000",/scale/user/mtannaou/alternance/donnees_sar_changes/rcm2-sc50mb-owi-cm-20231019t224231-20231019t224349-00003-xxxxx_aeqd.nc,rcm2-sc50mb-owi-cm-20231019t224231-20231019t224349-00003-xxxxx.nc,/home/datawork-cersat-public/cache/public/ftp/project/sarwing/processings/grdwind+windir_2025v6v12_2v0_0v3v9_0v0v6_0v0v6_1v4v3_1v0v15_1v0v10_1v2v5_1v2v2_1v1v1_1v2v1/cmod5n_ecmwf_norecal_rs2rcmgmfv4_28052025/rcm-2/L2M/sc50mb/rcm-2_sc50mb/2023/292/RCM2_OK2792833_PK2796015_1_SC50MB_20231019_224231_HH_HV_GRD/rcm2-sc50mb-owi-cm-20231019t224231-20231019t224349-00003-xxxxx.nc
ep172023,IRWIN,s1a-iw-owi-cm-20231022t131347-20231022t131505-000003-0621EC_ll_gd_GEO-IRWIN.nc,24.5772285461426,250.376281738281,"2023-10-22T13:13:47,000",/scale/user/mtannaou/alternance/donnees_sar_changes/s1a-iw-owi-cm-20231022t131347-20231022t131505-000003-0621EC_aeqd.nc,s1a-iw-owi-cm-20231022t131347-20231022t131505-000003-0621EC.nc,/home/datawork-cersat-public/cache/public/ftp/project/sarwing/processings/grdwind+windir_2025v6v12_2v0_0v3v9_0v0v6_0v0v6_1v4v3_1v0v15_1v0v10_1v2v5_1v2v2_1v1v1_1v2v1/cmod5n_ecmwf_norecal_rs2rcmgmfv4_28052025/sentinel-1a/L2M/IW/S1A_IW_GRDH_1S/2023/295/S1A_IW_GRDH_1SDV_20231022T131347_20231022T131505_050878_0621EC_41DCXA252XCAA2/s1a-iw-owi-cm-20231022t131347-20231022t131505-000003-0621EC.nc
ep172023,IRWIN,rcm2-sc50ma-owi-cm-20231021t131844-20231021t132000-00003-______ll_gd_GEO-IRWIN.nc,22.2180328369141,249.820755004883,"2023-10-21T13:18:44,000",/scale/user/mtannaou/alternance/donnees_sar_changes/rcm2-sc50ma-owi-cm-20231021t131844-20231021t132000-00003-xxxxx_aeqd.nc,rcm2-sc50ma-owi-cm-20231021t131844-20231021t132000-00003-xxxxx.nc,/home/datawork-cersat-public/cache/public/ftp/project/sarwing/processings/grdwind+windir_2025v6v12_2v0_0v3v9_0v0v6_0v0v6_1v4v3_1v0v15_1v0v10_1v2v5_1v2v2_1v1v1_1v2v1/cmod5n_ecmwf_norecal_rs2rcmgmfv4_28052025/rcm-2/L2M/sc50ma/rcm-2_sc50ma/2023/294/RCM2_OK2795662_PK2798305_1_SC50MA_20231021_131843_HH_HV_GRD/rcm2-sc50ma-owi-cm-20231021t131844-20231021t132000-00003-xxxxx.nc
ep172023,IRWIN,rcm2-sc50mc-owi-cm-20231019t130413-20231019t130530-00003-______ll_gd_GEO-IRWIN.nc,16.8281517028809,252.309875488281,"2023-10-19T13:04:13,000",/scale/user/mtannaou/alternance/donnees_sar_changes/rcm2-sc50mc-owi-cm-20231019t130413-20231019t130530-00003-xxxxx_aeqd.nc,rcm2-sc50mc-owi-cm-20231019t130413-20231019t130530-00003-xxxxx.nc,/home/datawork-cersat-public/cache/public/ftp/project/sarwing/processings/grdwind+windir_2025v6v12_2v0_0v3v9_0v0v6_0v0v6_1v4v3_1v0v15_1v0v10_1v2v5_1v2v2_1v1v1_1v2v1/cmod5n_ecmwf_norecal_rs2rcmgmfv4_28052025/rcm-2/L2M/sc50mc/rcm-2_sc50mc/2023/292/RCM2_OK2793094_PK2795508_1_SC50MC_20231019_130413_HH_HV_GRD/rcm2-sc50mc-owi-cm-20231019t130413-20231019t130530-00003-xxxxx.nc
ep172023,IRWIN,rcm2-sc50mb-owi-cm-20231020t131129-20231020t131245-00003-______ll_gd_GEO-IRWIN.nc,19.0271892547607,251.066223144531,"2023-10-20T13:11:29,000",/scale/user/mtannaou/alternance/donnees_sar_changes/rcm2-sc50mb-owi-cm-20231020t131129-20231020t131245-00003-xxxxx_aeqd.nc,rcm2-sc50mb-owi-cm-20231020t131129-20231020t131245-00003-xxxxx.nc,/home/datawork-cersat-public/cache/public/ftp/project/sarwing/processings/grdwind+windir_2025v6v12_2v0_0v3v9_0v0v6_0v0v6_1v4v3_1v0v15_1v0v10_1v2v5_1v2v2_1v1v1_1v2v1/cmod5n_ecmwf_norecal_rs2rcmgmfv4_28052025/rcm-2/L2M/sc50mb/rcm-2_sc50mb/2023/293/RCM2_OK2794673_PK2796866_1_SC50MB_20231020_131128_HH_HV_GRD/rcm2-sc50mb-owi-cm-20231020t131129-20231020t131245-00003-xxxxx.nc
ep172023,IRWIN,rcm2-sc50ma-owi-cm-20231021t012544-20231021t012702-00003-______ll_gd_GEO-IRWIN.nc,20.4398593902588,250.122085571289,"2023-10-21T01:25:44,000",/scale/user/mtannaou/alternance/donnees_sar_changes/rcm2-sc50ma-owi-cm-20231021t012544-20231021t012702-00003-xxxxx_aeqd.nc,rcm2-sc50ma-owi-cm-20231021t012544-20231021t012702-00003-xxxxx.nc,/home/datawork-cersat-public/cache/public/ftp/project/sarwing/processings/grdwind+windir_2025v6v12_2v0_0v3v9_0v0v6_0v0v6_1v4v3_1v0v15_1v0v10_1v2v5_1v2v2_1v1v1_1v2v1/cmod5n_ecmwf_norecal_rs2rcmgmfv4_28052025/rcm-2/L2M/sc50ma/rcm-2_sc50ma/2023/294/RCM2_OK2794692_PK2797647_1_SC50MA_20231021_012546_HH_HV_GRD/rcm2-sc50ma-owi-cm-20231021t012544-20231021t012702-00003-xxxxx.nc
ep172023,IRWIN,rcm2-sc50ma-owi-cm-20231020t011702-20231020t011819-00003-______ll_gd_GEO-IRWIN.nc,17.8384418487549,251.818252563477,"2023-10-20T01:17:02,000",/scale/user/mtannaou/alternance/donnees_sar_changes/rcm2-sc50ma-owi-cm-20231020t011702-20231020t011819-00003-xxxxx_aeqd.nc,rcm2-sc50ma-owi-cm-20231020t011702-20231020t011819-00003-xxxxx.nc,/home/datawork-cersat-public/cache/public/ftp/project/sarwing/processings/grdwind+windir_2025v6v12_2v0_0v3v9_0v0v6_0v0v6_1v4v3_1v0v15_1v0v10_1v2v5_1v2v2_1v1v1_1v2v1/cmod5n_ecmwf_norecal_rs2rcmgmfv4_28052025/rcm-2/L2M/sc50ma/rcm-2_sc50ma/2023/293/RCM2_OK2793102_PK2796203_1_SC50MA_20231020_011704_HH_HV_GRD/rcm2-sc50ma-owi-cm-20231020t011702-20231020t011819-00003-xxxxx.nc
ep172023,IRWIN,rcm3-sc50ma-owi-cm-20231023t011103-20231023t011220-00003-______ll_gd_GEO-IRWIN.nc,24.7196865081787,250.975769042969,"2023-10-23T01:11:03,000",/scale/user/mtannaou/alternance/donnees_sar_changes/rcm3-sc50ma-owi-cm-20231023t011103-20231023t011220-00003-xxxxx_aeqd.nc,rcm3-sc50ma-owi-cm-20231023t011103-20231023t011220-00003-xxxxx.nc,/home/datawork-cersat-public/cache/public/ftp/project/sarwing/processings/grdwind+windir_2025v6v12_2v0_0v3v9_0v0v6_0v0v6_1v4v3_1v0v15_1v0v10_1v2v5_1v2v2_1v1v1_1v2v1/cmod5n_ecmwf_norecal_rs2rcmgmfv4_28052025/rcm-3/L2M/sc50ma/rcm-3_sc50ma/2023/296/RCM3_OK2797766_PK2800130_1_SC50MA_20231023_011104_HH_HV_GRD/rcm3-sc50ma-owi-cm-20231023t011103-20231023t011220-00003-xxxxx.nc
wp092023,IRWIN,rcm2-sc50mc-owi-cm-20230825t095228-20230825t095344-00003-______ll_gd_GEO-IRWIN.nc,19.8071556091309,123.821151733398,"2023-08-25T09:52:28,000",/scale/user/mtannaou/alternance/donnees_sar_changes/rcm2-sc50mc-owi-cm-20230825t095228-20230825t095344-00003-xxxxx_aeqd.nc,rcm2-sc50mc-owi-cm-20230825t095228-20230825t095344-00003-xxxxx.nc,/home/datawork-cersat-public/cache/public/ftp/project/sarwing/processings/grdwind+windir_2025v6v12_2v0_0v3v9_0v0v6_0v0v6_1v4v3_1v0v15_1v0v10_1v2v5_1v2v2_1v1v1_1v2v1/cmod5n_ecmwf_norecal_rs2rcmgmfv4_28052025/rcm-2/L2M/sc50mc/rcm-2_sc50mc/2023/237/RCM2_OK2705836_PK2707716_1_SC50MC_20230825_095230_HH_HV_GRD/rcm2-sc50mc-owi-cm-20230825t095228-20230825t095344-00003-xxxxx.nc
wp092023,IRWIN,rcm3-sc50ma-owi-cm-20230831t100912-20230831t100941-00003-______ll_gd_GEO-IRWIN.nc,21.2641620635986,117.62296295166,"2023-08-31T10:09:12,000",/scale/user/mtannaou/alternance/donnees_sar_changes/rcm3-sc50ma-owi-cm-20230831t100912-20230831t100941-00003-xxxxx_aeqd.nc,rcm1-sc50mb-owi-cm-20230831t100925-20230831t101309-00003-xxxxx.nc,/home/datawork-cersat-public/cache/public/ftp/project/sarwing/processings/grdwind+windir_2025v6v12_2v0_0v3v9_0v0v6_0v0v6_1v4v3_1v0v15_1v0v10_1v2v5_1v2v2_1v1v1_1v2v1/cmod5n_ecmwf_norecal_rs2rcmgmfv4_28052025/rcm-1/L2M/sc50mb/rcm-1_sc50mb/2023/243/RCM1_OK2717464_PK2717467_2_SC50MB_20230831_100937_HH_HV_GRD/rcm1-sc50mb-owi-cm-20230831t100925-20230831t101309-00003-xxxxx.nc
wp092023,IRWIN,s1a-iw-owi-cm-20230901t103347-20230901t103506-000003-060890_ll_gd_GEO-IRWIN.nc,0.0,0.0,"2023-09-01T10:33:47,000",/scale/user/mtannaou/alternance/donnees_sar_changes/s1a-iw-owi-cm-20230901t103347-20230901t103506-000003-060890_aeqd.nc,s1a-iw-owi-cm-20230901t103347-20230901t103506-000003-060890.nc,/home/datawork-cersat-public/cache/public/ftp/project/sarwing/processings/grdwind+windir_2025v6v12_2v0_0v3v9_0v0v6_0v0v6_1v4v3_1v0v15_1v0v10_1v2v5_1v2v2_1v1v1_1v2v1/cmod5n_ecmwf_norecal_rs2rcmgmfv4_28052025/sentinel-1a/L2M/IW/S1A_IW_GRDH_1S/2023/244/S1A_IW_GRDH_1SDV_20230901T103347_20230901T103506_050133_060890_47EEX6194XDA9A/s1a-iw-owi-cm-20230901t103347-20230901t103506-000003-060890.nc
wp092023,IRWIN,rcm3-sc50mb-owi-cm-20230829t095226-20230829t095343-00003-______ll_gd_GEO-IRWIN.nc,18.9980144500732,123.03059387207,"2023-08-29T09:52:26,000",/scale/user/mtannaou/alternance/donnees_sar_changes/rcm3-sc50mb-owi-cm-20230829t095226-20230829t095343-00003-xxxxx_aeqd.nc,rcm3-sc50mb-owi-cm-20230829t095226-20230829t095343-00003-xxxxx.nc,/home/datawork-cersat-public/cache/public/ftp/project/sarwing/processings/grdwind+windir_2025v6v12_2v0_0v3v9_0v0v6_0v0v6_1v4v3_1v0v15_1v0v10_1v2v5_1v2v2_1v1v1_1v2v1/cmod5n_ecmwf_norecal_rs2rcmgmfv4_28052025/rcm-3/L2M/sc50mb/rcm-3_sc50mb/2023/241/RCM3_OK2711461_PK2714106_1_SC50MB_20230829_095227_HH_HV_GRD/rcm3-sc50mb-owi-cm-20230829t095226-20230829t095343-00003-xxxxx.nc
wp092023,IRWIN,rcm3-sclnd-owi-cm-20230831t220206-20230831t220323-00003-______ll_gd_GEO-IRWIN.nc,21.7027988433838,116.61311340332,"2023-08-31T22:02:06,000",/scale/user/mtannaou/alternance/donnees_sar_changes/rcm3-sclnd-owi-cm-20230831t220206-20230831t220323-00003-xxxxx_aeqd.nc,rcm3-sclnd-owi-cm-20230831t220206-20230831t220323-00003-xxxxx.nc,/home/datawork-cersat-public/cache/public/ftp/project/sarwing/processings/grdwind+windir_2025v6v12_2v0_0v3v9_0v0v6_0v0v6_1v4v3_1v0v15_1v0v10_1v2v5_1v2v2_1v1v1_1v2v1/cmod5n_ecmwf_norecal_rs2rcmgmfv4_28052025/rcm-3/L2M/sclnd/rcm-3_sclnd/2023/243/RCM3_OK2714570_PK2718139_1_SCLND_20230831_220206_VV_VH_GRD/rcm3-sclnd-owi-cm-20230831t220206-20230831t220323-00003-xxxxx.nc
wp092023,IRWIN,rcm3-sc50mb-owi-cm-20230830t100059-20230830t100137-00003-______ll_gd_GEO-IRWIN.nc,20.5532493591309,120.078491210938,"2023-08-30T10:00:59,000",/scale/user/mtannaou/alternance/donnees_sar_changes/rcm3-sc50mb-owi-cm-20230830t100059-20230830t100137-00003-xxxxx_aeqd.nc,rcm3-sc50mb-owi-cm-20230830t100059-20230830t100137-00003-xxxxx.nc,/home/datawork-cersat-public/cache/public/ftp/project/sarwing/processings/grdwind+windir_2025v6v12_2v0_0v3v9_0v0v6_0v0v6_1v4v3_1v0v15_1v0v10_1v2v5_1v2v2_1v1v1_1v2v1/cmod5n_ecmwf_norecal_rs2rcmgmfv4_28052025/rcm-3/L2M/sc50mb/rcm-3_sc50mb/2023/242/RCM3_OK2713298_PK2715622_1_SC50MB_20230830_100100_HH_HV_GRD/rcm3-sc50mb-owi-cm-20230830t100059-20230830t100137-00003-xxxxx.nc
wp092023,IRWIN,rcm3-sc50ma-owi-cm-20230828t094404-20230828t094519-00003-______ll_gd_GEO-IRWIN.nc,17.6248893737793,124.112922668457,"2023-08-28T09:44:04,000",/scale/user/mtannaou/alternance/donnees_sar_changes/rcm3-sc50ma-owi-cm-20230828t094404-20230828t094519-00003-xxxxx_aeqd.nc,rcm3-sc50ma-owi-cm-20230828t094404-20230828t094519-00003-xxxxx.nc,/home/datawork-cersat-public/cache/public/ftp/project/sarwing/processings/grdwind+windir_2025v6v12_2v0_0v3v9_0v0v6_0v0v6_1v4v3_1v0v15_1v0v10_1v2v5_1v2v2_1v1v1_1v2v1/cmod5n_ecmwf_norecal_rs2rcmgmfv4_28052025/rcm-3/L2M/sc50ma/rcm-3_sc50ma/2023/240/RCM3_OK2710304_PK2711816_1_SC50MA_20230828_094406_HH_HV_GRD/rcm3-sc50ma-owi-cm-20230828t094404-20230828t094519-00003-xxxxx.nc
wp092023,IRWIN,rcm3-sc50mc-owi-cm-20230830t215441-20230830t215517-00003-______ll_gd_GEO-IRWIN.nc,20.9542217254639,118.499420166016,"2023-08-30T21:54:41,000",/scale/user/mtannaou/alternance/donnees_sar_changes/rcm3-sc50mc-owi-cm-20230830t215441-20230830t215517-00003-xxxxx_aeqd.nc,rcm3-sc50mc-owi-cm-20230830t215441-20230830t215517-00003-xxxxx.nc,/home/datawork-cersat-public/cache/public/ftp/project/sarwing/processings/grdwind+windir_2025v6v12_2v0_0v3v9_0v0v6_0v0v6_1v4v3_1v0v15_1v0v10_1v2v5_1v2v2_1v1v1_1v2v1/cmod5n_ecmwf_norecal_rs2rcmgmfv4_28052025/rcm-3/L2M/sc50mc/rcm-3_sc50mc/2023/242/RCM3_OK2716734_PK2716735_1_SC50MC_20230830_215442_HH_HV_GRD/rcm3-sc50mc-owi-cm-20230830t215441-20230830t215517-00003-xxxxx.nc
wp092023,IRWIN,rcm3-sclnc-owi-cm-20230827t213101-20230827t213216-00003-______ll_gd_GEO-IRWIN.nc,16.1611957550049,123.998092651367,"2023-08-27T21:31:01,000",/scale/user/mtannaou/alternance/donnees_sar_changes/rcm3-sclnc-owi-cm-20230827t213101-20230827t213216-00003-xxxxx_aeqd.nc,rcm3-sclnc-owi-cm-20230827t213101-20230827t213216-00003-xxxxx.nc,/home/datawork-cersat-public/cache/public/ftp/project/sarwing/processings/grdwind+windir_2025v6v12_2v0_0v3v9_0v0v6_0v0v6_1v4v3_1v0v15_1v0v10_1v2v5_1v2v2_1v1v1_1v2v1/cmod5n_ecmwf_norecal_rs2rcmgmfv4_28052025/rcm-3/L2M/sclnc/rcm-3_sclnc/2023/239/RCM3_OK2708360_PK2711243_1_SCLNC_20230827_213103_VV_VH_GRD/rcm3-sclnc-owi-cm-20230827t213101-20230827t213216-00003-xxxxx.nc
wp092023,IRWIN,rcm2-sclna-owi-cm-20230825t214628-20230825t214729-00003-______ll_gd_GEO-IRWIN.nc,18.9597969055176,123.245979309082,"2023-08-25T21:46:28,000",/scale/user/mtannaou/alternance/donnees_sar_changes/rcm2-sclna-owi-cm-20230825t214628-20230825t214729-00003-xxxxx_aeqd.nc,rcm2-sclna-owi-cm-20230825t214628-20230825t214729-00003-xxxxx.nc,/home/datawork-cersat-public/cache/public/ftp/project/sarwing/processings/grdwind+windir_2025v6v12_2v0_0v3v9_0v0v6_0v0v6_1v4v3_1v0v15_1v0v10_1v2v5_1v2v2_1v1v1_1v2v1/cmod5n_ecmwf_norecal_rs2rcmgmfv4_28052025/rcm-2/L2M/sclna/rcm-2_sclna/2023/237/RCM2_OK2705742_PK2708610_1_SCLNA_20230825_214630_VV_VH_GRD/rcm2-sclna-owi-cm-20230825t214628-20230825t214729-00003-xxxxx.nc
wp092023,IRWIN,s1a-ew-owi-cm-20230828t213725-20230828t213829-000003-0606C6_ll_gd_GEO-IRWIN.nc,18.3099899291992,123.748695373535,"2023-08-28T21:37:25,000",/scale/user/mtannaou/alternance/donnees_sar_changes/s1a-ew-owi-cm-20230828t213725-20230828t213829-000003-0606C6_aeqd.nc,s1a-ew-owi-cm-20230828t213725-20230828t213829-000003-0606C6.nc,/home/datawork-cersat-public/cache/public/ftp/project/sarwing/processings/grdwind+windir_2025v6v12_2v0_0v3v9_0v0v6_0v0v6_1v4v3_1v0v15_1v0v10_1v2v5_1v2v2_1v1v1_1v2v1/cmod5n_ecmwf_norecal_rs2rcmgmfv4_28052025/sentinel-1a/L2M/EW/S1A_EW_GRDM_1S/2023/240/S1A_EW_GRDM_1SDV_20230828T213725_20230828T213829_050081_0606C6_A817/s1a-ew-owi-cm-20230828t213725-20230828t213829-000003-0606C6.nc
wp092023,IRWIN,rcm2-sclnc-owi-cm-20230826t095955-20230826t100111-00003-______ll_gd_GEO-IRWIN.nc,17.8144931793213,123.174453735352,"2023-08-26T09:59:55,000",/scale/user/mtannaou/alternance/donnees_sar_changes/rcm2-sclnc-owi-cm-20230826t095955-20230826t100111-00003-xxxxx_aeqd.nc,rcm2-sclnc-owi-cm-20230826t095955-20230826t100111-00003-xxxxx.nc,/home/datawork-cersat-public/cache/public/ftp/project/sarwing/processings/grdwind+windir_2025v6v12_2v0_0v3v9_0v0v6_0v0v6_1v4v3_1v0v15_1v0v10_1v2v5_1v2v2_1v1v1_1v2v1/cmod5n_ecmwf_norecal_rs2rcmgmfv4_28052025/rcm-2/L2M/sclnc/rcm-2_sclnc/2023/238/RCM2_OK2706975_PK2709152_1_SCLNC_20230826_095957_VV_VH_GRD/rcm2-sclnc-owi-cm-20230826t095955-20230826t100111-00003-xxxxx.nc
wp092023,IRWIN,s1a-ew-owi-cm-20230826t094307-20230826t094411-000003-060581_ll_gd_GEO-IRWIN.nc,17.8433723449707,123.179740905762,"2023-08-26T09:43:07,000",/scale/user/mtannaou/alternance/donnees_sar_changes/s1a-ew-owi-cm-20230826t094307-20230826t094411-000003-060581_aeqd.nc,s1a-ew-owi-cm-20230826t094307-20230826t094411-000003-060581.nc,/home/datawork-cersat-public/cache/public/ftp/project/sarwing/processings/grdwind+windir_2025v6v12_2v0_0v3v9_0v0v6_0v0v6_1v4v3_1v0v15_1v0v10_1v2v5_1v2v2_1v1v1_1v2v1/cmod5n_ecmwf_norecal_rs2rcmgmfv4_28052025/sentinel-1a/L2M/EW/S1A_EW_GRDM_1S/2023/238/S1A_EW_GRDM_1SDV_20230826T094307_20230826T094411_050045_060581_6A6F/s1a-ew-owi-cm-20230826t094307-20230826t094411-000003-060581.nc
wp092023,IRWIN,rcm3-sc50ma-owi-cm-20230902t102525-20230902t102641-00003-______ll_gd_GEO-IRWIN.nc,21.7347316741943,111.632446289063,"2023-09-02T10:25:25,000",/scale/user/mtannaou/alternance/donnees_sar_changes/rcm3-sc50ma-owi-cm-20230902t102525-20230902t102641-00003-xxxxx_aeqd.nc,rcm1-sc50mc-owi-cm-20230902t102710-20230902t102828-00003-xxxxx.nc,/home/datawork-cersat-public/cache/public/ftp/project/sarwing/processings/grdwind+windir_2025v6v12_2v0_0v3v9_0v0v6_0v0v6_1v4v3_1v0v15_1v0v10_1v2v5_1v2v2_1v1v1_1v2v1/cmod5n_ecmwf_norecal_rs2rcmgmfv4_28052025/rcm-1/L2M/sc50mc/rcm-1_sc50mc/2023/245/RCM1_OK2717821_PK2720212_1_SC50MC_20230902_102643_HH_HV_GRD/rcm1-sc50mc-owi-cm-20230902t102710-20230902t102828-00003-xxxxx.nc
wp092023,IRWIN,rcm3-sc50ma-owi-cm-20230901t101728-20230901t101844-00003-______ll_gd_GEO-IRWIN.nc,22.00244140625,115.013549804688,"2023-09-01T10:17:28,000",/scale/user/mtannaou/alternance/donnees_sar_changes/rcm3-sc50ma-owi-cm-20230901t101728-20230901t101844-00003-xxxxx_aeqd.nc,rcm3-sc50ma-owi-cm-20230901t101728-20230901t101844-00003-xxxxx.nc,/home/datawork-cersat-public/cache/public/ftp/project/sarwing/processings/grdwind+windir_2025v6v12_2v0_0v3v9_0v0v6_0v0v6_1v4v3_1v0v15_1v0v10_1v2v5_1v2v2_1v1v1_1v2v1/cmod5n_ecmwf_norecal_rs2rcmgmfv4_28052025/rcm-3/L2M/sc50ma/rcm-3_sc50ma/2023/244/RCM3_OK2716236_PK2718866_1_SC50MA_20230901_101727_HH_HV_GRD/rcm3-sc50ma-owi-cm-20230901t101728-20230901t101844-00003-xxxxx.nc
wp092023,IRWIN,rcm3-sc50mc-owi-cm-20230901t221002-20230901t221120-00003-______ll_gd_GEO-IRWIN.nc,21.9844264984131,113.22021484375,"2023-09-01T22:10:02,000",/scale/user/mtannaou/alternance/donnees_sar_changes/rcm3-sc50mc-owi-cm-20230901t221002-20230901t221120-00003-xxxxx_aeqd.nc,rcm3-sc50mc-owi-cm-20230901t221002-20230901t221120-00003-xxxxx.nc,/home/datawork-cersat-public/cache/public/ftp/project/sarwing/processings/grdwind+windir_2025v6v12_2v0_0v3v9_0v0v6_0v0v6_1v4v3_1v0v15_1v0v10_1v2v5_1v2v2_1v1v1_1v2v1/cmod5n_ecmwf_norecal_rs2rcmgmfv4_28052025/rcm-3/L2M/sc50mc/rcm-3_sc50mc/2023/244/RCM3_OK2716243_PK2719633_1_SC50MC_20230901_221003_HH_HV_GRD/rcm3-sc50mc-owi-cm-20230901t221002-20230901t221120-00003-xxxxx.nc
wp092023,IRWIN,rcm3-sc50ma-owi-cm-20230829t214639-20230829t214735-00003-______ll_gd_GEO-IRWIN.nc,19.9971981048584,121.526428222656,"2023-08-29T21:46:39,000",/scale/user/mtannaou/alternance/donnees_sar_changes/rcm3-sc50ma-owi-cm-20230829t214639-20230829t214735-00003-xxxxx_aeqd.nc,rcm3-sc50ma-owi-cm-20230829t214639-20230829t214735-00003-xxxxx.nc,/home/datawork-cersat-public/cache/public/ftp/project/sarwing/processings/grdwind+windir_2025v6v12_2v0_0v3v9_0v0v6_0v0v6_1v4v3_1v0v15_1v0v10_1v2v5_1v2v2_1v1v1_1v2v1/cmod5n_ecmwf_norecal_rs2rcmgmfv4_28052025/rcm-3/L2M/sc50ma/rcm-3_sc50ma/2023/241/RCM3_OK2711478_PK2714989_1_SC50MA_20230829_214642_HH_HV_GRD/rcm3-sc50ma-owi-cm-20230829t214639-20230829t214735-00003-xxxxx.nc
sh132022,IRWIN,s1a-ew-owi-cm-20220219t013628-20220219t013902-000003-04FFB8_ll_gd_GEO-IRWIN.nc,-15.371865272522,59.8548278808594,"2022-02-19T01:36:28,000",/scale/user/mtannaou/alternance/donnees_sar_changes/s1a-ew-owi-cm-20220219t013628-20220219t013902-000003-04FFB8_aeqd.nc,s1a-ew-owi-cm-20220219t013628-20220219t013902-000003-04FFB8.nc,/home/datawork-cersat-public/cache/public/ftp/project/sarwing/processings/grdwind+windir_2025v6v12_2v0_0v3v9_0v0v6_0v0v6_1v4v3_1v0v15_1v0v10_1v2v5_1v2v2_1v1v1_1v2v1/cmod5n_ecmwf_norecal_rs2rcmgmfv4_28052025/sentinel-1a/L2M/EW/S1A_EW_GRDM_1S/2022/050/S1A_EW_GRDM_1SDV_20220219T013628_20220219T013902_041975_04FFB8_6640X989EXF54C/s1a-ew-owi-cm-20220219t013628-20220219t013902-000003-04FFB8.nc
sh132022,IRWIN,s1a-ew-owi-cm-20220222t020130-20220222t020435-000003-050156_ll_gd_GEO-IRWIN.nc,-19.1144256591797,51.1843414306641,"2022-02-22T02:01:30,000",/scale/user/mtannaou/alternance/donnees_sar_changes/s1a-ew-owi-cm-20220222t020130-20220222t020435-000003-050156_aeqd.nc,s1a-ew-owi-cm-20220222t020130-20220222t020435-000003-050156.nc,/home/datawork-cersat-public/cache/public/ftp/project/sarwing/processings/grdwind+windir_2025v6v12_2v0_0v3v9_0v0v6_0v0v6_1v4v3_1v0v15_1v0v10_1v2v5_1v2v2_1v1v1_1v2v1/cmod5n_ecmwf_norecal_rs2rcmgmfv4_28052025/sentinel-1a/L2M/EW/S1A_EW_GRDM_1S/2022/053/S1A_EW_GRDM_1SDV_20220222T020130_20220222T020435_042019_050156_39D7X7B04X8D38/s1a-ew-owi-cm-20220222t020130-20220222t020435-000003-050156.nc
sh132022,IRWIN,rs2-scwa-owi-cm-20220220t143954-20220220t144218-00003-______ll_gd_GEO-IRWIN.nc,-17.4236011505127,55.3397521972656,"2022-02-20T14:39:54,000",/scale/user/mtannaou/alternance/donnees_sar_changes/rs2-scwa-owi-cm-20220220t143954-20220220t144218-00003-xxxxx_aeqd.nc,rs2-scwa-owi-cm-20220220t143954-20220220t144218-00003-xxxxx.nc,/home/datawork-cersat-public/cache/public/ftp/project/sarwing/processings/grdwind+windir_2025v6v12_2v0_0v3v9_0v0v6_0v0v6_1v4v3_1v0v15_1v0v10_1v2v5_1v2v2_1v1v1_1v2v1/cmod5n_ecmwf_norecal_rs2rcmgmfv4_28052025/RS2/L2M/SCWA/RS2_SCWA/2022/051/RS2_OK134017_PK1172682X683_DK1128396X401_SCWA_20220220_143954_144101_VV_VH_SGF/rs2-scwa-owi-cm-20220220t143954-20220220t144218-00003-xxxxx.nc
sh132022,IRWIN,s1a-ew-owi-cm-20220225t022958-20220225t023303-000003-0502C7_ll_gd_GEO-IRWIN.nc,-29.8483142852783,41.731128692627,"2022-02-25T02:29:58,000",/scale/user/mtannaou/alternance/donnees_sar_changes/s1a-ew-owi-cm-20220225t022958-20220225t023303-000003-0502C7_aeqd.nc,s1a-ew-owi-cm-20220225t022958-20220225t023303-000003-0502C7.nc,/home/datawork-cersat-public/cache/public/ftp/project/sarwing/processings/grdwind+windir_2025v6v12_2v0_0v3v9_0v0v6_0v0v6_1v4v3_1v0v15_1v0v10_1v2v5_1v2v2_1v1v1_1v2v1/cmod5n_ecmwf_norecal_rs2rcmgmfv4_28052025/sentinel-1a/L2M/EW/S1A_EW_GRDM_1S/2022/056/S1A_EW_GRDM_1SDV_20220225T022958_20220225T023303_042063_0502C7_4464X4862XEE17/s1a-ew-owi-cm-20220225t022958-20220225t023303-000003-0502C7.nc
wp272024,IRWIN,rcm3-sc50ma-owi-cm-20241112t212331-20241112t212447-00003-______ll_gd_GEO-IRWIN.nc,14.8703203201294,128.619293212891,"2024-11-12T21:23:31,000",/scale/user/mtannaou/alternance/donnees_sar_changes/rcm3-sc50ma-owi-cm-20241112t212331-20241112t212447-00003-xxxxx_aeqd.nc,rcm3-sc50ma-owi-cm-20241112t212331-20241112t212447-00003-xxxxx.nc,/home/datawork-cersat-public/cache/public/ftp/project/sarwing/processings/grdwind+windir_2025v6v12_2v0_0v3v9_0v0v6_0v0v6_1v4v3_1v0v15_1v0v10_1v2v5_1v2v2_1v1v1_1v2v1/cmod5n_ecmwf_norecal_rs2rcmgmfv4_28052025/rcm-3/L2M/sc50ma/rcm-3_sc50ma/2024/317/RCM3_OK3356523_PK3358800_1_SC50MA_20241112_212021_HH_HV_GRD/rcm3-sc50ma-owi-cm-20241112t212331-20241112t212447-00003-xxxxx.nc
wp272024,IRWIN,rcm3-sc50mc-owi-cm-20241113t213105-20241113t213223-00003-______ll_gd_GEO-IRWIN.nc,16.7331027984619,123.735664367676,"2024-11-13T21:31:05,000",/scale/user/mtannaou/alternance/donnees_sar_changes/rcm3-sc50mc-owi-cm-20241113t213105-20241113t213223-00003-xxxxx_aeqd.nc,rcm3-sc50mc-owi-cm-20241113t213105-20241113t213223-00003-xxxxx.nc,/home/datawork-cersat-public/cache/public/ftp/project/sarwing/processings/grdwind+windir_2025v6v12_2v0_0v3v9_0v0v6_0v0v6_1v4v3_1v0v15_1v0v10_1v2v5_1v2v2_1v1v1_1v2v1/cmod5n_ecmwf_norecal_rs2rcmgmfv4_28052025/rcm-3/L2M/sc50mc/rcm-3_sc50mc/2024/318/RCM3_OK3357848_PK3360693_1_SC50MC_20241113_213003_HH_HV_GRD/rcm3-sc50mc-owi-cm-20241113t213105-20241113t213223-00003-xxxxx.nc
wp272024,IRWIN,rcm3-sc50ma-owi-cm-20241113t093549-20241113t093706-00003-______ll_gd_GEO-IRWIN.nc,15.7812929153442,126.150619506836,"2024-11-13T09:35:49,000",/scale/user/mtannaou/alternance/donnees_sar_changes/rcm3-sc50ma-owi-cm-20241113t093549-20241113t093706-00003-xxxxx_aeqd.nc,rcm3-sc50ma-owi-cm-20241113t093549-20241113t093706-00003-xxxxx.nc,/home/datawork-cersat-public/cache/public/ftp/project/sarwing/processings/grdwind+windir_2025v6v12_2v0_0v3v9_0v0v6_0v0v6_1v4v3_1v0v15_1v0v10_1v2v5_1v2v2_1v1v1_1v2v1/cmod5n_ecmwf_norecal_rs2rcmgmfv4_28052025/rcm-3/L2M/sc50ma/rcm-3_sc50ma/2024/318/RCM3_OK3357844_PK3359482_1_SC50MA_20241113_093439_HH_HV_GRD/rcm3-sc50ma-owi-cm-20241113t093549-20241113t093706-00003-xxxxx.nc
wp272024,IRWIN,rcm3-sc50mc-owi-cm-20241112t092705-20241112t092822-00003-______ll_gd_GEO-IRWIN.nc,14.0945959091187,131.390914916992,"2024-11-12T09:27:05,000",/scale/user/mtannaou/alternance/donnees_sar_changes/rcm3-sc50mc-owi-cm-20241112t092705-20241112t092822-00003-xxxxx_aeqd.nc,rcm3-sc50mc-owi-cm-20241112t092705-20241112t092822-00003-xxxxx.nc,/home/datawork-cersat-public/cache/public/ftp/project/sarwing/processings/grdwind+windir_2025v6v12_2v0_0v3v9_0v0v6_0v0v6_1v4v3_1v0v15_1v0v10_1v2v5_1v2v2_1v1v1_1v2v1/cmod5n_ecmwf_norecal_rs2rcmgmfv4_28052025/rcm-3/L2M/sc50mc/rcm-3_sc50mc/2024/317/RCM3_OK3356521_PK3357729_1_SC50MC_20241112_092706_HH_HV_GRD/rcm3-sc50mc-owi-cm-20241112t092705-20241112t092822-00003-xxxxx.nc
ep062019,IRWIN,s1a-ew-owi-cm-20190731t034721-20190731t034910-000003-033442_ll_gd_GEO-IRWIN.nc,13.8796977996826,214.761947631836,"2019-07-31T03:47:21,000",/scale/user/mtannaou/alternance/donnees_sar_changes/s1a-ew-owi-cm-20190731t034721-20190731t034910-000003-033442_aeqd.nc,s1a-ew-owi-cm-20190731t034721-20190731t034910-000003-033442.nc,/home/datawork-cersat-public/cache/public/ftp/project/sarwing/processings/grdwind+windir_2025v6v12_2v0_0v3v9_0v0v6_0v0v6_1v4v3_1v0v15_1v0v10_1v2v5_1v2v2_1v1v1_1v2v1/cmod5n_ecmwf_norecal_rs2rcmgmfv4_28052025/sentinel-1a/L2M/EW/S1A_EW_GRDM_1S/2019/212/S1A_EW_GRDM_1SDV_20190731T034721_20190731T034910_028356_033442_C308XC48E/s1a-ew-owi-cm-20190731t034721-20190731t034910-000003-033442.nc
ep062019,IRWIN,s1b-ew-owi-cm-20190802t042011-20190802t042203-000003-020B9A_ll_gd_GEO-IRWIN.nc,15.9825162887573,205.453384399414,"2019-08-02T04:20:11,000",/scale/user/mtannaou/alternance/donnees_sar_changes/s1b-ew-owi-cm-20190802t042011-20190802t042203-000003-020B9A_aeqd.nc,s1b-ew-owi-cm-20190802t042011-20190802t042203-000003-020B9A.nc,/home/datawork-cersat-public/cache/public/ftp/project/sarwing/processings/grdwind+windir_2025v6v12_2v0_0v3v9_0v0v6_0v0v6_1v4v3_1v0v15_1v0v10_1v2v5_1v2v2_1v1v1_1v2v1/cmod5n_ecmwf_norecal_rs2rcmgmfv4_28052025/sentinel-1b/L2M/EW/S1B_EW_GRDM_1S/2019/214/S1B_EW_GRDM_1SDV_20190802T042011_20190802T042203_017402_020B9A_59FFXC855/s1b-ew-owi-cm-20190802t042011-20190802t042203-000003-020B9A.nc
al182021,IRWIN,rcm3-sc50mb-owi-cm-20211003t212148-20211003t212248-00003-______ll_gd_GEO-IRWIN.nc,38.149845123291,306.473175048828,"2021-10-03T21:21:48,000",/scale/user/mtannaou/alternance/donnees_sar_changes/rcm3-sc50mb-owi-cm-20211003t212148-20211003t212248-00003-xxxxx_aeqd.nc,rcm3-sc50mb-owi-cm-20211003t212148-20211003t212248-00003-xxxxx.nc,/home/datawork-cersat-public/cache/public/ftp/project/sarwing/processings/grdwind+windir_2025v6v12_2v0_0v3v9_0v0v6_0v0v6_1v4v3_1v0v15_1v0v10_1v2v5_1v2v2_1v1v1_1v2v1/cmod5n_ecmwf_norecal_rs2rcmgmfv4_28052025/rcm-3/L2M/sc50mb/rcm-3_sc50mb/2021/276/RCM3_OK1653761_PK1805856_1_SC50MB_20211003_212146_HH_HV_GRD/rcm3-sc50mb-owi-cm-20211003t212148-20211003t212248-00003-xxxxx.nc
al182021,IRWIN,rs2-scwa-owi-cm-20210930t095823-20210930t095939-00003-______ll_gd_GEO-IRWIN.nc,21.30078125,300.945220947266,"2021-09-30T09:58:23,000",/scale/user/mtannaou/alternance/donnees_sar_changes/rs2-scwa-owi-cm-20210930t095823-20210930t095939-00003-xxxxx_aeqd.nc,rs2-scwa-owi-cm-20210930t095823-20210930t095939-00003-xxxxx.nc,/home/datawork-cersat-public/cache/public/ftp/project/sarwing/processings/grdwind+windir_2025v6v12_2v0_0v3v9_0v0v6_0v0v6_1v4v3_1v0v15_1v0v10_1v2v5_1v2v2_1v1v1_1v2v1/cmod5n_ecmwf_norecal_rs2rcmgmfv4_28052025/RS2/L2M/SCWA/RS2_SCWA/2021/273/RS2_OK130970_PK1147362_DK1104658_SCWA_20210930_095823_095823_VV_VH_SGF/rs2-scwa-owi-cm-20210930t095823-20210930t095939-00003-xxxxx.nc
al182021,IRWIN,rcm1-sc50mb-owi-cm-20211004t205837-20211004t205937-00003-______ll_gd_GEO-IRWIN.nc,44.2116546630859,316.966156005859,"2021-10-04T20:58:37,000",/scale/user/mtannaou/alternance/donnees_sar_changes/rcm1-sc50mb-owi-cm-20211004t205837-20211004t205937-00003-xxxxx_aeqd.nc,rcm1-sc50mb-owi-cm-20211004t205837-20211004t205937-00003-xxxxx.nc,/home/datawork-cersat-public/cache/public/ftp/project/sarwing/processings/grdwind+windir_2025v6v12_2v0_0v3v9_0v0v6_0v0v6_1v4v3_1v0v15_1v0v10_1v2v5_1v2v2_1v1v1_1v2v1/cmod5n_ecmwf_norecal_rs2rcmgmfv4_28052025/rcm-1/L2M/sc50mb/rcm-1_sc50mb/2021/277/RCM1_OK1653761_PK1807549_1_SC50MB_20211004_205748_HH_HV_GRD/rcm1-sc50mb-owi-cm-20211004t205837-20211004t205937-00003-xxxxx.nc
al182021,IRWIN,rs2-scwa-owi-cm-20210926t211822-20210926t212046-00003-______ll_gd_GEO-IRWIN.nc,14.1837453842163,309.642059326172,"2021-09-26T21:18:22,000",/scale/user/mtannaou/alternance/donnees_sar_changes/rs2-scwa-owi-cm-20210926t211822-20210926t212046-00003-xxxxx_aeqd.nc,rs2-scwa-owi-cm-20210926t211822-20210926t212046-00003-xxxxx.nc,/home/datawork-cersat-public/cache/public/ftp/project/sarwing/processings/grdwind+windir_2025v6v12_2v0_0v3v9_0v0v6_0v0v6_1v4v3_1v0v15_1v0v10_1v2v5_1v2v2_1v1v1_1v2v1/cmod5n_ecmwf_norecal_rs2rcmgmfv4_28052025/RS2/L2M/SCWA/RS2_SCWA/2021/269/RS2_OK130970_PK1146786X787_DK1103872X873_SCWA_20210926_211822_211929_VV_VH_SGF/rs2-scwa-owi-cm-20210926t211822-20210926t212046-00003-xxxxx.nc
al182021,IRWIN,s1a-ew-owi-cm-20210924t210331-20210924t210556-000003-04B621_ll_gd_GEO-IRWIN.nc,11.9701747894287,315.484558105469,"2021-09-24T21:03:31,000",/scale/user/mtannaou/alternance/donnees_sar_changes/s1a-ew-owi-cm-20210924t210331-20210924t210556-000003-04B621_aeqd.nc,s1a-ew-owi-cm-20210924t210331-20210924t210556-000003-04B621.nc,/home/datawork-cersat-public/cache/public/ftp/project/sarwing/processings/grdwind+windir_2025v6v12_2v0_0v3v9_0v0v6_0v0v6_1v4v3_1v0v15_1v0v10_1v2v5_1v2v2_1v1v1_1v2v1/cmod5n_ecmwf_norecal_rs2rcmgmfv4_28052025/sentinel-1a/L2M/EW/S1A_EW_GRDM_1S/2021/267/S1A_EW_GRDM_1SDV_20210924T210331_20210924T210556_039829_04B621_16D2X2BDFX9502/s1a-ew-owi-cm-20210924t210331-20210924t210556-000003-04B621.nc
al182021,IRWIN,s1b-ew-owi-cm-20210926t090903-20210926t091107-000003-0371EC_ll_gd_GEO-IRWIN.nc,13.6371383666992,310.465728759766,"2021-09-26T09:09:03,000",/scale/user/mtannaou/alternance/donnees_sar_changes/s1b-ew-owi-cm-20210926t090903-20210926t091107-000003-0371EC_aeqd.nc,s1b-ew-owi-cm-20210926t090903-20210926t091107-000003-0371EC.nc,/home/datawork-cersat-public/cache/public/ftp/project/sarwing/processings/grdwind+windir_2025v6v12_2v0_0v3v9_0v0v6_0v0v6_1v4v3_1v0v15_1v0v10_1v2v5_1v2v2_1v1v1_1v2v1/cmod5n_ecmwf_norecal_rs2rcmgmfv4_28052025/sentinel-1b/L2M/EW/S1B_EW_GRDM_1S/2021/269/S1B_EW_GRDM_1SDV_20210926T090903_20210926T091107_028867_0371EC_01FCXCEAA/s1b-ew-owi-cm-20210926t090903-20210926t091107-000003-0371EC.nc
al182021,IRWIN,rs2-scwa-owi-cm-20210928t091808-20210928t092031-00003-______ll_gd_GEO-IRWIN.nc,16.9899044036865,306.358123779297,"2021-09-28T09:18:08,000",/scale/user/mtannaou/alternance/donnees_sar_changes/rs2-scwa-owi-cm-20210928t091808-20210928t092031-00003-xxxxx_aeqd.nc,rs2-scwa-owi-cm-20210928t091808-20210928t092031-00003-xxxxx.nc,/home/datawork-cersat-public/cache/public/ftp/project/sarwing/processings/grdwind+windir_2025v6v12_2v0_0v3v9_0v0v6_0v0v6_1v4v3_1v0v15_1v0v10_1v2v5_1v2v2_1v1v1_1v2v1/cmod5n_ecmwf_norecal_rs2rcmgmfv4_28052025/RS2/L2M/SCWA/RS2_SCWA/2021/271/RS2_OK130970_PK1146750X751_DK1103874X875_SCWA_20210928_091808_091915_VV_VH_SGF/rs2-scwa-owi-cm-20210928t091808-20210928t092031-00003-xxxxx.nc
al182021,IRWIN,rcm2-sc50mb-owi-cm-20211004t093624-20211004t093723-00003-______ll_gd_GEO-IRWIN.nc,40.2842445373535,310.857635498047,"2021-10-04T09:36:24,000",/scale/user/mtannaou/alternance/donnees_sar_changes/rcm2-sc50mb-owi-cm-20211004t093624-20211004t093723-00003-xxxxx_aeqd.nc,rcm2-sc50mb-owi-cm-20211004t093624-20211004t093723-00003-xxxxx.nc,/home/datawork-cersat-public/cache/public/ftp/project/sarwing/processings/grdwind+windir_2025v6v12_2v0_0v3v9_0v0v6_0v0v6_1v4v3_1v0v15_1v0v10_1v2v5_1v2v2_1v1v1_1v2v1/cmod5n_ecmwf_norecal_rs2rcmgmfv4_28052025/rcm-2/L2M/sc50mb/rcm-2_sc50mb/2021/277/RCM2_OK1653761_PK1806447_5_SC50MB_20211004_093253_HH_HV_GRD/rcm2-sc50mb-owi-cm-20211004t093624-20211004t093723-00003-xxxxx.nc
al182021,IRWIN,s1a-iw-owi-cm-20210930t215640-20210930t215735-000003-04B93B_ll_gd_GEO-IRWIN.nc,23.378662109375,299.394989013672,"2021-09-30T21:56:40,000",/scale/user/mtannaou/alternance/donnees_sar_changes/s1a-iw-owi-cm-20210930t215640-20210930t215735-000003-04B93B_aeqd.nc,s1a-iw-owi-cm-20210930t215640-20210930t215735-000003-04B93B.nc,/home/datawork-cersat-public/cache/public/ftp/project/sarwing/processings/grdwind+windir_2025v6v12_2v0_0v3v9_0v0v6_0v0v6_1v4v3_1v0v15_1v0v10_1v2v5_1v2v2_1v1v1_1v2v1/cmod5n_ecmwf_norecal_rs2rcmgmfv4_28052025/sentinel-1a/L2M/IW/S1A_IW_GRDH_1S/2021/273/S1A_IW_GRDH_1SDV_20210930T215640_20210930T215735_039917_04B93B_0BACXE3FE/s1a-iw-owi-cm-20210930t215640-20210930t215735-000003-04B93B.nc
al182021,IRWIN,rs2-scwa-owi-cm-20210925t090528-20210925t090752-00003-______ll_gd_GEO-IRWIN.nc,12.6432819366455,313.516723632813,"2021-09-25T09:05:28,000",/scale/user/mtannaou/alternance/donnees_sar_changes/rs2-scwa-owi-cm-20210925t090528-20210925t090752-00003-xxxxx_aeqd.nc,rs2-scwa-owi-cm-20210925t090528-20210925t090752-00003-xxxxx.nc,/home/datawork-cersat-public/cache/public/ftp/project/sarwing/processings/grdwind+windir_2025v6v12_2v0_0v3v9_0v0v6_0v0v6_1v4v3_1v0v15_1v0v10_1v2v5_1v2v2_1v1v1_1v2v1/cmod5n_ecmwf_norecal_rs2rcmgmfv4_28052025/RS2/L2M/SCWA/RS2_SCWA/2021/268/RS2_OK130970_PK1146746X747_DK1103870X871_SCWA_20210925_090528_090636_VV_VH_SGF/rs2-scwa-owi-cm-20210925t090528-20210925t090752-00003-xxxxx.nc
al182021,IRWIN,s1b-ew-owi-cm-20210929t220202-20210929t220436-000003-037380_ll_gd_GEO-IRWIN.nc,19.9100475311279,302.463531494141,"2021-09-29T22:02:02,000",/scale/user/mtannaou/alternance/donnees_sar_changes/s1b-ew-owi-cm-20210929t220202-20210929t220436-000003-037380_aeqd.nc,s1b-ew-owi-cm-20210929t220202-20210929t220436-000003-037380.nc,/home/datawork-cersat-public/cache/public/ftp/project/sarwing/processings/grdwind+windir_2025v6v12_2v0_0v3v9_0v0v6_0v0v6_1v4v3_1v0v15_1v0v10_1v2v5_1v2v2_1v1v1_1v2v1/cmod5n_ecmwf_norecal_rs2rcmgmfv4_28052025/sentinel-1b/L2M/EW/S1B_EW_GRDM_1S/2021/272/S1B_EW_GRDM_1SDV_20210929T220202_20210929T220436_028919_037380_1877XB67BXFC64/s1b-ew-owi-cm-20210929t220202-20210929t220436-000003-037380.nc
al182021,IRWIN,s1a-iw-owi-cm-20211001t100446-20211001t100540-000003-04B97E_ll_gd_GEO-IRWIN.nc,26.3363819122315,298.257751464844,"2021-10-01T10:04:46,000",,s1a-iw-owi-cm-20211001t100446-20211001t100630-000003-04B97E.nc,/home/datawork-cersat-public/cache/public/ftp/project/sarwing/processings/grdwind+windir_2025v6v12_2v0_0v3v9_0v0v6_0v0v6_1v4v3_1v0v15_1v0v10_1v2v5_1v2v2_1v1v1_1v2v1/cmod5n_ecmwf_norecal_rs2rcmgmfv4_28052025/sentinel-1a/L2M/IW/S1A_IW_GRDH_1S/2021/274/S1A_IW_GRDH_1SDV_20211001T100446_20211001T100630_039924_04B97E_4281X6192X8772X89BA/s1a-iw-owi-cm-20211001t100446-20211001t100630-000003-04B97E.nc
al182021,IRWIN,s1a-ew-owi-cm-20210927t212900-20210927t213119-000003-04B7A8_ll_gd_GEO-IRWIN.nc,16.0623874664307,307.541778564453,"2021-09-27T21:29:00,000",/scale/user/mtannaou/alternance/donnees_sar_changes/s1a-ew-owi-cm-20210927t212900-20210927t213119-000003-04B7A8_aeqd.nc,s1a-ew-owi-cm-20210927t212900-20210927t213119-000003-04B7A8.nc,/home/datawork-cersat-public/cache/public/ftp/project/sarwing/processings/grdwind+windir_2025v6v12_2v0_0v3v9_0v0v6_0v0v6_1v4v3_1v0v15_1v0v10_1v2v5_1v2v2_1v1v1_1v2v1/cmod5n_ecmwf_norecal_rs2rcmgmfv4_28052025/sentinel-1a/L2M/EW/S1A_EW_GRDM_1S/2021/270/S1A_EW_GRDM_1SDV_20210927T212900_20210927T213119_039873_04B7A8_2118X3BB0XBA6D/s1a-ew-owi-cm-20210927t212900-20210927t213119-000003-04B7A8.nc
al182021,IRWIN,rcm1-sc50mc-owi-cm-20211002t095319-20211002t095655-00003-______ll_gd_GEO-IRWIN.nc,32.5079345703125,299.251495361328,"2021-10-02T09:53:19,000",,rcm1-sc50mc-owi-cm-20211002t095319-20211002t095655-00003-xxxxx.nc,/home/datawork-cersat-public/cache/public/ftp/project/sarwing/processings/grdwind+windir_2025v6v12_2v0_0v3v9_0v0v6_0v0v6_1v4v3_1v0v15_1v0v10_1v2v5_1v2v2_1v1v1_1v2v1/cmod5n_ecmwf_norecal_rs2rcmgmfv4_28052025/rcm-1/L2M/sc50mc/rcm-1_sc50mc/2021/275/RCM1_OK2381571_PK2382656_2_SC50MC_20211002_095333_HH_HV_GRD/rcm1-sc50mc-owi-cm-20211002t095319-20211002t095655-00003-xxxxx.nc
ep102023,IRWIN,rcm2-sc50ma-owi-cm-20230828t140806-20230828t140923-00003-______ll_gd_GEO-IRWIN.nc,17.9212875366211,236.778549194336,"2023-08-28T14:08:06,000",/scale/user/mtannaou/alternance/donnees_sar_changes/rcm2-sc50ma-owi-cm-20230828t140806-20230828t140923-00003-xxxxx_aeqd.nc,rcm2-sc50ma-owi-cm-20230828t140806-20230828t140923-00003-xxxxx.nc,/home/datawork-cersat-public/cache/public/ftp/project/sarwing/processings/grdwind+windir_2025v6v12_2v0_0v3v9_0v0v6_0v0v6_1v4v3_1v0v15_1v0v10_1v2v5_1v2v2_1v1v1_1v2v1/cmod5n_ecmwf_norecal_rs2rcmgmfv4_28052025/rcm-2/L2M/sc50ma/rcm-2_sc50ma/2023/240/RCM2_OK2710464_PK2713221_1_SC50MA_20230828_140806_HH_HV_GRD/rcm2-sc50ma-owi-cm-20230828t140806-20230828t140923-00003-xxxxx.nc
sh212022,IRWIN,rs2-scwa-owi-cm-20220323t221849-20220323t222113-00003-______ll_gd_GEO-IRWIN.nc,-19.5252647399902,107.423835754395,"2022-03-23T22:18:49,000",/scale/user/mtannaou/alternance/donnees_sar_changes/rs2-scwa-owi-cm-20220323t221849-20220323t222113-00003-xxxxx_aeqd.nc,rs2-scwa-owi-cm-20220323t221849-20220323t222113-00003-xxxxx.nc,/home/datawork-cersat-public/cache/public/ftp/project/sarwing/processings/grdwind+windir_2025v6v12_2v0_0v3v9_0v0v6_0v0v6_1v4v3_1v0v15_1v0v10_1v2v5_1v2v2_1v1v1_1v2v1/cmod5n_ecmwf_norecal_rs2rcmgmfv4_28052025/RS2/L2M/SCWA/RS2_SCWA/2022/082/RS2_OK134745_PK1183281X282_DK1147317X318_SCWA_20220323_221849_221957_VV_VH_SGF/rs2-scwa-owi-cm-20220323t221849-20220323t222113-00003-xxxxx.nc
sh212022,IRWIN,rs2-scwa-owi-cm-20220323t111355-20220323t111619-00003-______ll_gd_GEO-IRWIN.nc,-19.2715759277344,108.236885070801,"2022-03-23T11:13:55,000",/scale/user/mtannaou/alternance/donnees_sar_changes/rs2-scwa-owi-cm-20220323t111355-20220323t111619-00003-xxxxx_aeqd.nc,rs2-scwa-owi-cm-20220323t111355-20220323t111619-00003-xxxxx.nc,/home/datawork-cersat-public/cache/public/ftp/project/sarwing/processings/grdwind+windir_2025v6v12_2v0_0v3v9_0v0v6_0v0v6_1v4v3_1v0v15_1v0v10_1v2v5_1v2v2_1v1v1_1v2v1/cmod5n_ecmwf_norecal_rs2rcmgmfv4_28052025/RS2/L2M/SCWA/RS2_SCWA/2022/082/RS2_OK134745_PK1183279X280_DK1147315X316_SCWA_20220323_111355_111502_VV_VH_SGF/rs2-scwa-owi-cm-20220323t111355-20220323t111619-00003-xxxxx.nc
wp112021,IRWIN,rcm1-sc50mc-owi-cm-20210727t082815-20210727t082923-00003-______ll_gd_GEO-IRWIN.nc,35.8647727966309,142.290557861328,"2021-07-27T08:28:15,000",/scale/user/mtannaou/alternance/donnees_sar_changes/rcm1-sc50mc-owi-cm-20210727t082815-20210727t082923-00003-xxxxx_aeqd.nc,rcm1-sc50mc-owi-cm-20210727t082815-20210727t082923-00003-xxxxx.nc,/home/datawork-cersat-public/cache/public/ftp/project/sarwing/processings/grdwind+windir_2025v6v12_2v0_0v3v9_0v0v6_0v0v6_1v4v3_1v0v15_1v0v10_1v2v5_1v2v2_1v1v1_1v2v1/cmod5n_ecmwf_norecal_rs2rcmgmfv4_28052025/rcm-1/L2M/sc50mc/rcm-1_sc50mc/2021/208/RCM1_OK2377995_PK2381604_1_SC50MC_20210727_082827_HH_HV_GRD/rcm1-sc50mc-owi-cm-20210727t082815-20210727t082923-00003-xxxxx.nc
wp112021,IRWIN,rcm3-sc50mc-owi-cm-20210728t205201-20210728t205729-00003-______ll_gd_GEO-IRWIN.nc,40.8917350769043,137.291305541992,"2021-07-28T20:52:01,000",,rcm3-sc50mc-owi-cm-20210728t205201-20210728t205729-00003-xxxxx.nc,/home/datawork-cersat-public/cache/public/ftp/project/sarwing/processings/grdwind+windir_2025v6v12_2v0_0v3v9_0v0v6_0v0v6_1v4v3_1v0v15_1v0v10_1v2v5_1v2v2_1v1v1_1v2v1/cmod5n_ecmwf_norecal_rs2rcmgmfv4_28052025/rcm-3/L2M/sc50mc/rcm-3_sc50mc/2021/209/RCM3_OK2378004_PK2385016_1_SC50MC_20210728_205214_HH_HV_GRD/rcm3-sc50mc-owi-cm-20210728t205201-20210728t205729-00003-xxxxx.nc
ep162019,IRWIN,s1a-iw-owi-cm-20190929t124223-20190929t124315-000003-03524A_ll_gd_GEO-IRWIN.nc,17.3235473632813,258.634582519531,"2019-09-29T12:42:23,000",/scale/user/mtannaou/alternance/donnees_sar_changes/s1a-iw-owi-cm-20190929t124223-20190929t124315-000003-03524A_aeqd.nc,s1a-iw-owi-cm-20190929t124223-20190929t124315-000003-03524A.nc,/home/datawork-cersat-public/cache/public/ftp/project/sarwing/processings/grdwind+windir_2025v6v12_2v0_0v3v9_0v0v6_0v0v6_1v4v3_1v0v15_1v0v10_1v2v5_1v2v2_1v1v1_1v2v1/cmod5n_ecmwf_norecal_rs2rcmgmfv4_28052025/sentinel-1a/L2M/IW/S1A_IW_GRDH_1S/2019/272/S1A_IW_GRDH_1SDV_20190929T124223_20190929T124315_029236_03524A_8F3EXD3F6/s1a-iw-owi-cm-20190929t124223-20190929t124315-000003-03524A.nc
wp022023,IRWIN,s1a-ew-owi-cm-20230526t090903-20230526t091031-000003-05DB7B_ll_gd_GEO-IRWIN.nc,15.3711080551148,137.628982543945,"2023-05-26T09:09:03,000",/scale/user/mtannaou/alternance/donnees_sar_changes/s1a-ew-owi-cm-20230526t090903-20230526t091031-000003-05DB7B_aeqd.nc,s1a-ew-owi-cm-20230526t090903-20230526t091031-000003-05DB7B.nc,/home/datawork-cersat-public/cache/public/ftp/project/sarwing/processings/grdwind+windir_2025v6v12_2v0_0v3v9_0v0v6_0v0v6_1v4v3_1v0v15_1v0v10_1v2v5_1v2v2_1v1v1_1v2v1/cmod5n_ecmwf_norecal_rs2rcmgmfv4_28052025/sentinel-1a/L2M/EW/S1A_EW_GRDM_1S/2023/146/S1A_EW_GRDM_1SDV_20230526T090903_20230526T091031_048703_05DB7B_1545XD388/s1a-ew-owi-cm-20230526t090903-20230526t091031-000003-05DB7B.nc
wp022023,IRWIN,rcm2-sclna-owi-cm-20230521t081240-20230521t081356-00003-______ll_gd_GEO-IRWIN.nc,7.62216424942017,148.073257446289,"2023-05-21T08:12:40,000",/scale/user/mtannaou/alternance/donnees_sar_changes/rcm2-sclna-owi-cm-20230521t081240-20230521t081356-00003-xxxxx_aeqd.nc,rcm2-sclna-owi-cm-20230521t081240-20230521t081356-00003-xxxxx.nc,/home/datawork-cersat-public/cache/public/ftp/project/sarwing/processings/grdwind+windir_2025v6v12_2v0_0v3v9_0v0v6_0v0v6_1v4v3_1v0v15_1v0v10_1v2v5_1v2v2_1v1v1_1v2v1/cmod5n_ecmwf_norecal_rs2rcmgmfv4_28052025/rcm-2/L2M/sclna/rcm-2_sclna/2023/141/RCM2_OK2564388_PK2565497_1_SCLNA_20230521_081242_VV_VH_GRD/rcm2-sclna-owi-cm-20230521t081240-20230521t081356-00003-xxxxx.nc
wp022023,IRWIN,rcm2-sc50mc-owi-cm-20230531t212914-20230531t213010-00003-______ll_gd_GEO-IRWIN.nc,23.7006130218506,125.397117614746,"2023-05-31T21:29:14,000",/scale/user/mtannaou/alternance/donnees_sar_changes/rcm2-sc50mc-owi-cm-20230531t212914-20230531t213010-00003-xxxxx_aeqd.nc,rcm2-sc50mc-owi-cm-20230531t213008-20230531t213029-00003-xxxxx.nc,/home/datawork-cersat-public/cache/public/ftp/project/sarwing/processings/grdwind+windir_2025v6v12_2v0_0v3v9_0v0v6_0v0v6_1v4v3_1v0v15_1v0v10_1v2v5_1v2v2_1v1v1_1v2v1/cmod5n_ecmwf_norecal_rs2rcmgmfv4_28052025/rcm-2/L2M/sc50mc/rcm-2_sc50mc/2023/151/RCM2_OK2576146_PK2579033_1_SC50MC_20230531_212916_HH_HV_GRD/rcm2-sc50mc-owi-cm-20230531t213008-20230531t213029-00003-xxxxx.nc
wp022023,IRWIN,rcm2-sc50ma-owi-cm-20230531t093720-20230531t093756-00003-______ll_gd_GEO-IRWIN.nc,22.4363117218018,125.473129272461,"2023-05-31T09:37:20,000",/scale/user/mtannaou/alternance/donnees_sar_changes/rcm2-sc50ma-owi-cm-20230531t093720-20230531t093756-00003-xxxxx_aeqd.nc,rcm2-sc50ma-owi-cm-20230531t093720-20230531t093756-00003-xxxxx.nc,/home/datawork-cersat-public/cache/public/ftp/project/sarwing/processings/grdwind+windir_2025v6v12_2v0_0v3v9_0v0v6_0v0v6_1v4v3_1v0v15_1v0v10_1v2v5_1v2v2_1v1v1_1v2v1/cmod5n_ecmwf_norecal_rs2rcmgmfv4_28052025/rcm-2/L2M/sc50ma/rcm-2_sc50ma/2023/151/RCM2_OK2576081_PK2578464_1_SC50MA_20230531_093658_HH_HV_GRD/rcm2-sc50ma-owi-cm-20230531t093720-20230531t093756-00003-xxxxx.nc
wp022023,IRWIN,rcm2-sc50mc-owi-cm-20230601t094525-20230601t094641-00003-______ll_gd_GEO-IRWIN.nc,25.1558132171631,126.655471801758,"2023-06-01T09:45:25,000",/scale/user/mtannaou/alternance/donnees_sar_changes/rcm2-sc50mc-owi-cm-20230601t094525-20230601t094641-00003-xxxxx_aeqd.nc,rcm2-sc50mc-owi-cm-20230601t094525-20230601t094641-00003-xxxxx.nc,/home/datawork-cersat-public/cache/public/ftp/project/sarwing/processings/grdwind+windir_2025v6v12_2v0_0v3v9_0v0v6_0v0v6_1v4v3_1v0v15_1v0v10_1v2v5_1v2v2_1v1v1_1v2v1/cmod5n_ecmwf_norecal_rs2rcmgmfv4_28052025/rcm-2/L2M/sc50mc/rcm-2_sc50mc/2023/152/RCM2_OK2578106_PK2579680_1_SC50MC_20230601_094525_HH_HV_GRD/rcm2-sc50mc-owi-cm-20230601t094525-20230601t094641-00003-xxxxx.nc
wp022023,IRWIN,rcm2-sclnd-owi-cm-20230526t205116-20230526t205205-00003-______ll_gd_GEO-IRWIN.nc,16.0415115356445,134.675994873047,"2023-05-26T20:51:16,000",/scale/user/mtannaou/alternance/donnees_sar_changes/rcm2-sclnd-owi-cm-20230526t205116-20230526t205205-00003-xxxxx_aeqd.nc,rcm2-sclnd-owi-cm-20230526t205116-20230526t205205-00003-xxxxx.nc,/home/datawork-cersat-public/cache/public/ftp/project/sarwing/processings/grdwind+windir_2025v6v12_2v0_0v3v9_0v0v6_0v0v6_1v4v3_1v0v15_1v0v10_1v2v5_1v2v2_1v1v1_1v2v1/cmod5n_ecmwf_norecal_rs2rcmgmfv4_28052025/rcm-2/L2M/sclnd/rcm-2_sclnd/2023/146/RCM2_OK2570090_PK2572610_1_SCLND_20230526_205119_VV_VH_GRD/rcm2-sclnd-owi-cm-20230526t205116-20230526t205205-00003-xxxxx.nc
wp022023,IRWIN,rcm2-sclna-owi-cm-20230526t085500-20230526t085617-00003-______ll_gd_GEO-IRWIN.nc,15.3606662750244,137.666122436523,"2023-05-26T08:55:00,000",/scale/user/mtannaou/alternance/donnees_sar_changes/rcm2-sclna-owi-cm-20230526t085500-20230526t085617-00003-xxxxx_aeqd.nc,rcm2-sclna-owi-cm-20230526t085500-20230526t085617-00003-xxxxx.nc,/home/datawork-cersat-public/cache/public/ftp/project/sarwing/processings/grdwind+windir_2025v6v12_2v0_0v3v9_0v0v6_0v0v6_1v4v3_1v0v15_1v0v10_1v2v5_1v2v2_1v1v1_1v2v1/cmod5n_ecmwf_norecal_rs2rcmgmfv4_28052025/rcm-2/L2M/sclna/rcm-2_sclna/2023/146/RCM2_OK2570088_PK2571975_1_SCLNA_20230526_085501_VV_VH_GRD/rcm2-sclna-owi-cm-20230526t085500-20230526t085617-00003-xxxxx.nc
wp022023,IRWIN,rcm2-sclna-owi-cm-20230525t204257-20230525t204411-00003-______ll_gd_GEO-IRWIN.nc,14.9258470535278,140.266647338867,"2023-05-25T20:42:57,000",/scale/user/mtannaou/alternance/donnees_sar_changes/rcm2-sclna-owi-cm-20230525t204257-20230525t204411-00003-xxxxx_aeqd.nc,rcm2-sclna-owi-cm-20230525t204257-20230525t204411-00003-xxxxx.nc,/home/datawork-cersat-public/cache/public/ftp/project/sarwing/processings/grdwind+windir_2025v6v12_2v0_0v3v9_0v0v6_0v0v6_1v4v3_1v0v15_1v0v10_1v2v5_1v2v2_1v1v1_1v2v1/cmod5n_ecmwf_norecal_rs2rcmgmfv4_28052025/rcm-2/L2M/sclna/rcm-2_sclna/2023/145/RCM2_OK2568800_PK2571406_1_SCLNA_20230525_204258_VV_VH_GRD/rcm2-sclna-owi-cm-20230525t204257-20230525t204411-00003-xxxxx.nc
wp022023,IRWIN,rcm2-sclnc-owi-cm-20230523t082956-20230523t083035-00003-______ll_gd_GEO-IRWIN.nc,11.8406028747559,146.357818603516,"2023-05-23T08:29:56,000",/scale/user/mtannaou/alternance/donnees_sar_changes/rcm2-sclnc-owi-cm-20230523t082956-20230523t083035-00003-xxxxx_aeqd.nc,rcm2-sclnc-owi-cm-20230523t082956-20230523t083035-00003-xxxxx.nc,/home/datawork-cersat-public/cache/public/ftp/project/sarwing/processings/grdwind+windir_2025v6v12_2v0_0v3v9_0v0v6_0v0v6_1v4v3_1v0v15_1v0v10_1v2v5_1v2v2_1v1v1_1v2v1/cmod5n_ecmwf_norecal_rs2rcmgmfv4_28052025/rcm-2/L2M/sclnc/rcm-2_sclnc/2023/143/RCM2_OK2565948_PK2568255_1_SCLNC_20230523_082958_VV_VH_GRD/rcm2-sclnc-owi-cm-20230523t082956-20230523t083035-00003-xxxxx.nc
wp022023,IRWIN,rcm2-sclnb-owi-cm-20230522t082128-20230522t082226-00003-______ll_gd_GEO-IRWIN.nc,9.43417072296143,146.985717773438,"2023-05-22T08:21:28,000",/scale/user/mtannaou/alternance/donnees_sar_changes/rcm2-sclnb-owi-cm-20230522t082128-20230522t082226-00003-xxxxx_aeqd.nc,rcm2-sclnb-owi-cm-20230522t082128-20230522t082226-00003-xxxxx.nc,/home/datawork-cersat-public/cache/public/ftp/project/sarwing/processings/grdwind+windir_2025v6v12_2v0_0v3v9_0v0v6_0v0v6_1v4v3_1v0v15_1v0v10_1v2v5_1v2v2_1v1v1_1v2v1/cmod5n_ecmwf_norecal_rs2rcmgmfv4_28052025/rcm-2/L2M/sclnb/rcm-2_sclnb/2023/142/RCM2_OK2564772_PK2566946_1_SCLNB_20230522_082130_VV_VH_GRD/rcm2-sclnb-owi-cm-20230522t082128-20230522t082226-00003-xxxxx.nc
wp022023,IRWIN,rcm1-sc50mc-owi-cm-20230529t095157-20230529t095312-00003-______ll_gd_GEO-IRWIN.nc,19.4979877471924,125.720024108887,"2023-05-29T09:51:57,000",/scale/user/mtannaou/alternance/donnees_sar_changes/rcm1-sc50mc-owi-cm-20230529t095157-20230529t095312-00003-xxxxx_aeqd.nc,rcm1-sc50mc-owi-cm-20230529t095157-20230529t095312-00003-xxxxx.nc,/home/datawork-cersat-public/cache/public/ftp/project/sarwing/processings/grdwind+windir_2025v6v12_2v0_0v3v9_0v0v6_0v0v6_1v4v3_1v0v15_1v0v10_1v2v5_1v2v2_1v1v1_1v2v1/cmod5n_ecmwf_norecal_rs2rcmgmfv4_28052025/rcm-1/L2M/sc50mc/rcm-1_sc50mc/2023/149/RCM1_OK2573696_PK2575469_1_SC50MC_20230529_095158_HH_HV_GRD/rcm1-sc50mc-owi-cm-20230529t095157-20230529t095312-00003-xxxxx.nc
wp022023,IRWIN,rcm2-sc50mc-owi-cm-20230531t213008-20230531t213029-00003-______ll_gd_GEO-IRWIN.nc,23.7006130218506,125.397117614746,"2023-05-31T21:30:08,000",/scale/user/mtannaou/alternance/donnees_sar_changes/rcm2-sc50mc-owi-cm-20230531t213008-20230531t213029-00003-xxxxx_aeqd.nc,rcm2-sc50mc-owi-cm-20230531t213008-20230531t213029-00003-xxxxx.nc,/home/datawork-cersat-public/cache/public/ftp/project/sarwing/processings/grdwind+windir_2025v6v12_2v0_0v3v9_0v0v6_0v0v6_1v4v3_1v0v15_1v0v10_1v2v5_1v2v2_1v1v1_1v2v1/cmod5n_ecmwf_norecal_rs2rcmgmfv4_28052025/rcm-2/L2M/sc50mc/rcm-2_sc50mc/2023/151/RCM2_OK2576146_PK2579033_1_SC50MC_20230531_212916_HH_HV_GRD/rcm2-sc50mc-owi-cm-20230531t213008-20230531t213029-00003-xxxxx.nc
wp022023,IRWIN,rcm2-sclnc-owi-cm-20230525t084634-20230525t084750-00003-______ll_gd_GEO-IRWIN.nc,14.5394687652588,142.636749267578,"2023-05-25T08:46:34,000",/scale/user/mtannaou/alternance/donnees_sar_changes/rcm2-sclnc-owi-cm-20230525t084634-20230525t084750-00003-xxxxx_aeqd.nc,rcm2-sclnc-owi-cm-20230525t084634-20230525t084750-00003-xxxxx.nc,/home/datawork-cersat-public/cache/public/ftp/project/sarwing/processings/grdwind+windir_2025v6v12_2v0_0v3v9_0v0v6_0v0v6_1v4v3_1v0v15_1v0v10_1v2v5_1v2v2_1v1v1_1v2v1/cmod5n_ecmwf_norecal_rs2rcmgmfv4_28052025/rcm-2/L2M/sclnc/rcm-2_sclnc/2023/145/RCM2_OK2568793_PK2570736_1_SCLNC_20230525_084633_VV_VH_GRD/rcm2-sclnc-owi-cm-20230525t084634-20230525t084750-00003-xxxxx.nc
wp022023,IRWIN,rcm1-sclnc-owi-cm-20230528t094334-20230528t094451-00003-______ll_gd_GEO-IRWIN.nc,17.7067203521729,127.715972900391,"2023-05-28T09:43:34,000",/scale/user/mtannaou/alternance/donnees_sar_changes/rcm1-sclnc-owi-cm-20230528t094334-20230528t094451-00003-xxxxx_aeqd.nc,rcm1-sclnc-owi-cm-20230528t094334-20230528t094451-00003-xxxxx.nc,/home/datawork-cersat-public/cache/public/ftp/project/sarwing/processings/grdwind+windir_2025v6v12_2v0_0v3v9_0v0v6_0v0v6_1v4v3_1v0v15_1v0v10_1v2v5_1v2v2_1v1v1_1v2v1/cmod5n_ecmwf_norecal_rs2rcmgmfv4_28052025/rcm-1/L2M/sclnc/rcm-1_sclnc/2023/148/RCM1_OK2572581_PK2574404_1_SCLNC_20230528_094334_VV_VH_GRD/rcm1-sclnc-owi-cm-20230528t094334-20230528t094451-00003-xxxxx.nc
wp022023,IRWIN,s1a-ew-owi-cm-20230525t204039-20230525t204207-000003-05DB41_ll_gd_GEO-IRWIN.nc,14.9258470535278,140.266647338867,"2023-05-25T20:40:39,000",/scale/user/mtannaou/alternance/donnees_sar_changes/s1a-ew-owi-cm-20230525t204039-20230525t204207-000003-05DB41_aeqd.nc,s1a-ew-owi-cm-20230525t204039-20230525t204207-000003-05DB41.nc,/home/datawork-cersat-public/cache/public/ftp/project/sarwing/processings/grdwind+windir_2025v6v12_2v0_0v3v9_0v0v6_0v0v6_1v4v3_1v0v15_1v0v10_1v2v5_1v2v2_1v1v1_1v2v1/cmod5n_ecmwf_norecal_rs2rcmgmfv4_28052025/sentinel-1a/L2M/EW/S1A_EW_GRDM_1S/2023/145/S1A_EW_GRDM_1SDV_20230525T204039_20230525T204207_048695_05DB41_9868XEE1B/s1a-ew-owi-cm-20230525t204039-20230525t204207-000003-05DB41.nc
wp022023,IRWIN,rcm2-sc50ma-owi-cm-20230531t093658-20230531t093723-00003-______ll_gd_GEO-IRWIN.nc,22.4363117218018,125.473129272461,"2023-05-31T09:36:58,000",/scale/user/mtannaou/alternance/donnees_sar_changes/rcm2-sc50ma-owi-cm-20230531t093658-20230531t093723-00003-xxxxx_aeqd.nc,rcm2-sc50ma-owi-cm-20230531t093720-20230531t093756-00003-xxxxx.nc,/home/datawork-cersat-public/cache/public/ftp/project/sarwing/processings/grdwind+windir_2025v6v12_2v0_0v3v9_0v0v6_0v0v6_1v4v3_1v0v15_1v0v10_1v2v5_1v2v2_1v1v1_1v2v1/cmod5n_ecmwf_norecal_rs2rcmgmfv4_28052025/rcm-2/L2M/sc50ma/rcm-2_sc50ma/2023/151/RCM2_OK2576081_PK2578464_1_SC50MA_20230531_093658_HH_HV_GRD/rcm2-sc50ma-owi-cm-20230531t093720-20230531t093756-00003-xxxxx.nc
ep012024,IRWIN,rcm1-sc50mc-owi-cm-20240704t125550-20240704t125707-00003-______ll_gd_GEO-IRWIN.nc,16.9721240997315,254.565643310547,"2024-07-04T12:55:50,000",/scale/user/mtannaou/alternance/donnees_sar_changes/rcm1-sc50mc-owi-cm-20240704t125550-20240704t125707-00003-xxxxx_aeqd.nc,rcm1-sc50mc-owi-cm-20240704t125550-20240704t125707-00003-xxxxx.nc,/home/datawork-cersat-public/cache/public/ftp/project/sarwing/processings/grdwind+windir_2025v6v12_2v0_0v3v9_0v0v6_0v0v6_1v4v3_1v0v15_1v0v10_1v2v5_1v2v2_1v1v1_1v2v1/cmod5n_ecmwf_norecal_rs2rcmgmfv4_28052025/rcm-1/L2M/sc50mc/rcm-1_sc50mc/2024/186/RCM1_OK3147803_PK3149447_1_SC50MC_20240704_125551_HH_HV_GRD/rcm1-sc50mc-owi-cm-20240704t125550-20240704t125707-00003-xxxxx.nc
al272020,IRWIN,rs2-scwa-owi-cm-20201024t215525-20201024t215748-00003-______ll_gd_GEO-IRWIN.nc,39.1081237792969,300.935516357422,"2020-10-24T21:55:25,000",/scale/user/mtannaou/alternance/donnees_sar_changes/rs2-scwa-owi-cm-20201024t215525-20201024t215748-00003-xxxxx_aeqd.nc,rs2-scwa-owi-cm-20201024t215525-20201024t215748-00003-xxxxx.nc,/home/datawork-cersat-public/cache/public/ftp/project/sarwing/processings/grdwind+windir_2025v6v12_2v0_0v3v9_0v0v6_0v0v6_1v4v3_1v0v15_1v0v10_1v2v5_1v2v2_1v1v1_1v2v1/cmod5n_ecmwf_norecal_rs2rcmgmfv4_28052025/RS2/L2M/SCWA/RS2_SCWA/2020/298/RS2_OK125612_PK1098045X046_DK1043915X916_SCWA_20201024_215525_215632_VV_VH_SCF/rs2-scwa-owi-cm-20201024t215525-20201024t215748-00003-xxxxx.nc
al272020,IRWIN,rcm3-sc50mb-owi-cm-20201024t215346-20201024t215530-00003-______ll_gd_GEO-IRWIN.nc,39.1081237792969,300.935516357422,"2020-10-24T21:53:46,000",,rs2-scwa-owi-cm-20201024t215525-20201024t215748-00003-xxxxx.nc,/home/datawork-cersat-public/cache/public/ftp/project/sarwing/processings/grdwind+windir_2025v6v12_2v0_0v3v9_0v0v6_0v0v6_1v4v3_1v0v15_1v0v10_1v2v5_1v2v2_1v1v1_1v2v1/cmod5n_ecmwf_norecal_rs2rcmgmfv4_28052025/RS2/L2M/SCWA/RS2_SCWA/2020/298/RS2_OK125612_PK1098045X046_DK1043915X916_SCWA_20201024_215525_215632_VV_VH_SCF/rs2-scwa-owi-cm-20201024t215525-20201024t215748-00003-xxxxx.nc
al272020,IRWIN,rcm2-sc50mc-owi-cm-20201024t100124-20201024t100220-00003-______ll_gd_GEO-IRWIN.nc,36.9780883789063,298.067504882813,"2020-10-24T10:01:24,000",/scale/user/mtannaou/alternance/donnees_sar_changes/rcm2-sc50mc-owi-cm-20201024t100124-20201024t100220-00003-xxxxx_aeqd.nc,rcm2-sc50mc-owi-cm-20201024t100124-20201024t100220-00003-xxxxx.nc,/home/datawork-cersat-public/cache/public/ftp/project/sarwing/processings/grdwind+windir_2025v6v12_2v0_0v3v9_0v0v6_0v0v6_1v4v3_1v0v15_1v0v10_1v2v5_1v2v2_1v1v1_1v2v1/cmod5n_ecmwf_norecal_rs2rcmgmfv4_28052025/rcm-2/L2M/sc50mc/rcm-2_sc50mc/2020/298/RCM2_OK2377127_PK2377164_1_SC50MC_20201024_100135_HH_HV_GRD/rcm2-sc50mc-owi-cm-20201024t100124-20201024t100220-00003-xxxxx.nc
al272020,IRWIN,rcm3-sc50mb-owi-cm-20201025t093303-20201025t093751-00003-______ll_gd_GEO-IRWIN.nc,42.3606948852539,305.563781738281,"2020-10-25T09:33:03,000",,rcm3-sc50mb-owi-cm-20201025t093303-20201025t093751-00003-xxxxx.nc,/home/datawork-cersat-public/cache/public/ftp/project/sarwing/processings/grdwind+windir_2025v6v12_2v0_0v3v9_0v0v6_0v0v6_1v4v3_1v0v15_1v0v10_1v2v5_1v2v2_1v1v1_1v2v1/cmod5n_ecmwf_norecal_rs2rcmgmfv4_28052025/rcm-3/L2M/sc50mb/rcm-3_sc50mb/2020/299/RCM3_OK2377152_PK2377256_3_SC50MB_20201025_093317_HH_HV_GRD/rcm3-sc50mb-owi-cm-20201025t093303-20201025t093751-00003-xxxxx.nc
al202020,IRWIN,rs2-scwa-owi-cm-20200919t221407-20200919t221523-00003-______ll_gd_GEO-IRWIN.nc,26.4703540802002,299.898803710938,"2020-09-19T22:14:07,000",/scale/user/mtannaou/alternance/donnees_sar_changes/rs2-scwa-owi-cm-20200919t221407-20200919t221523-00003-xxxxx_aeqd.nc,rs2-scwa-owi-cm-20200919t221407-20200919t221523-00003-xxxxx.nc,/home/datawork-cersat-public/cache/public/ftp/project/sarwing/processings/grdwind+windir_2025v6v12_2v0_0v3v9_0v0v6_0v0v6_1v4v3_1v0v15_1v0v10_1v2v5_1v2v2_1v1v1_1v2v1/cmod5n_ecmwf_norecal_rs2rcmgmfv4_28052025/RS2/L2M/SCWA/RS2_SCWA/2020/263/RS2_OK125612_PK1098039_DK1043909_SCWA_20200919_221407_221407_VV_VH_SCF/rs2-scwa-owi-cm-20200919t221407-20200919t221523-00003-xxxxx.nc
al202020,IRWIN,rs2-scwa-owi-cm-20200921t100432-20200921t100548-00003-______ll_gd_GEO-IRWIN.nc,29.9277191162109,296.649230957031,"2020-09-21T10:04:32,000",/scale/user/mtannaou/alternance/donnees_sar_changes/rs2-scwa-owi-cm-20200921t100432-20200921t100548-00003-xxxxx_aeqd.nc,rs2-scwa-owi-cm-20200921t100432-20200921t100548-00003-xxxxx.nc,/home/datawork-cersat-public/cache/public/ftp/project/sarwing/processings/grdwind+windir_2025v6v12_2v0_0v3v9_0v0v6_0v0v6_1v4v3_1v0v15_1v0v10_1v2v5_1v2v2_1v1v1_1v2v1/cmod5n_ecmwf_norecal_rs2rcmgmfv4_28052025/RS2/L2M/SCWA/RS2_SCWA/2020/265/RS2_OK125612_PK1098041_DK1043911_SCWA_20200921_100432_100432_VV_VH_SCF/rs2-scwa-owi-cm-20200921t100432-20200921t100548-00003-xxxxx.nc
al202020,IRWIN,s1a-ew-owi-cm-20200921t221437-20200921t221737-000003-040280_ll_gd_GEO-IRWIN.nc,32.9991188049316,298.474761962891,"2020-09-21T22:14:37,000",,s1a-ew-owi-cm-20200921t221333-20200921t221751-000003-040280.nc,/home/datawork-cersat-public/cache/public/ftp/project/sarwing/processings/grdwind+windir_2025v6v12_2v0_0v3v9_0v0v6_0v0v6_1v4v3_1v0v15_1v0v10_1v2v5_1v2v2_1v1v1_1v2v1/cmod5n_ecmwf_norecal_rs2rcmgmfv4_28052025/sentinel-1a/L2M/EW/S1A_EW_GRDM_1S/2020/265/S1A_EW_GRDM_1SDV_20200921T221333_20200921T221751_034463_040280_0A48X4D61X7B24XD6DDXE4C2/s1a-ew-owi-cm-20200921t221333-20200921t221751-000003-040280.nc
al202020,IRWIN,rs2-scwa-owi-cm-20200917t212905-20200917t213236-00003-______ll_gd_GEO-IRWIN.nc,19.8907775878906,306.0966796875,"2020-09-17T21:29:05,000",/scale/user/mtannaou/alternance/donnees_sar_changes/rs2-scwa-owi-cm-20200917t212905-20200917t213236-00003-xxxxx_aeqd.nc,rs2-scwa-owi-cm-20200917t212905-20200917t213236-00003-xxxxx.nc,/home/datawork-cersat-public/cache/public/ftp/project/sarwing/processings/grdwind+windir_2025v6v12_2v0_0v3v9_0v0v6_0v0v6_1v4v3_1v0v15_1v0v10_1v2v5_1v2v2_1v1v1_1v2v1/cmod5n_ecmwf_norecal_rs2rcmgmfv4_28052025/RS2/L2M/SCWA/RS2_SCWA/2020/261/RS2_OK123757_PK1088066X067X068_DK1033815X816X817_SCWA_20200917_212905_213120_VV_VH_SGF/rs2-scwa-owi-cm-20200917t212905-20200917t213236-00003-xxxxx.nc
al202020,IRWIN,rs2-scwa-owi-cm-20200916t091217-20200916t091548-00003-______ll_gd_GEO-IRWIN.nc,15.5480518341065,311.267578125,"2020-09-16T09:12:17,000",/scale/user/mtannaou/alternance/donnees_sar_changes/rs2-scwa-owi-cm-20200916t091217-20200916t091548-00003-xxxxx_aeqd.nc,rs2-scwa-owi-cm-20200916t091217-20200916t091548-00003-xxxxx.nc,/home/datawork-cersat-public/cache/public/ftp/project/sarwing/processings/grdwind+windir_2025v6v12_2v0_0v3v9_0v0v6_0v0v6_1v4v3_1v0v15_1v0v10_1v2v5_1v2v2_1v1v1_1v2v1/cmod5n_ecmwf_norecal_rs2rcmgmfv4_28052025/RS2/L2M/SCWA/RS2_SCWA/2020/260/RS2_OK123757_PK1087510X511X512_DK1033812X813X814_SCWA_20200916_091217_091432_VV_VH_SGF/rs2-scwa-owi-cm-20200916t091217-20200916t091548-00003-xxxxx.nc
al202020,IRWIN,s1a-ew-owi-cm-20200922t101602-20200922t101906-000003-0402C5_ll_gd_GEO-IRWIN.nc,38.3689422607422,297.33642578125,"2020-09-22T10:16:02,000",,s1a-ew-owi-cm-20200922t101602-20200922t102007-000003-0402C5.nc,/home/datawork-cersat-public/cache/public/ftp/project/sarwing/processings/grdwind+windir_2025v6v12_2v0_0v3v9_0v0v6_0v0v6_1v4v3_1v0v15_1v0v10_1v2v5_1v2v2_1v1v1_1v2v1/cmod5n_ecmwf_norecal_rs2rcmgmfv4_28052025/sentinel-1a/L2M/EW/S1A_EW_GRDM_1S/2020/266/S1A_EW_GRDM_1SDV_20200922T101602_20200922T102007_034470_0402C5_421DX8D25X9737XDB7E/s1a-ew-owi-cm-20200922t101602-20200922t102007-000003-0402C5.nc
sh082022,IRWIN,s1a-ew-owi-cm-20220130t010458-20220130t010632-000003-04F596_ll_gd_GEO-IRWIN.nc,-17.5524044036865,68.2504501342773,"2022-01-30T01:04:58,000",/scale/user/mtannaou/alternance/donnees_sar_changes/s1a-ew-owi-cm-20220130t010458-20220130t010632-000003-04F596_aeqd.nc,s1a-ew-owi-cm-20220130t010458-20220130t010632-000003-04F596.nc,/home/datawork-cersat-public/cache/public/ftp/project/sarwing/processings/grdwind+windir_2025v6v12_2v0_0v3v9_0v0v6_0v0v6_1v4v3_1v0v15_1v0v10_1v2v5_1v2v2_1v1v1_1v2v1/cmod5n_ecmwf_norecal_rs2rcmgmfv4_28052025/sentinel-1a/L2M/EW/S1A_EW_GRDM_1S/2022/030/S1A_EW_GRDM_1SDV_20220130T010458_20220130T010632_041683_04F596_74FFX8DDA/s1a-ew-owi-cm-20220130t010458-20220130t010632-000003-04F596.nc
sh082022,IRWIN,s1a-ew-owi-cm-20220201t143621-20220201t143926-000003-04F6DD_ll_gd_GEO-IRWIN.nc,-17.1320400238037,59.9077186584473,"2022-02-01T14:36:21,000",/scale/user/mtannaou/alternance/donnees_sar_changes/s1a-ew-owi-cm-20220201t143621-20220201t143926-000003-04F6DD_aeqd.nc,s1a-ew-owi-cm-20220201t143621-20220201t143926-000003-04F6DD.nc,/home/datawork-cersat-public/cache/public/ftp/project/sarwing/processings/grdwind+windir_2025v6v12_2v0_0v3v9_0v0v6_0v0v6_1v4v3_1v0v15_1v0v10_1v2v5_1v2v2_1v1v1_1v2v1/cmod5n_ecmwf_norecal_rs2rcmgmfv4_28052025/sentinel-1a/L2M/EW/S1A_EW_GRDM_1S/2022/032/S1A_EW_GRDM_1SDV_20220201T143621_20220201T143926_041720_04F6DD_432CXDD24XFEB5/s1a-ew-owi-cm-20220201t143621-20220201t143926-000003-04F6DD.nc
sh082022,IRWIN,rs2-scwa-owi-cm-20220131t142221-20220131t142445-00003-______ll_gd_GEO-IRWIN.nc,-15.8046312332153,63.1713714599609,"2022-01-31T14:22:21,000",/scale/user/mtannaou/alternance/donnees_sar_changes/rs2-scwa-owi-cm-20220131t142221-20220131t142445-00003-xxxxx_aeqd.nc,rs2-scwa-owi-cm-20220131t142221-20220131t142445-00003-xxxxx.nc,/home/datawork-cersat-public/cache/public/ftp/project/sarwing/processings/grdwind+windir_2025v6v12_2v0_0v3v9_0v0v6_0v0v6_1v4v3_1v0v15_1v0v10_1v2v5_1v2v2_1v1v1_1v2v1/cmod5n_ecmwf_norecal_rs2rcmgmfv4_28052025/RS2/L2M/SCWA/RS2_SCWA/2022/031/RS2_OK133476_PK1165961X962_DK1122735X758_SCWA_20220131_142221_142328_VV_VH_SGF/rs2-scwa-owi-cm-20220131t142221-20220131t142445-00003-xxxxx.nc
sh082022,IRWIN,rs2-scwa-owi-cm-20220204t014121-20220204t014345-00003-______ll_gd_GEO-IRWIN.nc,-19.2969055175781,53.8475875854492,"2022-02-04T01:41:21,000",/scale/user/mtannaou/alternance/donnees_sar_changes/rs2-scwa-owi-cm-20220204t014121-20220204t014345-00003-xxxxx_aeqd.nc,rs2-scwa-owi-cm-20220204t014121-20220204t014345-00003-xxxxx.nc,/home/datawork-cersat-public/cache/public/ftp/project/sarwing/processings/grdwind+windir_2025v6v12_2v0_0v3v9_0v0v6_0v0v6_1v4v3_1v0v15_1v0v10_1v2v5_1v2v2_1v1v1_1v2v1/cmod5n_ecmwf_norecal_rs2rcmgmfv4_28052025/RS2/L2M/SCWA/RS2_SCWA/2022/035/RS2_OK133476_PK1166542X543_DK1123221X222_SCWA_20220204_014121_014229_VV_VH_SGF/rs2-scwa-owi-cm-20220204t014121-20220204t014345-00003-xxxxx.nc
sh082022,IRWIN,rs2-scwa-owi-cm-20220130t004632-20220130t004856-00003-______ll_gd_GEO-IRWIN.nc,-17.5670185089111,68.2934646606445,"2022-01-30T00:46:32,000",/scale/user/mtannaou/alternance/donnees_sar_changes/rs2-scwa-owi-cm-20220130t004632-20220130t004856-00003-xxxxx_aeqd.nc,rs2-scwa-owi-cm-20220130t004632-20220130t004856-00003-xxxxx.nc,/home/datawork-cersat-public/cache/public/ftp/project/sarwing/processings/grdwind+windir_2025v6v12_2v0_0v3v9_0v0v6_0v0v6_1v4v3_1v0v15_1v0v10_1v2v5_1v2v2_1v1v1_1v2v1/cmod5n_ecmwf_norecal_rs2rcmgmfv4_28052025/RS2/L2M/SCWA/RS2_SCWA/2022/030/RS2_OK133476_PK1165959X960_DK1122733X756_SCWA_20220130_004632_004739_VV_VH_SGF/rs2-scwa-owi-cm-20220130t004632-20220130t004856-00003-xxxxx.nc
sh082022,IRWIN,rs2-scwa-owi-cm-20220201t012801-20220201t013025-00003-______ll_gd_GEO-IRWIN.nc,-16.3534545898438,62.2969360351563,"2022-02-01T01:28:01,000",/scale/user/mtannaou/alternance/donnees_sar_changes/rs2-scwa-owi-cm-20220201t012801-20220201t013025-00003-xxxxx_aeqd.nc,rs2-scwa-owi-cm-20220201t012801-20220201t013025-00003-xxxxx.nc,/home/datawork-cersat-public/cache/public/ftp/project/sarwing/processings/grdwind+windir_2025v6v12_2v0_0v3v9_0v0v6_0v0v6_1v4v3_1v0v15_1v0v10_1v2v5_1v2v2_1v1v1_1v2v1/cmod5n_ecmwf_norecal_rs2rcmgmfv4_28052025/RS2/L2M/SCWA/RS2_SCWA/2022/032/RS2_OK133476_PK1165963X964_DK1122737X760_SCWA_20220201_012801_012908_VV_VH_SGF/rs2-scwa-owi-cm-20220201t012801-20220201t013025-00003-xxxxx.nc
sh082022,IRWIN,s1a-ew-owi-cm-20220204t150030-20220204t150335-000003-04F859_ll_gd_GEO-IRWIN.nc,-19.4189147949219,52.4087715148926,"2022-02-04T15:00:30,000",/scale/user/mtannaou/alternance/donnees_sar_changes/s1a-ew-owi-cm-20220204t150030-20220204t150335-000003-04F859_aeqd.nc,s1a-ew-owi-cm-20220204t150030-20220204t150335-000003-04F859.nc,/home/datawork-cersat-public/cache/public/ftp/project/sarwing/processings/grdwind+windir_2025v6v12_2v0_0v3v9_0v0v6_0v0v6_1v4v3_1v0v15_1v0v10_1v2v5_1v2v2_1v1v1_1v2v1/cmod5n_ecmwf_norecal_rs2rcmgmfv4_28052025/sentinel-1a/L2M/EW/S1A_EW_GRDM_1S/2022/035/S1A_EW_GRDM_1SDV_20220204T150030_20220204T150335_041764_04F859_4535X5E1FXFD27/s1a-ew-owi-cm-20220204t150030-20220204t150335-000003-04F859.nc
sh082022,IRWIN,rs2-scwa-owi-cm-20220129t134018-20220129t134242-00003-______ll_gd_GEO-IRWIN.nc,-17.9081172943115,69.8446884155273,"2022-01-29T13:40:18,000",/scale/user/mtannaou/alternance/donnees_sar_changes/rs2-scwa-owi-cm-20220129t134018-20220129t134242-00003-xxxxx_aeqd.nc,rs2-scwa-owi-cm-20220129t134018-20220129t134242-00003-xxxxx.nc,/home/datawork-cersat-public/cache/public/ftp/project/sarwing/processings/grdwind+windir_2025v6v12_2v0_0v3v9_0v0v6_0v0v6_1v4v3_1v0v15_1v0v10_1v2v5_1v2v2_1v1v1_1v2v1/cmod5n_ecmwf_norecal_rs2rcmgmfv4_28052025/RS2/L2M/SCWA/RS2_SCWA/2022/029/RS2_OK133476_PK1165957X958_DK1122731X754_SCWA_20220129_134018_134125_VV_VH_SGF/rs2-scwa-owi-cm-20220129t134018-20220129t134242-00003-xxxxx.nc
sh082022,IRWIN,s1a-ew-owi-cm-20220205t015324-20220205t015629-000003-04F895_ll_gd_GEO-IRWIN.nc,-19.8922157287598,51.3174362182617,"2022-02-05T01:53:24,000",/scale/user/mtannaou/alternance/donnees_sar_changes/s1a-ew-owi-cm-20220205t015324-20220205t015629-000003-04F895_aeqd.nc,s1a-ew-owi-cm-20220205t015324-20220205t015629-000003-04F895.nc,/home/datawork-cersat-public/cache/public/ftp/project/sarwing/processings/grdwind+windir_2025v6v12_2v0_0v3v9_0v0v6_0v0v6_1v4v3_1v0v15_1v0v10_1v2v5_1v2v2_1v1v1_1v2v1/cmod5n_ecmwf_norecal_rs2rcmgmfv4_28052025/sentinel-1a/L2M/EW/S1A_EW_GRDM_1S/2022/036/S1A_EW_GRDM_1SDV_20220205T015324_20220205T015629_041771_04F895_2E4DX43DCX7652/s1a-ew-owi-cm-20220205t015324-20220205t015629-000003-04F895.nc
sh152019,IRWIN,s1a-ew-owi-cm-20190216t072052-20190216t072256-000003-02E3FF_ll_gd_GEO-IRWIN.nc,-15.4063816070557,164.200958251953,"2019-02-16T07:20:52,000",/scale/user/mtannaou/alternance/donnees_sar_changes/s1a-ew-owi-cm-20190216t072052-20190216t072256-000003-02E3FF_aeqd.nc,s1a-ew-owi-cm-20190216t072052-20190216t072256-000003-02E3FF.nc,/home/datawork-cersat-public/cache/public/ftp/project/sarwing/processings/grdwind+windir_2025v6v12_2v0_0v3v9_0v0v6_0v0v6_1v4v3_1v0v15_1v0v10_1v2v5_1v2v2_1v1v1_1v2v1/cmod5n_ecmwf_norecal_rs2rcmgmfv4_28052025/sentinel-1a/L2M/EW/S1A_EW_GRDM_1S/2019/047/S1A_EW_GRDM_1SDV_20190216T072052_20190216T072256_025951_02E3FF_A4AFXE1B2/s1a-ew-owi-cm-20190216t072052-20190216t072256-000003-02E3FF.nc
sh152019,IRWIN,s1b-ew-owi-cm-20190218t184446-20190218t184711-000003-01C08C_ll_gd_GEO-IRWIN.nc,-18.8873329162598,162.859725952148,"2019-02-18T18:44:46,000",/scale/user/mtannaou/alternance/donnees_sar_changes/s1b-ew-owi-cm-20190218t184446-20190218t184711-000003-01C08C_aeqd.nc,s1b-ew-owi-cm-20190218t184446-20190218t184711-000003-01C08C.nc,/home/datawork-cersat-public/cache/public/ftp/project/sarwing/processings/grdwind+windir_2025v6v12_2v0_0v3v9_0v0v6_0v0v6_1v4v3_1v0v15_1v0v10_1v2v5_1v2v2_1v1v1_1v2v1/cmod5n_ecmwf_norecal_rs2rcmgmfv4_28052025/sentinel-1b/L2M/EW/S1B_EW_GRDM_1S/2019/049/S1B_EW_GRDM_1SDV_20190218T184446_20190218T184711_015004_01C08C_0DE8X6ED0X95DB/s1b-ew-owi-cm-20190218t184446-20190218t184711-000003-01C08C.nc
sh152019,IRWIN,s1a-ew-owi-cm-20190214t182852-20190214t183056-000003-02E348_ll_gd_GEO-IRWIN.nc,-15.1002836227417,165.363967895508,"2019-02-14T18:28:52,000",/scale/user/mtannaou/alternance/donnees_sar_changes/s1a-ew-owi-cm-20190214t182852-20190214t183056-000003-02E348_aeqd.nc,s1a-ew-owi-cm-20190214t182852-20190214t183056-000003-02E348.nc,/home/datawork-cersat-public/cache/public/ftp/project/sarwing/processings/grdwind+windir_2025v6v12_2v0_0v3v9_0v0v6_0v0v6_1v4v3_1v0v15_1v0v10_1v2v5_1v2v2_1v1v1_1v2v1/cmod5n_ecmwf_norecal_rs2rcmgmfv4_28052025/sentinel-1a/L2M/EW/S1A_EW_GRDM_1S/2019/045/S1A_EW_GRDM_1SDV_20190214T182852_20190214T183056_025929_02E348_5A20X8421/s1a-ew-owi-cm-20190214t182852-20190214t183056-000003-02E348.nc
sh252019,IRWIN,s1a-ew-owi-cm-20190427t123324-20190427t123528-000003-03095B_ll_gd_GEO-IRWIN.nc,-14.3874158859253,88.7950210571289,"2019-04-27T12:33:24,000",/scale/user/mtannaou/alternance/donnees_sar_changes/s1a-ew-owi-cm-20190427t123324-20190427t123528-000003-03095B_aeqd.nc,s1a-ew-owi-cm-20190427t123324-20190427t123528-000003-03095B.nc,/home/datawork-cersat-public/cache/public/ftp/project/sarwing/processings/grdwind+windir_2025v6v12_2v0_0v3v9_0v0v6_0v0v6_1v4v3_1v0v15_1v0v10_1v2v5_1v2v2_1v1v1_1v2v1/cmod5n_ecmwf_norecal_rs2rcmgmfv4_28052025/sentinel-1a/L2M/EW/S1A_EW_GRDM_1S/2019/117/S1A_EW_GRDM_1SDV_20190427T123324_20190427T123528_026975_03095B_1F0AX4B2E/s1a-ew-owi-cm-20190427t123324-20190427t123528-000003-03095B.nc
sh252019,IRWIN,s1b-ew-owi-cm-20190428t122321-20190428t122602-000003-01E172_ll_gd_GEO-IRWIN.nc,-17.8174476623535,89.8865737915039,"2019-04-28T12:23:21,000",/scale/user/mtannaou/alternance/donnees_sar_changes/s1b-ew-owi-cm-20190428t122321-20190428t122602-000003-01E172_aeqd.nc,s1b-ew-owi-cm-20190428t122321-20190428t122602-000003-01E172.nc,/home/datawork-cersat-public/cache/public/ftp/project/sarwing/processings/grdwind+windir_2025v6v12_2v0_0v3v9_0v0v6_0v0v6_1v4v3_1v0v15_1v0v10_1v2v5_1v2v2_1v1v1_1v2v1/cmod5n_ecmwf_norecal_rs2rcmgmfv4_28052025/sentinel-1b/L2M/EW/S1B_EW_GRDM_1S/2019/118/S1B_EW_GRDM_1SDV_20190428T122321_20190428T122602_016006_01E172_1F93X7205XCB5D/s1b-ew-owi-cm-20190428t122321-20190428t122602-000003-01E172.nc
sh252019,IRWIN,s1a-ew-owi-cm-20190425t234054-20190425t234228-000003-03087C_ll_gd_GEO-IRWIN.nc,-11.0062046051025,86.7269973754883,"2019-04-25T23:40:54,000",/scale/user/mtannaou/alternance/donnees_sar_changes/s1a-ew-owi-cm-20190425t234054-20190425t234228-000003-03087C_aeqd.nc,s1a-ew-owi-cm-20190425t234054-20190425t234228-000003-03087C.nc,/home/datawork-cersat-public/cache/public/ftp/project/sarwing/processings/grdwind+windir_2025v6v12_2v0_0v3v9_0v0v6_0v0v6_1v4v3_1v0v15_1v0v10_1v2v5_1v2v2_1v1v1_1v2v1/cmod5n_ecmwf_norecal_rs2rcmgmfv4_28052025/sentinel-1a/L2M/EW/S1A_EW_GRDM_1S/2019/115/S1A_EW_GRDM_1SDV_20190425T234054_20190425T234228_026953_03087C_22F6XA149/s1a-ew-owi-cm-20190425t234054-20190425t234228-000003-03087C.nc
sh252019,IRWIN,s1b-ew-owi-cm-20190426t233222-20190426t233402-000003-01E0B1_ll_gd_GEO-IRWIN.nc,-13.2456970214844,88.7696075439453,"2019-04-26T23:32:22,000",/scale/user/mtannaou/alternance/donnees_sar_changes/s1b-ew-owi-cm-20190426t233222-20190426t233402-000003-01E0B1_aeqd.nc,s1b-ew-owi-cm-20190426t233222-20190426t233402-000003-01E0B1.nc,/home/datawork-cersat-public/cache/public/ftp/project/sarwing/processings/grdwind+windir_2025v6v12_2v0_0v3v9_0v0v6_0v0v6_1v4v3_1v0v15_1v0v10_1v2v5_1v2v2_1v1v1_1v2v1/cmod5n_ecmwf_norecal_rs2rcmgmfv4_28052025/sentinel-1b/L2M/EW/S1B_EW_GRDM_1S/2019/116/S1B_EW_GRDM_1SDV_20190426T233222_20190426T233402_015984_01E0B1_A1E0XA91F/s1b-ew-owi-cm-20190426t233222-20190426t233402-000003-01E0B1.nc
al212021,IRWIN,rcm2-sc50ma-owi-cm-20211031t204819-20211031t204951-00003-______ll_gd_GEO-IRWIN.nc,36.3496932983398,316.435943603516,"2021-10-31T20:48:19,000",/scale/user/mtannaou/alternance/donnees_sar_changes/rcm2-sc50ma-owi-cm-20211031t204819-20211031t204951-00003-xxxxx_aeqd.nc,rcm2-sc50ma-owi-cm-20211031t204819-20211031t204951-00003-xxxxx.nc,/home/datawork-cersat-public/cache/public/ftp/project/sarwing/processings/grdwind+windir_2025v6v12_2v0_0v3v9_0v0v6_0v0v6_1v4v3_1v0v15_1v0v10_1v2v5_1v2v2_1v1v1_1v2v1/cmod5n_ecmwf_norecal_rs2rcmgmfv4_28052025/rcm-2/L2M/sc50ma/rcm-2_sc50ma/2021/304/RCM2_OK2381583_PK2381872_1_SC50MA_20211031_204833_HH_HV_GRD/rcm2-sc50ma-owi-cm-20211031t204819-20211031t204951-00003-xxxxx.nc
al212021,IRWIN,rcm1-sc50mc-owi-cm-20211027t222516-20211027t222640-00003-______ll_gd_GEO-IRWIN.nc,38.7056999206543,292.544555664063,"2021-10-27T22:25:16,000",/scale/user/mtannaou/alternance/donnees_sar_changes/rcm1-sc50mc-owi-cm-20211027t222516-20211027t222640-00003-xxxxx_aeqd.nc,s1a-iw-owi-cm-20211027t222538-20211027t222653-000003-04C6E8.nc,/home/datawork-cersat-public/cache/public/ftp/project/sarwing/processings/grdwind+windir_2025v6v12_2v0_0v3v9_0v0v6_0v0v6_1v4v3_1v0v15_1v0v10_1v2v5_1v2v2_1v1v1_1v2v1/cmod5n_ecmwf_norecal_rs2rcmgmfv4_28052025/sentinel-1a/L2M/IW/S1A_IW_GRDH_1S/2021/300/S1A_IW_GRDH_1SDV_20211027T222538_20211027T222653_040311_04C6E8_AF9AXCDE7XD6B5/s1a-iw-owi-cm-20211027t222538-20211027t222653-000003-04C6E8.nc
al212021,IRWIN,s1a-iw-owi-cm-20211027t222538-20211027t222653-000003-04C6E8_ll_gd_GEO-IRWIN.nc,38.714771270752,292.619445800781,"2021-10-27T22:25:38,000",/scale/user/mtannaou/alternance/donnees_sar_changes/s1a-iw-owi-cm-20211027t222538-20211027t222653-000003-04C6E8_aeqd.nc,s1a-iw-owi-cm-20211027t222538-20211027t222653-000003-04C6E8.nc,/home/datawork-cersat-public/cache/public/ftp/project/sarwing/processings/grdwind+windir_2025v6v12_2v0_0v3v9_0v0v6_0v0v6_1v4v3_1v0v15_1v0v10_1v2v5_1v2v2_1v1v1_1v2v1/cmod5n_ecmwf_norecal_rs2rcmgmfv4_28052025/sentinel-1a/L2M/IW/S1A_IW_GRDH_1S/2021/300/S1A_IW_GRDH_1SDV_20211027T222538_20211027T222653_040311_04C6E8_AF9AXCDE7XD6B5/s1a-iw-owi-cm-20211027t222538-20211027t222653-000003-04C6E8.nc
al072021,IRWIN,s1b-iw-owi-cm-20210821t122505-20210821t122624-000003-0361CA_ll_gd_GEO-IRWIN.nc,20.465633392334,262.151397705078,"2021-08-21T12:25:05,000",,s1b-iw-owi-cm-20210821t122505-20210821t122647-000003-0361CA.nc,/home/datawork-cersat-public/cache/public/ftp/project/sarwing/processings/grdwind+windir_2025v6v12_2v0_0v3v9_0v0v6_0v0v6_1v4v3_1v0v15_1v0v10_1v2v5_1v2v2_1v1v1_1v2v1/cmod5n_ecmwf_norecal_rs2rcmgmfv4_28052025/sentinel-1b/L2M/IW/S1B_IW_GRDH_1S/2021/233/S1B_IW_GRDH_1SDV_20210821T122505_20210821T122647_028344_0361CA_6B00X7AEFXF227XFD01/s1b-iw-owi-cm-20210821t122505-20210821t122647-000003-0361CA.nc
al072021,IRWIN,rs2-scwa-owi-cm-20210821t002115-20210821t002339-00003-______ll_gd_GEO-IRWIN.nc,20.6923923492432,264.536743164063,"2021-08-21T00:21:15,000",/scale/user/mtannaou/alternance/donnees_sar_changes/rs2-scwa-owi-cm-20210821t002115-20210821t002339-00003-xxxxx_aeqd.nc,rs2-scwa-owi-cm-20210821t002115-20210821t002339-00003-xxxxx.nc,/home/datawork-cersat-public/cache/public/ftp/project/sarwing/processings/grdwind+windir_2025v6v12_2v0_0v3v9_0v0v6_0v0v6_1v4v3_1v0v15_1v0v10_1v2v5_1v2v2_1v1v1_1v2v1/cmod5n_ecmwf_norecal_rs2rcmgmfv4_28052025/RS2/L2M/SCWA/RS2_SCWA/2021/233/RS2_OK130335_PK1142121X122_DK1099349X350_SCWA_20210821_002115_002223_VV_VH_SGF/rs2-scwa-owi-cm-20210821t002115-20210821t002339-00003-xxxxx.nc
ep022024,IRWIN,rcm2-sc50mb-owi-cm-20240726t014854-20240726t015012-00003-______ll_gd_GEO-IRWIN.nc,18.6966419219971,242.514465332031,"2024-07-26T01:48:54,000",/scale/user/mtannaou/alternance/donnees_sar_changes/rcm2-sc50mb-owi-cm-20240726t014854-20240726t015012-00003-xxxxx_aeqd.nc,rcm2-sc50mb-owi-cm-20240726t014854-20240726t015012-00003-xxxxx.nc,/home/datawork-cersat-public/cache/public/ftp/project/sarwing/processings/grdwind+windir_2025v6v12_2v0_0v3v9_0v0v6_0v0v6_1v4v3_1v0v15_1v0v10_1v2v5_1v2v2_1v1v1_1v2v1/cmod5n_ecmwf_norecal_rs2rcmgmfv4_28052025/rcm-2/L2M/sc50mb/rcm-2_sc50mb/2024/208/RCM2_OK3177057_PK3179273_1_SC50MB_20240726_014650_HH_HV_GRD/rcm2-sc50mb-owi-cm-20240726t014854-20240726t015012-00003-xxxxx.nc
ep022024,IRWIN,rcm2-sc50mc-owi-cm-20240726t134402-20240726t134520-00003-______ll_gd_GEO-IRWIN.nc,19.0936012268066,240.73161315918,"2024-07-26T13:44:02,000",/scale/user/mtannaou/alternance/donnees_sar_changes/rcm2-sc50mc-owi-cm-20240726t134402-20240726t134520-00003-xxxxx_aeqd.nc,rcm2-sc50mc-owi-cm-20240726t134402-20240726t134520-00003-xxxxx.nc,/home/datawork-cersat-public/cache/public/ftp/project/sarwing/processings/grdwind+windir_2025v6v12_2v0_0v3v9_0v0v6_0v0v6_1v4v3_1v0v15_1v0v10_1v2v5_1v2v2_1v1v1_1v2v1/cmod5n_ecmwf_norecal_rs2rcmgmfv4_28052025/rcm-2/L2M/sc50mc/rcm-2_sc50mc/2024/208/RCM2_OK3178238_PK3180085_1_SC50MC_20240726_134231_HH_HV_GRD/rcm2-sc50mc-owi-cm-20240726t134402-20240726t134520-00003-xxxxx.nc
ep022024,IRWIN,rcm2-sc50ma-owi-cm-20240725t133615-20240725t133730-00003-______ll_gd_GEO-IRWIN.nc,18.0881977081299,244.849945068359,"2024-07-25T13:36:15,000",/scale/user/mtannaou/alternance/donnees_sar_changes/rcm2-sc50ma-owi-cm-20240725t133615-20240725t133730-00003-xxxxx_aeqd.nc,rcm2-sc50ma-owi-cm-20240725t133615-20240725t133730-00003-xxxxx.nc,/home/datawork-cersat-public/cache/public/ftp/project/sarwing/processings/grdwind+windir_2025v6v12_2v0_0v3v9_0v0v6_0v0v6_1v4v3_1v0v15_1v0v10_1v2v5_1v2v2_1v1v1_1v2v1/cmod5n_ecmwf_norecal_rs2rcmgmfv4_28052025/rcm-2/L2M/sc50ma/rcm-2_sc50ma/2024/207/RCM2_OK3177040_PK3178439_1_SC50MA_20240725_133455_HH_HV_GRD/rcm2-sc50ma-owi-cm-20240725t133615-20240725t133730-00003-xxxxx.nc
al032023,IRWIN,rcm2-sc50ma-owi-cm-20230623t100739-20230623t100855-00003-______ll_gd_GEO-IRWIN.nc,13.2731866836548,297.329284667969,"2023-06-23T10:07:39,000",/scale/user/mtannaou/alternance/donnees_sar_changes/rcm2-sc50ma-owi-cm-20230623t100739-20230623t100855-00003-xxxxx_aeqd.nc,rcm2-sc50ma-owi-cm-20230623t100739-20230623t100855-00003-xxxxx.nc,/home/datawork-cersat-public/cache/public/ftp/project/sarwing/processings/grdwind+windir_2025v6v12_2v0_0v3v9_0v0v6_0v0v6_1v4v3_1v0v15_1v0v10_1v2v5_1v2v2_1v1v1_1v2v1/cmod5n_ecmwf_norecal_rs2rcmgmfv4_28052025/rcm-2/L2M/sc50ma/rcm-2_sc50ma/2023/174/RCM2_OK2617409_PK2619572_1_SC50MA_20230623_100741_HH_HV_GRD/rcm2-sc50ma-owi-cm-20230623t100739-20230623t100855-00003-xxxxx.nc
al032023,IRWIN,rcm2-sclnc-owi-cm-20230622t221051-20230622t221140-00003-______ll_gd_GEO-IRWIN.nc,13.3531160354614,300.647064208984,"2023-06-22T22:10:51,000",/scale/user/mtannaou/alternance/donnees_sar_changes/rcm2-sclnc-owi-cm-20230622t221051-20230622t221140-00003-xxxxx_aeqd.nc,rcm2-sclnc-owi-cm-20230622t221051-20230622t221140-00003-xxxxx.nc,/home/datawork-cersat-public/cache/public/ftp/project/sarwing/processings/grdwind+windir_2025v6v12_2v0_0v3v9_0v0v6_0v0v6_1v4v3_1v0v15_1v0v10_1v2v5_1v2v2_1v1v1_1v2v1/cmod5n_ecmwf_norecal_rs2rcmgmfv4_28052025/rcm-2/L2M/sclnc/rcm-2_sclnc/2023/173/RCM2_OK2614527_PK2618845_1_SCLNC_20230622_221053_VV_VH_GRD/rcm2-sclnc-owi-cm-20230622t221051-20230622t221140-00003-xxxxx.nc
al032023,IRWIN,rcm3-sclnd-owi-cm-20230622t092800-20230622t092916-00003-______ll_gd_GEO-IRWIN.nc,13.5130453109741,303.742950439453,"2023-06-22T09:28:00,000",/scale/user/mtannaou/alternance/donnees_sar_changes/rcm3-sclnd-owi-cm-20230622t092800-20230622t092916-00003-xxxxx_aeqd.nc,rcm3-sclnd-owi-cm-20230622t092800-20230622t092916-00003-xxxxx.nc,/home/datawork-cersat-public/cache/public/ftp/project/sarwing/processings/grdwind+windir_2025v6v12_2v0_0v3v9_0v0v6_0v0v6_1v4v3_1v0v15_1v0v10_1v2v5_1v2v2_1v1v1_1v2v1/cmod5n_ecmwf_norecal_rs2rcmgmfv4_28052025/rcm-3/L2M/sclnd/rcm-3_sclnd/2023/173/RCM3_OK2614474_PK2617800_1_SCLND_20230622_092802_VV_VH_GRD/rcm3-sclnd-owi-cm-20230622t092800-20230622t092916-00003-xxxxx.nc
al032023,IRWIN,rcm3-sclna-owi-cm-20230621t091957-20230621t092112-00003-______ll_gd_GEO-IRWIN.nc,12.7663469314575,308.993103027344,"2023-06-21T09:19:57,000",/scale/user/mtannaou/alternance/donnees_sar_changes/rcm3-sclna-owi-cm-20230621t091957-20230621t092112-00003-xxxxx_aeqd.nc,rcm3-sclna-owi-cm-20230621t091957-20230621t092112-00003-xxxxx.nc,/home/datawork-cersat-public/cache/public/ftp/project/sarwing/processings/grdwind+windir_2025v6v12_2v0_0v3v9_0v0v6_0v0v6_1v4v3_1v0v15_1v0v10_1v2v5_1v2v2_1v1v1_1v2v1/cmod5n_ecmwf_norecal_rs2rcmgmfv4_28052025/rcm-3/L2M/sclna/rcm-3_sclna/2023/172/RCM3_OK2613153_PK2615394_1_SCLNA_20230621_091959_VV_VH_GRD/rcm3-sclna-owi-cm-20230621t091957-20230621t092112-00003-xxxxx.nc
al092019,IRWIN,s1a-iw-owi-cm-20190914t231126-20190914t231306-000003-034AF8_ll_gd_GEO-IRWIN.nc,27.2724838256836,282.823883056641,"2019-09-14T23:11:26,000",,s1a-iw-owi-cm-20190914t231011-20190914t231306-000003-034AF8.nc,/home/datawork-cersat-public/cache/public/ftp/project/sarwing/processings/grdwind+windir_2025v6v12_2v0_0v3v9_0v0v6_0v0v6_1v4v3_1v0v15_1v0v10_1v2v5_1v2v2_1v1v1_1v2v1/cmod5n_ecmwf_norecal_rs2rcmgmfv4_28052025/sentinel-1a/L2M/IW/S1A_IW_GRDH_1S/2019/257/S1A_IW_GRDH_1SDV_20190914T231011_20190914T231306_029024_034AF8_0FBAX3A7AX602AXA7B8XA800XA9E6XF791/s1a-iw-owi-cm-20190914t231011-20190914t231306-000003-034AF8.nc
sh082023,IRWIN,rcm1-sclnb-owi-cm-20230125t153532-20230125t153649-00003-______ll_gd_GEO-IRWIN.nc,-19.7873001098633,42.8389587402344,"2023-01-25T15:35:32,000",/scale/user/mtannaou/alternance/donnees_sar_changes/rcm1-sclnb-owi-cm-20230125t153532-20230125t153649-00003-xxxxx_aeqd.nc,rcm1-sclnb-owi-cm-20230125t153532-20230125t153649-00003-xxxxx.nc,/home/datawork-cersat-public/cache/public/ftp/project/sarwing/processings/grdwind+windir_2025v6v12_2v0_0v3v9_0v0v6_0v0v6_1v4v3_1v0v15_1v0v10_1v2v5_1v2v2_1v1v1_1v2v1/cmod5n_ecmwf_norecal_rs2rcmgmfv4_28052025/rcm-1/L2M/sclnb/rcm-1_sclnb/2023/025/RCM1_OK2426271_PK2428548_1_SCLNB_20230125_153532_VV_VH_GRD/rcm1-sclnb-owi-cm-20230125t153532-20230125t153649-00003-xxxxx.nc
sh082023,IRWIN,rcm1-sclnc-owi-cm-20230127t155043-20230127t155158-00003-______ll_gd_GEO-IRWIN.nc,-22.7841472625732,41.7729568481445,"2023-01-27T15:50:43,000",/scale/user/mtannaou/alternance/donnees_sar_changes/rcm1-sclnc-owi-cm-20230127t155043-20230127t155158-00003-xxxxx_aeqd.nc,rcm1-sclnc-owi-cm-20230127t155043-20230127t155158-00003-xxxxx.nc,/home/datawork-cersat-public/cache/public/ftp/project/sarwing/processings/grdwind+windir_2025v6v12_2v0_0v3v9_0v0v6_0v0v6_1v4v3_1v0v15_1v0v10_1v2v5_1v2v2_1v1v1_1v2v1/cmod5n_ecmwf_norecal_rs2rcmgmfv4_28052025/rcm-1/L2M/sclnc/rcm-1_sclnc/2023/027/RCM1_OK2428407_PK2430263_1_SCLNC_20230127_155044_VV_VH_GRD/rcm1-sclnc-owi-cm-20230127t155043-20230127t155158-00003-xxxxx.nc
sh082023,IRWIN,rcm1-sclnc-owi-cm-20230126t154314-20230126t154431-00003-______ll_gd_GEO-IRWIN.nc,-20.5851268768311,42.5530891418457,"2023-01-26T15:43:14,000",/scale/user/mtannaou/alternance/donnees_sar_changes/rcm1-sclnc-owi-cm-20230126t154314-20230126t154431-00003-xxxxx_aeqd.nc,rcm1-sclnc-owi-cm-20230126t154314-20230126t154431-00003-xxxxx.nc,/home/datawork-cersat-public/cache/public/ftp/project/sarwing/processings/grdwind+windir_2025v6v12_2v0_0v3v9_0v0v6_0v0v6_1v4v3_1v0v15_1v0v10_1v2v5_1v2v2_1v1v1_1v2v1/cmod5n_ecmwf_norecal_rs2rcmgmfv4_28052025/rcm-1/L2M/sclnc/rcm-1_sclnc/2023/026/RCM1_OK2427277_PK2429350_1_SCLNC_20230126_154314_VV_VH_GRD/rcm1-sclnc-owi-cm-20230126t154314-20230126t154431-00003-xxxxx.nc
sh082023,IRWIN,s1a-ew-owi-cm-20230125t024334-20230125t024630-000003-05A0FA_ll_gd_GEO-IRWIN.nc,-20.2083206176758,43.0044555664063,"2023-01-25T02:43:34,000",/scale/user/mtannaou/alternance/donnees_sar_changes/s1a-ew-owi-cm-20230125t024334-20230125t024630-000003-05A0FA_aeqd.nc,s1a-ew-owi-cm-20230125t024334-20230125t024630-000003-05A0FA.nc,/home/datawork-cersat-public/cache/public/ftp/project/sarwing/processings/grdwind+windir_2025v6v12_2v0_0v3v9_0v0v6_0v0v6_1v4v3_1v0v15_1v0v10_1v2v5_1v2v2_1v1v1_1v2v1/cmod5n_ecmwf_norecal_rs2rcmgmfv4_28052025/sentinel-1a/L2M/EW/S1A_EW_GRDM_1S/2023/025/S1A_EW_GRDM_1SDV_20230125T024334_20230125T024630_046934_05A0FA_6031X6C6AX78DD/s1a-ew-owi-cm-20230125t024334-20230125t024630-000003-05A0FA.nc
sh082023,IRWIN,rcm1-sclnd-owi-cm-20230128t155750-20230128t155907-00003-______ll_gd_GEO-IRWIN.nc,-26.1903667449951,41.8207321166992,"2023-01-28T15:57:50,000",/scale/user/mtannaou/alternance/donnees_sar_changes/rcm1-sclnd-owi-cm-20230128t155750-20230128t155907-00003-xxxxx_aeqd.nc,rcm1-sclnd-owi-cm-20230128t155750-20230128t155907-00003-xxxxx.nc,/home/datawork-cersat-public/cache/public/ftp/project/sarwing/processings/grdwind+windir_2025v6v12_2v0_0v3v9_0v0v6_0v0v6_1v4v3_1v0v15_1v0v10_1v2v5_1v2v2_1v1v1_1v2v1/cmod5n_ecmwf_norecal_rs2rcmgmfv4_28052025/rcm-1/L2M/sclnd/rcm-1_sclnd/2023/028/RCM1_OK2429418_PK2431330_1_SCLND_20230128_155750_VV_VH_GRD/rcm1-sclnd-owi-cm-20230128t155750-20230128t155907-00003-xxxxx.nc
al182023,IRWIN,rcm2-sclnd-owi-cm-20230930t085403-20230930t085521-00003-______ll_gd_GEO-IRWIN.nc,20.5490818023682,310.777679443359,"2023-09-30T08:54:03,000",/scale/user/mtannaou/alternance/donnees_sar_changes/rcm2-sclnd-owi-cm-20230930t085403-20230930t085521-00003-xxxxx_aeqd.nc,rcm2-sclnd-owi-cm-20230930t085403-20230930t085521-00003-xxxxx.nc,/home/datawork-cersat-public/cache/public/ftp/project/sarwing/processings/grdwind+windir_2025v6v12_2v0_0v3v9_0v0v6_0v0v6_1v4v3_1v0v15_1v0v10_1v2v5_1v2v2_1v1v1_1v2v1/cmod5n_ecmwf_norecal_rs2rcmgmfv4_28052025/rcm-2/L2M/sclnd/rcm-2_sclnd/2023/273/RCM2_OK2767187_PK2768816_1_SCLND_20230930_085404_VV_VH_GRD/rcm2-sclnd-owi-cm-20230930t085403-20230930t085521-00003-xxxxx.nc
al182023,IRWIN,rcm1-sclnd-owi-cm-20230930t214011-20230930t214127-00003-______ll_gd_GEO-IRWIN.nc,22.3984680175781,308.659912109375,"2023-09-30T21:40:11,000",/scale/user/mtannaou/alternance/donnees_sar_changes/rcm1-sclnd-owi-cm-20230930t214011-20230930t214127-00003-xxxxx_aeqd.nc,rcm1-sclnd-owi-cm-20230930t214011-20230930t214127-00003-xxxxx.nc,/home/datawork-cersat-public/cache/public/ftp/project/sarwing/processings/grdwind+windir_2025v6v12_2v0_0v3v9_0v0v6_0v0v6_1v4v3_1v0v15_1v0v10_1v2v5_1v2v2_1v1v1_1v2v1/cmod5n_ecmwf_norecal_rs2rcmgmfv4_28052025/rcm-1/L2M/sclnd/rcm-1_sclnd/2023/273/RCM1_OK2767220_PK2769320_1_SCLND_20230930_214014_VV_VH_GRD/rcm1-sclnd-owi-cm-20230930t214011-20230930t214127-00003-xxxxx.nc
al192019,IRWIN,s1b-iw-owi-cm-20191101t080344-20191101t080524-000003-0234E0_ll_gd_GEO-IRWIN.nc,40.5980033874512,329.84228515625,"2019-11-01T08:03:44,000",/scale/user/mtannaou/alternance/donnees_sar_changes/s1b-iw-owi-cm-20191101t080344-20191101t080524-000003-0234E0_aeqd.nc,s1b-iw-owi-cm-20191101t080344-20191101t080524-000003-0234E0.nc,/home/datawork-cersat-public/cache/public/ftp/project/sarwing/processings/grdwind+windir_2025v6v12_2v0_0v3v9_0v0v6_0v0v6_1v4v3_1v0v15_1v0v10_1v2v5_1v2v2_1v1v1_1v2v1/cmod5n_ecmwf_norecal_rs2rcmgmfv4_28052025/sentinel-1b/L2M/IW/S1B_IW_GRDH_1S/2019/305/S1B_IW_GRDH_1SDV_20191101T080344_20191101T080524_018731_0234E0_1741X534BX9C5DXD5E7/s1b-iw-owi-cm-20191101t080344-20191101t080524-000003-0234E0.nc
io012024,IRWIN,rcm3-sclnd-owi-cm-20240525t121702-20240525t121819-00003-______ll_gd_GEO-IRWIN.nc,18.187967300415,89.2287292480469,"2024-05-25T12:17:02,000",/scale/user/mtannaou/alternance/donnees_sar_changes/rcm3-sclnd-owi-cm-20240525t121702-20240525t121819-00003-xxxxx_aeqd.nc,rcm3-sclnd-owi-cm-20240525t121702-20240525t121819-00003-xxxxx.nc,/home/datawork-cersat-public/cache/public/ftp/project/sarwing/processings/grdwind+windir_2025v6v12_2v0_0v3v9_0v0v6_0v0v6_1v4v3_1v0v15_1v0v10_1v2v5_1v2v2_1v1v1_1v2v1/cmod5n_ecmwf_norecal_rs2rcmgmfv4_28052025/rcm-3/L2M/sclnd/rcm-3_sclnd/2024/146/RCM3_OK3081282_PK3082764_1_SCLND_20240525_121703_VV_VH_GRD/rcm3-sclnd-owi-cm-20240525t121702-20240525t121819-00003-xxxxx.nc
wp282021,IRWIN,rcm1-sc50mb-owi-cm-20211216t213236-20211216t214156-00003-______ll_gd_GEO-IRWIN.nc,10.1351718902588,122.097152709961,"2021-12-16T21:32:36,000",/scale/user/mtannaou/alternance/donnees_sar_changes/rcm1-sc50mb-owi-cm-20211216t213236-20211216t214156-00003-xxxxx_aeqd.nc,rcm1-sc50mb-owi-cm-20211216t213236-20211216t214156-00003-xxxxx.nc,/home/datawork-cersat-public/cache/public/ftp/project/sarwing/processings/grdwind+windir_2025v6v12_2v0_0v3v9_0v0v6_0v0v6_1v4v3_1v0v15_1v0v10_1v2v5_1v2v2_1v1v1_1v2v1/cmod5n_ecmwf_norecal_rs2rcmgmfv4_28052025/rcm-1/L2M/sc50mb/rcm-1_sc50mb/2021/350/RCM1_OK2381598_PK2381745_7_SC50MB_20211216_213249_HH_HV_GRD/rcm1-sc50mb-owi-cm-20211216t213236-20211216t214156-00003-xxxxx.nc
wp282021,IRWIN,s1b-ew-owi-cm-20211216t093851-20211216t094205-000003-03967A_ll_gd_GEO-IRWIN.nc,10.0710611343384,125.406600952148,"2021-12-16T09:38:51,000",/scale/user/mtannaou/alternance/donnees_sar_changes/s1b-ew-owi-cm-20211216t093851-20211216t094205-000003-03967A_aeqd.nc,s1b-ew-owi-cm-20211216t093851-20211216t094205-000003-03967A.nc,/home/datawork-cersat-public/cache/public/ftp/project/sarwing/processings/grdwind+windir_2025v6v12_2v0_0v3v9_0v0v6_0v0v6_1v4v3_1v0v15_1v0v10_1v2v5_1v2v2_1v1v1_1v2v1/cmod5n_ecmwf_norecal_rs2rcmgmfv4_28052025/sentinel-1b/L2M/EW/S1B_EW_GRDM_1S/2021/350/S1B_EW_GRDM_1SDV_20211216T093851_20211216T094205_030049_03967A_3F08XBCA5XDA94/s1b-ew-owi-cm-20211216t093851-20211216t094205-000003-03967A.nc
wp282021,IRWIN,s1a-iw-owi-cm-20211219t105526-20211219t105735-000003-04E146_ll_gd_GEO-IRWIN.nc,14.1753482818604,110.879592895508,"2021-12-19T10:55:26,000",/scale/user/mtannaou/alternance/donnees_sar_changes/s1a-iw-owi-cm-20211219t105526-20211219t105735-000003-04E146_aeqd.nc,s1a-iw-owi-cm-20211219t105526-20211219t105735-000003-04E146.nc,/home/datawork-cersat-public/cache/public/ftp/project/sarwing/processings/grdwind+windir_2025v6v12_2v0_0v3v9_0v0v6_0v0v6_1v4v3_1v0v15_1v0v10_1v2v5_1v2v2_1v1v1_1v2v1/cmod5n_ecmwf_norecal_rs2rcmgmfv4_28052025/sentinel-1a/L2M/IW/S1A_IW_GRDH_1S/2021/353/S1A_IW_GRDH_1SDV_20211219T105526_20211219T105735_041077_04E146_1B7BX6937X9B30XBCBAXEF62/s1a-iw-owi-cm-20211219t105526-20211219t105735-000003-04E146.nc
wp242019,IRWIN,s1a-ew-owi-cm-20191107t193942-20191107t194146-000003-036628_ll_gd_GEO-IRWIN.nc,25.5352210998535,152.930847167969,"2019-11-07T19:39:42,000",,s1a-ew-owi-cm-20191107t193942-20191107t194207-000003-036628.nc,/home/datawork-cersat-public/cache/public/ftp/project/sarwing/processings/grdwind+windir_2025v6v12_2v0_0v3v9_0v0v6_0v0v6_1v4v3_1v0v15_1v0v10_1v2v5_1v2v2_1v1v1_1v2v1/cmod5n_ecmwf_norecal_rs2rcmgmfv4_28052025/sentinel-1a/L2M/EW/S1A_EW_GRDM_1S/2019/311/S1A_EW_GRDM_1SDV_20191107T193942_20191107T194207_029809_036628_0BD5XA8AEXCA9E/s1a-ew-owi-cm-20191107t193942-20191107t194207-000003-036628.nc
wp242019,IRWIN,s1a-ew-owi-cm-20191105t195730-20191105t195916-000003-03651B_ll_gd_GEO-IRWIN.nc,20.3041496276856,150.598266601563,"2019-11-05T19:57:30,000",/scale/user/mtannaou/alternance/donnees_sar_changes/s1a-ew-owi-cm-20191105t195730-20191105t195916-000003-03651B_aeqd.nc,s1a-ew-owi-cm-20191105t195730-20191105t195916-000003-03651B.nc,/home/datawork-cersat-public/cache/public/ftp/project/sarwing/processings/grdwind+windir_2025v6v12_2v0_0v3v9_0v0v6_0v0v6_1v4v3_1v0v15_1v0v10_1v2v5_1v2v2_1v1v1_1v2v1/cmod5n_ecmwf_norecal_rs2rcmgmfv4_28052025/sentinel-1a/L2M/EW/S1A_EW_GRDM_1S/2019/309/S1A_EW_GRDM_1SDV_20191105T195730_20191105T195916_029780_03651B_4A35XA6F0/s1a-ew-owi-cm-20191105t195730-20191105t195916-000003-03651B.nc
wp242019,IRWIN,s1b-ew-owi-cm-20191106t194803-20191106t195007-000003-02377F_ll_gd_GEO-IRWIN.nc,22.1900272369385,150.996047973633,"2019-11-06T19:48:03,000",/scale/user/mtannaou/alternance/donnees_sar_changes/s1b-ew-owi-cm-20191106t194803-20191106t195007-000003-02377F_aeqd.nc,s1b-ew-owi-cm-20191106t194803-20191106t195007-000003-02377F.nc,/home/datawork-cersat-public/cache/public/ftp/project/sarwing/processings/grdwind+windir_2025v6v12_2v0_0v3v9_0v0v6_0v0v6_1v4v3_1v0v15_1v0v10_1v2v5_1v2v2_1v1v1_1v2v1/cmod5n_ecmwf_norecal_rs2rcmgmfv4_28052025/sentinel-1b/L2M/EW/S1B_EW_GRDM_1S/2019/310/S1B_EW_GRDM_1SDV_20191106T194803_20191106T195007_018811_02377F_3ACAXD39E/s1b-ew-owi-cm-20191106t194803-20191106t195007-000003-02377F.nc
wp242019,IRWIN,rs2-scwa-owi-cm-20191105t070922-20191105t071253-00003-______ll_gd_GEO-IRWIN.nc,19.5454998016357,151.284759521484,"2019-11-05T07:09:22,000",/scale/user/mtannaou/alternance/donnees_sar_changes/rs2-scwa-owi-cm-20191105t070922-20191105t071253-00003-xxxxx_aeqd.nc,rs2-scwa-owi-cm-20191105t070922-20191105t071253-00003-xxxxx.nc,/home/datawork-cersat-public/cache/public/ftp/project/sarwing/processings/grdwind+windir_2025v6v12_2v0_0v3v9_0v0v6_0v0v6_1v4v3_1v0v15_1v0v10_1v2v5_1v2v2_1v1v1_1v2v1/cmod5n_ecmwf_norecal_rs2rcmgmfv4_28052025/RS2/L2M/SCWA/RS2_SCWA/2019/309/RS2_OK888888_PK888888X888X888_DK888888X888X888_SCWA_20191105_070922_071137_VV_VH_SGF/rs2-scwa-owi-cm-20191105t070922-20191105t071253-00003-xxxxx.nc
ep072023,IRWIN,rcm2-sc50ma-owi-cm-20230815t020501-20230815t020616-00003-______ll_gd_GEO-IRWIN.nc,16.2053070068359,240.589782714844,"2023-08-15T02:05:01,000",/scale/user/mtannaou/alternance/donnees_sar_changes/rcm2-sc50ma-owi-cm-20230815t020501-20230815t020616-00003-xxxxx_aeqd.nc,rcm2-sc50ma-owi-cm-20230815t020501-20230815t020616-00003-xxxxx.nc,/home/datawork-cersat-public/cache/public/ftp/project/sarwing/processings/grdwind+windir_2025v6v12_2v0_0v3v9_0v0v6_0v0v6_1v4v3_1v0v15_1v0v10_1v2v5_1v2v2_1v1v1_1v2v1/cmod5n_ecmwf_norecal_rs2rcmgmfv4_28052025/rcm-2/L2M/sc50ma/rcm-2_sc50ma/2023/227/RCM2_OK2690160_PK2693265_1_SC50MA_20230815_020503_HH_HV_GRD/rcm2-sc50ma-owi-cm-20230815t020501-20230815t020616-00003-xxxxx.nc
ep072023,IRWIN,rcm1-sclnd-owi-cm-20230817t025319-20230817t025435-00003-______ll_gd_GEO-IRWIN.nc,16.5787258148193,231.20378112793,"2023-08-17T02:53:19,000",/scale/user/mtannaou/alternance/donnees_sar_changes/rcm1-sclnd-owi-cm-20230817t025319-20230817t025435-00003-xxxxx_aeqd.nc,rcm1-sclnd-owi-cm-20230817t025319-20230817t025435-00003-xxxxx.nc,/home/datawork-cersat-public/cache/public/ftp/project/sarwing/processings/grdwind+windir_2025v6v12_2v0_0v3v9_0v0v6_0v0v6_1v4v3_1v0v15_1v0v10_1v2v5_1v2v2_1v1v1_1v2v1/cmod5n_ecmwf_norecal_rs2rcmgmfv4_28052025/rcm-1/L2M/sclnd/rcm-1_sclnd/2023/229/RCM1_OK2692737_PK2696103_1_SCLND_20230817_025321_VV_VH_GRD/rcm1-sclnd-owi-cm-20230817t025319-20230817t025435-00003-xxxxx.nc
ep072023,IRWIN,rcm2-sc50mb-owi-cm-20230815t140018-20230815t140119-00003-______ll_gd_GEO-IRWIN.nc,16.8047027587891,238.785751342773,"2023-08-15T14:00:18,000",/scale/user/mtannaou/alternance/donnees_sar_changes/rcm2-sc50mb-owi-cm-20230815t140018-20230815t140119-00003-xxxxx_aeqd.nc,rcm2-sc50mb-owi-cm-20230815t140018-20230815t140119-00003-xxxxx.nc,/home/datawork-cersat-public/cache/public/ftp/project/sarwing/processings/grdwind+windir_2025v6v12_2v0_0v3v9_0v0v6_0v0v6_1v4v3_1v0v15_1v0v10_1v2v5_1v2v2_1v1v1_1v2v1/cmod5n_ecmwf_norecal_rs2rcmgmfv4_28052025/rcm-2/L2M/sc50mb/rcm-2_sc50mb/2023/227/RCM2_OK2691743_PK2694114_1_SC50MB_20230815_140018_HH_HV_GRD/rcm2-sc50mb-owi-cm-20230815t140018-20230815t140119-00003-xxxxx.nc
ep072023,IRWIN,rcm2-sc50ma-owi-cm-20230814t135230-20230814t135347-00003-______ll_gd_GEO-IRWIN.nc,15.5983657836914,242.008880615234,"2023-08-14T13:52:30,000",/scale/user/mtannaou/alternance/donnees_sar_changes/rcm2-sc50ma-owi-cm-20230814t135230-20230814t135347-00003-xxxxx_aeqd.nc,rcm2-sc50ma-owi-cm-20230814t135230-20230814t135347-00003-xxxxx.nc,/home/datawork-cersat-public/cache/public/ftp/project/sarwing/processings/grdwind+windir_2025v6v12_2v0_0v3v9_0v0v6_0v0v6_1v4v3_1v0v15_1v0v10_1v2v5_1v2v2_1v1v1_1v2v1/cmod5n_ecmwf_norecal_rs2rcmgmfv4_28052025/rcm-2/L2M/sc50ma/rcm-2_sc50ma/2023/226/RCM2_OK2690144_PK2692607_1_SC50MA_20230814_135230_HH_HV_GRD/rcm2-sc50ma-owi-cm-20230814t135230-20230814t135347-00003-xxxxx.nc
al112023,IRWIN,rcm3-sc50ma-owi-cm-20230831t212749-20230831t212907-00003-______ll_gd_GEO-IRWIN.nc,30.7180423736572,307.638488769531,"2023-08-31T21:27:49,000",/scale/user/mtannaou/alternance/donnees_sar_changes/rcm3-sc50ma-owi-cm-20230831t212749-20230831t212907-00003-xxxxx_aeqd.nc,rcm3-sc50ma-owi-cm-20230831t212749-20230831t212907-00003-xxxxx.nc,/home/datawork-cersat-public/cache/public/ftp/project/sarwing/processings/grdwind+windir_2025v6v12_2v0_0v3v9_0v0v6_0v0v6_1v4v3_1v0v15_1v0v10_1v2v5_1v2v2_1v1v1_1v2v1/cmod5n_ecmwf_norecal_rs2rcmgmfv4_28052025/rcm-3/L2M/sc50ma/rcm-3_sc50ma/2023/243/RCM3_OK2714631_PK2717944_1_SC50MA_20230831_212751_HH_HV_GRD/rcm3-sc50ma-owi-cm-20230831t212749-20230831t212907-00003-xxxxx.nc
al112023,IRWIN,rcm1-sc50ma-owi-cm-20230901t210543-20230901t210556-00003-______ll_gd_GEO-IRWIN.nc,37.9427642822266,310.557159423828,"2023-09-01T21:05:43,000",/scale/user/mtannaou/alternance/donnees_sar_changes/rcm1-sc50ma-owi-cm-20230901t210543-20230901t210556-00003-xxxxx_aeqd.nc,rcm1-sc50ma-owi-cm-20230901t210543-20230901t210556-00003-xxxxx.nc,/home/datawork-cersat-public/cache/public/ftp/project/sarwing/processings/grdwind+windir_2025v6v12_2v0_0v3v9_0v0v6_0v0v6_1v4v3_1v0v15_1v0v10_1v2v5_1v2v2_1v1v1_1v2v1/cmod5n_ecmwf_norecal_rs2rcmgmfv4_28052025/rcm-1/L2M/sc50ma/rcm-1_sc50ma/2023/244/RCM1_OK2429440_PK2719429_1_SC50MA_20230901_210543_HH_HV_GRD/rcm1-sc50ma-owi-cm-20230901t210543-20230901t210556-00003-xxxxx.nc
al112023,IRWIN,rcm3-sc50mc-owi-cm-20230901t213724-20230901t213841-00003-______ll_gd_GEO-IRWIN.nc,38.1592674255371,310.699127197266,"2023-09-01T21:37:24,000",/scale/user/mtannaou/alternance/donnees_sar_changes/rcm3-sc50mc-owi-cm-20230901t213724-20230901t213841-00003-xxxxx_aeqd.nc,rcm3-sc50mc-owi-cm-20230901t213724-20230901t213841-00003-xxxxx.nc,/home/datawork-cersat-public/cache/public/ftp/project/sarwing/processings/grdwind+windir_2025v6v12_2v0_0v3v9_0v0v6_0v0v6_1v4v3_1v0v15_1v0v10_1v2v5_1v2v2_1v1v1_1v2v1/cmod5n_ecmwf_norecal_rs2rcmgmfv4_28052025/rcm-3/L2M/sc50mc/rcm-3_sc50mc/2023/244/RCM3_OK2716227_PK2719487_1_SC50MC_20230901_213542_HH_HV_GRD/rcm3-sc50mc-owi-cm-20230901t213724-20230901t213841-00003-xxxxx.nc
ep032024,IRWIN,rcm1-sc50mc-owi-cm-20240801t013237-20240801t013354-00003-______ll_gd_GEO-IRWIN.nc,16.3659839630127,251.66015625,"2024-08-01T01:32:37,000",/scale/user/mtannaou/alternance/donnees_sar_changes/rcm1-sc50mc-owi-cm-20240801t013237-20240801t013354-00003-xxxxx_aeqd.nc,rcm1-sc50mc-owi-cm-20240801t013237-20240801t013354-00003-xxxxx.nc,/home/datawork-cersat-public/cache/public/ftp/project/sarwing/processings/grdwind+windir_2025v6v12_2v0_0v3v9_0v0v6_0v0v6_1v4v3_1v0v15_1v0v10_1v2v5_1v2v2_1v1v1_1v2v1/cmod5n_ecmwf_norecal_rs2rcmgmfv4_28052025/rcm-1/L2M/sc50mc/rcm-1_sc50mc/2024/214/RCM1_OK3185600_PK3187687_1_SC50MC_20240801_013026_HH_HV_GRD/rcm1-sc50mc-owi-cm-20240801t013237-20240801t013354-00003-xxxxx.nc
ep032024,IRWIN,rcm1-sc50ma-owi-cm-20240803t014918-20240803t015035-00003-______ll_gd_GEO-IRWIN.nc,18.6977100372315,242.818069458008,"2024-08-03T01:49:18,000",/scale/user/mtannaou/alternance/donnees_sar_changes/rcm1-sc50ma-owi-cm-20240803t014918-20240803t015035-00003-xxxxx_aeqd.nc,rcm1-sc50ma-owi-cm-20240803t014918-20240803t015035-00003-xxxxx.nc,/home/datawork-cersat-public/cache/public/ftp/project/sarwing/processings/grdwind+windir_2025v6v12_2v0_0v3v9_0v0v6_0v0v6_1v4v3_1v0v15_1v0v10_1v2v5_1v2v2_1v1v1_1v2v1/cmod5n_ecmwf_norecal_rs2rcmgmfv4_28052025/rcm-1/L2M/sc50ma/rcm-1_sc50ma/2024/216/RCM1_OK3188152_PK3191437_1_SC50MA_20240803_014853_HH_HV_GRD/rcm1-sc50ma-owi-cm-20240803t014918-20240803t015035-00003-xxxxx.nc
ep032024,IRWIN,rcm3-sc50mc-owi-cm-20240805t023823-20240805t023942-00003-______ll_gd_GEO-IRWIN.nc,19.9205837249756,234.495849609375,"2024-08-05T02:38:23,000",/scale/user/mtannaou/alternance/donnees_sar_changes/rcm3-sc50mc-owi-cm-20240805t023823-20240805t023942-00003-xxxxx_aeqd.nc,rcm3-sc50mc-owi-cm-20240805t023823-20240805t023942-00003-xxxxx.nc,/home/datawork-cersat-public/cache/public/ftp/project/sarwing/processings/grdwind+windir_2025v6v12_2v0_0v3v9_0v0v6_0v0v6_1v4v3_1v0v15_1v0v10_1v2v5_1v2v2_1v1v1_1v2v1/cmod5n_ecmwf_norecal_rs2rcmgmfv4_28052025/rcm-3/L2M/sc50mc/rcm-3_sc50mc/2024/218/RCM3_OK3189861_PK3194699_1_SC50MC_20240805_023825_HH_HV_GRD/rcm3-sc50mc-owi-cm-20240805t023823-20240805t023942-00003-xxxxx.nc
ep032024,IRWIN,rcm1-sc50mc-owi-cm-20240802t014048-20240802t014205-00003-______ll_gd_GEO-IRWIN.nc,17.7843284606934,247.646789550781,"2024-08-02T01:40:48,000",/scale/user/mtannaou/alternance/donnees_sar_changes/rcm1-sc50mc-owi-cm-20240802t014048-20240802t014205-00003-xxxxx_aeqd.nc,rcm1-sc50mc-owi-cm-20240802t014048-20240802t014205-00003-xxxxx.nc,/home/datawork-cersat-public/cache/public/ftp/project/sarwing/processings/grdwind+windir_2025v6v12_2v0_0v3v9_0v0v6_0v0v6_1v4v3_1v0v15_1v0v10_1v2v5_1v2v2_1v1v1_1v2v1/cmod5n_ecmwf_norecal_rs2rcmgmfv4_28052025/rcm-1/L2M/sc50mc/rcm-1_sc50mc/2024/215/RCM1_OK3186844_PK3189155_1_SC50MC_20240802_013814_HH_HV_GRD/rcm1-sc50mc-owi-cm-20240802t014048-20240802t014205-00003-xxxxx.nc
ep032024,IRWIN,rcm1-sc50ma-owi-cm-20240802t133412-20240802t133912-00003-______ll_gd_GEO-IRWIN.nc,18.2869987487793,245.477172851563,"2024-08-02T13:34:12,000",/scale/user/mtannaou/alternance/donnees_sar_changes/rcm1-sc50ma-owi-cm-20240802t133412-20240802t133912-00003-xxxxx_aeqd.nc,rcm1-sc50ma-owi-cm-20240802t133412-20240802t133912-00003-xxxxx.nc,/home/datawork-cersat-public/cache/public/ftp/project/sarwing/processings/grdwind+windir_2025v6v12_2v0_0v3v9_0v0v6_0v0v6_1v4v3_1v0v15_1v0v10_1v2v5_1v2v2_1v1v1_1v2v1/cmod5n_ecmwf_norecal_rs2rcmgmfv4_28052025/rcm-1/L2M/sc50ma/rcm-1_sc50ma/2024/215/RCM1_OK3188145_PK3194215_1_SC50MA_20240802_133426_HH_HV_GRD/rcm1-sc50ma-owi-cm-20240802t133412-20240802t133912-00003-xxxxx.nc
ep032024,IRWIN,rcm1-sc50mc-owi-cm-20240803t134350-20240803t134508-00003-______ll_gd_GEO-IRWIN.nc,18.7972564697266,240.543899536133,"2024-08-03T13:43:50,000",/scale/user/mtannaou/alternance/donnees_sar_changes/rcm1-sc50mc-owi-cm-20240803t134350-20240803t134508-00003-xxxxx_aeqd.nc,rcm1-sc50mc-owi-cm-20240803t134350-20240803t134508-00003-xxxxx.nc,/home/datawork-cersat-public/cache/public/ftp/project/sarwing/processings/grdwind+windir_2025v6v12_2v0_0v3v9_0v0v6_0v0v6_1v4v3_1v0v15_1v0v10_1v2v5_1v2v2_1v1v1_1v2v1/cmod5n_ecmwf_norecal_rs2rcmgmfv4_28052025/rcm-1/L2M/sc50mc/rcm-1_sc50mc/2024/216/RCM1_OK3188560_PK3192271_1_SC50MC_20240803_134341_HH_HV_GRD/rcm1-sc50mc-owi-cm-20240803t134350-20240803t134508-00003-xxxxx.nc
al072022,IRWIN,rs2-scwa-owi-cm-20220920t104420-20220920t104536-00003-______ll_gd_GEO-IRWIN.nc,21.1400604248047,289.088256835938,"2022-09-20T10:44:20,000",/scale/user/mtannaou/alternance/donnees_sar_changes/rs2-scwa-owi-cm-20220920t104420-20220920t104536-00003-xxxxx_aeqd.nc,rs2-scwa-owi-cm-20220920t104420-20220920t104536-00003-xxxxx.nc,/home/datawork-cersat-public/cache/public/ftp/project/sarwing/processings/grdwind+windir_2025v6v12_2v0_0v3v9_0v0v6_0v0v6_1v4v3_1v0v15_1v0v10_1v2v5_1v2v2_1v1v1_1v2v1/cmod5n_ecmwf_norecal_rs2rcmgmfv4_28052025/RS2/L2M/SCWA/RS2_SCWA/2022/263/RS2_OK141303_PK1242232_DK1208142_SCWA_20220920_104420_104420_VV_VH_SGF/rs2-scwa-owi-cm-20220920t104420-20220920t104536-00003-xxxxx.nc
al072022,IRWIN,rcm1-sc50ma-owi-cm-20220923t214557-20220923t214656-00003-______ll_gd_GEO-IRWIN.nc,39.2570114135742,298.920501708984,"2022-09-23T21:45:57,000",,rcm1-sc50ma-owi-cm-20220923t214715-20220923t214814-00003-xxxxx.nc,/home/datawork-cersat-public/cache/public/ftp/project/sarwing/processings/grdwind+windir_2025v6v12_2v0_0v3v9_0v0v6_0v0v6_1v4v3_1v0v15_1v0v10_1v2v5_1v2v2_1v1v1_1v2v1/cmod5n_ecmwf_norecal_rs2rcmgmfv4_28052025/rcm-1/L2M/sc50ma/rcm-1_sc50ma/2022/266/RCM1_OK2000496_PK2269812_1_SC50MA_20220923_214717_VV_VH_GRD/rcm1-sc50ma-owi-cm-20220923t214715-20220923t214814-00003-xxxxx.nc
al072022,IRWIN,s1a-iw-owi-cm-20220924t101500-20220924t101604-000003-05653E_ll_gd_GEO-IRWIN.nc,45.5317840576172,298.800323486328,"2022-09-24T10:15:00,000",,s1a-iw-owi-cm-20220924t101410-20220924t101604-000003-05653E.nc,/home/datawork-cersat-public/cache/public/ftp/project/sarwing/processings/grdwind+windir_2025v6v12_2v0_0v3v9_0v0v6_0v0v6_1v4v3_1v0v15_1v0v10_1v2v5_1v2v2_1v1v1_1v2v1/cmod5n_ecmwf_norecal_rs2rcmgmfv4_28052025/sentinel-1a/L2M/IW/S1A_IW_GRDH_1S/2022/267/S1A_IW_GRDH_1SDH_20220924T101410_20220924T101604_045145_05653E_2435X6770X9A47X9DF4XCDAC/s1a-iw-owi-cm-20220924t101410-20220924t101604-000003-05653E.nc
al072022,IRWIN,rcm2-sc50mb-owi-cm-20220922t223853-20220922t224117-00003-______ll_gd_GEO-IRWIN.nc,30.1397552490234,290.402435302734,"2022-09-22T22:38:53,000",,rcm2-sc50mb-owi-cm-20220922t223853-20220922t224117-00003-xxxxx.nc,/home/datawork-cersat-public/cache/public/ftp/project/sarwing/processings/grdwind+windir_2025v6v12_2v0_0v3v9_0v0v6_0v0v6_1v4v3_1v0v15_1v0v10_1v2v5_1v2v2_1v1v1_1v2v1/cmod5n_ecmwf_norecal_rs2rcmgmfv4_28052025/rcm-2/L2M/sc50mb/rcm-2_sc50mb/2022/265/RCM2_OK2378142_PK2381306_1_SC50MB_20220922_223908_HH_HV_GRD/rcm2-sc50mb-owi-cm-20220922t223853-20220922t224117-00003-xxxxx.nc
al072022,IRWIN,rcm1-sc50ma-owi-cm-20220923t214715-20220923t214814-00003-______ll_gd_GEO-IRWIN.nc,39.2570114135742,298.920501708984,"2022-09-23T21:47:15,000",/scale/user/mtannaou/alternance/donnees_sar_changes/rcm1-sc50ma-owi-cm-20220923t214715-20220923t214814-00003-xxxxx_aeqd.nc,rcm1-sc50ma-owi-cm-20220923t214715-20220923t214814-00003-xxxxx.nc,/home/datawork-cersat-public/cache/public/ftp/project/sarwing/processings/grdwind+windir_2025v6v12_2v0_0v3v9_0v0v6_0v0v6_1v4v3_1v0v15_1v0v10_1v2v5_1v2v2_1v1v1_1v2v1/cmod5n_ecmwf_norecal_rs2rcmgmfv4_28052025/rcm-1/L2M/sc50ma/rcm-1_sc50ma/2022/266/RCM1_OK2000496_PK2269812_1_SC50MA_20220923_214717_VV_VH_GRD/rcm1-sc50ma-owi-cm-20220923t214715-20220923t214814-00003-xxxxx.nc
al072022,IRWIN,rs2-scwa-owi-cm-20220923t220719-20220923t220943-00003-______ll_gd_GEO-IRWIN.nc,39.5167007446289,298.996246337891,"2022-09-23T22:07:19,000",/scale/user/mtannaou/alternance/donnees_sar_changes/rs2-scwa-owi-cm-20220923t220719-20220923t220943-00003-xxxxx_aeqd.nc,rs2-scwa-owi-cm-20220923t220719-20220923t220943-00003-xxxxx.nc,/home/datawork-cersat-public/cache/public/ftp/project/sarwing/processings/grdwind+windir_2025v6v12_2v0_0v3v9_0v0v6_0v0v6_1v4v3_1v0v15_1v0v10_1v2v5_1v2v2_1v1v1_1v2v1/cmod5n_ecmwf_norecal_rs2rcmgmfv4_28052025/RS2/L2M/SCWA/RS2_SCWA/2022/266/RS2_OK141303_PK1242235X236_DK1208145X146_SCWA_20220923_220719_220826_VV_VH_SGF/rs2-scwa-owi-cm-20220923t220719-20220923t220943-00003-xxxxx.nc
al072022,IRWIN,s1a-iw-owi-cm-20220916t221920-20220916t222035-000003-056188_ll_gd_GEO-IRWIN.nc,16.385534286499,299.166351318359,"2022-09-16T22:19:20,000",,s1a-iw-owi-cm-20220916t221801-20220916t222100-000003-056188.nc,/home/datawork-cersat-public/cache/public/ftp/project/sarwing/processings/grdwind+windir_2025v6v12_2v0_0v3v9_0v0v6_0v0v6_1v4v3_1v0v15_1v0v10_1v2v5_1v2v2_1v1v1_1v2v1/cmod5n_ecmwf_norecal_rs2rcmgmfv4_28052025/sentinel-1a/L2M/IW/S1A_IW_GRDH_1S/2022/259/S1A_IW_GRDH_1SDV_20220916T221801_20220916T222100_045036_056188_2D3CX5FC9X6254X6FFFX755EXF9E1XFE1F/s1a-iw-owi-cm-20220916t221801-20220916t222100-000003-056188.nc
al072022,IRWIN,rs2-scwa-owi-cm-20220922t223442-20220922t223705-00003-______ll_gd_GEO-IRWIN.nc,30.1019821166992,290.375213623047,"2022-09-22T22:34:42,000",/scale/user/mtannaou/alternance/donnees_sar_changes/rs2-scwa-owi-cm-20220922t223442-20220922t223705-00003-xxxxx_aeqd.nc,rs2-scwa-owi-cm-20220922t223442-20220922t223705-00003-xxxxx.nc,/home/datawork-cersat-public/cache/public/ftp/project/sarwing/processings/grdwind+windir_2025v6v12_2v0_0v3v9_0v0v6_0v0v6_1v4v3_1v0v15_1v0v10_1v2v5_1v2v2_1v1v1_1v2v1/cmod5n_ecmwf_norecal_rs2rcmgmfv4_28052025/RS2/L2M/SCWA/RS2_SCWA/2022/265/RS2_OK141303_PK1242233X234_DK1208143X144_SCWA_20220922_223442_223549_VV_VH_SGF/rs2-scwa-owi-cm-20220922t223442-20220922t223705-00003-xxxxx.nc
al072022,IRWIN,s1a-iw-owi-cm-20220919t224452-20220919t224657-000003-056306_ll_gd_GEO-IRWIN.nc,19.8402709960938,290.228424072266,"2022-09-19T22:44:52,000",,s1a-iw-owi-cm-20220919t224337-20220919t224657-000003-056306.nc,/home/datawork-cersat-public/cache/public/ftp/project/sarwing/processings/grdwind+windir_2025v6v12_2v0_0v3v9_0v0v6_0v0v6_1v4v3_1v0v15_1v0v10_1v2v5_1v2v2_1v1v1_1v2v1/cmod5n_ecmwf_norecal_rs2rcmgmfv4_28052025/sentinel-1a/L2M/IW/S1A_IW_GRDH_1S/2022/262/S1A_IW_GRDH_1SDV_20220919T224337_20220919T224657_045080_056306_11CEX3281XACFFXC5C3XCD44XD683XEEA5XFB4A/s1a-iw-owi-cm-20220919t224337-20220919t224657-000003-056306.nc
sh162023,IRWIN,rcm2-sclnc-owi-cm-20230306t055320-20230306t055504-00003-______ll_gd_GEO-IRWIN.nc,-30.1313018798828,191.843658447266,"2023-03-06T05:53:20,000",/scale/user/mtannaou/alternance/donnees_sar_changes/rcm2-sclnc-owi-cm-20230306t055320-20230306t055504-00003-xxxxx_aeqd.nc,rcm2-sclnc-owi-cm-20230306t055320-20230306t055504-00003-xxxxx.nc,/home/datawork-cersat-public/cache/public/ftp/project/sarwing/processings/grdwind+windir_2025v6v12_2v0_0v3v9_0v0v6_0v0v6_1v4v3_1v0v15_1v0v10_1v2v5_1v2v2_1v1v1_1v2v1/cmod5n_ecmwf_norecal_rs2rcmgmfv4_28052025/rcm-2/L2M/sclnc/rcm-2_sclnc/2023/065/RCM2_OK2466905_PK2468189_1_SCLNC_20230306_055334_VV_VH_GRD/rcm2-sclnc-owi-cm-20230306t055320-20230306t055504-00003-xxxxx.nc
sh162023,IRWIN,s1a-iw-owi-cm-20230303t072159-20230303t072256-000003-05B333_ll_gd_GEO-IRWIN.nc,-17.629581451416,167.502883911133,"2023-03-03T07:21:59,000",/scale/user/mtannaou/alternance/donnees_sar_changes/s1a-iw-owi-cm-20230303t072159-20230303t072256-000003-05B333_aeqd.nc,s1a-iw-owi-cm-20230303t072159-20230303t072256-000003-05B333.nc,/home/datawork-cersat-public/cache/public/ftp/project/sarwing/processings/grdwind+windir_2025v6v12_2v0_0v3v9_0v0v6_0v0v6_1v4v3_1v0v15_1v0v10_1v2v5_1v2v2_1v1v1_1v2v1/cmod5n_ecmwf_norecal_rs2rcmgmfv4_28052025/sentinel-1a/L2M/IW/S1A_IW_GRDH_1S/2023/062/S1A_IW_GRDH_1SDV_20230303T072159_20230303T072256_047476_05B333_0CF5XB043/s1a-iw-owi-cm-20230303t072159-20230303t072256-000003-05B333.nc
sh162023,IRWIN,rcm1-sclna-owi-cm-20230303t181918-20230303t182032-00003-______ll_gd_GEO-IRWIN.nc,-19.4126586914063,169.651229858398,"2023-03-03T18:19:18,000",/scale/user/mtannaou/alternance/donnees_sar_changes/rcm1-sclna-owi-cm-20230303t181918-20230303t182032-00003-xxxxx_aeqd.nc,rcm1-sclna-owi-cm-20230303t181918-20230303t182032-00003-xxxxx.nc,/home/datawork-cersat-public/cache/public/ftp/project/sarwing/processings/grdwind+windir_2025v6v12_2v0_0v3v9_0v0v6_0v0v6_1v4v3_1v0v15_1v0v10_1v2v5_1v2v2_1v1v1_1v2v1/cmod5n_ecmwf_norecal_rs2rcmgmfv4_28052025/rcm-1/L2M/sclna/rcm-1_sclna/2023/062/RCM1_OK2463134_PK2465888_1_SCLNA_20230303_181919_VV_VH_GRD/rcm1-sclna-owi-cm-20230303t181918-20230303t182032-00003-xxxxx.nc
sh162023,IRWIN,rcm1-sclna-owi-cm-20230305t170112-20230305t170229-00003-______ll_gd_GEO-IRWIN.nc,-28.6350326538086,186.943420410156,"2023-03-05T17:01:12,000",/scale/user/mtannaou/alternance/donnees_sar_changes/rcm1-sclna-owi-cm-20230305t170112-20230305t170229-00003-xxxxx_aeqd.nc,rcm1-sclna-owi-cm-20230305t170112-20230305t170229-00003-xxxxx.nc,/home/datawork-cersat-public/cache/public/ftp/project/sarwing/processings/grdwind+windir_2025v6v12_2v0_0v3v9_0v0v6_0v0v6_1v4v3_1v0v15_1v0v10_1v2v5_1v2v2_1v1v1_1v2v1/cmod5n_ecmwf_norecal_rs2rcmgmfv4_28052025/rcm-1/L2M/sclna/rcm-1_sclna/2023/064/RCM1_OK2465493_PK2467526_1_SCLNA_20230305_170113_VV_VH_GRD/rcm1-sclna-owi-cm-20230305t170112-20230305t170229-00003-xxxxx.nc
ep102024,IRWIN,rcm1-sclna-owi-cm-20240925t124746-20240925t124900-00003-______ll_gd_GEO-IRWIN.nc,16.4288654327393,258.531646728516,"2024-09-25T12:47:46,000",/scale/user/mtannaou/alternance/donnees_sar_changes/rcm1-sclna-owi-cm-20240925t124746-20240925t124900-00003-xxxxx_aeqd.nc,rcm1-sclna-owi-cm-20240925t124746-20240925t124900-00003-xxxxx.nc,/home/datawork-cersat-public/cache/public/ftp/project/sarwing/processings/grdwind+windir_2025v6v12_2v0_0v3v9_0v0v6_0v0v6_1v4v3_1v0v15_1v0v10_1v2v5_1v2v2_1v1v1_1v2v1/cmod5n_ecmwf_norecal_rs2rcmgmfv4_28052025/rcm-1/L2M/sclna/rcm-1_sclna/2024/269/RCM1_OK3282269_PK3284173_1_SCLNA_20240925_124746_VV_VH_GRD/rcm1-sclna-owi-cm-20240925t124746-20240925t124900-00003-xxxxx.nc
ep102024,IRWIN,rcm1-sclnd-owi-cm-20240926t010030-20240926t010148-00003-______ll_gd_GEO-IRWIN.nc,16.8820171356201,258.049530029297,"2024-09-26T01:00:30,000",/scale/user/mtannaou/alternance/donnees_sar_changes/rcm1-sclnd-owi-cm-20240926t010030-20240926t010148-00003-xxxxx_aeqd.nc,rcm1-sclnd-owi-cm-20240926t010030-20240926t010148-00003-xxxxx.nc,/home/datawork-cersat-public/cache/public/ftp/project/sarwing/processings/grdwind+windir_2025v6v12_2v0_0v3v9_0v0v6_0v0v6_1v4v3_1v0v15_1v0v10_1v2v5_1v2v2_1v1v1_1v2v1/cmod5n_ecmwf_norecal_rs2rcmgmfv4_28052025/rcm-1/L2M/sclnd/rcm-1_sclnd/2024/270/RCM1_OK3282280_PK3285047_1_SCLND_20240926_010031_VV_VH_GRD/rcm1-sclnd-owi-cm-20240926t010030-20240926t010148-00003-xxxxx.nc
ep102024,IRWIN,s1a-iw-owi-cm-20240924t004704-20240924t004913-000003-06D162_ll_gd_GEO-IRWIN.nc,15.7074594497681,261.463470458984,"2024-09-24T00:47:04,000",/scale/user/mtannaou/alternance/donnees_sar_changes/s1a-iw-owi-cm-20240924t004704-20240924t004913-000003-06D162_aeqd.nc,s1a-iw-owi-cm-20240924t004704-20240924t004913-000003-06D162.nc,/home/datawork-cersat-public/cache/public/ftp/project/sarwing/processings/grdwind+windir_2025v6v12_2v0_0v3v9_0v0v6_0v0v6_1v4v3_1v0v15_1v0v10_1v2v5_1v2v2_1v1v1_1v2v1/cmod5n_ecmwf_norecal_rs2rcmgmfv4_28052025/sentinel-1a/L2M/IW/S1A_IW_GRDH_1S/2024/268/S1A_IW_GRDH_1SDV_20240924T004704_20240924T004913_055800_06D162_02BBX8A0DX91A0XBDBAXC658/s1a-iw-owi-cm-20240924t004704-20240924t004913-000003-06D162.nc
ep102024,IRWIN,s1a-iw-owi-cm-20240926t124242-20240926t124407-000003-06D2D5_ll_gd_GEO-IRWIN.nc,17.0713348388672,257.537506103516,"2024-09-26T12:42:42,000",/scale/user/mtannaou/alternance/donnees_sar_changes/s1a-iw-owi-cm-20240926t124242-20240926t124407-000003-06D2D5_aeqd.nc,s1a-iw-owi-cm-20240926t124242-20240926t124407-000003-06D2D5.nc,/home/datawork-cersat-public/cache/public/ftp/project/sarwing/processings/grdwind+windir_2025v6v12_2v0_0v3v9_0v0v6_0v0v6_1v4v3_1v0v15_1v0v10_1v2v5_1v2v2_1v1v1_1v2v1/cmod5n_ecmwf_norecal_rs2rcmgmfv4_28052025/sentinel-1a/L2M/IW/S1A_IW_GRDH_1S/2024/270/S1A_IW_GRDH_1SDV_20240926T124242_20240926T124407_055836_06D2D5_5ACAXD1F6XFA12/s1a-iw-owi-cm-20240926t124242-20240926t124407-000003-06D2D5.nc
ep102024,IRWIN,rcm1-sclnd-owi-cm-20240927t010822-20240927t010939-00003-______ll_gd_GEO-IRWIN.nc,17.4688415527344,257.116149902344,"2024-09-27T01:08:22,000",/scale/user/mtannaou/alternance/donnees_sar_changes/rcm1-sclnd-owi-cm-20240927t010822-20240927t010939-00003-xxxxx_aeqd.nc,rcm1-sclnd-owi-cm-20240927t010822-20240927t010939-00003-xxxxx.nc,/home/datawork-cersat-public/cache/public/ftp/project/sarwing/processings/grdwind+windir_2025v6v12_2v0_0v3v9_0v0v6_0v0v6_1v4v3_1v0v15_1v0v10_1v2v5_1v2v2_1v1v1_1v2v1/cmod5n_ecmwf_norecal_rs2rcmgmfv4_28052025/rcm-1/L2M/sclnd/rcm-1_sclnd/2024/271/RCM1_OK3283890_PK3286956_1_SCLND_20240927_010822_VV_VH_GRD/rcm1-sclnd-owi-cm-20240927t010822-20240927t010939-00003-xxxxx.nc
ep062022,IRWIN,rs2-scwa-owi-cm-20220720t014938-20220720t015054-00003-______ll_gd_GEO-IRWIN.nc,19.8923606872559,242.616989135742,"2022-07-20T01:49:38,000",/scale/user/mtannaou/alternance/donnees_sar_changes/rs2-scwa-owi-cm-20220720t014938-20220720t015054-00003-xxxxx_aeqd.nc,rs2-scwa-owi-cm-20220720t014938-20220720t015054-00003-xxxxx.nc,/home/datawork-cersat-public/cache/public/ftp/project/sarwing/processings/grdwind+windir_2025v6v12_2v0_0v3v9_0v0v6_0v0v6_1v4v3_1v0v15_1v0v10_1v2v5_1v2v2_1v1v1_1v2v1/cmod5n_ecmwf_norecal_rs2rcmgmfv4_28052025/RS2/L2M/SCWA/RS2_SCWA/2022/201/RS2_OK141302_PK1242217_DK1208531_SCWA_20220720_014938_014938_VV_VH_SGF/rs2-scwa-owi-cm-20220720t014938-20220720t015054-00003-xxxxx.nc
io082023,IRWIN,rcm1-sclna-owi-cm-20231205t003607-20231205t003723-00003-______ll_gd_GEO-IRWIN.nc,14.6468677520752,80.1020278930664,"2023-12-05T00:36:07,000",/scale/user/mtannaou/alternance/donnees_sar_changes/rcm1-sclna-owi-cm-20231205t003607-20231205t003723-00003-xxxxx_aeqd.nc,rcm1-sclna-owi-cm-20231205t003607-20231205t003723-00003-xxxxx.nc,/home/datawork-cersat-public/cache/public/ftp/project/sarwing/processings/grdwind+windir_2025v6v12_2v0_0v3v9_0v0v6_0v0v6_1v4v3_1v0v15_1v0v10_1v2v5_1v2v2_1v1v1_1v2v1/cmod5n_ecmwf_norecal_rs2rcmgmfv4_28052025/rcm-1/L2M/sclna/rcm-1_sclna/2023/339/RCM1_OK2854713_PK2856746_1_SCLNA_20231205_003607_VV_VH_GRD/rcm1-sclna-owi-cm-20231205t003607-20231205t003723-00003-xxxxx.nc
io082023,IRWIN,rcm1-sclnd-owi-cm-20231205t124809-20231205t124926-00003-______ll_gd_GEO-IRWIN.nc,15.8958034515381,80.0778656005859,"2023-12-05T12:48:09,000",/scale/user/mtannaou/alternance/donnees_sar_changes/rcm1-sclnd-owi-cm-20231205t124809-20231205t124926-00003-xxxxx_aeqd.nc,rcm1-sclnd-owi-cm-20231205t124809-20231205t124926-00003-xxxxx.nc,/home/datawork-cersat-public/cache/public/ftp/project/sarwing/processings/grdwind+windir_2025v6v12_2v0_0v3v9_0v0v6_0v0v6_1v4v3_1v0v15_1v0v10_1v2v5_1v2v2_1v1v1_1v2v1/cmod5n_ecmwf_norecal_rs2rcmgmfv4_28052025/rcm-1/L2M/sclnd/rcm-1_sclnd/2023/339/RCM1_OK2855621_PK2857517_1_SCLND_20231205_124810_VV_VH_GRD/rcm1-sclnd-owi-cm-20231205t124809-20231205t124926-00003-xxxxx.nc
io082023,IRWIN,rcm1-sclna-owi-cm-20231204t123942-20231204t124056-00003-______ll_gd_GEO-IRWIN.nc,13.8126039505005,80.6940689086914,"2023-12-04T12:39:42,000",/scale/user/mtannaou/alternance/donnees_sar_changes/rcm1-sclna-owi-cm-20231204t123942-20231204t124056-00003-xxxxx_aeqd.nc,rcm1-sclna-owi-cm-20231204t123942-20231204t124056-00003-xxxxx.nc,/home/datawork-cersat-public/cache/public/ftp/project/sarwing/processings/grdwind+windir_2025v6v12_2v0_0v3v9_0v0v6_0v0v6_1v4v3_1v0v15_1v0v10_1v2v5_1v2v2_1v1v1_1v2v1/cmod5n_ecmwf_norecal_rs2rcmgmfv4_28052025/rcm-1/L2M/sclna/rcm-1_sclna/2023/338/RCM1_OK2854706_PK2855974_1_SCLNA_20231204_123943_VV_VH_GRD/rcm1-sclna-owi-cm-20231204t123942-20231204t124056-00003-xxxxx.nc
ep172021,IRWIN,s1b-iw-owi-cm-20211025t123346-20211025t123453-000003-037EE8_ll_gd_GEO-IRWIN.nc,17.8245525360107,258.032745361328,"2021-10-25T12:33:46,000",/scale/user/mtannaou/alternance/donnees_sar_changes/s1b-iw-owi-cm-20211025t123346-20211025t123453-000003-037EE8_aeqd.nc,s1b-iw-owi-cm-20211025t123346-20211025t123453-000003-037EE8.nc,/home/datawork-cersat-public/cache/public/ftp/project/sarwing/processings/grdwind+windir_2025v6v12_2v0_0v3v9_0v0v6_0v0v6_1v4v3_1v0v15_1v0v10_1v2v5_1v2v2_1v1v1_1v2v1/cmod5n_ecmwf_norecal_rs2rcmgmfv4_28052025/sentinel-1b/L2M/IW/S1B_IW_GRDH_1S/2021/298/S1B_IW_GRDH_1SDV_20211025T123346_20211025T123453_029292_037EE8_24F4X409AX44A3/s1b-iw-owi-cm-20211025t123346-20211025t123453-000003-037EE8.nc
ep152019,IRWIN,s1b-iw-owi-cm-20190922t013117-20190922t013211-000003-0222A9_ll_gd_GEO-IRWIN.nc,26.828067779541,248.619171142578,"2019-09-22T01:31:17,000",,s1b-iw-owi-cm-20190922t013117-20190922t013236-000003-0222A9.nc,/home/datawork-cersat-public/cache/public/ftp/project/sarwing/processings/grdwind+windir_2025v6v12_2v0_0v3v9_0v0v6_0v0v6_1v4v3_1v0v15_1v0v10_1v2v5_1v2v2_1v1v1_1v2v1/cmod5n_ecmwf_norecal_rs2rcmgmfv4_28052025/sentinel-1b/L2M/IW/S1B_IW_GRDH_1S/2019/265/S1B_IW_GRDH_1SDV_20190922T013117_20190922T013236_018144_0222A9_22DAX3485XC360/s1b-iw-owi-cm-20190922t013117-20190922t013236-000003-0222A9.nc
ep152019,IRWIN,s1b-iw-owi-cm-20190919t010420-20190919t010450-000003-022142_ll_gd_GEO-IRWIN.nc,18.2722187042236,255.863952636719,"2019-09-19T01:04:20,000",/scale/user/mtannaou/alternance/donnees_sar_changes/s1b-iw-owi-cm-20190919t010420-20190919t010450-000003-022142_aeqd.nc,s1b-iw-owi-cm-20190919t010420-20190919t010450-000003-022142.nc,/home/datawork-cersat-public/cache/public/ftp/project/sarwing/processings/grdwind+windir_2025v6v12_2v0_0v3v9_0v0v6_0v0v6_1v4v3_1v0v15_1v0v10_1v2v5_1v2v2_1v1v1_1v2v1/cmod5n_ecmwf_norecal_rs2rcmgmfv4_28052025/sentinel-1b/L2M/IW/S1B_IW_GRDH_1S/2019/262/S1B_IW_GRDH_1SDV_20190919T010420_20190919T010450_018100_022142_2613/s1b-iw-owi-cm-20190919t010420-20190919t010450-000003-022142.nc
ep152019,IRWIN,s1a-iw-owi-cm-20190920t130548-20190920t130734-000003-034DBE_ll_gd_GEO-IRWIN.nc,22.564811706543,251.265350341797,"2019-09-20T13:05:48,000",/scale/user/mtannaou/alternance/donnees_sar_changes/s1a-iw-owi-cm-20190920t130548-20190920t130734-000003-034DBE_aeqd.nc,s1a-iw-owi-cm-20190920t130548-20190920t130734-000003-034DBE.nc,/home/datawork-cersat-public/cache/public/ftp/project/sarwing/processings/grdwind+windir_2025v6v12_2v0_0v3v9_0v0v6_0v0v6_1v4v3_1v0v15_1v0v10_1v2v5_1v2v2_1v1v1_1v2v1/cmod5n_ecmwf_norecal_rs2rcmgmfv4_28052025/sentinel-1a/L2M/IW/S1A_IW_GRDH_1S/2019/263/S1A_IW_GRDH_1SDV_20190920T130548_20190920T130734_029105_034DBE_1CE5X1EDBXAE23XCF6F/s1a-iw-owi-cm-20190920t130548-20190920t130734-000003-034DBE.nc
wp142023,IRWIN,s1a-iw-owi-cm-20231007t103348-20231007t103442-000003-061A7B_ll_gd_GEO-IRWIN.nc,21.2453689575195,115.154510498047,"2023-10-07T10:33:48,000",/scale/user/mtannaou/alternance/donnees_sar_changes/s1a-iw-owi-cm-20231007t103348-20231007t103442-000003-061A7B_aeqd.nc,s1a-iw-owi-cm-20231007t103348-20231007t103442-000003-061A7B.nc,/home/datawork-cersat-public/cache/public/ftp/project/sarwing/processings/grdwind+windir_2025v6v12_2v0_0v3v9_0v0v6_0v0v6_1v4v3_1v0v15_1v0v10_1v2v5_1v2v2_1v1v1_1v2v1/cmod5n_ecmwf_norecal_rs2rcmgmfv4_28052025/sentinel-1a/L2M/IW/S1A_IW_GRDH_1S/2023/280/S1A_IW_GRDH_1SDV_20231007T103348_20231007T103442_050658_061A7B_78C3XF7AE/s1a-iw-owi-cm-20231007t103348-20231007t103442-000003-061A7B.nc
wp142023,IRWIN,rcm3-sc50mc-owi-cm-20231006t220223-20231006t220309-00003-______ll_gd_GEO-IRWIN.nc,21.1357841491699,115.563522338867,"2023-10-06T22:02:23,000",/scale/user/mtannaou/alternance/donnees_sar_changes/rcm3-sc50mc-owi-cm-20231006t220223-20231006t220309-00003-xxxxx_aeqd.nc,rcm3-sc50mc-owi-cm-20231006t220223-20231006t220309-00003-xxxxx.nc,/home/datawork-cersat-public/cache/public/ftp/project/sarwing/processings/grdwind+windir_2025v6v12_2v0_0v3v9_0v0v6_0v0v6_1v4v3_1v0v15_1v0v10_1v2v5_1v2v2_1v1v1_1v2v1/cmod5n_ecmwf_norecal_rs2rcmgmfv4_28052025/rcm-3/L2M/sc50mc/rcm-3_sc50mc/2023/279/RCM3_OK2778494_PK2778496_1_SC50MC_20231006_220222_HH_HV_GRD/rcm3-sc50mc-owi-cm-20231006t220223-20231006t220309-00003-xxxxx.nc
wp142023,IRWIN,rcm3-sc50mc-owi-cm-20231005t215441-20231005t215454-00003-______ll_gd_GEO-IRWIN.nc,21.8555698394775,118.133697509766,"2023-10-05T21:54:41,000",/scale/user/mtannaou/alternance/donnees_sar_changes/rcm3-sc50mc-owi-cm-20231005t215441-20231005t215454-00003-xxxxx_aeqd.nc,rcm3-sc50mc-owi-cm-20231005t215441-20231005t215454-00003-xxxxx.nc,/home/datawork-cersat-public/cache/public/ftp/project/sarwing/processings/grdwind+windir_2025v6v12_2v0_0v3v9_0v0v6_0v0v6_1v4v3_1v0v15_1v0v10_1v2v5_1v2v2_1v1v1_1v2v1/cmod5n_ecmwf_norecal_rs2rcmgmfv4_28052025/rcm-3/L2M/sc50mc/rcm-3_sc50mc/2023/278/RCM3_OK2777010_PK2777011_1_SC50MC_20231005_215340_HH_HV_GRD/rcm3-sc50mc-owi-cm-20231005t215441-20231005t215454-00003-xxxxx.nc
wp142023,IRWIN,rcm3-sc50ma-owi-cm-20231008t102514-20231008t102629-00003-______ll_gd_GEO-IRWIN.nc,21.6017875671387,114.184310913086,"2023-10-08T10:25:14,000",/scale/user/mtannaou/alternance/donnees_sar_changes/rcm3-sc50ma-owi-cm-20231008t102514-20231008t102629-00003-xxxxx_aeqd.nc,rcm3-sc50ma-owi-cm-20231008t102514-20231008t102629-00003-xxxxx.nc,/home/datawork-cersat-public/cache/public/ftp/project/sarwing/processings/grdwind+windir_2025v6v12_2v0_0v3v9_0v0v6_0v0v6_1v4v3_1v0v15_1v0v10_1v2v5_1v2v2_1v1v1_1v2v1/cmod5n_ecmwf_norecal_rs2rcmgmfv4_28052025/rcm-3/L2M/sc50ma/rcm-3_sc50ma/2023/281/RCM3_OK2778549_PK2780188_1_SC50MA_20231008_102516_HH_HV_GRD/rcm3-sc50ma-owi-cm-20231008t102514-20231008t102629-00003-xxxxx.nc
wp142023,IRWIN,rcm3-sc50ma-owi-cm-20231004t095318-20231004t095341-00003-______ll_gd_GEO-IRWIN.nc,22.1003284454346,122.366477966309,"2023-10-04T09:53:18,000",/scale/user/mtannaou/alternance/donnees_sar_changes/rcm3-sc50ma-owi-cm-20231004t095318-20231004t095341-00003-xxxxx_aeqd.nc,rcm3-sc50ma-owi-cm-20231004t095318-20231004t095341-00003-xxxxx.nc,/home/datawork-cersat-public/cache/public/ftp/project/sarwing/processings/grdwind+windir_2025v6v12_2v0_0v3v9_0v0v6_0v0v6_1v4v3_1v0v15_1v0v10_1v2v5_1v2v2_1v1v1_1v2v1/cmod5n_ecmwf_norecal_rs2rcmgmfv4_28052025/rcm-3/L2M/sc50ma/rcm-3_sc50ma/2023/277/RCM3_OK2772566_PK2774318_1_SC50MA_20231004_095319_HH_HV_GRD/rcm3-sc50ma-owi-cm-20231004t095318-20231004t095341-00003-xxxxx.nc
wp142023,IRWIN,rcm3-sc50mb-owi-cm-20231003t094502-20231003t094617-00003-______ll_gd_GEO-IRWIN.nc,21.3816547393799,124.845100402832,"2023-10-03T09:45:02,000",/scale/user/mtannaou/alternance/donnees_sar_changes/rcm3-sc50mb-owi-cm-20231003t094502-20231003t094617-00003-xxxxx_aeqd.nc,rcm3-sc50mb-owi-cm-20231003t094502-20231003t094617-00003-xxxxx.nc,/home/datawork-cersat-public/cache/public/ftp/project/sarwing/processings/grdwind+windir_2025v6v12_2v0_0v3v9_0v0v6_0v0v6_1v4v3_1v0v15_1v0v10_1v2v5_1v2v2_1v1v1_1v2v1/cmod5n_ecmwf_norecal_rs2rcmgmfv4_28052025/rcm-3/L2M/sc50mb/rcm-3_sc50mb/2023/276/RCM3_OK2770785_PK2772724_1_SC50MB_20231003_094504_HH_HV_GRD/rcm3-sc50mb-owi-cm-20231003t094502-20231003t094617-00003-xxxxx.nc
wp142023,IRWIN,rcm3-sc50mb-owi-cm-20231002t213003-20231002t213121-00003-______ll_gd_GEO-IRWIN.nc,20.3627014160156,125.48747253418,"2023-10-02T21:30:03,000",/scale/user/mtannaou/alternance/donnees_sar_changes/rcm3-sc50mb-owi-cm-20231002t213003-20231002t213121-00003-xxxxx_aeqd.nc,rcm3-sc50mb-owi-cm-20231002t213003-20231002t213121-00003-xxxxx.nc,/home/datawork-cersat-public/cache/public/ftp/project/sarwing/processings/grdwind+windir_2025v6v12_2v0_0v3v9_0v0v6_0v0v6_1v4v3_1v0v15_1v0v10_1v2v5_1v2v2_1v1v1_1v2v1/cmod5n_ecmwf_norecal_rs2rcmgmfv4_28052025/rcm-3/L2M/sc50mb/rcm-3_sc50mb/2023/275/RCM3_OK2769927_PK2772136_1_SC50MB_20231002_213004_HH_HV_GRD/rcm3-sc50mb-owi-cm-20231002t213003-20231002t213121-00003-xxxxx.nc
wp142023,IRWIN,rcm3-sc50ma-owi-cm-20231006t100925-20231006t100944-00003-______ll_gd_GEO-IRWIN.nc,21.6426849365234,116.586051940918,"2023-10-06T10:09:25,000",/scale/user/mtannaou/alternance/donnees_sar_changes/rcm3-sc50ma-owi-cm-20231006t100925-20231006t100944-00003-xxxxx_aeqd.nc,rcm1-sc50mc-owi-cm-20231006t101117-20231006t101235-00003-xxxxx.nc,/home/datawork-cersat-public/cache/public/ftp/project/sarwing/processings/grdwind+windir_2025v6v12_2v0_0v3v9_0v0v6_0v0v6_1v4v3_1v0v15_1v0v10_1v2v5_1v2v2_1v1v1_1v2v1/cmod5n_ecmwf_norecal_rs2rcmgmfv4_28052025/rcm-1/L2M/sc50mc/rcm-1_sc50mc/2023/279/RCM1_OK2776015_PK2777520_1_SC50MC_20231006_101026_HH_HV_GRD/rcm1-sc50mc-owi-cm-20231006t101117-20231006t101235-00003-xxxxx.nc
wp142023,IRWIN,rcm3-sc50mc-owi-cm-20231003t213837-20231003t213908-00003-______ll_gd_GEO-IRWIN.nc,22.0785465240479,124.02254486084,"2023-10-03T21:38:37,000",/scale/user/mtannaou/alternance/donnees_sar_changes/rcm3-sc50mc-owi-cm-20231003t213837-20231003t213908-00003-xxxxx_aeqd.nc,rcm3-sc50mc-owi-cm-20231003t213837-20231003t213908-00003-xxxxx.nc,/home/datawork-cersat-public/cache/public/ftp/project/sarwing/processings/grdwind+windir_2025v6v12_2v0_0v3v9_0v0v6_0v0v6_1v4v3_1v0v15_1v0v10_1v2v5_1v2v2_1v1v1_1v2v1/cmod5n_ecmwf_norecal_rs2rcmgmfv4_28052025/rcm-3/L2M/sc50mc/rcm-3_sc50mc/2023/276/RCM3_OK2770935_PK2773675_1_SC50MC_20231003_213840_HH_HV_GRD/rcm3-sc50mc-owi-cm-20231003t213837-20231003t213908-00003-xxxxx.nc
wp142023,IRWIN,rcm3-sc50mc-owi-cm-20231008t221825-20231008t221942-00003-______ll_gd_GEO-IRWIN.nc,21.7477989196777,113.503532409668,"2023-10-08T22:18:25,000",/scale/user/mtannaou/alternance/donnees_sar_changes/rcm3-sc50mc-owi-cm-20231008t221825-20231008t221942-00003-xxxxx_aeqd.nc,rcm3-sc50mc-owi-cm-20231008t221825-20231008t221942-00003-xxxxx.nc,/home/datawork-cersat-public/cache/public/ftp/project/sarwing/processings/grdwind+windir_2025v6v12_2v0_0v3v9_0v0v6_0v0v6_1v4v3_1v0v15_1v0v10_1v2v5_1v2v2_1v1v1_1v2v1/cmod5n_ecmwf_norecal_rs2rcmgmfv4_28052025/rcm-3/L2M/sc50mc/rcm-3_sc50mc/2023/281/RCM3_OK2778551_PK2781154_1_SC50MC_20231008_221825_HH_HV_GRD/rcm3-sc50mc-owi-cm-20231008t221825-20231008t221942-00003-xxxxx.nc
wp142023,IRWIN,rcm3-sc50ma-owi-cm-20231009t103317-20231009t103432-00003-______ll_gd_GEO-IRWIN.nc,21.5049705505371,112.876579284668,"2023-10-09T10:33:17,000",/scale/user/mtannaou/alternance/donnees_sar_changes/rcm3-sc50ma-owi-cm-20231009t103317-20231009t103432-00003-xxxxx_aeqd.nc,rcm3-sc50ma-owi-cm-20231009t103317-20231009t103432-00003-xxxxx.nc,/home/datawork-cersat-public/cache/public/ftp/project/sarwing/processings/grdwind+windir_2025v6v12_2v0_0v3v9_0v0v6_0v0v6_1v4v3_1v0v15_1v0v10_1v2v5_1v2v2_1v1v1_1v2v1/cmod5n_ecmwf_norecal_rs2rcmgmfv4_28052025/rcm-3/L2M/sc50ma/rcm-3_sc50ma/2023/282/RCM3_OK2779668_PK2781734_1_SC50MA_20231009_103319_HH_HV_GRD/rcm3-sc50ma-owi-cm-20231009t103317-20231009t103432-00003-xxxxx.nc
wp142023,IRWIN,rcm3-sclna-owi-cm-20231001t212211-20231001t212326-00003-______ll_gd_GEO-IRWIN.nc,18.7874736785889,127.871047973633,"2023-10-01T21:22:11,000",/scale/user/mtannaou/alternance/donnees_sar_changes/rcm3-sclna-owi-cm-20231001t212211-20231001t212326-00003-xxxxx_aeqd.nc,rcm3-sclna-owi-cm-20231001t212211-20231001t212326-00003-xxxxx.nc,/home/datawork-cersat-public/cache/public/ftp/project/sarwing/processings/grdwind+windir_2025v6v12_2v0_0v3v9_0v0v6_0v0v6_1v4v3_1v0v15_1v0v10_1v2v5_1v2v2_1v1v1_1v2v1/cmod5n_ecmwf_norecal_rs2rcmgmfv4_28052025/rcm-3/L2M/sclna/rcm-3_sclna/2023/274/RCM3_OK2768672_PK2770615_1_SCLNA_20231001_212213_VV_VH_GRD/rcm3-sclna-owi-cm-20231001t212211-20231001t212326-00003-xxxxx.nc
wp142023,IRWIN,rcm3-sc50mc-owi-cm-20231007t221032-20231007t221115-00003-______ll_gd_GEO-IRWIN.nc,21.4349365234375,114.795906066895,"2023-10-07T22:10:32,000",/scale/user/mtannaou/alternance/donnees_sar_changes/rcm3-sc50mc-owi-cm-20231007t221032-20231007t221115-00003-xxxxx_aeqd.nc,rcm3-sc50mc-owi-cm-20231007t221032-20231007t221115-00003-xxxxx.nc,/home/datawork-cersat-public/cache/public/ftp/project/sarwing/processings/grdwind+windir_2025v6v12_2v0_0v3v9_0v0v6_0v0v6_1v4v3_1v0v15_1v0v10_1v2v5_1v2v2_1v1v1_1v2v1/cmod5n_ecmwf_norecal_rs2rcmgmfv4_28052025/rcm-3/L2M/sc50mc/rcm-3_sc50mc/2023/280/RCM3_OK2776629_PK2779656_1_SC50MC_20231007_221034_HH_HV_GRD/rcm3-sc50mc-owi-cm-20231007t221032-20231007t221115-00003-xxxxx.nc
wp142023,IRWIN,rcm3-sc50mb-owi-cm-20231002t093638-20231002t093753-00003-______ll_gd_GEO-IRWIN.nc,19.7288913726807,126.51407623291,"2023-10-02T09:36:38,000",/scale/user/mtannaou/alternance/donnees_sar_changes/rcm3-sc50mb-owi-cm-20231002t093638-20231002t093753-00003-xxxxx_aeqd.nc,rcm3-sc50mb-owi-cm-20231002t093638-20231002t093753-00003-xxxxx.nc,/home/datawork-cersat-public/cache/public/ftp/project/sarwing/processings/grdwind+windir_2025v6v12_2v0_0v3v9_0v0v6_0v0v6_1v4v3_1v0v15_1v0v10_1v2v5_1v2v2_1v1v1_1v2v1/cmod5n_ecmwf_norecal_rs2rcmgmfv4_28052025/rcm-3/L2M/sc50mb/rcm-3_sc50mb/2023/275/RCM3_OK2769988_PK2771212_1_SC50MB_20231002_093640_HH_HV_GRD/rcm3-sc50mb-owi-cm-20231002t093638-20231002t093753-00003-xxxxx.nc
wp142023,IRWIN,rcm3-sc50ma-owi-cm-20231007t101730-20231007t101847-00003-______ll_gd_GEO-IRWIN.nc,21.2426261901856,115.156936645508,"2023-10-07T10:17:30,000",/scale/user/mtannaou/alternance/donnees_sar_changes/rcm3-sc50ma-owi-cm-20231007t101730-20231007t101847-00003-xxxxx_aeqd.nc,rcm3-sc50ma-owi-cm-20231007t101730-20231007t101847-00003-xxxxx.nc,/home/datawork-cersat-public/cache/public/ftp/project/sarwing/processings/grdwind+windir_2025v6v12_2v0_0v3v9_0v0v6_0v0v6_1v4v3_1v0v15_1v0v10_1v2v5_1v2v2_1v1v1_1v2v1/cmod5n_ecmwf_norecal_rs2rcmgmfv4_28052025/rcm-3/L2M/sc50ma/rcm-3_sc50ma/2023/280/RCM3_OK2776627_PK2778952_1_SC50MA_20231007_101731_HH_HV_GRD/rcm3-sc50ma-owi-cm-20231007t101730-20231007t101847-00003-xxxxx.nc
wp142023,IRWIN,rcm3-sc50mb-owi-cm-20231007t220959-20231007t221033-00003-______ll_gd_GEO-IRWIN.nc,21.4349365234375,114.795906066895,"2023-10-07T22:09:59,000",/scale/user/mtannaou/alternance/donnees_sar_changes/rcm3-sc50mb-owi-cm-20231007t220959-20231007t221033-00003-xxxxx_aeqd.nc,rcm3-sc50mc-owi-cm-20231007t221032-20231007t221115-00003-xxxxx.nc,/home/datawork-cersat-public/cache/public/ftp/project/sarwing/processings/grdwind+windir_2025v6v12_2v0_0v3v9_0v0v6_0v0v6_1v4v3_1v0v15_1v0v10_1v2v5_1v2v2_1v1v1_1v2v1/cmod5n_ecmwf_norecal_rs2rcmgmfv4_28052025/rcm-3/L2M/sc50mc/rcm-3_sc50mc/2023/280/RCM3_OK2776629_PK2779656_1_SC50MC_20231007_221034_HH_HV_GRD/rcm3-sc50mc-owi-cm-20231007t221032-20231007t221115-00003-xxxxx.nc
wp142023,IRWIN,rcm3-sclnc-owi-cm-20231001t092812-20231001t092929-00003-______ll_gd_GEO-IRWIN.nc,17.9965019226074,128.798553466797,"2023-10-01T09:28:12,000",/scale/user/mtannaou/alternance/donnees_sar_changes/rcm3-sclnc-owi-cm-20231001t092812-20231001t092929-00003-xxxxx_aeqd.nc,rcm3-sclnc-owi-cm-20231001t092812-20231001t092929-00003-xxxxx.nc,/home/datawork-cersat-public/cache/public/ftp/project/sarwing/processings/grdwind+windir_2025v6v12_2v0_0v3v9_0v0v6_0v0v6_1v4v3_1v0v15_1v0v10_1v2v5_1v2v2_1v1v1_1v2v1/cmod5n_ecmwf_norecal_rs2rcmgmfv4_28052025/rcm-3/L2M/sclnc/rcm-3_sclnc/2023/274/RCM3_OK2768659_PK2769790_1_SCLNC_20231001_092813_VV_VH_GRD/rcm3-sclnc-owi-cm-20231001t092812-20231001t092929-00003-xxxxx.nc
ep142022,IRWIN,rcm2-sc50ma-owi-cm-20220919t011743-20220919t011911-00003-______ll_gd_GEO-IRWIN.nc,19.1372165679932,252.541732788086,"2022-09-19T01:17:43,000",/scale/user/mtannaou/alternance/donnees_sar_changes/rcm2-sc50ma-owi-cm-20220919t011743-20220919t011911-00003-xxxxx_aeqd.nc,rcm2-sc50ma-owi-cm-20220919t011743-20220919t011911-00003-xxxxx.nc,/home/datawork-cersat-public/cache/public/ftp/project/sarwing/processings/grdwind+windir_2025v6v12_2v0_0v3v9_0v0v6_0v0v6_1v4v3_1v0v15_1v0v10_1v2v5_1v2v2_1v1v1_1v2v1/cmod5n_ecmwf_norecal_rs2rcmgmfv4_28052025/rcm-2/L2M/sc50ma/rcm-2_sc50ma/2022/262/RCM2_OK2378128_PK2381387_1_SC50MA_20220919_011756_HH_HV_GRD/rcm2-sc50ma-owi-cm-20220919t011743-20220919t011911-00003-xxxxx.nc
io022024,IRWIN,rcm1-sclnd-owi-cm-20240831t012257-20240831t012333-00003-______ll_gd_GEO-IRWIN.nc,23.307788848877,65.8872680664063,"2024-08-31T01:22:57,000",/scale/user/mtannaou/alternance/donnees_sar_changes/rcm1-sclnd-owi-cm-20240831t012257-20240831t012333-00003-xxxxx_aeqd.nc,rcm1-sclnd-owi-cm-20240831t012257-20240831t012333-00003-xxxxx.nc,/home/datawork-cersat-public/cache/public/ftp/project/sarwing/processings/grdwind+windir_2025v6v12_2v0_0v3v9_0v0v6_0v0v6_1v4v3_1v0v15_1v0v10_1v2v5_1v2v2_1v1v1_1v2v1/cmod5n_ecmwf_norecal_rs2rcmgmfv4_28052025/rcm-1/L2M/sclnd/rcm-1_sclnd/2024/244/RCM1_OK3232800_PK3235960_1_SCLND_20240831_012258_VV_VH_GRD/rcm1-sclnd-owi-cm-20240831t012257-20240831t012333-00003-xxxxx.nc
io022024,IRWIN,rcm1-sc50ma-owi-cm-20240831t133854-20240831t133921-00003-______ll_gd_GEO-IRWIN.nc,23.2982120513916,64.1502685546875,"2024-08-31T13:38:54,000",/scale/user/mtannaou/alternance/donnees_sar_changes/rcm1-sc50ma-owi-cm-20240831t133854-20240831t133921-00003-xxxxx_aeqd.nc,rcm1-sc50ma-owi-cm-20240831t133854-20240831t133921-00003-xxxxx.nc,/home/datawork-cersat-public/cache/public/ftp/project/sarwing/processings/grdwind+windir_2025v6v12_2v0_0v3v9_0v0v6_0v0v6_1v4v3_1v0v15_1v0v10_1v2v5_1v2v2_1v1v1_1v2v1/cmod5n_ecmwf_norecal_rs2rcmgmfv4_28052025/rcm-1/L2M/sc50ma/rcm-1_sc50ma/2024/244/RCM1_OK3234757_PK3236740_1_SC50MA_20240831_133655_HH_HV_GRD/rcm1-sc50ma-owi-cm-20240831t133854-20240831t133921-00003-xxxxx.nc
wp162020,IRWIN,s1b-iw-owi-cm-20201006t204525-20201006t204640-000003-02D075_ll_gd_GEO-IRWIN.nc,24.8391990661621,136.492553710938,"2020-10-06T20:45:25,000",,s1b-iw-owi-cm-20201006t204431-20201006t204708-000003-02D075.nc,/home/datawork-cersat-public/cache/public/ftp/project/sarwing/processings/grdwind+windir_2025v6v12_2v0_0v3v9_0v0v6_0v0v6_1v4v3_1v0v15_1v0v10_1v2v5_1v2v2_1v1v1_1v2v1/cmod5n_ecmwf_norecal_rs2rcmgmfv4_28052025/sentinel-1b/L2M/IW/S1B_IW_GRDH_1S/2020/280/S1B_IW_GRDH_1SDV_20201006T204431_20201006T204708_023697_02D075_0166X1E41X286FX3CFCX48E4XAF32/s1b-iw-owi-cm-20201006t204431-20201006t204708-000003-02D075.nc
wp162020,IRWIN,rs2-scwa-owi-cm-20201009t090404-20201009t090628-00003-______ll_gd_GEO-IRWIN.nc,30.6661796569824,133.572906494141,"2020-10-09T09:04:04,000",/scale/user/mtannaou/alternance/donnees_sar_changes/rs2-scwa-owi-cm-20201009t090404-20201009t090628-00003-xxxxx_aeqd.nc,rs2-scwa-owi-cm-20201009t090404-20201009t090628-00003-xxxxx.nc,/home/datawork-cersat-public/cache/public/ftp/project/sarwing/processings/grdwind+windir_2025v6v12_2v0_0v3v9_0v0v6_0v0v6_1v4v3_1v0v15_1v0v10_1v2v5_1v2v2_1v1v1_1v2v1/cmod5n_ecmwf_norecal_rs2rcmgmfv4_28052025/RS2/L2M/SCWA/RS2_SCWA/2020/283/RS2_OK124164_PK1090336X337_DK1036577X578_SCWA_20201009_090404_090511_VV_VH_SGF/rs2-scwa-owi-cm-20201009t090404-20201009t090628-00003-xxxxx.nc
wp162020,IRWIN,rcm3-sc50mb-owi-cm-20201010t084315-20201010t084427-00003-______ll_gd_GEO-IRWIN.nc,32.197868347168,136.929748535156,"2020-10-10T08:43:15,000",/scale/user/mtannaou/alternance/donnees_sar_changes/rcm3-sc50mb-owi-cm-20201010t084315-20201010t084427-00003-xxxxx_aeqd.nc,rcm3-sc50mb-owi-cm-20201010t084315-20201010t084427-00003-xxxxx.nc,/home/datawork-cersat-public/cache/public/ftp/project/sarwing/processings/grdwind+windir_2025v6v12_2v0_0v3v9_0v0v6_0v0v6_1v4v3_1v0v15_1v0v10_1v2v5_1v2v2_1v1v1_1v2v1/cmod5n_ecmwf_norecal_rs2rcmgmfv4_28052025/rcm-3/L2M/sc50mb/rcm-3_sc50mb/2020/284/RCM3_OK2377152_PK2377252_1_SC50MB_20201010_084329_HH_HV_GRD/rcm3-sc50mb-owi-cm-20201010t084315-20201010t084427-00003-xxxxx.nc
wp162020,IRWIN,s1a-iw-owi-cm-20201008t091245-20201008t091425-000003-040AD1_ll_gd_GEO-IRWIN.nc,28.9254932403565,132.980987548828,"2020-10-08T09:12:45,000",,s1a-iw-owi-cm-20201008t091216-20201008t091425-000003-040AD1.nc,/home/datawork-cersat-public/cache/public/ftp/project/sarwing/processings/grdwind+windir_2025v6v12_2v0_0v3v9_0v0v6_0v0v6_1v4v3_1v0v15_1v0v10_1v2v5_1v2v2_1v1v1_1v2v1/cmod5n_ecmwf_norecal_rs2rcmgmfv4_28052025/sentinel-1a/L2M/IW/S1A_IW_GRDH_1S/2020/282/S1A_IW_GRDH_1SDV_20201008T091216_20201008T091425_034703_040AD1_0FDFX5ECBXA743XC3A6XD56A/s1a-iw-owi-cm-20201008t091216-20201008t091425-000003-040AD1.nc
wp162020,IRWIN,rcm2-sc50mc-owi-cm-20201009t205425-20201009t205537-00003-______ll_gd_GEO-IRWIN.nc,31.5943183898926,135.010696411133,"2020-10-09T20:54:25,000",/scale/user/mtannaou/alternance/donnees_sar_changes/rcm2-sc50mc-owi-cm-20201009t205425-20201009t205537-00003-xxxxx_aeqd.nc,rcm2-sc50mc-owi-cm-20201009t205425-20201009t205537-00003-xxxxx.nc,/home/datawork-cersat-public/cache/public/ftp/project/sarwing/processings/grdwind+windir_2025v6v12_2v0_0v3v9_0v0v6_0v0v6_1v4v3_1v0v15_1v0v10_1v2v5_1v2v2_1v1v1_1v2v1/cmod5n_ecmwf_norecal_rs2rcmgmfv4_28052025/rcm-2/L2M/sc50mc/rcm-2_sc50mc/2020/283/RCM2_OK2377152_PK2377254_1_SC50MC_20201009_205438_HH_HV_GRD/rcm2-sc50mc-owi-cm-20201009t205425-20201009t205537-00003-xxxxx.nc
wp162020,IRWIN,rcm3-sc50md-owi-cm-20201010t203044-20201010t203200-00003-______ll_gd_GEO-IRWIN.nc,32.197135925293,139.316146850586,"2020-10-10T20:30:44,000",/scale/user/mtannaou/alternance/donnees_sar_changes/rcm3-sc50md-owi-cm-20201010t203044-20201010t203200-00003-xxxxx_aeqd.nc,rcm3-sc50md-owi-cm-20201010t203044-20201010t203200-00003-xxxxx.nc,/home/datawork-cersat-public/cache/public/ftp/project/sarwing/processings/grdwind+windir_2025v6v12_2v0_0v3v9_0v0v6_0v0v6_1v4v3_1v0v15_1v0v10_1v2v5_1v2v2_1v1v1_1v2v1/cmod5n_ecmwf_norecal_rs2rcmgmfv4_28052025/rcm-3/L2M/sc50md/rcm-3_sc50md/2020/284/RCM3_OK2377152_PK2377255_1_SC50MD_20201010_203059_HH_HV_GRD/rcm3-sc50md-owi-cm-20201010t203044-20201010t203200-00003-xxxxx.nc
io012023,IRWIN,rcm2-sclna-owi-cm-20230513t120128-20230513t120146-00003-______ll_gd_GEO-IRWIN.nc,16.5935554504395,90.4638290405273,"2023-05-13T12:01:28,000",/scale/user/mtannaou/alternance/donnees_sar_changes/rcm2-sclna-owi-cm-20230513t120128-20230513t120146-00003-xxxxx_aeqd.nc,rcm2-sclna-owi-cm-20230513t120128-20230513t120146-00003-xxxxx.nc,/home/datawork-cersat-public/cache/public/ftp/project/sarwing/processings/grdwind+windir_2025v6v12_2v0_0v3v9_0v0v6_0v0v6_1v4v3_1v0v15_1v0v10_1v2v5_1v2v2_1v1v1_1v2v1/cmod5n_ecmwf_norecal_rs2rcmgmfv4_28052025/rcm-2/L2M/sclna/rcm-2_sclna/2023/133/RCM2_OK2549533_PK2551972_1_SCLNA_20230513_120130_VV_VH_GRD/rcm2-sclna-owi-cm-20230513t120128-20230513t120146-00003-xxxxx.nc
io012023,IRWIN,rcm2-sclna-owi-cm-20230513t235455-20230513t235607-00003-______ll_gd_GEO-IRWIN.nc,18.3813667297363,91.6633911132813,"2023-05-13T23:54:55,000",/scale/user/mtannaou/alternance/donnees_sar_changes/rcm2-sclna-owi-cm-20230513t235455-20230513t235607-00003-xxxxx_aeqd.nc,rcm2-sclna-owi-cm-20230513t235455-20230513t235607-00003-xxxxx.nc,/home/datawork-cersat-public/cache/public/ftp/project/sarwing/processings/grdwind+windir_2025v6v12_2v0_0v3v9_0v0v6_0v0v6_1v4v3_1v0v15_1v0v10_1v2v5_1v2v2_1v1v1_1v2v1/cmod5n_ecmwf_norecal_rs2rcmgmfv4_28052025/rcm-2/L2M/sclna/rcm-2_sclna/2023/133/RCM2_OK2549535_PK2552577_1_SCLNA_20230513_235458_VV_VH_GRD/rcm2-sclna-owi-cm-20230513t235455-20230513t235607-00003-xxxxx.nc
io012023,IRWIN,rcm2-sclna-owi-cm-20230513t120024-20230513t120110-00003-______ll_gd_GEO-IRWIN.nc,16.5935554504395,90.4638290405273,"2023-05-13T12:00:24,000",/scale/user/mtannaou/alternance/donnees_sar_changes/rcm2-sclna-owi-cm-20230513t120024-20230513t120110-00003-xxxxx_aeqd.nc,rcm2-sclna-owi-cm-20230513t120128-20230513t120146-00003-xxxxx.nc,/home/datawork-cersat-public/cache/public/ftp/project/sarwing/processings/grdwind+windir_2025v6v12_2v0_0v3v9_0v0v6_0v0v6_1v4v3_1v0v15_1v0v10_1v2v5_1v2v2_1v1v1_1v2v1/cmod5n_ecmwf_norecal_rs2rcmgmfv4_28052025/rcm-2/L2M/sclna/rcm-2_sclna/2023/133/RCM2_OK2549533_PK2551972_1_SCLNA_20230513_120130_VV_VH_GRD/rcm2-sclna-owi-cm-20230513t120128-20230513t120146-00003-xxxxx.nc
io012023,IRWIN,s1a-ew-owi-cm-20230513t235729-20230513t235826-000003-05D623_ll_gd_GEO-IRWIN.nc,18.3813667297363,91.6633911132813,"2023-05-13T23:57:29,000",/scale/user/mtannaou/alternance/donnees_sar_changes/s1a-ew-owi-cm-20230513t235729-20230513t235826-000003-05D623_aeqd.nc,s1a-ew-owi-cm-20230513t235729-20230513t235826-000003-05D623.nc,/home/datawork-cersat-public/cache/public/ftp/project/sarwing/processings/grdwind+windir_2025v6v12_2v0_0v3v9_0v0v6_0v0v6_1v4v3_1v0v15_1v0v10_1v2v5_1v2v2_1v1v1_1v2v1/cmod5n_ecmwf_norecal_rs2rcmgmfv4_28052025/sentinel-1a/L2M/EW/S1A_EW_GRDM_1S/2023/133/S1A_EW_GRDM_1SDV_20230513T235729_20230513T235826_048522_05D623_2E91/s1a-ew-owi-cm-20230513t235729-20230513t235826-000003-05D623.nc
ep152023,IRWIN,rcm1-sc50mc-owi-cm-20231006t013225-20231006t013342-00003-______ll_gd_GEO-IRWIN.nc,15.9930305480957,250.216079711914,"2023-10-06T01:32:25,000",/scale/user/mtannaou/alternance/donnees_sar_changes/rcm1-sc50mc-owi-cm-20231006t013225-20231006t013342-00003-xxxxx_aeqd.nc,rcm1-sc50mc-owi-cm-20231006t013225-20231006t013342-00003-xxxxx.nc,/home/datawork-cersat-public/cache/public/ftp/project/sarwing/processings/grdwind+windir_2025v6v12_2v0_0v3v9_0v0v6_0v0v6_1v4v3_1v0v15_1v0v10_1v2v5_1v2v2_1v1v1_1v2v1/cmod5n_ecmwf_norecal_rs2rcmgmfv4_28052025/rcm-1/L2M/sc50mc/rcm-1_sc50mc/2023/279/RCM1_OK2773397_PK2777215_1_SC50MC_20231006_013225_HH_HV_GRD/rcm1-sc50mc-owi-cm-20231006t013225-20231006t013342-00003-xxxxx.nc
ep152023,IRWIN,rcm2-sc50mc-owi-cm-20231010t013328-20231010t013445-00003-______ll_gd_GEO-IRWIN.nc,18.0731678009033,249.342208862305,"2023-10-10T01:33:28,000",/scale/user/mtannaou/alternance/donnees_sar_changes/rcm2-sc50mc-owi-cm-20231010t013328-20231010t013445-00003-xxxxx_aeqd.nc,rcm2-sc50mc-owi-cm-20231010t013328-20231010t013445-00003-xxxxx.nc,/home/datawork-cersat-public/cache/public/ftp/project/sarwing/processings/grdwind+windir_2025v6v12_2v0_0v3v9_0v0v6_0v0v6_1v4v3_1v0v15_1v0v10_1v2v5_1v2v2_1v1v1_1v2v1/cmod5n_ecmwf_norecal_rs2rcmgmfv4_28052025/rcm-2/L2M/sc50mc/rcm-2_sc50mc/2023/283/RCM2_OK2779645_PK2782647_1_SC50MC_20231010_013328_HH_HV_GRD/rcm2-sc50mc-owi-cm-20231010t013328-20231010t013445-00003-xxxxx.nc
ep152023,IRWIN,s1a-ew-owi-cm-20231010t131515-20231010t131619-000003-061BFB_ll_gd_GEO-IRWIN.nc,18.7442626953125,251.336776733398,"2023-10-10T13:15:15,000",/scale/user/mtannaou/alternance/donnees_sar_changes/s1a-ew-owi-cm-20231010t131515-20231010t131619-000003-061BFB_aeqd.nc,s1a-ew-owi-cm-20231010t131515-20231010t131619-000003-061BFB.nc,/home/datawork-cersat-public/cache/public/ftp/project/sarwing/processings/grdwind+windir_2025v6v12_2v0_0v3v9_0v0v6_0v0v6_1v4v3_1v0v15_1v0v10_1v2v5_1v2v2_1v1v1_1v2v1/cmod5n_ecmwf_norecal_rs2rcmgmfv4_28052025/sentinel-1a/L2M/EW/S1A_EW_GRDM_1S/2023/283/S1A_EW_GRDM_1SDV_20231010T131515_20231010T131619_050703_061BFB_1CA0/s1a-ew-owi-cm-20231010t131515-20231010t131619-000003-061BFB.nc
ep152023,IRWIN,rcm1-sc50ma-owi-cm-20231005t132016-20231005t132130-00003-______ll_gd_GEO-IRWIN.nc,15.7844581604004,250.619659423828,"2023-10-05T13:20:16,000",/scale/user/mtannaou/alternance/donnees_sar_changes/rcm1-sc50ma-owi-cm-20231005t132016-20231005t132130-00003-xxxxx_aeqd.nc,rcm1-sc50ma-owi-cm-20231005t132016-20231005t132130-00003-xxxxx.nc,/home/datawork-cersat-public/cache/public/ftp/project/sarwing/processings/grdwind+windir_2025v6v12_2v0_0v3v9_0v0v6_0v0v6_1v4v3_1v0v15_1v0v10_1v2v5_1v2v2_1v1v1_1v2v1/cmod5n_ecmwf_norecal_rs2rcmgmfv4_28052025/rcm-1/L2M/sc50ma/rcm-1_sc50ma/2023/278/RCM1_OK2773388_PK2776291_1_SC50MA_20231005_132017_HH_HV_GRD/rcm1-sc50ma-owi-cm-20231005t132016-20231005t132130-00003-xxxxx.nc
ep152023,IRWIN,s1a-ew-owi-cm-20231008t133242-20231008t133346-000003-061B15_ll_gd_GEO-IRWIN.nc,16.6655769348145,247.208145141602,"2023-10-08T13:32:42,000",/scale/user/mtannaou/alternance/donnees_sar_changes/s1a-ew-owi-cm-20231008t133242-20231008t133346-000003-061B15_aeqd.nc,s1a-ew-owi-cm-20231008t133242-20231008t133346-000003-061B15.nc,/home/datawork-cersat-public/cache/public/ftp/project/sarwing/processings/grdwind+windir_2025v6v12_2v0_0v3v9_0v0v6_0v0v6_1v4v3_1v0v15_1v0v10_1v2v5_1v2v2_1v1v1_1v2v1/cmod5n_ecmwf_norecal_rs2rcmgmfv4_28052025/sentinel-1a/L2M/EW/S1A_EW_GRDM_1S/2023/281/S1A_EW_GRDM_1SDV_20231008T133242_20231008T133346_050674_061B15_2A3C/s1a-ew-owi-cm-20231008t133242-20231008t133346-000003-061B15.nc
ep152023,IRWIN,rcm3-sclnd-owi-cm-20231010t125527-20231010t125645-00003-______ll_gd_GEO-IRWIN.nc,18.7197017669678,251.264938354492,"2023-10-10T12:55:27,000",/scale/user/mtannaou/alternance/donnees_sar_changes/rcm3-sclnd-owi-cm-20231010t125527-20231010t125645-00003-xxxxx_aeqd.nc,rcm3-sclnd-owi-cm-20231010t125527-20231010t125645-00003-xxxxx.nc,/home/datawork-cersat-public/cache/public/ftp/project/sarwing/processings/grdwind+windir_2025v6v12_2v0_0v3v9_0v0v6_0v0v6_1v4v3_1v0v15_1v0v10_1v2v5_1v2v2_1v1v1_1v2v1/cmod5n_ecmwf_norecal_rs2rcmgmfv4_28052025/rcm-3/L2M/sclnd/rcm-3_sclnd/2023/283/RCM3_OK2781273_PK2783216_1_SCLND_20231010_125528_VV_VH_GRD/rcm3-sclnd-owi-cm-20231010t125527-20231010t125645-00003-xxxxx.nc
ep152023,IRWIN,rcm1-sc50mc-owi-cm-20231008t014837-20231008t014954-00003-______ll_gd_GEO-IRWIN.nc,15.9981336593628,247.602661132813,"2023-10-08T01:48:37,000",/scale/user/mtannaou/alternance/donnees_sar_changes/rcm1-sc50mc-owi-cm-20231008t014837-20231008t014954-00003-xxxxx_aeqd.nc,rcm1-sc50mc-owi-cm-20231008t014837-20231008t014954-00003-xxxxx.nc,/home/datawork-cersat-public/cache/public/ftp/project/sarwing/processings/grdwind+windir_2025v6v12_2v0_0v3v9_0v0v6_0v0v6_1v4v3_1v0v15_1v0v10_1v2v5_1v2v2_1v1v1_1v2v1/cmod5n_ecmwf_norecal_rs2rcmgmfv4_28052025/rcm-1/L2M/sc50mc/rcm-1_sc50mc/2023/281/RCM1_OK2776633_PK2779764_1_SC50MC_20231008_014838_HH_HV_GRD/rcm1-sc50mc-owi-cm-20231008t014837-20231008t014954-00003-xxxxx.nc
ep152023,IRWIN,rcm3-sclnb-owi-cm-20231011t011017-20231011t011132-00003-______ll_gd_GEO-IRWIN.nc,19.9667625427246,254.286270141602,"2023-10-11T01:10:17,000",/scale/user/mtannaou/alternance/donnees_sar_changes/rcm3-sclnb-owi-cm-20231011t011017-20231011t011132-00003-xxxxx_aeqd.nc,rcm3-sclnb-owi-cm-20231011t011017-20231011t011132-00003-xxxxx.nc,/home/datawork-cersat-public/cache/public/ftp/project/sarwing/processings/grdwind+windir_2025v6v12_2v0_0v3v9_0v0v6_0v0v6_1v4v3_1v0v15_1v0v10_1v2v5_1v2v2_1v1v1_1v2v1/cmod5n_ecmwf_norecal_rs2rcmgmfv4_28052025/rcm-3/L2M/sclnb/rcm-3_sclnb/2023/284/RCM3_OK2781279_PK2783799_1_SCLNB_20231011_011019_VV_VH_GRD/rcm3-sclnb-owi-cm-20231011t011017-20231011t011132-00003-xxxxx.nc
ep152023,IRWIN,rcm1-sc50mc-owi-cm-20231007t014026-20231007t014142-00003-______ll_gd_GEO-IRWIN.nc,16.2015972137451,248.71696472168,"2023-10-07T01:40:26,000",/scale/user/mtannaou/alternance/donnees_sar_changes/rcm1-sc50mc-owi-cm-20231007t014026-20231007t014142-00003-xxxxx_aeqd.nc,rcm1-sc50mc-owi-cm-20231007t014026-20231007t014142-00003-xxxxx.nc,/home/datawork-cersat-public/cache/public/ftp/project/sarwing/processings/grdwind+windir_2025v6v12_2v0_0v3v9_0v0v6_0v0v6_1v4v3_1v0v15_1v0v10_1v2v5_1v2v2_1v1v1_1v2v1/cmod5n_ecmwf_norecal_rs2rcmgmfv4_28052025/rcm-1/L2M/sc50mc/rcm-1_sc50mc/2023/280/RCM1_OK2776034_PK2778595_1_SC50MC_20231007_014029_HH_HV_GRD/rcm1-sc50mc-owi-cm-20231007t014026-20231007t014142-00003-xxxxx.nc
ep152023,IRWIN,rcm2-sc50mc-owi-cm-20231009t131944-20231009t132100-00003-______ll_gd_GEO-IRWIN.nc,18.1226119995117,247.954467773438,"2023-10-09T13:19:44,000",/scale/user/mtannaou/alternance/donnees_sar_changes/rcm2-sc50mc-owi-cm-20231009t131944-20231009t132100-00003-xxxxx_aeqd.nc,rcm2-sc50mc-owi-cm-20231009t131944-20231009t132100-00003-xxxxx.nc,/home/datawork-cersat-public/cache/public/ftp/project/sarwing/processings/grdwind+windir_2025v6v12_2v0_0v3v9_0v0v6_0v0v6_1v4v3_1v0v15_1v0v10_1v2v5_1v2v2_1v1v1_1v2v1/cmod5n_ecmwf_norecal_rs2rcmgmfv4_28052025/rcm-2/L2M/sc50mc/rcm-2_sc50mc/2023/282/RCM2_OK2779635_PK2782028_1_SC50MC_20231009_131946_HH_HV_GRD/rcm2-sc50mc-owi-cm-20231009t131944-20231009t132100-00003-xxxxx.nc
wp072023,IRWIN,rcm1-sc50ma-owi-cm-20230812t084220-20230812t084338-00003-______ll_gd_GEO-IRWIN.nc,28.8238029479981,141.334930419922,"2023-08-12T08:42:20,000",/scale/user/mtannaou/alternance/donnees_sar_changes/rcm1-sc50ma-owi-cm-20230812t084220-20230812t084338-00003-xxxxx_aeqd.nc,rcm1-sc50ma-owi-cm-20230812t084220-20230812t084338-00003-xxxxx.nc,/home/datawork-cersat-public/cache/public/ftp/project/sarwing/processings/grdwind+windir_2025v6v12_2v0_0v3v9_0v0v6_0v0v6_1v4v3_1v0v15_1v0v10_1v2v5_1v2v2_1v1v1_1v2v1/cmod5n_ecmwf_norecal_rs2rcmgmfv4_28052025/rcm-1/L2M/sc50ma/rcm-1_sc50ma/2023/224/RCM1_OK2687527_PK2689296_1_SC50MA_20230812_084221_HH_HV_GRD/rcm1-sc50ma-owi-cm-20230812t084220-20230812t084338-00003-xxxxx.nc
wp072023,IRWIN,rcm1-sclnd-owi-cm-20230810t201525-20230810t201705-00003-______ll_gd_GEO-IRWIN.nc,26.4264354705811,142.888565063477,"2023-08-10T20:15:25,000",/scale/user/mtannaou/alternance/donnees_sar_changes/rcm1-sclnd-owi-cm-20230810t201525-20230810t201705-00003-xxxxx_aeqd.nc,rcm1-sclnd-owi-cm-20230810t201525-20230810t201705-00003-xxxxx.nc,/home/datawork-cersat-public/cache/public/ftp/project/sarwing/processings/grdwind+windir_2025v6v12_2v0_0v3v9_0v0v6_0v0v6_1v4v3_1v0v15_1v0v10_1v2v5_1v2v2_1v1v1_1v2v1/cmod5n_ecmwf_norecal_rs2rcmgmfv4_28052025/rcm-1/L2M/sclnd/rcm-1_sclnd/2023/222/RCM1_OK2684823_PK2688640_1_SCLND_20230810_201536_VV_VH_GRD/rcm1-sclnd-owi-cm-20230810t201525-20230810t201705-00003-xxxxx.nc
wp072023,IRWIN,rcm1-sc50mb-owi-cm-20230813t085042-20230813t085201-00003-______ll_gd_GEO-IRWIN.nc,30.285120010376,138.83349609375,"2023-08-13T08:50:42,000",/scale/user/mtannaou/alternance/donnees_sar_changes/rcm1-sc50mb-owi-cm-20230813t085042-20230813t085201-00003-xxxxx_aeqd.nc,rcm1-sc50mb-owi-cm-20230813t085042-20230813t085201-00003-xxxxx.nc,/home/datawork-cersat-public/cache/public/ftp/project/sarwing/processings/grdwind+windir_2025v6v12_2v0_0v3v9_0v0v6_0v0v6_1v4v3_1v0v15_1v0v10_1v2v5_1v2v2_1v1v1_1v2v1/cmod5n_ecmwf_norecal_rs2rcmgmfv4_28052025/rcm-1/L2M/sc50mb/rcm-1_sc50mb/2023/225/RCM1_OK2689110_PK2690588_1_SC50MB_20230813_085030_HH_HV_GRD/rcm1-sc50mb-owi-cm-20230813t085042-20230813t085201-00003-xxxxx.nc
wp072023,IRWIN,rcm1-sclnb-owi-cm-20230809t081702-20230809t081819-00003-______ll_gd_GEO-IRWIN.nc,24.5207214355469,146.044006347656,"2023-08-09T08:17:02,000",/scale/user/mtannaou/alternance/donnees_sar_changes/rcm1-sclnb-owi-cm-20230809t081702-20230809t081819-00003-xxxxx_aeqd.nc,rcm1-sclnb-owi-cm-20230809t081702-20230809t081819-00003-xxxxx.nc,/home/datawork-cersat-public/cache/public/ftp/project/sarwing/processings/grdwind+windir_2025v6v12_2v0_0v3v9_0v0v6_0v0v6_1v4v3_1v0v15_1v0v10_1v2v5_1v2v2_1v1v1_1v2v1/cmod5n_ecmwf_norecal_rs2rcmgmfv4_28052025/rcm-1/L2M/sclnb/rcm-1_sclnb/2023/221/RCM1_OK2683539_PK2685224_1_SCLNB_20230809_081703_VV_VH_GRD/rcm1-sclnb-owi-cm-20230809t081702-20230809t081819-00003-xxxxx.nc
wp072023,IRWIN,rcm1-sclnb-owi-cm-20230810t082515-20230810t082659-00003-______ll_gd_GEO-IRWIN.nc,25.5312824249268,143.366516113281,"2023-08-10T08:25:15,000",/scale/user/mtannaou/alternance/donnees_sar_changes/rcm1-sclnb-owi-cm-20230810t082515-20230810t082659-00003-xxxxx_aeqd.nc,rcm1-sclnb-owi-cm-20230810t082515-20230810t082659-00003-xxxxx.nc,/home/datawork-cersat-public/cache/public/ftp/project/sarwing/processings/grdwind+windir_2025v6v12_2v0_0v3v9_0v0v6_0v0v6_1v4v3_1v0v15_1v0v10_1v2v5_1v2v2_1v1v1_1v2v1/cmod5n_ecmwf_norecal_rs2rcmgmfv4_28052025/rcm-1/L2M/sclnb/rcm-1_sclnb/2023/222/RCM1_OK2684301_PK2688533_1_SCLNB_20230810_082530_VV_VH_GRD/rcm1-sclnb-owi-cm-20230810t082515-20230810t082659-00003-xxxxx.nc
wp072023,IRWIN,rcm1-sc50mc-owi-cm-20230815t205303-20230815t205405-00003-______ll_gd_GEO-IRWIN.nc,37.1473007202148,134.764389038086,"2023-08-15T20:53:03,000",/scale/user/mtannaou/alternance/donnees_sar_changes/rcm1-sc50mc-owi-cm-20230815t205303-20230815t205405-00003-xxxxx_aeqd.nc,rcm1-sc50mc-owi-cm-20230815t205303-20230815t205405-00003-xxxxx.nc,/home/datawork-cersat-public/cache/public/ftp/project/sarwing/processings/grdwind+windir_2025v6v12_2v0_0v3v9_0v0v6_0v0v6_1v4v3_1v0v15_1v0v10_1v2v5_1v2v2_1v1v1_1v2v1/cmod5n_ecmwf_norecal_rs2rcmgmfv4_28052025/rcm-1/L2M/sc50mc/rcm-1_sc50mc/2023/227/RCM1_OK2691741_PK2694395_1_SC50MC_20230815_205303_HH_HV_GRD/rcm1-sc50mc-owi-cm-20230815t205303-20230815t205405-00003-xxxxx.nc
wp072023,IRWIN,s1a-ew-owi-cm-20230815t085014-20230815t085117-000003-05FFFE_ll_gd_GEO-IRWIN.nc,35.3523139953613,134.953994750977,"2023-08-15T08:50:14,000",/scale/user/mtannaou/alternance/donnees_sar_changes/s1a-ew-owi-cm-20230815t085014-20230815t085117-000003-05FFFE_aeqd.nc,s1a-ew-owi-cm-20230815t085014-20230815t085117-000003-05FFFE.nc,/home/datawork-cersat-public/cache/public/ftp/project/sarwing/processings/grdwind+windir_2025v6v12_2v0_0v3v9_0v0v6_0v0v6_1v4v3_1v0v15_1v0v10_1v2v5_1v2v2_1v1v1_1v2v1/cmod5n_ecmwf_norecal_rs2rcmgmfv4_28052025/sentinel-1a/L2M/EW/S1A_EW_GRDM_1S/2023/227/S1A_EW_GRDM_1SDV_20230815T085014_20230815T085117_049884_05FFFE_4563/s1a-ew-owi-cm-20230815t085014-20230815t085117-000003-05FFFE.nc
wp072023,IRWIN,rcm1-sc50mc-owi-cm-20230815t090843-20230815t090917-00003-______ll_gd_GEO-IRWIN.nc,35.411491394043,134.936050415039,"2023-08-15T09:08:43,000",/scale/user/mtannaou/alternance/donnees_sar_changes/rcm1-sc50mc-owi-cm-20230815t090843-20230815t090917-00003-xxxxx_aeqd.nc,rcm1-sc50mc-owi-cm-20230815t090843-20230815t090917-00003-xxxxx.nc,/home/datawork-cersat-public/cache/public/ftp/project/sarwing/processings/grdwind+windir_2025v6v12_2v0_0v3v9_0v0v6_0v0v6_1v4v3_1v0v15_1v0v10_1v2v5_1v2v2_1v1v1_1v2v1/cmod5n_ecmwf_norecal_rs2rcmgmfv4_28052025/rcm-1/L2M/sc50mc/rcm-1_sc50mc/2023/227/RCM1_OK2691730_PK2693535_1_SC50MC_20230815_090845_HH_HV_GRD/rcm1-sc50mc-owi-cm-20230815t090843-20230815t090917-00003-xxxxx.nc
wp072023,IRWIN,rcm1-sc50mb-owi-cm-20230813t203833-20230813t203950-00003-______ll_gd_GEO-IRWIN.nc,31.4659099578857,137.8310546875,"2023-08-13T20:38:33,000",/scale/user/mtannaou/alternance/donnees_sar_changes/rcm1-sc50mb-owi-cm-20230813t203833-20230813t203950-00003-xxxxx_aeqd.nc,rcm1-sc50mb-owi-cm-20230813t203833-20230813t203950-00003-xxxxx.nc,/home/datawork-cersat-public/cache/public/ftp/project/sarwing/processings/grdwind+windir_2025v6v12_2v0_0v3v9_0v0v6_0v0v6_1v4v3_1v0v15_1v0v10_1v2v5_1v2v2_1v1v1_1v2v1/cmod5n_ecmwf_norecal_rs2rcmgmfv4_28052025/rcm-1/L2M/sc50mb/rcm-1_sc50mb/2023/225/RCM1_OK2689118_PK2691474_1_SC50MB_20230813_203827_HH_HV_GRD/rcm1-sc50mb-owi-cm-20230813t203833-20230813t203950-00003-xxxxx.nc
wp072023,IRWIN,rcm1-sclnc-owi-cm-20230812t203104-20230812t203220-00003-______ll_gd_GEO-IRWIN.nc,29.4308395385742,139.950469970703,"2023-08-12T20:31:04,000",/scale/user/mtannaou/alternance/donnees_sar_changes/rcm1-sclnc-owi-cm-20230812t203104-20230812t203220-00003-xxxxx_aeqd.nc,rcm1-sclnc-owi-cm-20230812t203104-20230812t203220-00003-xxxxx.nc,/home/datawork-cersat-public/cache/public/ftp/project/sarwing/processings/grdwind+windir_2025v6v12_2v0_0v3v9_0v0v6_0v0v6_1v4v3_1v0v15_1v0v10_1v2v5_1v2v2_1v1v1_1v2v1/cmod5n_ecmwf_norecal_rs2rcmgmfv4_28052025/rcm-1/L2M/sclnc/rcm-1_sclnc/2023/224/RCM1_OK2687571_PK2690015_1_SCLNC_20230812_203106_VV_VH_GRD/rcm1-sclnc-owi-cm-20230812t203104-20230812t203220-00003-xxxxx.nc
wp072023,IRWIN,rcm1-sc50mc-owi-cm-20230815t090801-20230815t090820-00003-______ll_gd_GEO-IRWIN.nc,35.411491394043,134.936050415039,"2023-08-15T09:08:01,000",/scale/user/mtannaou/alternance/donnees_sar_changes/rcm1-sc50mc-owi-cm-20230815t090801-20230815t090820-00003-xxxxx_aeqd.nc,rcm1-sc50mc-owi-cm-20230815t090843-20230815t090917-00003-xxxxx.nc,/home/datawork-cersat-public/cache/public/ftp/project/sarwing/processings/grdwind+windir_2025v6v12_2v0_0v3v9_0v0v6_0v0v6_1v4v3_1v0v15_1v0v10_1v2v5_1v2v2_1v1v1_1v2v1/cmod5n_ecmwf_norecal_rs2rcmgmfv4_28052025/rcm-1/L2M/sc50mc/rcm-1_sc50mc/2023/227/RCM1_OK2691730_PK2693535_1_SC50MC_20230815_090845_HH_HV_GRD/rcm1-sc50mc-owi-cm-20230815t090843-20230815t090917-00003-xxxxx.nc
wp072023,IRWIN,rcm1-sc50mc-owi-cm-20230814t204625-20230814t204715-00003-______ll_gd_GEO-IRWIN.nc,33.5004196166992,136.002975463867,"2023-08-14T20:46:25,000",/scale/user/mtannaou/alternance/donnees_sar_changes/rcm1-sc50mc-owi-cm-20230814t204625-20230814t204715-00003-xxxxx_aeqd.nc,rcm1-sc50mc-owi-cm-20230814t204625-20230814t204715-00003-xxxxx.nc,/home/datawork-cersat-public/cache/public/ftp/project/sarwing/processings/grdwind+windir_2025v6v12_2v0_0v3v9_0v0v6_0v0v6_1v4v3_1v0v15_1v0v10_1v2v5_1v2v2_1v1v1_1v2v1/cmod5n_ecmwf_norecal_rs2rcmgmfv4_28052025/rcm-1/L2M/sc50mc/rcm-1_sc50mc/2023/226/RCM1_OK2693016_PK2693018_1_SC50MC_20230814_204558_HH_HV_GRD/rcm1-sc50mc-owi-cm-20230814t204625-20230814t204715-00003-xxxxx.nc
wp072023,IRWIN,rcm1-sclnc-owi-cm-20230811t083342-20230811t083522-00003-______ll_gd_GEO-IRWIN.nc,27.4540500640869,142.889175415039,"2023-08-11T08:33:42,000",/scale/user/mtannaou/alternance/donnees_sar_changes/rcm1-sclnc-owi-cm-20230811t083342-20230811t083522-00003-xxxxx_aeqd.nc,rcm1-sclnc-owi-cm-20230811t083342-20230811t083522-00003-xxxxx.nc,/home/datawork-cersat-public/cache/public/ftp/project/sarwing/processings/grdwind+windir_2025v6v12_2v0_0v3v9_0v0v6_0v0v6_1v4v3_1v0v15_1v0v10_1v2v5_1v2v2_1v1v1_1v2v1/cmod5n_ecmwf_norecal_rs2rcmgmfv4_28052025/rcm-1/L2M/sclnc/rcm-1_sclnc/2023/223/RCM1_OK2685831_PK2688574_1_SCLNC_20230811_083357_VV_VH_GRD/rcm1-sclnc-owi-cm-20230811t083342-20230811t083522-00003-xxxxx.nc
wp072023,IRWIN,rcm1-sc50mc-owi-cm-20230814t085918-20230814t090035-00003-______ll_gd_GEO-IRWIN.nc,32.3776092529297,136.932220458984,"2023-08-14T08:59:18,000",/scale/user/mtannaou/alternance/donnees_sar_changes/rcm1-sc50mc-owi-cm-20230814t085918-20230814t090035-00003-xxxxx_aeqd.nc,rcm1-sc50mc-owi-cm-20230814t085918-20230814t090035-00003-xxxxx.nc,/home/datawork-cersat-public/cache/public/ftp/project/sarwing/processings/grdwind+windir_2025v6v12_2v0_0v3v9_0v0v6_0v0v6_1v4v3_1v0v15_1v0v10_1v2v5_1v2v2_1v1v1_1v2v1/cmod5n_ecmwf_norecal_rs2rcmgmfv4_28052025/rcm-1/L2M/sc50mc/rcm-1_sc50mc/2023/226/RCM1_OK2690111_PK2692069_1_SC50MC_20230814_085921_HH_HV_GRD/rcm1-sc50mc-owi-cm-20230814t085918-20230814t090035-00003-xxxxx.nc
wp072023,IRWIN,rcm1-sclnd-owi-cm-20230809t200800-20230809t200917-00003-______ll_gd_GEO-IRWIN.nc,25.0061435699463,144.578033447266,"2023-08-09T20:08:00,000",/scale/user/mtannaou/alternance/donnees_sar_changes/rcm1-sclnd-owi-cm-20230809t200800-20230809t200917-00003-xxxxx_aeqd.nc,rcm1-sclnd-owi-cm-20230809t200800-20230809t200917-00003-xxxxx.nc,/home/datawork-cersat-public/cache/public/ftp/project/sarwing/processings/grdwind+windir_2025v6v12_2v0_0v3v9_0v0v6_0v0v6_1v4v3_1v0v15_1v0v10_1v2v5_1v2v2_1v1v1_1v2v1/cmod5n_ecmwf_norecal_rs2rcmgmfv4_28052025/rcm-1/L2M/sclnd/rcm-1_sclnd/2023/221/RCM1_OK2683541_PK2685946_1_SCLND_20230809_200800_VV_VH_GRD/rcm1-sclnd-owi-cm-20230809t200800-20230809t200917-00003-xxxxx.nc
wp072023,IRWIN,rcm3-sc50ma-owi-cm-20230817t082315-20230817t082431-00003-______ll_gd_GEO-IRWIN.nc,44.7721519470215,139.871505737305,"2023-08-17T08:23:15,000",,rcm3-sc50ma-owi-cm-20230817t082315-20230817t082407-00003-xxxxx.nc,/home/datawork-cersat-public/cache/public/ftp/project/sarwing/processings/grdwind+windir_2025v6v12_2v0_0v3v9_0v0v6_0v0v6_1v4v3_1v0v15_1v0v10_1v2v5_1v2v2_1v1v1_1v2v1/cmod5n_ecmwf_norecal_rs2rcmgmfv4_28052025/rcm-3/L2M/sc50ma/rcm-3_sc50ma/2023/229/RCM3_OK2503542_PK2696345_1_SC50MA_20230817_082317_HH_HV_GRD/rcm3-sc50ma-owi-cm-20230817t082315-20230817t082407-00003-xxxxx.nc
ep042024,IRWIN,rcm3-sclnc-owi-cm-20240804t142544-20240804t142622-00003-______ll_gd_GEO-IRWIN.nc,12.9510078430176,229.404052734375,"2024-08-04T14:25:44,000",/scale/user/mtannaou/alternance/donnees_sar_changes/rcm3-sclnc-owi-cm-20240804t142544-20240804t142622-00003-xxxxx_aeqd.nc,rcm3-sclnc-owi-cm-20240804t142544-20240804t142622-00003-xxxxx.nc,/home/datawork-cersat-public/cache/public/ftp/project/sarwing/processings/grdwind+windir_2025v6v12_2v0_0v3v9_0v0v6_0v0v6_1v4v3_1v0v15_1v0v10_1v2v5_1v2v2_1v1v1_1v2v1/cmod5n_ecmwf_norecal_rs2rcmgmfv4_28052025/rcm-3/L2M/sclnc/rcm-3_sclnc/2024/217/RCM3_OK3191873_PK3193895_1_SCLNC_20240804_142544_VV_VH_GRD/rcm3-sclnc-owi-cm-20240804t142544-20240804t142622-00003-xxxxx.nc
ep042024,IRWIN,rcm3-sclna-owi-cm-20240805t143306-20240805t143421-00003-______ll_gd_GEO-IRWIN.nc,15.1653900146484,231.897232055664,"2024-08-05T14:33:06,000",/scale/user/mtannaou/alternance/donnees_sar_changes/rcm3-sclna-owi-cm-20240805t143306-20240805t143421-00003-xxxxx_aeqd.nc,rcm3-sclna-owi-cm-20240805t143306-20240805t143421-00003-xxxxx.nc,/home/datawork-cersat-public/cache/public/ftp/project/sarwing/processings/grdwind+windir_2025v6v12_2v0_0v3v9_0v0v6_0v0v6_1v4v3_1v0v15_1v0v10_1v2v5_1v2v2_1v1v1_1v2v1/cmod5n_ecmwf_norecal_rs2rcmgmfv4_28052025/rcm-3/L2M/sclna/rcm-3_sclna/2024/218/RCM3_OK3193508_PK3196044_1_SCLNA_20240805_143308_VV_VH_GRD/rcm3-sclna-owi-cm-20240805t143306-20240805t143421-00003-xxxxx.nc
ep042024,IRWIN,rcm3-sclna-owi-cm-20240805t023659-20240805t023815-00003-______ll_gd_GEO-IRWIN.nc,14.0678901672363,229.989669799805,"2024-08-05T02:36:59,000",/scale/user/mtannaou/alternance/donnees_sar_changes/rcm3-sclna-owi-cm-20240805t023659-20240805t023815-00003-xxxxx_aeqd.nc,rcm3-sc50mc-owi-cm-20240805t023823-20240805t023942-00003-xxxxx.nc,/home/datawork-cersat-public/cache/public/ftp/project/sarwing/processings/grdwind+windir_2025v6v12_2v0_0v3v9_0v0v6_0v0v6_1v4v3_1v0v15_1v0v10_1v2v5_1v2v2_1v1v1_1v2v1/cmod5n_ecmwf_norecal_rs2rcmgmfv4_28052025/rcm-3/L2M/sc50mc/rcm-3_sc50mc/2024/218/RCM3_OK3189861_PK3194699_1_SC50MC_20240805_023825_HH_HV_GRD/rcm3-sc50mc-owi-cm-20240805t023823-20240805t023942-00003-xxxxx.nc
ep042024,IRWIN,rcm2-sclnd-owi-cm-20240804t030059-20240804t030130-00003-______ll_gd_GEO-IRWIN.nc,12.3016576766968,229.476791381836,"2024-08-04T03:00:59,000",/scale/user/mtannaou/alternance/donnees_sar_changes/rcm2-sclnd-owi-cm-20240804t030059-20240804t030130-00003-xxxxx_aeqd.nc,rcm2-sclnd-owi-cm-20240804t030059-20240804t030130-00003-xxxxx.nc,/home/datawork-cersat-public/cache/public/ftp/project/sarwing/processings/grdwind+windir_2025v6v12_2v0_0v3v9_0v0v6_0v0v6_1v4v3_1v0v15_1v0v10_1v2v5_1v2v2_1v1v1_1v2v1/cmod5n_ecmwf_norecal_rs2rcmgmfv4_28052025/rcm-2/L2M/sclnd/rcm-2_sclnd/2024/217/RCM2_OK3191848_PK3193005_1_SCLND_20240804_030102_VV_VH_GRD/rcm2-sclnd-owi-cm-20240804t030059-20240804t030130-00003-xxxxx.nc
wp092021,IRWIN,s1b-iw-owi-cm-20210725t214953-20210725t215108-000003-0355E9_ll_gd_GEO-IRWIN.nc,30.4769420623779,121.281806945801,"2021-07-25T21:49:53,000",,s1b-iw-owi-cm-20210725t214859-20210725t215108-000003-0355E9.nc,/home/datawork-cersat-public/cache/public/ftp/project/sarwing/processings/grdwind+windir_2025v6v12_2v0_0v3v9_0v0v6_0v0v6_1v4v3_1v0v15_1v0v10_1v2v5_1v2v2_1v1v1_1v2v1/cmod5n_ecmwf_norecal_rs2rcmgmfv4_28052025/sentinel-1b/L2M/IW/S1B_IW_GRDH_1S/2021/206/S1B_IW_GRDH_1SDV_20210725T214859_20210725T215108_027956_0355E9_46E2X6F8DXBC15XCEC0XE1FC/s1b-iw-owi-cm-20210725t214859-20210725t215108-000003-0355E9.nc
wp092021,IRWIN,s1a-iw-owi-cm-20210721t213527-20210721t213718-000003-049689_ll_gd_GEO-IRWIN.nc,23.5540790557861,126.149047851563,"2021-07-21T21:35:27,000",,s1a-iw-owi-cm-20210721t213458-20210721t213718-000003-049689.nc,/home/datawork-cersat-public/cache/public/ftp/project/sarwing/processings/grdwind+windir_2025v6v12_2v0_0v3v9_0v0v6_0v0v6_1v4v3_1v0v15_1v0v10_1v2v5_1v2v2_1v1v1_1v2v1/cmod5n_ecmwf_norecal_rs2rcmgmfv4_28052025/sentinel-1a/L2M/IW/S1A_IW_GRDH_1S/2021/202/S1A_IW_GRDH_1SDV_20210721T213458_20210721T213718_038881_049689_01E7X8240XD7EDXEA2FXF27B/s1a-iw-owi-cm-20210721t213458-20210721t213718-000003-049689.nc
wp092021,IRWIN,s1a-iw-owi-cm-20210724t095328-20210724t095512-000003-049797_ll_gd_GEO-IRWIN.nc,27.5854206085205,124.177055358887,"2021-07-24T09:53:28,000",/scale/user/mtannaou/alternance/donnees_sar_changes/s1a-iw-owi-cm-20210724t095328-20210724t095512-000003-049797_aeqd.nc,s1a-iw-owi-cm-20210724t095328-20210724t095512-000003-049797.nc,/home/datawork-cersat-public/cache/public/ftp/project/sarwing/processings/grdwind+windir_2025v6v12_2v0_0v3v9_0v0v6_0v0v6_1v4v3_1v0v15_1v0v10_1v2v5_1v2v2_1v1v1_1v2v1/cmod5n_ecmwf_norecal_rs2rcmgmfv4_28052025/sentinel-1a/L2M/IW/S1A_IW_GRDH_1S/2021/205/S1A_IW_GRDH_1SDV_20210724T095328_20210724T095512_038918_049797_4DEBX642AXB267XCE4B/s1a-iw-owi-cm-20210724t095328-20210724t095512-000003-049797.nc
wp092021,IRWIN,rcm1-sc50ma-owi-cm-20210724t093303-20210724t094207-00003-______ll_gd_GEO-IRWIN.nc,27.5353755950928,124.197639465332,"2021-07-24T09:33:03,000",,rcm1-sc50ma-owi-cm-20210724t093303-20210724t094207-00003-xxxxx.nc,/home/datawork-cersat-public/cache/public/ftp/project/sarwing/processings/grdwind+windir_2025v6v12_2v0_0v3v9_0v0v6_0v0v6_1v4v3_1v0v15_1v0v10_1v2v5_1v2v2_1v1v1_1v2v1/cmod5n_ecmwf_norecal_rs2rcmgmfv4_28052025/rcm-1/L2M/sc50ma/rcm-1_sc50ma/2021/205/RCM1_OK2377995_PK2381601_5_SC50MA_20210724_093315_HH_HV_GRD/rcm1-sc50ma-owi-cm-20210724t093303-20210724t094207-00003-xxxxx.nc
wp092021,IRWIN,rs2-scwa-owi-cm-20210720t092117-20210720t092234-00003-______ll_gd_GEO-IRWIN.nc,24.6799869537354,129.50309753418,"2021-07-20T09:21:17,000",/scale/user/mtannaou/alternance/donnees_sar_changes/rs2-scwa-owi-cm-20210720t092117-20210720t092234-00003-xxxxx_aeqd.nc,rs2-scwa-owi-cm-20210720t092117-20210720t092234-00003-xxxxx.nc,/home/datawork-cersat-public/cache/public/ftp/project/sarwing/processings/grdwind+windir_2025v6v12_2v0_0v3v9_0v0v6_0v0v6_1v4v3_1v0v15_1v0v10_1v2v5_1v2v2_1v1v1_1v2v1/cmod5n_ecmwf_norecal_rs2rcmgmfv4_28052025/RS2/L2M/SCWA/RS2_SCWA/2021/201/RS2_OK130695_PK1144714_DK1102116_SCWA_20210720_092117_092117_VV_VH_SGF/rs2-scwa-owi-cm-20210720t092117-20210720t092234-00003-xxxxx.nc
sh242019,IRWIN,s1a-iw-owi-cm-20190426t025824-20190426t025939-000003-03088F_ll_gd_GEO-IRWIN.nc,-12.4261016845703,39.334358215332,"2019-04-26T02:58:24,000",/scale/user/mtannaou/alternance/donnees_sar_changes/s1a-iw-owi-cm-20190426t025824-20190426t025939-000003-03088F_aeqd.nc,s1a-iw-owi-cm-20190426t025824-20190426t025939-000003-03088F.nc,/home/datawork-cersat-public/cache/public/ftp/project/sarwing/processings/grdwind+windir_2025v6v12_2v0_0v3v9_0v0v6_0v0v6_1v4v3_1v0v15_1v0v10_1v2v5_1v2v2_1v1v1_1v2v1/cmod5n_ecmwf_norecal_rs2rcmgmfv4_28052025/sentinel-1a/L2M/IW/S1A_IW_GRDH_1S/2019/116/S1A_IW_GRDH_1SDV_20190426T025824_20190426T025939_026955_03088F_3CD0X45B8X46A9/s1a-iw-owi-cm-20190426t025824-20190426t025939-000003-03088F.nc
sh212021,IRWIN,s1a-ew-owi-cm-20210221t025326-20210221t025554-000003-044F8D_ll_gd_GEO-IRWIN.nc,-28.8706684112549,37.7150230407715,"2021-02-21T02:53:26,000",/scale/user/mtannaou/alternance/donnees_sar_changes/s1a-ew-owi-cm-20210221t025326-20210221t025554-000003-044F8D_aeqd.nc,s1a-ew-owi-cm-20210221t025326-20210221t025554-000003-044F8D.nc,/home/datawork-cersat-public/cache/public/ftp/project/sarwing/processings/grdwind+windir_2025v6v12_2v0_0v3v9_0v0v6_0v0v6_1v4v3_1v0v15_1v0v10_1v2v5_1v2v2_1v1v1_1v2v1/cmod5n_ecmwf_norecal_rs2rcmgmfv4_28052025/sentinel-1a/L2M/EW/S1A_EW_GRDM_1S/2021/052/S1A_EW_GRDM_1SDV_20210221T025326_20210221T025554_036682_044F8D_560BXBFF7XE510/s1a-ew-owi-cm-20210221t025326-20210221t025554-000003-044F8D.nc
sh212021,IRWIN,s1b-iw-owi-cm-20210220t030122-20210220t030237-000003-030FCF_ll_gd_GEO-IRWIN.nc,-25.5514240264893,36.154670715332,"2021-02-20T03:01:22,000",,s1b-iw-owi-cm-20210220t030028-20210220t030302-000003-030FCF.nc,/home/datawork-cersat-public/cache/public/ftp/project/sarwing/processings/grdwind+windir_2025v6v12_2v0_0v3v9_0v0v6_0v0v6_1v4v3_1v0v15_1v0v10_1v2v5_1v2v2_1v1v1_1v2v1/cmod5n_ecmwf_norecal_rs2rcmgmfv4_28052025/sentinel-1b/L2M/IW/S1B_IW_GRDH_1S/2021/051/S1B_IW_GRDH_1SDV_20210220T030028_20210220T030302_025684_030FCF_007BX3A7AX725BXA13BXC126XD543/s1b-iw-owi-cm-20210220t030028-20210220t030302-000003-030FCF.nc
sh212021,IRWIN,rs2-scwa-owi-cm-20210220t030329-20210220t030445-00003-______ll_gd_GEO-IRWIN.nc,-25.5514240264893,36.154670715332,"2021-02-20T03:03:29,000",/scale/user/mtannaou/alternance/donnees_sar_changes/rs2-scwa-owi-cm-20210220t030329-20210220t030445-00003-xxxxx_aeqd.nc,rs2-scwa-owi-cm-20210220t030329-20210220t030445-00003-xxxxx.nc,/home/datawork-cersat-public/cache/public/ftp/project/sarwing/processings/grdwind+windir_2025v6v12_2v0_0v3v9_0v0v6_0v0v6_1v4v3_1v0v15_1v0v10_1v2v5_1v2v2_1v1v1_1v2v1/cmod5n_ecmwf_norecal_rs2rcmgmfv4_28052025/RS2/L2M/SCWA/RS2_SCWA/2021/051/RS2_OK129673_PK1136687_DK1093019_SCWA_20210220_030329_030329_VV_VH_SGF/rs2-scwa-owi-cm-20210220t030329-20210220t030445-00003-xxxxx.nc
sh072021,IRWIN,s1a-ew-owi-cm-20201225t144526-20201225t144819-000003-04324A_ll_gd_GEO-IRWIN.nc,-15.8321895599365,54.8150939941406,"2020-12-25T14:45:26,000",/scale/user/mtannaou/alternance/donnees_sar_changes/s1a-ew-owi-cm-20201225t144526-20201225t144819-000003-04324A_aeqd.nc,s1a-ew-owi-cm-20201225t144526-20201225t144819-000003-04324A.nc,/home/datawork-cersat-public/cache/public/ftp/project/sarwing/processings/grdwind+windir_2025v6v12_2v0_0v3v9_0v0v6_0v0v6_1v4v3_1v0v15_1v0v10_1v2v5_1v2v2_1v1v1_1v2v1/cmod5n_ecmwf_norecal_rs2rcmgmfv4_28052025/sentinel-1a/L2M/EW/S1A_EW_GRDM_1S/2020/360/S1A_EW_GRDM_1SDV_20201225T144526_20201225T144819_035843_04324A_1062X5F48X6D53/s1a-ew-owi-cm-20201225t144526-20201225t144819-000003-04324A.nc
sh072021,IRWIN,s1b-ew-owi-cm-20201225t014342-20201225t014552-000003-02F4F5_ll_gd_GEO-IRWIN.nc,-15.6873064041138,56.7586364746094,"2020-12-25T01:43:42,000",/scale/user/mtannaou/alternance/donnees_sar_changes/s1b-ew-owi-cm-20201225t014342-20201225t014552-000003-02F4F5_aeqd.nc,s1b-ew-owi-cm-20201225t014342-20201225t014552-000003-02F4F5.nc,/home/datawork-cersat-public/cache/public/ftp/project/sarwing/processings/grdwind+windir_2025v6v12_2v0_0v3v9_0v0v6_0v0v6_1v4v3_1v0v15_1v0v10_1v2v5_1v2v2_1v1v1_1v2v1/cmod5n_ecmwf_norecal_rs2rcmgmfv4_28052025/sentinel-1b/L2M/EW/S1B_EW_GRDM_1S/2020/360/S1B_EW_GRDM_1SDV_20201225T014342_20201225T014552_024852_02F4F5_304FX4B79/s1b-ew-owi-cm-20201225t014342-20201225t014552-000003-02F4F5.nc
sh072021,IRWIN,s1b-iw-owi-cm-20201229t025114-20201229t025257-000003-02F6D8_ll_gd_GEO-IRWIN.nc,-19.8809032440186,40.8993453979492,"2020-12-29T02:51:14,000",,s1b-iw-owi-cm-20201229t024959-20201229t025257-000003-02F6D8.nc,/home/datawork-cersat-public/cache/public/ftp/project/sarwing/processings/grdwind+windir_2025v6v12_2v0_0v3v9_0v0v6_0v0v6_1v4v3_1v0v15_1v0v10_1v2v5_1v2v2_1v1v1_1v2v1/cmod5n_ecmwf_norecal_rs2rcmgmfv4_28052025/sentinel-1b/L2M/IW/S1B_IW_GRDH_1S/2020/364/S1B_IW_GRDH_1SDV_20201229T024959_20201229T025257_024911_02F6D8_0D9AX77F0X8509X8B55X8CC3XDF56XE22E/s1b-iw-owi-cm-20201229t024959-20201229t025257-000003-02F6D8.nc
wp082020,IRWIN,s1a-iw-owi-cm-20200818t102517-20200818t102611-000003-03F0BB_ll_gd_GEO-IRWIN.nc,20.9642524719238,115.273338317871,"2020-08-18T10:25:17,000",/scale/user/mtannaou/alternance/donnees_sar_changes/s1a-iw-owi-cm-20200818t102517-20200818t102611-000003-03F0BB_aeqd.nc,s1a-iw-owi-cm-20200818t102517-20200818t102611-000003-03F0BB.nc,/home/datawork-cersat-public/cache/public/ftp/project/sarwing/processings/grdwind+windir_2025v6v12_2v0_0v3v9_0v0v6_0v0v6_1v4v3_1v0v15_1v0v10_1v2v5_1v2v2_1v1v1_1v2v1/cmod5n_ecmwf_norecal_rs2rcmgmfv4_28052025/sentinel-1a/L2M/IW/S1A_IW_GRDH_1S/2020/231/S1A_IW_GRDH_1SDV_20200818T102517_20200818T102611_033960_03F0BB_329DX9E57/s1a-iw-owi-cm-20200818t102517-20200818t102611-000003-03F0BB.nc
al222020,IRWIN,s1a-iw-owi-cm-20200920t000909-20200920t001024-000003-040179_ll_gd_GEO-IRWIN.nc,26.7443523406982,267.925659179688,"2020-09-20T00:09:09,000",,s1a-iw-owi-cm-20200920t000754-20200920t001049-000003-040179.nc,/home/datawork-cersat-public/cache/public/ftp/project/sarwing/processings/grdwind+windir_2025v6v12_2v0_0v3v9_0v0v6_0v0v6_1v4v3_1v0v15_1v0v10_1v2v5_1v2v2_1v1v1_1v2v1/cmod5n_ecmwf_norecal_rs2rcmgmfv4_28052025/sentinel-1a/L2M/IW/S1A_IW_GRDH_1S/2020/264/S1A_IW_GRDH_1SDV_20200920T000754_20200920T001049_034435_040179_24ECX2656X66CCX9318X99EAXB852XCB33/s1a-iw-owi-cm-20200920t000754-20200920t001049-000003-040179.nc
ep112024,IRWIN,rcm1-sclnc-owi-cm-20241003t121623-20241003t121739-00003-______ll_gd_GEO-IRWIN.nc,14.6303672790527,264.780639648438,"2024-10-03T12:16:23,000",/scale/user/mtannaou/alternance/donnees_sar_changes/rcm1-sclnc-owi-cm-20241003t121623-20241003t121739-00003-xxxxx_aeqd.nc,rcm1-sclnc-owi-cm-20241003t121623-20241003t121739-00003-xxxxx.nc,/home/datawork-cersat-public/cache/public/ftp/project/sarwing/processings/grdwind+windir_2025v6v12_2v0_0v3v9_0v0v6_0v0v6_1v4v3_1v0v15_1v0v10_1v2v5_1v2v2_1v1v1_1v2v1/cmod5n_ecmwf_norecal_rs2rcmgmfv4_28052025/rcm-1/L2M/sclnc/rcm-1_sclnc/2024/277/RCM1_OK3295712_PK3298228_1_SCLNC_20241003_121625_VV_VH_GRD/rcm1-sclnc-owi-cm-20241003t121623-20241003t121739-00003-xxxxx.nc
ep112024,IRWIN,rcm1-sclnc-owi-cm-20241002t120841-20241002t120924-00003-______ll_gd_GEO-IRWIN.nc,14.9409847259522,264.223968505859,"2024-10-02T12:08:41,000",/scale/user/mtannaou/alternance/donnees_sar_changes/rcm1-sclnc-owi-cm-20241002t120841-20241002t120924-00003-xxxxx_aeqd.nc,rcm1-sclnc-owi-cm-20241002t120841-20241002t120924-00003-xxxxx.nc,/home/datawork-cersat-public/cache/public/ftp/project/sarwing/processings/grdwind+windir_2025v6v12_2v0_0v3v9_0v0v6_0v0v6_1v4v3_1v0v15_1v0v10_1v2v5_1v2v2_1v1v1_1v2v1/cmod5n_ecmwf_norecal_rs2rcmgmfv4_28052025/rcm-1/L2M/sclnc/rcm-1_sclnc/2024/276/RCM1_OK3294135_PK3295916_1_SCLNC_20241002_120843_VV_VH_GRD/rcm1-sclnc-owi-cm-20241002t120841-20241002t120924-00003-xxxxx.nc
