cyclone,canal,fichier,lat_centre,lon_centre,sar_acquisition_time
sh142025,IRWIN,rcm1-sclnd-owi-cm-20250217t134001-20250217t134117-00003-xxxxx_ll_gd_GEO-IRWIN.nc,-29.77972221374512,77.2838134765625,2025-02-17T13:40:01.000000000
sh142025,IRWIN,rcm2-sclnc-owi-cm-20250202t214725-20250202t214840-00003-xxxxx_ll_gd_GEO-IRWIN.nc,-15.152109146118164,115.30577850341795,2025-02-02T21:47:25.000000000
sh142025,IRWIN,rcm2-sclna-owi-cm-20250214t124545-20250214t124701-00003-xxxxx_ll_gd_GEO-IRWIN.nc,-24.15639877319336,84.07135772705078,2025-02-14T12:45:45.000000000
sh142025,IRWIN,rcm3-sclna-owi-cm-20250204t105538-20250204t105652-00003-xxxxx_ll_gd_GEO-IRWIN.nc,-15.56638240814209,110.64187622070312,2025-02-04T10:55:38.000000000
sh142025,IRWIN,rcm2-sclnb-owi-cm-20250210t121608-20250210t121722-00003-xxxxx_ll_gd_GEO-IRWIN.nc,-14.788273811340332,92.9714584350586,2025-02-10T12:16:08.000000000
sh142025,IRWIN,rcm2-sclnd-owi-cm-20250206t114338-20250206t114453-00003-xxxxx_ll_gd_GEO-IRWIN.nc,-14.80366039276123,102.5439453125,2025-02-06T11:43:38.000000000
sh142025,IRWIN,rcm2-sclna-owi-cm-20250208t115942-20250208t120059-00003-xxxxx_ll_gd_GEO-IRWIN.nc,-15.59580421447754,95.29044342041016,2025-02-08T11:59:42.000000000
sh142025,IRWIN,rcm1-sclna-owi-cm-20250216t000710-20250216t000825-00003-xxxxx_ll_gd_GEO-IRWIN.nc,-26.614511489868164,81.78712463378906,2025-02-16T00:07:10.000000000
sh142025,IRWIN,s1a-ew-owi-cm-20250204t111221-20250204t111324-000003-071E7C_ll_gd_GEO-IRWIN.nc,-15.57291030883789,110.61649322509766,2025-02-04T11:12:21.000000000
sh142025,IRWIN,rcm1-sclnd-owi-cm-20250218t134745-20250218t134859-00003-xxxxx_ll_gd_GEO-IRWIN.nc,-31.0376091003418,75.95713806152344,2025-02-18T13:47:45.000000000
sh142025,IRWIN,rcm1-sclna-owi-cm-20250214t235840-20250214t235955-00003-xxxxx_ll_gd_GEO-IRWIN.nc,-24.891380310058597,83.70563507080078,2025-02-14T23:58:40.000000000
sh142025,IRWIN,rcm1-sclnd-owi-cm-20250208t230814-20250208t230932-00003-xxxxx_ll_gd_GEO-IRWIN.nc,-15.219789505004885,94.4540557861328,2025-02-08T23:08:14.000000000
sh142025,IRWIN,rcm1-sclna-owi-cm-20250218t002420-20250218t002534-00003-xxxxx_ll_gd_GEO-IRWIN.nc,-30.426149368286133,76.67912292480469,2025-02-18T00:24:20.000000000
sh142025,IRWIN,rcm2-sclna-owi-cm-20250209t120759-20250209t120913-00003-xxxxx_ll_gd_GEO-IRWIN.nc,-14.992843627929688,93.58270263671876,2025-02-09T12:07:59.000000000
sh142025,IRWIN,rcm3-sclnc-owi-cm-20250202t103947-20250202t104104-00003-xxxxx_ll_gd_GEO-IRWIN.nc,-14.360956192016602,116.58341979980467,2025-02-02T10:39:47.000000000
sh142025,IRWIN,rcm1-sclnd-owi-cm-20250207t230015-20250207t230132-00003-xxxxx_ll_gd_GEO-IRWIN.nc,-15.798029899597168,96.64205169677734,2025-02-07T23:00:15.000000000
sh142025,IRWIN,rcm2-sclnc-owi-cm-20250212t123109-20250212t123225-00003-xxxxx_ll_gd_GEO-IRWIN.nc,-19.12323760986328,89.93474578857422,2025-02-12T12:31:09.000000000
sh142025,IRWIN,rcm1-sclna-owi-cm-20250212t234114-20250212t234228-00003-xxxxx_ll_gd_GEO-IRWIN.nc,-20.837343215942383,88.56757354736328,2025-02-12T23:41:14.000000000
sh142025,IRWIN,rcm3-sclna-owi-cm-20250203t104742-20250203t104858-00003-xxxxx_ll_gd_GEO-IRWIN.nc,-15.091270446777344,113.8026885986328,2025-02-03T10:47:42.000000000
sh142025,IRWIN,rcm2-sclna-owi-cm-20250213t123817-20250213t123931-00003-xxxxx_ll_gd_GEO-IRWIN.nc,-22.749292373657227,86.43020629882812,2025-02-13T12:38:17.000000000
sh142025,IRWIN,rcm1-sclnd-owi-cm-20250216t133237-20250216t133353-00003-xxxxx_ll_gd_GEO-IRWIN.nc,-28.48345375061035,79.66661834716797,2025-02-16T13:32:37.000000000
sh142025,IRWIN,rcm2-sclnc-owi-cm-20250211t122351-20250211t122507-00003-xxxxx_ll_gd_GEO-IRWIN.nc,-15.333709716796877,91.89275360107422,2025-02-11T12:23:51.000000000
sh142025,IRWIN,rcm1-sclnd-owi-cm-20250219t135547-20250219t135705-00003-xxxxx_ll_gd_GEO-IRWIN.nc,-30.11417961120605,75.06722259521484,2025-02-19T13:55:47.000000000
sh142025,IRWIN,rcm1-sclna-owi-cm-20250213t235008-20250213t235122-00003-xxxxx_ll_gd_GEO-IRWIN.nc,-23.29133033752441,85.11778259277344,2025-02-13T23:50:08.000000000
sh142025,IRWIN,rcm1-sclnc-owi-cm-20250206t225159-20250206t225314-00003-xxxxx_ll_gd_GEO-IRWIN.nc,-15.096397399902344,100.96251678466795,2025-02-06T22:51:59.000000000
sh142025,IRWIN,rcm1-sclna-owi-cm-20250205t224350-20250205t224505-00003-xxxxx_ll_gd_GEO-IRWIN.nc,-14.878192901611328,105.05764770507812,2025-02-05T22:43:50.000000000
sh142025,IRWIN,rcm2-sclnd-owi-cm-20250205t113519-20250205t113635-00003-xxxxx_ll_gd_GEO-IRWIN.nc,-14.905413627624512,106.71298217773438,2025-02-05T11:35:19.000000000
sh142025,IRWIN,s1a-ew-owi-cm-20250205t224407-20250205t224511-000003-071F5A_ll_gd_GEO-IRWIN.nc,-14.878192901611328,105.05764770507812,2025-02-05T22:44:07.000000000
sh142025,IRWIN,rcm2-sclna-owi-cm-20250207t115135-20250207t115250-00003-xxxxx_ll_gd_GEO-IRWIN.nc,-15.800745964050291,98.30911254882812,2025-02-07T11:51:35.000000000
sh142025,IRWIN,rcm1-sclnd-owi-cm-20250209t231555-20250209t231711-00003-xxxxx_ll_gd_GEO-IRWIN.nc,-14.614262580871582,93.10743713378906,2025-02-09T23:15:55.000000000
sh142025,IRWIN,rcm1-sclnb-owi-cm-20250211t233221-20250211t233337-00003-xxxxx_ll_gd_GEO-IRWIN.nc,-16.554819107055664,91.33751678466795,2025-02-11T23:32:21.000000000
sh142025,IRWIN,rcm2-sclnd-owi-cm-20250203t215557-20250203t215713-00003-xxxxx_ll_gd_GEO-IRWIN.nc,-15.35372257232666,112.4677963256836,2025-02-03T21:55:57.000000000
sh142025,IRWIN,rcm1-sclnc-owi-cm-20250210t232353-20250210t232507-00003-xxxxx_ll_gd_GEO-IRWIN.nc,-14.366215705871582,92.21339416503906,2025-02-10T23:23:53.000000000
sh142025,IRWIN,rcm1-sclna-owi-cm-20250217t001554-20250217t001710-00003-xxxxx_ll_gd_GEO-IRWIN.nc,-29.216781616210938,78.1612777709961,2025-02-17T00:15:54.000000000
al102019,IRWIN,s1a-iw-owi-cm-20190920t221952-20190920t222132-000003-034DF5_ll_gd_GEO-IRWIN.nc,19.853086471557617,297.8992004394531,2019-09-20T22:19:52.000000000
al012024,IRWIN,rcm1-sclnd-owi-cm-20240620t004603-20240620t004719-00003-______ll_gd_GEO-IRWIN.nc,21.51799201965332,264.37469482421875,2024-06-20T00:46:03.000000000
al012024,WV,rcm1-sclnd-owi-cm-20240620t004603-20240620t004719-00003-______ll_gd_GEO-WV.nc,21.51798820495605,264.3747253417969,2024-06-20T00:46:03.000000000
al022025,IRWIN,rcm2-sclnd-owi-cm-20250630t003745-20250630t003900-00003-xxxxx_ll_gd_GEO-IRWIN.nc,21.79279327392578,262.489501953125,2025-06-30T00:37:45.000000000
al022025,IRWIN,rcm2-sclna-owi-cm-20250629t122306-20250629t122421-00003-xxxxx_ll_gd_GEO-IRWIN.nc,20.145170211791992,263.9637451171875,2025-06-29T12:23:06.000000000
ep192022,IRWIN,s1a-iw-owi-cm-20221022t130700-20221022t130753-000003-057241_ll_gd_GEO-IRWIN.nc,17.764738082885742,253.7095489501953,2022-10-22T13:07:00.000000000
ep192022,IRWIN,rcm2-sclnd-owi-cm-20221022t124742-20221022t124922-00003-______ll_gd_GEO-IRWIN.nc,17.7193546295166,253.7339630126953,2022-10-22T12:47:42.000000000
sh112025,IRWIN,rcm2-sclna-owi-cm-20250201t141610-20250201t141725-00003-xxxxx_ll_gd_GEO-IRWIN.nc,-17.825761795043945,60.35740280151367,2025-02-01T14:16:10.000000000
sh112025,IRWIN,rcm1-sclnd-owi-cm-20250202t145533-20250202t145650-00003-xxxxx_ll_gd_GEO-IRWIN.nc,-18.31169891357422,54.425323486328125,2025-02-02T14:55:33.000000000
sh112025,IRWIN,rcm1-sclnb-owi-cm-20250201t011717-20250201t011831-00003-xxxxx_ll_gd_GEO-IRWIN.nc,-16.9943790435791,62.40103530883789,2025-02-01T01:17:17.000000000
sh112025,IRWIN,s1a-iw-owi-cm-20250204t021754-20250204t021848-000003-071E40_ll_gd_GEO-IRWIN.nc,-18.6435546875,50.03757095336914,2025-02-04T02:17:54.000000000
sh112025,IRWIN,rcm2-sclnc-owi-cm-20250131t140754-20250131t140910-00003-xxxxx_ll_gd_GEO-IRWIN.nc,-17.029621124267578,65.06200408935547,2025-01-31T14:07:54.000000000
sh112025,IRWIN,s1a-iw-owi-cm-20250204t022003-20250204t022028-000003-071E40_ll_gd_GEO-IRWIN.nc,-18.6435546875,50.03757095336914,2025-02-04T02:20:03.000000000
sh112025,IRWIN,s1a-ew-owi-cm-20250202t144430-20250202t144735-000003-071D6E_ll_gd_GEO-IRWIN.nc,-18.31169891357422,54.425323486328125,2025-02-02T14:44:30.000000000
sh112025,IRWIN,rcm1-sclnd-owi-cm-20250203t150341-20250203t150456-00003-xxxxx_ll_gd_GEO-IRWIN.nc,-18.741357803344727,51.23017501831055,2025-02-03T15:03:41.000000000
sh112025,IRWIN,rcm1-sclna-owi-cm-20250130t010028-20250130t010143-00003-xxxxx_ll_gd_GEO-IRWIN.nc,-16.07011604309082,71.79688262939453,2025-01-30T01:00:28.000000000
sh112025,IRWIN,rcm3-sclna-owi-cm-20250204t021400-20250204t021515-00003-xxxxx_ll_gd_GEO-IRWIN.nc,-18.6435546875,50.03757095336914,2025-02-04T02:14:00.000000000
sh112025,IRWIN,rcm1-sclnd-owi-cm-20250202t012529-20250202t012647-00003-xxxxx_ll_gd_GEO-IRWIN.nc,-18.40060806274414,58.24292755126953,2025-02-02T01:25:29.000000000
sh112025,IRWIN,rcm3-sclna-owi-cm-20250203t020600-20250203t020715-00003-xxxxx_ll_gd_GEO-IRWIN.nc,-18.163982391357425,52.6269416809082,2025-02-03T02:06:00.000000000
ep122021,IRWIN,rcm2-sc100ma-owi-cm-20210818t143906-20210818t144138-00003-______ll_gd_GEO-IRWIN.nc,18.25746154785156,228.1685943603516,2021-08-18T14:39:06.000000000
ep122021,IRWIN,s1a-iw-owi-cm-20210823t161535-20210823t161654-000003-04A612_ll_gd_GEO-IRWIN.nc,21.15735626220703,204.02297973632807,2021-08-23T16:15:35.000000000
ep042021,IRWIN,s1a-iw-owi-cm-20210619t125029-20210619t125121-000003-04884E_ll_gd_GEO-IRWIN.nc,18.10356903076172,256.4402160644531,2021-06-19T12:50:29.000000000
io032024,IRWIN,rcm2-sclna-owi-cm-20241025t001048-20241025t001205-00003-______ll_gd_GEO-IRWIN.nc,20.90899658203125,86.89592742919922,2024-10-25T00:10:48.000000000
io032024,IRWIN,rcm2-sclnd-owi-cm-20241025t122536-20241025t122653-00003-______ll_gd_GEO-IRWIN.nc,21.192880630493164,86.38916015625,2024-10-25T12:25:36.000000000
io032024,IRWIN,rcm2-sclnc-owi-cm-20241024t121720-20241024t121835-00003-______ll_gd_GEO-IRWIN.nc,19.83429908752441,87.48273468017578,2024-10-24T12:17:20.000000000
io032024,IRWIN,rcm2-sclnb-owi-cm-20241023t120841-20241023t120956-00003-______ll_gd_GEO-IRWIN.nc,17.313262939453125,88.99588012695312,2024-10-23T12:08:41.000000000
io032024,WV,rcm2-sclnb-owi-cm-20241023t120841-20241023t120956-00003-______ll_gd_GEO-WV.nc,17.313262939453125,88.99588012695312,2024-10-23T12:08:41.000000000
io032024,WV,rcm2-sclnd-owi-cm-20241025t122536-20241025t122653-00003-______ll_gd_GEO-WV.nc,21.192880630493164,86.38916015625,2024-10-25T12:25:36.000000000
io032024,WV,rcm2-sclnc-owi-cm-20241024t121720-20241024t121835-00003-______ll_gd_GEO-WV.nc,19.83429908752441,87.48273468017578,2024-10-24T12:17:20.000000000
io032024,WV,rcm2-sclna-owi-cm-20241025t001048-20241025t001205-00003-______ll_gd_GEO-WV.nc,20.90899658203125,86.89592742919922,2024-10-25T00:10:48.000000000
sh122022,IRWIN,s1a-ew-owi-cm-20220213t143725-20220213t143926-000003-04FCF7_ll_gd_GEO-IRWIN.nc,-15.404488563537598,59.30512619018555,2022-02-13T14:37:25.000000000
sh122022,IRWIN,s1a-iw-owi-cm-20220215t021005-20220215t021149-000003-04FDBB_ll_gd_GEO-IRWIN.nc,-16.900432586669922,51.38219833374024,2022-02-15T02:10:05.000000000
ep032025,IRWIN,rcm1-sc50mc-owi-cm-20250611t014837-20250611t014955-00003-xxxxx_ll_gd_GEO-IRWIN.nc,15.863916397094728,245.0713806152344,2025-06-11T01:48:37.000000000
ep032025,IRWIN,rcm1-sc50ma-owi-cm-20250610t014020-20250610t014137-00003-xxxxx_ll_gd_GEO-IRWIN.nc,15.053851127624512,245.7966766357422,2025-06-10T01:40:20.000000000
ep032025,IRWIN,rcm1-sc50mc-owi-cm-20250609t013207-20250609t013325-00003-xxxxx_ll_gd_GEO-IRWIN.nc,13.632368087768556,248.2816162109375,2025-06-09T01:32:07.000000000
ep032025,IRWIN,rcm1-sc50ma-owi-cm-20250610t133629-20250610t133746-00003-xxxxx_ll_gd_GEO-IRWIN.nc,15.458063125610352,245.09765625,2025-06-10T13:36:29.000000000
ep032025,IRWIN,rcm1-sc50ma-owi-cm-20250609t132840-20250609t132957-00003-xxxxx_ll_gd_GEO-IRWIN.nc,14.512240409851074,246.7744903564453,2025-06-09T13:28:40.000000000
ep052024,IRWIN,rcm2-sc50mb-owi-cm-20240807t134355-20240807t134513-00003-______ll_gd_GEO-IRWIN.nc,17.747867584228516,243.36973571777344,2024-08-07T13:43:55.000000000
ep052024,IRWIN,rcm2-sc50ma-owi-cm-20240807t014852-20240807t015009-00003-______ll_gd_GEO-IRWIN.nc,15.453907012939451,244.6827545166016,2024-08-07T01:48:52.000000000
ep052024,IRWIN,rcm2-sc50ma-owi-cm-20240808t015803-20240808t015920-00003-______ll_gd_GEO-IRWIN.nc,20.281530380249023,240.20095825195312,2024-08-08T01:58:03.000000000
ep052024,IRWIN,rcm2-sc50ma-owi-cm-20240806t014022-20240806t014139-00003-______ll_gd_GEO-IRWIN.nc,13.435389518737791,245.4654235839844,2024-08-06T01:40:22.000000000
ep052024,IRWIN,rcm2-sc50ma-owi-cm-20240805t132853-20240805t133010-00003-______ll_gd_GEO-IRWIN.nc,14.024112701416016,246.015625,2024-08-05T13:28:53.000000000
ep052024,IRWIN,rcm2-sc50ma-owi-cm-20240806t133646-20240806t133803-00003-______ll_gd_GEO-IRWIN.nc,13.877161026000977,244.96170043945312,2024-08-06T13:36:46.000000000
ep052024,WV,rcm2-sc50ma-owi-cm-20240806t133646-20240806t133803-00003-______ll_gd_GEO-WV.nc,13.877153396606444,244.96170043945312,2024-08-06T13:36:46.000000000
ep052024,WV,rcm2-sc50ma-owi-cm-20240805t132853-20240805t133010-00003-______ll_gd_GEO-WV.nc,14.024127960205078,246.015625,2024-08-05T13:28:53.000000000
ep052024,WV,rcm2-sc50ma-owi-cm-20240807t014852-20240807t015009-00003-______ll_gd_GEO-WV.nc,15.45388126373291,244.68276977539065,2024-08-07T01:48:52.000000000
ep052024,WV,rcm2-sc50mb-owi-cm-20240807t134355-20240807t134513-00003-______ll_gd_GEO-WV.nc,17.74782943725586,243.3697509765625,2024-08-07T13:43:55.000000000
ep052024,WV,rcm2-sc50ma-owi-cm-20240808t015803-20240808t015920-00003-______ll_gd_GEO-WV.nc,20.28151130676269,240.20098876953125,2024-08-08T01:58:03.000000000
ep052024,WV,rcm2-sc50ma-owi-cm-20240806t014022-20240806t014139-00003-______ll_gd_GEO-WV.nc,13.435384750366213,245.46543884277344,2024-08-06T01:40:22.000000000
al082023,IRWIN,rcm2-sclna-owi-cm-20230825t102929-20230825t103044-00003-______ll_gd_GEO-IRWIN.nc,21.96590805053711,292.0307922363281,2023-08-25T10:29:29.000000000
al082023,IRWIN,rcm1-sclnb-owi-cm-20230822t225202-20230822t225317-00003-______ll_gd_GEO-IRWIN.nc,16.340723037719727,288.6141967773437,2023-08-22T22:52:02.000000000
al082023,IRWIN,rcm3-sclna-owi-cm-20230826t222218-20230826t222334-00003-______ll_gd_GEO-IRWIN.nc,23.77712631225586,292.2484436035156,2023-08-26T22:22:18.000000000
al082023,IRWIN,rcm3-sclna-owi-cm-20230827t223040-20230827t223155-00003-______ll_gd_GEO-IRWIN.nc,25.87471008300781,289.8188171386719,2023-08-27T22:30:40.000000000
al082023,IRWIN,s1a-ew-owi-cm-20230826t102124-20230826t102228-000003-060585_ll_gd_GEO-IRWIN.nc,23.05642890930176,293.7003479003906,2023-08-26T10:21:24.000000000
al082023,IRWIN,rcm3-sclnd-owi-cm-20230829t224813-20230829t224928-00003-______ll_gd_GEO-IRWIN.nc,31.668336868286133,290.364013671875,2023-08-29T22:48:13.000000000
al082023,IRWIN,rcm1-sc50mb-owi-cm-20230831t100925-20230831t101309-00003-______ll_gd_GEO-IRWIN.nc,34.97369384765625,296.9983215332031,2023-08-31T10:09:25.000000000
al082023,IRWIN,s1a-ew-owi-cm-20230828t223927-20230828t224031-000003-0606CB_ll_gd_GEO-IRWIN.nc,28.741418838500977,288.89019775390625,2023-08-28T22:39:27.000000000
al082023,IRWIN,rcm2-sclnb-owi-cm-20230824t223732-20230824t223849-00003-______ll_gd_GEO-IRWIN.nc,22.383623123168945,291.3533935546875,2023-08-24T22:37:32.000000000
al082023,IRWIN,rcm1-sclnd-owi-cm-20230823t230025-20230823t230205-00003-______ll_gd_GEO-IRWIN.nc,20.416189193725582,289.38336181640625,2023-08-23T23:00:25.000000000
al082023,IRWIN,s1a-iw-owi-cm-20230830t222518-20230830t222612-000003-0607CE_ll_gd_GEO-IRWIN.nc,34.29666519165039,294.4031677246094,2023-08-30T22:25:18.000000000
al082023,IRWIN,rcm2-sclnd-owi-cm-20230824t102158-20230824t102317-00003-______ll_gd_GEO-IRWIN.nc,21.93621826171875,289.8376770019531,2023-08-24T10:21:58.000000000
al082023,IRWIN,rcm1-sclna-owi-cm-20230823t104701-20230823t104732-00003-______ll_gd_GEO-IRWIN.nc,18.079965591430664,288.84698486328125,2023-08-23T10:47:01.000000000
al082023,IRWIN,rcm3-sclnd-owi-cm-20230829t102746-20230829t102905-00003-______ll_gd_GEO-IRWIN.nc,30.14963722229004,289.2105712890625,2023-08-29T10:27:46.000000000
al082023,IRWIN,rcm1-sclnb-owi-cm-20230822t103914-20230822t104029-00003-______ll_gd_GEO-IRWIN.nc,14.629657745361328,288.9320068359375,2023-08-22T10:39:14.000000000
al082023,IRWIN,rcm3-sclnd-owi-cm-20230827t101327-20230827t101443-00003-______ll_gd_GEO-IRWIN.nc,24.743661880493164,291.0722961425781,2023-08-27T10:13:27.000000000
al082023,IRWIN,rcm1-sclnd-owi-cm-20230830t222441-20230830t222556-00003-______ll_gd_GEO-IRWIN.nc,34.29666519165039,294.4031677246094,2023-08-30T22:24:41.000000000
al082023,IRWIN,s1a-ew-owi-cm-20230829t104413-20230829t104516-000003-060704_ll_gd_GEO-IRWIN.nc,30.16628837585449,289.2205505371094,2023-08-29T10:44:13.000000000
wp042021,IRWIN,rcm2-sc50ma-owi-cm-20210603t101325-20210603t101821-00003-______ll_gd_GEO-IRWIN.nc,18.26248550415039,118.17245483398438,2021-06-03T10:13:25.000000000
ep122024,IRWIN,rcm3-sclnd-owi-cm-20241026t141619-20241026t141735-00003-______ll_gd_GEO-IRWIN.nc,19.612924575805664,231.5419769287109,2024-10-26T14:16:19.000000000
ep122024,IRWIN,rcm1-sc50mb-owi-cm-20241023t012355-20241023t012513-00003-______ll_gd_GEO-IRWIN.nc,14.66844367980957,250.3793182373047,2024-10-23T01:23:55.000000000
ep122024,IRWIN,rcm3-sc50mc-owi-cm-20241024t020432-20241024t020550-00003-______ll_gd_GEO-IRWIN.nc,14.195932388305664,242.96669006347656,2024-10-24T02:04:32.000000000
ep122024,IRWIN,rcm3-sclnc-owi-cm-20241025t140906-20241025t141023-00003-______ll_gd_GEO-IRWIN.nc,15.740299224853516,235.3085479736328,2024-10-25T14:09:06.000000000
ep122024,IRWIN,rcm3-sclnd-owi-cm-20241027t142324-20241027t142441-00003-______ll_gd_GEO-IRWIN.nc,22.583499908447266,230.3871154785156,2024-10-27T14:23:24.000000000
ep122024,IRWIN,rcm1-sc50mb-owi-cm-20241023t132045-20241023t132202-00003-______ll_gd_GEO-IRWIN.nc,14.329755783081056,246.58323669433597,2024-10-23T13:20:45.000000000
ep122024,IRWIN,rcm3-sclna-owi-cm-20241024t140117-20241024t140232-00003-______ll_gd_GEO-IRWIN.nc,14.020308494567873,239.83111572265625,2024-10-24T14:01:17.000000000
ep122024,IRWIN,rcm3-sclna-owi-cm-20241025t021249-20241025t021404-00003-______ll_gd_GEO-IRWIN.nc,14.493258476257324,237.3285217285156,2024-10-25T02:12:49.000000000
ep122024,IRWIN,rcm2-sc50ma-owi-cm-20241021t123254-20241021t123411-00003-______ll_gd_GEO-IRWIN.nc,13.469123840332031,259.8539733886719,2024-10-21T12:32:54.000000000
ep122024,IRWIN,s1a-ew-owi-cm-20241025t021734-20241025t021838-000003-06E34A_ll_gd_GEO-IRWIN.nc,14.510064125061035,237.2937164306641,2024-10-25T02:17:34.000000000
ep122024,WV,rcm3-sclnc-owi-cm-20241025t140906-20241025t141023-00003-______ll_gd_GEO-WV.nc,15.740283012390137,235.3085784912109,2024-10-25T14:09:06.000000000
ep122024,WV,rcm3-sclna-owi-cm-20241024t140117-20241024t140232-00003-______ll_gd_GEO-WV.nc,14.020304679870604,239.8311767578125,2024-10-24T14:01:17.000000000
ep122024,WV,rcm3-sclna-owi-cm-20241025t021249-20241025t021404-00003-______ll_gd_GEO-WV.nc,14.493244171142578,237.32855224609372,2024-10-25T02:12:49.000000000
ep122024,WV,s1a-ew-owi-cm-20241025t021734-20241025t021838-000003-06E34A_ll_gd_GEO-WV.nc,14.510049819946287,237.2937469482422,2024-10-25T02:17:34.000000000
ep122024,WV,rcm1-sc50mb-owi-cm-20241023t132045-20241023t132202-00003-______ll_gd_GEO-WV.nc,14.329764366149902,246.58328247070312,2024-10-23T13:20:45.000000000
ep122024,WV,rcm1-sc50mb-owi-cm-20241023t012355-20241023t012513-00003-______ll_gd_GEO-WV.nc,14.668448448181152,250.37936401367188,2024-10-23T01:23:55.000000000
ep122024,WV,rcm3-sc50mc-owi-cm-20241024t020432-20241024t020550-00003-______ll_gd_GEO-WV.nc,14.195934295654297,242.9667205810547,2024-10-24T02:04:32.000000000
ep122024,WV,rcm3-sclnd-owi-cm-20241027t142324-20241027t142441-00003-______ll_gd_GEO-WV.nc,22.583499908447266,230.3871154785156,2024-10-27T14:23:24.000000000
ep122024,WV,rcm2-sc50ma-owi-cm-20241021t123254-20241021t123411-00003-______ll_gd_GEO-WV.nc,13.469130516052246,259.85400390625,2024-10-21T12:32:54.000000000
ep122024,WV,rcm3-sclnd-owi-cm-20241026t141619-20241026t141735-00003-______ll_gd_GEO-WV.nc,19.61290168762207,231.5419921875,2024-10-26T14:16:19.000000000
sh252020,IRWIN,s1a-iw-owi-cm-20200406t071235-20200406t071509-000003-03B25D_ll_gd_GEO-IRWIN.nc,-15.93389892578125,168.12962341308594,2020-04-06T07:12:35.000000000
al282020,IRWIN,rs2-scwa-owi-cm-20201028t120710-20201028t120825-00003-______ll_gd_GEO-IRWIN.nc,26.073734283447266,268.3098449707031,2020-10-28T12:07:10.000000000
al282020,IRWIN,s1b-iw-owi-cm-20201026t235804-20201026t235944-000003-02D99A_ll_gd_GEO-IRWIN.nc,19.89047241210937,273.4142150878906,2020-10-26T23:58:04.000000000
al182019,IRWIN,s1b-ew-owi-cm-20191025t081225-20191025t081426-000003-023199_ll_gd_GEO-IRWIN.nc,36.39908981323242,326.3199462890625,2019-10-25T08:12:25.000000000
al182019,IRWIN,s1a-iw-owi-cm-20191026t080555-20191026t080712-000003-035FAD_ll_gd_GEO-IRWIN.nc,35.122459411621094,329.769775390625,2019-10-26T08:05:55.000000000
sh282025,IRWIN,rcm2-sclnd-owi-cm-20250328t102300-20250328t102416-00003-xxxxx_ll_gd_GEO-IRWIN.nc,-15.321125984191896,123.7727279663086,2025-03-28T10:23:00.000000000
al012023,IRWIN,s1a-iw-owi-cm-20230116t220908-20230116t221023-000003-059CF8_ll_gd_GEO-IRWIN.nc,39.06135559082031,297.9310607910156,2023-01-16T22:09:08.000000000
al022024,IRWIN,rcm3-sclna-owi-cm-20240706t120629-20240706t120746-00003-______ll_gd_GEO-IRWIN.nc,22.63794708251953,268.1637268066406,2024-07-06T12:06:29.000000000
al022024,IRWIN,s1a-iw-owi-cm-20240705t114427-20240705t114546-000003-06A64E_ll_gd_GEO-IRWIN.nc,20.375715255737305,272.44903564453125,2024-07-05T11:44:27.000000000
al022024,IRWIN,rcm2-sc50ma-owi-cm-20240702t224344-20240702t224458-00003-______ll_gd_GEO-IRWIN.nc,15.93620777130127,288.5719299316406,2024-07-02T22:43:44.000000000
al022024,IRWIN,rcm1-sclnd-owi-cm-20240630t091214-20240630t091332-00003-______ll_gd_GEO-IRWIN.nc,10.44433307647705,306.7746276855469,2024-06-30T09:12:14.000000000
al022024,IRWIN,rcm3-sclnb-owi-cm-20240701t095228-20240701t095343-00003-______ll_gd_GEO-IRWIN.nc,11.76601791381836,299.9446716308594,2024-07-01T09:52:28.000000000
al022024,IRWIN,rcm1-sclnc-owi-cm-20240704t111921-20240704t112014-00003-______ll_gd_GEO-IRWIN.nc,18.746477127075195,278.3690795898437,2024-07-04T11:19:21.000000000
al022024,IRWIN,rcm2-sc50ma-owi-cm-20240702t103148-20240702t103304-00003-______ll_gd_GEO-IRWIN.nc,14.879459381103516,292.5351867675781,2024-07-02T10:31:48.000000000
al022024,IRWIN,rcm3-sclnc-owi-cm-20240708t122047-20240708t122204-00003-______ll_gd_GEO-IRWIN.nc,29.396381378173828,264.011962890625,2024-07-08T12:20:47.000000000
al022024,IRWIN,rcm3-sclnb-owi-cm-20240707t002228-20240707t002343-00003-______ll_gd_GEO-IRWIN.nc,24.441556930541992,266.34423828125,2024-07-07T00:22:28.000000000
al022024,IRWIN,rcm1-sclnc-owi-cm-20240703t232414-20240703t232529-00003-______ll_gd_GEO-IRWIN.nc,17.750965118408203,281.8533020019531,2024-07-03T23:24:14.000000000
al022024,IRWIN,rcm3-sclnc-owi-cm-20240707t121352-20240707t121507-00003-______ll_gd_GEO-IRWIN.nc,25.531232833862305,265.0762634277344,2024-07-07T12:13:52.000000000
al022024,IRWIN,rcm2-sc50mc-owi-cm-20240701t223453-20240701t223610-00003-______ll_gd_GEO-IRWIN.nc,13.324822425842283,296.3139038085937,2024-07-01T22:34:53.000000000
al022024,IRWIN,rcm1-sclnd-owi-cm-20240628t210500-20240628t210617-00003-______ll_gd_GEO-IRWIN.nc,9.085393905639648,317.816650390625,2024-06-28T21:05:00.000000000
al022024,IRWIN,rcm2-sclnd-owi-cm-20240629t083228-20240629t083343-00003-______ll_gd_GEO-IRWIN.nc,9.595355987548828,313.9845275878906,2024-06-29T08:32:28.000000000
al022024,IRWIN,rcm3-sclnb-owi-cm-20240630t215435-20240630t215552-00003-______ll_gd_GEO-IRWIN.nc,11.108531951904297,303.25927734375,2024-06-30T21:54:35.000000000
al022024,IRWIN,rcm1-sclna-owi-cm-20240629t211352-20240629t211507-00003-______ll_gd_GEO-IRWIN.nc,9.994441986083984,310.3343505859375,2024-06-29T21:13:52.000000000
al022024,IRWIN,rcm3-sclnd-owi-cm-20240706t001337-20240706t001452-00003-______ll_gd_GEO-IRWIN.nc,21.420583724975582,270.1557006835937,2024-07-06T00:13:37.000000000
al022024,IRWIN,rcm3-sclnc-owi-cm-20240708t003117-20240708t003234-00003-______ll_gd_GEO-IRWIN.nc,27.200828552246094,264.2797241210937,2024-07-08T00:31:17.000000000
al022024,WV,rcm1-sclnd-owi-cm-20240630t091214-20240630t091332-00003-______ll_gd_GEO-WV.nc,10.444242477416992,306.7748107910156,2024-06-30T09:12:14.000000000
al022024,WV,rcm2-sc50ma-owi-cm-20240702t103148-20240702t103304-00003-______ll_gd_GEO-WV.nc,14.925015449523926,292.3915710449219,2024-07-02T10:31:48.000000000
al022024,WV,rcm1-sclnd-owi-cm-20240628t210500-20240628t210617-00003-______ll_gd_GEO-WV.nc,9.085389137268066,317.8166809082031,2024-06-28T21:05:00.000000000
al022024,WV,rcm3-sclnb-owi-cm-20240630t215435-20240630t215552-00003-______ll_gd_GEO-WV.nc,11.107254028320312,303.26171875,2024-06-30T21:54:35.000000000
al022024,WV,rcm2-sc50ma-owi-cm-20240702t224344-20240702t224458-00003-______ll_gd_GEO-WV.nc,15.939092636108398,288.5627136230469,2024-07-02T22:43:44.000000000
al022024,WV,rcm3-sclnb-owi-cm-20240701t095228-20240701t095343-00003-______ll_gd_GEO-WV.nc,11.74828815460205,299.97821044921875,2024-07-01T09:52:28.000000000
al022024,WV,s1a-iw-owi-cm-20240705t114427-20240705t114546-000003-06A64E_ll_gd_GEO-WV.nc,20.375688552856445,272.4490966796875,2024-07-05T11:44:27.000000000
al022024,WV,rcm2-sc50mc-owi-cm-20240701t223453-20240701t223610-00003-______ll_gd_GEO-WV.nc,13.32517910003662,296.3092346191406,2024-07-01T22:34:53.000000000
al022024,WV,rcm3-sclnc-owi-cm-20240708t122047-20240708t122204-00003-______ll_gd_GEO-WV.nc,29.382110595703125,264.0140380859375,2024-07-08T12:20:47.000000000
al022024,WV,rcm1-sclnc-owi-cm-20240704t111921-20240704t112014-00003-______ll_gd_GEO-WV.nc,18.7464656829834,278.3691101074219,2024-07-04T11:19:21.000000000
al022024,WV,rcm1-sclnc-owi-cm-20240703t232414-20240703t232529-00003-______ll_gd_GEO-WV.nc,17.750959396362305,281.8533020019531,2024-07-03T23:24:14.000000000
al022024,WV,rcm3-sclnc-owi-cm-20240707t121352-20240707t121507-00003-______ll_gd_GEO-WV.nc,25.53096389770508,265.07635498046875,2024-07-07T12:13:52.000000000
al022024,WV,rcm3-sclnb-owi-cm-20240707t002228-20240707t002343-00003-______ll_gd_GEO-WV.nc,24.441499710083008,266.3442687988281,2024-07-07T00:22:28.000000000
al022024,WV,rcm3-sclnd-owi-cm-20240706t001337-20240706t001452-00003-______ll_gd_GEO-WV.nc,21.420560836791992,270.1557312011719,2024-07-06T00:13:37.000000000
al022024,WV,rcm3-sclnc-owi-cm-20240708t003117-20240708t003234-00003-______ll_gd_GEO-WV.nc,27.192100524902344,264.2815856933594,2024-07-08T00:31:17.000000000
al022024,WV,rcm2-sclnd-owi-cm-20240629t083228-20240629t083343-00003-______ll_gd_GEO-WV.nc,9.59535026550293,313.98455810546875,2024-06-29T08:32:28.000000000
al022024,WV,rcm3-sclna-owi-cm-20240706t120629-20240706t120746-00003-______ll_gd_GEO-WV.nc,22.63792610168457,268.1637268066406,2024-07-06T12:06:29.000000000
al022024,WV,rcm1-sclna-owi-cm-20240629t211352-20240629t211507-00003-______ll_gd_GEO-WV.nc,9.994426727294922,310.3344421386719,2024-06-29T21:13:52.000000000
wp092025,IRWIN,rcm1-sc50mc-owi-cm-20250718t095952-20250718t100108-00003-xxxxx_ll_gd_GEO-IRWIN.nc,19.149850845336918,122.5098648071289,2025-07-18T09:59:52.000000000
wp092025,IRWIN,rcm3-sc50mc-owi-cm-20250722t110524-20250722t110628-00003-xxxxx_ll_gd_GEO-IRWIN.nc,20.206714630126957,105.67906188964844,2025-07-22T11:05:24.000000000
wp092025,IRWIN,s1c-iw-owi-cm-20250719t100539-20250719t100721-000003-006A20_ll_gd_GEO-IRWIN.nc,20.824119567871094,118.10601806640624,2025-07-19T10:05:39.000000000
wp092025,IRWIN,rcm1-sc50ma-owi-cm-20250718t215431-20250718t215535-00003-xxxxx_ll_gd_GEO-IRWIN.nc,20.14148712158203,120.07888793945312,2025-07-18T21:54:31.000000000
wp092025,IRWIN,rcm1-sc50mc-owi-cm-20250719t220211-20250719t220311-00003-xxxxx_ll_gd_GEO-IRWIN.nc,21.653892517089844,115.07154846191406,2025-07-19T22:02:11.000000000
wp092025,IRWIN,s1a-iw-owi-cm-20250721t225036-20250721t225155-000003-077AA3_ll_gd_GEO-IRWIN.nc,20.55170249938965,106.93960571289062,2025-07-21T22:50:36.000000000
wp232019,IRWIN,s1a-iw-owi-cm-20191109t121137-20191109t121321-000003-0366F3_ll_gd_GEO-IRWIN.nc,21.1106014251709,88.00569152832031,2019-11-09T12:11:37.000000000
io042024,IRWIN,rcm1-sclnd-owi-cm-20241130t125513-20241130t125629-00003-______ll_gd_GEO-IRWIN.nc,12.299809455871582,80.64454650878906,2024-11-30T12:55:13.000000000
io042024,IRWIN,rcm1-sclnb-owi-cm-20241129t124700-20241129t124817-00003-______ll_gd_GEO-IRWIN.nc,11.965864181518556,82.04354858398438,2024-11-29T12:47:00.000000000
io042024,IRWIN,rcm2-sclnd-owi-cm-20241201t002116-20241201t002231-00003-______ll_gd_GEO-IRWIN.nc,11.998407363891602,80.08694458007812,2024-12-01T00:21:16.000000000
io042024,WV,rcm2-sclnd-owi-cm-20241201t002116-20241201t002231-00003-______ll_gd_GEO-WV.nc,11.998407363891602,80.08694458007812,2024-12-01T00:21:16.000000000
io042024,WV,rcm1-sclnb-owi-cm-20241129t124700-20241129t124817-00003-______ll_gd_GEO-WV.nc,11.965864181518556,82.04354858398438,2024-11-29T12:47:00.000000000
io042024,WV,rcm1-sclnd-owi-cm-20241130t125513-20241130t125629-00003-______ll_gd_GEO-WV.nc,12.299809455871582,80.64454650878906,2024-11-30T12:55:13.000000000
sh252025,IRWIN,s1a-iw-owi-cm-20250313t030010-20250313t030215-000003-07341E_ll_gd_GEO-IRWIN.nc,-19.32914352416992,37.02718353271485,2025-03-13T03:00:10.000000000
sh252025,IRWIN,rcm3-sclna-owi-cm-20250315t023950-20250315t024021-00003-xxxxx_ll_gd_GEO-IRWIN.nc,-24.987977981567383,44.41354751586914,2025-03-15T02:39:50.000000000
sh102020,IRWIN,s1a-ew-owi-cm-20200124t144415-20200124t144720-000003-038D72_ll_gd_GEO-IRWIN.nc,-19.28925323486328,56.132568359375,2020-01-24T14:44:15.000000000
al132020,IRWIN,s1a-iw-owi-cm-20200827t000908-20200827t001138-000003-03F518_ll_gd_GEO-IRWIN.nc,28.553720474243164,266.9853820800781,2020-08-27T00:09:08.000000000
al132020,IRWIN,s1a-iw-owi-cm-20200821t221932-20200821t222047-000003-03F28D_ll_gd_GEO-IRWIN.nc,17.100507736206055,297.74530029296875,2020-08-21T22:19:32.000000000
al132020,IRWIN,rs2-scwa-owi-cm-20200825t113334-20200825t113556-00003-______ll_gd_GEO-IRWIN.nc,23.354637145996094,273.892578125,2020-08-25T11:33:34.000000000
io032021,IRWIN,rcm1-sc50mb-owi-cm-20211003t020213-20211003t020301-00003-______ll_gd_GEO-IRWIN.nc,24.08248519897461,59.242332458496094,2021-10-03T02:02:13.000000000
io032021,IRWIN,rcm1-sc50ma-owi-cm-20211002t015418-20211002t015522-00003-______ll_gd_GEO-IRWIN.nc,23.969074249267575,62.22100830078125,2021-10-02T01:54:18.000000000
wp062025,IRWIN,s1c-iw-owi-cm-20250714t082523-20250714t082707-000003-0067F6_ll_gd_GEO-IRWIN.nc,38.03658676147461,142.4486083984375,2025-07-14T08:25:23.000000000
al162023,IRWIN,rcm2-sclna-owi-cm-20230923t110652-20230923t110812-00003-______ll_gd_GEO-IRWIN.nc,34.92991638183594,282.9075012207031,2023-09-23T11:06:52.000000000
al132025,IRWIN,rcm1-sc50ma-owi-cm-20251020t223517-20251020t223629-00003-xxxxx_ll_gd_GEO-IRWIN.nc,13.860017776489258,291.4657592773437,2025-10-20T22:35:17.000000000
al132025,IRWIN,s1a-iw-owi-cm-20251024t230749-20251024t230954-000003-07B0C2_ll_gd_GEO-IRWIN.nc,16.15497398376465,285.2436218261719,2025-10-24T23:07:49.000000000
al132025,IRWIN,rcm1-sc50mc-owi-cm-20251023t104734-20251023t104847-00003-xxxxx_ll_gd_GEO-IRWIN.nc,15.216418266296388,285.0756530761719,2025-10-23T10:47:34.000000000
al132025,IRWIN,s1c-ew-owi-cm-20251023t231549-20251023t231652-000003-00947A_ll_gd_GEO-IRWIN.nc,15.769001007080078,284.4107971191406,2025-10-23T23:15:49.000000000
al132025,IRWIN,s1c-ew-owi-cm-20251026t111125-20251026t111229-000003-009592_ll_gd_GEO-IRWIN.nc,16.387067794799805,283.6596374511719,2025-10-26T11:11:25.000000000
al132025,IRWIN,s1a-ew-owi-cm-20251031t102606-20251031t102710-000003-07B486_ll_gd_GEO-IRWIN.nc,36.76998901367188,297.0865173339844,2025-10-31T10:26:06.000000000
al132025,IRWIN,rcm1-sc50mc-owi-cm-20251026t232358-20251026t232514-00003-xxxxx_ll_gd_GEO-IRWIN.nc,16.405366897583008,282.738037109375,2025-10-26T23:23:58.000000000
al132025,IRWIN,rcm1-sc50ma-owi-cm-20251024t105532-20251024t105647-00003-xxxxx_ll_gd_GEO-IRWIN.nc,15.935556411743164,284.9049987792969,2025-10-24T10:55:32.000000000
al132025,IRWIN,rcm1-sc50mc-owi-cm-20251025t231613-20251025t231723-00003-xxxxx_ll_gd_GEO-IRWIN.nc,16.522069931030273,284.3437805175781,2025-10-25T23:16:13.000000000
al132025,IRWIN,rcm1-sclnd-owi-cm-20251027t233207-20251027t233317-00003-xxxxx_ll_gd_GEO-IRWIN.nc,16.48955726623535,281.4054870605469,2025-10-27T23:32:07.000000000
al132025,IRWIN,rcm1-sc50mc-owi-cm-20251022t103933-20251022t104051-00003-xxxxx_ll_gd_GEO-IRWIN.nc,14.24768352508545,286.4538269042969,2025-10-22T10:39:33.000000000
al132025,IRWIN,rcm1-sc50ma-owi-cm-20251023t225955-20251023t230111-00003-xxxxx_ll_gd_GEO-IRWIN.nc,15.741567611694336,284.42559814453125,2025-10-23T22:59:55.000000000
al132025,IRWIN,rcm1-sc50mb-owi-cm-20251024t230758-20251024t230908-00003-xxxxx_ll_gd_GEO-IRWIN.nc,16.15497398376465,285.2436218261719,2025-10-24T23:07:58.000000000
al132025,IRWIN,rcm2-sclnd-owi-cm-20251028t105524-20251028t105634-00003-xxxxx_ll_gd_GEO-IRWIN.nc,17.368438720703125,281.82586669921875,2025-10-28T10:55:24.000000000
al132025,IRWIN,rcm1-sclna-owi-cm-20251025t110314-20251025t110426-00003-xxxxx_ll_gd_GEO-IRWIN.nc,16.372358322143555,285.01824951171875,2025-10-25T11:03:14.000000000
al132025,IRWIN,s1a-ew-owi-cm-20251027t110435-20251027t110539-000003-07B234_ll_gd_GEO-IRWIN.nc,16.376052856445312,282.041015625,2025-10-27T11:04:35.000000000
al132025,IRWIN,rcm1-sc50mb-owi-cm-20251021t103202-20251021t103314-00003-xxxxx_ll_gd_GEO-IRWIN.nc,14.080768585205078,289.0093994140625,2025-10-21T10:32:02.000000000
ep062024,IRWIN,rcm3-sc50mc-owi-cm-20240805t125646-20240805t125804-00003-______ll_gd_GEO-IRWIN.nc,14.4301176071167,253.6733245849609,2024-08-05T12:56:46.000000000
ep062024,WV,rcm3-sc50mc-owi-cm-20240805t125646-20240805t125804-00003-______ll_gd_GEO-WV.nc,14.430096626281738,253.67333984375,2024-08-05T12:56:46.000000000
sh222025,IRWIN,rcm1-sclnd-owi-cm-20250226t145538-20250226t145653-00003-xxxxx_ll_gd_GEO-IRWIN.nc,-17.637723922729492,54.2353744506836,2025-02-26T14:55:38.000000000
sh222025,IRWIN,rcm2-sclnc-owi-cm-20250302t012931-20250302t013045-00003-xxxxx_ll_gd_GEO-IRWIN.nc,-32.56232833862305,57.36625671386719,2025-03-02T01:29:31.000000000
sh222025,IRWIN,s1a-ew-owi-cm-20250226t144429-20250226t144734-000003-072B88_ll_gd_GEO-IRWIN.nc,-17.637723922729492,54.2353744506836,2025-02-26T14:44:29.000000000
sh222025,IRWIN,rcm2-sclnd-owi-cm-20250302t145138-20250302t145255-00003-xxxxx_ll_gd_GEO-IRWIN.nc,-34.23014068603516,61.6976432800293,2025-03-02T14:51:38.000000000
sh222025,IRWIN,rcm1-sclna-owi-cm-20250301t015137-20250301t015252-00003-xxxxx_ll_gd_GEO-IRWIN.nc,-26.57452774047852,54.787933349609375,2025-03-01T01:51:37.000000000
sh222025,IRWIN,rcm2-sclna-owi-cm-20250301t144446-20250301t144601-00003-xxxxx_ll_gd_GEO-IRWIN.nc,-30.25780296325684,55.2199592590332,2025-03-01T14:44:46.000000000
sh222025,IRWIN,rcm1-sclnd-owi-cm-20250228t014225-20250228t014340-00003-xxxxx_ll_gd_GEO-IRWIN.nc,-20.03013038635254,55.2806282043457,2025-02-28T01:42:25.000000000
sh032019,IRWIN,s1a-ew-owi-cm-20181110t020115-20181110t020319-000003-02B0A7_ll_gd_GEO-IRWIN.nc,-13.028571128845217,52.87656021118164,2018-11-10T02:01:15.000000000
al082021,IRWIN,rcm1-sc50mc-owi-cm-20210817t100853-20210817t101301-00003-______ll_gd_GEO-IRWIN.nc,30.45113182067871,296.4866943359375,2021-08-17T10:08:53.000000000
al082021,IRWIN,rcm1-sc50mc-owi-cm-20210818t101756-20210818t102104-00003-______ll_gd_GEO-IRWIN.nc,30.02461051940918,294.0408630371094,2021-08-18T10:17:56.000000000
al082021,IRWIN,rs2-scwa-owi-cm-20210820t224430-20210820t224546-00003-______ll_gd_GEO-IRWIN.nc,31.428691864013672,286.265869140625,2021-08-20T22:44:30.000000000
al142021,IRWIN,s1a-iw-owi-cm-20210913t002506-20210913t002621-000003-04B04F_ll_gd_GEO-IRWIN.nc,23.78201484680176,263.8672790527344,2021-09-13T00:25:06.000000000
al142021,IRWIN,s1b-iw-owi-cm-20210914t122232-20210914t122302-000003-036C9D_ll_gd_GEO-IRWIN.nc,29.31666374206543,264.6335144042969,2021-09-14T12:22:32.000000000
ep132024,IRWIN,rcm1-sclnb-owi-cm-20241103t025132-20241103t025312-00003-______ll_gd_GEO-IRWIN.nc,11.258967399597168,229.4415283203125,2024-11-03T02:51:32.000000000
ep132024,WV,rcm1-sclnb-owi-cm-20241103t025132-20241103t025312-00003-______ll_gd_GEO-WV.nc,11.25897216796875,229.4415435791016,2024-11-03T02:51:32.000000000
sh022020,IRWIN,rs2-scwa-owi-cm-20191210t023546-20191210t023809-00003-______ll_gd_GEO-IRWIN.nc,-17.788053512573242,44.74671173095703,2019-12-10T02:35:46.000000000
sh022020,IRWIN,s1b-iw-owi-cm-20191208t022442-20191208t022601-000003-024608_ll_gd_GEO-IRWIN.nc,-11.613421440124512,46.601104736328125,2019-12-08T02:24:42.000000000
sh022020,IRWIN,s1a-ew-owi-cm-20191207t023226-20191207t023357-000003-0374DF_ll_gd_GEO-IRWIN.nc,-9.328653335571287,47.61189270019531,2019-12-07T02:32:26.000000000
sh022020,IRWIN,s1a-iw-owi-cm-20191208t152820-20191208t152844-000003-03759D_ll_gd_GEO-IRWIN.nc,-12.71395778656006,46.47988128662109,2019-12-08T15:28:20.000000000
sh022020,IRWIN,rs2-scwa-owi-cm-20191207t022100-20191207t022324-00003-______ll_gd_GEO-IRWIN.nc,-9.314891815185549,47.6307373046875,2019-12-07T02:21:00.000000000
al102025,IRWIN,rcm2-sclnd-owi-cm-20251010t222122-20251010t222232-00003-xxxxx_ll_gd_GEO-IRWIN.nc,21.92546272277832,296.33355712890625,2025-10-10T22:21:22.000000000
al102025,IRWIN,s1c-ew-owi-cm-20251010t100435-20251010t100538-000003-008E7D_ll_gd_GEO-IRWIN.nc,19.26120948791504,297.1385192871094,2025-10-10T10:04:35.000000000
al102025,IRWIN,rcm3-sclnd-owi-cm-20251009t092733-20251009t092843-00003-xxxxx_ll_gd_GEO-IRWIN.nc,15.507736206054688,302.04345703125,2025-10-09T09:27:33.000000000
al102025,IRWIN,rcm3-sclnd-owi-cm-20251007t212227-20251007t212337-00003-xxxxx_ll_gd_GEO-IRWIN.nc,12.19909954071045,313.3550720214844,2025-10-07T21:22:27.000000000
al102025,IRWIN,rcm3-sclna-owi-cm-20251008t092007-20251008t092119-00003-xxxxx_ll_gd_GEO-IRWIN.nc,13.235645294189451,309.07293701171875,2025-10-08T09:20:07.000000000
al102025,IRWIN,rcm2-sc50ma-owi-cm-20251011t101322-20251011t101435-00003-xxxxx_ll_gd_GEO-IRWIN.nc,25.33469009399414,296.30340576171875,2025-10-11T10:13:22.000000000
al102025,IRWIN,rcm2-sc50mc-owi-cm-20251009t221209-20251009t221322-00003-xxxxx_ll_gd_GEO-IRWIN.nc,17.35330581665039,299.2319641113281,2025-10-09T22:12:09.000000000
ep052023,IRWIN,s1a-ew-owi-cm-20230810t051806-20230810t051909-000003-05FD6C_ll_gd_GEO-IRWIN.nc,11.874205589294434,191.280029296875,2023-08-10T05:18:06.000000000
ep052023,IRWIN,s1a-ew-owi-cm-20230808t161007-20230808t161110-000003-05FCAD_ll_gd_GEO-IRWIN.nc,11.49580192565918,203.47250366210935,2023-08-08T16:10:07.000000000
ep052023,IRWIN,rcm1-sclnd-owi-cm-20230810t170623-20230810t170740-00003-______ll_gd_GEO-IRWIN.nc,12.447555541992188,188.0097503662109,2023-08-10T17:06:23.000000000
ep052023,IRWIN,rcm2-sclna-owi-cm-20230803t140124-20230803t140204-00003-______ll_gd_GEO-IRWIN.nc,14.774971961975098,240.1096954345703,2023-08-03T14:01:24.000000000
ep052023,IRWIN,rcm3-sclna-owi-cm-20230807t034044-20230807t034200-00003-______ll_gd_GEO-IRWIN.nc,12.640684127807615,215.60452270507807,2023-08-07T03:40:44.000000000
ep052023,IRWIN,rcm1-sclnd-owi-cm-20230806t145737-20230806t145855-00003-______ll_gd_GEO-IRWIN.nc,12.962000846862791,219.83238220214844,2023-08-06T14:57:37.000000000
ep052023,IRWIN,rcm2-sclnd-owi-cm-20230813t063847-20230813t064004-00003-______ll_gd_GEO-IRWIN.nc,17.988683700561523,173.84268188476562,2023-08-13T06:38:47.000000000
ep052023,IRWIN,rcm2-sc50mc-owi-cm-20230804t021238-20230804t021343-00003-______ll_gd_GEO-IRWIN.nc,14.146641731262209,236.78317260742188,2023-08-04T02:12:38.000000000
ep052023,IRWIN,rcm2-sc50mc-owi-cm-20230803t020425-20230803t020534-00003-______ll_gd_GEO-IRWIN.nc,15.22717571258545,243.3000030517578,2023-08-03T02:04:25.000000000
ep052023,IRWIN,rcm2-sclnc-owi-cm-20230804t140912-20230804t141028-00003-______ll_gd_GEO-IRWIN.nc,13.92393398284912,233.2838134765625,2023-08-04T14:09:12.000000000
ep052023,IRWIN,rcm1-sclnd-owi-cm-20230809t050027-20230809t050143-00003-______ll_gd_GEO-IRWIN.nc,11.398175239562988,199.0928192138672,2023-08-09T05:00:27.000000000
ep052023,IRWIN,s1a-ew-owi-cm-20230809t165107-20230809t165210-000003-05FD3D_ll_gd_GEO-IRWIN.nc,11.482864379882812,195.24566650390625,2023-08-09T16:51:07.000000000
ep052023,IRWIN,rcm3-sclna-owi-cm-20230811t054945-20230811t055101-00003-______ll_gd_GEO-IRWIN.nc,13.490506172180176,184.5227508544922,2023-08-11T05:49:45.000000000
ep052023,IRWIN,rcm3-sc50mc-owi-cm-20230802t132047-20230802t132203-00003-______ll_gd_GEO-IRWIN.nc,15.653491973876951,246.1430206298828,2023-08-02T13:20:47.000000000
ep052023,IRWIN,rcm2-sclna-owi-cm-20230808t161815-20230808t161931-00003-______ll_gd_GEO-IRWIN.nc,11.496891021728516,203.41897583007807,2023-08-08T16:18:15.000000000
ep052023,IRWIN,rcm1-sclna-owi-cm-20230809t165811-20230809t165925-00003-______ll_gd_GEO-IRWIN.nc,11.482864379882812,195.24566650390625,2023-08-09T16:58:11.000000000
ep052023,IRWIN,rcm2-sclnd-owi-cm-20230808t042032-20230808t042149-00003-______ll_gd_GEO-IRWIN.nc,11.888943672180176,207.2203369140625,2023-08-08T04:20:32.000000000
ep052023,IRWIN,rcm2-sc50ma-owi-cm-20230803t140047-20230803t140125-00003-______ll_gd_GEO-IRWIN.nc,14.774971961975098,240.1096954345703,2023-08-03T14:00:47.000000000
ep142025,IRWIN,rcm3-sclna-owi-cm-20250928t023018-20250928t023128-00003-xxxxx_ll_gd_GEO-IRWIN.nc,18.65787124633789,234.42874145507807,2025-09-28T02:30:18.000000000
ep142025,IRWIN,rcm2-sc50mc-owi-cm-20250921t122455-20250921t122605-00003-xxxxx_ll_gd_GEO-IRWIN.nc,13.836846351623535,261.25836181640625,2025-09-21T12:24:55.000000000
ep142025,IRWIN,rcm1-sc50ma-owi-cm-20250924t132025-20250924t132141-00003-xxxxx_ll_gd_GEO-IRWIN.nc,15.085548400878906,248.88748168945312,2025-09-24T13:20:25.000000000
ep142025,IRWIN,rcm2-sc50mc-owi-cm-20250922t123244-20250922t123356-00003-xxxxx_ll_gd_GEO-IRWIN.nc,15.626530647277832,257.5915832519531,2025-09-22T12:32:44.000000000
ep142025,IRWIN,rcm3-sc50mc-owi-cm-20250926t021318-20250926t021431-00003-xxxxx_ll_gd_GEO-IRWIN.nc,16.212900161743164,240.81216430664065,2025-09-26T02:13:18.000000000
ep142025,IRWIN,rcm3-sclnb-owi-cm-20250927t141630-20250927t141740-00003-xxxxx_ll_gd_GEO-IRWIN.nc,17.9614315032959,235.1020355224609,2025-09-27T14:16:30.000000000
ep142025,IRWIN,rcm1-sc50ma-owi-cm-20250925t013247-20250925t013404-00003-xxxxx_ll_gd_GEO-IRWIN.nc,15.374096870422363,246.7533264160156,2025-09-25T01:32:47.000000000
ep142025,IRWIN,rcm3-sclnb-owi-cm-20250927t022137-20250927t022249-00003-xxxxx_ll_gd_GEO-IRWIN.nc,17.32733154296875,236.4295959472656,2025-09-27T02:21:37.000000000
ep142025,IRWIN,rcm1-sc50mc-owi-cm-20250925t132835-20250925t132947-00003-xxxxx_ll_gd_GEO-IRWIN.nc,15.963704109191896,243.79998779296875,2025-09-25T13:28:35.000000000
sh142023,IRWIN,rcm3-sclna-owi-cm-20230227t140509-20230227t140626-00003-______ll_gd_GEO-IRWIN.nc,-28.801124572753903,67.64908599853516,2023-02-27T14:05:09.000000000
sh142023,IRWIN,rcm3-sclnd-owi-cm-20230228t004811-20230228t004929-00003-______ll_gd_GEO-IRWIN.nc,-27.92249298095703,68.02957153320312,2023-02-28T00:48:11.000000000
sh142023,IRWIN,rcm3-sclnd-owi-cm-20230228t141319-20230228t141411-00003-______ll_gd_GEO-IRWIN.nc,-26.76269149780273,68.0239486694336,2023-02-28T14:13:19.000000000
sh142023,IRWIN,rcm2-sclnb-owi-cm-20230225t005436-20230225t005553-00003-______ll_gd_GEO-IRWIN.nc,-24.427330017089844,69.0278091430664,2023-02-25T00:54:36.000000000
sh142023,IRWIN,rcm3-sclna-owi-cm-20230224t134245-20230224t134402-00003-______ll_gd_GEO-IRWIN.nc,-23.041418075561523,69.78227996826172,2023-02-24T13:42:45.000000000
sh142023,IRWIN,rcm2-sclnb-owi-cm-20230226t010318-20230226t010435-00003-______ll_gd_GEO-IRWIN.nc,-27.47782325744629,67.73919677734375,2023-02-26T01:03:18.000000000
sh142023,IRWIN,rcm2-sclna-owi-cm-20230227t011215-20230227t011332-00003-______ll_gd_GEO-IRWIN.nc,-29.13734245300293,66.85304260253906,2023-02-27T01:12:15.000000000
sh132019,IRWIN,s1a-ew-owi-cm-20190213t132857-20190213t133043-000003-02E2A0_ll_gd_GEO-IRWIN.nc,-26.123571395874023,78.56316375732422,2019-02-13T13:28:57.000000000
sh132019,IRWIN,s1a-ew-owi-cm-20190209t015221-20190209t015452-000003-02E046_ll_gd_GEO-IRWIN.nc,-17.25882339477539,57.77471923828125,2019-02-09T01:52:21.000000000
sh132019,IRWIN,s1b-ew-owi-cm-20190208t015957-20190208t020219-000003-01BB5C_ll_gd_GEO-IRWIN.nc,-14.763136863708496,54.28330612182617,2019-02-08T01:59:57.000000000
sh132019,IRWIN,s1a-ew-owi-cm-20190207t020834-20190207t021051-000003-02DF33_ll_gd_GEO-IRWIN.nc,-12.308940887451172,53.145503997802734,2019-02-07T02:08:34.000000000
al032024,IRWIN,rcm1-sclnd-owi-cm-20240701t003724-20240701t003841-00003-______ll_gd_GEO-IRWIN.nc,19.908021926879883,263.8801574707031,2024-07-01T00:37:24.000000000
al032024,WV,rcm1-sclnd-owi-cm-20240701t003724-20240701t003841-00003-______ll_gd_GEO-WV.nc,19.908021926879883,263.88018798828125,2024-07-01T00:37:24.000000000
ep112025,IRWIN,rcm2-sclnd-owi-cm-20250907t152115-20250907t152225-00003-xxxxx_ll_gd_GEO-IRWIN.nc,17.569826126098633,215.47299194335935,2025-09-07T15:21:15.000000000
ep112025,IRWIN,s1a-ew-owi-cm-20250905t145524-20250905t145627-000003-0793D4_ll_gd_GEO-IRWIN.nc,14.132851600646973,223.0030670166016,2025-09-05T14:55:24.000000000
ep112025,IRWIN,rcm2-sclnb-owi-cm-20250906t151321-20250906t151431-00003-xxxxx_ll_gd_GEO-IRWIN.nc,15.62203598022461,219.4772186279297,2025-09-06T15:13:21.000000000
ep112025,IRWIN,s1c-ew-owi-cm-20250908t035610-20250908t035714-000003-008025_ll_gd_GEO-IRWIN.nc,19.025007247924805,213.36688232421875,2025-09-08T03:56:10.000000000
ep112025,IRWIN,s1a-ew-owi-cm-20250910t043155-20250910t043258-000003-079679_ll_gd_GEO-IRWIN.nc,22.454347610473636,203.6645355224609,2025-09-10T04:31:55.000000000
ep112025,IRWIN,rcm3-sc50mc-owi-cm-20250831t135304-20250831t135416-00003-xxxxx_ll_gd_GEO-IRWIN.nc,14.395303726196287,237.0406646728516,2025-08-31T13:53:04.000000000
ep112025,IRWIN,rcm2-sclna-owi-cm-20250905t030927-20250905t030946-00003-xxxxx_ll_gd_GEO-IRWIN.nc,13.784955024719238,224.5860290527344,2025-09-05T03:09:27.000000000
ep112025,IRWIN,rcm2-sclnd-owi-cm-20250901t023657-20250901t023807-00003-xxxxx_ll_gd_GEO-IRWIN.nc,14.281102180480955,235.2613220214844,2025-09-01T02:36:57.000000000
ep112025,IRWIN,rcm2-sclna-owi-cm-20250906t031712-20250906t031822-00003-xxxxx_ll_gd_GEO-IRWIN.nc,14.88784885406494,221.22506713867188,2025-09-06T03:17:12.000000000
ep112025,IRWIN,rcm2-sclna-owi-cm-20250905t150530-20250905t150640-00003-xxxxx_ll_gd_GEO-IRWIN.nc,14.149230003356934,222.9727478027344,2025-09-05T15:05:30.000000000
ep112025,IRWIN,rcm1-sclna-owi-cm-20250908t160004-20250908t160117-00003-xxxxx_ll_gd_GEO-IRWIN.nc,20.40047264099121,211.02671813964844,2025-09-08T16:00:04.000000000
ep112025,IRWIN,rcm2-sclna-owi-cm-20250903t025252-20250903t025404-00003-xxxxx_ll_gd_GEO-IRWIN.nc,13.790836334228516,230.48887634277344,2025-09-03T02:52:52.000000000
ep112025,IRWIN,s1a-ew-owi-cm-20250902t143037-20250902t143141-000003-07920B_ll_gd_GEO-IRWIN.nc,13.799534797668455,231.6927947998047,2025-09-02T14:30:37.000000000
ep112025,IRWIN,rcm2-sclnc-owi-cm-20250902t024448-20250902t024558-00003-xxxxx_ll_gd_GEO-IRWIN.nc,13.801857948303224,232.71710205078125,2025-09-02T02:44:48.000000000
ep112025,IRWIN,rcm1-sclnc-owi-cm-20250909t041501-20250909t041614-00003-xxxxx_ll_gd_GEO-IRWIN.nc,21.6784610748291,208.78013610839844,2025-09-09T04:15:01.000000000
ep112025,IRWIN,rcm1-sclna-owi-cm-20250910t042407-20250910t042459-00003-xxxxx_ll_gd_GEO-IRWIN.nc,22.46232795715332,203.6838836669922,2025-09-10T04:24:07.000000000
ep112025,IRWIN,rcm2-sclnd-owi-cm-20250904t030109-20250904t030131-00003-xxxxx_ll_gd_GEO-IRWIN.nc,13.79075813293457,227.7418212890625,2025-09-04T03:01:09.000000000
ep112025,IRWIN,rcm1-sclnc-owi-cm-20250909t160735-20250909t160847-00003-xxxxx_ll_gd_GEO-IRWIN.nc,22.58116340637207,206.1591339111328,2025-09-09T16:07:35.000000000
ep112025,IRWIN,rcm1-sclnd-owi-cm-20250908t040607-20250908t040717-00003-xxxxx_ll_gd_GEO-IRWIN.nc,19.069690704345703,213.310302734375,2025-09-08T04:06:07.000000000
ep112025,IRWIN,s1a-ew-owi-cm-20250903t025825-20250903t025928-000003-07925F_ll_gd_GEO-IRWIN.nc,13.790836334228516,230.48887634277344,2025-09-03T02:58:25.000000000
io062023,IRWIN,rcm1-sclnb-owi-cm-20231024t235427-20231024t235542-00003-______ll_gd_GEO-IRWIN.nc,22.154521942138672,92.05674743652344,2023-10-24T23:54:27.000000000
io062023,IRWIN,rcm1-sclna-owi-cm-20231024t120111-20231024t120227-00003-______ll_gd_GEO-IRWIN.nc,21.088045120239254,91.48477172851562,2023-10-24T12:01:11.000000000
wp112020,IRWIN,s1a-iw-owi-cm-20200907t092349-20200907t092506-000003-03FAED_ll_gd_GEO-IRWIN.nc,39.28419494628906,129.08279418945312,2020-09-07T09:23:49.000000000
wp112020,IRWIN,rs2-scwa-owi-cm-20200903t203531-20200903t203902-00003-______ll_gd_GEO-IRWIN.nc,21.475730895996094,135.49365234375,2020-09-03T20:35:31.000000000
wp112020,IRWIN,s1b-iw-owi-cm-20200906t092820-20200906t092940-000003-02C288_ll_gd_GEO-IRWIN.nc,30.251094818115234,129.6389923095703,2020-09-06T09:28:20.000000000
wp112020,IRWIN,s1b-iw-owi-cm-20200908t091650-20200908t091835-000003-02C36E_ll_gd_GEO-IRWIN.nc,48.25920867919922,128.658935546875,2020-09-08T09:16:50.000000000
wp112020,IRWIN,rs2-scwa-owi-cm-20200902t084047-20200902t084419-00003-______ll_gd_GEO-IRWIN.nc,19.46641540527344,140.96719360351562,2020-09-02T08:40:47.000000000
wp112020,IRWIN,s1a-ew-owi-cm-20200904t210200-20200904t210504-000003-03F9A9_ll_gd_GEO-IRWIN.nc,23.64780807495117,132.27212524414062,2020-09-04T21:02:00.000000000
wp112020,IRWIN,s1b-iw-owi-cm-20200906t213202-20200906t213312-000003-02C2BE_ll_gd_GEO-IRWIN.nc,34.55679702758789,129.19439697265625,2020-09-06T21:32:02.000000000
ep072024,IRWIN,rcm2-sc50mc-owi-cm-20240820t015639-20240820t015756-00003-______ll_gd_GEO-IRWIN.nc,15.394296646118164,242.5594024658203,2024-08-20T01:56:39.000000000
ep072024,IRWIN,s1a-ew-owi-cm-20240824t023503-20240824t023607-000003-06BFDD_ll_gd_GEO-IRWIN.nc,17.392772674560547,231.66310119628903,2024-08-24T02:35:03.000000000
ep072024,IRWIN,rcm2-sc50md-owi-cm-20240823t141611-20240823t141729-00003-______ll_gd_GEO-IRWIN.nc,17.39862060546875,233.23150634765625,2024-08-23T14:16:11.000000000
ep072024,IRWIN,rcm2-sc50ma-owi-cm-20240824t022959-20240824t023116-00003-______ll_gd_GEO-IRWIN.nc,17.392772674560547,231.66310119628903,2024-08-24T02:29:59.000000000
ep072024,IRWIN,rcm2-sclnd-owi-cm-20240824t142422-20240824t142538-00003-______ll_gd_GEO-IRWIN.nc,17.54241371154785,229.973388671875,2024-08-24T14:24:22.000000000
ep072024,IRWIN,rcm1-sclnd-owi-cm-20240826t031741-20240826t031859-00003-______ll_gd_GEO-IRWIN.nc,18.062150955200195,224.6941070556641,2024-08-26T03:17:41.000000000
ep072024,IRWIN,rcm2-sclnd-owi-cm-20240822t140821-20240822t140937-00003-______ll_gd_GEO-IRWIN.nc,16.865707397460938,235.42056274414065,2024-08-22T14:08:21.000000000
ep072024,IRWIN,rcm2-sclna-owi-cm-20240823t022143-20240823t022258-00003-______ll_gd_GEO-IRWIN.nc,17.366273880004883,234.40452575683597,2024-08-23T02:21:43.000000000
ep072024,IRWIN,rcm2-sclna-owi-cm-20240822t021333-20240822t021449-00003-______ll_gd_GEO-IRWIN.nc,16.473949432373047,236.23876953125,2024-08-22T02:13:33.000000000
ep072024,IRWIN,rcm1-sclna-owi-cm-20240828t033401-20240828t033517-00003-______ll_gd_GEO-IRWIN.nc,18.385189056396484,216.5850982666016,2024-08-28T03:34:01.000000000
ep072024,IRWIN,rcm1-sclna-owi-cm-20240826t151209-20240826t151326-00003-______ll_gd_GEO-IRWIN.nc,18.30787849426269,223.27957153320312,2024-08-26T15:12:09.000000000
ep072024,IRWIN,rcm2-sclnc-owi-cm-20240821t140027-20240821t140143-00003-______ll_gd_GEO-IRWIN.nc,16.063398361206055,237.2147216796875,2024-08-21T14:00:27.000000000
ep072024,IRWIN,rcm2-sc50mc-owi-cm-20240819t014811-20240819t014929-00003-______ll_gd_GEO-IRWIN.nc,14.88284969329834,246.57472229003903,2024-08-19T01:48:11.000000000
ep072024,IRWIN,rcm1-sclna-owi-cm-20240827t152010-20240827t152126-00003-______ll_gd_GEO-IRWIN.nc,18.390270233154297,219.10525512695312,2024-08-27T15:20:10.000000000
ep072024,IRWIN,rcm1-sclnc-owi-cm-20240827t032550-20240827t032705-00003-______ll_gd_GEO-IRWIN.nc,18.515159606933597,221.4082946777344,2024-08-27T03:25:50.000000000
ep072024,IRWIN,rcm3-sc50mc-owi-cm-20240818t130520-20240818t130638-00003-______ll_gd_GEO-IRWIN.nc,14.44103717803955,249.37159729003903,2024-08-18T13:05:20.000000000
ep072024,IRWIN,rcm1-sclna-owi-cm-20240829t034226-20240829t034338-00003-______ll_gd_GEO-IRWIN.nc,19.19679450988769,211.66368103027344,2024-08-29T03:42:26.000000000
ep072024,WV,rcm2-sc50mc-owi-cm-20240820t015639-20240820t015756-00003-______ll_gd_GEO-WV.nc,15.39428997039795,242.55941772460935,2024-08-20T01:56:39.000000000
ep072024,WV,rcm2-sc50ma-owi-cm-20240824t022959-20240824t023116-00003-______ll_gd_GEO-WV.nc,17.392772674560547,231.6631317138672,2024-08-24T02:29:59.000000000
ep072024,WV,rcm1-sclna-owi-cm-20240829t034226-20240829t034338-00003-______ll_gd_GEO-WV.nc,19.19679069519043,211.6637115478516,2024-08-29T03:42:26.000000000
ep072024,WV,rcm2-sclna-owi-cm-20240822t021333-20240822t021449-00003-______ll_gd_GEO-WV.nc,16.47394561767578,236.23878479003903,2024-08-22T02:13:33.000000000
ep072024,WV,rcm1-sclna-owi-cm-20240827t152010-20240827t152126-00003-______ll_gd_GEO-WV.nc,18.390270233154297,219.1053009033203,2024-08-27T15:20:10.000000000
ep072024,WV,rcm2-sclna-owi-cm-20240823t022143-20240823t022258-00003-______ll_gd_GEO-WV.nc,17.36627197265625,234.404541015625,2024-08-23T02:21:43.000000000
ep072024,WV,rcm2-sclnd-owi-cm-20240824t142422-20240824t142538-00003-______ll_gd_GEO-WV.nc,17.542407989501953,229.97341918945312,2024-08-24T14:24:22.000000000
ep072024,WV,rcm2-sclnc-owi-cm-20240821t140027-20240821t140143-00003-______ll_gd_GEO-WV.nc,16.06339454650879,237.21473693847656,2024-08-21T14:00:27.000000000
ep072024,WV,rcm1-sclnc-owi-cm-20240827t032550-20240827t032705-00003-______ll_gd_GEO-WV.nc,18.515159606933597,221.4083251953125,2024-08-27T03:25:50.000000000
ep072024,WV,s1a-ew-owi-cm-20240824t023503-20240824t023607-000003-06BFDD_ll_gd_GEO-WV.nc,17.392772674560547,231.6631317138672,2024-08-24T02:35:03.000000000
ep072024,WV,rcm2-sc50md-owi-cm-20240823t141611-20240823t141729-00003-______ll_gd_GEO-WV.nc,17.39862060546875,233.2315368652344,2024-08-23T14:16:11.000000000
ep072024,WV,rcm3-sc50mc-owi-cm-20240818t130520-20240818t130638-00003-______ll_gd_GEO-WV.nc,14.441032409667969,249.3716278076172,2024-08-18T13:05:20.000000000
ep072024,WV,rcm1-sclnd-owi-cm-20240826t031741-20240826t031859-00003-______ll_gd_GEO-WV.nc,18.06214904785156,224.69412231445312,2024-08-26T03:17:41.000000000
ep072024,WV,rcm1-sclna-owi-cm-20240826t151209-20240826t151326-00003-______ll_gd_GEO-WV.nc,18.30787467956543,223.2795867919922,2024-08-26T15:12:09.000000000
ep072024,WV,rcm2-sc50mc-owi-cm-20240819t014811-20240819t014929-00003-______ll_gd_GEO-WV.nc,14.882843017578123,246.5747528076172,2024-08-19T01:48:11.000000000
ep072024,WV,rcm2-sclnd-owi-cm-20240822t140821-20240822t140937-00003-______ll_gd_GEO-WV.nc,16.865703582763672,235.42056274414065,2024-08-22T14:08:21.000000000
ep072024,WV,rcm1-sclna-owi-cm-20240828t033401-20240828t033517-00003-______ll_gd_GEO-WV.nc,18.38519096374512,216.5851287841797,2024-08-28T03:34:01.000000000
wp122023,IRWIN,rcm1-sc50ma-owi-cm-20230907t204627-20230907t204736-00003-______ll_gd_GEO-IRWIN.nc,32.72443389892578,137.12350463867188,2023-09-07T20:46:27.000000000
wp122023,IRWIN,s1a-ew-owi-cm-20230906t090446-20230906t090549-000003-060AF0_ll_gd_GEO-IRWIN.nc,26.9945068359375,134.37606811523438,2023-09-06T09:04:46.000000000
ep132023,IRWIN,rcm2-sclnd-owi-cm-20230921t140828-20230921t140945-00003-______ll_gd_GEO-IRWIN.nc,17.06584358215332,234.6534576416016,2023-09-21T14:08:28.000000000
wp052023,IRWIN,rcm3-sc50mc-owi-cm-20230726t100805-20230726t100935-00003-______ll_gd_GEO-IRWIN.nc,19.52454376220703,120.7303695678711,2023-07-26T10:08:05.000000000
wp052023,IRWIN,rcm3-sc50mc-owi-cm-20230724t095134-20230724t095251-00003-______ll_gd_GEO-IRWIN.nc,16.278076171875,126.01097106933594,2023-07-24T09:51:34.000000000
wp052023,IRWIN,rcm3-sc50ma-owi-cm-20230725t215440-20230725t215539-00003-______ll_gd_GEO-IRWIN.nc,18.894437789916992,121.39543151855467,2023-07-25T21:54:40.000000000
wp052023,IRWIN,rcm3-sc50ma-owi-cm-20230726t220236-20230726t220309-00003-______ll_gd_GEO-IRWIN.nc,20.57029151916504,119.7738265991211,2023-07-26T22:02:36.000000000
wp052023,IRWIN,s1a-ew-owi-cm-20230723t213803-20230723t213906-000003-05F582_ll_gd_GEO-IRWIN.nc,15.123300552368164,126.71861267089844,2023-07-23T21:38:03.000000000
wp052023,IRWIN,rcm1-sc50mc-owi-cm-20230723t210706-20230723t210819-00003-______ll_gd_GEO-IRWIN.nc,15.116236686706545,126.74854278564452,2023-07-23T21:07:06.000000000
wp052023,IRWIN,rcm3-sc50mc-owi-cm-20230725t100013-20230725t100130-00003-______ll_gd_GEO-IRWIN.nc,18.73729133605957,123.1024169921875,2023-07-25T10:00:13.000000000
wp052023,IRWIN,rcm3-sc50mc-owi-cm-20230727t101728-20230727t101751-00003-______ll_gd_GEO-IRWIN.nc,21.576040267944336,119.15093994140624,2023-07-27T10:17:28.000000000
wp052023,IRWIN,s1a-ew-owi-cm-20230726t220124-20230726t220228-000003-05F6DE_ll_gd_GEO-IRWIN.nc,20.57029151916504,119.7738265991211,2023-07-26T22:01:24.000000000
wp052023,IRWIN,rcm3-sc50mc-owi-cm-20230723t094306-20230723t094424-00003-______ll_gd_GEO-IRWIN.nc,14.957621574401855,127.93138122558594,2023-07-23T09:43:06.000000000
al062022,IRWIN,rcm1-sc50ma-owi-cm-20220909t212936-20220909t213035-00003-______ll_gd_GEO-IRWIN.nc,36.10343551635742,301.95672607421875,2022-09-09T21:29:36.000000000
al062022,IRWIN,rcm3-sc50mc-owi-cm-20220910t094458-20220910t094518-00003-______ll_gd_GEO-IRWIN.nc,41.6450309753418,306.4430847167969,2022-09-10T09:44:58.000000000
wp032020,IRWIN,s1a-iw-owi-cm-20200803t100117-20200803t100257-000003-03E924_ll_gd_GEO-IRWIN.nc,26.61072540283203,121.9275360107422,2020-08-03T10:01:17.000000000
al242020,IRWIN,s1a-iw-owi-cm-20200918t183534-20200918t183649-000003-0400C8_ll_gd_GEO-IRWIN.nc,39.99131774902344,351.0816345214844,2020-09-18T18:35:34.000000000
al242020,IRWIN,s1b-iw-owi-cm-20200918t064235-20200918t064340-000003-02C7F6_ll_gd_GEO-IRWIN.nc,38.019081115722656,348.728515625,2020-09-18T06:42:35.000000000
al042024,IRWIN,rcm3-sclna-owi-cm-20240804t232735-20240804t232827-00003-______ll_gd_GEO-IRWIN.nc,28.23491668701172,275.887451171875,2024-08-04T23:27:35.000000000
al042024,IRWIN,rcm2-sclnd-owi-cm-20240803t235031-20240803t235142-00003-______ll_gd_GEO-IRWIN.nc,23.88761711120605,276.80731201171875,2024-08-03T23:50:31.000000000
al042024,IRWIN,rcm3-sclna-owi-cm-20240805t233611-20240805t233700-00003-______ll_gd_GEO-IRWIN.nc,30.780467987060547,277.6722106933594,2024-08-05T23:36:11.000000000
al042024,IRWIN,rcm1-sclnd-owi-cm-20240807t105924-20240807t110034-00003-______ll_gd_GEO-IRWIN.nc,32.11824035644531,280.6496887207031,2024-08-07T10:59:24.000000000
al042024,IRWIN,rcm1-sclnd-owi-cm-20240808t110703-20240808t110804-00003-______ll_gd_GEO-IRWIN.nc,33.59529113769531,280.05517578125,2024-08-08T11:07:03.000000000
al042024,IRWIN,rcm1-sclna-owi-cm-20240806t231239-20240806t231325-00003-______ll_gd_GEO-IRWIN.nc,31.923696517944336,279.5011291503906,2024-08-06T23:12:39.000000000
al042024,IRWIN,rcm2-sclna-owi-cm-20240804t114103-20240804t114218-00003-______ll_gd_GEO-IRWIN.nc,26.15189552307129,275.7113952636719,2024-08-04T11:41:03.000000000
al042024,WV,rcm3-sclna-owi-cm-20240805t233611-20240805t233700-00003-______ll_gd_GEO-WV.nc,30.780458450317383,277.6722106933594,2024-08-05T23:36:11.000000000
al042024,WV,rcm2-sclnd-owi-cm-20240803t235031-20240803t235142-00003-______ll_gd_GEO-WV.nc,23.887596130371094,276.80731201171875,2024-08-03T23:50:31.000000000
al042024,WV,rcm1-sclnd-owi-cm-20240807t105924-20240807t110034-00003-______ll_gd_GEO-WV.nc,32.11823272705078,280.6496887207031,2024-08-07T10:59:24.000000000
al042024,WV,rcm1-sclnd-owi-cm-20240808t110703-20240808t110804-00003-______ll_gd_GEO-WV.nc,33.595272064208984,280.05517578125,2024-08-08T11:07:03.000000000
al042024,WV,rcm1-sclna-owi-cm-20240806t231239-20240806t231325-00003-______ll_gd_GEO-WV.nc,31.9237003326416,279.5010986328125,2024-08-06T23:12:39.000000000
al042024,WV,rcm3-sclna-owi-cm-20240804t232735-20240804t232827-00003-______ll_gd_GEO-WV.nc,28.234893798828125,275.887451171875,2024-08-04T23:27:35.000000000
al042024,WV,rcm2-sclna-owi-cm-20240804t114103-20240804t114218-00003-______ll_gd_GEO-WV.nc,26.151840209960938,275.71142578125,2024-08-04T11:41:03.000000000
wp022019,IRWIN,s1b-ew-owi-cm-20190226t083509-20190226t083717-000003-01C412_ll_gd_GEO-IRWIN.nc,15.298266410827637,139.9879150390625,2019-02-26T08:35:09.000000000
wp022019,IRWIN,s1b-ew-owi-cm-20190224t085010-20190224t085218-000003-01C31C_ll_gd_GEO-IRWIN.nc,12.971702575683594,141.41036987304688,2019-02-24T08:50:10.000000000
wp022019,IRWIN,s1a-ew-owi-cm-20190222t081638-20190222t081928-000003-02E72E_ll_gd_GEO-IRWIN.nc,9.46214485168457,145.66177368164062,2019-02-22T08:16:38.000000000
wp022019,IRWIN,s1a-ew-owi-cm-20190224t201621-20190224t201825-000003-02E879_ll_gd_GEO-IRWIN.nc,13.197175979614258,140.5734100341797,2019-02-24T20:16:21.000000000
wp022019,IRWIN,s1b-ew-owi-cm-20190223t202348-20190223t202552-000003-01C2E0_ll_gd_GEO-IRWIN.nc,12.493388175964355,142.2698211669922,2019-02-23T20:23:48.000000000
wp022019,IRWIN,s1a-ew-owi-cm-20190227t204007-20190227t204132-000003-02EA0C_ll_gd_GEO-IRWIN.nc,16.882299423217773,137.29537963867188,2019-02-27T20:40:07.000000000
wp022019,IRWIN,s1a-ew-owi-cm-20190221t195241-20190221t195445-000003-02E6EA_ll_gd_GEO-IRWIN.nc,7.88356351852417,147.7261962890625,2019-02-21T19:52:41.000000000
ep052022,IRWIN,s1a-ew-owi-cm-20220714t151857-20220714t152046-000003-05438A_ll_gd_GEO-IRWIN.nc,16.7309513092041,219.0604248046875,2022-07-14T15:18:57.000000000
sh302025,IRWIN,rcm3-sclna-owi-cm-20250415t180520-20250415t180634-00003-xxxxx_ll_gd_GEO-IRWIN.nc,-25.95688819885254,173.02206420898438,2025-04-15T18:05:20.000000000
sh302025,IRWIN,s1a-ew-owi-cm-20250416t070926-20250416t071030-000003-074830_ll_gd_GEO-IRWIN.nc,-31.53958511352539,169.14166259765625,2025-04-16T07:09:26.000000000
al142022,IRWIN,s1a-iw-owi-cm-20221014t002357-20221014t002537-000003-056EC6_ll_gd_GEO-IRWIN.nc,20.86521339416504,267.0398864746094,2022-10-14T00:23:57.000000000
al112024,IRWIN,rcm3-sclna-owi-cm-20240927t205959-20240927t210114-00003-______ll_gd_GEO-IRWIN.nc,18.47822380065918,316.1476135253906,2024-09-27T20:59:59.000000000
al112024,IRWIN,rcm3-sclna-owi-cm-20240928t210831-20240928t210947-00003-______ll_gd_GEO-IRWIN.nc,20.41828727722168,313.2221984863281,2024-09-28T21:08:31.000000000
al112024,IRWIN,rcm3-sclnd-owi-cm-20240929t090207-20240929t090323-00003-______ll_gd_GEO-IRWIN.nc,21.359397888183597,311.870849609375,2024-09-29T09:02:07.000000000
al112024,WV,rcm3-sclna-owi-cm-20240928t210831-20240928t210947-00003-______ll_gd_GEO-WV.nc,20.41827964782715,313.2221984863281,2024-09-28T21:08:31.000000000
al112024,WV,rcm3-sclnd-owi-cm-20240929t090207-20240929t090323-00003-______ll_gd_GEO-WV.nc,21.359375,311.8708801269531,2024-09-29T09:02:07.000000000
al112024,WV,rcm3-sclna-owi-cm-20240927t205959-20240927t210114-00003-______ll_gd_GEO-WV.nc,18.47820854187012,316.1476135253906,2024-09-27T20:59:59.000000000
wp112025,IRWIN,rcm1-sc50mc-owi-cm-20250729t214347-20250729t214500-00003-xxxxx_ll_gd_GEO-IRWIN.nc,29.742664337158203,122.52684783935548,2025-07-29T21:43:47.000000000
wp112025,IRWIN,rcm1-sc50mc-owi-cm-20250728t094629-20250728t094742-00003-xxxxx_ll_gd_GEO-IRWIN.nc,26.895584106445312,127.29131317138672,2025-07-28T09:46:29.000000000
wp112025,IRWIN,rcm3-sc50ma-owi-cm-20250725t095304-20250725t095346-00003-xxxxx_ll_gd_GEO-IRWIN.nc,21.11328125,122.6697769165039,2025-07-25T09:53:04.000000000
wp112025,IRWIN,rcm1-sc50mc-owi-cm-20250729t095453-20250729t095545-00003-xxxxx_ll_gd_GEO-IRWIN.nc,28.33934211730957,123.537109375,2025-07-29T09:54:53.000000000
ep082024,IRWIN,rcm3-sclnd-owi-cm-20240826t140848-20240826t141004-00003-______ll_gd_GEO-IRWIN.nc,16.298175811767578,235.1529998779297,2024-08-26T14:08:48.000000000
ep082024,IRWIN,rcm2-sclnc-owi-cm-20240829t030955-20240829t031111-00003-______ll_gd_GEO-IRWIN.nc,16.925291061401367,225.85043334960935,2024-08-29T03:09:55.000000000
ep082024,IRWIN,rcm2-sclnd-owi-cm-20240828t030131-20240828t030246-00003-______ll_gd_GEO-IRWIN.nc,17.606924057006836,229.2318115234375,2024-08-28T03:01:31.000000000
ep082024,IRWIN,rcm3-sclnd-owi-cm-20240827t141646-20240827t141801-00003-______ll_gd_GEO-IRWIN.nc,17.44536018371582,231.36148071289065,2024-08-27T14:16:46.000000000
ep082024,IRWIN,rcm3-sc50ma-owi-cm-20240826t021327-20240826t021444-00003-______ll_gd_GEO-IRWIN.nc,15.925965309143066,236.97142028808597,2024-08-26T02:13:27.000000000
ep082024,IRWIN,rcm3-sc50ma-owi-cm-20240825t140039-20240825t140155-00003-______ll_gd_GEO-IRWIN.nc,15.95876121520996,238.6677703857422,2024-08-25T14:00:39.000000000
ep082024,WV,rcm2-sclnc-owi-cm-20240829t030955-20240829t031111-00003-______ll_gd_GEO-WV.nc,16.925304412841797,225.85044860839844,2024-08-29T03:09:55.000000000
ep082024,WV,rcm3-sclnd-owi-cm-20240826t140848-20240826t141004-00003-______ll_gd_GEO-WV.nc,16.29817008972168,235.1530303955078,2024-08-26T14:08:48.000000000
ep082024,WV,rcm3-sclnd-owi-cm-20240827t141646-20240827t141801-00003-______ll_gd_GEO-WV.nc,17.445358276367188,231.3614959716797,2024-08-27T14:16:46.000000000
ep082024,WV,rcm3-sc50ma-owi-cm-20240825t140039-20240825t140155-00003-______ll_gd_GEO-WV.nc,15.95876407623291,238.6678009033203,2024-08-25T14:00:39.000000000
ep082024,WV,rcm2-sclnd-owi-cm-20240828t030131-20240828t030246-00003-______ll_gd_GEO-WV.nc,17.606924057006836,229.2318420410156,2024-08-28T03:01:31.000000000
ep082024,WV,rcm3-sc50ma-owi-cm-20240826t021327-20240826t021444-00003-______ll_gd_GEO-WV.nc,15.9259614944458,236.97146606445312,2024-08-26T02:13:27.000000000
ep092020,IRWIN,rcm1-sc50ma-owi-cm-20200812t014959-20200812t015243-00003-______ll_gd_GEO-IRWIN.nc,22.36318588256836,243.6507568359375,2020-08-12T01:49:59.000000000
wp182021,IRWIN,s1a-iw-owi-cm-20210908t100621-20210908t100801-000003-04ADF7_ll_gd_GEO-IRWIN.nc,14.393733978271484,120.2221221923828,2021-09-08T10:06:21.000000000
wp182021,IRWIN,s1a-iw-owi-cm-20210907t213854-20210907t214009-000003-04ADC3_ll_gd_GEO-IRWIN.nc,13.54832649230957,121.62835693359376,2021-09-07T21:38:54.000000000
wp242021,IRWIN,s1a-iw-owi-cm-20211011t215414-20211011t215508-000003-04BEC0_ll_gd_GEO-IRWIN.nc,18.723541259765625,119.69353485107422,2021-10-11T21:54:14.000000000
wp222019,IRWIN,s1a-ew-owi-cm-20191022t201438-20191022t201648-000003-035DF5_ll_gd_GEO-IRWIN.nc,20.88869857788086,142.8317108154297,2019-10-22T20:14:38.000000000
wp222019,IRWIN,rs2-scwa-owi-cm-20191023t083016-20191023t083348-00003-______ll_gd_GEO-IRWIN.nc,23.281322479248047,141.9508056640625,2019-10-23T08:30:16.000000000
wp222019,IRWIN,rs2-scwa-owi-cm-20191024t202109-20191024t202332-00003-______ll_gd_GEO-IRWIN.nc,31.27474594116211,145.2957000732422,2019-10-24T20:21:09.000000000
al062023,IRWIN,rcm3-sc50ma-owi-cm-20230904t093700-20230904t093759-00003-______ll_gd_GEO-IRWIN.nc,38.30381393432617,309.2498474121094,2023-09-04T09:37:00.000000000
al062023,IRWIN,rcm3-sclnd-owi-cm-20230821t092652-20230821t092836-00003-______ll_gd_GEO-IRWIN.nc,16.642057418823242,303.6666564941406,2023-08-21T09:26:52.000000000
al062023,IRWIN,rcm1-sc50ma-owi-cm-20230903t211914-20230903t212031-00003-______ll_gd_GEO-IRWIN.nc,32.96604919433594,308.8448486328125,2023-09-03T21:19:14.000000000
al062023,IRWIN,rcm3-sc50ma-owi-cm-20230903t093141-20230903t093259-00003-______ll_gd_GEO-IRWIN.nc,29.907930374145508,307.3386535644531,2023-09-03T09:31:41.000000000
sh222021,IRWIN,rs2-scwa-owi-cm-20210302t231916-20210302t232032-00003-______ll_gd_GEO-IRWIN.nc,-18.78447532653809,90.63580322265624,2021-03-02T23:19:16.000000000
al052024,IRWIN,rcm2-sclnd-owi-cm-20240813t094323-20240813t094440-00003-______ll_gd_GEO-IRWIN.nc,16.40696144104004,298.5784606933594,2024-08-13T09:43:23.000000000
al052024,IRWIN,rcm1-sclnc-owi-cm-20240815t224617-20240815t224734-00003-______ll_gd_GEO-IRWIN.nc,26.41831970214844,291.556396484375,2024-08-15T22:46:17.000000000
al052024,IRWIN,rcm1-sclnd-owi-cm-20240819t214733-20240819t214801-00003-______ll_gd_GEO-IRWIN.nc,44.11840057373047,303.8106384277344,2024-08-19T21:47:33.000000000
al052024,IRWIN,rcm3-sclnd-owi-cm-20240819t095259-20240819t095416-00003-______ll_gd_GEO-IRWIN.nc,40.28657531738281,299.6853332519531,2024-08-19T09:52:59.000000000
al052024,IRWIN,rcm1-sclna-owi-cm-20240820t092636-20240820t092753-00003-______ll_gd_GEO-IRWIN.nc,47.634254455566406,311.00469970703125,2024-08-20T09:26:36.000000000
al052024,IRWIN,rcm2-sc50mc-owi-cm-20240817t101120-20240817t101239-00003-______ll_gd_GEO-IRWIN.nc,32.480037689208984,295.3094482421875,2024-08-17T10:11:20.000000000
al052024,IRWIN,rcm1-sc50ma-owi-cm-20240816t103603-20240816t103720-00003-______ll_gd_GEO-IRWIN.nc,28.65395736694336,293.0597229003906,2024-08-16T10:36:03.000000000
al052024,IRWIN,rcm1-sclnb-owi-cm-20240814t223707-20240814t223822-00003-______ll_gd_GEO-IRWIN.nc,22.058399200439453,291.4398193359375,2024-08-14T22:37:07.000000000
al052024,IRWIN,rcm3-sclnb-owi-cm-20240818t221028-20240818t221048-00003-______ll_gd_GEO-IRWIN.nc,37.29132843017578,297.8154602050781,2024-08-18T22:10:28.000000000
al052024,IRWIN,rcm1-sclna-owi-cm-20240814t102218-20240814t102334-00003-______ll_gd_GEO-IRWIN.nc,19.61205673217773,293.1211853027344,2024-08-14T10:22:18.000000000
al052024,IRWIN,rcm2-sclna-owi-cm-20240812t214725-20240812t214839-00003-______ll_gd_GEO-IRWIN.nc,15.989402770996094,302.1049499511719,2024-08-12T21:47:25.000000000
al052024,IRWIN,s1a-iw-owi-cm-20240815t224633-20240815t224725-000003-06BB7E_ll_gd_GEO-IRWIN.nc,26.41831970214844,291.556396484375,2024-08-15T22:46:33.000000000
al052024,IRWIN,rcm1-sclnd-owi-cm-20240813t222743-20240813t222858-00003-______ll_gd_GEO-IRWIN.nc,18.142274856567383,295.6122436523437,2024-08-13T22:27:43.000000000
al052024,IRWIN,rcm2-sc50ma-owi-cm-20240816t222327-20240816t222445-00003-______ll_gd_GEO-IRWIN.nc,30.75196647644043,294.4432067871094,2024-08-16T22:23:27.000000000
al052024,IRWIN,rcm1-sclnc-owi-cm-20240815t102915-20240815t103032-00003-______ll_gd_GEO-IRWIN.nc,24.23726463317871,290.6875,2024-08-15T10:29:15.000000000
al052024,WV,s1a-iw-owi-cm-20240815t224633-20240815t224725-000003-06BB7E_ll_gd_GEO-WV.nc,26.41833877563477,291.556396484375,2024-08-15T22:46:33.000000000
al052024,WV,rcm1-sclnd-owi-cm-20240819t214733-20240819t214801-00003-______ll_gd_GEO-WV.nc,44.118350982666016,303.8105773925781,2024-08-19T21:47:33.000000000
al052024,WV,rcm3-sclnd-owi-cm-20240819t095259-20240819t095416-00003-______ll_gd_GEO-WV.nc,40.28653717041016,299.685302734375,2024-08-19T09:52:59.000000000
al052024,WV,rcm2-sclna-owi-cm-20240812t214725-20240812t214839-00003-______ll_gd_GEO-WV.nc,15.995431900024414,302.0895080566406,2024-08-12T21:47:25.000000000
al052024,WV,rcm1-sclnc-owi-cm-20240815t102915-20240815t103032-00003-______ll_gd_GEO-WV.nc,24.237306594848636,290.6873779296875,2024-08-15T10:29:15.000000000
al052024,WV,rcm2-sc50mc-owi-cm-20240817t101120-20240817t101239-00003-______ll_gd_GEO-WV.nc,32.52414321899414,295.33355712890625,2024-08-17T10:11:20.000000000
al052024,WV,rcm1-sclnc-owi-cm-20240815t224617-20240815t224734-00003-______ll_gd_GEO-WV.nc,26.41833877563477,291.556396484375,2024-08-15T22:46:17.000000000
al052024,WV,rcm1-sc50ma-owi-cm-20240816t103603-20240816t103720-00003-______ll_gd_GEO-WV.nc,28.654504776000977,293.0599975585937,2024-08-16T10:36:03.000000000
al052024,WV,rcm1-sclna-owi-cm-20240814t102218-20240814t102334-00003-______ll_gd_GEO-WV.nc,19.626131057739254,293.09307861328125,2024-08-14T10:22:18.000000000
al052024,WV,rcm1-sclna-owi-cm-20240820t092636-20240820t092753-00003-______ll_gd_GEO-WV.nc,47.63421630859375,311.0046081542969,2024-08-20T09:26:36.000000000
al052024,WV,rcm1-sclnd-owi-cm-20240813t222743-20240813t222858-00003-______ll_gd_GEO-WV.nc,18.255355834960938,295.3874206542969,2024-08-13T22:27:43.000000000
al052024,WV,rcm2-sc50ma-owi-cm-20240816t222327-20240816t222445-00003-______ll_gd_GEO-WV.nc,30.76092338562012,294.4480285644531,2024-08-16T22:23:27.000000000
al052024,WV,rcm3-sclnb-owi-cm-20240818t221028-20240818t221048-00003-______ll_gd_GEO-WV.nc,37.29131317138672,297.8154602050781,2024-08-18T22:10:28.000000000
al052024,WV,rcm2-sclnd-owi-cm-20240813t094323-20240813t094440-00003-______ll_gd_GEO-WV.nc,16.452470779418945,298.4308166503906,2024-08-13T09:43:23.000000000
al052024,WV,rcm1-sclnb-owi-cm-20240814t223707-20240814t223822-00003-______ll_gd_GEO-WV.nc,22.05915641784668,291.4382629394531,2024-08-14T22:37:07.000000000
al122024,IRWIN,rcm1-sclnd-owi-cm-20241001t205843-20241001t210000-00003-______ll_gd_GEO-IRWIN.nc,16.206132888793945,319.8625183105469,2024-10-01T20:58:43.000000000
al122024,IRWIN,s1a-ew-owi-cm-20241002t083611-20241002t083727-000003-06D630_ll_gd_GEO-IRWIN.nc,17.41216278076172,317.88250732421875,2024-10-02T08:36:11.000000000
al122024,IRWIN,rcm2-sc50mc-owi-cm-20241006t211244-20241006t211403-00003-______ll_gd_GEO-IRWIN.nc,37.23748016357422,313.8998107910156,2024-10-06T21:12:44.000000000
al122024,IRWIN,rcm1-sc50ma-owi-cm-20241006t092222-20241006t092339-00003-______ll_gd_GEO-IRWIN.nc,33.68267059326172,310.9521789550781,2024-10-06T09:22:22.000000000
al122024,IRWIN,rcm2-sc50ma-owi-cm-20241007t085627-20241007t085745-00003-______ll_gd_GEO-IRWIN.nc,40.322383880615234,318.76470947265625,2024-10-07T08:56:27.000000000
al122024,IRWIN,rcm1-sclna-owi-cm-20241003t090145-20241003t090300-00003-______ll_gd_GEO-IRWIN.nc,19.843942642211918,314.9036560058594,2024-10-03T09:01:45.000000000
al122024,IRWIN,rcm1-sclnd-owi-cm-20240930t205022-20240930t205139-00003-______ll_gd_GEO-IRWIN.nc,13.931259155273438,324.23779296875,2024-09-30T20:50:22.000000000
al122024,IRWIN,s1a-iw-owi-cm-20241009t064132-20241009t064312-000003-06DA1F_ll_gd_GEO-IRWIN.nc,43.634765625,351.0749816894531,2024-10-09T06:41:32.000000000
al122024,IRWIN,rcm1-sclnb-owi-cm-20241004t090911-20241004t091027-00003-______ll_gd_GEO-IRWIN.nc,22.224929809570312,311.6932983398437,2024-10-04T09:09:11.000000000
al122024,IRWIN,rcm1-sclnc-owi-cm-20241007t201754-20241007t201912-00003-______ll_gd_GEO-IRWIN.nc,43.03408050537109,324.6976013183594,2024-10-07T20:17:54.000000000
al122024,IRWIN,rcm1-sclnd-owi-cm-20241002t210744-20241002t210836-00003-______ll_gd_GEO-IRWIN.nc,18.839574813842773,316.1618347167969,2024-10-02T21:07:44.000000000
al122024,IRWIN,rcm1-sclnc-owi-cm-20241004t212518-20241004t212636-00003-______ll_gd_GEO-IRWIN.nc,23.855375289916992,310.5512390136719,2024-10-04T21:25:18.000000000
al122024,IRWIN,rcm1-sclnb-owi-cm-20241008t075910-20241008t080027-00003-______ll_gd_GEO-IRWIN.nc,43.55997848510742,331.8365478515625,2024-10-08T07:59:10.000000000
al122024,IRWIN,s1a-ew-owi-cm-20241002t210552-20241002t210655-000003-06D67D_ll_gd_GEO-IRWIN.nc,18.839574813842773,316.1618347167969,2024-10-02T21:05:52.000000000
al122024,IRWIN,rcm1-sclnc-owi-cm-20241003t211627-20241003t211742-00003-______ll_gd_GEO-IRWIN.nc,20.97386932373047,313.2460021972656,2024-10-03T21:16:27.000000000
al122024,IRWIN,rcm2-sclnd-owi-cm-20241001t081520-20241001t081635-00003-______ll_gd_GEO-IRWIN.nc,14.872906684875488,322.0343017578125,2024-10-01T08:15:20.000000000
al122024,IRWIN,rcm1-sclnd-owi-cm-20241005t213448-20241005t213606-00003-______ll_gd_GEO-IRWIN.nc,29.83150100708008,309.9822998046875,2024-10-05T21:34:48.000000000
al122024,IRWIN,rcm3-sclnd-owi-cm-20241008t192213-20241008t192332-00003-______ll_gd_GEO-IRWIN.nc,42.8595085144043,340.23077392578125,2024-10-08T19:22:13.000000000
al122024,IRWIN,rcm1-sclnb-owi-cm-20241005t091613-20241005t091730-00003-______ll_gd_GEO-IRWIN.nc,26.134605407714844,309.6868591308594,2024-10-05T09:16:13.000000000
al122024,WV,rcm1-sclna-owi-cm-20241003t090145-20241003t090300-00003-______ll_gd_GEO-WV.nc,19.84393119812012,314.9036865234375,2024-10-03T09:01:45.000000000
al122024,WV,s1a-iw-owi-cm-20241009t064132-20241009t064312-000003-06DA1F_ll_gd_GEO-WV.nc,43.634765625,351.0749816894531,2024-10-09T06:41:32.000000000
al122024,WV,rcm2-sc50ma-owi-cm-20241007t085627-20241007t085745-00003-______ll_gd_GEO-WV.nc,40.32234573364258,318.7646484375,2024-10-07T08:56:27.000000000
al122024,WV,rcm1-sclnc-owi-cm-20241004t212518-20241004t212636-00003-______ll_gd_GEO-WV.nc,23.8553524017334,310.55126953125,2024-10-04T21:25:18.000000000
al122024,WV,rcm1-sclnb-owi-cm-20241004t090911-20241004t091027-00003-______ll_gd_GEO-WV.nc,22.224916458129883,311.6932983398437,2024-10-04T09:09:11.000000000
al122024,WV,rcm1-sc50ma-owi-cm-20241006t092222-20241006t092339-00003-______ll_gd_GEO-WV.nc,33.68262481689453,310.9521789550781,2024-10-06T09:22:22.000000000
al122024,WV,rcm1-sclnd-owi-cm-20241002t210744-20241002t210836-00003-______ll_gd_GEO-WV.nc,18.83955955505371,316.1618347167969,2024-10-02T21:07:44.000000000
al122024,WV,rcm1-sclnd-owi-cm-20240930t205022-20240930t205139-00003-______ll_gd_GEO-WV.nc,13.931259155273438,324.23779296875,2024-09-30T20:50:22.000000000
al122024,WV,rcm1-sclnd-owi-cm-20241001t205843-20241001t210000-00003-______ll_gd_GEO-WV.nc,16.206119537353516,319.8625183105469,2024-10-01T20:58:43.000000000
al122024,WV,rcm1-sclnd-owi-cm-20241005t213448-20241005t213606-00003-______ll_gd_GEO-WV.nc,29.831457138061523,309.9822998046875,2024-10-05T21:34:48.000000000
al122024,WV,rcm3-sclnd-owi-cm-20241008t192213-20241008t192332-00003-______ll_gd_GEO-WV.nc,42.8595085144043,340.23077392578125,2024-10-08T19:22:13.000000000
al122024,WV,rcm2-sclnd-owi-cm-20241001t081520-20241001t081635-00003-______ll_gd_GEO-WV.nc,14.872896194458008,322.0343322753906,2024-10-01T08:15:20.000000000
al122024,WV,rcm1-sclnc-owi-cm-20241003t211627-20241003t211742-00003-______ll_gd_GEO-WV.nc,20.973857879638672,313.2460327148437,2024-10-03T21:16:27.000000000
al122024,WV,s1a-ew-owi-cm-20241002t083611-20241002t083727-000003-06D630_ll_gd_GEO-WV.nc,17.412147521972656,317.8825378417969,2024-10-02T08:36:11.000000000
al122024,WV,rcm1-sclnb-owi-cm-20241008t075910-20241008t080027-00003-______ll_gd_GEO-WV.nc,43.55997848510742,331.8365478515625,2024-10-08T07:59:10.000000000
al122024,WV,rcm2-sc50mc-owi-cm-20241006t211244-20241006t211403-00003-______ll_gd_GEO-WV.nc,37.237449645996094,313.8997497558594,2024-10-06T21:12:44.000000000
al122024,WV,rcm1-sclnb-owi-cm-20241005t091613-20241005t091730-00003-______ll_gd_GEO-WV.nc,26.13457298278809,309.6868591308594,2024-10-05T09:16:13.000000000
al122024,WV,rcm1-sclnc-owi-cm-20241007t201754-20241007t201912-00003-______ll_gd_GEO-WV.nc,43.03408050537109,324.6976013183594,2024-10-07T20:17:54.000000000
al122024,WV,s1a-ew-owi-cm-20241002t210552-20241002t210655-000003-06D67D_ll_gd_GEO-WV.nc,18.83955955505371,316.1618347167969,2024-10-02T21:05:52.000000000
sh192020,IRWIN,s1a-iw-owi-cm-20200227t205712-20200227t205827-000003-039EBF_ll_gd_GEO-IRWIN.nc,-15.235262870788574,128.57960510253906,2020-02-27T20:57:12.000000000
ep092024,IRWIN,rcm3-sclna-owi-cm-20240914t132612-20240914t132727-00003-______ll_gd_GEO-IRWIN.nc,24.86662101745605,251.0419464111328,2024-09-14T13:26:12.000000000
ep092024,IRWIN,rcm3-sclnd-owi-cm-20240914t013453-20240914t013609-00003-______ll_gd_GEO-IRWIN.nc,23.311981201171875,250.70713806152344,2024-09-14T01:34:53.000000000
ep092024,WV,rcm3-sclnd-owi-cm-20240914t013453-20240914t013609-00003-______ll_gd_GEO-WV.nc,23.311962127685547,250.70713806152344,2024-09-14T01:34:53.000000000
ep092024,WV,rcm3-sclna-owi-cm-20240914t132612-20240914t132727-00003-______ll_gd_GEO-WV.nc,24.86659240722656,251.0419464111328,2024-09-14T13:26:12.000000000
ep052021,IRWIN,s1a-iw-owi-cm-20210627t011207-20210627t011351-000003-048BAA_ll_gd_GEO-IRWIN.nc,17.170595169067383,254.07958984375,2021-06-27T01:12:07.000000000
ep052021,IRWIN,s1b-iw-owi-cm-20210628t010428-20210628t010458-000003-0349E5_ll_gd_GEO-IRWIN.nc,19.48985290527344,254.0498962402344,2021-06-28T01:04:28.000000000
io032025,IRWIN,rcm1-sclnd-owi-cm-20251028t001248-20251028t001340-00003-xxxxx_ll_gd_GEO-IRWIN.nc,14.608476638793944,83.09478759765625,2025-10-28T00:12:48.000000000
wp222025,IRWIN,rcm1-sc50ma-owi-cm-20250908t103334-20250908t103414-00003-xxxxx_ll_gd_GEO-IRWIN.nc,23.628890991210938,110.89252471923828,2025-09-08T10:33:34.000000000
wp222025,IRWIN,s1a-iw-owi-cm-20250907t104119-20250907t104213-000003-0794DD_ll_gd_GEO-IRWIN.nc,19.780345916748047,113.5668716430664,2025-09-07T10:41:19.000000000
al142023,IRWIN,rcm1-sc50mb-owi-cm-20230914t084934-20230914t085051-00003-______ll_gd_GEO-IRWIN.nc,36.07109832763672,319.6762084960937,2023-09-14T08:49:34.000000000
al142023,IRWIN,rcm2-sc50mc-owi-cm-20230916t083334-20230916t083451-00003-______ll_gd_GEO-IRWIN.nc,34.9757080078125,321.81793212890625,2023-09-16T08:33:34.000000000
al142023,IRWIN,rcm1-sclnd-owi-cm-20230911t082817-20230911t082933-00003-______ll_gd_GEO-IRWIN.nc,25.03381729125977,319.9962158203125,2023-09-11T08:28:17.000000000
al142023,IRWIN,rcm1-sclnd-owi-cm-20230912t205455-20230912t205612-00003-______ll_gd_GEO-IRWIN.nc,31.55381393432617,320.5121459960937,2023-09-12T20:54:55.000000000
al142023,IRWIN,rcm1-sclnd-owi-cm-20230909t081338-20230909t081454-00003-______ll_gd_GEO-IRWIN.nc,19.884279251098636,323.1842956542969,2023-09-09T08:13:38.000000000
al142023,IRWIN,rcm2-sclna-owi-cm-20230913t203204-20230913t203320-00003-______ll_gd_GEO-IRWIN.nc,34.69944763183594,319.32470703125,2023-09-13T20:32:04.000000000
al142023,IRWIN,rcm1-sclnc-owi-cm-20230912t083507-20230912t083624-00003-______ll_gd_GEO-IRWIN.nc,29.10635757446289,320.6609191894531,2023-09-12T08:35:07.000000000
al142023,IRWIN,rcm1-sclnc-owi-cm-20230913t084207-20230913t084324-00003-______ll_gd_GEO-IRWIN.nc,33.33341598510742,319.9180603027344,2023-09-13T08:42:07.000000000
al142023,IRWIN,rcm1-sclna-owi-cm-20230910t203705-20230910t203821-00003-______ll_gd_GEO-IRWIN.nc,23.632822036743164,319.9872131347656,2023-09-10T20:37:05.000000000
al142023,IRWIN,rcm1-sclnd-owi-cm-20230910t082058-20230910t082215-00003-______ll_gd_GEO-IRWIN.nc,22.0675048828125,320.4218444824219,2023-09-10T08:20:58.000000000
al142023,IRWIN,rcm1-sclna-owi-cm-20230909t202811-20230909t202926-00003-______ll_gd_GEO-IRWIN.nc,20.91018295288086,321.4244384765625,2023-09-09T20:28:11.000000000
al142023,IRWIN,rcm2-sc50ma-owi-cm-20230914t204028-20230914t204145-00003-______ll_gd_GEO-IRWIN.nc,36.66371536254883,320.6314392089844,2023-09-14T20:40:28.000000000
sh192023,IRWIN,rcm2-sclna-owi-cm-20230521t005919-20230521t010001-00003-______ll_gd_GEO-IRWIN.nc,-10.324321746826172,68.8803482055664,2023-05-21T00:59:19.000000000
sh192023,IRWIN,rcm3-sclnb-owi-cm-20230519t134555-20230519t134710-00003-______ll_gd_GEO-IRWIN.nc,-9.836153984069824,69.74272918701172,2023-05-19T13:45:55.000000000
sh192023,IRWIN,rcm2-sclnd-owi-cm-20230518t003518-20230518t003616-00003-______ll_gd_GEO-IRWIN.nc,-8.897380828857422,72.44631958007812,2023-05-18T00:35:18.000000000
sh192023,IRWIN,rcm2-sclnd-owi-cm-20230520t005112-20230520t005229-00003-______ll_gd_GEO-IRWIN.nc,-9.90727996826172,69.37960815429688,2023-05-20T00:51:12.000000000
sh192023,IRWIN,rcm3-sclnd-owi-cm-20230520t135354-20230520t135420-00003-______ll_gd_GEO-IRWIN.nc,-10.130849838256836,69.14008331298828,2023-05-20T13:53:54.000000000
sh192023,IRWIN,rcm3-sclnb-owi-cm-20230518t133754-20230518t133849-00003-______ll_gd_GEO-IRWIN.nc,-9.042201042175291,71.45887756347656,2023-05-18T13:37:54.000000000
sh192023,IRWIN,rcm3-sclnd-owi-cm-20230515t131440-20230515t131555-00003-______ll_gd_GEO-IRWIN.nc,-5.557595729827881,77.33427429199219,2023-05-15T13:14:40.000000000
sh192023,IRWIN,rcm3-sclnc-owi-cm-20230516t132231-20230516t132346-00003-______ll_gd_GEO-IRWIN.nc,-7.421749114990234,74.87242889404297,2023-05-16T13:22:31.000000000
sh192023,IRWIN,rcm3-sclnc-owi-cm-20230517t132956-20230517t133052-00003-______ll_gd_GEO-IRWIN.nc,-8.825345993041992,73.3070068359375,2023-05-17T13:29:56.000000000
wp132021,IRWIN,s1b-iw-owi-cm-20210806t215140-20210806t215226-000003-035B26_ll_gd_GEO-IRWIN.nc,24.97455596923828,120.17607879638672,2021-08-06T21:51:40.000000000
al062024,IRWIN,s1a-iw-owi-cm-20240909t002423-20240909t002538-000003-06C8BE_ll_gd_GEO-IRWIN.nc,22.05113983154297,265.1806640625,2024-09-09T00:24:23.000000000
al062024,IRWIN,rcm1-sclna-owi-cm-20240909t121437-20240909t121553-00003-______ll_gd_GEO-IRWIN.nc,23.22169303894043,264.4814758300781,2024-09-09T12:14:37.000000000
al062024,IRWIN,rcm2-sclnd-owi-cm-20240911t115656-20240911t115814-00003-______ll_gd_GEO-IRWIN.nc,27.48581886291504,266.7860107421875,2024-09-11T11:56:56.000000000
al062024,IRWIN,rcm2-sclnd-owi-cm-20240912t001556-20240912t001714-00003-______ll_gd_GEO-IRWIN.nc,29.659692764282227,269.17254638671875,2024-09-12T00:15:56.000000000
al062024,IRWIN,rcm1-sclnc-owi-cm-20240910t002946-20240910t003059-00003-______ll_gd_GEO-IRWIN.nc,23.91473197937012,263.881103515625,2024-09-10T00:29:46.000000000
al062024,IRWIN,s1a-ew-owi-cm-20240911t121525-20240911t121628-000003-06CA2A_ll_gd_GEO-IRWIN.nc,27.573225021362305,266.8721618652344,2024-09-11T12:15:25.000000000
al062024,IRWIN,rcm1-sclna-owi-cm-20240910t122137-20240910t122253-00003-______ll_gd_GEO-IRWIN.nc,24.54550552368164,264.2345886230469,2024-09-10T12:21:37.000000000
al062024,WV,rcm1-sclna-owi-cm-20240909t121437-20240909t121553-00003-______ll_gd_GEO-WV.nc,23.2216796875,264.48150634765625,2024-09-09T12:14:37.000000000
al062024,WV,s1a-iw-owi-cm-20240909t002423-20240909t002538-000003-06C8BE_ll_gd_GEO-WV.nc,22.051122665405277,265.1806640625,2024-09-09T00:24:23.000000000
al062024,WV,rcm2-sclnd-owi-cm-20240912t001556-20240912t001714-00003-______ll_gd_GEO-WV.nc,29.6596736907959,269.17254638671875,2024-09-12T00:15:56.000000000
al062024,WV,rcm2-sclnd-owi-cm-20240911t115656-20240911t115814-00003-______ll_gd_GEO-WV.nc,27.48579406738281,266.7859802246094,2024-09-11T11:56:56.000000000
al062024,WV,s1a-ew-owi-cm-20240911t121525-20240911t121628-000003-06CA2A_ll_gd_GEO-WV.nc,27.57320022583008,266.87213134765625,2024-09-11T12:15:25.000000000
al062024,WV,rcm1-sclna-owi-cm-20240910t122137-20240910t122253-00003-______ll_gd_GEO-WV.nc,24.545490264892575,264.23455810546875,2024-09-10T12:21:37.000000000
al062024,WV,rcm1-sclnc-owi-cm-20240910t002946-20240910t003059-00003-______ll_gd_GEO-WV.nc,23.91472816467285,263.881103515625,2024-09-10T00:29:46.000000000
sh222019,IRWIN,s1a-ew-owi-cm-20190329t140231-20190329t140436-000003-02F9EC_ll_gd_GEO-IRWIN.nc,-23.45414924621582,68.5142822265625,2019-03-29T14:02:31.000000000
sh222019,IRWIN,s1a-ew-owi-cm-20190330t005718-20190330t010032-000003-02FA24_ll_gd_GEO-IRWIN.nc,-24.60821533203125,69.36869812011719,2019-03-30T00:57:18.000000000
sh222019,IRWIN,s1a-ew-owi-cm-20190326t012823-20190326t013113-000003-02F7FA_ll_gd_GEO-IRWIN.nc,-18.981704711914062,63.82331085205078,2019-03-26T01:28:23.000000000
sh222019,IRWIN,s1a-ew-owi-cm-20190328t011252-20190328t011456-000003-02F917_ll_gd_GEO-IRWIN.nc,-20.760122299194336,67.33834838867188,2019-03-28T01:12:52.000000000
sh222019,IRWIN,rs2-scwa-owi-cm-20190328t005221-20190328t005444-00003-______ll_gd_GEO-IRWIN.nc,-20.745630264282227,67.32952880859375,2019-03-28T00:52:21.000000000
sh222019,IRWIN,s1b-ew-owi-cm-20190331t004928-20190331t005133-000003-01D3A6_ll_gd_GEO-IRWIN.nc,-26.516490936279297,69.6324234008789,2019-03-31T00:49:28.000000000
sh222019,IRWIN,s1b-ew-owi-cm-20190330t135323-20190330t135509-000003-01D369_ll_gd_GEO-IRWIN.nc,-25.893539428710938,69.98959350585938,2019-03-30T13:53:23.000000000
wp182022,IRWIN,rcm2-sc50mb-owi-cm-20220925t100717-20220925t100849-00003-______ll_gd_GEO-IRWIN.nc,15.059226036071776,121.73460388183594,2022-09-25T10:07:17.000000000
wp182022,IRWIN,rcm2-sc50ma-owi-cm-20220925t220253-20220925t220352-00003-______ll_gd_GEO-IRWIN.nc,15.771400451660156,118.76165008544922,2022-09-25T22:02:53.000000000
io052019,IRWIN,s1b-iw-owi-cm-20191031t005540-20191031t005626-000003-023451_ll_gd_GEO-IRWIN.nc,11.33095645904541,73.49356079101562,2019-10-31T00:55:40.000000000
io052019,IRWIN,rs2-scwa-owi-cm-20191105t135113-20191105t135447-00003-______ll_gd_GEO-IRWIN.nc,19.703344345092773,64.12488555908203,2019-11-05T13:51:13.000000000
ep032023,IRWIN,rcm2-sclna-owi-cm-20230716t025257-20230716t025414-00003-______ll_gd_GEO-IRWIN.nc,15.35409164428711,228.10662841796875,2023-07-16T02:52:57.000000000
ep032023,IRWIN,rcm3-sc50ma-owi-cm-20230714t020421-20230714t020538-00003-______ll_gd_GEO-IRWIN.nc,13.04279613494873,239.7122344970703,2023-07-14T02:04:21.000000000
ep032023,IRWIN,rcm3-sclnd-owi-cm-20230719t042213-20230719t042329-00003-______ll_gd_GEO-IRWIN.nc,17.735055923461914,206.19993591308597,2023-07-19T04:22:13.000000000
ep032023,IRWIN,rcm2-sclnc-owi-cm-20230716t144849-20230716t145006-00003-______ll_gd_GEO-IRWIN.nc,15.824597358703612,225.23741149902344,2023-07-16T14:48:49.000000000
ep032023,IRWIN,rcm3-sclnd-owi-cm-20230715t140919-20230715t141035-00003-______ll_gd_GEO-IRWIN.nc,14.699492454528809,231.23606872558597,2023-07-15T14:09:19.000000000
ep032023,IRWIN,rcm2-sclnd-owi-cm-20230715t024431-20230715t024548-00003-______ll_gd_GEO-IRWIN.nc,14.192675590515137,234.06369018554688,2023-07-15T02:44:31.000000000
ep032023,IRWIN,rcm3-sclnc-owi-cm-20230714t140140-20230714t140238-00003-______ll_gd_GEO-IRWIN.nc,13.512762069702148,236.96031188964844,2023-07-14T14:01:40.000000000
ep032023,IRWIN,rcm1-sclnd-owi-cm-20230717t033308-20230717t033424-00003-______ll_gd_GEO-IRWIN.nc,16.54771614074707,221.8491668701172,2023-07-17T03:33:08.000000000
ep032023,IRWIN,rcm1-sclna-owi-cm-20230718t034139-20230718t034254-00003-______ll_gd_GEO-IRWIN.nc,17.267986297607422,214.2855987548828,2023-07-18T03:41:39.000000000
ep032023,IRWIN,rcm3-sclnb-owi-cm-20230719t161659-20230719t161805-00003-______ll_gd_GEO-IRWIN.nc,17.82976722717285,202.84640502929688,2023-07-19T16:16:59.000000000
ep032023,IRWIN,rcm1-sclna-owi-cm-20230717t152825-20230717t152942-00003-______ll_gd_GEO-IRWIN.nc,16.87133026123047,218.3820953369141,2023-07-17T15:28:25.000000000
wp212020,IRWIN,s1a-ew-owi-cm-20201027t103902-20201027t104036-000003-04147D_ll_gd_GEO-IRWIN.nc,13.80931282043457,112.13016510009766,2020-10-27T10:39:02.000000000
wp212020,IRWIN,s1a-ew-owi-cm-20201026t221102-20201026t221307-000003-041438_ll_gd_GEO-IRWIN.nc,13.467732429504396,114.8255386352539,2020-10-26T22:11:02.000000000
sh122023,IRWIN,s1a-iw-owi-cm-20230213t172916-20230213t173031-000003-05AA87_ll_gd_GEO-IRWIN.nc,-36.887916564941406,176.23814392089844,2023-02-13T17:29:16.000000000
sh122023,IRWIN,rcm2-sclnd-owi-cm-20230211t073835-20230211t073951-00003-______ll_gd_GEO-IRWIN.nc,-28.830493927001957,167.3350067138672,2023-02-11T07:38:35.000000000
sh122023,IRWIN,rcm1-sclnd-owi-cm-20230210t080328-20230210t080508-00003-______ll_gd_GEO-IRWIN.nc,-23.82839012145996,160.52389526367188,2023-02-10T08:03:28.000000000
al132024,IRWIN,rcm3-sclnd-owi-cm-20241008t083834-20241008t083950-00003-______ll_gd_GEO-IRWIN.nc,18.616601943969727,315.5048522949219,2024-10-08T08:38:34.000000000
al132024,IRWIN,rcm2-sclna-owi-cm-20241010t092508-20241010t092623-00003-______ll_gd_GEO-IRWIN.nc,22.74320411682129,310.0091552734375,2024-10-10T09:25:08.000000000
al132024,IRWIN,rcm2-sclnd-owi-cm-20241009t213259-20241009t213417-00003-______ll_gd_GEO-IRWIN.nc,22.152854919433597,311.19732666015625,2024-10-09T21:32:59.000000000
al132024,IRWIN,rcm3-sclna-owi-cm-20241003t080018-20241003t080135-00003-______ll_gd_GEO-IRWIN.nc,10.239510536193848,329.6430969238281,2024-10-03T08:00:18.000000000
al132024,IRWIN,rcm3-sclna-owi-cm-20241005t202606-20241005t202722-00003-______ll_gd_GEO-IRWIN.nc,11.479812622070312,324.01580810546875,2024-10-05T20:26:06.000000000
al132024,IRWIN,rcm3-sclna-owi-cm-20241006t203445-20241006t203559-00003-______ll_gd_GEO-IRWIN.nc,14.047739028930664,321.44158935546875,2024-10-06T20:34:45.000000000
al132024,IRWIN,rcm3-sclna-owi-cm-20241006t082401-20241006t082517-00003-______ll_gd_GEO-IRWIN.nc,12.633084297180176,322.8351745605469,2024-10-06T08:24:01.000000000
al132024,IRWIN,rcm3-sclna-owi-cm-20241012t090717-20241012t090832-00003-______ll_gd_GEO-IRWIN.nc,31.934171676635746,314.09326171875,2024-10-12T09:07:17.000000000
al132024,IRWIN,rcm3-sclnb-owi-cm-20241011t211845-20241011t212001-00003-______ll_gd_GEO-IRWIN.nc,27.75701332092285,310.6327819824219,2024-10-11T21:18:45.000000000
al132024,IRWIN,rcm3-sclna-owi-cm-20241002t200137-20241002t200253-00003-______ll_gd_GEO-IRWIN.nc,10.463794708251951,330.4940795898437,2024-10-02T20:01:37.000000000
al132024,IRWIN,rcm2-sclnd-owi-cm-20241008t212417-20241008t212532-00003-______ll_gd_GEO-IRWIN.nc,20.046459197998047,313.480712890625,2024-10-08T21:24:17.000000000
al132024,IRWIN,rcm3-sclna-owi-cm-20241005t081622-20241005t081738-00003-______ll_gd_GEO-IRWIN.nc,10.641566276550291,325.26104736328125,2024-10-05T08:16:22.000000000
al132024,IRWIN,s1a-ew-owi-cm-20241010t090718-20241010t090821-000003-06DAC3_ll_gd_GEO-IRWIN.nc,22.73526382446289,310.0218505859375,2024-10-10T09:07:18.000000000
al132024,IRWIN,rcm3-sclna-owi-cm-20241004t201758-20241004t201914-00003-______ll_gd_GEO-IRWIN.nc,10.184008598327637,326.4615173339844,2024-10-04T20:17:58.000000000
al132024,IRWIN,rcm3-sclnb-owi-cm-20241007t083125-20241007t083241-00003-______ll_gd_GEO-IRWIN.nc,15.534093856811523,319.618896484375,2024-10-07T08:31:25.000000000
al132024,WV,rcm3-sclna-owi-cm-20241012t090717-20241012t090832-00003-______ll_gd_GEO-WV.nc,31.934097290039062,314.0932006835937,2024-10-12T09:07:17.000000000
al132024,WV,rcm2-sclnd-owi-cm-20241008t212417-20241008t212532-00003-______ll_gd_GEO-WV.nc,20.046445846557617,313.480712890625,2024-10-08T21:24:17.000000000
al132024,WV,s1a-ew-owi-cm-20241010t090718-20241010t090821-000003-06DAC3_ll_gd_GEO-WV.nc,22.73525619506836,310.0218811035156,2024-10-10T09:07:18.000000000
al132024,WV,rcm3-sclnb-owi-cm-20241011t211845-20241011t212001-00003-______ll_gd_GEO-WV.nc,27.756980895996094,310.6327514648437,2024-10-11T21:18:45.000000000
al132024,WV,rcm3-sclnb-owi-cm-20241007t083125-20241007t083241-00003-______ll_gd_GEO-WV.nc,15.534074783325195,319.6189270019531,2024-10-07T08:31:25.000000000
al132024,WV,rcm3-sclna-owi-cm-20241005t081622-20241005t081738-00003-______ll_gd_GEO-WV.nc,10.641566276550291,325.26104736328125,2024-10-05T08:16:22.000000000
al132024,WV,rcm2-sclna-owi-cm-20241010t092508-20241010t092623-00003-______ll_gd_GEO-WV.nc,22.74319648742676,310.0091552734375,2024-10-10T09:25:08.000000000
al132024,WV,rcm3-sclna-owi-cm-20241003t080018-20241003t080135-00003-______ll_gd_GEO-WV.nc,10.239510536193848,329.6430969238281,2024-10-03T08:00:18.000000000
al132024,WV,rcm3-sclna-owi-cm-20241005t202606-20241005t202722-00003-______ll_gd_GEO-WV.nc,11.479812622070312,324.01580810546875,2024-10-05T20:26:06.000000000
al132024,WV,rcm3-sclna-owi-cm-20241004t201758-20241004t201914-00003-______ll_gd_GEO-WV.nc,10.184008598327637,326.4615173339844,2024-10-04T20:17:58.000000000
al132024,WV,rcm3-sclna-owi-cm-20241006t082401-20241006t082517-00003-______ll_gd_GEO-WV.nc,12.633084297180176,322.8351745605469,2024-10-06T08:24:01.000000000
al132024,WV,rcm3-sclnd-owi-cm-20241008t083834-20241008t083950-00003-______ll_gd_GEO-WV.nc,18.61658477783203,315.5048828125,2024-10-08T08:38:34.000000000
al132024,WV,rcm3-sclna-owi-cm-20241006t203445-20241006t203559-00003-______ll_gd_GEO-WV.nc,14.047719955444336,321.44158935546875,2024-10-06T20:34:45.000000000
al132024,WV,rcm3-sclna-owi-cm-20241002t200137-20241002t200253-00003-______ll_gd_GEO-WV.nc,10.463794708251951,330.4940795898437,2024-10-02T20:01:37.000000000
al132024,WV,rcm2-sclnd-owi-cm-20241009t213259-20241009t213417-00003-______ll_gd_GEO-WV.nc,22.152847290039062,311.19732666015625,2024-10-09T21:32:59.000000000
sh082025,IRWIN,rcm2-sclnc-owi-cm-20250112t050810-20250112t050847-00003-xxxxx_ll_gd_GEO-IRWIN.nc,-22.1755428314209,202.26824951171875,2025-01-12T05:08:10.000000000
io042023,IRWIN,s1a-iw-owi-cm-20230731t234815-20230731t234931-000003-05F92A_ll_gd_GEO-IRWIN.nc,19.88008499145508,92.01666259765624,2023-07-31T23:48:15.000000000
ep182023,IRWIN,s1a-iw-owi-cm-20231024t004708-20231024t004802-000003-0622AE_ll_gd_GEO-IRWIN.nc,13.391279220581056,261.9247741699219,2023-10-24T00:47:08.000000000
ep182023,IRWIN,rcm1-sc50mc-owi-cm-20231025t005145-20231025t005302-00003-______ll_gd_GEO-IRWIN.nc,15.804990768432615,260.3641052246094,2023-10-25T00:51:45.000000000
sh052025,IRWIN,rcm3-sclnd-owi-cm-20241227t120844-20241227t121000-00003-xxxxx_ll_gd_GEO-IRWIN.nc,-12.535138130187988,96.32676696777344,2024-12-27T12:08:44.000000000
sh052025,IRWIN,rcm2-sclna-owi-cm-20241227t231522-20241227t231636-00003-xxxxx_ll_gd_GEO-IRWIN.nc,-13.646656036376951,96.46410369873048,2024-12-27T23:15:22.000000000
wp102023,IRWIN,rcm2-sc50ma-owi-cm-20230830t085629-20230830t085747-00003-______ll_gd_GEO-IRWIN.nc,20.443328857421875,135.20867919921875,2023-08-30T08:56:29.000000000
wp102023,IRWIN,rcm2-sclnd-owi-cm-20230830t204933-20230830t205050-00003-______ll_gd_GEO-IRWIN.nc,21.057058334350582,133.4641571044922,2023-08-30T20:49:33.000000000
wp102023,IRWIN,rcm1-sc50mb-owi-cm-20230901t213621-20230901t213739-00003-______ll_gd_GEO-IRWIN.nc,22.256181716918945,126.59414672851562,2023-09-01T21:36:21.000000000
wp102023,IRWIN,rcm1-sclnd-owi-cm-20230831t093651-20230831t093717-00003-______ll_gd_GEO-IRWIN.nc,21.621437072753903,131.71142578125,2023-08-31T09:36:51.000000000
sh012024,IRWIN,rcm1-sc50ma-owi-cm-20231024t070211-20231024t070327-00003-______ll_gd_GEO-IRWIN.nc,-15.200754165649414,168.63043212890625,2023-10-24T07:02:11.000000000
sh012024,IRWIN,s1a-iw-owi-cm-20231024t071330-20231024t071535-000003-0622CF_ll_gd_GEO-IRWIN.nc,-15.21420955657959,168.6198272705078,2023-10-24T07:13:30.000000000
sh012024,IRWIN,rcm3-sclnd-owi-cm-20231025t181923-20231025t182038-00003-______ll_gd_GEO-IRWIN.nc,-17.322534561157227,165.96173095703125,2023-10-25T18:19:23.000000000
sh012024,IRWIN,rcm1-sc50ma-owi-cm-20231025t070947-20231025t071104-00003-______ll_gd_GEO-IRWIN.nc,-16.759899139404297,167.017822265625,2023-10-25T07:09:47.000000000
sh012024,IRWIN,rcm2-sc50ma-owi-cm-20231023t183350-20231023t183505-00003-______ll_gd_GEO-IRWIN.nc,-14.039191246032717,169.16693115234375,2023-10-23T18:33:50.000000000
sh012024,WV,rcm3-sclnd-owi-cm-20231025t181923-20231025t182038-00003-______ll_gd_GEO-WV.nc,-17.322528839111328,165.96173095703125,2023-10-25T18:19:23.000000000
sh012024,WV,rcm1-sc50ma-owi-cm-20231024t070211-20231024t070327-00003-______ll_gd_GEO-WV.nc,-15.200745582580566,168.63043212890625,2023-10-24T07:02:11.000000000
sh012024,WV,rcm2-sc50ma-owi-cm-20231023t183350-20231023t183505-00003-______ll_gd_GEO-WV.nc,-14.0391845703125,169.16693115234375,2023-10-23T18:33:50.000000000
sh012024,WV,s1a-iw-owi-cm-20231024t071330-20231024t071535-000003-0622CF_ll_gd_GEO-WV.nc,-15.21420192718506,168.6198272705078,2023-10-24T07:13:30.000000000
sh012024,WV,rcm1-sc50ma-owi-cm-20231025t070947-20231025t071104-00003-______ll_gd_GEO-WV.nc,-16.75989532470703,167.01783752441406,2023-10-25T07:09:47.000000000
ep112023,IRWIN,rcm2-sc50mc-owi-cm-20230909t140708-20230909t140823-00003-______ll_gd_GEO-IRWIN.nc,22.24026107788086,234.52606201171875,2023-09-09T14:07:08.000000000
ep112023,IRWIN,rcm2-sc50ma-owi-cm-20230910t022304-20230910t022420-00003-______ll_gd_GEO-IRWIN.nc,23.527921676635746,233.6399383544922,2023-09-10T02:23:04.000000000
ep112023,IRWIN,rcm2-sc50ma-owi-cm-20230908t135958-20230908t140114-00003-______ll_gd_GEO-IRWIN.nc,19.69390106201172,238.96571350097656,2023-09-08T13:59:58.000000000
ep112023,IRWIN,rcm2-sc50mc-owi-cm-20230908t020504-20230908t020620-00003-______ll_gd_GEO-IRWIN.nc,18.26560401916504,241.70445251464844,2023-09-08T02:05:04.000000000
ep112023,IRWIN,rcm2-sc50ma-owi-cm-20230909t021407-20230909t021511-00003-______ll_gd_GEO-IRWIN.nc,20.87333297729492,236.4034118652344,2023-09-09T02:14:07.000000000
ep112023,IRWIN,rcm3-sc50ma-owi-cm-20230907t012441-20230907t012556-00003-______ll_gd_GEO-IRWIN.nc,15.484631538391112,247.2850799560547,2023-09-07T01:24:41.000000000
ep112023,IRWIN,rcm3-sc50ma-owi-cm-20230906t131257-20230906t131414-00003-______ll_gd_GEO-IRWIN.nc,14.045889854431152,249.7811279296875,2023-09-06T13:12:57.000000000
ep112023,IRWIN,rcm3-sc50mc-owi-cm-20230907t132049-20230907t132205-00003-______ll_gd_GEO-IRWIN.nc,16.949085235595703,244.63406372070312,2023-09-07T13:20:49.000000000
al092021,IRWIN,s1b-iw-owi-cm-20210902t104027-20210902t104142-000003-036731_ll_gd_GEO-IRWIN.nc,41.165863037109375,289.6933288574219,2021-09-02T10:40:27.000000000
al092021,IRWIN,rcm1-sc50mc-owi-cm-20210830t000713-20210830t000812-00003-______ll_gd_GEO-IRWIN.nc,29.92926025390625,269.4000244140625,2021-08-30T00:07:13.000000000
al092021,IRWIN,s1a-iw-owi-cm-20210829t000047-20210829t000227-000003-04A8B3_ll_gd_GEO-IRWIN.nc,26.71382141113281,272.38458251953125,2021-08-29T00:00:47.000000000
al092021,IRWIN,s1b-iw-owi-cm-20210904t102144-20210904t102324-000003-03681F_ll_gd_GEO-IRWIN.nc,47.95041275024414,296.0314636230469,2021-09-04T10:21:44.000000000
al152021,IRWIN,rcm2-sc50ma-owi-cm-20210922t202606-20210922t202926-00003-______ll_gd_GEO-IRWIN.nc,43.83536911010742,319.01416015625,2021-09-22T20:26:06.000000000
al152021,IRWIN,rcm2-sc50ma-owi-cm-20210918t104052-20210918t104157-00003-______ll_gd_GEO-IRWIN.nc,38.17925643920898,291.2869873046875,2021-09-18T10:40:52.000000000
al152021,IRWIN,rcm2-sc50mb-owi-cm-20210923t203405-20210923t203745-00003-______ll_gd_GEO-IRWIN.nc,43.88873291015625,318.28009033203125,2021-09-23T20:34:05.000000000
al072024,IRWIN,rcm3-sclnb-owi-cm-20240913t204426-20240913t204542-00003-______ll_gd_GEO-IRWIN.nc,19.81772804260254,320.5653076171875,2024-09-13T20:44:26.000000000
al072024,IRWIN,rcm3-sclna-owi-cm-20240914t205230-20240914t205345-00003-______ll_gd_GEO-IRWIN.nc,20.101112365722656,316.9893493652344,2024-09-14T20:52:30.000000000
al072024,IRWIN,rcm3-sclnd-owi-cm-20240915t084613-20240915t084728-00003-______ll_gd_GEO-IRWIN.nc,19.39486694335937,315.2603454589844,2024-09-15T08:46:13.000000000
al072024,WV,rcm3-sclna-owi-cm-20240914t205230-20240914t205345-00003-______ll_gd_GEO-WV.nc,20.10112571716309,316.9893798828125,2024-09-14T20:52:30.000000000
al072024,WV,rcm3-sclnb-owi-cm-20240913t204426-20240913t204542-00003-______ll_gd_GEO-WV.nc,19.81772232055664,320.5653381347656,2024-09-13T20:44:26.000000000
al072024,WV,rcm3-sclnd-owi-cm-20240915t084613-20240915t084728-00003-______ll_gd_GEO-WV.nc,19.394872665405277,315.2603759765625,2024-09-15T08:46:13.000000000
wp032023,IRWIN,rcm2-sc50mc-owi-cm-20230609t210612-20230609t210727-00003-______ll_gd_GEO-IRWIN.nc,18.795642852783203,129.86932373046875,2023-06-09T21:06:12.000000000
wp032023,IRWIN,rcm1-sc50ma-owi-cm-20230612t083536-20230612t083554-00003-______ll_gd_GEO-IRWIN.nc,29.92204475402832,138.59722900390625,2023-06-12T08:35:36.000000000
wp032023,IRWIN,rcm2-sc50ma-owi-cm-20230610t211324-20230610t211436-00003-______ll_gd_GEO-IRWIN.nc,22.802587509155277,131.27984619140625,2023-06-10T21:13:24.000000000
wp032023,IRWIN,rcm3-sc50mc-owi-cm-20230611t204827-20230611t204945-00003-______ll_gd_GEO-IRWIN.nc,27.47982215881348,135.56947326660156,2023-06-11T20:48:27.000000000
sh022025,IRWIN,rcm2-sclnc-owi-cm-20241115t132904-20241115t133020-00003-xxxxx_ll_gd_GEO-IRWIN.nc,-12.30178165435791,74.90341186523438,2024-11-15T13:29:04.000000000
sh022025,IRWIN,rcm1-sclnd-owi-cm-20241116t003602-20241116t003718-00003-xxxxx_ll_gd_GEO-IRWIN.nc,-13.37597370147705,73.53815460205078,2024-11-16T00:36:02.000000000
sh022025,IRWIN,rcm2-sclnb-owi-cm-20241117t134415-20241117t134529-00003-xxxxx_ll_gd_GEO-IRWIN.nc,-16.48641586303711,70.07868194580078,2024-11-17T13:44:15.000000000
sh022025,IRWIN,rcm1-sclnc-owi-cm-20241119t010115-20241119t010232-00003-xxxxx_ll_gd_GEO-IRWIN.nc,-17.745084762573242,67.56494903564453,2024-11-19T01:01:15.000000000
sh022025,IRWIN,rcm2-sclnb-owi-cm-20241116t133638-20241116t133753-00003-xxxxx_ll_gd_GEO-IRWIN.nc,-14.753473281860352,72.09333801269531,2024-11-16T13:36:38.000000000
sh022025,IRWIN,rcm1-sclnd-owi-cm-20241117t004436-20241117t004550-00003-xxxxx_ll_gd_GEO-IRWIN.nc,-15.470316886901855,71.12488555908203,2024-11-17T00:44:36.000000000
sh022025,IRWIN,rcm1-sclnd-owi-cm-20241115t002735-20241115t002851-00003-xxxxx_ll_gd_GEO-IRWIN.nc,-11.22987937927246,75.889404296875,2024-11-15T00:27:35.000000000
sh022025,IRWIN,rcm1-sclnc-owi-cm-20241118t005253-20241118t005408-00003-xxxxx_ll_gd_GEO-IRWIN.nc,-17.140560150146484,69.46932983398438,2024-11-18T00:52:53.000000000
sh022025,IRWIN,rcm2-sclnb-owi-cm-20241114t132125-20241114t132241-00003-xxxxx_ll_gd_GEO-IRWIN.nc,-10.380669593811035,76.15605163574219,2024-11-14T13:21:25.000000000
sh022025,IRWIN,rcm2-sclna-owi-cm-20241119t135942-20241119t140059-00003-xxxxx_ll_gd_GEO-IRWIN.nc,-18.24407958984375,65.97566223144531,2024-11-19T13:59:42.000000000
sh022025,IRWIN,rcm2-sclnb-owi-cm-20241118t135154-20241118t135311-00003-xxxxx_ll_gd_GEO-IRWIN.nc,-17.54367446899414,68.8770751953125,2024-11-18T13:51:54.000000000
sh022025,IRWIN,rcm1-sclnd-owi-cm-20241120t010953-20241120t011002-00003-xxxxx_ll_gd_GEO-IRWIN.nc,-18.961671829223636,63.76539993286133,2024-11-20T01:09:53.000000000
wp012024,IRWIN,rcm1-sc50mc-owi-cm-20240529t205541-20240529t205657-00003-______ll_gd_GEO-IRWIN.nc,27.833087921142575,134.35862731933594,2024-05-29T20:55:41.000000000
wp012024,IRWIN,s1a-iw-owi-cm-20240526t095829-20240526t095928-000003-069204_ll_gd_GEO-IRWIN.nc,14.747074127197266,122.17001342773438,2024-05-26T09:58:29.000000000
wp012024,IRWIN,rcm3-sc50ma-owi-cm-20240528t212111-20240528t212226-00003-______ll_gd_GEO-IRWIN.nc,23.70089340209961,130.26889038085938,2024-05-28T21:21:11.000000000
wp012024,IRWIN,rcm3-sc50ma-owi-cm-20240528t092856-20240528t093011-00003-______ll_gd_GEO-IRWIN.nc,20.73528861999512,127.56826782226562,2024-05-28T09:28:56.000000000
wp012024,IRWIN,rcm2-sc50ma-owi-cm-20240527t095144-20240527t095259-00003-______ll_gd_GEO-IRWIN.nc,16.731552124023438,123.70573425292967,2024-05-27T09:51:44.000000000
wp012024,IRWIN,rcm2-sc50ma-owi-cm-20240530t084258-20240530t084415-00003-______ll_gd_GEO-IRWIN.nc,29.46769523620605,136.34449768066406,2024-05-30T08:42:58.000000000
wp012024,IRWIN,rcm2-sc50mb-owi-cm-20240526t213855-20240526t214011-00003-______ll_gd_GEO-IRWIN.nc,15.69543170928955,122.64529418945312,2024-05-26T21:38:55.000000000
wp012024,IRWIN,rcm1-sc50ma-owi-cm-20240529t090534-20240529t090650-00003-______ll_gd_GEO-IRWIN.nc,25.754919052124023,132.38107299804688,2024-05-29T09:05:34.000000000
wp012024,WV,rcm2-sc50mb-owi-cm-20240526t213855-20240526t214011-00003-______ll_gd_GEO-WV.nc,15.695427894592283,122.6452865600586,2024-05-26T21:38:55.000000000
wp012024,WV,rcm3-sc50ma-owi-cm-20240528t212111-20240528t212226-00003-______ll_gd_GEO-WV.nc,23.700870513916016,130.2688751220703,2024-05-28T21:21:11.000000000
wp012024,WV,rcm2-sc50ma-owi-cm-20240527t095144-20240527t095259-00003-______ll_gd_GEO-WV.nc,16.73154067993164,123.70572662353516,2024-05-27T09:51:44.000000000
wp012024,WV,rcm1-sc50mc-owi-cm-20240529t205541-20240529t205657-00003-______ll_gd_GEO-WV.nc,27.83307456970215,134.35861206054688,2024-05-29T20:55:41.000000000
wp012024,WV,s1a-iw-owi-cm-20240526t095829-20240526t095928-000003-069204_ll_gd_GEO-WV.nc,14.74706745147705,122.17000579833984,2024-05-26T09:58:29.000000000
wp012024,WV,rcm3-sc50ma-owi-cm-20240528t092856-20240528t093011-00003-______ll_gd_GEO-WV.nc,20.73526763916016,127.56824493408205,2024-05-28T09:28:56.000000000
wp012024,WV,rcm2-sc50ma-owi-cm-20240530t084258-20240530t084415-00003-______ll_gd_GEO-WV.nc,29.46767807006836,136.344482421875,2024-05-30T08:42:58.000000000
wp012024,WV,rcm1-sc50ma-owi-cm-20240529t090534-20240529t090650-00003-______ll_gd_GEO-WV.nc,25.75489997863769,132.3810577392578,2024-05-29T09:05:34.000000000
al262020,IRWIN,s1b-iw-owi-cm-20201007t113512-20201007t113652-000003-02D0BA_ll_gd_GEO-IRWIN.nc,21.02034568786621,272.73809814453125,2020-10-07T11:35:12.000000000
al262020,IRWIN,s1a-iw-owi-cm-20201005t233309-20201005t233449-000003-0409B0_ll_gd_GEO-IRWIN.nc,16.576614379882812,280.2513427734375,2020-10-05T23:33:09.000000000
al262020,IRWIN,s1b-iw-owi-cm-20201008t000702-20201008t000846-000003-02D0FE_ll_gd_GEO-IRWIN.nc,22.328914642333984,269.7435302734375,2020-10-08T00:07:02.000000000
al262020,IRWIN,s1a-iw-owi-cm-20201009t120643-20201009t120826-000003-040B68_ll_gd_GEO-IRWIN.nc,27.551626205444336,266.2020568847656,2020-10-09T12:06:43.000000000
al262020,IRWIN,rs2-scwa-owi-cm-20201010t001135-20201010t001251-00003-______ll_gd_GEO-IRWIN.nc,30.172473907470703,267.1470031738281,2020-10-10T00:11:35.000000000
al262020,IRWIN,rs2-scwa-owi-cm-20201008t115043-20201008t115306-00003-______ll_gd_GEO-IRWIN.nc,23.689682006835938,267.6119079589844,2020-10-08T11:50:43.000000000
al162019,IRWIN,s1a-iw-owi-cm-20191018t002429-20191018t002544-000003-035B80_ll_gd_GEO-IRWIN.nc,23.253427505493164,265.580078125,2019-10-18T00:24:29.000000000
al142024,IRWIN,rcm1-sclnd-owi-cm-20241009t112521-20241009t112639-00003-______ll_gd_GEO-IRWIN.nc,24.91666412353516,275.1417541503906,2024-10-09T11:25:21.000000000
al142024,IRWIN,rcm2-sclna-owi-cm-20241007t121410-20241007t121526-00003-______ll_gd_GEO-IRWIN.nc,21.78909111022949,267.831787109375,2024-10-07T12:14:10.000000000
al142024,IRWIN,rcm2-sclnc-owi-cm-20241010t231922-20241010t232017-00003-______ll_gd_GEO-IRWIN.nc,29.50577545166016,284.75115966796875,2024-10-10T23:19:22.000000000
al142024,IRWIN,rcm3-sclnd-owi-cm-20241009t000624-20241009t000741-00003-______ll_gd_GEO-IRWIN.nc,23.033395767211918,273.1359558105469,2024-10-09T00:06:24.000000000
al142024,IRWIN,rcm3-sclna-owi-cm-20241007t235827-20241007t235944-00003-______ll_gd_GEO-IRWIN.nc,21.80146026611328,269.5901794433594,2024-10-07T23:58:27.000000000
al142024,IRWIN,rcm2-sclnd-owi-cm-20241006t120623-20241006t120739-00003-______ll_gd_GEO-IRWIN.nc,22.497682571411133,265.22320556640625,2024-10-06T12:06:23.000000000
al142024,IRWIN,rcm3-sclnb-owi-cm-20241008t115037-20241008t115138-00003-______ll_gd_GEO-IRWIN.nc,22.495943069458008,271.1913452148437,2024-10-08T11:50:37.000000000
al142024,IRWIN,rcm2-sclnd-owi-cm-20241007t002203-20241007t002321-00003-______ll_gd_GEO-IRWIN.nc,22.483274459838867,266.638427734375,2024-10-07T00:22:03.000000000
al142024,IRWIN,rcm1-sclnd-owi-cm-20241009t234235-20241009t234415-00003-______ll_gd_GEO-IRWIN.nc,27.251375198364254,277.2489929199219,2024-10-09T23:42:35.000000000
al142024,WV,rcm3-sclna-owi-cm-20241007t235827-20241007t235944-00003-______ll_gd_GEO-WV.nc,21.80146789550781,269.5901794433594,2024-10-07T23:58:27.000000000
al142024,WV,rcm1-sclnd-owi-cm-20241009t234235-20241009t234415-00003-______ll_gd_GEO-WV.nc,27.266008377075195,277.24346923828125,2024-10-09T23:42:35.000000000
al142024,WV,rcm3-sclnb-owi-cm-20241008t115037-20241008t115138-00003-______ll_gd_GEO-WV.nc,22.496013641357425,271.1914367675781,2024-10-08T11:50:37.000000000
al142024,WV,rcm2-sclnd-owi-cm-20241006t120623-20241006t120739-00003-______ll_gd_GEO-WV.nc,22.49768447875977,265.22320556640625,2024-10-06T12:06:23.000000000
al142024,WV,rcm2-sclna-owi-cm-20241007t121410-20241007t121526-00003-______ll_gd_GEO-WV.nc,21.78909683227539,267.831787109375,2024-10-07T12:14:10.000000000
al142024,WV,rcm1-sclnd-owi-cm-20241009t112521-20241009t112639-00003-______ll_gd_GEO-WV.nc,24.93010902404785,275.1536865234375,2024-10-09T11:25:21.000000000
al142024,WV,rcm2-sclnd-owi-cm-20241007t002203-20241007t002321-00003-______ll_gd_GEO-WV.nc,22.48328018188477,266.638427734375,2024-10-07T00:22:03.000000000
al142024,WV,rcm2-sclnc-owi-cm-20241010t231922-20241010t232017-00003-______ll_gd_GEO-WV.nc,29.506059646606445,284.7510070800781,2024-10-10T23:19:22.000000000
al142024,WV,rcm3-sclnd-owi-cm-20241009t000624-20241009t000741-00003-______ll_gd_GEO-WV.nc,23.03475379943848,273.13677978515625,2024-10-09T00:06:24.000000000
ep122020,IRWIN,s1b-ew-owi-cm-20200820t131330-20200820t131534-000003-02BAD1_ll_gd_GEO-IRWIN.nc,23.018911361694336,248.64163208007807,2020-08-20T13:13:30.000000000
ep122020,IRWIN,rs2-scwa-owi-cm-20200821t133153-20200821t133416-00003-______ll_gd_GEO-IRWIN.nc,24.87622833251953,245.330322265625,2020-08-21T13:31:53.000000000
ep072025,IRWIN,rcm1-sclnd-owi-cm-20250802t141614-20250802t141724-00003-xxxxx_ll_gd_GEO-IRWIN.nc,17.968477249145508,231.5054626464844,2025-08-02T14:16:14.000000000
ep072025,IRWIN,rcm3-sclnd-owi-cm-20250803t030231-20250803t030305-00003-xxxxx_ll_gd_GEO-IRWIN.nc,19.530805587768555,227.93885803222656,2025-08-03T03:02:31.000000000
ep072025,IRWIN,rcm1-sc50mc-owi-cm-20250801t021232-20250801t021342-00003-xxxxx_ll_gd_GEO-IRWIN.nc,14.18129539489746,241.6077880859375,2025-08-01T02:12:32.000000000
ep072025,IRWIN,rcm1-sc50ma-owi-cm-20250802t022117-20250802t022227-00003-xxxxx_ll_gd_GEO-IRWIN.nc,16.509876251220703,235.03363037109372,2025-08-02T02:21:17.000000000
sh192025,IRWIN,s1a-ew-owi-cm-20250227t053047-20250227t053151-000003-072BE5_ll_gd_GEO-IRWIN.nc,-32.50087356567383,198.1218719482422,2025-02-27T05:30:47.000000000
sh192025,IRWIN,rcm2-sclnd-owi-cm-20250226t061820-20250226t061937-00003-xxxxx_ll_gd_GEO-IRWIN.nc,-27.08272933959961,187.9906005859375,2025-02-26T06:18:20.000000000
sh192025,IRWIN,rcm3-sclnd-owi-cm-20250226t163004-20250226t163121-00003-xxxxx_ll_gd_GEO-IRWIN.nc,-29.65068626403809,192.64781188964844,2025-02-26T16:30:04.000000000
ep022019,IRWIN,s1b-ew-owi-cm-20190704t023228-20190704t023438-000003-01FF1E_ll_gd_GEO-IRWIN.nc,14.810535430908203,231.64553833007807,2019-07-04T02:32:28.000000000
ep022019,IRWIN,s1a-ew-owi-cm-20190706t030714-20190706t030900-000003-03292B_ll_gd_GEO-IRWIN.nc,18.712045669555664,223.64596557617188,2019-07-06T03:07:14.000000000
sh022024,IRWIN,rcm2-sclna-owi-cm-20231116t061925-20231116t062041-00003-______ll_gd_GEO-IRWIN.nc,-26.16531562805176,182.3180694580078,2023-11-16T06:19:25.000000000
sh022024,IRWIN,rcm2-sclnd-owi-cm-20231116t170124-20231116t170238-00003-______ll_gd_GEO-IRWIN.nc,-28.269725799560547,183.88804626464844,2023-11-16T17:01:24.000000000
sh022024,IRWIN,s1a-iw-owi-cm-20231114t174047-20231114t174139-000003-062D9A_ll_gd_GEO-IRWIN.nc,-18.54098129272461,176.44720458984375,2023-11-14T17:40:47.000000000
sh022024,IRWIN,rcm3-sc50ma-owi-cm-20231114t174732-20231114t174847-00003-______ll_gd_GEO-IRWIN.nc,-18.58556365966797,176.48692321777344,2023-11-14T17:47:32.000000000
sh022024,IRWIN,rcm1-sc50ma-owi-cm-20231114t063722-20231114t063839-00003-______ll_gd_GEO-IRWIN.nc,-16.265727996826172,175.16737365722656,2023-11-14T06:37:22.000000000
sh022024,WV,rcm2-sclnd-owi-cm-20231116t170124-20231116t170238-00003-______ll_gd_GEO-WV.nc,-28.269699096679688,183.88803100585935,2023-11-16T17:01:24.000000000
sh022024,WV,s1a-iw-owi-cm-20231114t174047-20231114t174139-000003-062D9A_ll_gd_GEO-WV.nc,-18.540956497192383,176.44717407226562,2023-11-14T17:40:47.000000000
sh022024,WV,rcm2-sclna-owi-cm-20231116t061925-20231116t062041-00003-______ll_gd_GEO-WV.nc,-26.165302276611328,182.3180389404297,2023-11-16T06:19:25.000000000
sh022024,WV,rcm3-sc50ma-owi-cm-20231114t174732-20231114t174847-00003-______ll_gd_GEO-WV.nc,-18.585538864135746,176.48690795898438,2023-11-14T17:47:32.000000000
sh022024,WV,rcm1-sc50ma-owi-cm-20231114t063722-20231114t063839-00003-______ll_gd_GEO-WV.nc,-16.265708923339844,175.16737365722656,2023-11-14T06:37:22.000000000
al082024,IRWIN,rcm2-sclnd-owi-cm-20240916t105933-20240916t110050-00003-______ll_gd_GEO-IRWIN.nc,32.688743591308594,281.8401184082031,2024-09-16T10:59:33.000000000
al082024,WV,rcm2-sclnd-owi-cm-20240916t105933-20240916t110050-00003-______ll_gd_GEO-WV.nc,32.688743591308594,281.8401184082031,2024-09-16T10:59:33.000000000
al072025,IRWIN,rcm1-sc50ma-owi-cm-20250921t215910-20250921t220020-00003-xxxxx_ll_gd_GEO-IRWIN.nc,28.633983612060547,298.0880126953125,2025-09-21T21:59:10.000000000
al072025,IRWIN,rcm1-sclna-owi-cm-20250919t214126-20250919t214235-00003-xxxxx_ll_gd_GEO-IRWIN.nc,22.557279586791992,303.3027038574219,2025-09-19T21:41:26.000000000
al072025,IRWIN,rcm1-sclnd-owi-cm-20250918t213232-20250918t213341-00003-xxxxx_ll_gd_GEO-IRWIN.nc,20.72487449645996,307.407958984375,2025-09-18T21:32:32.000000000
al072025,IRWIN,rcm1-sclnd-owi-cm-20250925t083329-20250925t083439-00003-xxxxx_ll_gd_GEO-IRWIN.nc,36.21858596801758,321.3692321777344,2025-09-25T08:33:29.000000000
al072025,IRWIN,s1c-ew-owi-cm-20250920t220447-20250920t220550-000003-0085CC_ll_gd_GEO-IRWIN.nc,25.6704216003418,301.1583557128906,2025-09-20T22:04:47.000000000
al072025,IRWIN,rcm2-sc50mb-owi-cm-20250924t093013-20250924t093131-00003-xxxxx_ll_gd_GEO-IRWIN.nc,35.6671028137207,308.7088928222656,2025-09-24T09:30:13.000000000
al072025,IRWIN,rcm3-sc50ma-owi-cm-20250921t101234-20250921t101343-00003-xxxxx_ll_gd_GEO-IRWIN.nc,27.088228225708008,299.5576477050781,2025-09-21T10:12:34.000000000
al072025,IRWIN,rcm1-sclnd-owi-cm-20250919t092529-20250919t092639-00003-xxxxx_ll_gd_GEO-IRWIN.nc,21.64156723022461,305.2787780761719,2025-09-19T09:25:29.000000000
al072025,IRWIN,s1a-iw-owi-cm-20250926t074754-20250926t075003-000003-079FF0_ll_gd_GEO-IRWIN.nc,39.10831832885742,333.52996826171875,2025-09-26T07:47:54.000000000
al072025,IRWIN,s1a-ew-owi-cm-20250922t100230-20250922t100333-000003-079DA5_ll_gd_GEO-IRWIN.nc,30.127836227416992,297.4521484375,2025-09-22T10:02:30.000000000
al072025,IRWIN,rcm2-sclnc-owi-cm-20250917t083937-20250917t084049-00003-xxxxx_ll_gd_GEO-IRWIN.nc,15.401700019836426,314.35809326171875,2025-09-17T08:39:37.000000000
al072025,IRWIN,s1c-ew-owi-cm-20250923t095247-20250923t095351-000003-0086E7_ll_gd_GEO-IRWIN.nc,33.24359893798828,300.3328857421875,2025-09-23T09:52:47.000000000
al072025,IRWIN,rcm2-sclnd-owi-cm-20250925t202446-20250925t202556-00003-xxxxx_ll_gd_GEO-IRWIN.nc,36.974395751953125,327.53277587890625,2025-09-25T20:24:46.000000000
al072025,IRWIN,rcm2-sc50mb-owi-cm-20250923t214436-20250923t214546-00003-xxxxx_ll_gd_GEO-IRWIN.nc,34.69725036621094,303.9447326660156,2025-09-23T21:44:36.000000000
sh162025,IRWIN,rcm3-sclna-owi-cm-20250213t071607-20250213t071725-00003-xxxxx_ll_gd_GEO-IRWIN.nc,-22.33905029296875,170.47850036621094,2025-02-13T07:16:07.000000000
sh162025,IRWIN,rcm2-sclna-owi-cm-20250212t182054-20250212t182210-00003-xxxxx_ll_gd_GEO-IRWIN.nc,-22.69133949279785,169.5463409423828,2025-02-12T18:20:54.000000000
sh162025,IRWIN,rcm2-sclnd-owi-cm-20250212t073948-20250212t074104-00003-xxxxx_ll_gd_GEO-IRWIN.nc,-23.12405014038086,168.06024169921875,2025-02-12T07:39:48.000000000
al042021,IRWIN,s1a-iw-owi-cm-20210628t232129-20210628t232244-000003-048C7A_ll_gd_GEO-IRWIN.nc,32.31141662597656,279.4765930175781,2021-06-28T23:21:29.000000000
al052022,IRWIN,s1a-ew-owi-cm-20220906t203052-20220906t203311-000003-055C9D_ll_gd_GEO-IRWIN.nc,42.372802734375,319.4372863769531,2022-09-06T20:30:52.000000000
al052022,IRWIN,s1a-iw-owi-cm-20220913t184440-20220913t184557-000003-056002_ll_gd_GEO-IRWIN.nc,43.58622741699219,348.6463623046875,2022-09-13T18:44:40.000000000
al052022,IRWIN,rcm2-sc50ma-owi-cm-20220906t203409-20220906t203749-00003-______ll_gd_GEO-IRWIN.nc,42.372802734375,319.4372863769531,2022-09-06T20:34:09.000000000
al152024,IRWIN,rcm3-sclnb-owi-cm-20241019t114346-20241019t114502-00003-______ll_gd_GEO-IRWIN.nc,17.39590072631836,272.5412902832031,2024-10-19T11:43:46.000000000
al152024,WV,rcm3-sclnb-owi-cm-20241019t114346-20241019t114502-00003-______ll_gd_GEO-WV.nc,17.395898818969727,272.54132080078125,2024-10-19T11:43:46.000000000
al042023,IRWIN,rcm3-sclna-owi-cm-20230625t095038-20230625t095155-00003-______ll_gd_GEO-IRWIN.nc,20.11723899841309,302.8187561035156,2023-06-25T09:50:38.000000000
al042023,IRWIN,rcm3-sclnd-owi-cm-20230624t215539-20230624t215655-00003-______ll_gd_GEO-IRWIN.nc,17.710750579833984,305.2355651855469,2023-06-24T21:55:39.000000000
al042023,IRWIN,rcm3-sclnb-owi-cm-20230625t220440-20230625t220554-00003-______ll_gd_GEO-IRWIN.nc,22.250560760498047,300.4329833984375,2023-06-25T22:04:40.000000000
al042023,IRWIN,rcm1-sclna-owi-cm-20230623t211423-20230623t211540-00003-______ll_gd_GEO-IRWIN.nc,13.208571434020996,310.54315185546875,2023-06-23T21:14:23.000000000
al042023,IRWIN,rcm1-sclnd-owi-cm-20230624t091103-20230624t091220-00003-______ll_gd_GEO-IRWIN.nc,15.199599266052246,308.11236572265625,2023-06-24T09:11:03.000000000
wp292019,IRWIN,s1a-iw-owi-cm-20191201t212303-20191201t212357-000003-037255_ll_gd_GEO-IRWIN.nc,12.892949104309082,127.07594299316406,2019-12-01T21:23:03.000000000
al042025,IRWIN,rcm2-sc50mc-owi-cm-20250807t092844-20250807t092957-00003-xxxxx_ll_gd_GEO-IRWIN.nc,40.79549407958984,307.91259765625,2025-08-07T09:28:44.000000000
al042025,IRWIN,rcm3-sc50mb-owi-cm-20250805t101752-20250805t101822-00003-xxxxx_ll_gd_GEO-IRWIN.nc,37.525577545166016,295.8222045898437,2025-08-05T10:17:52.000000000
al042025,IRWIN,rcm3-sc50mc-owi-cm-20250804t223316-20250804t223429-00003-xxxxx_ll_gd_GEO-IRWIN.nc,36.269317626953125,293.8707580566406,2025-08-04T22:33:16.000000000
al042025,IRWIN,rcm1-sc50mc-owi-cm-20250805t220930-20250805t221048-00003-xxxxx_ll_gd_GEO-IRWIN.nc,38.52647399902344,297.8091735839844,2025-08-05T22:09:30.000000000
al042025,IRWIN,rcm2-sc50ma-owi-cm-20250806t214649-20250806t214741-00003-xxxxx_ll_gd_GEO-IRWIN.nc,39.87456512451172,304.096435546875,2025-08-06T21:46:49.000000000
al042025,IRWIN,rcm1-sclnd-owi-cm-20250806t095321-20250806t095355-00003-xxxxx_ll_gd_GEO-IRWIN.nc,39.62370681762695,300.4615478515625,2025-08-06T09:53:21.000000000
sh132025,IRWIN,rcm3-sclna-owi-cm-20250204t123121-20250204t123237-00003-xxxxx_ll_gd_GEO-IRWIN.nc,-17.92866325378418,88.8994140625,2025-02-04T12:31:21.000000000
sh132025,IRWIN,s1a-ew-owi-cm-20250204t234256-20250204t234359-000003-071EC8_ll_gd_GEO-IRWIN.nc,-18.48163604736328,86.9771957397461,2025-02-04T23:42:56.000000000
sh132025,IRWIN,rcm2-sclnd-owi-cm-20250206t131845-20250206t132002-00003-xxxxx_ll_gd_GEO-IRWIN.nc,-19.521493911743164,81.49165344238281,2025-02-06T13:18:45.000000000
sh132025,IRWIN,s1a-ew-owi-cm-20250209t004858-20250209t005001-000003-07211D_ll_gd_GEO-IRWIN.nc,-20.510555267333984,70.59143829345703,2025-02-09T00:48:58.000000000
sh132025,IRWIN,rcm3-sclnd-owi-cm-20250202t225223-20250202t225340-00003-xxxxx_ll_gd_GEO-IRWIN.nc,-15.814688682556152,96.51235961914062,2025-02-02T22:52:23.000000000
sh132025,IRWIN,rcm2-sclna-owi-cm-20250203t233252-20250203t233407-00003-xxxxx_ll_gd_GEO-IRWIN.nc,-17.17757797241211,91.0704116821289,2025-02-03T23:32:52.000000000
sh132025,IRWIN,rcm1-sclnc-owi-cm-20250209t004554-20250209t004710-00003-xxxxx_ll_gd_GEO-IRWIN.nc,-20.510555267333984,70.59143829345703,2025-02-09T00:45:54.000000000
sh132025,IRWIN,rcm3-sclnd-owi-cm-20250203t122326-20250203t122443-00003-xxxxx_ll_gd_GEO-IRWIN.nc,-16.611207962036133,93.49913787841795,2025-02-03T12:23:26.000000000
sh132025,IRWIN,rcm2-sclnd-owi-cm-20250204t234122-20250204t234237-00003-xxxxx_ll_gd_GEO-IRWIN.nc,-18.48163604736328,86.9771957397461,2025-02-04T23:41:22.000000000
sh132025,IRWIN,rcm1-sclnb-owi-cm-20250210t005428-20250210t005543-00003-xxxxx_ll_gd_GEO-IRWIN.nc,-22.23622131347656,68.62744140625,2025-02-10T00:54:28.000000000
sh132025,IRWIN,rcm2-sclna-owi-cm-20250209t134253-20250209t134407-00003-xxxxx_ll_gd_GEO-IRWIN.nc,-21.16523742675781,69.5035400390625,2025-02-09T13:42:53.000000000
sh132025,IRWIN,rcm1-sclna-owi-cm-20250211t010317-20250211t010431-00003-xxxxx_ll_gd_GEO-IRWIN.nc,-25.9975528717041,68.77729797363281,2025-02-11T01:03:17.000000000
sh132025,IRWIN,rcm2-sclnd-owi-cm-20250212t140320-20250212t140434-00003-xxxxx_ll_gd_GEO-IRWIN.nc,-33.24235153198242,72.51799011230469,2025-02-12T14:03:20.000000000
sh132025,IRWIN,rcm1-sclna-owi-cm-20250202t114337-20250202t114453-00003-xxxxx_ll_gd_GEO-IRWIN.nc,-15.500353813171388,98.02631378173828,2025-02-02T11:43:37.000000000
sh132025,IRWIN,rcm2-sclnc-owi-cm-20250207t132656-20250207t132811-00003-xxxxx_ll_gd_GEO-IRWIN.nc,-19.94032859802246,76.74531555175781,2025-02-07T13:26:56.000000000
sh132025,IRWIN,rcm2-sclnd-owi-cm-20250205t234942-20250205t235058-00003-xxxxx_ll_gd_GEO-IRWIN.nc,-18.993709564208984,83.31617736816406,2025-02-05T23:49:42.000000000
sh132025,IRWIN,rcm1-sclna-owi-cm-20250208t003744-20250208t003859-00003-xxxxx_ll_gd_GEO-IRWIN.nc,-20.315587997436523,74.46620178222656,2025-02-08T00:37:44.000000000
sh132025,IRWIN,rcm2-sclna-owi-cm-20250210t135010-20250210t135125-00003-xxxxx_ll_gd_GEO-IRWIN.nc,-24.0634880065918,68.3224105834961,2025-02-10T13:50:10.000000000
sh132025,IRWIN,rcm2-sclna-owi-cm-20250211t135701-20250211t135816-00003-xxxxx_ll_gd_GEO-IRWIN.nc,-28.227680206298828,69.91999053955078,2025-02-11T13:57:01.000000000
sh132025,IRWIN,rcm2-sclnc-owi-cm-20250212t004037-20250212t004152-00003-xxxxx_ll_gd_GEO-IRWIN.nc,-30.20490455627441,70.43563079833984,2025-02-12T00:40:37.000000000
ep042022,IRWIN,s1a-iw-owi-cm-20220701t234834-20220701t234949-000003-053E0B_ll_gd_GEO-IRWIN.nc,10.900010108947754,276.9181823730469,2022-07-01T23:48:34.000000000
ep042022,IRWIN,s1a-ew-owi-cm-20220706t130750-20220706t130915-000003-053FF6_ll_gd_GEO-IRWIN.nc,16.055391311645508,251.3062438964844,2022-07-06T13:07:50.000000000
ep042022,IRWIN,s1a-ew-owi-cm-20220707t013653-20220707t013827-000003-054032_ll_gd_GEO-IRWIN.nc,16.686893463134766,249.06100463867188,2022-07-07T01:36:53.000000000
ep042022,IRWIN,rs2-scwa-owi-cm-20220705t004424-20220705t004648-00003-______ll_gd_GEO-IRWIN.nc,14.479344367980955,258.9212951660156,2022-07-05T00:44:24.000000000
al132022,IRWIN,rcm2-sc50ma-owi-cm-20221008t105633-20221008t105652-00003-______ll_gd_GEO-IRWIN.nc,12.703335762023926,281.40045166015625,2022-10-08T10:56:33.000000000
al012025,IRWIN,rcm1-sc50mc-owi-cm-20250624t212045-20250624t212157-00003-xxxxx_ll_gd_GEO-IRWIN.nc,37.85846328735352,312.7381896972656,2025-06-24T21:20:45.000000000
al012025,IRWIN,rcm3-sc50mb-owi-cm-20250624t093010-20250624t093121-00003-xxxxx_ll_gd_GEO-IRWIN.nc,35.8402214050293,309.62469482421875,2025-06-24T09:30:10.000000000
al012025,IRWIN,rcm3-sc50mc-owi-cm-20250624t092909-20250624t093009-00003-xxxxx_ll_gd_GEO-IRWIN.nc,35.8402214050293,309.62469482421875,2025-06-24T09:29:09.000000000
al172020,IRWIN,s1b-iw-owi-cm-20200921t194728-20200921t194822-000003-02C997_ll_gd_GEO-IRWIN.nc,33.44712829589844,332.4512939453125,2020-09-21T19:47:28.000000000
al172020,IRWIN,s1a-iw-owi-cm-20200916t092622-20200916t092738-000003-03FF8D_ll_gd_GEO-IRWIN.nc,41.99332427978516,311.5051574707031,2020-09-16T09:26:22.000000000
al172020,IRWIN,s1a-iw-owi-cm-20200921t075828-20200921t075920-000003-04022D_ll_gd_GEO-IRWIN.nc,33.098045349121094,329.1141662597656,2020-09-21T07:58:28.000000000
al172020,IRWIN,s1b-ew-owi-cm-20200918t081938-20200918t082143-000003-02C801_ll_gd_GEO-IRWIN.nc,43.90548706054688,328.64898681640625,2020-09-18T08:19:38.000000000
al172020,IRWIN,s1b-iw-owi-cm-20200920t080530-20200920t080636-000003-02C8E1_ll_gd_GEO-IRWIN.nc,35.37283706665039,330.56591796875,2020-09-20T08:05:30.000000000
al172020,IRWIN,rcm3-sc50mb-owi-cm-20200915t212936-20200915t213056-00003-______ll_gd_GEO-IRWIN.nc,39.46990966796875,304.89373779296875,2020-09-15T21:29:36.000000000
al172020,IRWIN,s1a-ew-owi-cm-20200919t081237-20200919t081514-000003-040117_ll_gd_GEO-IRWIN.nc,37.24389266967773,329.04595947265625,2020-09-19T08:12:37.000000000
sh102025,IRWIN,s1a-ew-owi-cm-20250121t112606-20250121t112710-000003-07166F_ll_gd_GEO-IRWIN.nc,-25.950422286987305,107.73213958740234,2025-01-21T11:26:06.000000000
sh102025,IRWIN,rcm2-sclna-owi-cm-20250122t111608-20250122t111723-00003-xxxxx_ll_gd_GEO-IRWIN.nc,-28.08026885986328,107.28189849853516,2025-01-22T11:16:08.000000000
sh102025,IRWIN,rcm1-sclnb-owi-cm-20250120t221352-20250120t221508-00003-xxxxx_ll_gd_GEO-IRWIN.nc,-23.86259078979492,109.44869232177734,2025-01-20T22:13:52.000000000
sh102025,IRWIN,rcm1-sclna-owi-cm-20250121t222238-20250121t222353-00003-xxxxx_ll_gd_GEO-IRWIN.nc,-27.15282821655273,106.98773956298828,2025-01-21T22:22:38.000000000
sh102025,IRWIN,rcm2-sclna-owi-cm-20250120t110140-20250120t110256-00003-xxxxx_ll_gd_GEO-IRWIN.nc,-22.284374237060547,111.0184326171875,2025-01-20T11:01:40.000000000
sh102025,IRWIN,rcm2-sclnc-owi-cm-20250119t105402-20250119t105517-00003-xxxxx_ll_gd_GEO-IRWIN.nc,-20.11493682861328,114.5411148071289,2025-01-19T10:54:02.000000000
sh102025,IRWIN,rcm2-sclnb-owi-cm-20250123t112313-20250123t112429-00003-xxxxx_ll_gd_GEO-IRWIN.nc,-30.91877555847168,108.46141052246094,2025-01-23T11:23:13.000000000
sh102025,IRWIN,rcm1-sclna-owi-cm-20250119t220506-20250119t220620-00003-xxxxx_ll_gd_GEO-IRWIN.nc,-20.79394149780273,112.58332824707033,2025-01-19T22:05:06.000000000
ep052025,IRWIN,s1c-iw-owi-cm-20250618t002135-20250618t002300-000003-005CE6_ll_gd_GEO-IRWIN.nc,12.818140029907228,265.3652038574219,2025-06-18T00:21:35.000000000
ep052025,IRWIN,s1a-iw-owi-cm-20250619t122448-20250619t122718-000003-076A4C_ll_gd_GEO-IRWIN.nc,16.458528518676758,261.5365600585937,2025-06-19T12:24:48.000000000
ep052025,IRWIN,rcm3-sclnd-owi-cm-20250618t120104-20250618t120214-00003-xxxxx_ll_gd_GEO-IRWIN.nc,13.607870101928713,264.291015625,2025-06-18T12:01:04.000000000
ep052025,IRWIN,rcm2-sc50mc-owi-cm-20250619t004407-20250619t004517-00003-xxxxx_ll_gd_GEO-IRWIN.nc,14.974445343017578,263.12750244140625,2025-06-19T00:44:07.000000000
ep052025,IRWIN,rcm3-sc50mc-owi-cm-20250617t115313-20250617t115429-00003-xxxxx_ll_gd_GEO-IRWIN.nc,12.094549179077148,266.305419921875,2025-06-17T11:53:13.000000000
ep052025,IRWIN,rcm2-sc50mc-owi-cm-20250618t003537-20250618t003648-00003-xxxxx_ll_gd_GEO-IRWIN.nc,12.83254623413086,265.33770751953125,2025-06-18T00:35:37.000000000
sh212019,IRWIN,s1b-iw-owi-cm-20190323t213833-20190323t214017-000003-01D040_ll_gd_GEO-IRWIN.nc,-20.013458251953125,117.56636810302734,2019-03-23T21:38:33.000000000
sh212019,IRWIN,s1b-ew-owi-cm-20190323t104523-20190323t104727-000003-01D003_ll_gd_GEO-IRWIN.nc,-19.329757690429688,117.2608871459961,2019-03-23T10:45:23.000000000
sh212019,IRWIN,s1a-ew-owi-cm-20190324t103803-20190324t103949-000003-02F72C_ll_gd_GEO-IRWIN.nc,-20.29034996032715,117.70030212402344,2019-03-24T10:38:03.000000000
sh212019,IRWIN,s1a-ew-owi-cm-20190322t214643-20190322t214850-000003-02F65C_ll_gd_GEO-IRWIN.nc,-18.48784065246582,116.99188995361328,2019-03-22T21:46:43.000000000
io042019,IRWIN,s1b-ew-owi-cm-20191030t015123-20191030t015337-000003-0233DE_ll_gd_GEO-IRWIN.nc,19.42498779296875,62.0648193359375,2019-10-30T01:51:23.000000000
ep122022,IRWIN,rcm2-sc50ma-owi-cm-20220908t012636-20220908t012732-00003-______ll_gd_GEO-IRWIN.nc,22.93233871459961,247.04025268554688,2022-09-08T01:26:36.000000000
ep122022,IRWIN,s1a-iw-owi-cm-20220907t133107-20220907t133151-000003-055CF5_ll_gd_GEO-IRWIN.nc,20.822021484375,247.5432281494141,2022-09-07T13:31:07.000000000
sh032024,IRWIN,rcm1-sclnb-owi-cm-20231206t075916-20231206t080032-00003-______ll_gd_GEO-IRWIN.nc,-11.24842929840088,157.16519165039062,2023-12-06T07:59:16.000000000
sh032024,IRWIN,rcm3-sclnb-owi-cm-20231207t191422-20231207t191537-00003-______ll_gd_GEO-IRWIN.nc,-13.82485294342041,156.6892852783203,2023-12-07T19:14:22.000000000
sh032024,IRWIN,rcm1-sclnd-owi-cm-20231209t082200-20231209t082317-00003-______ll_gd_GEO-IRWIN.nc,-15.68544864654541,155.37991333007812,2023-12-09T08:22:00.000000000
sh032024,IRWIN,rcm1-sclnd-owi-cm-20231208t081414-20231208t081529-00003-______ll_gd_GEO-IRWIN.nc,-14.688450813293455,156.50938415527344,2023-12-08T08:14:14.000000000
sh032024,IRWIN,rcm3-sclna-owi-cm-20231212t195534-20231212t195649-00003-______ll_gd_GEO-IRWIN.nc,-15.630134582519531,146.81326293945312,2023-12-12T19:55:34.000000000
sh032024,IRWIN,s1a-ew-owi-cm-20231211t194346-20231211t194450-000003-063B46_ll_gd_GEO-IRWIN.nc,-16.523784637451172,148.20635986328125,2023-12-11T19:43:46.000000000
sh032024,IRWIN,rcm3-sclna-owi-cm-20231210t193931-20231210t194046-00003-______ll_gd_GEO-IRWIN.nc,-17.60841941833496,151.20230102539062,2023-12-10T19:39:31.000000000
sh032024,IRWIN,rcm1-sclnd-owi-cm-20231211t083752-20231211t083908-00003-______ll_gd_GEO-IRWIN.nc,-17.21100616455078,149.3827362060547,2023-12-11T08:37:52.000000000
sh032024,IRWIN,rcm3-sclna-owi-cm-20231208t192255-20231208t192410-00003-______ll_gd_GEO-IRWIN.nc,-15.241022109985352,156.10049438476562,2023-12-08T19:22:55.000000000
sh032024,IRWIN,rcm3-sclna-owi-cm-20231211t194714-20231211t194831-00003-______ll_gd_GEO-IRWIN.nc,-16.516132354736328,148.18968200683594,2023-12-11T19:47:14.000000000
sh032024,IRWIN,rcm1-sclnd-owi-cm-20231210t082938-20231210t083053-00003-______ll_gd_GEO-IRWIN.nc,-16.896560668945312,153.27349853515625,2023-12-10T08:29:38.000000000
sh032024,IRWIN,rcm3-sclnd-owi-cm-20231206t190605-20231206t190722-00003-______ll_gd_GEO-IRWIN.nc,-11.877010345458984,156.97837829589844,2023-12-06T19:06:05.000000000
sh032024,IRWIN,rcm1-sclnd-owi-cm-20231207t080653-20231207t080808-00003-______ll_gd_GEO-IRWIN.nc,-12.773809432983398,156.75405883789062,2023-12-07T08:06:53.000000000
sh032024,IRWIN,s1a-ew-owi-cm-20231210t081120-20231210t081224-000003-063A7C_ll_gd_GEO-IRWIN.nc,-16.860780715942383,153.32911682128906,2023-12-10T08:11:20.000000000
sh032024,IRWIN,rcm1-sclnd-owi-cm-20231213t085413-20231213t085529-00003-______ll_gd_GEO-IRWIN.nc,-15.788161277770996,145.3418426513672,2023-12-13T08:54:13.000000000
sh032024,IRWIN,s1a-ew-owi-cm-20231208t191832-20231208t191936-000003-0639B7_ll_gd_GEO-IRWIN.nc,-15.241022109985352,156.10049438476562,2023-12-08T19:18:32.000000000
sh032024,IRWIN,rcm1-sclnd-owi-cm-20231212t084548-20231212t084705-00003-______ll_gd_GEO-IRWIN.nc,-15.721388816833496,147.63101196289062,2023-12-12T08:45:48.000000000
sh032024,WV,rcm3-sclna-owi-cm-20231208t192255-20231208t192410-00003-______ll_gd_GEO-WV.nc,-15.241019248962402,156.10049438476562,2023-12-08T19:22:55.000000000
sh032024,WV,rcm1-sclnd-owi-cm-20231210t082938-20231210t083053-00003-______ll_gd_GEO-WV.nc,-16.89655113220215,153.2735137939453,2023-12-10T08:29:38.000000000
sh032024,WV,s1a-ew-owi-cm-20231211t194346-20231211t194450-000003-063B46_ll_gd_GEO-WV.nc,-16.523788452148438,148.2063751220703,2023-12-11T19:43:46.000000000
sh032024,WV,rcm1-sclnd-owi-cm-20231207t080653-20231207t080808-00003-______ll_gd_GEO-WV.nc,-12.773801803588867,156.75405883789062,2023-12-07T08:06:53.000000000
sh032024,WV,rcm1-sclnd-owi-cm-20231209t082200-20231209t082317-00003-______ll_gd_GEO-WV.nc,-15.685444831848145,155.37991333007812,2023-12-09T08:22:00.000000000
sh032024,WV,rcm3-sclnd-owi-cm-20231206t190605-20231206t190722-00003-______ll_gd_GEO-WV.nc,-11.877004623413086,156.97837829589844,2023-12-06T19:06:05.000000000
sh032024,WV,rcm3-sclna-owi-cm-20231210t193931-20231210t194046-00003-______ll_gd_GEO-WV.nc,-17.608413696289062,151.2023162841797,2023-12-10T19:39:31.000000000
sh032024,WV,rcm3-sclnb-owi-cm-20231207t191422-20231207t191537-00003-______ll_gd_GEO-WV.nc,-13.824844360351562,156.6892852783203,2023-12-07T19:14:22.000000000
sh032024,WV,rcm1-sclnd-owi-cm-20231212t084548-20231212t084705-00003-______ll_gd_GEO-WV.nc,-15.721393585205078,147.63101196289062,2023-12-12T08:45:48.000000000
sh032024,WV,rcm1-sclnd-owi-cm-20231208t081414-20231208t081529-00003-______ll_gd_GEO-WV.nc,-14.68844223022461,156.50938415527344,2023-12-08T08:14:14.000000000
sh032024,WV,s1a-ew-owi-cm-20231208t191832-20231208t191936-000003-0639B7_ll_gd_GEO-WV.nc,-15.241019248962402,156.10049438476562,2023-12-08T19:18:32.000000000
sh032024,WV,rcm1-sclnb-owi-cm-20231206t075916-20231206t080032-00003-______ll_gd_GEO-WV.nc,-11.24842357635498,157.16519165039062,2023-12-06T07:59:16.000000000
sh032024,WV,rcm1-sclnd-owi-cm-20231211t083752-20231211t083908-00003-______ll_gd_GEO-WV.nc,-17.211015701293945,149.3827362060547,2023-12-11T08:37:52.000000000
sh032024,WV,rcm3-sclna-owi-cm-20231212t195534-20231212t195649-00003-______ll_gd_GEO-WV.nc,-15.630132675170898,146.81326293945312,2023-12-12T19:55:34.000000000
sh032024,WV,s1a-ew-owi-cm-20231210t081120-20231210t081224-000003-063A7C_ll_gd_GEO-WV.nc,-16.86077117919922,153.32913208007812,2023-12-10T08:11:20.000000000
sh032024,WV,rcm3-sclna-owi-cm-20231211t194714-20231211t194831-00003-______ll_gd_GEO-WV.nc,-16.516136169433594,148.18968200683594,2023-12-11T19:47:14.000000000
sh032024,WV,rcm1-sclnd-owi-cm-20231213t085413-20231213t085529-00003-______ll_gd_GEO-WV.nc,-15.788162231445312,145.34185791015625,2023-12-13T08:54:13.000000000
al092024,IRWIN,rcm3-sclna-owi-cm-20240925t114240-20240925t114356-00003-______ll_gd_GEO-IRWIN.nc,21.063682556152344,273.8099060058594,2024-09-25T11:42:40.000000000
al092024,IRWIN,rcm3-sclna-owi-cm-20240926t114940-20240926t115035-00003-______ll_gd_GEO-IRWIN.nc,24.67930221557617,274.1884460449219,2024-09-26T11:49:40.000000000
al092024,IRWIN,rcm3-sclnd-owi-cm-20240925t235814-20240925t235932-00003-______ll_gd_GEO-IRWIN.nc,22.789491653442383,273.3006286621094,2024-09-25T23:58:14.000000000
al092024,IRWIN,s1a-iw-owi-cm-20240926t233642-20240926t233847-000003-06D316_ll_gd_GEO-IRWIN.nc,28.60411834716797,275.654296875,2024-09-26T23:36:42.000000000
al092024,IRWIN,rcm1-sclna-owi-cm-20240926t233536-20240926t233653-00003-______ll_gd_GEO-IRWIN.nc,28.60411834716797,275.654296875,2024-09-26T23:35:36.000000000
al092024,IRWIN,rcm3-sclnc-owi-cm-20240924t234927-20240924t235044-00003-______ll_gd_GEO-IRWIN.nc,19.69380760192871,274.8090209960937,2024-09-24T23:49:27.000000000
al092024,WV,s1a-iw-owi-cm-20240926t233642-20240926t233847-000003-06D316_ll_gd_GEO-WV.nc,28.59675407409668,275.6514587402344,2024-09-26T23:36:42.000000000
al092024,WV,rcm3-sclna-owi-cm-20240926t114940-20240926t115035-00003-______ll_gd_GEO-WV.nc,24.67908477783203,274.1883544921875,2024-09-26T11:49:40.000000000
al092024,WV,rcm3-sclnd-owi-cm-20240925t235814-20240925t235932-00003-______ll_gd_GEO-WV.nc,22.789461135864254,273.30059814453125,2024-09-25T23:58:14.000000000
al092024,WV,rcm1-sclna-owi-cm-20240926t233536-20240926t233653-00003-______ll_gd_GEO-WV.nc,28.59675407409668,275.6514587402344,2024-09-26T23:35:36.000000000
al092024,WV,rcm3-sclna-owi-cm-20240925t114240-20240925t114356-00003-______ll_gd_GEO-WV.nc,21.06365966796875,273.8099060058594,2024-09-25T11:42:40.000000000
al092024,WV,rcm3-sclnc-owi-cm-20240924t234927-20240924t235044-00003-______ll_gd_GEO-WV.nc,19.693796157836918,274.8090209960937,2024-09-24T23:49:27.000000000
wp192021,IRWIN,rcm1-sc50mb-owi-cm-20210908t211259-20210908t211759-00003-______ll_gd_GEO-IRWIN.nc,15.354275703430176,128.47381591796875,2021-09-08T21:12:59.000000000
wp192021,IRWIN,s1a-ew-owi-cm-20210909t212101-20210909t212247-000003-04AEB8_ll_gd_GEO-IRWIN.nc,16.87937355041504,124.41954803466795,2021-09-09T21:21:01.000000000
wp192021,IRWIN,rcm2-sc50ma-owi-cm-20210914t093855-20210914t094255-00003-______ll_gd_GEO-IRWIN.nc,30.639129638671875,124.61643981933594,2021-09-14T09:38:55.000000000
wp192021,IRWIN,s1b-ew-owi-cm-20210908t091631-20210908t091835-000003-0369DA_ll_gd_GEO-IRWIN.nc,15.518054008483888,130.7567138671875,2021-09-08T09:16:31.000000000
wp192021,IRWIN,rs2-scwa-owi-cm-20210912t094420-20210912t094644-00003-______ll_gd_GEO-IRWIN.nc,25.93510627746582,122.52155303955078,2021-09-12T09:44:20.000000000
wp192021,IRWIN,s1b-ew-owi-cm-20210907t204703-20210907t204937-000003-0369A5_ll_gd_GEO-IRWIN.nc,16.132293701171875,132.91690063476562,2021-09-07T20:47:03.000000000
wp192021,IRWIN,s1b-iw-owi-cm-20210911t215142-20210911t215228-000003-036B86_ll_gd_GEO-IRWIN.nc,23.393022537231445,122.2173080444336,2021-09-11T21:51:42.000000000
wp192021,IRWIN,rs2-scwa-owi-cm-20210913t213638-20210913t213901-00003-______ll_gd_GEO-IRWIN.nc,31.45755195617676,123.72055053710938,2021-09-13T21:36:38.000000000
wp252021,IRWIN,s1b-ew-owi-cm-20211027t202821-20211027t203105-000003-03800D_ll_gd_GEO-IRWIN.nc,23.03680992126465,140.25860595703125,2021-10-27T20:28:21.000000000
wp252021,IRWIN,s1a-ew-owi-cm-20211028t201947-20211028t202249-000003-04C757_ll_gd_GEO-IRWIN.nc,28.68932342529297,143.8673553466797,2021-10-28T20:19:47.000000000
wp252021,IRWIN,rs2-scwa-owi-cm-20211026t204501-20211026t204724-00003-______ll_gd_GEO-IRWIN.nc,20.53124618530273,139.36009216308594,2021-10-26T20:45:01.000000000
wp252021,IRWIN,s1a-ew-owi-cm-20211026t203818-20211026t204047-000003-04C656_ll_gd_GEO-IRWIN.nc,20.523277282714844,139.36375427246094,2021-10-26T20:38:18.000000000
ep022025,IRWIN,rcm2-sc50mc-owi-cm-20250609t125555-20250609t125712-00003-xxxxx_ll_gd_GEO-IRWIN.nc,17.393157958984375,254.11671447753903,2025-06-09T12:55:55.000000000
ep022025,IRWIN,rcm2-sc50mb-owi-cm-20250609t010046-20250609t010202-00003-xxxxx_ll_gd_GEO-IRWIN.nc,16.281036376953125,255.3508758544922,2025-06-09T01:00:46.000000000
ep022025,IRWIN,s1a-iw-owi-cm-20250608t005541-20250608t005700-000003-07648E_ll_gd_GEO-IRWIN.nc,14.65695571899414,258.9380798339844,2025-06-08T00:55:41.000000000
ep022025,IRWIN,rcm2-sc50ma-owi-cm-20250608t124827-20250608t124944-00003-xxxxx_ll_gd_GEO-IRWIN.nc,15.461414337158203,257.1661682128906,2025-06-08T12:48:27.000000000
ep022025,IRWIN,rcm2-sc50mc-owi-cm-20250610t130334-20250610t130451-00003-xxxxx_ll_gd_GEO-IRWIN.nc,19.849655151367188,251.79083251953125,2025-06-10T13:03:34.000000000
ep082023,IRWIN,rcm2-sclna-owi-cm-20230815t034012-20230815t034128-00003-______ll_gd_GEO-IRWIN.nc,11.093100547790527,216.47946166992188,2023-08-15T03:40:12.000000000
ep082023,IRWIN,rcm2-sclna-owi-cm-20230815t153814-20230815t153931-00003-______ll_gd_GEO-IRWIN.nc,11.086024284362791,213.9824676513672,2023-08-15T15:38:14.000000000
ep082023,IRWIN,rcm1-sclnd-owi-cm-20230817t042825-20230817t042941-00003-______ll_gd_GEO-IRWIN.nc,12.103730201721191,206.35134887695312,2023-08-17T04:28:25.000000000
al122023,IRWIN,rcm3-sclnd-owi-cm-20230903t075625-20230903t075741-00003-______ll_gd_GEO-IRWIN.nc,26.172067642211918,328.35272216796875,2023-09-03T07:56:25.000000000
sh062020,IRWIN,s1b-iw-owi-cm-20200107t212300-20200107t212354-000003-02546E_ll_gd_GEO-IRWIN.nc,-20.37468910217285,119.93453979492188,2020-01-07T21:23:00.000000000
wp042022,IRWIN,s1a-iw-owi-cm-20220701t104123-20220701t104217-000003-053DCB_ll_gd_GEO-IRWIN.nc,19.1755313873291,113.0147705078125,2022-07-01T10:41:23.000000000
sh102024,IRWIN,rcm2-sclnd-owi-cm-20240208t044410-20240208t044526-00003-______ll_gd_GEO-IRWIN.nc,-19.312339782714844,209.8150329589844,2024-02-08T04:44:10.000000000
sh102024,IRWIN,rcm1-sclnb-owi-cm-20240207t154628-20240207t154744-00003-______ll_gd_GEO-IRWIN.nc,-19.300182342529297,208.3683319091797,2024-02-07T15:46:28.000000000
sh102024,WV,rcm1-sclnb-owi-cm-20240207t154628-20240207t154744-00003-______ll_gd_GEO-WV.nc,-19.300182342529297,208.3683319091797,2024-02-07T15:46:28.000000000
sh102024,WV,rcm2-sclnd-owi-cm-20240208t044410-20240208t044526-00003-______ll_gd_GEO-WV.nc,-19.31234169006348,209.8150177001953,2024-02-08T04:44:10.000000000
sh172023,IRWIN,rcm1-sclna-owi-cm-20230330t111910-20230330t112038-00003-______ll_gd_GEO-IRWIN.nc,-15.751916885375977,105.25059509277344,2023-03-30T11:19:10.000000000
sh172023,IRWIN,rcm3-sclna-owi-cm-20230331t223609-20230331t223725-00003-______ll_gd_GEO-IRWIN.nc,-18.70280265808105,106.8945083618164,2023-03-31T22:36:09.000000000
sh172023,IRWIN,rcm1-sclnd-owi-cm-20230401t113418-20230401t113533-00003-______ll_gd_GEO-IRWIN.nc,-19.37602806091309,107.2137222290039,2023-04-01T11:34:18.000000000
sh172023,IRWIN,rcm1-sclnd-owi-cm-20230331t112651-20230331t112806-00003-______ll_gd_GEO-IRWIN.nc,-17.77463150024414,106.68592834472656,2023-03-31T11:26:51.000000000
sh172023,IRWIN,rcm3-sclnc-owi-cm-20230330t222809-20230330t222926-00003-______ll_gd_GEO-IRWIN.nc,-16.5955867767334,106.1159896850586,2023-03-30T22:28:09.000000000
al092020,IRWIN,s1a-iw-owi-cm-20200803t231311-20200803t231426-000003-03E964_ll_gd_GEO-IRWIN.nc,32.56520462036133,280.78076171875,2020-08-03T23:13:11.000000000
al092020,IRWIN,s1b-iw-owi-cm-20200803t112425-20200803t112540-000003-02B314_ll_gd_GEO-IRWIN.nc,30.00185203552246,279.99249267578125,2020-08-03T11:24:25.000000000
al092020,IRWIN,s1b-iw-owi-cm-20200802t231913-20200802t232034-000003-02B2DB_ll_gd_GEO-IRWIN.nc,28.11969566345215,280.31463623046875,2020-08-02T23:19:13.000000000
sh232021,IRWIN,s1a-iw-owi-cm-20210306t072758-20210306t072942-000003-04562A_ll_gd_GEO-IRWIN.nc,-23.298826217651367,167.37564086914062,2021-03-06T07:27:58.000000000
sh232021,IRWIN,s1b-iw-owi-cm-20210305t183014-20210305t183044-000003-031649_ll_gd_GEO-IRWIN.nc,-20.04933357238769,161.7425079345703,2021-03-05T18:30:14.000000000
al162024,IRWIN,rcm2-sclna-owi-cm-20241022t110228-20241022t110314-00003-______ll_gd_GEO-IRWIN.nc,22.634145736694336,285.3221130371094,2024-10-22T11:02:28.000000000
al162024,IRWIN,rcm2-sclnb-owi-cm-20241021t230922-20241021t231029-00003-______ll_gd_GEO-IRWIN.nc,21.395828247070312,284.3360595703125,2024-10-21T23:09:22.000000000
al162024,IRWIN,rcm2-sclna-owi-cm-20241020t230110-20241020t230226-00003-______ll_gd_GEO-IRWIN.nc,20.2439079284668,285.54248046875,2024-10-20T23:01:10.000000000
al162024,IRWIN,rcm2-sclnb-owi-cm-20241020t104622-20241020t104738-00003-______ll_gd_GEO-IRWIN.nc,20.848234176635746,286.5182800292969,2024-10-20T10:46:22.000000000
al162024,IRWIN,rcm2-sclnc-owi-cm-20241019t225313-20241019t225429-00003-______ll_gd_GEO-IRWIN.nc,21.527936935424805,288.4540710449219,2024-10-19T22:53:13.000000000
al162024,IRWIN,rcm2-sclnc-owi-cm-20241021t105429-20241021t105544-00003-______ll_gd_GEO-IRWIN.nc,20.251449584960938,284.6850891113281,2024-10-21T10:54:29.000000000
al162024,IRWIN,s1a-iw-owi-cm-20241019t225347-20241019t225459-000003-06E04E_ll_gd_GEO-IRWIN.nc,21.527936935424805,288.4540710449219,2024-10-19T22:53:47.000000000
al162024,WV,rcm2-sclnb-owi-cm-20241021t230922-20241021t231029-00003-______ll_gd_GEO-WV.nc,21.395809173583984,284.3360595703125,2024-10-21T23:09:22.000000000
al162024,WV,s1a-iw-owi-cm-20241019t225347-20241019t225459-000003-06E04E_ll_gd_GEO-WV.nc,21.53127670288086,288.4342346191406,2024-10-19T22:53:47.000000000
al162024,WV,rcm2-sclnb-owi-cm-20241020t104622-20241020t104738-00003-______ll_gd_GEO-WV.nc,20.848478317260746,286.5168762207031,2024-10-20T10:46:22.000000000
al162024,WV,rcm2-sclna-owi-cm-20241020t230110-20241020t230226-00003-______ll_gd_GEO-WV.nc,20.243911743164062,285.5425109863281,2024-10-20T23:01:10.000000000
al162024,WV,rcm2-sclna-owi-cm-20241022t110228-20241022t110314-00003-______ll_gd_GEO-WV.nc,22.63413619995117,285.3221130371094,2024-10-22T11:02:28.000000000
al162024,WV,rcm2-sclnc-owi-cm-20241019t225313-20241019t225429-00003-______ll_gd_GEO-WV.nc,21.53127670288086,288.4342346191406,2024-10-19T22:53:13.000000000
al162024,WV,rcm2-sclnc-owi-cm-20241021t105429-20241021t105544-00003-______ll_gd_GEO-WV.nc,20.25144386291504,284.6850891113281,2024-10-21T10:54:29.000000000
sh192019,IRWIN,s1a-ew-owi-cm-20190320t124952-20190320t125126-000003-02F50E_ll_gd_GEO-IRWIN.nc,-19.284822463989254,84.63269805908203,2019-03-20T12:49:52.000000000
sh192019,IRWIN,s1b-ew-owi-cm-20190319t234935-20190319t235109-000003-01CE62_ll_gd_GEO-IRWIN.nc,-18.992734909057617,84.01039123535156,2019-03-19T23:49:35.000000000
wp102024,IRWIN,rcm2-sc50ma-owi-cm-20240819t214317-20240819t214434-00003-______ll_gd_GEO-IRWIN.nc,30.19869613647461,125.4991226196289,2024-08-19T21:43:17.000000000
wp102024,WV,rcm2-sc50ma-owi-cm-20240819t214317-20240819t214434-00003-______ll_gd_GEO-WV.nc,30.19866943359375,125.4991226196289,2024-08-19T21:43:17.000000000
wp142022,IRWIN,rs2-scwa-owi-cm-20220908t091428-20220908t091544-00003-______ll_gd_GEO-IRWIN.nc,17.25632095336914,131.29901123046875,2022-09-08T09:14:28.000000000
ep012023,IRWIN,rcm1-sc50mc-owi-cm-20230701t131956-20230701t132111-00003-______ll_gd_GEO-IRWIN.nc,18.270973205566406,245.68263244628903,2023-07-01T13:19:56.000000000
ep012023,IRWIN,rcm1-sclnd-owi-cm-20230629t130417-20230629t130535-00003-______ll_gd_GEO-IRWIN.nc,15.95448398590088,250.01806640625,2023-06-29T13:04:17.000000000
ep012023,IRWIN,rcm1-sc50mc-owi-cm-20230630t131213-20230630t131326-00003-______ll_gd_GEO-IRWIN.nc,17.06498146057129,247.9785614013672,2023-06-30T13:12:13.000000000
sh272025,IRWIN,rcm2-sclnc-owi-cm-20250325t221215-20250325t221331-00003-xxxxx_ll_gd_GEO-IRWIN.nc,-17.608928680419922,105.91620635986328,2025-03-25T22:12:15.000000000
sh272025,IRWIN,rcm1-sclnd-owi-cm-20250330t124608-20250330t124723-00003-xxxxx_ll_gd_GEO-IRWIN.nc,-21.8701229095459,87.98123168945312,2025-03-30T12:46:08.000000000
sh272025,IRWIN,rcm3-sclnb-owi-cm-20250325t110320-20250325t110434-00003-xxxxx_ll_gd_GEO-IRWIN.nc,-16.965166091918945,108.43255615234376,2025-03-25T11:03:20.000000000
sh272025,IRWIN,rcm1-sclnd-owi-cm-20250330t232604-20250330t232720-00003-xxxxx_ll_gd_GEO-IRWIN.nc,-23.00220489501953,88.06439208984375,2025-03-30T23:26:04.000000000
sh272025,IRWIN,rcm2-sclnb-owi-cm-20250327t115109-20250327t115225-00003-xxxxx_ll_gd_GEO-IRWIN.nc,-16.800537109375,99.20879364013672,2025-03-27T11:51:09.000000000
sh272025,IRWIN,rcm1-sclnc-owi-cm-20250327t230031-20250327t230146-00003-xxxxx_ll_gd_GEO-IRWIN.nc,-16.69422149658203,97.36810302734376,2025-03-27T23:00:31.000000000
sh272025,IRWIN,s1a-ew-owi-cm-20250328t121734-20250328t121838-000003-073CFD_ll_gd_GEO-IRWIN.nc,-17.125534057617188,94.50052642822266,2025-03-28T12:17:34.000000000
sh272025,IRWIN,rcm1-sclna-owi-cm-20250401t234255-20250401t234411-00003-xxxxx_ll_gd_GEO-IRWIN.nc,-25.06720352172852,87.59044647216797,2025-04-01T23:42:55.000000000
sh272025,IRWIN,rcm1-sclnd-owi-cm-20250328t230845-20250328t231002-00003-xxxxx_ll_gd_GEO-IRWIN.nc,-17.562374114990234,92.24197387695312,2025-03-28T23:08:45.000000000
sh272025,IRWIN,rcm1-sclnd-owi-cm-20250329t123847-20250329t124002-00003-xxxxx_ll_gd_GEO-IRWIN.nc,-18.68661117553711,90.01239776611328,2025-03-29T12:38:47.000000000
sh272025,IRWIN,rcm2-sclna-owi-cm-20250328t115926-20250328t120040-00003-xxxxx_ll_gd_GEO-IRWIN.nc,-17.10647201538086,94.57543182373048,2025-03-28T11:59:26.000000000
sh272025,IRWIN,rcm2-sclnd-owi-cm-20250326t114302-20250326t114416-00003-xxxxx_ll_gd_GEO-IRWIN.nc,-17.506549835205078,103.2325668334961,2025-03-26T11:43:02.000000000
sh272025,IRWIN,rcm2-sclna-owi-cm-20250401t122914-20250401t123028-00003-xxxxx_ll_gd_GEO-IRWIN.nc,-24.78152084350586,88.60682678222656,2025-04-01T12:29:14.000000000
sh272025,IRWIN,rcm1-sclna-owi-cm-20250326t225208-20250326t225322-00003-xxxxx_ll_gd_GEO-IRWIN.nc,-16.959487915039062,101.2078628540039,2025-03-26T22:52:08.000000000
sh272025,IRWIN,rcm3-sclna-owi-cm-20250329t234933-20250329t235045-00003-xxxxx_ll_gd_GEO-IRWIN.nc,-20.08170318603516,88.8132553100586,2025-03-29T23:49:33.000000000
al052019,IRWIN,s1a-iw-owi-cm-20190906t224121-20190906t224301-000003-0346EC_ll_gd_GEO-IRWIN.nc,37.13040542602539,288.2842102050781,2019-09-06T22:41:21.000000000
al052019,IRWIN,s1b-iw-owi-cm-20190829t102127-20190829t102221-000003-0217F3_ll_gd_GEO-IRWIN.nc,20.72749900817871,293.2463684082031,2019-08-29T10:21:27.000000000
al052019,IRWIN,s1a-iw-owi-cm-20190903t111721-20190903t111901-000003-03451E_ll_gd_GEO-IRWIN.nc,27.07343292236328,281.50396728515625,2019-09-03T11:17:21.000000000
al052019,IRWIN,s1a-iw-owi-cm-20190827t221901-20190827t222016-000003-0341DA_ll_gd_GEO-IRWIN.nc,15.516926765441896,297.4239807128906,2019-08-27T22:19:01.000000000
al052019,IRWIN,s1a-iw-owi-cm-20190830t224548-20190830t224705-000003-03435D_ll_gd_GEO-IRWIN.nc,25.220548629760746,289.05859375,2019-08-30T22:45:48.000000000
al052019,IRWIN,s1a-iw-owi-cm-20190902t231101-20190902t231306-000003-0344E3_ll_gd_GEO-IRWIN.nc,26.885881423950195,281.5087890625,2019-09-02T23:11:01.000000000
al052019,IRWIN,rs2-scwa-owi-cm-20190904t111553-20190904t111709-00003-______ll_gd_GEO-IRWIN.nc,29.436697006225582,280.4270324707031,2019-09-04T11:15:53.000000000
al052019,IRWIN,rs2-scwa-owi-cm-20190901t110302-20190901t110526-00003-______ll_gd_GEO-IRWIN.nc,26.49039459228516,283.624267578125,2019-09-01T11:03:02.000000000
al052019,IRWIN,s1a-iw-owi-cm-20190831t105329-20190831t105448-000003-03439C_ll_gd_GEO-IRWIN.nc,25.851043701171875,287.17010498046875,2019-08-31T10:53:29.000000000
al052019,IRWIN,s1a-iw-owi-cm-20190827t095110-20190827t095204-000003-03418D_ll_gd_GEO-IRWIN.nc,13.830580711364746,299.3448181152344,2019-08-27T09:51:10.000000000
al052019,IRWIN,s1b-iw-owi-cm-20190904t110754-20190904t110934-000003-021A9D_ll_gd_GEO-IRWIN.nc,29.418380737304688,280.4354553222656,2019-09-04T11:07:54.000000000
ep142021,IRWIN,rs2-scwa-owi-cm-20210828t124315-20210828t124431-00003-______ll_gd_GEO-IRWIN.nc,17.95000457763672,254.7833251953125,2021-08-28T12:43:15.000000000
ep142021,IRWIN,s1b-ew-owi-cm-20210829t125731-20210829t125905-000003-036572_ll_gd_GEO-IRWIN.nc,22.77158737182617,253.9537506103516,2021-08-29T12:57:31.000000000
ep062021,IRWIN,rs2-scwa-owi-cm-20210717t022156-20210717t022312-00003-______ll_gd_GEO-IRWIN.nc,14.656815528869627,236.91038513183597,2021-07-17T02:21:56.000000000
ep062021,IRWIN,rs2-scwa-owi-cm-20210718t142039-20210718t142154-00003-______ll_gd_GEO-IRWIN.nc,15.71766757965088,232.03488159179688,2021-07-18T14:20:39.000000000
wp152023,IRWIN,rcm2-sclnd-owi-cm-20231012t200843-20231012t201000-00003-______ll_gd_GEO-IRWIN.nc,24.66373443603516,145.91299438476562,2023-10-12T20:08:43.000000000
wp152023,IRWIN,rcm1-sclna-owi-cm-20231010t202627-20231010t202739-00003-______ll_gd_GEO-IRWIN.nc,16.43136215209961,144.297119140625,2023-10-10T20:26:27.000000000
wp152023,IRWIN,s1a-ew-owi-cm-20231013t080655-20231013t080759-000003-061D67_ll_gd_GEO-IRWIN.nc,27.97667694091797,149.32400512695312,2023-10-13T08:06:55.000000000
wp152023,IRWIN,s1a-ew-owi-cm-20231011t203059-20231011t203203-000003-061CAB_ll_gd_GEO-IRWIN.nc,20.053386688232425,142.9188995361328,2023-10-11T20:30:59.000000000
wp152023,IRWIN,rcm1-sclnd-owi-cm-20231010t083102-20231010t083203-00003-______ll_gd_GEO-IRWIN.nc,14.671304702758787,145.31495666503906,2023-10-10T08:31:02.000000000
wp152023,IRWIN,rcm1-sclna-owi-cm-20231011t203315-20231011t203430-00003-______ll_gd_GEO-IRWIN.nc,20.053386688232425,142.9188995361328,2023-10-11T20:33:15.000000000
wp152023,IRWIN,rcm1-sclnd-owi-cm-20231009t082129-20231009t082245-00003-______ll_gd_GEO-IRWIN.nc,11.475147247314451,149.10223388671875,2023-10-09T08:21:29.000000000
wp152023,IRWIN,rcm1-sclnc-owi-cm-20231011t083935-20231011t084051-00003-______ll_gd_GEO-IRWIN.nc,18.54132652282715,143.1804656982422,2023-10-11T08:39:35.000000000
wp152023,IRWIN,rcm2-sclnd-owi-cm-20231009t194741-20231009t194857-00003-______ll_gd_GEO-IRWIN.nc,13.273502349853516,147.1836395263672,2023-10-09T19:47:41.000000000
sh242025,IRWIN,rcm3-sclnd-owi-cm-20250313t141411-20250313t141431-00003-xxxxx_ll_gd_GEO-IRWIN.nc,-23.08408546447754,67.252685546875,2025-03-13T14:14:11.000000000
sh242025,IRWIN,rcm1-sclnd-owi-cm-20250309t131135-20250309t131250-00003-xxxxx_ll_gd_GEO-IRWIN.nc,-16.509845733642578,83.4985580444336,2025-03-09T13:11:35.000000000
sh242025,IRWIN,rcm3-sclnb-owi-cm-20250314t005556-20250314t005712-00003-xxxxx_ll_gd_GEO-IRWIN.nc,-24.3408145904541,65.7692642211914,2025-03-14T00:55:56.000000000
sh242025,IRWIN,rcm1-sclnd-owi-cm-20250311t132646-20250311t132802-00003-xxxxx_ll_gd_GEO-IRWIN.nc,-19.95296669006348,77.84227752685547,2025-03-11T13:26:46.000000000
sh242025,IRWIN,rcm1-sclna-owi-cm-20250312t133443-20250312t133559-00003-xxxxx_ll_gd_GEO-IRWIN.nc,-19.743650436401367,72.23343658447266,2025-03-12T13:34:43.000000000
sh242025,IRWIN,rcm3-sclnd-owi-cm-20250313t004650-20250313t004806-00003-xxxxx_ll_gd_GEO-IRWIN.nc,-21.21652030944824,69.412109375,2025-03-13T00:46:50.000000000
sh242025,IRWIN,rcm1-sclnd-owi-cm-20250310t235733-20250310t235849-00003-xxxxx_ll_gd_GEO-IRWIN.nc,-20.198999404907227,80.3216323852539,2025-03-10T23:57:33.000000000
sh242025,IRWIN,rcm3-sclna-owi-cm-20250312t003754-20250312t003909-00003-xxxxx_ll_gd_GEO-IRWIN.nc,-19.457910537719727,75.47163391113281,2025-03-12T00:37:54.000000000
io022023,IRWIN,rcm3-sc50ma-owi-cm-20230610t133712-20230610t133827-00003-______ll_gd_GEO-IRWIN.nc,17.33743667602539,67.29939270019531,2023-06-10T13:37:12.000000000
io022023,IRWIN,rcm2-sc50mc-owi-cm-20230608t135210-20230608t135327-00003-______ll_gd_GEO-IRWIN.nc,14.291733741760254,66.05265808105469,2023-06-08T13:52:10.000000000
io022023,IRWIN,rcm1-sclna-owi-cm-20230613t133012-20230613t133103-00003-______ll_gd_GEO-IRWIN.nc,21.13477325439453,66.37193298339844,2023-06-13T13:30:12.000000000
io022023,IRWIN,rcm3-sc50mb-owi-cm-20230611t013201-20230611t013318-00003-______ll_gd_GEO-IRWIN.nc,17.91127586364746,67.74288177490234,2023-06-11T01:32:01.000000000
io022023,IRWIN,s1a-iw-owi-cm-20230614t012641-20230614t012816-000003-05E3BE_ll_gd_GEO-IRWIN.nc,21.31271171569824,66.31641387939453,2023-06-14T01:26:41.000000000
io022023,IRWIN,rcm1-sc50mc-owi-cm-20230614t012242-20230614t012349-00003-______ll_gd_GEO-IRWIN.nc,21.31271171569824,66.31641387939453,2023-06-14T01:22:42.000000000
io022023,IRWIN,rcm1-sc50ma-owi-cm-20230613t132954-20230613t133013-00003-______ll_gd_GEO-IRWIN.nc,21.13477325439453,66.37193298339844,2023-06-13T13:29:54.000000000
io022023,IRWIN,rcm3-sc50mc-owi-cm-20230610t012427-20230610t012545-00003-______ll_gd_GEO-IRWIN.nc,16.410232543945312,67.25702667236328,2023-06-10T01:24:27.000000000
io022023,IRWIN,rcm3-sc50mc-owi-cm-20230611t134533-20230611t134648-00003-______ll_gd_GEO-IRWIN.nc,18.80776023864746,67.88177490234375,2023-06-11T13:45:33.000000000
wp102019,IRWIN,s1b-ew-owi-cm-20190810t215730-20190810t215934-000003-020F7A_ll_gd_GEO-IRWIN.nc,32.68112564086914,120.93852996826172,2019-08-10T21:57:30.000000000
wp102019,IRWIN,s1a-iw-owi-cm-20190809t100111-20190809t100316-000003-033873_ll_gd_GEO-IRWIN.nc,27.380952835083008,122.157470703125,2019-08-09T10:01:11.000000000
wp102019,IRWIN,s1b-iw-owi-cm-20190810t095340-20190810t095455-000003-020F3E_ll_gd_GEO-IRWIN.nc,30.562965393066406,120.51534271240234,2019-08-10T09:53:40.000000000
wp152020,IRWIN,rs2-scwa-owi-cm-20200930t064859-20200930t065230-00003-______ll_gd_GEO-IRWIN.nc,40.70464324951172,163.54933166503906,2020-09-30T06:48:59.000000000
ep162023,IRWIN,s1a-iw-owi-cm-20231009t123442-20231009t123532-000003-061B7E_ll_gd_GEO-IRWIN.nc,16.937923431396484,258.71929931640625,2023-10-09T12:34:42.000000000
al202023,IRWIN,rcm2-sclnc-owi-cm-20231021t222016-20231021t222133-00003-______ll_gd_GEO-IRWIN.nc,17.32102394104004,298.4641418457031,2023-10-21T22:20:16.000000000
al202023,IRWIN,rcm2-sclna-owi-cm-20231021t100656-20231021t100812-00003-______ll_gd_GEO-IRWIN.nc,15.357653617858888,299.46746826171875,2023-10-21T10:06:56.000000000
al202023,IRWIN,rcm3-sclnc-owi-cm-20231024t221358-20231024t221514-00003-______ll_gd_GEO-IRWIN.nc,24.346813201904297,298.561279296875,2023-10-24T22:13:58.000000000
al202023,IRWIN,rcm1-sc50ma-owi-cm-20231026t215920-20231026t220038-00003-______ll_gd_GEO-IRWIN.nc,31.341405868530277,300.09228515625,2023-10-26T21:59:20.000000000
al202023,IRWIN,s1a-iw-owi-cm-20231019t220229-20231019t220344-000003-0620B5_ll_gd_GEO-IRWIN.nc,13.569268226623535,303.0370178222656,2023-10-19T22:02:29.000000000
al202023,IRWIN,s1a-iw-owi-cm-20231022t095844-20231022t095938-000003-0621D7_ll_gd_GEO-IRWIN.nc,18.44745445251465,297.4131164550781,2023-10-22T09:58:44.000000000
al202023,IRWIN,rcm2-sclna-owi-cm-20231022t101427-20231022t101542-00003-______ll_gd_GEO-IRWIN.nc,18.48812866210937,297.37896728515625,2023-10-22T10:14:27.000000000
al202023,IRWIN,rcm3-sc50ma-owi-cm-20231025t100450-20231025t100606-00003-______ll_gd_GEO-IRWIN.nc,25.734703063964844,300.25360107421875,2023-10-25T10:04:50.000000000
al202023,IRWIN,s1a-iw-owi-cm-20231022t222848-20231022t223011-000003-062224_ll_gd_GEO-IRWIN.nc,20.00334358215332,296.1853942871094,2023-10-22T22:28:48.000000000
al202023,IRWIN,rcm2-sclnb-owi-cm-20231020t221121-20231020t221235-00003-______ll_gd_GEO-IRWIN.nc,14.37804126739502,300.62188720703125,2023-10-20T22:11:21.000000000
al202023,IRWIN,rcm1-sc50mc-owi-cm-20231027t220729-20231027t220848-00003-______ll_gd_GEO-IRWIN.nc,32.5106201171875,298.4876403808594,2023-10-27T22:07:29.000000000
al202023,IRWIN,rcm2-sclnd-owi-cm-20231022t222841-20231022t222957-00003-______ll_gd_GEO-IRWIN.nc,20.00334358215332,296.1853942871094,2023-10-22T22:28:41.000000000
sh042024,IRWIN,s1a-ew-owi-cm-20240101t025243-20240101t025441-000003-06457B_ll_gd_GEO-IRWIN.nc,-21.10160255432129,41.33575439453125,2024-01-01T02:52:43.000000000
sh042024,IRWIN,rcm2-sclnc-owi-cm-20240105t143634-20240105t143749-00003-______ll_gd_GEO-IRWIN.nc,-31.03749084472656,63.09539031982422,2024-01-05T14:36:34.000000000
sh042024,WV,rcm2-sclnc-owi-cm-20240105t143634-20240105t143749-00003-______ll_gd_GEO-WV.nc,-31.03749084472656,63.09539031982422,2024-01-05T14:36:34.000000000
sh042024,WV,s1a-ew-owi-cm-20240101t025243-20240101t025441-000003-06457B_ll_gd_GEO-WV.nc,-21.10160255432129,41.33575439453125,2024-01-01T02:52:43.000000000
wp082023,IRWIN,rcm3-sclnd-owi-cm-20230825t193742-20230825t193858-00003-______ll_gd_GEO-IRWIN.nc,23.419458389282227,154.67263793945312,2023-08-25T19:37:42.000000000
wp082023,IRWIN,rcm3-sclnb-owi-cm-20230826t075323-20230826t075440-00003-______ll_gd_GEO-IRWIN.nc,26.509714126586918,152.12095642089844,2023-08-26T07:53:23.000000000
wp082023,IRWIN,rcm3-sclnc-owi-cm-20230828t081325-20230828t081443-00003-______ll_gd_GEO-IRWIN.nc,40.13181686401367,146.0450439453125,2023-08-28T08:13:25.000000000
wp082023,IRWIN,rcm3-sclna-owi-cm-20230827t080350-20230827t080507-00003-______ll_gd_GEO-IRWIN.nc,34.53267288208008,145.1792755126953,2023-08-27T08:03:50.000000000
wp082023,IRWIN,rcm2-sclna-owi-cm-20230827t202100-20230827t202217-00003-______ll_gd_GEO-IRWIN.nc,37.90108489990234,144.2514190673828,2023-08-27T20:21:00.000000000
al202019,IRWIN,s1a-iw-owi-cm-20191121t220435-20191121t220530-000003-036D35_ll_gd_GEO-IRWIN.nc,24.008359909057617,300.7461853027344,2019-11-21T22:04:35.000000000
wp052025,IRWIN,rcm3-sc50mc-owi-cm-20250705t102504-20250705t102621-00003-xxxxx_ll_gd_GEO-IRWIN.nc,20.73625373840332,117.90360260009766,2025-07-05T10:25:04.000000000
wp052025,IRWIN,rcm3-sc50mc-owi-cm-20250704t101644-20250704t101748-00003-xxxxx_ll_gd_GEO-IRWIN.nc,20.05661392211914,117.92375183105467,2025-07-04T10:16:44.000000000
wp052025,IRWIN,s1a-iw-owi-cm-20250706t101738-20250706t101807-000003-0772D3_ll_gd_GEO-IRWIN.nc,22.719715118408203,119.38909912109376,2025-07-06T10:17:38.000000000
wp052025,IRWIN,s1a-iw-owi-cm-20250708t100148-20250708t100328-000003-0773E3_ll_gd_GEO-IRWIN.nc,27.94293975830078,121.48826599121094,2025-07-08T10:01:48.000000000
al122025,IRWIN,rcm2-sclnd-owi-cm-20251014t211537-20251014t211647-00003-xxxxx_ll_gd_GEO-IRWIN.nc,18.71257209777832,314.4693298339844,2025-10-14T21:15:37.000000000
al122025,IRWIN,rcm3-sclnd-owi-cm-20251014t083133-20251014t083243-00003-xxxxx_ll_gd_GEO-IRWIN.nc,17.356128692626953,315.87310791015625,2025-10-14T08:31:33.000000000
sh212025,IRWIN,rcm1-sclnb-owi-cm-20250227t065956-20250227t070111-00003-xxxxx_ll_gd_GEO-IRWIN.nc,-22.245058059692383,171.2429656982422,2025-02-27T06:59:56.000000000
sh212025,IRWIN,s1a-iw-owi-cm-20250227t071206-20250227t071241-000003-072BF0_ll_gd_GEO-IRWIN.nc,-22.2685604095459,171.2672576904297,2025-02-27T07:12:06.000000000
sh212025,IRWIN,rcm3-sclnd-owi-cm-20250225t071736-20250225t071852-00003-xxxxx_ll_gd_GEO-IRWIN.nc,-17.273134231567383,170.87399291992188,2025-02-25T07:17:36.000000000
sh212025,IRWIN,rcm1-sclnc-owi-cm-20250228t174819-20250228t174934-00003-xxxxx_ll_gd_GEO-IRWIN.nc,-22.800861358642575,173.39891052246094,2025-02-28T17:48:19.000000000
sh212025,IRWIN,rcm3-sclna-owi-cm-20250226t180404-20250226t180518-00003-xxxxx_ll_gd_GEO-IRWIN.nc,-21.30954933166504,170.80369567871094,2025-02-26T18:04:04.000000000
sh212025,IRWIN,rcm3-sclnd-owi-cm-20250225t175536-20250225t175651-00003-xxxxx_ll_gd_GEO-IRWIN.nc,-18.61668586730957,170.49839782714844,2025-02-25T17:55:36.000000000
sh212025,IRWIN,rcm1-sclnd-owi-cm-20250228t070742-20250228t070859-00003-xxxxx_ll_gd_GEO-IRWIN.nc,-23.008522033691406,172.91171264648438,2025-02-28T07:07:42.000000000
sh212025,IRWIN,rcm1-sclna-owi-cm-20250226t065248-20250226t065404-00003-xxxxx_ll_gd_GEO-IRWIN.nc,-20.288997650146484,170.50613403320312,2025-02-26T06:52:48.000000000
sh212025,IRWIN,rcm1-sclnd-owi-cm-20250227t174018-20250227t174134-00003-xxxxx_ll_gd_GEO-IRWIN.nc,-23.002025604248047,172.29513549804688,2025-02-27T17:40:18.000000000
ep162025,IRWIN,rcm1-sc50ma-owi-cm-20251010t134944-20251010t135056-00003-xxxxx_ll_gd_GEO-IRWIN.nc,25.847341537475582,244.7763671875,2025-10-10T13:49:44.000000000
ep162025,IRWIN,rcm1-sc50ma-owi-cm-20251005t131223-20251005t131338-00003-xxxxx_ll_gd_GEO-IRWIN.nc,16.13677215576172,253.07907104492188,2025-10-05T13:12:23.000000000
ep162025,IRWIN,rcm1-sc50ma-owi-cm-20251009t134220-20251009t134332-00003-xxxxx_ll_gd_GEO-IRWIN.nc,23.731882095336918,245.35769653320312,2025-10-09T13:42:20.000000000
ep162025,IRWIN,s1a-iw-owi-cm-20251009t132854-20251009t133111-000003-07A7BB_ll_gd_GEO-IRWIN.nc,23.718900680541992,245.3702850341797,2025-10-09T13:28:54.000000000
ep162025,IRWIN,rcm1-sc50mc-owi-cm-20251006t012437-20251006t012551-00003-xxxxx_ll_gd_GEO-IRWIN.nc,16.697343826293945,252.87493896484372,2025-10-06T01:24:37.000000000
ep162025,IRWIN,s1c-ew-owi-cm-20251008t012851-20251008t012954-000003-008D6E_ll_gd_GEO-IRWIN.nc,20.43340301513672,248.65203857421875,2025-10-08T01:28:51.000000000
ep162025,IRWIN,rcm1-sc50ma-owi-cm-20251008t133454-20251008t133609-00003-xxxxx_ll_gd_GEO-IRWIN.nc,21.24800109863281,247.6713409423828,2025-10-08T13:34:54.000000000
ep162025,IRWIN,rcm1-sc50mc-owi-cm-20251009t015026-20251009t015142-00003-xxxxx_ll_gd_GEO-IRWIN.nc,22.55397605895996,246.50802612304688,2025-10-09T01:50:26.000000000
wp042024,IRWIN,rcm2-sc50ma-owi-cm-20240721t224226-20240721t224343-00003-______ll_gd_GEO-IRWIN.nc,19.45563697814941,109.38516235351562,2024-07-21T22:42:26.000000000
wp042024,IRWIN,rcm2-sc50ma-owi-cm-20240722t225009-20240722t225124-00003-______ll_gd_GEO-IRWIN.nc,21.33970832824707,107.76204681396484,2024-07-22T22:50:09.000000000
wp042024,IRWIN,rcm2-sc50mc-owi-cm-20240721t104842-20240721t104939-00003-______ll_gd_GEO-IRWIN.nc,17.77733039855957,110.96674346923828,2024-07-21T10:48:42.000000000
wp042024,WV,rcm2-sc50ma-owi-cm-20240722t225009-20240722t225124-00003-______ll_gd_GEO-WV.nc,21.33970260620117,107.76205444335938,2024-07-22T22:50:09.000000000
wp042024,WV,rcm2-sc50mc-owi-cm-20240721t104842-20240721t104939-00003-______ll_gd_GEO-WV.nc,17.777320861816406,110.9667510986328,2024-07-21T10:48:42.000000000
wp042024,WV,rcm2-sc50ma-owi-cm-20240721t224226-20240721t224343-00003-______ll_gd_GEO-WV.nc,19.455625534057617,109.38517761230467,2024-07-21T22:42:26.000000000
wp202021,IRWIN,s1b-ew-owi-cm-20210927t090902-20210927t091207-000003-03725C_ll_gd_GEO-IRWIN.nc,20.06792259216309,136.491455078125,2021-09-27T09:09:02.000000000
wp202021,IRWIN,rs2-scwa-owi-cm-20210928t210026-20210928t210249-00003-______ll_gd_GEO-IRWIN.nc,23.049968719482425,135.4246063232422,2021-09-28T21:00:26.000000000
wp202021,IRWIN,rs2-scwa-owi-cm-20210925t204847-20210925t205110-00003-______ll_gd_GEO-IRWIN.nc,18.498855590820312,136.9413604736328,2021-09-25T20:48:47.000000000
wp202021,IRWIN,rcm1-sc50mc-owi-cm-20210929t204741-20210929t204917-00003-______ll_gd_GEO-IRWIN.nc,26.258129119873047,136.07801818847656,2021-09-29T20:47:41.000000000
wp202021,IRWIN,rs2-scwa-owi-cm-20210927t090605-20210927t090829-00003-______ll_gd_GEO-IRWIN.nc,20.06792259216309,136.491455078125,2021-09-27T09:06:05.000000000
wp202021,IRWIN,s1b-ew-owi-cm-20210929t210033-20210929t210307-000003-03737C_ll_gd_GEO-IRWIN.nc,26.277973175048828,136.0909881591797,2021-09-29T21:00:33.000000000
wp202021,IRWIN,s1a-ew-owi-cm-20210925t204659-20210925t204934-000003-04B69E_ll_gd_GEO-IRWIN.nc,18.498855590820312,136.9413604736328,2021-09-25T20:46:59.000000000
wp202021,IRWIN,s1a-ew-owi-cm-20210930t205300-20210930t205405-000003-04B935_ll_gd_GEO-IRWIN.nc,31.238386154174805,140.21043395996094,2021-09-30T20:53:00.000000000
wp202021,IRWIN,rcm1-sc50ma-owi-cm-20210929t085655-20210929t085807-00003-______ll_gd_GEO-IRWIN.nc,24.53350830078125,135.42019653320312,2021-09-29T08:56:55.000000000
wp202021,IRWIN,rcm2-sc50ma-owi-cm-20211001t202857-20211001t202952-00003-______ll_gd_GEO-IRWIN.nc,38.27791976928711,146.4802703857422,2021-10-01T20:28:57.000000000
wp202019,IRWIN,s1b-iw-owi-cm-20191012t084028-20191012t084212-000003-022BD1_ll_gd_GEO-IRWIN.nc,34.452266693115234,138.57249450683594,2019-10-12T08:40:28.000000000
wp202019,IRWIN,s1a-ew-owi-cm-20191008t203040-20191008t203250-000003-0356ED_ll_gd_GEO-IRWIN.nc,19.46771049499512,140.6452178955078,2019-10-08T20:30:40.000000000
wp202019,IRWIN,rs2-scwa-owi-cm-20191007t202139-20191007t202254-00003-______ll_gd_GEO-IRWIN.nc,16.622652053833008,144.4203643798828,2019-10-07T20:21:39.000000000
wp202019,IRWIN,s1a-ew-owi-cm-20191011t205230-20191011t205434-000003-03587A_ll_gd_GEO-IRWIN.nc,31.357534408569336,137.00390625,2019-10-11T20:52:30.000000000
wp202019,IRWIN,s1b-ew-owi-cm-20191010t085239-20191010t085526-000003-022AE7_ll_gd_GEO-IRWIN.nc,24.851167678833008,139.2589874267578,2019-10-10T08:52:39.000000000
al172024,IRWIN,s1a-ew-owi-cm-20241102t082034-20241102t082339-000003-06E811_ll_gd_GEO-IRWIN.nc,40.007171630859375,325.8486328125,2024-11-02T08:20:34.000000000
al172024,IRWIN,rcm3-sclnd-owi-cm-20241103t193649-20241103t193807-00003-______ll_gd_GEO-IRWIN.nc,37.426387786865234,337.21392822265625,2024-11-03T19:36:49.000000000
al172024,WV,s1a-ew-owi-cm-20241102t082034-20241102t082339-000003-06E811_ll_gd_GEO-WV.nc,40.007171630859375,325.8486328125,2024-11-02T08:20:34.000000000
al172024,WV,rcm3-sclnd-owi-cm-20241103t193649-20241103t193807-00003-______ll_gd_GEO-WV.nc,37.426387786865234,337.21392822265625,2024-11-03T19:36:49.000000000
wp062021,IRWIN,rs2-scwa-owi-cm-20210625t203111-20210625t203227-00003-______ll_gd_GEO-IRWIN.nc,24.402362823486328,139.57847595214844,2021-06-25T20:31:11.000000000
wp012023,IRWIN,rcm2-sclnd-owi-cm-20230421t192410-20230421t192527-00003-______ll_gd_GEO-IRWIN.nc,10.177050590515137,154.5924072265625,2023-04-21T19:24:10.000000000
wp012023,IRWIN,rcm1-sclnd-owi-cm-20230421t075617-20230421t075757-00003-______ll_gd_GEO-IRWIN.nc,10.06938648223877,156.00811767578125,2023-04-21T07:56:17.000000000
sh122021,IRWIN,s1b-iw-owi-cm-20210122t025113-20210122t025228-000003-030207_ll_gd_GEO-IRWIN.nc,-18.498517990112305,38.6597785949707,2021-01-22T02:51:13.000000000
sh122021,IRWIN,s1a-ew-owi-cm-20210118t144525-20210118t144726-000003-043E8B_ll_gd_GEO-IRWIN.nc,-13.915811538696287,53.79890823364258,2021-01-18T14:45:25.000000000
wp112024,IRWIN,rcm2-sc50mc-owi-cm-20240827t211136-20240827t211254-00003-______ll_gd_GEO-IRWIN.nc,29.13924598693848,130.15850830078125,2024-08-27T21:11:36.000000000
wp112024,IRWIN,rcm3-sc50mc-owi-cm-20240830t091602-20240830t091655-00003-______ll_gd_GEO-IRWIN.nc,33.92585372924805,132.5287628173828,2024-08-30T09:16:02.000000000
wp112024,IRWIN,rcm2-sc50mc-owi-cm-20240826t210329-20240826t210447-00003-______ll_gd_GEO-IRWIN.nc,28.08753204345703,130.86407470703125,2024-08-26T21:03:29.000000000
wp112024,IRWIN,rcm2-sclnc-owi-cm-20240822t083932-20240822t084046-00003-______ll_gd_GEO-IRWIN.nc,16.913265228271484,140.99203491210938,2024-08-22T08:39:32.000000000
wp112024,IRWIN,rcm2-sc50ma-owi-cm-20240825t205601-20240825t205718-00003-______ll_gd_GEO-IRWIN.nc,27.11896324157715,134.41204833984375,2024-08-25T20:56:01.000000000
wp112024,IRWIN,rcm2-sc50mc-owi-cm-20240828t093101-20240828t093220-00003-______ll_gd_GEO-IRWIN.nc,30.354293823242188,130.02651977539062,2024-08-28T09:31:01.000000000
wp112024,IRWIN,rcm2-sc50mc-owi-cm-20240828t211912-20240828t212029-00003-______ll_gd_GEO-IRWIN.nc,31.588382720947266,130.17169189453125,2024-08-28T21:19:12.000000000
wp112024,IRWIN,rcm2-sclna-owi-cm-20240823t204153-20240823t204307-00003-______ll_gd_GEO-IRWIN.nc,19.25925064086914,141.24330139160156,2024-08-23T20:41:53.000000000
wp112024,IRWIN,s1a-ew-owi-cm-20240829t212501-20240829t212604-000003-06C2FF_ll_gd_GEO-IRWIN.nc,33.54472732543945,131.63934326171875,2024-08-29T21:25:01.000000000
wp112024,IRWIN,rcm2-sc50mc-owi-cm-20240826t091441-20240826t091559-00003-______ll_gd_GEO-IRWIN.nc,27.712146759033203,132.3016357421875,2024-08-26T09:14:41.000000000
wp112024,IRWIN,rcm2-sc50ma-owi-cm-20240829t212711-20240829t212754-00003-______ll_gd_GEO-IRWIN.nc,33.54472732543945,131.63934326171875,2024-08-29T21:27:11.000000000
wp112024,IRWIN,rcm2-sc50mc-owi-cm-20240824t204855-20240824t205004-00003-______ll_gd_GEO-IRWIN.nc,24.582719802856445,139.4353790283203,2024-08-24T20:48:55.000000000
wp112024,IRWIN,rcm2-sc50mc-owi-cm-20240824t085637-20240824t085755-00003-______ll_gd_GEO-IRWIN.nc,21.76216697692871,140.94837951660156,2024-08-24T08:56:37.000000000
wp112024,IRWIN,s1a-ew-owi-cm-20240829t092159-20240829t092302-000003-06C2AE_ll_gd_GEO-IRWIN.nc,33.24101257324219,130.83230590820312,2024-08-29T09:21:59.000000000
wp112024,IRWIN,rcm2-sc50mc-owi-cm-20240827t092257-20240827t092415-00003-______ll_gd_GEO-IRWIN.nc,28.542722702026367,130.34654235839844,2024-08-27T09:22:57.000000000
wp112024,IRWIN,rcm3-sc50ma-owi-cm-20240829t090801-20240829t090910-00003-______ll_gd_GEO-IRWIN.nc,33.23569107055664,130.82156372070312,2024-08-29T09:08:01.000000000
wp112024,WV,rcm2-sc50mc-owi-cm-20240824t085637-20240824t085755-00003-______ll_gd_GEO-WV.nc,21.76214408874512,140.94837951660156,2024-08-24T08:56:37.000000000
wp112024,WV,rcm2-sc50ma-owi-cm-20240825t205601-20240825t205718-00003-______ll_gd_GEO-WV.nc,27.11895751953125,134.4120635986328,2024-08-25T20:56:01.000000000
wp112024,WV,rcm3-sc50mc-owi-cm-20240830t091602-20240830t091655-00003-______ll_gd_GEO-WV.nc,33.92585372924805,132.52874755859375,2024-08-30T09:16:02.000000000
wp112024,WV,rcm2-sc50mc-owi-cm-20240826t091441-20240826t091559-00003-______ll_gd_GEO-WV.nc,27.712142944335938,132.30165100097656,2024-08-26T09:14:41.000000000
wp112024,WV,rcm2-sc50mc-owi-cm-20240826t210329-20240826t210447-00003-______ll_gd_GEO-WV.nc,28.08752822875977,130.86407470703125,2024-08-26T21:03:29.000000000
wp112024,WV,s1a-ew-owi-cm-20240829t212501-20240829t212604-000003-06C2FF_ll_gd_GEO-WV.nc,33.54472351074219,131.63934326171875,2024-08-29T21:25:01.000000000
wp112024,WV,rcm2-sc50mc-owi-cm-20240828t211912-20240828t212029-00003-______ll_gd_GEO-WV.nc,31.58837509155273,130.17169189453125,2024-08-28T21:19:12.000000000
wp112024,WV,s1a-ew-owi-cm-20240829t092159-20240829t092302-000003-06C2AE_ll_gd_GEO-WV.nc,33.24100875854492,130.83230590820312,2024-08-29T09:21:59.000000000
wp112024,WV,rcm3-sc50ma-owi-cm-20240829t090801-20240829t090910-00003-______ll_gd_GEO-WV.nc,33.235687255859375,130.82156372070312,2024-08-29T09:08:01.000000000
wp112024,WV,rcm2-sclna-owi-cm-20240823t204153-20240823t204307-00003-______ll_gd_GEO-WV.nc,19.259233474731445,141.24330139160156,2024-08-23T20:41:53.000000000
wp112024,WV,rcm2-sc50mc-owi-cm-20240828t093101-20240828t093220-00003-______ll_gd_GEO-WV.nc,30.354284286499023,130.02651977539062,2024-08-28T09:31:01.000000000
wp112024,WV,rcm2-sc50mc-owi-cm-20240824t204855-20240824t205004-00003-______ll_gd_GEO-WV.nc,24.582706451416016,139.43539428710938,2024-08-24T20:48:55.000000000
wp112024,WV,rcm2-sclnc-owi-cm-20240822t083932-20240822t084046-00003-______ll_gd_GEO-WV.nc,16.913265228271484,140.99203491210938,2024-08-22T08:39:32.000000000
wp112024,WV,rcm2-sc50ma-owi-cm-20240829t212711-20240829t212754-00003-______ll_gd_GEO-WV.nc,33.54472351074219,131.63934326171875,2024-08-29T21:27:11.000000000
wp112024,WV,rcm2-sc50mc-owi-cm-20240827t092257-20240827t092415-00003-______ll_gd_GEO-WV.nc,28.54272079467773,130.34654235839844,2024-08-27T09:22:57.000000000
wp112024,WV,rcm2-sc50mc-owi-cm-20240827t211136-20240827t211254-00003-______ll_gd_GEO-WV.nc,29.13924217224121,130.15850830078125,2024-08-27T21:11:36.000000000
ep132025,IRWIN,rcm2-sc50ma-owi-cm-20250913t010112-20250913t010222-00003-xxxxx_ll_gd_GEO-IRWIN.nc,17.901905059814453,255.7281951904297,2025-09-13T01:01:12.000000000
ep132025,IRWIN,rcm2-sc50mc-owi-cm-20250914t130333-20250914t130446-00003-xxxxx_ll_gd_GEO-IRWIN.nc,18.453845977783203,250.1953887939453,2025-09-14T13:03:33.000000000
ep132025,IRWIN,rcm2-sc50ma-owi-cm-20250915t011751-20250915t011904-00003-xxxxx_ll_gd_GEO-IRWIN.nc,19.17548179626465,248.82241821289065,2025-09-15T01:17:51.000000000
ep132025,IRWIN,s1a-iw-owi-cm-20250915t132943-20250915t133143-000003-0799A7_ll_gd_GEO-IRWIN.nc,20.08367347717285,246.89968872070312,2025-09-15T13:29:43.000000000
ep132025,IRWIN,rcm2-sc50mb-owi-cm-20250912t124815-20250912t124928-00003-xxxxx_ll_gd_GEO-IRWIN.nc,17.053373336791992,258.43511962890625,2025-09-12T12:48:15.000000000
ep132025,IRWIN,rcm1-sc50ma-owi-cm-20250916t135044-20250916t135159-00003-xxxxx_ll_gd_GEO-IRWIN.nc,22.16537857055664,243.38229370117188,2025-09-16T13:50:44.000000000
sh052022,IRWIN,rs2-scwa-owi-cm-20220112t065258-20220112t065415-00003-______ll_gd_GEO-IRWIN.nc,-23.49514579772949,174.05479431152344,2022-01-12T06:52:58.000000000
sh052022,IRWIN,rs2-scwa-owi-cm-20220113t173301-20220113t173418-00003-______ll_gd_GEO-IRWIN.nc,-27.461750030517575,177.4869842529297,2022-01-13T17:33:01.000000000
wp302019,IRWIN,s1b-iw-owi-cm-20191224t213011-20191224t213131-000003-024DE7_ll_gd_GEO-IRWIN.nc,11.76008129119873,122.76514434814452,2019-12-24T21:30:11.000000000
ep142020,IRWIN,rcm3-sc50ma-owi-cm-20200830t013418-20200830t013550-00003-______ll_gd_GEO-IRWIN.nc,21.60232353210449,245.9012756347656,2020-08-30T01:34:18.000000000
ep102025,IRWIN,rcm2-sc50mb-owi-cm-20250827t015806-20250827t015921-00003-xxxxx_ll_gd_GEO-IRWIN.nc,20.7058048248291,241.98687744140625,2025-08-27T01:58:06.000000000
ep102025,IRWIN,rcm2-sc50mc-owi-cm-20250827t135114-20250827t135228-00003-xxxxx_ll_gd_GEO-IRWIN.nc,22.83247184753418,240.5615081787109,2025-08-27T13:51:14.000000000
ep102025,IRWIN,rcm2-sc50ma-owi-cm-20250826t134348-20250826t134504-00003-xxxxx_ll_gd_GEO-IRWIN.nc,18.914106369018555,243.65298461914065,2025-08-26T13:43:48.000000000
ep102025,IRWIN,rcm2-sc50ma-owi-cm-20250825t133600-20250825t133713-00003-xxxxx_ll_gd_GEO-IRWIN.nc,17.02420997619629,246.83251953125,2025-08-25T13:36:00.000000000
ep102025,IRWIN,rcm2-sc50mb-owi-cm-20250828t020702-20250828t020816-00003-xxxxx_ll_gd_GEO-IRWIN.nc,24.674957275390625,239.2934417724609,2025-08-28T02:07:02.000000000
ep102025,IRWIN,rcm2-sc50mc-owi-cm-20250826t014948-20250826t015101-00003-xxxxx_ll_gd_GEO-IRWIN.nc,17.73813247680664,244.8256072998047,2025-08-26T01:49:48.000000000
sh052024,IRWIN,s1a-ew-owi-cm-20240116t013905-20240116t014008-000003-064CE7_ll_gd_GEO-IRWIN.nc,-22.418174743652344,58.14789962768555,2024-01-16T01:39:05.000000000
sh052024,IRWIN,rcm3-sclna-owi-cm-20240118t141428-20240118t141447-00003-______ll_gd_GEO-IRWIN.nc,-23.787616729736328,65.46720123291016,2024-01-18T14:14:28.000000000
sh052024,IRWIN,s1a-ew-owi-cm-20240114t015336-20240114t015641-000003-064BE1_ll_gd_GEO-IRWIN.nc,-18.553939819335938,53.59724807739258,2024-01-14T01:53:36.000000000
sh052024,IRWIN,s1a-ew-owi-cm-20240115t144437-20240115t144641-000003-064CAE_ll_gd_GEO-IRWIN.nc,-21.44683265686035,56.457664489746094,2024-01-15T14:44:37.000000000
sh052024,WV,s1a-ew-owi-cm-20240116t013905-20240116t014008-000003-064CE7_ll_gd_GEO-WV.nc,-22.418174743652344,58.14789962768555,2024-01-16T01:39:05.000000000
sh052024,WV,rcm3-sclna-owi-cm-20240118t141428-20240118t141447-00003-______ll_gd_GEO-WV.nc,-23.787616729736328,65.46720123291016,2024-01-18T14:14:28.000000000
sh052024,WV,s1a-ew-owi-cm-20240115t144437-20240115t144641-000003-064CAE_ll_gd_GEO-WV.nc,-21.44683265686035,56.457664489746094,2024-01-15T14:44:37.000000000
sh052024,WV,s1a-ew-owi-cm-20240114t015336-20240114t015641-000003-064BE1_ll_gd_GEO-WV.nc,-18.553939819335938,53.59724807739258,2024-01-14T01:53:36.000000000
io022022,IRWIN,s1a-iw-owi-cm-20220510t002224-20220510t002319-000003-052704_ll_gd_GEO-IRWIN.nc,14.707919120788574,83.56380462646484,2022-05-10T00:22:24.000000000
ep112019,IRWIN,s1a-ew-owi-cm-20190904t133932-20190904t134121-000003-0345B8_ll_gd_GEO-IRWIN.nc,19.118749618530277,242.92971801757807,2019-09-04T13:39:32.000000000
ep112019,IRWIN,s1b-ew-owi-cm-20190906t141103-20190906t141249-000003-021B95_ll_gd_GEO-IRWIN.nc,22.82454490661621,236.283935546875,2019-09-06T14:11:03.000000000
wp192025,IRWIN,rcm3-sc50mc-owi-cm-20250824t223521-20250824t223630-00003-xxxxx_ll_gd_GEO-IRWIN.nc,18.264190673828125,107.5229263305664,2025-08-24T22:35:21.000000000
wp192025,IRWIN,rcm3-sc50ma-owi-cm-20250824t104108-20250824t104157-00003-xxxxx_ll_gd_GEO-IRWIN.nc,17.822425842285156,109.5177993774414,2025-08-24T10:41:08.000000000
wp192025,IRWIN,s1a-iw-owi-cm-20250824t105525-20250824t105824-000003-078CC7_ll_gd_GEO-IRWIN.nc,17.84418487548828,109.46090698242188,2025-08-24T10:55:25.000000000
wp052024,IRWIN,rcm1-sc50mb-owi-cm-20240721t094332-20240721t094449-00003-______ll_gd_GEO-IRWIN.nc,16.746145248413086,125.79051208496094,2024-07-21T09:43:32.000000000
wp052024,IRWIN,s1a-iw-owi-cm-20240725t100131-20240725t100246-000003-06B064_ll_gd_GEO-IRWIN.nc,25.471336364746094,119.5833740234375,2024-07-25T10:01:31.000000000
wp052024,IRWIN,rcm1-sc50mc-owi-cm-20240720t093459-20240720t093617-00003-______ll_gd_GEO-IRWIN.nc,16.005977630615234,127.7175521850586,2024-07-20T09:34:59.000000000
wp052024,IRWIN,rcm1-sc50ma-owi-cm-20240721t213829-20240721t213945-00003-______ll_gd_GEO-IRWIN.nc,17.471546173095703,125.827880859375,2024-07-21T21:38:29.000000000
wp052024,IRWIN,rcm1-sc50mc-owi-cm-20240722t095153-20240722t095311-00003-______ll_gd_GEO-IRWIN.nc,18.335018157958984,125.37224578857422,2024-07-22T09:51:53.000000000
wp052024,WV,rcm1-sc50ma-owi-cm-20240721t213829-20240721t213945-00003-______ll_gd_GEO-WV.nc,17.471534729003906,125.827880859375,2024-07-21T21:38:29.000000000
wp052024,WV,s1a-iw-owi-cm-20240725t100131-20240725t100246-000003-06B064_ll_gd_GEO-WV.nc,25.47132682800293,119.58338165283205,2024-07-25T10:01:31.000000000
wp052024,WV,rcm1-sc50mb-owi-cm-20240721t094332-20240721t094449-00003-______ll_gd_GEO-WV.nc,16.746143341064453,125.79051208496094,2024-07-21T09:43:32.000000000
wp052024,WV,rcm1-sc50mc-owi-cm-20240722t095153-20240722t095311-00003-______ll_gd_GEO-WV.nc,18.335010528564453,125.37224578857422,2024-07-22T09:51:53.000000000
wp052024,WV,rcm1-sc50mc-owi-cm-20240720t093459-20240720t093617-00003-______ll_gd_GEO-WV.nc,16.005970001220703,127.7175750732422,2024-07-20T09:34:59.000000000
al182024,IRWIN,rcm2-sclnc-owi-cm-20241104t232437-20241104t232553-00003-______ll_gd_GEO-IRWIN.nc,15.721809387207031,283.1676025390625,2024-11-04T23:24:37.000000000
al182024,IRWIN,rcm2-sclnb-owi-cm-20241107t235027-20241107t235144-00003-______ll_gd_GEO-IRWIN.nc,24.6020622253418,273.4134216308594,2024-11-07T23:50:27.000000000
al182024,IRWIN,rcm2-sclnd-owi-cm-20241109t114945-20241109t115105-00003-______ll_gd_GEO-IRWIN.nc,24.996437072753903,268.8067626953125,2024-11-09T11:49:45.000000000
al182024,IRWIN,rcm2-sclnc-owi-cm-20241105t233306-20241105t233329-00003-______ll_gd_GEO-IRWIN.nc,19.34680938720703,280.064697265625,2024-11-05T23:33:06.000000000
al182024,IRWIN,rcm2-sclnc-owi-cm-20241105t233340-20241105t233423-00003-______ll_gd_GEO-IRWIN.nc,19.34680938720703,280.064697265625,2024-11-05T23:33:40.000000000
al182024,IRWIN,s1a-ew-owi-cm-20241106t234334-20241106t234437-000003-06EAB8_ll_gd_GEO-IRWIN.nc,23.068744659423828,276.8458251953125,2024-11-06T23:43:34.000000000
al182024,IRWIN,rcm2-sclna-owi-cm-20241105t111908-20241105t112023-00003-______ll_gd_GEO-IRWIN.nc,17.40675163269043,281.7709655761719,2024-11-05T11:19:08.000000000
al182024,IRWIN,rcm2-sc50ma-owi-cm-20241106t112631-20241106t112723-00003-______ll_gd_GEO-IRWIN.nc,20.936466217041016,278.4471740722656,2024-11-06T11:26:31.000000000
al182024,IRWIN,s1a-iw-owi-cm-20241110t000941-20241110t001035-000003-06EC79_ll_gd_GEO-IRWIN.nc,25.612815856933597,268.2909545898437,2024-11-10T00:09:41.000000000
al182024,IRWIN,rcm2-sclna-owi-cm-20241108t235824-20241109t000004-00003-______ll_gd_GEO-IRWIN.nc,24.699024200439453,270.309326171875,2024-11-08T23:58:24.000000000
al182024,IRWIN,rcm2-sclnc-owi-cm-20241106t234158-20241106t234314-00003-______ll_gd_GEO-IRWIN.nc,23.068744659423828,276.8458251953125,2024-11-06T23:41:58.000000000
al182024,IRWIN,rcm2-sclnd-owi-cm-20241110t115734-20241110t115838-00003-______ll_gd_GEO-IRWIN.nc,26.098562240600582,268.0975341796875,2024-11-10T11:57:34.000000000
al182024,IRWIN,rcm2-sclnc-owi-cm-20241107t113410-20241107t113444-00003-______ll_gd_GEO-IRWIN.nc,24.27147102355957,275.1548156738281,2024-11-07T11:34:10.000000000
al182024,WV,rcm2-sc50ma-owi-cm-20241106t112631-20241106t112723-00003-______ll_gd_GEO-WV.nc,20.938182830810547,278.44598388671875,2024-11-06T11:26:31.000000000
al182024,WV,rcm2-sclnc-owi-cm-20241107t113410-20241107t113444-00003-______ll_gd_GEO-WV.nc,24.27195167541504,275.15435791015625,2024-11-07T11:34:10.000000000
al182024,WV,rcm2-sclna-owi-cm-20241108t235824-20241109t000004-00003-______ll_gd_GEO-WV.nc,24.69902229309082,270.3093566894531,2024-11-08T23:58:24.000000000
al182024,WV,rcm2-sclnc-owi-cm-20241105t233340-20241105t233423-00003-______ll_gd_GEO-WV.nc,19.34691619873047,280.06463623046875,2024-11-05T23:33:40.000000000
al182024,WV,rcm2-sclnc-owi-cm-20241106t234158-20241106t234314-00003-______ll_gd_GEO-WV.nc,23.072677612304688,276.8419494628906,2024-11-06T23:41:58.000000000
al182024,WV,s1a-ew-owi-cm-20241106t234334-20241106t234437-000003-06EAB8_ll_gd_GEO-WV.nc,23.072677612304688,276.8419494628906,2024-11-06T23:43:34.000000000
al182024,WV,rcm2-sclnc-owi-cm-20241105t233306-20241105t233329-00003-______ll_gd_GEO-WV.nc,19.34691619873047,280.06463623046875,2024-11-05T23:33:06.000000000
al182024,WV,s1a-iw-owi-cm-20241110t000941-20241110t001035-000003-06EC79_ll_gd_GEO-WV.nc,25.612808227539062,268.2909545898437,2024-11-10T00:09:41.000000000
al182024,WV,rcm2-sclnd-owi-cm-20241109t114945-20241109t115105-00003-______ll_gd_GEO-WV.nc,24.996431350708008,268.8067626953125,2024-11-09T11:49:45.000000000
al182024,WV,rcm2-sclnd-owi-cm-20241110t115734-20241110t115838-00003-______ll_gd_GEO-WV.nc,26.09855842590332,268.0975341796875,2024-11-10T11:57:34.000000000
al182024,WV,rcm2-sclnc-owi-cm-20241104t232437-20241104t232553-00003-______ll_gd_GEO-WV.nc,15.72179126739502,283.1676025390625,2024-11-04T23:24:37.000000000
al182024,WV,rcm2-sclna-owi-cm-20241105t111908-20241105t112023-00003-______ll_gd_GEO-WV.nc,17.406740188598633,281.77099609375,2024-11-05T11:19:08.000000000
al182024,WV,rcm2-sclnb-owi-cm-20241107t235027-20241107t235144-00003-______ll_gd_GEO-WV.nc,24.60207176208496,273.4134521484375,2024-11-07T23:50:27.000000000
sh232022,IRWIN,rs2-scwa-owi-cm-20220407t182127-20220407t182351-00003-______ll_gd_GEO-IRWIN.nc,-24.75153350830078,165.24073791503906,2022-04-07T18:21:27.000000000
al162021,IRWIN,s1b-iw-owi-cm-20210920t095734-20210920t095828-000003-036F42_ll_gd_GEO-IRWIN.nc,19.064916610717773,300.2857360839844,2021-09-20T09:57:34.000000000
wp162025,IRWIN,rcm3-sclnd-owi-cm-20250809t203351-20250809t203503-00003-xxxxx_ll_gd_GEO-IRWIN.nc,21.526763916015625,139.59979248046875,2025-08-09T20:33:51.000000000
wp162025,IRWIN,rcm3-sclnb-owi-cm-20250809t084047-20250809t084159-00003-xxxxx_ll_gd_GEO-IRWIN.nc,21.6259765625,141.6372833251953,2025-08-09T08:40:47.000000000
wp162025,IRWIN,rcm3-sclnd-owi-cm-20250808t083222-20250808t083332-00003-xxxxx_ll_gd_GEO-IRWIN.nc,20.63774871826172,144.77781677246094,2025-08-08T08:32:22.000000000
wp162025,IRWIN,rcm3-sclna-owi-cm-20250810t084914-20250810t085023-00003-xxxxx_ll_gd_GEO-IRWIN.nc,21.50449752807617,136.7335968017578,2025-08-10T08:49:14.000000000
wp162025,IRWIN,rcm2-sc50ma-owi-cm-20250812t093708-20250812t093818-00003-xxxxx_ll_gd_GEO-IRWIN.nc,21.482120513916016,125.5491943359375,2025-08-12T09:37:08.000000000
wp162025,IRWIN,rcm2-sc50ma-owi-cm-20250811t212135-20250811t212248-00003-xxxxx_ll_gd_GEO-IRWIN.nc,20.73980712890625,128.75701904296875,2025-08-11T21:21:35.000000000
wp162025,IRWIN,rcm2-sc50mc-owi-cm-20250811t092853-20250811t093003-00003-xxxxx_ll_gd_GEO-IRWIN.nc,20.67400932312012,131.38523864746094,2025-08-11T09:28:53.000000000
wp162025,IRWIN,s1a-iw-owi-cm-20250813t100051-20250813t100235-000003-078677_ll_gd_GEO-IRWIN.nc,23.22122573852539,119.4161376953125,2025-08-13T10:00:51.000000000
wp162025,IRWIN,rcm3-sclna-owi-cm-20250808t202547-20250808t202656-00003-xxxxx_ll_gd_GEO-IRWIN.nc,21.23188781738281,143.13296508789062,2025-08-08T20:25:47.000000000
wp122024,IRWIN,rcm2-sc50mc-owi-cm-20240903t101625-20240903t101743-00003-______ll_gd_GEO-IRWIN.nc,18.64311790466309,118.94953918457033,2024-09-03T10:16:25.000000000
wp122024,IRWIN,rcm2-sclnd-owi-cm-20240902t100730-20240902t100847-00003-______ll_gd_GEO-IRWIN.nc,17.195573806762695,121.90628051757812,2024-09-02T10:07:30.000000000
wp122024,IRWIN,rcm2-sc50mc-owi-cm-20240904t102430-20240904t102548-00003-______ll_gd_GEO-IRWIN.nc,19.167457580566406,117.0612564086914,2024-09-04T10:24:30.000000000
wp122024,IRWIN,rcm2-sc50ma-owi-cm-20240903t221026-20240903t221142-00003-______ll_gd_GEO-IRWIN.nc,19.059024810791016,117.90935516357422,2024-09-03T22:10:26.000000000
wp122024,IRWIN,rcm2-sc50mb-owi-cm-20240906t104103-20240906t104220-00003-______ll_gd_GEO-IRWIN.nc,19.949594497680664,110.47795867919922,2024-09-06T10:41:03.000000000
wp122024,IRWIN,rcm2-sc50ma-owi-cm-20240904t221832-20240904t221941-00003-______ll_gd_GEO-IRWIN.nc,19.02845764160156,115.9399871826172,2024-09-04T22:18:32.000000000
wp122024,IRWIN,rcm2-sc50mc-owi-cm-20240905t103247-20240905t103359-00003-______ll_gd_GEO-IRWIN.nc,19.298906326293945,114.36334991455078,2024-09-05T10:32:47.000000000
wp122024,IRWIN,rcm2-sc50ma-owi-cm-20240907t104923-20240907t105038-00003-______ll_gd_GEO-IRWIN.nc,20.99764633178711,106.21317291259766,2024-09-07T10:49:23.000000000
wp122024,IRWIN,rcm2-sc50mc-owi-cm-20240907t224213-20240907t224329-00003-______ll_gd_GEO-IRWIN.nc,21.45592498779297,104.10488891601562,2024-09-07T22:42:13.000000000
wp122024,IRWIN,s1a-ew-owi-cm-20240904t221810-20240904t221913-000003-06C64F_ll_gd_GEO-IRWIN.nc,19.02845764160156,115.9399871826172,2024-09-04T22:18:10.000000000
wp122024,IRWIN,rcm2-sc50ma-owi-cm-20240905t222628-20240905t222744-00003-______ll_gd_GEO-IRWIN.nc,19.152889251708984,112.37254333496094,2024-09-05T22:26:28.000000000
wp122024,IRWIN,rcm2-sc50mc-owi-cm-20240906t223419-20240906t223537-00003-______ll_gd_GEO-IRWIN.nc,20.23185920715332,108.40076446533205,2024-09-06T22:34:19.000000000
wp122024,WV,rcm2-sc50mc-owi-cm-20240904t102430-20240904t102548-00003-______ll_gd_GEO-WV.nc,19.167455673217773,117.06126403808594,2024-09-04T10:24:30.000000000
wp122024,WV,rcm2-sc50ma-owi-cm-20240903t221026-20240903t221142-00003-______ll_gd_GEO-WV.nc,19.059022903442383,117.90936279296876,2024-09-03T22:10:26.000000000
wp122024,WV,rcm2-sc50mc-owi-cm-20240905t103247-20240905t103359-00003-______ll_gd_GEO-WV.nc,19.298906326293945,114.36336517333984,2024-09-05T10:32:47.000000000
wp122024,WV,rcm2-sc50ma-owi-cm-20240907t104923-20240907t105038-00003-______ll_gd_GEO-WV.nc,20.99764633178711,106.21318817138672,2024-09-07T10:49:23.000000000
wp122024,WV,rcm2-sc50mc-owi-cm-20240903t101625-20240903t101743-00003-______ll_gd_GEO-WV.nc,18.64311408996582,118.94953918457033,2024-09-03T10:16:25.000000000
wp122024,WV,rcm2-sc50ma-owi-cm-20240904t221832-20240904t221941-00003-______ll_gd_GEO-WV.nc,19.028459548950195,115.93999481201172,2024-09-04T22:18:32.000000000
wp122024,WV,rcm2-sc50ma-owi-cm-20240905t222628-20240905t222744-00003-______ll_gd_GEO-WV.nc,19.15288734436035,112.37255859375,2024-09-05T22:26:28.000000000
wp122024,WV,s1a-ew-owi-cm-20240904t221810-20240904t221913-000003-06C64F_ll_gd_GEO-WV.nc,19.028459548950195,115.93999481201172,2024-09-04T22:18:10.000000000
wp122024,WV,rcm2-sc50mb-owi-cm-20240906t104103-20240906t104220-00003-______ll_gd_GEO-WV.nc,19.9495906829834,110.4779815673828,2024-09-06T10:41:03.000000000
wp122024,WV,rcm2-sc50mc-owi-cm-20240906t223419-20240906t223537-00003-______ll_gd_GEO-WV.nc,20.231857299804688,108.4007797241211,2024-09-06T22:34:19.000000000
wp122024,WV,rcm2-sc50mc-owi-cm-20240907t224213-20240907t224329-00003-______ll_gd_GEO-WV.nc,21.455921173095703,104.10489654541016,2024-09-07T22:42:13.000000000
wp122024,WV,rcm2-sclnd-owi-cm-20240902t100730-20240902t100847-00003-______ll_gd_GEO-WV.nc,17.195556640625,121.90628814697266,2024-09-02T10:07:30.000000000
sh202019,IRWIN,s1b-ew-owi-cm-20190321t201403-20190321t201625-000003-01CF41_ll_gd_GEO-IRWIN.nc,-14.13210391998291,140.07467651367188,2019-03-21T20:14:03.000000000
sh202019,IRWIN,s1a-iw-owi-cm-20190319t085334-20190319t085428-000003-02F46F_ll_gd_GEO-IRWIN.nc,-12.988971710205078,143.40216064453125,2019-03-19T08:53:34.000000000
sh072023,IRWIN,s1a-iw-owi-cm-20230106t192011-20230106t192105-000003-0597F6_ll_gd_GEO-IRWIN.nc,-19.98613739013672,153.44140625,2023-01-06T19:20:11.000000000
al102024,IRWIN,rcm2-sclnc-owi-cm-20240929t201825-20240929t201938-00003-______ll_gd_GEO-IRWIN.nc,43.889259338378906,325.35528564453125,2024-09-29T20:18:25.000000000
al102024,IRWIN,rcm3-sc50mc-owi-cm-20240928t084849-20240928t085005-00003-______ll_gd_GEO-IRWIN.nc,39.23657989501953,318.6879577636719,2024-09-28T08:48:49.000000000
al102024,IRWIN,rcm2-sc50mc-owi-cm-20240926t212953-20240926t213008-00003-______ll_gd_GEO-IRWIN.nc,37.25359725952149,309.4745483398437,2024-09-26T21:29:53.000000000
al102024,IRWIN,rcm1-sclnd-owi-cm-20240929t082338-20240929t082454-00003-______ll_gd_GEO-IRWIN.nc,42.57634735107422,323.3565368652344,2024-09-29T08:23:38.000000000
al102024,IRWIN,rcm1-sc50mb-owi-cm-20240926t093747-20240926t093901-00003-______ll_gd_GEO-IRWIN.nc,37.15711212158203,307.2886657714844,2024-09-26T09:37:47.000000000
al102024,IRWIN,rcm1-sclnd-owi-cm-20240928t204130-20240928t204248-00003-______ll_gd_GEO-IRWIN.nc,41.017723083496094,321.4144287109375,2024-09-28T20:41:30.000000000
al102024,IRWIN,rcm2-sclnd-owi-cm-20240930t080008-20240930t080023-00003-______ll_gd_GEO-IRWIN.nc,44.49935531616211,328.6517333984375,2024-09-30T08:00:08.000000000
al102024,IRWIN,rcm2-sc50mc-owi-cm-20240926t212844-20240926t212944-00003-______ll_gd_GEO-IRWIN.nc,37.25359725952149,309.4745483398437,2024-09-26T21:28:44.000000000
al102024,IRWIN,rcm2-sc50mb-owi-cm-20240927t091316-20240927t091432-00003-______ll_gd_GEO-IRWIN.nc,37.06117630004883,311.623291015625,2024-09-27T09:13:16.000000000
al102024,WV,rcm1-sc50mb-owi-cm-20240926t093747-20240926t093901-00003-______ll_gd_GEO-WV.nc,37.15711212158203,307.2886657714844,2024-09-26T09:37:47.000000000
al102024,WV,rcm1-sclnd-owi-cm-20240928t204130-20240928t204248-00003-______ll_gd_GEO-WV.nc,41.017704010009766,321.4143981933594,2024-09-28T20:41:30.000000000
al102024,WV,rcm2-sclnc-owi-cm-20240929t201825-20240929t201938-00003-______ll_gd_GEO-WV.nc,43.889259338378906,325.35528564453125,2024-09-29T20:18:25.000000000
al102024,WV,rcm2-sc50mb-owi-cm-20240927t091316-20240927t091432-00003-______ll_gd_GEO-WV.nc,37.06117630004883,311.6232604980469,2024-09-27T09:13:16.000000000
al102024,WV,rcm2-sc50mc-owi-cm-20240926t212953-20240926t213008-00003-______ll_gd_GEO-WV.nc,37.25359725952149,309.4745178222656,2024-09-26T21:29:53.000000000
al102024,WV,rcm3-sc50mc-owi-cm-20240928t084849-20240928t085005-00003-______ll_gd_GEO-WV.nc,39.23655700683594,318.6879272460937,2024-09-28T08:48:49.000000000
al102024,WV,rcm2-sc50mc-owi-cm-20240926t212844-20240926t212944-00003-______ll_gd_GEO-WV.nc,37.25359725952149,309.4745178222656,2024-09-26T21:28:44.000000000
al102024,WV,rcm1-sclnd-owi-cm-20240929t082338-20240929t082454-00003-______ll_gd_GEO-WV.nc,42.57634735107422,323.3565368652344,2024-09-29T08:23:38.000000000
al102024,WV,rcm2-sclnd-owi-cm-20240930t080008-20240930t080023-00003-______ll_gd_GEO-WV.nc,44.49935531616211,328.6517333984375,2024-09-30T08:00:08.000000000
sh062024,IRWIN,rcm3-sclnd-owi-cm-20240117t230713-20240117t230829-00003-______ll_gd_GEO-IRWIN.nc,-11.162579536437988,93.91415405273438,2024-01-17T23:07:13.000000000
sh062024,IRWIN,rcm1-sclna-owi-cm-20240117t120051-20240117t120206-00003-______ll_gd_GEO-IRWIN.nc,-10.40816593170166,94.00045013427734,2024-01-17T12:00:51.000000000
sh062024,IRWIN,rcm1-sclnd-owi-cm-20240126t234903-20240126t235020-00003-______ll_gd_GEO-IRWIN.nc,-18.691307067871094,83.12517547607422,2024-01-26T23:49:03.000000000
sh062024,IRWIN,rcm1-sclna-owi-cm-20240116t115315-20240116t115430-00003-______ll_gd_GEO-IRWIN.nc,-9.599573135375977,93.99665832519533,2024-01-16T11:53:15.000000000
sh062024,IRWIN,rcm2-sclna-owi-cm-20240116t233028-20240116t233141-00003-______ll_gd_GEO-IRWIN.nc,-9.780721664428713,94.11019134521484,2024-01-16T23:30:28.000000000
sh062024,IRWIN,rcm1-sclnc-owi-cm-20240125t234033-20240125t234148-00003-______ll_gd_GEO-IRWIN.nc,-16.273557662963867,87.55358123779297,2024-01-25T23:40:33.000000000
sh062024,IRWIN,rcm3-sclnd-owi-cm-20240118t231535-20240118t231650-00003-______ll_gd_GEO-IRWIN.nc,-12.387055397033691,93.32219696044922,2024-01-18T23:15:35.000000000
sh062024,IRWIN,rcm1-sclnb-owi-cm-20240130t134018-20240130t134136-00003-______ll_gd_GEO-IRWIN.nc,-30.23285484313965,74.93362426757812,2024-01-30T13:40:18.000000000
sh062024,IRWIN,rcm2-sclna-owi-cm-20240123t121633-20240123t121747-00003-______ll_gd_GEO-IRWIN.nc,-13.318068504333496,91.5980224609375,2024-01-23T12:16:33.000000000
sh062024,IRWIN,rcm1-sclna-owi-cm-20240128t132621-20240128t132745-00003-______ll_gd_GEO-IRWIN.nc,-21.14495658874512,74.42806243896484,2024-01-28T13:26:21.000000000
sh062024,IRWIN,rcm3-sclnc-owi-cm-20240119t232344-20240119t232459-00003-______ll_gd_GEO-IRWIN.nc,-12.408597946166992,92.78334045410156,2024-01-19T23:23:44.000000000
sh062024,IRWIN,s1a-ew-owi-cm-20240129t004139-20240129t004242-000003-065341_ll_gd_GEO-IRWIN.nc,-22.806835174560547,71.79439544677734,2024-01-29T00:41:39.000000000
sh062024,IRWIN,rcm1-sclnc-owi-cm-20240119t121614-20240119t121730-00003-______ll_gd_GEO-IRWIN.nc,-12.605385780334473,92.6800308227539,2024-01-19T12:16:14.000000000
sh062024,IRWIN,rcm3-sclna-owi-cm-20240120t233138-20240120t233253-00003-______ll_gd_GEO-IRWIN.nc,-12.114028930664062,92.40474700927734,2024-01-20T23:31:38.000000000
sh062024,IRWIN,rcm2-sclna-owi-cm-20240126t123925-20240126t124041-00003-______ll_gd_GEO-IRWIN.nc,-17.567733764648438,85.18350982666016,2024-01-26T12:39:25.000000000
sh062024,IRWIN,rcm1-sclnc-owi-cm-20240124t233200-20240124t233318-00003-______ll_gd_GEO-IRWIN.nc,-14.681840896606444,90.83890533447266,2024-01-24T23:32:00.000000000
sh062024,IRWIN,rcm1-sclnb-owi-cm-20240118t120827-20240118t120942-00003-______ll_gd_GEO-IRWIN.nc,-11.913626670837402,93.6926040649414,2024-01-18T12:08:27.000000000
sh062024,IRWIN,rcm3-sclnb-owi-cm-20240129t003841-20240129t004005-00003-______ll_gd_GEO-IRWIN.nc,-22.806835174560547,71.79439544677734,2024-01-29T00:38:41.000000000
sh062024,IRWIN,rcm1-sclnd-owi-cm-20240127t131842-20240127t131957-00003-______ll_gd_GEO-IRWIN.nc,-19.3403377532959,80.31963348388672,2024-01-27T13:18:42.000000000
sh062024,IRWIN,rcm3-sclna-owi-cm-20240130t004749-20240130t004913-00003-______ll_gd_GEO-IRWIN.nc,-28.193544387817383,71.83492279052734,2024-01-30T00:47:49.000000000
sh062024,IRWIN,s1a-ew-owi-cm-20240127t130641-20240127t130744-000003-06528A_ll_gd_GEO-IRWIN.nc,-19.333724975585938,80.36954498291016,2024-01-27T13:06:41.000000000
sh062024,IRWIN,rcm1-sclnd-owi-cm-20240120t122410-20240120t122527-00003-______ll_gd_GEO-IRWIN.nc,-12.392836570739746,92.49462127685548,2024-01-20T12:24:10.000000000
sh062024,IRWIN,rcm2-sclnc-owi-cm-20240125t123143-20240125t123259-00003-______ll_gd_GEO-IRWIN.nc,-15.550087928771973,89.21012878417969,2024-01-25T12:31:43.000000000
sh062024,WV,rcm1-sclnc-owi-cm-20240124t233200-20240124t233318-00003-______ll_gd_GEO-WV.nc,-14.681840896606444,90.83890533447266,2024-01-24T23:32:00.000000000
sh062024,WV,rcm1-sclnb-owi-cm-20240118t120827-20240118t120942-00003-______ll_gd_GEO-WV.nc,-11.913622856140137,93.6926040649414,2024-01-18T12:08:27.000000000
sh062024,WV,rcm2-sclnc-owi-cm-20240125t123143-20240125t123259-00003-______ll_gd_GEO-WV.nc,-15.550087928771973,89.21012878417969,2024-01-25T12:31:43.000000000
sh062024,WV,rcm3-sclnd-owi-cm-20240118t231535-20240118t231650-00003-______ll_gd_GEO-WV.nc,-12.387052536010742,93.32220458984376,2024-01-18T23:15:35.000000000
sh062024,WV,s1a-ew-owi-cm-20240129t004139-20240129t004242-000003-065341_ll_gd_GEO-WV.nc,-22.806835174560547,71.79439544677734,2024-01-29T00:41:39.000000000
sh062024,WV,rcm1-sclnc-owi-cm-20240119t121614-20240119t121730-00003-______ll_gd_GEO-WV.nc,-12.605385780334473,92.6800308227539,2024-01-19T12:16:14.000000000
sh062024,WV,rcm1-sclnc-owi-cm-20240125t234033-20240125t234148-00003-______ll_gd_GEO-WV.nc,-16.273557662963867,87.55358123779297,2024-01-25T23:40:33.000000000
sh062024,WV,rcm3-sclna-owi-cm-20240120t233138-20240120t233253-00003-______ll_gd_GEO-WV.nc,-12.114028930664062,92.40474700927734,2024-01-20T23:31:38.000000000
sh062024,WV,rcm3-sclnd-owi-cm-20240117t230713-20240117t230829-00003-______ll_gd_GEO-WV.nc,-11.162575721740724,93.91415405273438,2024-01-17T23:07:13.000000000
sh062024,WV,s1a-ew-owi-cm-20240127t130641-20240127t130744-000003-06528A_ll_gd_GEO-WV.nc,-19.333724975585938,80.36954498291016,2024-01-27T13:06:41.000000000
sh062024,WV,rcm2-sclna-owi-cm-20240123t121633-20240123t121747-00003-______ll_gd_GEO-WV.nc,-13.318068504333496,91.5980224609375,2024-01-23T12:16:33.000000000
sh062024,WV,rcm3-sclnb-owi-cm-20240129t003841-20240129t004005-00003-______ll_gd_GEO-WV.nc,-22.806835174560547,71.79439544677734,2024-01-29T00:38:41.000000000
sh062024,WV,rcm2-sclna-owi-cm-20240126t123925-20240126t124041-00003-______ll_gd_GEO-WV.nc,-17.567733764648438,85.18350982666016,2024-01-26T12:39:25.000000000
sh062024,WV,rcm1-sclnd-owi-cm-20240126t234903-20240126t235020-00003-______ll_gd_GEO-WV.nc,-18.691307067871094,83.12517547607422,2024-01-26T23:49:03.000000000
sh062024,WV,rcm2-sclna-owi-cm-20240116t233028-20240116t233141-00003-______ll_gd_GEO-WV.nc,-9.780716896057127,94.11019134521484,2024-01-16T23:30:28.000000000
sh062024,WV,rcm1-sclna-owi-cm-20240128t132621-20240128t132745-00003-______ll_gd_GEO-WV.nc,-21.14495658874512,74.42806243896484,2024-01-28T13:26:21.000000000
sh062024,WV,rcm1-sclna-owi-cm-20240117t120051-20240117t120206-00003-______ll_gd_GEO-WV.nc,-10.408158302307127,94.00045013427734,2024-01-17T12:00:51.000000000
sh062024,WV,rcm1-sclnd-owi-cm-20240127t131842-20240127t131957-00003-______ll_gd_GEO-WV.nc,-19.3403377532959,80.31963348388672,2024-01-27T13:18:42.000000000
sh062024,WV,rcm1-sclnb-owi-cm-20240130t134018-20240130t134136-00003-______ll_gd_GEO-WV.nc,-30.23285484313965,74.93362426757812,2024-01-30T13:40:18.000000000
sh062024,WV,rcm3-sclna-owi-cm-20240130t004749-20240130t004913-00003-______ll_gd_GEO-WV.nc,-28.193544387817383,71.83492279052734,2024-01-30T00:47:49.000000000
sh062024,WV,rcm1-sclna-owi-cm-20240116t115315-20240116t115430-00003-______ll_gd_GEO-WV.nc,-9.59957218170166,93.99665069580078,2024-01-16T11:53:15.000000000
sh062024,WV,rcm3-sclnc-owi-cm-20240119t232344-20240119t232459-00003-______ll_gd_GEO-WV.nc,-12.408597946166992,92.78334045410156,2024-01-19T23:23:44.000000000
sh062024,WV,rcm1-sclnd-owi-cm-20240120t122410-20240120t122527-00003-______ll_gd_GEO-WV.nc,-12.392836570739746,92.49462127685548,2024-01-20T12:24:10.000000000
al192020,IRWIN,s1a-iw-owi-cm-20200916t234547-20200916t234706-000003-03FFE0_ll_gd_GEO-IRWIN.nc,31.593280792236328,273.2926330566406,2020-09-16T23:45:47.000000000
al192020,IRWIN,s1b-iw-owi-cm-20200916t115703-20200916t115822-000003-02C735_ll_gd_GEO-IRWIN.nc,30.49264907836914,272.3961181640625,2020-09-16T11:57:03.000000000
al192020,IRWIN,s1b-iw-owi-cm-20200915t235233-20200915t235417-000003-02C6F9_ll_gd_GEO-IRWIN.nc,29.59675025939941,271.9989929199219,2020-09-15T23:52:33.000000000
wp102025,IRWIN,rcm3-sc50ma-owi-cm-20250723t212916-20250723t213026-00003-xxxxx_ll_gd_GEO-IRWIN.nc,23.593605041503903,128.1517791748047,2025-07-23T21:29:16.000000000
wp102025,IRWIN,rcm3-sc50mc-owi-cm-20250723t093712-20250723t093823-00003-xxxxx_ll_gd_GEO-IRWIN.nc,21.714975357055664,129.27867126464844,2025-07-23T09:37:12.000000000
wp102025,IRWIN,rcm3-sc50mc-owi-cm-20250724t094557-20250724t094710-00003-xxxxx_ll_gd_GEO-IRWIN.nc,25.756649017333984,127.4946517944336,2025-07-24T09:45:57.000000000
sh182019,IRWIN,s1b-iw-owi-cm-20190314t160552-20190314t160801-000003-01CBEE_ll_gd_GEO-IRWIN.nc,-19.824434280395508,35.850772857666016,2019-03-14T16:05:52.000000000
sh182019,IRWIN,s1a-ew-owi-cm-20190311t024310-20190311t024514-000003-02F003_ll_gd_GEO-IRWIN.nc,-17.29512596130371,43.00751495361328,2019-03-11T02:43:10.000000000
sh182019,IRWIN,s1a-iw-owi-cm-20190314t030815-20190314t030955-000003-02F196_ll_gd_GEO-IRWIN.nc,-19.756031036376957,37.55133056640625,2019-03-14T03:08:15.000000000
al172023,IRWIN,rcm3-sclna-owi-cm-20230927t093415-20230927t093529-00003-______ll_gd_GEO-IRWIN.nc,17.448400497436523,307.2820129394531,2023-09-27T09:34:15.000000000
al172023,IRWIN,rcm1-sclnd-owi-cm-20230926t085416-20230926t085533-00003-______ll_gd_GEO-IRWIN.nc,17.4846248626709,310.9097900390625,2023-09-26T08:54:16.000000000
al172023,IRWIN,rcm1-sclnd-owi-cm-20231005t100501-20231005t100618-00003-______ll_gd_GEO-IRWIN.nc,24.720033645629883,293.6981811523437,2023-10-05T10:05:01.000000000
al172023,IRWIN,rcm1-sclnd-owi-cm-20231003t095020-20231003t095136-00003-______ll_gd_GEO-IRWIN.nc,18.43691062927246,296.71075439453125,2023-10-03T09:50:20.000000000
al172023,IRWIN,rcm3-sclnd-owi-cm-20230925t213139-20230925t213256-00003-______ll_gd_GEO-IRWIN.nc,17.27402114868164,313.12408447265625,2023-09-25T21:31:39.000000000
al172023,IRWIN,rcm1-sclnd-owi-cm-20230925t084642-20230925t084800-00003-______ll_gd_GEO-IRWIN.nc,17.121105194091797,315.760986328125,2023-09-25T08:46:42.000000000
al172023,IRWIN,s1a-iw-owi-cm-20231003t100627-20231003t100742-000003-06187A_ll_gd_GEO-IRWIN.nc,18.462594985961918,296.66119384765625,2023-10-03T10:06:27.000000000
al172023,IRWIN,rcm3-sclnd-owi-cm-20230926t214017-20230926t214132-00003-______ll_gd_GEO-IRWIN.nc,17.12222671508789,308.67364501953125,2023-09-26T21:40:17.000000000
al172023,IRWIN,rcm1-sc50mc-owi-cm-20231006t101117-20231006t101235-00003-______ll_gd_GEO-IRWIN.nc,29.472362518310547,295.5259094238281,2023-10-06T10:11:17.000000000
al172023,IRWIN,s1a-ew-owi-cm-20231005t222235-20231005t222338-000003-0619B2_ll_gd_GEO-IRWIN.nc,27.2973690032959,293.9669494628906,2023-10-05T22:22:35.000000000
al172023,IRWIN,rcm1-sclnd-owi-cm-20230930t092627-20230930t092742-00003-______ll_gd_GEO-IRWIN.nc,16.963125228881836,304.0946655273437,2023-09-30T09:26:27.000000000
al172023,IRWIN,rcm1-sclnc-owi-cm-20231001t093438-20231001t093554-00003-______ll_gd_GEO-IRWIN.nc,15.981249809265137,301.9270935058594,2023-10-01T09:34:38.000000000
al172023,IRWIN,rcm1-sc50mb-owi-cm-20231005t222218-20231005t222336-00003-______ll_gd_GEO-IRWIN.nc,27.2973690032959,293.9669494628906,2023-10-05T22:22:18.000000000
al172023,IRWIN,rcm3-sclna-owi-cm-20230928t094209-20230928t094323-00003-______ll_gd_GEO-IRWIN.nc,18.66505622863769,305.3724975585937,2023-09-28T09:42:09.000000000
al172023,IRWIN,s1a-ew-owi-cm-20231006t102739-20231006t102842-000003-0619EF_ll_gd_GEO-IRWIN.nc,29.533885955810547,295.6396789550781,2023-10-06T10:27:39.000000000
al172023,IRWIN,rcm3-sclnd-owi-cm-20230927t214850-20230927t215005-00003-______ll_gd_GEO-IRWIN.nc,17.988313674926758,305.86785888671875,2023-09-27T21:48:50.000000000
wp062024,IRWIN,rcm2-sc50ma-owi-cm-20240809t202123-20240809t202304-00003-______ll_gd_GEO-IRWIN.nc,34.3779182434082,145.80572509765625,2024-08-09T20:21:23.000000000
wp062024,IRWIN,rcm2-sc50mb-owi-cm-20240811t203656-20240811t203813-00003-______ll_gd_GEO-IRWIN.nc,38.65106201171875,142.29803466796875,2024-08-11T20:36:56.000000000
wp062024,IRWIN,rcm3-sc50ma-owi-cm-20240811t082101-20240811t082218-00003-______ll_gd_GEO-IRWIN.nc,37.641231536865234,143.67514038085938,2024-08-11T08:21:01.000000000
wp062024,IRWIN,rcm2-sc50mc-owi-cm-20240808t201447-20240808t201604-00003-______ll_gd_GEO-IRWIN.nc,30.18594741821289,145.6666717529297,2024-08-08T20:14:47.000000000
wp062024,IRWIN,rcm2-sclnd-owi-cm-20240807t200752-20240807t200910-00003-______ll_gd_GEO-IRWIN.nc,25.83598518371582,143.3495635986328,2024-08-07T20:07:52.000000000
wp062024,IRWIN,rcm3-sc50ma-owi-cm-20240812t082941-20240812t083059-00003-______ll_gd_GEO-IRWIN.nc,39.95077133178711,139.4815216064453,2024-08-12T08:29:41.000000000
wp062024,IRWIN,rcm2-sc50ma-owi-cm-20240810t202815-20240810t202914-00003-______ll_gd_GEO-IRWIN.nc,37.077674865722656,144.8793487548828,2024-08-10T20:28:15.000000000
wp062024,IRWIN,rcm3-sc50ma-owi-cm-20240809t080355-20240809t080508-00003-______ll_gd_GEO-IRWIN.nc,32.361263275146484,145.96563720703125,2024-08-09T08:03:55.000000000
wp062024,IRWIN,rcm2-sc50mb-owi-cm-20240808t082628-20240808t082746-00003-______ll_gd_GEO-IRWIN.nc,28.32420921325684,144.95721435546875,2024-08-08T08:26:28.000000000
wp062024,IRWIN,rcm3-sc50ma-owi-cm-20240810t081241-20240810t081358-00003-______ll_gd_GEO-IRWIN.nc,35.810302734375,145.35890197753906,2024-08-10T08:12:41.000000000
wp062024,IRWIN,rcm2-sc50ma-owi-cm-20240810t202900-20240810t203018-00003-______ll_gd_GEO-IRWIN.nc,37.077674865722656,144.8793487548828,2024-08-10T20:29:00.000000000
wp062024,WV,rcm3-sc50ma-owi-cm-20240812t082941-20240812t083059-00003-______ll_gd_GEO-WV.nc,39.95076751708984,139.48153686523438,2024-08-12T08:29:41.000000000
wp062024,WV,rcm2-sc50ma-owi-cm-20240810t202900-20240810t203018-00003-______ll_gd_GEO-WV.nc,37.07766342163086,144.8793487548828,2024-08-10T20:29:00.000000000
wp062024,WV,rcm2-sc50ma-owi-cm-20240809t202123-20240809t202304-00003-______ll_gd_GEO-WV.nc,34.377899169921875,145.80572509765625,2024-08-09T20:21:23.000000000
wp062024,WV,rcm2-sc50mc-owi-cm-20240808t201447-20240808t201604-00003-______ll_gd_GEO-WV.nc,30.185930252075195,145.66665649414062,2024-08-08T20:14:47.000000000
wp062024,WV,rcm2-sclnd-owi-cm-20240807t200752-20240807t200910-00003-______ll_gd_GEO-WV.nc,25.835973739624023,143.34954833984375,2024-08-07T20:07:52.000000000
wp062024,WV,rcm2-sc50mb-owi-cm-20240808t082628-20240808t082746-00003-______ll_gd_GEO-WV.nc,28.324195861816406,144.95721435546875,2024-08-08T08:26:28.000000000
wp062024,WV,rcm2-sc50ma-owi-cm-20240810t202815-20240810t202914-00003-______ll_gd_GEO-WV.nc,37.07766342163086,144.8793487548828,2024-08-10T20:28:15.000000000
wp062024,WV,rcm3-sc50ma-owi-cm-20240809t080355-20240809t080508-00003-______ll_gd_GEO-WV.nc,32.36125564575195,145.96563720703125,2024-08-09T08:03:55.000000000
wp062024,WV,rcm3-sc50ma-owi-cm-20240810t081241-20240810t081358-00003-______ll_gd_GEO-WV.nc,35.8102912902832,145.35890197753906,2024-08-10T08:12:41.000000000
wp062024,WV,rcm3-sc50ma-owi-cm-20240811t082101-20240811t082218-00003-______ll_gd_GEO-WV.nc,37.641231536865234,143.67515563964844,2024-08-11T08:21:01.000000000
wp062024,WV,rcm2-sc50mb-owi-cm-20240811t203656-20240811t203813-00003-______ll_gd_GEO-WV.nc,38.65105438232422,142.2980499267578,2024-08-11T20:36:56.000000000
sh132024,IRWIN,rcm3-sclna-owi-cm-20240217t132801-20240217t132917-00003-______ll_gd_GEO-IRWIN.nc,-16.46453094482422,70.70346069335938,2024-02-17T13:28:01.000000000
sh132024,IRWIN,s1a-ew-owi-cm-20240218t132315-20240218t132419-000003-065D5C_ll_gd_GEO-IRWIN.nc,-20.13088035583496,78.89697265625,2024-02-18T13:23:15.000000000
sh132024,IRWIN,rcm2-sclna-owi-cm-20240219t123712-20240219t123829-00003-______ll_gd_GEO-IRWIN.nc,-27.54615974426269,88.63890075683594,2024-02-19T12:37:12.000000000
sh132024,WV,s1a-ew-owi-cm-20240218t132315-20240218t132419-000003-065D5C_ll_gd_GEO-WV.nc,-20.13088035583496,78.89697265625,2024-02-18T13:23:15.000000000
sh132024,WV,rcm3-sclna-owi-cm-20240217t132801-20240217t132917-00003-______ll_gd_GEO-WV.nc,-16.46453094482422,70.70346069335938,2024-02-17T13:28:01.000000000
sh132024,WV,rcm2-sclna-owi-cm-20240219t123712-20240219t123829-00003-______ll_gd_GEO-WV.nc,-27.54615974426269,88.63890075683594,2024-02-19T12:37:12.000000000
al192024,IRWIN,rcm1-sclnb-owi-cm-20241115t234801-20241115t234918-00003-______ll_gd_GEO-IRWIN.nc,16.099069595336914,273.8996887207031,2024-11-15T23:48:01.000000000
al192024,IRWIN,rcm1-sclna-owi-cm-20241115t113539-20241115t113654-00003-______ll_gd_GEO-IRWIN.nc,16.096494674682617,274.44146728515625,2024-11-15T11:35:39.000000000
al192024,IRWIN,rcm1-sclna-owi-cm-20241116t114344-20241116t114454-00003-______ll_gd_GEO-IRWIN.nc,16.198850631713867,273.6131286621094,2024-11-16T11:43:44.000000000
al192024,IRWIN,rcm1-sc50ma-owi-cm-20241114t234007-20241114t234124-00003-______ll_gd_GEO-IRWIN.nc,15.686823844909668,276.052734375,2024-11-14T23:40:07.000000000
al192024,IRWIN,rcm1-sclnc-owi-cm-20241116t235600-20241116t235717-00003-______ll_gd_GEO-IRWIN.nc,16.398862838745117,272.905029296875,2024-11-16T23:56:00.000000000
al192024,IRWIN,s1a-iw-owi-cm-20241116t235825-20241116t235940-000003-06F093_ll_gd_GEO-IRWIN.nc,16.398862838745117,272.905029296875,2024-11-16T23:58:25.000000000
al192024,WV,rcm1-sc50ma-owi-cm-20241114t234007-20241114t234124-00003-______ll_gd_GEO-WV.nc,15.680671691894531,276.0693359375,2024-11-14T23:40:07.000000000
al192024,WV,s1a-iw-owi-cm-20241116t235825-20241116t235940-000003-06F093_ll_gd_GEO-WV.nc,16.398860931396484,272.905029296875,2024-11-16T23:58:25.000000000
al192024,WV,rcm1-sclna-owi-cm-20241116t114344-20241116t114454-00003-______ll_gd_GEO-WV.nc,16.1988468170166,273.6131286621094,2024-11-16T11:43:44.000000000
al192024,WV,rcm1-sclnc-owi-cm-20241116t235600-20241116t235717-00003-______ll_gd_GEO-WV.nc,16.398860931396484,272.905029296875,2024-11-16T23:56:00.000000000
al192024,WV,rcm1-sclna-owi-cm-20241115t113539-20241115t113654-00003-______ll_gd_GEO-WV.nc,16.09539222717285,274.4449768066406,2024-11-15T11:35:39.000000000
al192024,WV,rcm1-sclnb-owi-cm-20241115t234801-20241115t234918-00003-______ll_gd_GEO-WV.nc,16.09905242919922,273.8997497558594,2024-11-15T23:48:01.000000000
wp132024,IRWIN,rcm1-sc50mc-owi-cm-20240906t080428-20240906t080547-00003-______ll_gd_GEO-IRWIN.nc,37.23196029663086,150.0753936767578,2024-09-06T08:04:28.000000000
wp132024,IRWIN,rcm3-sc50mb-owi-cm-20240905t201343-20240905t201442-00003-______ll_gd_GEO-IRWIN.nc,35.344608306884766,147.3062286376953,2024-09-05T20:13:43.000000000
wp132024,IRWIN,rcm3-sc50ma-owi-cm-20240907t071114-20240907t071213-00003-______ll_gd_GEO-IRWIN.nc,41.91082382202149,158.1951446533203,2024-09-07T07:11:14.000000000
wp132024,IRWIN,rcm1-sc50mc-owi-cm-20240906t194803-20240906t194922-00003-______ll_gd_GEO-IRWIN.nc,39.71915817260742,153.83184814453125,2024-09-06T19:48:03.000000000
wp132024,WV,rcm3-sc50mb-owi-cm-20240905t201343-20240905t201442-00003-______ll_gd_GEO-WV.nc,35.34459686279297,147.30621337890625,2024-09-05T20:13:43.000000000
wp132024,WV,rcm1-sc50mc-owi-cm-20240906t080428-20240906t080547-00003-______ll_gd_GEO-WV.nc,37.2319450378418,150.07537841796875,2024-09-06T08:04:28.000000000
wp132024,WV,rcm3-sc50ma-owi-cm-20240907t071114-20240907t071213-00003-______ll_gd_GEO-WV.nc,41.91080474853516,158.19509887695312,2024-09-07T07:11:14.000000000
wp132024,WV,rcm1-sc50mc-owi-cm-20240906t194803-20240906t194922-00003-______ll_gd_GEO-WV.nc,39.7191276550293,153.83181762695312,2024-09-06T19:48:03.000000000
sh012020,IRWIN,s1a-iw-owi-cm-20191126t071356-20191126t071511-000003-036F6F_ll_gd_GEO-IRWIN.nc,-14.102256774902344,169.66574096679688,2019-11-26T07:13:56.000000000
sh202024,IRWIN,rcm1-sclna-owi-cm-20240327t145655-20240327t145812-00003-______ll_gd_GEO-IRWIN.nc,-13.525853157043455,49.01206588745117,2024-03-27T14:56:55.000000000
sh202024,IRWIN,rcm3-sclnd-owi-cm-20240328t020502-20240328t020619-00003-______ll_gd_GEO-IRWIN.nc,-13.639942169189451,47.76613235473633,2024-03-28T02:05:02.000000000
sh202024,WV,rcm3-sclnd-owi-cm-20240328t020502-20240328t020619-00003-______ll_gd_GEO-WV.nc,-13.639942169189451,47.76613235473633,2024-03-28T02:05:02.000000000
sh202024,WV,rcm1-sclna-owi-cm-20240327t145655-20240327t145812-00003-______ll_gd_GEO-WV.nc,-13.525853157043455,49.01206588745117,2024-03-27T14:56:55.000000000
al042020,IRWIN,rcm1-sc50mc-owi-cm-20200623t100843-20200623t100939-00003-______ll_gd_GEO-IRWIN.nc,39.28538513183594,296.95672607421875,2020-06-23T10:08:43.000000000
al042020,IRWIN,rcm2-sc50mc-owi-cm-20200623t220134-20200623t220238-00003-______ll_gd_GEO-IRWIN.nc,40.04391860961914,299.0855712890625,2020-06-23T22:01:34.000000000
cp012024,IRWIN,rcm1-sclna-owi-cm-20240829t051918-20240829t052035-00003-______ll_gd_GEO-IRWIN.nc,20.68338394165039,189.3949279785156,2024-08-29T05:19:18.000000000
cp012024,IRWIN,rcm1-sclnd-owi-cm-20240829t171215-20240829t171332-00003-______ll_gd_GEO-IRWIN.nc,21.273191452026367,187.98953247070312,2024-08-29T17:12:15.000000000
cp012024,IRWIN,rcm1-sclna-owi-cm-20240901t054422-20240901t054538-00003-______ll_gd_GEO-IRWIN.nc,23.77876663208008,183.6034240722656,2024-09-01T05:44:22.000000000
cp012024,IRWIN,rcm1-sclnb-owi-cm-20240827t165637-20240827t165753-00003-______ll_gd_GEO-IRWIN.nc,19.95704841613769,194.46636962890625,2024-08-27T16:56:37.000000000
cp012024,IRWIN,rcm1-sclnd-owi-cm-20240831t172745-20240831t172903-00003-______ll_gd_GEO-IRWIN.nc,22.46333312988281,183.83151245117188,2024-08-31T17:27:45.000000000
cp012024,IRWIN,rcm2-sclnc-owi-cm-20240824t040534-20240824t040649-00003-______ll_gd_GEO-IRWIN.nc,17.086349487304688,210.47254943847656,2024-08-24T04:05:34.000000000
cp012024,IRWIN,rcm1-sclna-owi-cm-20240826t164831-20240826t164947-00003-______ll_gd_GEO-IRWIN.nc,19.066665649414062,198.9804229736328,2024-08-26T16:48:31.000000000
cp012024,IRWIN,rcm1-sclna-owi-cm-20240828t051100-20240828t051214-00003-______ll_gd_GEO-IRWIN.nc,20.2812614440918,192.80052185058597,2024-08-28T05:11:00.000000000
cp012024,IRWIN,rcm1-sclnd-owi-cm-20240828t170428-20240828t170544-00003-______ll_gd_GEO-IRWIN.nc,20.499210357666016,191.21847534179688,2024-08-28T17:04:28.000000000
cp012024,IRWIN,rcm2-sclna-owi-cm-20240824t160114-20240824t160228-00003-______ll_gd_GEO-IRWIN.nc,17.523757934570312,207.8018798828125,2024-08-24T16:01:14.000000000
cp012024,IRWIN,rcm1-sclnd-owi-cm-20240826t045417-20240826t045535-00003-______ll_gd_GEO-IRWIN.nc,18.992429733276367,201.1151428222656,2024-08-26T04:54:17.000000000
cp012024,IRWIN,rcm2-sc50ma-owi-cm-20240825t041411-20240825t041528-00003-______ll_gd_GEO-IRWIN.nc,18.07579803466797,205.46954345703125,2024-08-25T04:14:11.000000000
cp012024,IRWIN,rcm3-sclnd-owi-cm-20240822t151342-20240822t151458-00003-______ll_gd_GEO-IRWIN.nc,15.492752075195312,219.17483520507807,2024-08-22T15:13:42.000000000
cp012024,IRWIN,rcm3-sclnd-owi-cm-20240823t152131-20240823t152249-00003-______ll_gd_GEO-IRWIN.nc,16.44749641418457,213.66146850585935,2024-08-23T15:21:31.000000000
cp012024,IRWIN,rcm1-sclnc-owi-cm-20240827t050231-20240827t050347-00003-______ll_gd_GEO-IRWIN.nc,19.66822624206543,196.591552734375,2024-08-27T05:02:31.000000000
cp012024,IRWIN,rcm2-sc50md-owi-cm-20240825t160900-20240825t161017-00003-______ll_gd_GEO-IRWIN.nc,18.4398136138916,203.52850341796875,2024-08-25T16:09:00.000000000
cp012024,WV,rcm1-sclnc-owi-cm-20240827t050231-20240827t050347-00003-______ll_gd_GEO-WV.nc,19.668222427368164,196.59158325195312,2024-08-27T05:02:31.000000000
cp012024,WV,rcm2-sc50md-owi-cm-20240825t160900-20240825t161017-00003-______ll_gd_GEO-WV.nc,18.43980026245117,203.5285186767578,2024-08-25T16:09:00.000000000
cp012024,WV,rcm1-sclna-owi-cm-20240829t051918-20240829t052035-00003-______ll_gd_GEO-WV.nc,20.683380126953125,189.39495849609372,2024-08-29T05:19:18.000000000
cp012024,WV,rcm1-sclna-owi-cm-20240901t054422-20240901t054538-00003-______ll_gd_GEO-WV.nc,23.778743743896484,183.6034240722656,2024-09-01T05:44:22.000000000
cp012024,WV,rcm1-sclnd-owi-cm-20240831t172745-20240831t172903-00003-______ll_gd_GEO-WV.nc,22.463321685791016,183.8315277099609,2024-08-31T17:27:45.000000000
cp012024,WV,rcm2-sclnc-owi-cm-20240824t040534-20240824t040649-00003-______ll_gd_GEO-WV.nc,17.086339950561523,210.4725646972656,2024-08-24T04:05:34.000000000
cp012024,WV,rcm2-sc50ma-owi-cm-20240825t041411-20240825t041528-00003-______ll_gd_GEO-WV.nc,18.07579231262207,205.46958923339844,2024-08-25T04:14:11.000000000
cp012024,WV,rcm1-sclnd-owi-cm-20240828t170428-20240828t170544-00003-______ll_gd_GEO-WV.nc,20.49921226501465,191.21849060058597,2024-08-28T17:04:28.000000000
cp012024,WV,rcm1-sclna-owi-cm-20240826t164831-20240826t164947-00003-______ll_gd_GEO-WV.nc,19.0666618347168,198.9804534912109,2024-08-26T16:48:31.000000000
cp012024,WV,rcm1-sclnb-owi-cm-20240827t165637-20240827t165753-00003-______ll_gd_GEO-WV.nc,19.9570426940918,194.4664001464844,2024-08-27T16:56:37.000000000
cp012024,WV,rcm3-sclnd-owi-cm-20240822t151342-20240822t151458-00003-______ll_gd_GEO-WV.nc,15.49274730682373,219.17486572265625,2024-08-22T15:13:42.000000000
cp012024,WV,rcm3-sclnd-owi-cm-20240823t152131-20240823t152249-00003-______ll_gd_GEO-WV.nc,16.447477340698242,213.6615295410156,2024-08-23T15:21:31.000000000
cp012024,WV,rcm2-sclna-owi-cm-20240824t160114-20240824t160228-00003-______ll_gd_GEO-WV.nc,17.523752212524414,207.80191040039065,2024-08-24T16:01:14.000000000
cp012024,WV,rcm1-sclnd-owi-cm-20240829t171215-20240829t171332-00003-______ll_gd_GEO-WV.nc,21.27318572998047,187.9895477294922,2024-08-29T17:12:15.000000000
cp012024,WV,rcm1-sclnd-owi-cm-20240826t045417-20240826t045535-00003-______ll_gd_GEO-WV.nc,18.992429733276367,201.11517333984372,2024-08-26T04:54:17.000000000
cp012024,WV,rcm1-sclna-owi-cm-20240828t051100-20240828t051214-00003-______ll_gd_GEO-WV.nc,20.28125762939453,192.800537109375,2024-08-28T05:11:00.000000000
al102023,IRWIN,rcm3-sclnc-owi-cm-20230831t230449-20230831t230604-00003-______ll_gd_GEO-IRWIN.nc,33.46430206298828,287.3821105957031,2023-08-31T23:04:49.000000000
al102023,IRWIN,rcm1-sclnd-owi-cm-20230829t235046-20230829t235203-00003-______ll_gd_GEO-IRWIN.nc,26.88009452819824,275.29931640625,2023-08-29T23:50:46.000000000
al102023,IRWIN,rcm2-sclnb-owi-cm-20230831t111458-20230831t111613-00003-______ll_gd_GEO-IRWIN.nc,33.70005798339844,282.7406921386719,2023-08-31T11:14:58.000000000
al102023,IRWIN,rcm1-sc50mc-owi-cm-20230902t102710-20230902t102828-00003-______ll_gd_GEO-IRWIN.nc,31.79986953735352,295.917724609375,2023-09-02T10:27:10.000000000
al102023,IRWIN,rcm1-sclna-owi-cm-20230828t234142-20230828t234256-00003-______ll_gd_GEO-IRWIN.nc,21.77264976501465,274.89617919921875,2023-08-28T23:41:42.000000000
al102023,IRWIN,rcm1-sclnd-owi-cm-20230828t112619-20230828t112735-00003-______ll_gd_GEO-IRWIN.nc,20.548980712890625,274.80242919921875,2023-08-28T11:26:19.000000000
al102023,IRWIN,rcm1-sclnb-owi-cm-20230829t113320-20230829t113435-00003-______ll_gd_GEO-IRWIN.nc,23.70569610595703,275.1923217773437,2023-08-29T11:33:20.000000000
al102023,IRWIN,rcm1-sclna-owi-cm-20230830t114001-20230830t114117-00003-______ll_gd_GEO-IRWIN.nc,29.90065574645996,276.400634765625,2023-08-30T11:40:01.000000000
al102023,IRWIN,rcm1-sc50mc-owi-cm-20230901t224049-20230901t224112-00003-______ll_gd_GEO-IRWIN.nc,31.93746757507324,294.0433959960937,2023-09-01T22:40:49.000000000
sh152023,IRWIN,rcm2-sclnd-owi-cm-20230302t174042-20230302t174159-00003-______ll_gd_GEO-IRWIN.nc,-24.77664566040039,175.659423828125,2023-03-02T17:40:42.000000000
sh152023,IRWIN,rcm2-sclna-owi-cm-20230302t065950-20230302t070054-00003-______ll_gd_GEO-IRWIN.nc,-23.362306594848636,173.54293823242188,2023-03-02T06:59:50.000000000
sh152023,IRWIN,rcm1-sclnd-owi-cm-20230301t072418-20230301t072558-00003-______ll_gd_GEO-IRWIN.nc,-19.59177589416504,169.56539916992188,2023-03-01T07:24:18.000000000
wp252020,IRWIN,s1b-ew-owi-cm-20201114t103802-20201114t104036-000003-02E20F_ll_gd_GEO-IRWIN.nc,16.16130828857422,109.65747833251952,2020-11-14T10:38:02.000000000
wp202024,IRWIN,rcm3-sc50ma-owi-cm-20240928t214406-20240928t214810-00003-______ll_gd_GEO-IRWIN.nc,18.622833251953125,124.43736267089844,2024-09-28T21:44:06.000000000
wp202024,IRWIN,rcm3-sc50mc-owi-cm-20240929t100030-20240929t100148-00003-______ll_gd_GEO-IRWIN.nc,19.57393455505371,123.4456024169922,2024-09-29T10:00:30.000000000
wp202024,IRWIN,s1a-ew-owi-cm-20240930t220123-20240930t220227-000003-06D55C_ll_gd_GEO-IRWIN.nc,20.549745559692383,119.71297454833984,2024-09-30T22:01:23.000000000
wp202024,IRWIN,rcm3-sc50mc-owi-cm-20240928t095220-20240928t095337-00003-______ll_gd_GEO-IRWIN.nc,18.58690643310547,125.3556671142578,2024-09-28T09:52:20.000000000
wp202024,IRWIN,rcm3-sclnd-owi-cm-20240930t100855-20240930t100938-00003-______ll_gd_GEO-IRWIN.nc,20.507692337036133,120.69054412841795,2024-09-30T10:08:55.000000000
wp202024,WV,s1a-ew-owi-cm-20240930t220123-20240930t220227-000003-06D55C_ll_gd_GEO-WV.nc,20.54974365234375,119.71298217773438,2024-09-30T22:01:23.000000000
wp202024,WV,rcm3-sc50mc-owi-cm-20240929t100030-20240929t100148-00003-______ll_gd_GEO-WV.nc,19.57392692565918,123.44561767578124,2024-09-29T10:00:30.000000000
wp202024,WV,rcm3-sc50ma-owi-cm-20240928t214406-20240928t214810-00003-______ll_gd_GEO-WV.nc,18.62283134460449,124.43737030029295,2024-09-28T21:44:06.000000000
wp202024,WV,rcm3-sclnd-owi-cm-20240930t100855-20240930t100938-00003-______ll_gd_GEO-WV.nc,20.507692337036133,120.6905517578125,2024-09-30T10:08:55.000000000
wp202024,WV,rcm3-sc50mc-owi-cm-20240928t095220-20240928t095337-00003-______ll_gd_GEO-WV.nc,18.58690452575684,125.35567474365234,2024-09-28T09:52:20.000000000
sh072024,IRWIN,rcm3-sclnd-owi-cm-20240125t084539-20240125t084656-00003-______ll_gd_GEO-IRWIN.nc,-19.09161949157715,146.9315643310547,2024-01-25T08:45:39.000000000
sh072024,IRWIN,rcm2-sclna-owi-cm-20240125t195611-20240125t195726-00003-______ll_gd_GEO-IRWIN.nc,-19.93086814880371,144.96482849121094,2024-01-25T19:56:11.000000000
sh072024,WV,rcm3-sclnd-owi-cm-20240125t084539-20240125t084656-00003-______ll_gd_GEO-WV.nc,-19.091611862182617,146.9315948486328,2024-01-25T08:45:39.000000000
sh072024,WV,rcm2-sclna-owi-cm-20240125t195611-20240125t195726-00003-______ll_gd_GEO-WV.nc,-19.930849075317383,144.96484375,2024-01-25T19:56:11.000000000
wp242025,IRWIN,rcm3-sc50ma-owi-cm-20250921t093633-20250921t093746-00003-xxxxx_ll_gd_GEO-IRWIN.nc,18.731914520263672,125.71324920654295,2025-09-21T09:36:33.000000000
wp242025,IRWIN,rcm2-sc50mb-owi-cm-20250923t221817-20250923t221928-00003-xxxxx_ll_gd_GEO-IRWIN.nc,21.240129470825195,114.06905364990234,2025-09-23T22:18:17.000000000
wp242025,IRWIN,s1a-ew-owi-cm-20250923t221743-20250923t221846-000003-079E80_ll_gd_GEO-IRWIN.nc,21.240129470825195,114.06905364990234,2025-09-23T22:17:43.000000000
wp242025,IRWIN,rcm3-sc50mc-owi-cm-20250919t091948-20250919t092101-00003-xxxxx_ll_gd_GEO-IRWIN.nc,15.978991508483888,130.6559295654297,2025-09-19T09:19:48.000000000
wp242025,IRWIN,rcm3-sc50mc-owi-cm-20250920t092809-20250920t092922-00003-xxxxx_ll_gd_GEO-IRWIN.nc,17.096710205078125,128.77769470214844,2025-09-20T09:28:09.000000000
wp242025,IRWIN,rcm3-sc50mc-owi-cm-20250921t213046-20250921t213201-00003-xxxxx_ll_gd_GEO-IRWIN.nc,19.160215377807617,123.31510925292967,2025-09-21T21:30:46.000000000
wp242025,IRWIN,rcm2-sc50ma-owi-cm-20250924t103324-20250924t103440-00003-xxxxx_ll_gd_GEO-IRWIN.nc,21.77023696899414,111.46324157714844,2025-09-24T10:33:24.000000000
wp242025,IRWIN,rcm3-sc50ma-owi-cm-20250918t210706-20250918t210816-00003-xxxxx_ll_gd_GEO-IRWIN.nc,16.00477409362793,131.6222381591797,2025-09-18T21:07:06.000000000
wp242025,IRWIN,s1a-ew-owi-cm-20250919t211309-20250919t211412-000003-079C22_ll_gd_GEO-IRWIN.nc,16.23192024230957,129.79702758789062,2025-09-19T21:13:09.000000000
wp242025,IRWIN,rcm3-sc50ma-owi-cm-20250920t212242-20250920t212352-00003-xxxxx_ll_gd_GEO-IRWIN.nc,17.922361373901367,127.32476043701172,2025-09-20T21:22:42.000000000
io022025,IRWIN,s1a-iw-owi-cm-20251003t134347-20251003t134416-000003-07A437_ll_gd_GEO-IRWIN.nc,22.03424835205078,66.06573486328125,2025-10-03T13:43:47.000000000
wp102020,IRWIN,rs2-scwa-owi-cm-20200901t213245-20200901t213508-00003-______ll_gd_GEO-IRWIN.nc,30.037431716918945,126.72736358642578,2020-09-01T21:32:45.000000000
wp102020,IRWIN,s1b-ew-owi-cm-20200901t212522-20200901t212726-000003-02C081_ll_gd_GEO-IRWIN.nc,30.037431716918945,126.72736358642578,2020-09-01T21:25:22.000000000
wp102020,IRWIN,rs2-scwa-owi-cm-20200831t094052-20200831t094316-00003-______ll_gd_GEO-IRWIN.nc,24.774145126342773,127.22698974609376,2020-08-31T09:40:52.000000000
wp072024,IRWIN,rcm1-sc50ma-owi-cm-20240813t080420-20240813t080537-00003-______ll_gd_GEO-IRWIN.nc,36.49726867675781,146.4509735107422,2024-08-13T08:04:20.000000000
wp072024,IRWIN,rcm1-sc50mb-owi-cm-20240812t075510-20240812t075628-00003-______ll_gd_GEO-IRWIN.nc,32.59817886352539,151.0524139404297,2024-08-12T07:55:10.000000000
wp072024,IRWIN,rcm3-sc50ma-owi-cm-20240812t201344-20240812t201444-00003-______ll_gd_GEO-IRWIN.nc,34.63804244995117,148.86773681640625,2024-08-12T20:13:44.000000000
wp072024,WV,rcm3-sc50ma-owi-cm-20240812t201344-20240812t201444-00003-______ll_gd_GEO-WV.nc,34.63802719116211,148.86776733398438,2024-08-12T20:13:44.000000000
wp072024,WV,rcm1-sc50ma-owi-cm-20240813t080420-20240813t080537-00003-______ll_gd_GEO-WV.nc,36.49725341796875,146.45098876953125,2024-08-13T08:04:20.000000000
wp072024,WV,rcm1-sc50mb-owi-cm-20240812t075510-20240812t075628-00003-______ll_gd_GEO-WV.nc,32.59817123413086,151.0524444580078,2024-08-12T07:55:10.000000000
ep112022,IRWIN,s1a-iw-owi-cm-20220902t132305-20220902t132357-000003-055A84_ll_gd_GEO-IRWIN.nc,20.506317138671875,247.90264892578125,2022-09-02T13:23:05.000000000
wp062023,IRWIN,rcm3-sclnd-owi-cm-20230729t205111-20230729t205136-00003-______ll_gd_GEO-IRWIN.nc,18.30158233642578,132.81155395507812,2023-07-29T20:51:11.000000000
wp062023,IRWIN,s1a-ew-owi-cm-20230804t213456-20230804t213559-000003-05FAEB_ll_gd_GEO-IRWIN.nc,27.78612327575684,126.76044464111328,2023-08-04T21:34:56.000000000
wp062023,IRWIN,rcm1-sc50ma-owi-cm-20230806t093024-20230806t093122-00003-______ll_gd_GEO-IRWIN.nc,27.745250701904297,130.45472717285156,2023-08-06T09:30:24.000000000
wp062023,IRWIN,rcm3-sc50ma-owi-cm-20230801t092202-20230801t092318-00003-______ll_gd_GEO-IRWIN.nc,25.171188354492188,128.30502319335938,2023-08-01T09:22:02.000000000
wp062023,IRWIN,rcm1-sc50ma-owi-cm-20230805t092215-20230805t092333-00003-______ll_gd_GEO-IRWIN.nc,27.85361862182617,128.19065856933594,2023-08-05T09:22:15.000000000
wp062023,IRWIN,rcm3-sc50ma-owi-cm-20230804t213616-20230804t213733-00003-______ll_gd_GEO-IRWIN.nc,27.788009643554688,126.77655792236328,2023-08-04T21:36:16.000000000
wp062023,IRWIN,rcm1-sc50mc-owi-cm-20230805t211149-20230805t211304-00003-______ll_gd_GEO-IRWIN.nc,27.840740203857425,129.3279266357422,2023-08-05T21:11:49.000000000
wp062023,IRWIN,s1a-ew-owi-cm-20230802t094501-20230802t094605-000003-05F9CD_ll_gd_GEO-IRWIN.nc,26.15689468383789,125.7295150756836,2023-08-02T09:45:01.000000000
wp062023,IRWIN,rcm3-sc50ma-owi-cm-20230803t093829-20230803t093946-00003-______ll_gd_GEO-IRWIN.nc,26.67408943176269,124.19800567626952,2023-08-03T09:38:29.000000000
wp062023,IRWIN,rcm3-sc50ma-owi-cm-20230731t091349-20230731t091500-00003-______ll_gd_GEO-IRWIN.nc,23.18913078308105,131.26231384277344,2023-07-31T09:13:49.000000000
wp062023,IRWIN,rcm1-sc50ma-owi-cm-20230806t211922-20230806t212037-00003-______ll_gd_GEO-IRWIN.nc,27.78934097290039,131.12673950195312,2023-08-06T21:19:22.000000000
wp062023,IRWIN,rcm2-sc50ma-owi-cm-20230809t092338-20230809t092437-00003-______ll_gd_GEO-IRWIN.nc,32.14606094360352,128.88003540039062,2023-08-09T09:23:38.000000000
wp062023,IRWIN,s1a-ew-owi-cm-20230806t091256-20230806t091359-000003-05FB8C_ll_gd_GEO-IRWIN.nc,27.75187873840332,130.41822814941406,2023-08-06T09:12:56.000000000
wp062023,IRWIN,rcm2-sc50ma-owi-cm-20230807t090642-20230807t090758-00003-______ll_gd_GEO-IRWIN.nc,28.306066513061523,131.1515655517578,2023-08-07T09:06:42.000000000
wp062023,IRWIN,rcm3-sc50mb-owi-cm-20230804t094702-20230804t094745-00003-______ll_gd_GEO-IRWIN.nc,27.321861267089844,125.48267364501952,2023-08-04T09:47:02.000000000
wp062023,IRWIN,rcm3-sc50ma-owi-cm-20230730t090503-20230730t090618-00003-______ll_gd_GEO-IRWIN.nc,20.233901977539062,132.38966369628906,2023-07-30T09:05:03.000000000
wp062023,IRWIN,rcm3-sc50ma-owi-cm-20230802t093018-20230802t093135-00003-______ll_gd_GEO-IRWIN.nc,26.153318405151367,125.74659729003906,2023-08-02T09:30:18.000000000
wp062023,IRWIN,rcm2-sc50ma-owi-cm-20230808t091454-20230808t091610-00003-______ll_gd_GEO-IRWIN.nc,29.716800689697266,130.5237274169922,2023-08-08T09:14:54.000000000
wp062023,IRWIN,s1a-iw-owi-cm-20230806t211820-20230806t211916-000003-05FBCB_ll_gd_GEO-IRWIN.nc,27.78934097290039,131.12673950195312,2023-08-06T21:18:20.000000000
wp212025,IRWIN,rcm2-sc50ma-owi-cm-20250904t211900-20250904t211946-00003-xxxxx_ll_gd_GEO-IRWIN.nc,33.68776321411133,134.48463439941406,2025-09-04T21:19:00.000000000
wp212025,IRWIN,s1c-iw-owi-cm-20250905t083255-20250905t083440-000003-007EE5_ll_gd_GEO-IRWIN.nc,35.228633880615234,140.68460083007812,2025-09-05T08:32:55.000000000
wp142024,IRWIN,rcm1-sclna-owi-cm-20240913t085700-20240913t085814-00003-______ll_gd_GEO-IRWIN.nc,24.181827545166016,134.52586364746094,2024-09-13T08:57:00.000000000
wp142024,IRWIN,rcm1-sclnb-owi-cm-20240912t084754-20240912t084911-00003-______ll_gd_GEO-IRWIN.nc,19.48189353942871,139.35574340820312,2024-09-12T08:47:54.000000000
wp142024,IRWIN,rcm3-sc50mc-owi-cm-20240915t094727-20240915t094845-00003-______ll_gd_GEO-IRWIN.nc,30.30363655090332,125.24459838867188,2024-09-15T09:47:27.000000000
wp142024,IRWIN,rcm3-sc50mc-owi-cm-20240914t212800-20240914t212918-00003-______ll_gd_GEO-IRWIN.nc,29.445112228393555,127.4959716796875,2024-09-14T21:28:00.000000000
wp142024,IRWIN,rcm3-sc50mc-owi-cm-20240916t095600-20240916t095717-00003-______ll_gd_GEO-IRWIN.nc,31.647422790527344,119.70086669921876,2024-09-16T09:56:00.000000000
wp142024,IRWIN,rcm1-sc50mb-owi-cm-20240912t204122-20240912t204238-00003-______ll_gd_GEO-IRWIN.nc,21.489933013916016,137.19371032714844,2024-09-12T20:41:22.000000000
wp142024,IRWIN,rcm1-sclna-owi-cm-20240910t202704-20240910t202820-00003-______ll_gd_GEO-IRWIN.nc,13.48953914642334,143.14768981933594,2024-09-10T20:27:04.000000000
wp142024,IRWIN,rcm1-sclnc-owi-cm-20240911t083904-20240911t084002-00003-______ll_gd_GEO-IRWIN.nc,14.545907020568848,141.12759399414062,2024-09-11T08:39:04.000000000
wp142024,WV,rcm3-sc50mc-owi-cm-20240916t095600-20240916t095717-00003-______ll_gd_GEO-WV.nc,31.64742088317871,119.7008819580078,2024-09-16T09:56:00.000000000
wp142024,WV,rcm1-sclna-owi-cm-20240910t202704-20240910t202820-00003-______ll_gd_GEO-WV.nc,13.489532470703123,143.14772033691406,2024-09-10T20:27:04.000000000
wp142024,WV,rcm1-sclna-owi-cm-20240913t085700-20240913t085814-00003-______ll_gd_GEO-WV.nc,24.181814193725582,134.52587890625,2024-09-13T08:57:00.000000000
wp142024,WV,rcm3-sc50mc-owi-cm-20240914t212800-20240914t212918-00003-______ll_gd_GEO-WV.nc,29.44510269165039,127.49598693847656,2024-09-14T21:28:00.000000000
wp142024,WV,rcm3-sc50mc-owi-cm-20240915t094727-20240915t094845-00003-______ll_gd_GEO-WV.nc,30.303630828857425,125.24462127685548,2024-09-15T09:47:27.000000000
wp142024,WV,rcm1-sclnb-owi-cm-20240912t084754-20240912t084911-00003-______ll_gd_GEO-WV.nc,19.48187828063965,139.3557586669922,2024-09-12T08:47:54.000000000
wp142024,WV,rcm1-sclnc-owi-cm-20240911t083904-20240911t084002-00003-______ll_gd_GEO-WV.nc,14.545893669128418,141.1276092529297,2024-09-11T08:39:04.000000000
wp142024,WV,rcm1-sc50mb-owi-cm-20240912t204122-20240912t204238-00003-______ll_gd_GEO-WV.nc,21.489913940429688,137.19371032714844,2024-09-12T20:41:22.000000000
al092022,IRWIN,rcm2-sc100ma-owi-cm-20220929t233505-20220929t233524-00003-______ll_gd_GEO-IRWIN.nc,29.549362182617188,280.5611572265625,2022-09-29T23:35:05.000000000
al092022,IRWIN,rs2-scwa-owi-cm-20220926t111003-20220926t111119-00003-______ll_gd_GEO-IRWIN.nc,18.574350357055664,277.68463134765625,2022-09-26T11:10:03.000000000
al092022,IRWIN,s1a-iw-owi-cm-20220925t233346-20220925t233501-000003-056602_ll_gd_GEO-IRWIN.nc,16.73348617553711,279.1582946777344,2022-09-25T23:33:46.000000000
al092022,IRWIN,rcm1-sc100ma-owi-cm-20220927t113348-20220927t113449-00003-______ll_gd_GEO-IRWIN.nc,22.552959442138672,276.379638671875,2022-09-27T11:33:48.000000000
al092022,IRWIN,rs2-scwa-owi-cm-20220927t232735-20220927t232958-00003-______ll_gd_GEO-IRWIN.nc,24.35447120666504,276.9763488769531,2022-09-27T23:27:35.000000000
al092022,IRWIN,rcm1-sc50mb-owi-cm-20220925t233139-20220925t233246-00003-______ll_gd_GEO-IRWIN.nc,16.73348617553711,279.1582946777344,2022-09-25T23:31:39.000000000
al092022,IRWIN,rcm1-sc100ma-owi-cm-20220926t112558-20220926t112806-00003-______ll_gd_GEO-IRWIN.nc,18.630510330200195,277.6469421386719,2022-09-26T11:25:58.000000000
sh212024,IRWIN,rcm3-sclnc-owi-cm-20240408t103906-20240408t104023-00003-______ll_gd_GEO-IRWIN.nc,-16.664369583129883,118.6428680419922,2024-04-08T10:39:06.000000000
sh212024,IRWIN,rcm2-sclnb-owi-cm-20240408t214759-20240408t214914-00003-______ll_gd_GEO-IRWIN.nc,-17.082691192626953,117.82644653320312,2024-04-08T21:47:59.000000000
sh212024,IRWIN,rcm3-sclnc-owi-cm-20240407t103125-20240407t103241-00003-______ll_gd_GEO-IRWIN.nc,-15.253047943115234,119.23616790771484,2024-04-07T10:31:25.000000000
sh212024,IRWIN,rcm2-sclna-owi-cm-20240409t215632-20240409t215747-00003-______ll_gd_GEO-IRWIN.nc,-18.77223396301269,116.1601104736328,2024-04-09T21:56:32.000000000
sh212024,IRWIN,rcm2-sclnb-owi-cm-20240407t213937-20240407t214053-00003-______ll_gd_GEO-IRWIN.nc,-16.096359252929688,118.92713165283205,2024-04-07T21:39:37.000000000
sh212024,IRWIN,rcm3-sclnb-owi-cm-20240409t104640-20240409t104756-00003-______ll_gd_GEO-IRWIN.nc,-17.921844482421875,116.4189453125,2024-04-09T10:46:40.000000000
sh212024,WV,rcm3-sclnb-owi-cm-20240409t104640-20240409t104756-00003-______ll_gd_GEO-WV.nc,-17.921836853027344,116.4189453125,2024-04-09T10:46:40.000000000
sh212024,WV,rcm3-sclnc-owi-cm-20240407t103125-20240407t103241-00003-______ll_gd_GEO-WV.nc,-15.253037452697754,119.23616790771484,2024-04-07T10:31:25.000000000
sh212024,WV,rcm2-sclna-owi-cm-20240409t215632-20240409t215747-00003-______ll_gd_GEO-WV.nc,-18.7722282409668,116.1601104736328,2024-04-09T21:56:32.000000000
sh212024,WV,rcm3-sclnc-owi-cm-20240408t103906-20240408t104023-00003-______ll_gd_GEO-WV.nc,-16.664365768432617,118.64287567138672,2024-04-08T10:39:06.000000000
sh212024,WV,rcm2-sclnb-owi-cm-20240408t214759-20240408t214914-00003-______ll_gd_GEO-WV.nc,-17.082687377929688,117.8264617919922,2024-04-08T21:47:59.000000000
sh212024,WV,rcm2-sclnb-owi-cm-20240407t213937-20240407t214053-00003-______ll_gd_GEO-WV.nc,-16.096355438232422,118.92713165283205,2024-04-07T21:39:37.000000000
sh242021,IRWIN,rs2-scwa-owi-cm-20210307t130816-20210307t130931-00003-______ll_gd_GEO-IRWIN.nc,-17.16148567199707,80.18643951416016,2021-03-07T13:08:16.000000000
sh242021,IRWIN,s1b-ew-owi-cm-20210314t134429-20210314t134639-000003-031A80_ll_gd_GEO-IRWIN.nc,-22.169687271118164,70.74385070800781,2021-03-14T13:44:29.000000000
sh242021,IRWIN,rs2-scwa-owi-cm-20210314t003920-20210314t004036-00003-______ll_gd_GEO-IRWIN.nc,-21.932004928588867,70.32498931884766,2021-03-14T00:39:20.000000000
sh242021,IRWIN,rs2-scwa-owi-cm-20210311t002612-20210311t002728-00003-______ll_gd_GEO-IRWIN.nc,-17.39973258972168,74.86824035644531,2021-03-11T00:26:12.000000000
sh242021,IRWIN,s1a-ew-owi-cm-20210310t133058-20210310t133232-000003-045873_ll_gd_GEO-IRWIN.nc,-17.38204002380371,75.84345245361328,2021-03-10T13:30:58.000000000
wp092020,IRWIN,s1b-iw-owi-cm-20200825t213226-20200825t213312-000003-02BD50_ll_gd_GEO-IRWIN.nc,31.889598846435547,124.5527572631836,2020-08-25T21:32:26.000000000
wp092020,IRWIN,rs2-scwa-owi-cm-20200825t213654-20200825t213810-00003-______ll_gd_GEO-IRWIN.nc,31.914913177490234,124.54804229736328,2020-08-25T21:36:54.000000000
wp092020,IRWIN,rs2-scwa-owi-cm-20200825t213750-20200825t213907-00003-______ll_gd_GEO-IRWIN.nc,31.914913177490234,124.54804229736328,2020-08-25T21:37:50.000000000
wp212024,IRWIN,rcm2-sc50ma-owi-cm-20241011t072710-20241011t072726-00003-______ll_gd_GEO-IRWIN.nc,44.87049865722656,153.34010314941406,2024-10-11T07:27:10.000000000
wp212024,IRWIN,rcm2-sc50ma-owi-cm-20241011t072558-20241011t072716-00003-______ll_gd_GEO-IRWIN.nc,44.87049865722656,153.34010314941406,2024-10-11T07:25:58.000000000
wp212024,IRWIN,rcm3-sclnc-owi-cm-20241009t195906-20241009t200023-00003-______ll_gd_GEO-IRWIN.nc,31.82327461242676,149.75830078125,2024-10-09T19:59:06.000000000
wp212024,WV,rcm2-sc50ma-owi-cm-20241011t072558-20241011t072716-00003-______ll_gd_GEO-WV.nc,44.87047576904297,153.34010314941406,2024-10-11T07:25:58.000000000
wp212024,WV,rcm2-sc50ma-owi-cm-20241011t072710-20241011t072726-00003-______ll_gd_GEO-WV.nc,44.87047576904297,153.34010314941406,2024-10-11T07:27:10.000000000
wp212024,WV,rcm3-sclnc-owi-cm-20241009t195906-20241009t200023-00003-______ll_gd_GEO-WV.nc,31.82325935363769,149.75830078125,2024-10-09T19:59:06.000000000
wp272019,IRWIN,s1b-iw-owi-cm-20191119t095826-20191119t095943-000003-023D71_ll_gd_GEO-IRWIN.nc,19.00369071960449,122.58972930908205,2019-11-19T09:58:26.000000000
al172022,IRWIN,s1a-iw-owi-cm-20221110t111737-20221110t111852-000003-057B92_ll_gd_GEO-IRWIN.nc,27.946399688720703,278.5600280761719,2022-11-10T11:17:37.000000000
al172022,IRWIN,s1a-iw-owi-cm-20221109t231142-20221109t231322-000003-057B61_ll_gd_GEO-IRWIN.nc,26.623519897460938,281.7508544921875,2022-11-09T23:11:42.000000000
sh082024,IRWIN,rcm1-sclnd-owi-cm-20240126t144515-20240126t144554-00003-______ll_gd_GEO-IRWIN.nc,-26.84207344055176,61.423465728759766,2024-01-26T14:45:15.000000000
sh082024,IRWIN,rcm1-sclnb-owi-cm-20240126t012005-20240126t012029-00003-______ll_gd_GEO-IRWIN.nc,-25.5086727142334,61.49114608764648,2024-01-26T01:20:05.000000000
sh082024,WV,rcm1-sclnd-owi-cm-20240126t144515-20240126t144554-00003-______ll_gd_GEO-WV.nc,-26.84207344055176,61.423465728759766,2024-01-26T14:45:15.000000000
sh082024,WV,rcm1-sclnb-owi-cm-20240126t012005-20240126t012029-00003-______ll_gd_GEO-WV.nc,-25.5086727142334,61.49114608764648,2024-01-26T01:20:05.000000000
cp022025,IRWIN,rcm3-sclna-owi-cm-20250730t040452-20250730t040602-00003-xxxxx_ll_gd_GEO-IRWIN.nc,13.200284004211426,207.8149871826172,2025-07-30T04:04:52.000000000
cp022025,IRWIN,rcm3-sclnc-owi-cm-20250729t035658-20250729t035808-00003-xxxxx_ll_gd_GEO-IRWIN.nc,12.358512878417969,214.37619018554688,2025-07-29T03:56:58.000000000
ep152021,IRWIN,s1a-iw-owi-cm-20210909t130625-20210909t130746-000003-04AE83_ll_gd_GEO-IRWIN.nc,21.073827743530277,251.81399536132807,2021-09-09T13:06:25.000000000
ep162022,IRWIN,s1a-iw-owi-cm-20221003t010527-20221003t010642-000003-05695E_ll_gd_GEO-IRWIN.nc,20.956348419189453,253.2339324951172,2022-10-03T01:05:27.000000000
ep162022,IRWIN,rs2-scwa-owi-cm-20221001t011932-20221001t012048-00003-______ll_gd_GEO-IRWIN.nc,16.797697067260742,252.99093627929688,2022-10-01T01:19:32.000000000
sh072025,IRWIN,s1a-ew-owi-cm-20250110t013649-20250110t013752-000003-070FD1_ll_gd_GEO-IRWIN.nc,-13.598641395568848,58.19659423828125,2025-01-10T01:36:49.000000000
sh072025,IRWIN,rcm3-sclnd-owi-cm-20250115t024656-20250115t024810-00003-xxxxx_ll_gd_GEO-IRWIN.nc,-20.87577247619629,40.7066764831543,2025-01-15T02:46:56.000000000
sh072025,IRWIN,rcm1-sclnd-owi-cm-20250116t022411-20250116t022526-00003-xxxxx_ll_gd_GEO-IRWIN.nc,-28.070463180541992,43.83993148803711,2025-01-16T02:24:11.000000000
sh072025,IRWIN,rcm3-sclnd-owi-cm-20250112t022048-20250112t022204-00003-xxxxx_ll_gd_GEO-IRWIN.nc,-13.177382469177246,47.014305114746094,2025-01-12T02:20:48.000000000
sh072025,IRWIN,rcm1-sclna-owi-cm-20250112t152109-20250112t152224-00003-xxxxx_ll_gd_GEO-IRWIN.nc,-14.207786560058594,44.01197052001953,2025-01-12T15:21:09.000000000
sh072025,IRWIN,rcm2-sclna-owi-cm-20250110t143323-20250110t143423-00003-xxxxx_ll_gd_GEO-IRWIN.nc,-13.422271728515623,54.93043899536133,2025-01-10T14:33:23.000000000
sh072025,IRWIN,rcm3-sclna-owi-cm-20250111t021240-20250111t021355-00003-xxxxx_ll_gd_GEO-IRWIN.nc,-12.84457302093506,52.529693603515625,2025-01-11T02:12:40.000000000
sh072025,IRWIN,rcm1-sclnc-owi-cm-20250110t013240-20250110t013312-00003-xxxxx_ll_gd_GEO-IRWIN.nc,-13.598641395568848,58.19659423828125,2025-01-10T01:32:40.000000000
sh072025,IRWIN,rcm1-sclnd-owi-cm-20250111t151320-20250111t151436-00003-xxxxx_ll_gd_GEO-IRWIN.nc,-12.705934524536133,50.07638549804688,2025-01-11T15:13:20.000000000
sh072025,IRWIN,rcm1-sclna-owi-cm-20250115t154228-20250115t154344-00003-xxxxx_ll_gd_GEO-IRWIN.nc,-25.011449813842773,42.02638626098633,2025-01-15T15:42:28.000000000
sh072025,IRWIN,s1a-ew-owi-cm-20250116t022957-20250116t023101-000003-071348_ll_gd_GEO-IRWIN.nc,-28.12677574157715,43.888427734375,2025-01-16T02:29:57.000000000
sh072025,IRWIN,rcm2-sclna-owi-cm-20250117t020129-20250117t020246-00003-xxxxx_ll_gd_GEO-IRWIN.nc,-33.17682647705078,53.01063537597656,2025-01-17T02:01:29.000000000
sh072025,IRWIN,rcm2-sclnd-owi-cm-20250109t142510-20250109t142551-00003-xxxxx_ll_gd_GEO-IRWIN.nc,-13.527649879455566,60.998233795166016,2025-01-09T14:25:10.000000000
sh072025,IRWIN,rcm3-sclnd-owi-cm-20250117t145138-20250117t145256-00003-xxxxx_ll_gd_GEO-IRWIN.nc,-34.56198501586914,59.82661437988281,2025-01-17T14:51:38.000000000
sh072025,IRWIN,rcm2-sclna-owi-cm-20250116t151703-20250116t151817-00003-xxxxx_ll_gd_GEO-IRWIN.nc,-31.59032249450684,48.01860809326172,2025-01-16T15:17:03.000000000
wp082024,IRWIN,rcm3-sc50mb-owi-cm-20240814t084223-20240814t084339-00003-______ll_gd_GEO-IRWIN.nc,27.161008834838867,140.8936309814453,2024-08-14T08:42:23.000000000
wp082024,IRWIN,rcm3-sc50mb-owi-cm-20240815t203901-20240815t203952-00003-______ll_gd_GEO-IRWIN.nc,32.98772430419922,140.79324340820312,2024-08-15T20:39:01.000000000
wp082024,IRWIN,rcm3-sc50mc-owi-cm-20240815t085111-20240815t085230-00003-______ll_gd_GEO-IRWIN.nc,31.040637969970703,140.88363647460938,2024-08-15T08:51:11.000000000
wp082024,IRWIN,rcm2-sc50ma-owi-cm-20240817t080445-20240817t080603-00003-______ll_gd_GEO-IRWIN.nc,37.44253540039063,145.6826171875,2024-08-17T08:04:45.000000000
wp082024,IRWIN,rcm1-sc50ma-owi-cm-20240816t082756-20240816t082825-00003-______ll_gd_GEO-IRWIN.nc,34.449825286865234,141.4269561767578,2024-08-16T08:27:56.000000000
wp082024,IRWIN,rcm3-sc50mc-owi-cm-20240814t203138-20240814t203255-00003-______ll_gd_GEO-IRWIN.nc,28.83617401123047,141.214111328125,2024-08-14T20:31:38.000000000
wp082024,WV,rcm3-sc50mb-owi-cm-20240814t084223-20240814t084339-00003-______ll_gd_GEO-WV.nc,27.16099548339844,140.89361572265625,2024-08-14T08:42:23.000000000
wp082024,WV,rcm3-sc50mc-owi-cm-20240815t085111-20240815t085230-00003-______ll_gd_GEO-WV.nc,31.040624618530277,140.88365173339844,2024-08-15T08:51:11.000000000
wp082024,WV,rcm1-sc50ma-owi-cm-20240816t082756-20240816t082825-00003-______ll_gd_GEO-WV.nc,34.44981002807617,141.42694091796875,2024-08-16T08:27:56.000000000
wp082024,WV,rcm2-sc50ma-owi-cm-20240817t080445-20240817t080603-00003-______ll_gd_GEO-WV.nc,37.44252395629883,145.6825714111328,2024-08-17T08:04:45.000000000
wp082024,WV,rcm3-sc50mb-owi-cm-20240815t203901-20240815t203952-00003-______ll_gd_GEO-WV.nc,32.98770904541016,140.79324340820312,2024-08-15T20:39:01.000000000
wp082024,WV,rcm3-sc50mc-owi-cm-20240814t203138-20240814t203255-00003-______ll_gd_GEO-WV.nc,28.836156845092773,141.214111328125,2024-08-14T20:31:38.000000000
sh152024,IRWIN,rcm1-sclnc-owi-cm-20240217t153241-20240217t153356-00003-______ll_gd_GEO-IRWIN.nc,-29.91610717773437,207.31446838378903,2024-02-17T15:32:41.000000000
sh152024,IRWIN,rcm1-sclnb-owi-cm-20240217t045025-20240217t045142-00003-______ll_gd_GEO-IRWIN.nc,-26.780961990356445,206.1318359375,2024-02-17T04:50:25.000000000
sh152024,WV,rcm1-sclnb-owi-cm-20240217t045025-20240217t045142-00003-______ll_gd_GEO-WV.nc,-26.780818939208984,206.1317596435547,2024-02-17T04:50:25.000000000
sh152024,WV,rcm1-sclnc-owi-cm-20240217t153241-20240217t153356-00003-______ll_gd_GEO-WV.nc,-29.916078567504883,207.31446838378903,2024-02-17T15:32:41.000000000
io022019,IRWIN,s1b-ew-owi-cm-20190612t011725-20190612t011929-000003-01F595_ll_gd_GEO-IRWIN.nc,17.777544021606445,70.14071655273438,2019-06-12T01:17:25.000000000
io022019,IRWIN,s1b-ew-owi-cm-20190614t133247-20190614t133442-000003-01F6A9_ll_gd_GEO-IRWIN.nc,20.77373504638672,68.31087493896484,2019-06-14T13:32:47.000000000
io022019,IRWIN,s1a-iw-owi-cm-20190613t011023-20190613t011209-000003-031F10_ll_gd_GEO-IRWIN.nc,20.08628273010254,69.57323455810547,2019-06-13T01:10:23.000000000
ep082020,IRWIN,s1a-ew-owi-cm-20200725t034755-20200725t035002-000003-03E50E_ll_gd_GEO-IRWIN.nc,17.98031234741211,214.66539001464844,2020-07-25T03:47:55.000000000
ep082020,IRWIN,rs2-scwa-owi-cm-20200726t161342-20200726t161458-00003-______ll_gd_GEO-IRWIN.nc,20.832534790039062,205.33580017089844,2020-07-26T16:13:42.000000000
ep082020,IRWIN,rs2-scwa-owi-cm-20200726t161050-20200726t161314-00003-______ll_gd_GEO-IRWIN.nc,20.832534790039062,205.33580017089844,2020-07-26T16:10:50.000000000
ep082020,IRWIN,s1b-ew-owi-cm-20200728t171208-20200728t171335-000003-02B09D_ll_gd_GEO-IRWIN.nc,24.16615295410156,192.56939697265625,2020-07-28T17:12:08.000000000
ep082020,IRWIN,s1b-ew-owi-cm-20200728t050249-20200728t050456-000003-02B05B_ll_gd_GEO-IRWIN.nc,23.1303768157959,196.01458740234372,2020-07-28T05:02:49.000000000
wp152024,IRWIN,rcm2-sclna-owi-cm-20240917t085629-20240917t085744-00003-______ll_gd_GEO-IRWIN.nc,20.765968322753903,135.327880859375,2024-09-17T08:56:29.000000000
wp152024,IRWIN,rcm1-sc50ma-owi-cm-20240919t094649-20240919t094730-00003-______ll_gd_GEO-IRWIN.nc,30.247344970703125,122.59255981445312,2024-09-19T09:46:49.000000000
wp152024,IRWIN,rcm2-sc50ma-owi-cm-20240921t093222-20240921t093241-00003-______ll_gd_GEO-IRWIN.nc,34.61527633666992,127.07451629638672,2024-09-21T09:32:22.000000000
wp152024,IRWIN,rcm1-sc50mc-owi-cm-20240918t093837-20240918t093906-00003-______ll_gd_GEO-IRWIN.nc,25.3609619140625,129.1723175048828,2024-09-18T09:38:37.000000000
wp152024,WV,rcm2-sclna-owi-cm-20240917t085629-20240917t085744-00003-______ll_gd_GEO-WV.nc,20.765949249267575,135.32791137695312,2024-09-17T08:56:29.000000000
wp152024,WV,rcm1-sc50mc-owi-cm-20240918t093837-20240918t093906-00003-______ll_gd_GEO-WV.nc,25.36093521118164,129.17233276367188,2024-09-18T09:38:37.000000000
wp152024,WV,rcm1-sc50ma-owi-cm-20240919t094649-20240919t094730-00003-______ll_gd_GEO-WV.nc,30.24733161926269,122.59258270263672,2024-09-19T09:46:49.000000000
wp152024,WV,rcm2-sc50ma-owi-cm-20240921t093222-20240921t093241-00003-______ll_gd_GEO-WV.nc,34.615272521972656,127.074462890625,2024-09-21T09:32:22.000000000
sh042025,IRWIN,s1a-ew-owi-cm-20241211t143629-20241211t143934-000003-06FEB8_ll_gd_GEO-IRWIN.nc,-10.385818481445312,57.1621208190918,2024-12-11T14:36:29.000000000
sh042025,IRWIN,s1a-iw-owi-cm-20241215t154529-20241215t154713-000003-070124_ll_gd_GEO-IRWIN.nc,-13.766788482666016,37.67951202392578,2024-12-15T15:45:29.000000000
sh042025,IRWIN,rcm1-sc50ma-owi-cm-20241210t140935-20241210t141052-00003-xxxxx_ll_gd_GEO-IRWIN.nc,-10.628684043884276,60.06608581542969,2024-12-10T14:09:35.000000000
sh042025,IRWIN,rcm1-sclna-owi-cm-20241215t025235-20241215t025351-00003-xxxxx_ll_gd_GEO-IRWIN.nc,-13.232073783874512,40.7869987487793,2024-12-15T02:52:35.000000000
sh042025,IRWIN,rcm2-sc50ma-owi-cm-20241211t014747-20241211t014903-00003-xxxxx_ll_gd_GEO-IRWIN.nc,-10.51164722442627,58.88903427124024,2024-12-11T01:47:47.000000000
sh042025,IRWIN,rcm2-sclnd-owi-cm-20241213t020411-20241213t020527-00003-xxxxx_ll_gd_GEO-IRWIN.nc,-11.004934310913086,50.5947265625,2024-12-13T02:04:11.000000000
sh042025,IRWIN,rcm2-sc50ma-owi-cm-20241210t013942-20241210t014057-00003-xxxxx_ll_gd_GEO-IRWIN.nc,-10.935115814208984,61.37916946411133,2024-12-10T01:39:42.000000000
sh042025,IRWIN,rcm2-sc50mb-owi-cm-20241212t015549-20241212t015703-00003-xxxxx_ll_gd_GEO-IRWIN.nc,-10.568772315979004,55.26766586303711,2024-12-12T01:55:49.000000000
sh042025,IRWIN,rcm3-sclna-owi-cm-20241213t150558-20241213t150715-00003-xxxxx_ll_gd_GEO-IRWIN.nc,-11.793840408325195,48.12913513183594,2024-12-13T15:05:58.000000000
sh042025,IRWIN,rcm1-sc50ma-owi-cm-20241209t140206-20241209t140250-00003-xxxxx_ll_gd_GEO-IRWIN.nc,-11.22824001312256,62.87728118896485,2024-12-09T14:02:06.000000000
sh042025,IRWIN,rcm3-sclnd-owi-cm-20241212t145804-20241212t145921-00003-xxxxx_ll_gd_GEO-IRWIN.nc,-10.779409408569336,52.7116584777832,2024-12-12T14:58:04.000000000
sh042025,IRWIN,s1a-ew-owi-cm-20241213t020840-20241213t020943-000003-06FF9D_ll_gd_GEO-IRWIN.nc,-11.004934310913086,50.5947265625,2024-12-13T02:08:40.000000000
wp222024,IRWIN,rcm3-sc50ma-owi-cm-20241024t220318-20241024t220417-00003-______ll_gd_GEO-IRWIN.nc,17.0152530670166,118.93451690673828,2024-10-24T22:03:18.000000000
wp222024,IRWIN,rcm3-sc50mc-owi-cm-20241022t095112-20241022t095229-00003-______ll_gd_GEO-IRWIN.nc,14.384434700012209,126.156494140625,2024-10-22T09:51:12.000000000
wp222024,IRWIN,rcm3-sc50mc-owi-cm-20241025t221107-20241025t221159-00003-______ll_gd_GEO-IRWIN.nc,17.036483764648438,113.9331512451172,2024-10-25T22:11:07.000000000
wp222024,IRWIN,rcm3-sc50ma-owi-cm-20241023t215514-20241023t215613-00003-______ll_gd_GEO-IRWIN.nc,17.07910919189453,121.5291748046875,2024-10-23T21:55:14.000000000
wp222024,IRWIN,rcm1-sc50mc-owi-cm-20241021t210733-20241021t210848-00003-______ll_gd_GEO-IRWIN.nc,13.434674263000488,127.8041000366211,2024-10-21T21:07:33.000000000
wp222024,IRWIN,rcm2-sclnd-owi-cm-20241027t110358-20241027t110514-00003-______ll_gd_GEO-IRWIN.nc,15.36778450012207,107.33238220214844,2024-10-27T11:03:58.000000000
wp222024,IRWIN,rcm3-sc50mc-owi-cm-20241023t095951-20241023t100109-00003-______ll_gd_GEO-IRWIN.nc,16.72715950012207,123.09947967529295,2024-10-23T09:59:51.000000000
wp222024,IRWIN,s1a-ew-owi-cm-20241024t220202-20241024t220306-000003-06E330_ll_gd_GEO-IRWIN.nc,17.0152530670166,118.93451690673828,2024-10-24T22:02:02.000000000
wp222024,WV,rcm2-sclnd-owi-cm-20241027t110358-20241027t110514-00003-______ll_gd_GEO-WV.nc,15.367792129516602,107.33238220214844,2024-10-27T11:03:58.000000000
wp222024,WV,rcm3-sc50ma-owi-cm-20241024t220318-20241024t220417-00003-______ll_gd_GEO-WV.nc,17.015249252319336,118.93453216552734,2024-10-24T22:03:18.000000000
wp222024,WV,s1a-ew-owi-cm-20241024t220202-20241024t220306-000003-06E330_ll_gd_GEO-WV.nc,17.015249252319336,118.93453216552734,2024-10-24T22:02:02.000000000
wp222024,WV,rcm3-sc50mc-owi-cm-20241023t095951-20241023t100109-00003-______ll_gd_GEO-WV.nc,16.727149963378906,123.0994873046875,2024-10-23T09:59:51.000000000
wp222024,WV,rcm3-sc50ma-owi-cm-20241023t215514-20241023t215613-00003-______ll_gd_GEO-WV.nc,17.079113006591797,121.52919006347656,2024-10-23T21:55:14.000000000
wp222024,WV,rcm3-sc50mc-owi-cm-20241025t221107-20241025t221159-00003-______ll_gd_GEO-WV.nc,17.03648567199707,113.93317413330078,2024-10-25T22:11:07.000000000
wp222024,WV,rcm1-sc50mc-owi-cm-20241021t210733-20241021t210848-00003-______ll_gd_GEO-WV.nc,13.434669494628906,127.80411529541016,2024-10-21T21:07:33.000000000
wp222024,WV,rcm3-sc50mc-owi-cm-20241022t095112-20241022t095229-00003-______ll_gd_GEO-WV.nc,14.384424209594728,126.15650939941406,2024-10-22T09:51:12.000000000
al292020,IRWIN,s1a-iw-owi-cm-20201103t234046-20201103t234226-000003-04184A_ll_gd_GEO-IRWIN.nc,13.801379203796388,276.3186340332031,2020-11-03T23:40:46.000000000
al292020,IRWIN,s1a-iw-owi-cm-20201112t232103-20201112t232243-000003-041CD6_ll_gd_GEO-IRWIN.nc,31.819908142089844,279.950439453125,2020-11-12T23:21:03.000000000
al292020,IRWIN,rs2-scwa-owi-cm-20201110t233727-20201110t233842-00003-______ll_gd_GEO-IRWIN.nc,23.46870994567871,275.3789367675781,2020-11-10T23:37:27.000000000
al292020,IRWIN,rcm2-sc50ma-owi-cm-20201103t112751-20201103t112855-00003-______ll_gd_GEO-IRWIN.nc,13.615220069885254,276.9096069335937,2020-11-03T11:27:51.000000000
al292020,IRWIN,rs2-scwa-owi-cm-20201109t111723-20201109t111839-00003-______ll_gd_GEO-IRWIN.nc,24.938629150390625,277.21807861328125,2020-11-09T11:17:23.000000000
sh052021,IRWIN,s1a-ew-owi-cm-20201216t065653-20201216t065903-000003-042DA5_ll_gd_GEO-IRWIN.nc,-15.052495956420898,175.11903381347656,2020-12-16T06:56:53.000000000
sh172019,IRWIN,s1b-ew-owi-cm-20190307t004754-20190307t005102-000003-01C845_ll_gd_GEO-IRWIN.nc,-25.22433853149414,68.05406188964844,2019-03-07T00:47:54.000000000
sh172019,IRWIN,s1b-ew-owi-cm-20190306t135326-20190306t135533-000003-01C808_ll_gd_GEO-IRWIN.nc,-23.81564712524414,68.84355926513672,2019-03-06T13:53:26.000000000
sh172019,IRWIN,s1a-ew-owi-cm-20190306t005659-20190306t005946-000003-02ED45_ll_gd_GEO-IRWIN.nc,-22.39015007019043,70.70109558105469,2019-03-06T00:56:59.000000000
sh172019,IRWIN,s1b-ew-owi-cm-20190309t141317-20190309t141622-000003-01C976_ll_gd_GEO-IRWIN.nc,-38.17219924926758,66.64180755615234,2019-03-09T14:13:17.000000000
sh172019,IRWIN,s1b-ew-owi-cm-20190303t133123-20190303t133257-000003-01C6A0_ll_gd_GEO-IRWIN.nc,-15.830886840820312,73.57579803466797,2019-03-03T13:31:23.000000000
sh172019,IRWIN,s1a-ew-owi-cm-20190308t142434-20190308t142620-000003-02EEA4_ll_gd_GEO-IRWIN.nc,-32.7098274230957,65.36079406738281,2019-03-08T14:24:34.000000000
wp162022,IRWIN,rs2-scwa-owi-cm-20220918t092630-20220918t092747-00003-______ll_gd_GEO-IRWIN.nc,31.410205841064453,130.6360321044922,2022-09-18T09:26:30.000000000
wp162022,IRWIN,rs2-scwa-owi-cm-20220916t210335-20220916t210558-00003-______ll_gd_GEO-IRWIN.nc,25.74580955505371,133.4210968017578,2022-09-16T21:03:35.000000000
ep092025,IRWIN,rcm1-sc50mb-owi-cm-20250810t134303-20250810t134419-00003-xxxxx_ll_gd_GEO-IRWIN.nc,21.69095039367676,244.05259704589844,2025-08-10T13:43:03.000000000
ep092025,IRWIN,rcm1-sc50ma-owi-cm-20250809t133454-20250809t133607-00003-xxxxx_ll_gd_GEO-IRWIN.nc,20.818761825561523,247.3405914306641,2025-08-09T13:34:54.000000000
ep092025,IRWIN,s1c-iw-owi-cm-20250809t012955-20250809t013140-000003-0072F8_ll_gd_GEO-IRWIN.nc,20.546424865722656,248.5504913330078,2025-08-09T01:29:55.000000000
ep092025,IRWIN,rcm1-sc50mc-owi-cm-20250809t014148-20250809t014301-00003-xxxxx_ll_gd_GEO-IRWIN.nc,20.55205535888672,248.5341339111328,2025-08-09T01:41:48.000000000
ep092025,IRWIN,s1a-iw-owi-cm-20250807t005539-20250807t005633-000003-0782C5_ll_gd_GEO-IRWIN.nc,14.736228942871094,259.7594299316406,2025-08-07T00:55:39.000000000
ep092025,IRWIN,rcm2-sc50mc-owi-cm-20250807t124843-20250807t124957-00003-xxxxx_ll_gd_GEO-IRWIN.nc,17.493085861206055,256.4253234863281,2025-08-07T12:48:43.000000000
ep092025,IRWIN,rcm1-sc50mc-owi-cm-20250810t015017-20250810t015131-00003-xxxxx_ll_gd_GEO-IRWIN.nc,21.16058921813965,246.0756378173828,2025-08-10T01:50:17.000000000
ep092025,IRWIN,rcm1-sc50ma-owi-cm-20250808t132718-20250808t132833-00003-xxxxx_ll_gd_GEO-IRWIN.nc,20.25029945373535,250.06768798828125,2025-08-08T13:27:18.000000000
sh052023,IRWIN,s1a-ew-owi-cm-20221229t004058-20221229t004303-000003-0593A7_ll_gd_GEO-IRWIN.nc,-22.49786376953125,73.56553649902344,2022-12-29T00:40:58.000000000
sh052023,IRWIN,rcm2-sclna-owi-cm-20221226t123931-20221226t124046-00003-______ll_gd_GEO-IRWIN.nc,-16.929821014404297,84.8507080078125,2022-12-26T12:39:31.000000000
sh052023,IRWIN,rcm3-sclna-owi-cm-20221230t004731-20221230t004911-00003-______ll_gd_GEO-IRWIN.nc,-26.524959564208984,69.93507385253906,2022-12-30T00:47:31.000000000
sh052023,IRWIN,rcm1-sclnd-owi-cm-20221225t233958-20221225t234125-00003-______ll_gd_GEO-IRWIN.nc,-16.490482330322266,85.20948028564453,2022-12-25T23:39:58.000000000
sh052023,IRWIN,rcm1-sclnc-owi-cm-20221228t132546-20221228t132754-00003-______ll_gd_GEO-IRWIN.nc,-20.653919219970703,76.42517852783203,2022-12-28T13:25:46.000000000
sh052023,IRWIN,rcm1-sclna-owi-cm-20221229t133332-20221229t133447-00003-______ll_gd_GEO-IRWIN.nc,-24.75153160095215,71.24250793457031,2022-12-29T13:33:32.000000000
sh052023,IRWIN,rcm1-sclnc-owi-cm-20221224t125515-20221224t125759-00003-______ll_gd_GEO-IRWIN.nc,-13.07058334350586,83.77481842041016,2022-12-24T12:55:15.000000000
sh052023,IRWIN,rcm1-sclnd-owi-cm-20221226t234849-20221226t235004-00003-______ll_gd_GEO-IRWIN.nc,-17.28762435913086,83.81809997558594,2022-12-26T23:48:49.000000000
sh052023,IRWIN,rcm1-sclnb-owi-cm-20221223t124804-20221223t124948-00003-______ll_gd_GEO-IRWIN.nc,-12.38410472869873,83.7369384765625,2022-12-23T12:48:04.000000000
sh052023,IRWIN,rcm3-sclna-owi-cm-20221231t005642-20221231t005757-00003-______ll_gd_GEO-IRWIN.nc,-30.40070533752441,68.35337829589844,2022-12-31T00:56:42.000000000
sh052023,IRWIN,rcm1-sclnd-owi-cm-20221227t131847-20221227t131953-00003-______ll_gd_GEO-IRWIN.nc,-18.65130043029785,81.72343444824219,2022-12-27T13:18:47.000000000
sh052023,IRWIN,s1a-ew-owi-cm-20221222t234915-20221222t235128-000003-0590A7_ll_gd_GEO-IRWIN.nc,-12.602487564086914,85.21678161621094,2022-12-22T23:49:15.000000000
sh052023,IRWIN,rcm3-sclnd-owi-cm-20221231t141931-20221231t142049-00003-______ll_gd_GEO-IRWIN.nc,-32.88658905029297,68.92259216308594,2022-12-31T14:19:31.000000000
sh052023,IRWIN,rcm3-sclna-owi-cm-20221229t003836-20221229t003951-00003-______ll_gd_GEO-IRWIN.nc,-22.49786376953125,73.56553649902344,2022-12-29T00:38:36.000000000
sh052023,IRWIN,rcm3-sclnd-owi-cm-20221223t235601-20221223t235719-00003-______ll_gd_GEO-IRWIN.nc,-12.298351287841797,82.903564453125,2022-12-23T23:56:01.000000000
sh052023,IRWIN,rcm1-sclnd-owi-cm-20221225t130334-20221225t130434-00003-______ll_gd_GEO-IRWIN.nc,-15.724529266357422,85.15021514892578,2022-12-25T13:03:34.000000000
ep062025,IRWIN,rcm1-sc50ma-owi-cm-20250703t132700-20250703t132813-00003-xxxxx_ll_gd_GEO-IRWIN.nc,20.43426322937012,248.48947143554688,2025-07-03T13:27:00.000000000
ep062025,IRWIN,rcm2-sc50mc-owi-cm-20250630t123233-20250630t123345-00003-xxxxx_ll_gd_GEO-IRWIN.nc,15.368090629577637,257.81622314453125,2025-06-30T12:32:33.000000000
ep062025,IRWIN,rcm1-sc50mc-owi-cm-20250630t010748-20250630t010901-00003-xxxxx_ll_gd_GEO-IRWIN.nc,13.921802520751951,259.27130126953125,2025-06-30T01:07:48.000000000
ep062025,IRWIN,s1a-ew-owi-cm-20250702t130710-20250702t130813-000003-0770F2_ll_gd_GEO-IRWIN.nc,18.904150009155277,251.13954162597656,2025-07-02T13:07:10.000000000
ep062025,IRWIN,rcm1-sc50mc-owi-cm-20250702t012503-20250702t012613-00003-xxxxx_ll_gd_GEO-IRWIN.nc,18.09625244140625,252.71124267578125,2025-07-02T01:25:03.000000000
sh162024,IRWIN,s1a-ew-owi-cm-20240221t013706-20240221t013809-000003-065EA4_ll_gd_GEO-IRWIN.nc,-15.00322437286377,60.52290725708008,2024-02-21T01:37:06.000000000
sh162024,WV,s1a-ew-owi-cm-20240221t013706-20240221t013809-000003-065EA4_ll_gd_GEO-WV.nc,-15.00322437286377,60.52290725708008,2024-02-21T01:37:06.000000000
al152023,IRWIN,rcm1-sc50ma-owi-cm-20230921t203407-20230921t203525-00003-______ll_gd_GEO-IRWIN.nc,43.49605941772461,318.90252685546875,2023-09-21T20:34:07.000000000
al152023,IRWIN,rcm1-sclna-owi-cm-20230917t091741-20230917t091857-00003-______ll_gd_GEO-IRWIN.nc,23.07003402709961,311.4141845703125,2023-09-17T09:17:41.000000000
al152023,IRWIN,rcm1-sc50mb-owi-cm-20230920t093810-20230920t093928-00003-______ll_gd_GEO-IRWIN.nc,34.62604141235352,305.03582763671875,2023-09-20T09:38:10.000000000
al152023,IRWIN,rcm1-sclnc-owi-cm-20230917t213237-20230917t213354-00003-______ll_gd_GEO-IRWIN.nc,25.00312614440918,310.2417907714844,2023-09-17T21:32:37.000000000
al152023,IRWIN,rcm1-sclnb-owi-cm-20230918t092413-20230918t092530-00003-______ll_gd_GEO-IRWIN.nc,26.455602645874023,309.11456298828125,2023-09-18T09:24:13.000000000
al152023,IRWIN,rcm2-sc50mb-owi-cm-20230920t212853-20230920t212959-00003-______ll_gd_GEO-IRWIN.nc,37.62972640991211,307.5162048339844,2023-09-20T21:28:53.000000000
al152023,IRWIN,rcm1-sc50mc-owi-cm-20230919t093118-20230919t093236-00003-______ll_gd_GEO-IRWIN.nc,29.50978660583496,306.32147216796875,2023-09-19T09:31:18.000000000
al152023,IRWIN,rcm1-sclnd-owi-cm-20230918t214210-20230918t214327-00003-______ll_gd_GEO-IRWIN.nc,27.927614212036133,307.87506103515625,2023-09-18T21:42:10.000000000
al152023,IRWIN,rcm1-sc50mc-owi-cm-20230919t215119-20230919t215237-00003-______ll_gd_GEO-IRWIN.nc,31.95208740234375,305.0870056152344,2023-09-19T21:51:19.000000000
al132019,IRWIN,s1a-iw-owi-cm-20191002t080415-20191002t080555-000003-0353A1_ll_gd_GEO-IRWIN.nc,41.16121673583984,329.7509155273437,2019-10-02T08:04:15.000000000
al132019,IRWIN,rs2-scwa-owi-cm-20190930t083654-20190930t083917-00003-______ll_gd_GEO-IRWIN.nc,28.66139411926269,316.5806884765625,2019-09-30T08:36:54.000000000
al132019,IRWIN,s1a-ew-owi-cm-20190930t210003-20190930t210142-000003-0352F9_ll_gd_GEO-IRWIN.nc,30.68987846374512,317.66607666015625,2019-09-30T21:00:03.000000000
al132019,IRWIN,s1a-ew-owi-cm-20190928t084309-20190928t084513-000003-0351A9_ll_gd_GEO-IRWIN.nc,21.50569725036621,315.2471618652344,2019-09-28T08:43:09.000000000
al132019,IRWIN,rs2-scwa-owi-cm-20190927t082744-20190927t083007-00003-______ll_gd_GEO-IRWIN.nc,18.46469497680664,317.76080322265625,2019-09-27T08:27:44.000000000
al132019,IRWIN,s1b-ew-owi-cm-20190926t203852-20190926t204117-000003-0224BA_ll_gd_GEO-IRWIN.nc,16.489105224609375,319.1167297363281,2019-09-26T20:38:52.000000000
al132019,IRWIN,s1b-ew-owi-cm-20190929t210610-20190929t210814-000003-02261A_ll_gd_GEO-IRWIN.nc,26.813936233520508,315.8193054199219,2019-09-29T21:06:10.000000000
sh232024,IRWIN,rcm3-sc50mc-owi-cm-20240502t153035-20240502t153151-00003-______ll_gd_GEO-IRWIN.nc,-8.800873756408691,43.88565444946289,2024-05-02T15:30:35.000000000
sh232024,IRWIN,rcm2-sclnd-owi-cm-20240502t022722-20240502t022845-00003-______ll_gd_GEO-IRWIN.nc,-9.0608491897583,44.27728271484375,2024-05-02T02:27:22.000000000
sh232024,IRWIN,rcm3-sc50mb-owi-cm-20240501t152256-20240501t152421-00003-______ll_gd_GEO-IRWIN.nc,-8.683927536010742,45.016231536865234,2024-05-01T15:22:56.000000000
sh232024,IRWIN,rcm3-sc50mc-owi-cm-20240503t153856-20240503t154012-00003-______ll_gd_GEO-IRWIN.nc,-8.073936462402344,41.58562088012695,2024-05-03T15:38:56.000000000
sh232024,IRWIN,rcm2-sc50mc-owi-cm-20240503t023549-20240503t023706-00003-______ll_gd_GEO-IRWIN.nc,-8.576217651367188,42.94523620605469,2024-05-03T02:35:49.000000000
sh232024,WV,rcm2-sc50mc-owi-cm-20240503t023549-20240503t023706-00003-______ll_gd_GEO-WV.nc,-8.576217651367188,42.94523620605469,2024-05-03T02:35:49.000000000
sh232024,WV,rcm3-sc50mb-owi-cm-20240501t152256-20240501t152421-00003-______ll_gd_GEO-WV.nc,-8.683927536010742,45.016231536865234,2024-05-01T15:22:56.000000000
sh232024,WV,rcm3-sc50mc-owi-cm-20240502t153035-20240502t153151-00003-______ll_gd_GEO-WV.nc,-8.800873756408691,43.88565444946289,2024-05-02T15:30:35.000000000
sh232024,WV,rcm3-sc50mc-owi-cm-20240503t153856-20240503t154012-00003-______ll_gd_GEO-WV.nc,-8.073936462402344,41.58562088012695,2024-05-03T15:38:56.000000000
sh232024,WV,rcm2-sclnd-owi-cm-20240502t022722-20240502t022845-00003-______ll_gd_GEO-WV.nc,-9.0608491897583,44.27728271484375,2024-05-02T02:27:22.000000000
al092025,IRWIN,rcm3-sc50mc-owi-cm-20251002t100303-20251002t100416-00003-xxxxx_ll_gd_GEO-IRWIN.nc,32.848392486572266,298.4769287109375,2025-10-02T10:03:03.000000000
al092025,IRWIN,rcm3-sclna-owi-cm-20250929t111710-20250929t111755-00003-xxxxx_ll_gd_GEO-IRWIN.nc,26.283283233642575,282.9091186523437,2025-09-29T11:17:10.000000000
al092025,IRWIN,rcm3-sclnd-owi-cm-20250928t232733-20250928t232819-00003-xxxxx_ll_gd_GEO-IRWIN.nc,24.561288833618164,282.8912353515625,2025-09-28T23:27:33.000000000
al092025,IRWIN,rcm1-sclna-owi-cm-20250929t230337-20250929t230447-00003-xxxxx_ll_gd_GEO-IRWIN.nc,27.975793838500977,282.6889038085937,2025-09-29T23:03:37.000000000
al092025,IRWIN,rcm1-sclnd-owi-cm-20250930t105224-20250930t105332-00003-xxxxx_ll_gd_GEO-IRWIN.nc,28.852237701416016,283.00164794921875,2025-09-30T10:52:24.000000000
al092025,IRWIN,rcm3-sc50ma-owi-cm-20251001t221627-20251001t221734-00003-xxxxx_ll_gd_GEO-IRWIN.nc,31.651317596435547,292.802490234375,2025-10-01T22:16:27.000000000
al092025,IRWIN,rcm1-sclnd-owi-cm-20250930t231116-20250930t231226-00003-xxxxx_ll_gd_GEO-IRWIN.nc,29.35482215881348,285.12017822265625,2025-09-30T23:11:16.000000000
sh182025,IRWIN,s1a-iw-owi-cm-20250222t193259-20250222t193442-000003-07294C_ll_gd_GEO-IRWIN.nc,-13.92431354522705,151.36581420898438,2025-02-22T19:32:59.000000000
sh182025,IRWIN,rcm2-sclna-owi-cm-20250222t193841-20250222t193958-00003-xxxxx_ll_gd_GEO-IRWIN.nc,-13.918167114257812,151.38302612304688,2025-02-22T19:38:41.000000000
sh182025,IRWIN,rcm3-sclnd-owi-cm-20250303t184600-20250303t184715-00003-xxxxx_ll_gd_GEO-IRWIN.nc,-27.024290084838867,158.72718811035156,2025-03-03T18:46:00.000000000
sh182025,IRWIN,s1a-ew-owi-cm-20250305t185718-20250305t185821-000003-072FD8_ll_gd_GEO-IRWIN.nc,-27.49010467529297,156.0884246826172,2025-03-05T18:57:18.000000000
sh182025,IRWIN,rcm3-sclnc-owi-cm-20250304t185407-20250304t185521-00003-xxxxx_ll_gd_GEO-IRWIN.nc,-28.078584671020508,157.31349182128906,2025-03-04T18:54:07.000000000
sh182025,IRWIN,s1a-ew-owi-cm-20250226t081107-20250226t081211-000003-072B64_ll_gd_GEO-IRWIN.nc,-15.339350700378418,155.28961181640625,2025-02-26T08:11:07.000000000
sh182025,IRWIN,rcm1-sclnd-owi-cm-20250225t185846-20250225t190001-00003-xxxxx_ll_gd_GEO-IRWIN.nc,-14.650495529174805,154.8944091796875,2025-02-25T18:58:46.000000000
sh182025,IRWIN,rcm3-sclnb-owi-cm-20250303t080349-20250303t080504-00003-xxxxx_ll_gd_GEO-IRWIN.nc,-26.44370651245117,157.8903350830078,2025-03-03T08:03:49.000000000
sh182025,IRWIN,rcm2-sclnd-owi-cm-20250301t082048-20250301t082204-00003-xxxxx_ll_gd_GEO-IRWIN.nc,-21.891111373901367,155.3930206298828,2025-03-01T08:20:48.000000000
sh182025,IRWIN,rcm2-sclnd-owi-cm-20250301t190029-20250301t190146-00003-xxxxx_ll_gd_GEO-IRWIN.nc,-22.836803436279297,155.4065399169922,2025-03-01T19:00:29.000000000
sh182025,IRWIN,rcm1-sclna-owi-cm-20250227t191519-20250227t191634-00003-xxxxx_ll_gd_GEO-IRWIN.nc,-18.55656623840332,155.53903198242188,2025-02-27T19:15:19.000000000
sh182025,IRWIN,rcm2-sclna-owi-cm-20250302t190904-20250302t191018-00003-xxxxx_ll_gd_GEO-IRWIN.nc,-25.15829849243164,156.7191162109375,2025-03-02T19:09:04.000000000
sh182025,IRWIN,rcm1-sclna-owi-cm-20250223t080636-20250223t080750-00003-xxxxx_ll_gd_GEO-IRWIN.nc,-14.595992088317873,152.98751831054688,2025-02-23T08:06:36.000000000
sh182025,IRWIN,rcm3-sclnb-owi-cm-20250305t190206-20250305t190321-00003-xxxxx_ll_gd_GEO-IRWIN.nc,-27.49010467529297,156.0884246826172,2025-03-05T19:02:06.000000000
sh182025,IRWIN,rcm2-sclna-owi-cm-20250226t075822-20250226t075937-00003-xxxxx_ll_gd_GEO-IRWIN.nc,-15.328520774841309,155.28314208984375,2025-02-26T07:58:22.000000000
sh182025,IRWIN,rcm3-sclnc-owi-cm-20250222t083055-20250222t083210-00003-xxxxx_ll_gd_GEO-IRWIN.nc,-14.706207275390623,150.2516632080078,2025-02-22T08:30:55.000000000
sh182025,IRWIN,rcm1-sclnd-owi-cm-20250226t190710-20250226t190825-00003-xxxxx_ll_gd_GEO-IRWIN.nc,-16.231929779052734,155.3999786376953,2025-02-26T19:07:10.000000000
sh182025,IRWIN,rcm3-sclnd-owi-cm-20250304t081121-20250304t081237-00003-xxxxx_ll_gd_GEO-IRWIN.nc,-28.03678321838379,158.7986602783203,2025-03-04T08:11:21.000000000
sh182025,IRWIN,rcm3-sclnd-owi-cm-20250223t191456-20250223t191612-00003-xxxxx_ll_gd_GEO-IRWIN.nc,-14.05905818939209,153.80796813964844,2025-02-23T19:14:56.000000000
sh182025,IRWIN,rcm2-sclnb-owi-cm-20250227t080556-20250227t080713-00003-xxxxx_ll_gd_GEO-IRWIN.nc,-17.62786293029785,155.5107879638672,2025-02-27T08:05:56.000000000
sh182025,IRWIN,rcm3-sclnd-owi-cm-20250305t081929-20250305t082046-00003-xxxxx_ll_gd_GEO-IRWIN.nc,-27.26419448852539,156.6497039794922,2025-03-05T08:19:29.000000000
sh182025,IRWIN,rcm3-sclna-owi-cm-20250307t191809-20250307t191924-00003-xxxxx_ll_gd_GEO-IRWIN.nc,-27.1335563659668,153.3841094970703,2025-03-07T19:18:09.000000000
sh182025,IRWIN,rcm3-sclnb-owi-cm-20250306t191017-20250306t191133-00003-xxxxx_ll_gd_GEO-IRWIN.nc,-27.43625831604004,154.83010864257812,2025-03-06T19:10:17.000000000
sh222022,IRWIN,rs2-scwa-owi-cm-20220325t133717-20220325t133833-00003-______ll_gd_GEO-IRWIN.nc,-14.303595542907717,73.39422607421875,2022-03-25T13:37:17.000000000
sh222022,IRWIN,s1a-ew-owi-cm-20220324t132353-20220324t132628-000003-05105F_ll_gd_GEO-IRWIN.nc,-13.140658378601074,74.41818237304688,2022-03-24T13:23:53.000000000
sh222022,IRWIN,rs2-scwa-owi-cm-20220326t004133-20220326t004249-00003-______ll_gd_GEO-IRWIN.nc,-15.58175563812256,73.51934051513672,2022-03-26T00:41:33.000000000
wp232024,IRWIN,rcm3-sclnd-owi-cm-20241026t204253-20241026t204408-00003-______ll_gd_GEO-IRWIN.nc,16.715612411499023,133.72726440429688,2024-10-26T20:42:53.000000000
wp232024,IRWIN,rcm2-sc50mb-owi-cm-20241029t094359-20241029t094440-00003-______ll_gd_GEO-IRWIN.nc,18.10978507995605,126.11469268798828,2024-10-29T09:43:59.000000000
wp232024,IRWIN,rcm2-sc50mc-owi-cm-20241027t092738-20241027t092856-00003-______ll_gd_GEO-IRWIN.nc,16.53220558166504,131.4732666015625,2024-10-27T09:27:38.000000000
wp232024,IRWIN,s1a-iw-owi-cm-20241031t215153-20241031t215312-000003-06E739_ll_gd_GEO-IRWIN.nc,26.20958709716797,120.34133911132812,2024-10-31T21:51:53.000000000
wp232024,IRWIN,rcm3-sclnd-owi-cm-20241025t083928-20241025t084014-00003-______ll_gd_GEO-IRWIN.nc,14.927742958068848,142.42257690429688,2024-10-25T08:39:28.000000000
wp232024,IRWIN,s1a-ew-owi-cm-20241028t212917-20241028t213021-000003-06E57F_ll_gd_GEO-IRWIN.nc,17.230924606323242,127.4935302734375,2024-10-28T21:29:17.000000000
wp232024,IRWIN,rcm3-sclna-owi-cm-20241025t203443-20241025t203559-00003-______ll_gd_GEO-IRWIN.nc,16.09758949279785,138.597900390625,2024-10-25T20:34:43.000000000
wp232024,IRWIN,rcm2-sc50mb-owi-cm-20241030t095233-20241030t095334-00003-______ll_gd_GEO-IRWIN.nc,20.207612991333008,123.8209228515625,2024-10-30T09:52:33.000000000
wp232024,IRWIN,rcm2-sc50mc-owi-cm-20241028t093540-20241028t093657-00003-______ll_gd_GEO-IRWIN.nc,16.561328887939453,128.4830780029297,2024-10-28T09:35:40.000000000
wp232024,IRWIN,rcm3-sclna-owi-cm-20241026t084750-20241026t084904-00003-______ll_gd_GEO-IRWIN.nc,16.551395416259766,136.00328063964844,2024-10-26T08:47:50.000000000
wp232024,WV,rcm2-sc50mc-owi-cm-20241028t093540-20241028t093657-00003-______ll_gd_GEO-WV.nc,16.561323165893555,128.4830780029297,2024-10-28T09:35:40.000000000
wp232024,WV,s1a-iw-owi-cm-20241031t215153-20241031t215312-000003-06E739_ll_gd_GEO-WV.nc,26.20956420898437,120.34132385253906,2024-10-31T21:51:53.000000000
wp232024,WV,rcm2-sc50mc-owi-cm-20241027t092738-20241027t092856-00003-______ll_gd_GEO-WV.nc,16.532207489013672,131.47328186035156,2024-10-27T09:27:38.000000000
wp232024,WV,rcm2-sc50mb-owi-cm-20241029t094359-20241029t094440-00003-______ll_gd_GEO-WV.nc,18.109777450561523,126.1147003173828,2024-10-29T09:43:59.000000000
wp232024,WV,rcm3-sclnd-owi-cm-20241026t204253-20241026t204408-00003-______ll_gd_GEO-WV.nc,16.715612411499023,133.72727966308594,2024-10-26T20:42:53.000000000
wp232024,WV,rcm3-sclnd-owi-cm-20241025t083928-20241025t084014-00003-______ll_gd_GEO-WV.nc,14.927732467651367,142.42262268066406,2024-10-25T08:39:28.000000000
wp232024,WV,rcm3-sclna-owi-cm-20241026t084750-20241026t084904-00003-______ll_gd_GEO-WV.nc,16.551395416259766,136.0032958984375,2024-10-26T08:47:50.000000000
wp232024,WV,rcm2-sc50mb-owi-cm-20241030t095233-20241030t095334-00003-______ll_gd_GEO-WV.nc,20.207603454589844,123.82093048095705,2024-10-30T09:52:33.000000000
wp232024,WV,rcm3-sclna-owi-cm-20241025t203443-20241025t203559-00003-______ll_gd_GEO-WV.nc,16.097583770751953,138.59793090820312,2024-10-25T20:34:43.000000000
wp232024,WV,s1a-ew-owi-cm-20241028t212917-20241028t213021-000003-06E57F_ll_gd_GEO-WV.nc,17.230918884277344,127.49354553222656,2024-10-28T21:29:17.000000000
al062025,IRWIN,rcm3-sc50ma-owi-cm-20250826t095327-20250826t095414-00003-xxxxx_ll_gd_GEO-IRWIN.nc,37.01569747924805,304.6084899902344,2025-08-26T09:53:27.000000000
al062025,IRWIN,rcm1-sc50mc-owi-cm-20250827t092853-20250827t092952-00003-xxxxx_ll_gd_GEO-IRWIN.nc,38.18254089355469,309.13507080078125,2025-08-27T09:28:53.000000000
al062025,IRWIN,rcm2-sc50ma-owi-cm-20250826t211403-20250826t211502-00003-xxxxx_ll_gd_GEO-IRWIN.nc,38.031551361083984,306.6839294433594,2025-08-26T21:14:03.000000000
al062025,IRWIN,rcm3-sc50mc-owi-cm-20250825t094647-20250825t094801-00003-xxxxx_ll_gd_GEO-IRWIN.nc,33.50962829589844,301.3771057128906,2025-08-25T09:46:47.000000000
wp022021,IRWIN,s1b-ew-owi-cm-20210416t204923-20210416t205128-000003-0329DA_ll_gd_GEO-IRWIN.nc,10.33254623413086,131.60926818847656,2021-04-16T20:49:23.000000000
wp022021,IRWIN,rcm2-sc50md-owi-cm-20210422t211644-20210422t212548-00003-______ll_gd_GEO-IRWIN.nc,21.97944641113281,127.47569274902344,2021-04-22T21:16:44.000000000
wp022021,IRWIN,rs2-scwa-owi-cm-20210419t212838-20210419t212954-00003-______ll_gd_GEO-IRWIN.nc,15.272055625915527,126.21197509765624,2021-04-19T21:28:38.000000000
wp022021,IRWIN,s1a-ew-owi-cm-20210421t093352-20210421t093556-000003-046D8B_ll_gd_GEO-IRWIN.nc,18.52155494689941,124.82241821289062,2021-04-21T09:33:52.000000000
wp022021,IRWIN,rcm1-sc50ma-owi-cm-20210420t094105-20210420t094513-00003-______ll_gd_GEO-IRWIN.nc,16.216957092285156,125.95555114746094,2021-04-20T09:41:05.000000000
wp022021,IRWIN,s1a-iw-owi-cm-20210419t094935-20210419t095129-000003-046C7F_ll_gd_GEO-IRWIN.nc,14.615378379821776,126.30513763427734,2021-04-19T09:49:35.000000000
wp022021,IRWIN,s1b-ew-owi-cm-20210422t213524-20210422t213729-000003-032CBB_ll_gd_GEO-IRWIN.nc,22.02069854736328,127.5390853881836,2021-04-22T21:35:24.000000000
wp022021,IRWIN,s1b-iw-owi-cm-20210420t094117-20210420t094300-000003-032B99_ll_gd_GEO-IRWIN.nc,16.216957092285156,125.95555114746094,2021-04-20T09:41:17.000000000
wp022021,IRWIN,s1b-ew-owi-cm-20210417t091424-20210417t091628-000003-032A1A_ll_gd_GEO-IRWIN.nc,11.728464126586914,129.6031036376953,2021-04-17T09:14:24.000000000
wp022021,IRWIN,rcm1-sc50ma-owi-cm-20210419t093250-20210419t093822-00003-______ll_gd_GEO-IRWIN.nc,14.605113983154297,126.30413818359376,2021-04-19T09:32:50.000000000
wp022021,IRWIN,s1b-iw-owi-cm-20210417t213016-20210417t213110-000003-032A68_ll_gd_GEO-IRWIN.nc,12.917729377746582,127.99183654785156,2021-04-17T21:30:16.000000000
wp022021,IRWIN,rs2-scwa-owi-cm-20210418t093003-20210418t093118-00003-______ll_gd_GEO-IRWIN.nc,13.513503074645996,126.8601303100586,2021-04-18T09:30:03.000000000
wp022021,IRWIN,s1a-iw-owi-cm-20210418t212223-20210418t212342-000003-046C42_ll_gd_GEO-IRWIN.nc,14.068007469177246,126.42765808105467,2021-04-18T21:22:23.000000000
wp022021,IRWIN,s1a-ew-owi-cm-20210423t091848-20210423t092013-000003-046E76_ll_gd_GEO-IRWIN.nc,23.17594718933105,129.6409454345703,2021-04-23T09:18:48.000000000
wp022021,IRWIN,rcm1-sc50md-owi-cm-20210418t211549-20210418t212533-00003-______ll_gd_GEO-IRWIN.nc,14.068007469177246,126.42765808105467,2021-04-18T21:15:49.000000000
wp022021,IRWIN,rs2-scwa-owi-cm-20210421t094352-20210421t094508-00003-______ll_gd_GEO-IRWIN.nc,18.541486740112305,124.82050323486328,2021-04-21T09:43:52.000000000
wp022021,IRWIN,rcm1-sc50md-owi-cm-20210417t211214-20210417t211638-00003-______ll_gd_GEO-IRWIN.nc,12.890294075012209,128.02978515625,2021-04-17T21:12:14.000000000
wp022021,IRWIN,s1b-ew-owi-cm-20210424t090925-20210424t091159-000003-032D63_ll_gd_GEO-IRWIN.nc,22.459760665893555,132.3458251953125,2021-04-24T09:09:25.000000000
sh152025,IRWIN,rcm1-sclnc-owi-cm-20250204t174758-20250204t174911-00003-xxxxx_ll_gd_GEO-IRWIN.nc,-21.40062141418457,173.19224548339844,2025-02-04T17:47:58.000000000
sh152025,IRWIN,rcm1-sclnd-owi-cm-20250204t070815-20250204t070932-00003-xxxxx_ll_gd_GEO-IRWIN.nc,-21.326555252075195,171.18162536621094,2025-02-04T07:08:15.000000000
sh152025,IRWIN,s1a-iw-owi-cm-20250203t071250-20250203t071434-000003-071DD2_ll_gd_GEO-IRWIN.nc,-20.850366592407227,167.82606506347656,2025-02-03T07:12:50.000000000
sh152025,IRWIN,rcm3-sclna-owi-cm-20250203t181211-20250203t181327-00003-xxxxx_ll_gd_GEO-IRWIN.nc,-21.20401763916016,168.52735900878906,2025-02-03T18:12:11.000000000
sh132023,IRWIN,rcm3-sclnc-owi-cm-20230215t140518-20230215t140635-00003-______ll_gd_GEO-IRWIN.nc,-28.160005569458008,68.70249938964844,2023-02-15T14:05:18.000000000
sh132023,IRWIN,rcm3-sclnd-owi-cm-20230214t135843-20230214t135935-00003-______ll_gd_GEO-IRWIN.nc,-23.72980690002441,71.92022705078125,2023-02-14T13:58:43.000000000
sh132023,IRWIN,rcm3-sclnd-owi-cm-20230216t004822-20230216t004938-00003-______ll_gd_GEO-IRWIN.nc,-30.26861953735352,67.31776428222656,2023-02-16T00:48:22.000000000
sh132023,IRWIN,rcm3-sclnd-owi-cm-20230215t003856-20230215t004011-00003-______ll_gd_GEO-IRWIN.nc,-25.716215133666992,70.51305389404297,2023-02-15T00:38:56.000000000
sh132023,IRWIN,s1a-ew-owi-cm-20230215t004148-20230215t004408-000003-05AB21_ll_gd_GEO-IRWIN.nc,-25.716215133666992,70.51305389404297,2023-02-15T00:41:48.000000000
sh132023,IRWIN,s1a-ew-owi-cm-20230214t134626-20230214t134830-000003-05AAE6_ll_gd_GEO-IRWIN.nc,-23.72980690002441,71.92022705078125,2023-02-14T13:46:26.000000000
sh132023,IRWIN,rcm3-sclnd-owi-cm-20230214t003004-20230214t003120-00003-______ll_gd_GEO-IRWIN.nc,-21.403091430664062,72.66801452636719,2023-02-14T00:30:04.000000000
al032025,IRWIN,rcm3-sclnd-owi-cm-20250705t232034-20250705t232148-00003-xxxxx_ll_gd_GEO-IRWIN.nc,32.22239303588867,281.3143920898437,2025-07-05T23:20:34.000000000
al032025,IRWIN,rcm3-sclnd-owi-cm-20250706t110736-20250706t110824-00003-xxxxx_ll_gd_GEO-IRWIN.nc,33.94020462036133,280.83526611328125,2025-07-06T11:07:36.000000000
al032025,IRWIN,rcm3-sclna-owi-cm-20250707t111514-20250707t111539-00003-xxxxx_ll_gd_GEO-IRWIN.nc,37.16526412963867,282.7866516113281,2025-07-07T11:15:14.000000000
sh122025,IRWIN,rcm2-sclnc-owi-cm-20250131t021637-20250131t021752-00003-xxxxx_ll_gd_GEO-IRWIN.nc,-31.05469512939453,47.94340896606445,2025-01-31T02:16:37.000000000
sh122025,IRWIN,rcm3-sclna-owi-cm-20250131t150842-20250131t150958-00003-xxxxx_ll_gd_GEO-IRWIN.nc,-33.61561965942383,50.09558868408203,2025-01-31T15:08:42.000000000
sh122025,IRWIN,rcm2-sclnb-owi-cm-20250130t153347-20250130t153501-00003-xxxxx_ll_gd_GEO-IRWIN.nc,-29.054800033569336,46.34525680541992,2025-01-30T15:33:47.000000000
sh122025,IRWIN,rcm3-sclna-owi-cm-20250201t015420-20250201t015536-00003-xxxxx_ll_gd_GEO-IRWIN.nc,-37.12678909301758,53.15239334106445,2025-02-01T01:54:20.000000000
sh192022,IRWIN,s1a-iw-owi-cm-20220309t022620-20220309t022739-000003-0508C0_ll_gd_GEO-IRWIN.nc,-14.900593757629396,46.60796356201172,2022-03-09T02:26:20.000000000
sh172024,IRWIN,rcm1-sclnc-owi-cm-20240313t161331-20240313t161447-00003-______ll_gd_GEO-IRWIN.nc,-27.82123565673828,35.06193923950195,2024-03-13T16:13:31.000000000
sh172024,IRWIN,rcm2-sclnd-owi-cm-20240314t154748-20240314t154905-00003-______ll_gd_GEO-IRWIN.nc,-35.048763275146484,46.75360107421875,2024-03-14T15:47:48.000000000
sh172024,IRWIN,rcm1-sclna-owi-cm-20240312t160634-20240312t160750-00003-______ll_gd_GEO-IRWIN.nc,-23.88398551940918,33.89181137084961,2024-03-12T16:06:34.000000000
sh172024,IRWIN,rcm3-sclnb-owi-cm-20240312t031118-20240312t031234-00003-______ll_gd_GEO-IRWIN.nc,-20.999290466308597,35.26538848876953,2024-03-12T03:11:18.000000000
sh172024,WV,rcm1-sclnc-owi-cm-20240313t161331-20240313t161447-00003-______ll_gd_GEO-WV.nc,-27.82123565673828,35.06193923950195,2024-03-13T16:13:31.000000000
sh172024,WV,rcm3-sclnb-owi-cm-20240312t031118-20240312t031234-00003-______ll_gd_GEO-WV.nc,-20.999290466308597,35.26538848876953,2024-03-12T03:11:18.000000000
sh172024,WV,rcm2-sclnd-owi-cm-20240314t154748-20240314t154905-00003-______ll_gd_GEO-WV.nc,-35.048763275146484,46.75360107421875,2024-03-14T15:47:48.000000000
sh172024,WV,rcm1-sclna-owi-cm-20240312t160634-20240312t160750-00003-______ll_gd_GEO-WV.nc,-23.88398551940918,33.89181137084961,2024-03-12T16:06:34.000000000
io052023,IRWIN,rcm2-sc50ma-owi-cm-20231022t142409-20231022t142527-00003-______ll_gd_GEO-IRWIN.nc,13.63234806060791,54.09879302978516,2023-10-22T14:24:09.000000000
ep192023,IRWIN,rcm1-sc50ma-owi-cm-20231031t120038-20231031t120203-00003-______ll_gd_GEO-IRWIN.nc,11.201361656188965,269.8050842285156,2023-10-31T12:00:38.000000000
ep192023,IRWIN,rcm1-sc50mc-owi-cm-20231103t122536-20231103t122653-00003-______ll_gd_GEO-IRWIN.nc,10.283088684082031,257.61627197265625,2023-11-03T12:25:36.000000000
ep192023,IRWIN,rcm3-sc50mc-owi-cm-20231104t010656-20231104t010814-00003-______ll_gd_GEO-IRWIN.nc,10.092997550964355,253.9886779785156,2023-11-04T01:06:56.000000000
ep192023,IRWIN,s1a-iw-owi-cm-20231102t002153-20231102t002312-000003-06273D_ll_gd_GEO-IRWIN.nc,12.40158748626709,267.8235778808594,2023-11-02T00:21:53.000000000
ep192023,IRWIN,rcm1-sc50mc-owi-cm-20231101t001102-20231101t001218-00003-______ll_gd_GEO-IRWIN.nc,11.715203285217283,270.6042175292969,2023-11-01T00:11:02.000000000
ep192023,IRWIN,rcm1-sc50mc-owi-cm-20231030t115255-20231030t115412-00003-______ll_gd_GEO-IRWIN.nc,10.998669624328612,268.2957763671875,2023-10-30T11:52:55.000000000
ep192023,IRWIN,rcm3-sc50ma-owi-cm-20231104t130557-20231104t130711-00003-______ll_gd_GEO-IRWIN.nc,10.11321258544922,251.2187042236328,2023-11-04T13:05:57.000000000
ep192023,IRWIN,rcm1-sc50mc-owi-cm-20231102t001849-20231102t002007-00003-______ll_gd_GEO-IRWIN.nc,12.40158748626709,267.8235778808594,2023-11-02T00:18:49.000000000
ep192023,IRWIN,rcm3-sc50mc-owi-cm-20231105t131410-20231105t131526-00003-______ll_gd_GEO-IRWIN.nc,10.50261688232422,246.79237365722656,2023-11-05T13:14:10.000000000
io012021,IRWIN,rs2-scwa-owi-cm-20210517t010128-20210517t010351-00003-______ll_gd_GEO-IRWIN.nc,18.45579719543457,71.76734924316406,2021-05-17T01:01:28.000000000
wp192020,IRWIN,s1b-iw-owi-cm-20201020t095807-20201020t095922-000003-02D69A_ll_gd_GEO-IRWIN.nc,15.932775497436523,122.81067657470705,2020-10-20T09:58:07.000000000
ep042025,IRWIN,rcm3-sc50mc-owi-cm-20250615t011658-20250615t011808-00003-xxxxx_ll_gd_GEO-IRWIN.nc,17.728105545043945,254.29763793945312,2025-06-15T01:16:58.000000000
ep042025,IRWIN,rcm3-sc50ma-owi-cm-20250615t131204-20250615t131317-00003-xxxxx_ll_gd_GEO-IRWIN.nc,18.143672943115234,252.48568725585935,2025-06-15T13:12:04.000000000
ep042025,IRWIN,s1a-iw-owi-cm-20250615t125803-20250615t125912-000003-076848_ll_gd_GEO-IRWIN.nc,18.13219451904297,252.51654052734372,2025-06-15T12:58:03.000000000
ep042025,IRWIN,rcm1-sc50mc-owi-cm-20250613t122505-20250613t122615-00003-xxxxx_ll_gd_GEO-IRWIN.nc,13.566871643066406,258.655029296875,2025-06-13T12:25:05.000000000
sh242024,IRWIN,rcm2-sc50ma-owi-cm-20240519t150658-20240519t150813-00003-______ll_gd_GEO-IRWIN.nc,-7.092251777648926,45.01676177978516,2024-05-19T15:06:58.000000000
sh242024,IRWIN,rcm2-sc50ma-owi-cm-20240518t145836-20240518t145953-00003-______ll_gd_GEO-IRWIN.nc,-7.828827857971191,47.433292388916016,2024-05-18T14:58:36.000000000
sh242024,IRWIN,rcm2-sc50mc-owi-cm-20240521t152403-20240521t152520-00003-______ll_gd_GEO-IRWIN.nc,-4.37951135635376,41.96025085449219,2024-05-21T15:24:03.000000000
sh242024,IRWIN,rcm2-sc50mb-owi-cm-20240520t151538-20240520t151652-00003-______ll_gd_GEO-IRWIN.nc,-5.860692024230957,43.37108612060547,2024-05-20T15:15:38.000000000
sh242024,IRWIN,rcm3-sc50ma-owi-cm-20240519t023525-20240519t023640-00003-______ll_gd_GEO-IRWIN.nc,-7.546453952789307,46.30955505371094,2024-05-19T02:35:25.000000000
sh242024,IRWIN,rcm3-sc50ma-owi-cm-20240517t021901-20240517t022016-00003-______ll_gd_GEO-IRWIN.nc,-9.078858375549316,51.50626373291016,2024-05-17T02:19:01.000000000
sh242024,IRWIN,rcm2-sc50ma-owi-cm-20240517t145041-20240517t145159-00003-______ll_gd_GEO-IRWIN.nc,-8.68673324584961,50.17886352539063,2024-05-17T14:50:41.000000000
sh242024,IRWIN,rcm2-sc50ma-owi-cm-20240516t144257-20240516t144414-00003-______ll_gd_GEO-IRWIN.nc,-9.145027160644531,52.35648727416992,2024-05-16T14:42:57.000000000
sh242024,WV,rcm3-sc50ma-owi-cm-20240519t023525-20240519t023640-00003-______ll_gd_GEO-WV.nc,-7.546453952789307,46.30955505371094,2024-05-19T02:35:25.000000000
sh242024,WV,rcm2-sc50mb-owi-cm-20240520t151538-20240520t151652-00003-______ll_gd_GEO-WV.nc,-5.860692024230957,43.37108612060547,2024-05-20T15:15:38.000000000
sh242024,WV,rcm3-sc50ma-owi-cm-20240517t021901-20240517t022016-00003-______ll_gd_GEO-WV.nc,-9.078858375549316,51.50626373291016,2024-05-17T02:19:01.000000000
sh242024,WV,rcm2-sc50ma-owi-cm-20240519t150658-20240519t150813-00003-______ll_gd_GEO-WV.nc,-7.092251777648926,45.01676177978516,2024-05-19T15:06:58.000000000
sh242024,WV,rcm2-sc50ma-owi-cm-20240517t145041-20240517t145159-00003-______ll_gd_GEO-WV.nc,-8.68673324584961,50.17886352539063,2024-05-17T14:50:41.000000000
sh242024,WV,rcm2-sc50ma-owi-cm-20240516t144257-20240516t144414-00003-______ll_gd_GEO-WV.nc,-9.145027160644531,52.35648727416992,2024-05-16T14:42:57.000000000
sh242024,WV,rcm2-sc50mc-owi-cm-20240521t152403-20240521t152520-00003-______ll_gd_GEO-WV.nc,-4.37951135635376,41.96025085449219,2024-05-21T15:24:03.000000000
wp112023,IRWIN,rcm1-sc50mc-owi-cm-20230907t085844-20230907t090000-00003-______ll_gd_GEO-IRWIN.nc,28.609580993652344,135.73403930664062,2023-09-07T08:58:44.000000000
wp262019,IRWIN,rs2-scwa-owi-cm-20191114t201229-20191114t201344-00003-______ll_gd_GEO-IRWIN.nc,18.474090576171875,144.4547882080078,2019-11-14T20:12:29.000000000
wp242024,IRWIN,rcm1-sc50mb-owi-cm-20241105t213025-20241105t213142-00003-______ll_gd_GEO-IRWIN.nc,17.944517135620117,124.84233856201172,2024-11-05T21:30:25.000000000
wp242024,IRWIN,rcm1-sc50ma-owi-cm-20241106t094407-20241106t094524-00003-______ll_gd_GEO-IRWIN.nc,18.094392776489254,124.15902709960938,2024-11-06T09:44:07.000000000
wp242024,IRWIN,rcm3-sc50mc-owi-cm-20241110t104857-20241110t104949-00003-______ll_gd_GEO-IRWIN.nc,18.80835723876953,112.8863525390625,2024-11-10T10:48:57.000000000
wp242024,IRWIN,rcm1-sc50ma-owi-cm-20241105t093538-20241105t093655-00003-______ll_gd_GEO-IRWIN.nc,17.105167388916016,125.99303436279295,2024-11-05T09:35:38.000000000
wp242024,IRWIN,rcm1-sc50mc-owi-cm-20241104t092631-20241104t092859-00003-______ll_gd_GEO-IRWIN.nc,13.80108642578125,130.64013671875,2024-11-04T09:26:31.000000000
wp242024,IRWIN,rcm1-sc50ma-owi-cm-20241104t212246-20241104t212403-00003-______ll_gd_GEO-IRWIN.nc,15.83225917816162,127.9763412475586,2024-11-04T21:22:46.000000000
wp242024,IRWIN,rcm1-sc50ma-owi-cm-20241107t095211-20241107t095323-00003-______ll_gd_GEO-IRWIN.nc,18.596031188964844,121.81661987304688,2024-11-07T09:52:11.000000000
wp242024,IRWIN,s1a-ew-owi-cm-20241104t212136-20241104t212239-000003-06E988_ll_gd_GEO-IRWIN.nc,15.83225917816162,127.9763412475586,2024-11-04T21:21:36.000000000
wp242024,IRWIN,rcm1-sc50mc-owi-cm-20241106t213828-20241106t213936-00003-______ll_gd_GEO-IRWIN.nc,18.525775909423828,123.32505798339844,2024-11-06T21:38:28.000000000
wp242024,IRWIN,s1a-ew-owi-cm-20241111t104019-20241111t104122-000003-06ED50_ll_gd_GEO-IRWIN.nc,15.849397659301758,110.48570251464844,2024-11-11T10:40:19.000000000
wp242024,IRWIN,s1a-iw-owi-cm-20241107t214556-20241107t214715-000003-06EB42_ll_gd_GEO-IRWIN.nc,18.143991470336918,119.6498794555664,2024-11-07T21:45:56.000000000
wp242024,IRWIN,s1a-ew-owi-cm-20241108t101553-20241108t101657-000003-06EB89_ll_gd_GEO-IRWIN.nc,18.393842697143555,117.21814727783205,2024-11-08T10:15:53.000000000
wp242024,IRWIN,rcm3-sc50mc-owi-cm-20241111t105627-20241111t105713-00003-______ll_gd_GEO-IRWIN.nc,15.813085556030272,110.4638214111328,2024-11-11T10:56:27.000000000
wp242024,IRWIN,rcm1-sc50mc-owi-cm-20241107t214632-20241107t214739-00003-______ll_gd_GEO-IRWIN.nc,18.143991470336918,119.6498794555664,2024-11-07T21:46:32.000000000
wp242024,WV,rcm1-sc50mc-owi-cm-20241104t092631-20241104t092859-00003-______ll_gd_GEO-WV.nc,13.801066398620604,130.64016723632812,2024-11-04T09:26:31.000000000
wp242024,WV,rcm3-sc50mc-owi-cm-20241110t104857-20241110t104949-00003-______ll_gd_GEO-WV.nc,18.80836296081543,112.88636016845705,2024-11-10T10:48:57.000000000
wp242024,WV,rcm1-sc50ma-owi-cm-20241107t095211-20241107t095323-00003-______ll_gd_GEO-WV.nc,18.596027374267575,121.8166275024414,2024-11-07T09:52:11.000000000
wp242024,WV,s1a-ew-owi-cm-20241108t101553-20241108t101657-000003-06EB89_ll_gd_GEO-WV.nc,18.393842697143555,117.2181625366211,2024-11-08T10:15:53.000000000
wp242024,WV,s1a-ew-owi-cm-20241111t104019-20241111t104122-000003-06ED50_ll_gd_GEO-WV.nc,15.849407196044922,110.48571014404295,2024-11-11T10:40:19.000000000
wp242024,WV,rcm1-sc50mb-owi-cm-20241105t213025-20241105t213142-00003-______ll_gd_GEO-WV.nc,17.944515228271484,124.84234619140624,2024-11-05T21:30:25.000000000
wp242024,WV,s1a-iw-owi-cm-20241107t214556-20241107t214715-000003-06EB42_ll_gd_GEO-WV.nc,18.14398956298828,119.64989471435548,2024-11-07T21:45:56.000000000
wp242024,WV,rcm1-sc50ma-owi-cm-20241105t093538-20241105t093655-00003-______ll_gd_GEO-WV.nc,17.105159759521484,125.99304962158205,2024-11-05T09:35:38.000000000
wp242024,WV,rcm1-sc50ma-owi-cm-20241104t212246-20241104t212403-00003-______ll_gd_GEO-WV.nc,15.832244873046877,127.9763641357422,2024-11-04T21:22:46.000000000
wp242024,WV,rcm1-sc50mc-owi-cm-20241106t213828-20241106t213936-00003-______ll_gd_GEO-WV.nc,18.52577018737793,123.32506561279295,2024-11-06T21:38:28.000000000
wp242024,WV,rcm1-sc50ma-owi-cm-20241106t094407-20241106t094524-00003-______ll_gd_GEO-WV.nc,18.09439468383789,124.1590347290039,2024-11-06T09:44:07.000000000
wp242024,WV,rcm1-sc50mc-owi-cm-20241107t214632-20241107t214739-00003-______ll_gd_GEO-WV.nc,18.14398956298828,119.64989471435548,2024-11-07T21:46:32.000000000
wp242024,WV,rcm3-sc50mc-owi-cm-20241111t105627-20241111t105713-00003-______ll_gd_GEO-WV.nc,15.813096046447754,110.46382904052734,2024-11-11T10:56:27.000000000
wp242024,WV,s1a-ew-owi-cm-20241104t212136-20241104t212239-000003-06E988_ll_gd_GEO-WV.nc,15.832244873046877,127.9763641357422,2024-11-04T21:21:36.000000000
wp042023,IRWIN,rcm3-sc50mb-owi-cm-20230716t102436-20230716t102553-00003-______ll_gd_GEO-IRWIN.nc,19.517507553100582,114.86166381835938,2023-07-16T10:24:36.000000000
wp042023,IRWIN,rcm3-sc50mc-owi-cm-20230716t221835-20230716t221951-00003-______ll_gd_GEO-IRWIN.nc,19.88869857788086,113.5045166015625,2023-07-16T22:18:35.000000000
wp042023,IRWIN,rcm3-sc50mc-owi-cm-20230717t222646-20230717t222735-00003-______ll_gd_GEO-IRWIN.nc,21.822643280029297,109.05441284179688,2023-07-17T22:26:46.000000000
wp042023,IRWIN,rcm3-sc50ma-owi-cm-20230717t103305-20230717t103402-00003-______ll_gd_GEO-IRWIN.nc,21.122913360595703,111.09139251708984,2023-07-17T10:33:05.000000000
wp042023,IRWIN,rcm3-sclna-owi-cm-20230717t103401-20230717t103420-00003-______ll_gd_GEO-IRWIN.nc,21.122913360595703,111.09139251708984,2023-07-17T10:34:01.000000000
ep012025,IRWIN,rcm2-sc50ma-owi-cm-20250530t131213-20250530t131330-00003-xxxxx_ll_gd_GEO-IRWIN.nc,17.15606689453125,251.3252868652344,2025-05-30T13:12:13.000000000
ep012025,IRWIN,rcm2-sc50mc-owi-cm-20250531t012516-20250531t012631-00003-xxxxx_ll_gd_GEO-IRWIN.nc,18.93232536315918,250.9677276611328,2025-05-31T01:25:16.000000000
al122021,IRWIN,rcm3-sc50mb-owi-cm-20210910t213138-20210910t213232-00003-______ll_gd_GEO-IRWIN.nc,43.74073028564453,302.0872802734375,2021-09-10T21:31:38.000000000
al122021,IRWIN,s1b-ew-owi-cm-20210904t085102-20210904t085352-000003-036818_ll_gd_GEO-IRWIN.nc,16.095012664794922,315.3639221191406,2021-09-04T08:51:02.000000000
al122021,IRWIN,s1b-ew-owi-cm-20210907t214630-20210907t215005-000003-0369AB_ll_gd_GEO-IRWIN.nc,25.15264320373535,303.6726989746094,2021-09-07T21:46:30.000000000
al122021,IRWIN,rs2-scwa-owi-cm-20210905t213342-20210905t213606-00003-______ll_gd_GEO-IRWIN.nc,20.438814163208008,309.1561279296875,2021-09-05T21:33:42.000000000
al122021,IRWIN,rcm2-sc50mb-owi-cm-20210910t220158-20210910t220257-00003-______ll_gd_GEO-IRWIN.nc,44.00932312011719,302.3463439941406,2021-09-10T22:01:58.000000000
al122021,IRWIN,s1b-iw-owi-cm-20210908t095420-20210908t095611-000003-0369DE_ll_gd_GEO-IRWIN.nc,26.840198516845703,302.4039306640625,2021-09-08T09:54:20.000000000
al122021,IRWIN,rs2-scwa-owi-cm-20210907t092755-20210907t093019-00003-______ll_gd_GEO-IRWIN.nc,23.710918426513672,304.8452453613281,2021-09-07T09:27:55.000000000
al122021,IRWIN,rcm1-sc50mb-owi-cm-20210910t100855-20210910t100904-00003-______ll_gd_GEO-IRWIN.nc,38.14347457885742,298.51593017578125,2021-09-10T10:08:55.000000000
al122021,IRWIN,s1a-ew-owi-cm-20210906t092329-20210906t092604-000003-04ACFC_ll_gd_GEO-IRWIN.nc,21.42572784423828,307.6059265136719,2021-09-06T09:23:29.000000000
al122021,IRWIN,s1a-ew-owi-cm-20210905t211331-20210905t211606-000003-04ACB8_ll_gd_GEO-IRWIN.nc,20.400205612182617,309.20623779296875,2021-09-05T21:13:31.000000000
sh222020,IRWIN,s1a-ew-owi-cm-20200316t020118-20200316t020322-000003-03A788_ll_gd_GEO-IRWIN.nc,-15.453447341918944,53.56056594848633,2020-03-16T02:01:18.000000000
sh292025,IRWIN,rcm1-sclna-owi-cm-20250417t102312-20250417t102427-00003-xxxxx_ll_gd_GEO-IRWIN.nc,-15.409308433532717,120.14525604248048,2025-04-17T10:23:12.000000000
sh292025,IRWIN,rcm2-sclna-owi-cm-20250413t213059-20250413t213213-00003-xxxxx_ll_gd_GEO-IRWIN.nc,-13.471548080444336,123.48641967773438,2025-04-13T21:30:59.000000000
sh292025,IRWIN,rcm3-sclnb-owi-cm-20250417t213151-20250417t213307-00003-xxxxx_ll_gd_GEO-IRWIN.nc,-15.942712783813477,122.97837829589844,2025-04-17T21:31:51.000000000
sh292025,IRWIN,rcm2-sclna-owi-cm-20250415t214709-20250415t214823-00003-xxxxx_ll_gd_GEO-IRWIN.nc,-13.94782543182373,119.91471099853516,2025-04-15T21:47:09.000000000
sh292025,IRWIN,s1a-ew-owi-cm-20250418t101433-20250418t101537-000003-074975_ll_gd_GEO-IRWIN.nc,-15.996627807617188,124.3077392578125,2025-04-18T10:14:33.000000000
sh292025,IRWIN,rcm2-sclna-owi-cm-20250414t213908-20250414t214022-00003-xxxxx_ll_gd_GEO-IRWIN.nc,-13.720255851745604,122.18790435791016,2025-04-14T21:39:08.000000000
sh292025,IRWIN,s1a-ew-owi-cm-20250416t103142-20250416t103245-000003-074847_ll_gd_GEO-IRWIN.nc,-14.26126194000244,118.9290008544922,2025-04-16T10:31:42.000000000
sh292025,IRWIN,rcm2-sclna-owi-cm-20250411t211420-20250411t211534-00003-xxxxx_ll_gd_GEO-IRWIN.nc,-10.996293067932127,127.68152618408205,2025-04-11T21:14:20.000000000
sh292025,IRWIN,rcm2-sclna-owi-cm-20250412t212247-20250412t212401-00003-xxxxx_ll_gd_GEO-IRWIN.nc,-12.333635330200195,125.9956512451172,2025-04-12T21:22:47.000000000
sh292025,IRWIN,rcm1-sclna-owi-cm-20250412t094347-20250412t094502-00003-xxxxx_ll_gd_GEO-IRWIN.nc,-11.732419967651367,126.35301971435548,2025-04-12T09:43:47.000000000
sh292025,IRWIN,s1a-iw-owi-cm-20250411t211106-20250411t211401-000003-074595_ll_gd_GEO-IRWIN.nc,-10.996293067932127,127.68152618408205,2025-04-11T21:11:06.000000000
ep072019,IRWIN,rs2-scwa-owi-cm-20190801t143241-20190801t143612-00003-______ll_gd_GEO-IRWIN.nc,15.24882698059082,228.34786987304688,2019-08-01T14:32:41.000000000
ep072019,IRWIN,s1b-ew-owi-cm-20190803t032245-20190803t032443-000003-020C12_ll_gd_GEO-IRWIN.nc,17.933359146118164,218.88848876953125,2019-08-03T03:22:45.000000000
io012019,IRWIN,s1a-iw-owi-cm-20190502t002158-20190502t002338-000003-030BAA_ll_gd_GEO-IRWIN.nc,15.85229778289795,84.61803436279297,2019-05-02T00:21:58.000000000
io012019,IRWIN,s1b-ew-owi-cm-20190503t001255-20190503t001459-000003-01E3AE_ll_gd_GEO-IRWIN.nc,19.11708068847656,85.50846099853516,2019-05-03T00:12:55.000000000
io012019,IRWIN,s1a-iw-owi-cm-20190504t000332-20190504t000512-000003-030CB5_ll_gd_GEO-IRWIN.nc,23.423072814941406,88.8189926147461,2019-05-04T00:03:32.000000000
ep182020,IRWIN,rs2-scwa-owi-cm-20201001t133839-20201001t133955-00003-______ll_gd_GEO-IRWIN.nc,14.850231170654297,240.6116943359375,2020-10-01T13:38:39.000000000
ep182020,IRWIN,s1a-ew-owi-cm-20201003t022600-20201003t022817-000003-04082E_ll_gd_GEO-IRWIN.nc,17.3763484954834,234.2817230224609,2020-10-03T02:26:00.000000000
ep182020,IRWIN,rs2-scwa-owi-cm-20201003t141913-20201003t142136-00003-______ll_gd_GEO-IRWIN.nc,18.314098358154297,233.0849151611328,2020-10-03T14:19:13.000000000
ep182020,IRWIN,rs2-scwa-owi-cm-20201002t022254-20201002t022409-00003-______ll_gd_GEO-IRWIN.nc,15.603704452514648,238.06417846679688,2020-10-02T02:22:54.000000000
ep182020,IRWIN,s1a-ew-owi-cm-20201002t135645-20201002t135907-000003-0407EE_ll_gd_GEO-IRWIN.nc,16.4180965423584,235.90936279296875,2020-10-02T13:56:45.000000000
ep182020,IRWIN,s1b-ew-owi-cm-20201004t142803-20201004t143007-000003-02CF68_ll_gd_GEO-IRWIN.nc,19.92208671569824,231.211181640625,2020-10-04T14:28:03.000000000
sh062019,IRWIN,s1a-ew-owi-cm-20181222t132215-20181222t132419-000003-02C6B3_ll_gd_GEO-IRWIN.nc,-17.26479148864746,77.69599914550781,2018-12-22T13:22:15.000000000
sh062019,IRWIN,s1b-ew-owi-cm-20181222t002236-20181222t002440-000003-01A498_ll_gd_GEO-IRWIN.nc,-16.614809036254883,78.68041229248047,2018-12-22T00:22:36.000000000
sh182024,IRWIN,rcm3-sclnb-owi-cm-20240321t112705-20240321t112823-00003-______ll_gd_GEO-IRWIN.nc,-17.70492172241211,104.96410369873048,2024-03-21T11:27:05.000000000
sh182024,IRWIN,rcm2-sclnd-owi-cm-20240321t223636-20240321t223752-00003-______ll_gd_GEO-IRWIN.nc,-17.786062240600586,102.8644561767578,2024-03-21T22:36:36.000000000
sh182024,WV,rcm2-sclnd-owi-cm-20240321t223636-20240321t223752-00003-______ll_gd_GEO-WV.nc,-17.786062240600586,102.8644790649414,2024-03-21T22:36:36.000000000
sh182024,WV,rcm3-sclnb-owi-cm-20240321t112705-20240321t112823-00003-______ll_gd_GEO-WV.nc,-17.70492172241211,104.96411895751952,2024-03-21T11:27:05.000000000
ep022022,IRWIN,rs2-scwa-owi-cm-20220618t130803-20220618t130918-00003-______ll_gd_GEO-IRWIN.nc,18.05531311035156,249.10107421875,2022-06-18T13:08:03.000000000
sh262025,IRWIN,rcm2-sclnb-owi-cm-20250320t230802-20250320t230916-00003-xxxxx_ll_gd_GEO-IRWIN.nc,-14.860774993896484,96.48040008544922,2025-03-20T23:08:02.000000000
sh262025,IRWIN,rcm3-sclnb-owi-cm-20250320t120012-20250320t120128-00003-xxxxx_ll_gd_GEO-IRWIN.nc,-13.71198272705078,96.11306762695312,2025-03-20T12:00:12.000000000
wp182024,IRWIN,rcm1-sc50ma-owi-cm-20240925t085825-20240925t085941-00003-______ll_gd_GEO-IRWIN.nc,27.84967803955078,133.43331909179688,2024-09-25T08:58:25.000000000
wp182024,WV,rcm1-sc50ma-owi-cm-20240925t085825-20240925t085941-00003-______ll_gd_GEO-WV.nc,27.849685668945312,133.43333435058594,2024-09-25T08:58:25.000000000
sh252024,IRWIN,rcm2-sclnd-owi-cm-20240519t133138-20240519t133255-00003-______ll_gd_GEO-IRWIN.nc,-2.374377489089966,74.84525299072266,2024-05-19T13:31:38.000000000
sh252024,IRWIN,rcm1-sclnd-owi-cm-20240520t003257-20240520t003414-00003-______ll_gd_GEO-IRWIN.nc,-2.323480129241944,75.96331024169922,2024-05-20T00:32:57.000000000
sh252024,WV,rcm2-sclnd-owi-cm-20240519t133138-20240519t133255-00003-______ll_gd_GEO-WV.nc,-2.374377489089966,74.84525299072266,2024-05-19T13:31:38.000000000
sh252024,WV,rcm1-sclnd-owi-cm-20240520t003257-20240520t003414-00003-______ll_gd_GEO-WV.nc,-2.323480129241944,75.96331024169922,2024-05-20T00:32:57.000000000
ep202023,IRWIN,rcm3-sclnd-owi-cm-20231126t022900-20231126t023017-00003-______ll_gd_GEO-IRWIN.nc,14.72329807281494,237.19972229003903,2023-11-26T02:29:00.000000000
sh162019,IRWIN,s1a-ew-owi-cm-20190301t171708-20190301t171812-000003-02EAF7_ll_gd_GEO-IRWIN.nc,-28.057985305786133,183.5312957763672,2019-03-01T17:17:08.000000000
sh162019,IRWIN,s1a-ew-owi-cm-20190301t062053-20190301t062258-000003-02EAC0_ll_gd_GEO-IRWIN.nc,-27.239675521850582,182.2221527099609,2019-03-01T06:20:53.000000000
sh232025,IRWIN,rcm1-sclna-owi-cm-20250302t152524-20250302t152641-00003-xxxxx_ll_gd_GEO-IRWIN.nc,-27.103139877319336,46.37313461303711,2025-03-02T15:25:24.000000000
sh232025,IRWIN,rcm2-sclnd-owi-cm-20250226t155811-20250226t155925-00003-xxxxx_ll_gd_GEO-IRWIN.nc,-23.89095497131348,39.57082748413086,2025-02-26T15:58:11.000000000
sh232025,IRWIN,rcm1-sclnd-owi-cm-20250304t154031-20250304t154147-00003-xxxxx_ll_gd_GEO-IRWIN.nc,-30.44509506225586,49.01386642456055,2025-03-04T15:40:31.000000000
sh232025,IRWIN,rcm2-sclnd-owi-cm-20250306t152149-20250306t152304-00003-xxxxx_ll_gd_GEO-IRWIN.nc,-40.155738830566406,54.732818603515625,2025-03-06T15:21:49.000000000
sh232025,IRWIN,s1a-ew-owi-cm-20250304t153122-20250304t153225-000003-072F27_ll_gd_GEO-IRWIN.nc,-30.44509506225586,49.01386642456055,2025-03-04T15:31:22.000000000
sh232025,IRWIN,rcm1-sclnc-owi-cm-20250303t153318-20250303t153435-00003-xxxxx_ll_gd_GEO-IRWIN.nc,-28.06220245361328,47.4626350402832,2025-03-03T15:33:18.000000000
sh232025,IRWIN,rcm3-sclnd-owi-cm-20250228t154212-20250228t154328-00003-xxxxx_ll_gd_GEO-IRWIN.nc,-26.47840881347656,44.75989532470703,2025-02-28T15:42:12.000000000
sh232025,IRWIN,rcm3-sclnb-owi-cm-20250301t022422-20250301t022536-00003-xxxxx_ll_gd_GEO-IRWIN.nc,-26.63249015808105,45.08440017700195,2025-03-01T02:24:22.000000000
sh232025,IRWIN,rcm3-sclnd-owi-cm-20250306t013133-20250306t013236-00003-xxxxx_ll_gd_GEO-IRWIN.nc,-37.73052597045898,51.26758193969727,2025-03-06T01:31:33.000000000
sh232025,IRWIN,rcm2-sclna-owi-cm-20250305t151540-20250305t151655-00003-xxxxx_ll_gd_GEO-IRWIN.nc,-34.43000793457031,50.13330841064453,2025-03-05T15:15:40.000000000
sh232025,IRWIN,rcm2-sclna-owi-cm-20250227t024010-20250227t024124-00003-xxxxx_ll_gd_GEO-IRWIN.nc,-24.463869094848636,40.85270690917969,2025-02-27T02:40:10.000000000
sh232025,IRWIN,rcm1-sclnd-owi-cm-20250303t020823-20250303t020937-00003-xxxxx_ll_gd_GEO-IRWIN.nc,-27.13434410095215,46.65366744995117,2025-03-03T02:08:23.000000000
sh232025,IRWIN,rcm2-sclnd-owi-cm-20250305t015349-20250305t015504-00003-xxxxx_ll_gd_GEO-IRWIN.nc,-31.960304260253903,49.0059928894043,2025-03-05T01:53:49.000000000
sh232025,IRWIN,rcm2-sclna-owi-cm-20250225t155053-20250225t155207-00003-xxxxx_ll_gd_GEO-IRWIN.nc,-22.74465560913086,38.039920806884766,2025-02-25T15:50:53.000000000
sh232025,IRWIN,rcm3-sclna-owi-cm-20250302t023222-20250302t023339-00003-xxxxx_ll_gd_GEO-IRWIN.nc,-27.10930824279785,45.98277282714844,2025-03-02T02:32:22.000000000
sh232025,IRWIN,rcm1-sclnb-owi-cm-20250304t021638-20250304t021752-00003-xxxxx_ll_gd_GEO-IRWIN.nc,-28.65154838562012,48.11222076416016,2025-03-04T02:16:38.000000000
sh232025,IRWIN,rcm3-sclna-owi-cm-20250227t153445-20250227t153600-00003-xxxxx_ll_gd_GEO-IRWIN.nc,-25.299110412597656,42.198387145996094,2025-02-27T15:34:45.000000000
ep182025,IRWIN,rcm2-sc50ma-owi-cm-20251026t015606-20251026t015722-00003-xxxxx_ll_gd_GEO-IRWIN.nc,13.491376876831056,240.81951904296875,2025-10-26T01:56:06.000000000
ep182025,IRWIN,rcm2-sclna-owi-cm-20251028t140909-20251028t141019-00003-xxxxx_ll_gd_GEO-IRWIN.nc,15.07796859741211,236.61363220214844,2025-10-28T14:09:09.000000000
ep182025,IRWIN,rcm2-sclna-owi-cm-20251027t140116-20251027t140225-00003-xxxxx_ll_gd_GEO-IRWIN.nc,13.89419174194336,239.03021240234372,2025-10-27T14:01:16.000000000
ep182025,IRWIN,rcm2-sc50ma-owi-cm-20251027t020437-20251027t020549-00003-xxxxx_ll_gd_GEO-IRWIN.nc,14.078163146972656,240.1269989013672,2025-10-27T02:04:37.000000000
ep182025,IRWIN,rcm2-sclna-owi-cm-20251026t135320-20251026t135431-00003-xxxxx_ll_gd_GEO-IRWIN.nc,13.6216459274292,240.4507293701172,2025-10-26T13:53:20.000000000
ep182025,IRWIN,rcm2-sc50ma-owi-cm-20251028t021248-20251028t021358-00003-xxxxx_ll_gd_GEO-IRWIN.nc,14.448406219482422,237.98887634277344,2025-10-28T02:12:48.000000000
wp042025,IRWIN,rcm1-sc50ma-owi-cm-20250706t201337-20250706t201447-00003-xxxxx_ll_gd_GEO-IRWIN.nc,34.403831481933594,149.2353515625,2025-07-06T20:13:37.000000000
wp042025,IRWIN,rcm3-sclnd-owi-cm-20250703t083432-20250703t083545-00003-xxxxx_ll_gd_GEO-IRWIN.nc,28.01217269897461,145.28121948242188,2025-07-03T08:34:32.000000000
wp042025,IRWIN,rcm2-sclna-owi-cm-20250706t075538-20250706t075648-00003-xxxxx_ll_gd_GEO-IRWIN.nc,32.96456527709961,149.55950927734375,2025-07-06T07:55:38.000000000
wp042025,IRWIN,rcm1-sclnd-owi-cm-20250705t081854-20250705t082004-00003-xxxxx_ll_gd_GEO-IRWIN.nc,31.13591766357422,147.46910095214844,2025-07-05T08:18:54.000000000
wp042025,IRWIN,rcm1-sc50ma-owi-cm-20250707t202025-20250707t202140-00003-xxxxx_ll_gd_GEO-IRWIN.nc,38.66621398925781,148.41696166992188,2025-07-07T20:20:25.000000000
wp042025,IRWIN,rcm1-sclna-owi-cm-20250704t081042-20250704t081155-00003-xxxxx_ll_gd_GEO-IRWIN.nc,29.994842529296875,145.08837890625,2025-07-04T08:10:42.000000000
wp042025,IRWIN,rcm3-sclna-owi-cm-20250703t202326-20250703t202436-00003-xxxxx_ll_gd_GEO-IRWIN.nc,29.20804977416992,144.90907287597656,2025-07-03T20:23:26.000000000
wp042025,IRWIN,rcm1-sclnd-owi-cm-20250704t195856-20250704t195958-00003-xxxxx_ll_gd_GEO-IRWIN.nc,30.953781127929688,146.0388641357422,2025-07-04T19:58:56.000000000
wp042025,IRWIN,rcm1-sclnb-owi-cm-20250705t200616-20250705t200725-00003-xxxxx_ll_gd_GEO-IRWIN.nc,31.961071014404297,148.90675354003906,2025-07-05T20:06:16.000000000
wp042025,IRWIN,rcm2-sc50mb-owi-cm-20250707t080426-20250707t080545-00003-xxxxx_ll_gd_GEO-IRWIN.nc,36.07582092285156,148.2155303955078,2025-07-07T08:04:26.000000000
wp252024,IRWIN,rcm1-sc50ma-owi-cm-20241114t210800-20241114t210915-00003-______ll_gd_GEO-IRWIN.nc,10.430156707763672,132.6984100341797,2024-11-14T21:08:00.000000000
wp252024,IRWIN,rcm1-sclnc-owi-cm-20241114t091020-20241114t091103-00003-______ll_gd_GEO-IRWIN.nc,10.473285675048828,135.7199249267578,2024-11-14T09:10:20.000000000
wp252024,IRWIN,s1a-ew-owi-cm-20241117t220214-20241117t220318-000003-06F11C_ll_gd_GEO-IRWIN.nc,18.06331443786621,118.59506225585938,2024-11-17T22:02:14.000000000
wp252024,IRWIN,rcm3-sc50mc-owi-cm-20241116t095854-20241116t100010-00003-______ll_gd_GEO-IRWIN.nc,13.743717193603516,124.89958953857422,2024-11-16T09:58:54.000000000
wp252024,IRWIN,rcm3-sc50mc-owi-cm-20241118t221100-20241118t221155-00003-______ll_gd_GEO-IRWIN.nc,18.7884464263916,114.45326232910156,2024-11-18T22:11:00.000000000
wp252024,IRWIN,rcm3-sc50mb-owi-cm-20241117t100742-20241117t100841-00003-______ll_gd_GEO-IRWIN.nc,16.340438842773438,121.07588958740234,2024-11-17T10:07:42.000000000
wp252024,IRWIN,rcm1-sc50mb-owi-cm-20241115t211556-20241115t211713-00003-______ll_gd_GEO-IRWIN.nc,12.251943588256836,127.17597198486328,2024-11-15T21:15:56.000000000
wp252024,IRWIN,rcm3-sc50ma-owi-cm-20241117t220307-20241117t220413-00003-______ll_gd_GEO-IRWIN.nc,18.06331443786621,118.59506225585938,2024-11-17T22:03:07.000000000
wp252024,IRWIN,rcm2-sclnd-owi-cm-20241111t081455-20241111t081611-00003-______ll_gd_GEO-IRWIN.nc,14.175171852111816,152.14715576171875,2024-11-11T08:14:55.000000000
wp252024,IRWIN,rcm3-sclnd-owi-cm-20241110t193040-20241110t193155-00003-______ll_gd_GEO-IRWIN.nc,15.04773235321045,153.53257751464844,2024-11-10T19:30:40.000000000
wp252024,IRWIN,s1a-ew-owi-cm-20241113t084404-20241113t084507-000003-06EE6F_ll_gd_GEO-IRWIN.nc,12.13143253326416,142.02203369140625,2024-11-13T08:44:04.000000000
wp252024,IRWIN,rcm3-sc50ma-owi-cm-20241118t101635-20241118t101752-00003-______ll_gd_GEO-IRWIN.nc,18.49263381958008,116.12128448486328,2024-11-18T10:16:35.000000000
wp252024,IRWIN,rcm2-sclnd-owi-cm-20241112t082228-20241112t082344-00003-______ll_gd_GEO-IRWIN.nc,14.09900188446045,146.9720916748047,2024-11-12T08:22:28.000000000
wp252024,WV,rcm3-sclnd-owi-cm-20241110t193040-20241110t193155-00003-______ll_gd_GEO-WV.nc,15.047733306884766,153.5325927734375,2024-11-10T19:30:40.000000000
wp252024,WV,s1a-ew-owi-cm-20241113t084404-20241113t084507-000003-06EE6F_ll_gd_GEO-WV.nc,12.13143825531006,142.0220489501953,2024-11-13T08:44:04.000000000
wp252024,WV,s1a-ew-owi-cm-20241117t220214-20241117t220318-000003-06F11C_ll_gd_GEO-WV.nc,18.06330680847168,118.59508514404295,2024-11-17T22:02:14.000000000
wp252024,WV,rcm3-sc50mc-owi-cm-20241116t095854-20241116t100010-00003-______ll_gd_GEO-WV.nc,13.743708610534668,124.89960479736328,2024-11-16T09:58:54.000000000
wp252024,WV,rcm1-sclnc-owi-cm-20241114t091020-20241114t091103-00003-______ll_gd_GEO-WV.nc,10.473288536071776,135.71995544433594,2024-11-14T09:10:20.000000000
wp252024,WV,rcm2-sclnd-owi-cm-20241112t082228-20241112t082344-00003-______ll_gd_GEO-WV.nc,14.099003791809082,146.97210693359375,2024-11-12T08:22:28.000000000
wp252024,WV,rcm3-sc50mc-owi-cm-20241118t221100-20241118t221155-00003-______ll_gd_GEO-WV.nc,18.788440704345703,114.45327758789062,2024-11-18T22:11:00.000000000
wp252024,WV,rcm1-sc50mb-owi-cm-20241115t211556-20241115t211713-00003-______ll_gd_GEO-WV.nc,12.251935958862305,127.17598724365234,2024-11-15T21:15:56.000000000
wp252024,WV,rcm2-sclnd-owi-cm-20241111t081455-20241111t081611-00003-______ll_gd_GEO-WV.nc,14.17517375946045,152.1471710205078,2024-11-11T08:14:55.000000000
wp252024,WV,rcm3-sc50mb-owi-cm-20241117t100742-20241117t100841-00003-______ll_gd_GEO-WV.nc,16.340425491333008,121.07591247558594,2024-11-17T10:07:42.000000000
wp252024,WV,rcm1-sc50ma-owi-cm-20241114t210800-20241114t210915-00003-______ll_gd_GEO-WV.nc,10.430155754089355,132.6984405517578,2024-11-14T21:08:00.000000000
wp252024,WV,rcm3-sc50ma-owi-cm-20241117t220307-20241117t220413-00003-______ll_gd_GEO-WV.nc,18.06330680847168,118.59508514404295,2024-11-17T22:03:07.000000000
wp252024,WV,rcm3-sc50ma-owi-cm-20241118t101635-20241118t101752-00003-______ll_gd_GEO-WV.nc,18.492631912231445,116.12129974365234,2024-11-18T10:16:35.000000000
al112025,IRWIN,s1a-ew-owi-cm-20251009t082903-20251009t083108-000003-07A799_ll_gd_GEO-IRWIN.nc,43.22354507446289,325.2698059082031,2025-10-09T08:29:03.000000000
al112025,IRWIN,s1c-ew-owi-cm-20251010t081900-20251010t082248-000003-008E70_ll_gd_GEO-IRWIN.nc,45.25727081298828,327.7608642578125,2025-10-10T08:19:00.000000000
sh192021,IRWIN,rs2-scwa-owi-cm-20210208t235939-20210209t000055-00003-______ll_gd_GEO-IRWIN.nc,-14.19731616973877,83.11190795898438,2021-02-08T23:59:39.000000000
sh192021,IRWIN,rs2-scwa-owi-cm-20210208t125630-20210208t125746-00003-______ll_gd_GEO-IRWIN.nc,-14.302931785583496,82.27536010742188,2021-02-08T12:56:30.000000000
sh202025,IRWIN,rcm3-sclnd-owi-cm-20250223t222851-20250223t223006-00003-xxxxx_ll_gd_GEO-IRWIN.nc,-18.207225799560547,104.80371856689452,2025-02-23T22:28:51.000000000
sh202025,IRWIN,rcm1-sclna-owi-cm-20250226t114049-20250226t114204-00003-xxxxx_ll_gd_GEO-IRWIN.nc,-26.381000518798828,103.7754364013672,2025-02-26T11:40:49.000000000
sh202025,IRWIN,rcm3-sclna-owi-cm-20250225t224624-20250225t224739-00003-xxxxx_ll_gd_GEO-IRWIN.nc,-24.55117416381836,102.3486328125,2025-02-25T22:46:24.000000000
sh202025,IRWIN,rcm1-sclna-owi-cm-20250223t111858-20250223t112011-00003-xxxxx_ll_gd_GEO-IRWIN.nc,-17.145429611206055,106.1056900024414,2025-02-23T11:18:58.000000000
sh202025,IRWIN,rcm1-sclnd-owi-cm-20250226t222248-20250226t222404-00003-xxxxx_ll_gd_GEO-IRWIN.nc,-26.54470634460449,104.04131317138672,2025-02-26T22:22:48.000000000
sh202025,IRWIN,rcm1-sclna-owi-cm-20250225t113341-20250225t113456-00003-xxxxx_ll_gd_GEO-IRWIN.nc,-22.634531021118164,102.00514221191406,2025-02-25T11:33:41.000000000
ep152025,IRWIN,rcm2-sclnd-owi-cm-20251006t022901-20251006t023014-00003-xxxxx_ll_gd_GEO-IRWIN.nc,16.26498794555664,237.14170837402344,2025-10-06T02:29:01.000000000
ep152025,IRWIN,rcm2-sc50mc-owi-cm-20251003t020417-20251003t020532-00003-xxxxx_ll_gd_GEO-IRWIN.nc,12.902718544006348,240.46987915039065,2025-10-03T02:04:17.000000000
ep152025,IRWIN,rcm2-sclna-owi-cm-20251005t141659-20251005t141811-00003-xxxxx_ll_gd_GEO-IRWIN.nc,15.697815895080566,236.26417541503903,2025-10-05T14:16:59.000000000
ep152025,IRWIN,rcm2-sc50mb-owi-cm-20251001t014743-20251001t014855-00003-xxxxx_ll_gd_GEO-IRWIN.nc,10.523431777954102,245.6846160888672,2025-10-01T01:47:43.000000000
ep152025,IRWIN,rcm2-sclna-owi-cm-20251003t140114-20251003t140225-00003-xxxxx_ll_gd_GEO-IRWIN.nc,13.377152442932127,239.0814666748047,2025-10-03T14:01:14.000000000
ep152025,IRWIN,rcm3-sclna-owi-cm-20251007t140055-20251007t140204-00003-xxxxx_ll_gd_GEO-IRWIN.nc,15.636383056640623,240.52589416503903,2025-10-07T14:00:55.000000000
ep152025,IRWIN,rcm3-sc50mc-owi-cm-20251008t021306-20251008t021419-00003-xxxxx_ll_gd_GEO-IRWIN.nc,15.209589004516602,241.74710083007807,2025-10-08T02:13:06.000000000
ep152025,IRWIN,rcm2-sclna-owi-cm-20251004t021237-20251004t021346-00003-xxxxx_ll_gd_GEO-IRWIN.nc,13.71934986114502,237.33120727539065,2025-10-04T02:12:37.000000000
ep152025,IRWIN,rcm3-sc50mc-owi-cm-20251006t135304-20251006t135414-00003-xxxxx_ll_gd_GEO-IRWIN.nc,16.288951873779297,238.29086303710935,2025-10-06T13:53:04.000000000
ep152025,IRWIN,rcm3-sc50ma-owi-cm-20251007t020516-20251007t020631-00003-xxxxx_ll_gd_GEO-IRWIN.nc,15.842669486999512,239.51138305664065,2025-10-07T02:05:16.000000000
ep152025,IRWIN,rcm2-sc50mc-owi-cm-20251002t015608-20251002t015716-00003-xxxxx_ll_gd_GEO-IRWIN.nc,12.142641067504885,243.0548553466797,2025-10-02T01:56:08.000000000
sh252021,IRWIN,s1a-ew-owi-cm-20210307t144420-20210307t144624-000003-0456E5_ll_gd_GEO-IRWIN.nc,-24.022924423217773,57.31545639038086,2021-03-07T14:44:20.000000000
wp022022,IRWIN,rs2-scwa-owi-cm-20220414t090200-20220414t090423-00003-______ll_gd_GEO-IRWIN.nc,22.08199882507324,138.87274169921875,2022-04-14T09:02:00.000000000
wp022022,IRWIN,rs2-scwa-owi-cm-20220415t083410-20220415t083634-00003-______ll_gd_GEO-IRWIN.nc,28.851356506347656,142.5619659423828,2022-04-15T08:34:10.000000000
al052023,IRWIN,rcm3-sc50ma-owi-cm-20230722t205844-20230722t205943-00003-______ll_gd_GEO-IRWIN.nc,40.06362533569336,309.9550170898437,2023-07-22T20:58:44.000000000
al052023,IRWIN,rcm2-sc50mb-owi-cm-20230724t091855-20230724t091954-00003-______ll_gd_GEO-IRWIN.nc,47.06330490112305,317.1249389648437,2023-07-24T09:18:55.000000000
al052023,IRWIN,rcm3-sclnd-owi-cm-20230724t084656-20230724t084815-00003-______ll_gd_GEO-IRWIN.nc,47.0133056640625,316.9348449707031,2023-07-24T08:46:56.000000000
al052023,IRWIN,rcm3-sclna-owi-cm-20230719t203157-20230719t203311-00003-______ll_gd_GEO-IRWIN.nc,33.78385162353516,319.7963256835937,2023-07-19T20:31:57.000000000
al052023,IRWIN,rcm2-sc50mc-owi-cm-20230720t085026-20230720t085045-00003-______ll_gd_GEO-IRWIN.nc,34.145774841308594,318.2981262207031,2023-07-20T08:50:26.000000000
al052023,IRWIN,rcm3-sc50ma-owi-cm-20230720t204113-20230720t204135-00003-______ll_gd_GEO-IRWIN.nc,34.52678298950195,316.2677307128906,2023-07-20T20:41:13.000000000
al052023,IRWIN,rcm3-sclna-owi-cm-20230720t204016-20230720t204111-00003-______ll_gd_GEO-IRWIN.nc,34.52678298950195,316.2677307128906,2023-07-20T20:40:16.000000000
al052023,IRWIN,rcm2-sc50md-owi-cm-20230723t091214-20230723t091243-00003-______ll_gd_GEO-IRWIN.nc,42.69521331787109,311.04718017578125,2023-07-23T09:12:14.000000000
al052023,IRWIN,rcm3-sc50mb-owi-cm-20230723t210713-20230723t210813-00003-______ll_gd_GEO-IRWIN.nc,45.39694595336914,313.5557556152344,2023-07-23T21:07:13.000000000
al052023,IRWIN,rcm2-sclna-owi-cm-20230719t084157-20230719t084315-00003-______ll_gd_GEO-IRWIN.nc,34.04692077636719,320.8506164550781,2023-07-19T08:41:57.000000000
wp012025,IRWIN,s1c-iw-owi-cm-20250611t223457-20250611t223641-000003-005A5B_ll_gd_GEO-IRWIN.nc,16.970046997070312,110.35393524169922,2025-06-11T22:34:57.000000000
wp012025,IRWIN,rcm3-sc50mc-owi-cm-20250612t222700-20250612t222756-00003-xxxxx_ll_gd_GEO-IRWIN.nc,18.0728702545166,108.70079040527344,2025-06-12T22:27:00.000000000
wp012025,IRWIN,s1c-iw-owi-cm-20250614t104809-20250614t104912-000003-005B6F_ll_gd_GEO-IRWIN.nc,22.0980281829834,110.35838317871094,2025-06-14T10:48:09.000000000
wp012025,IRWIN,rcm3-sc50ma-owi-cm-20250613t104107-20250613t104220-00003-xxxxx_ll_gd_GEO-IRWIN.nc,18.706811904907227,108.32930755615234,2025-06-13T10:41:07.000000000
wp012025,IRWIN,rcm3-sc50mc-owi-cm-20250613t223425-20250613t223538-00003-xxxxx_ll_gd_GEO-IRWIN.nc,20.15792655944824,109.02845764160156,2025-06-13T22:34:25.000000000
ep072022,IRWIN,rcm1-sc50ma-owi-cm-20220727t005918-20220727t010014-00003-______ll_gd_GEO-IRWIN.nc,11.843731880187988,256.07501220703125,2022-07-27T00:59:18.000000000
ep072022,IRWIN,rs2-scwa-owi-cm-20220731t135319-20220731t135632-00003-______ll_gd_GEO-IRWIN.nc,19.14408493041992,240.7399444580078,2022-07-31T13:53:19.000000000
ep072022,IRWIN,rs2-scwa-owi-cm-20220730t015650-20220730t015805-00003-______ll_gd_GEO-IRWIN.nc,15.081181526184082,245.54730224609372,2022-07-30T01:56:50.000000000
ep122025,IRWIN,s1a-iw-owi-cm-20250903t132918-20250903t133142-000003-0792A2_ll_gd_GEO-IRWIN.nc,22.19979476928711,248.61460876464844,2025-09-03T13:29:18.000000000
ep122025,IRWIN,rcm2-sc50mc-owi-cm-20250904t131848-20250904t132004-00003-xxxxx_ll_gd_GEO-IRWIN.nc,24.0913028717041,245.7721710205078,2025-09-04T13:18:48.000000000
al162022,IRWIN,rcm1-sc50ma-owi-cm-20221031t215842-20221031t220134-00003-______ll_gd_GEO-IRWIN.nc,35.058780670166016,299.8704833984375,2022-10-31T21:58:42.000000000
al162022,IRWIN,rcm3-sc50ma-owi-cm-20221103t085346-20221103t085706-00003-______ll_gd_GEO-IRWIN.nc,41.696807861328125,318.5322570800781,2022-11-03T08:53:46.000000000
al162022,IRWIN,rcm3-sc50ma-owi-cm-20221103t085540-20221103t085639-00003-______ll_gd_GEO-IRWIN.nc,41.696807861328125,318.5322570800781,2022-11-03T08:55:40.000000000
sh192024,IRWIN,rcm2-sclnb-owi-cm-20240317t202709-20240317t202825-00003-______ll_gd_GEO-IRWIN.nc,-15.425121307373049,137.2180633544922,2024-03-17T20:27:09.000000000
sh192024,IRWIN,rcm3-sclnb-owi-cm-20240317t091901-20240317t092017-00003-______ll_gd_GEO-IRWIN.nc,-14.83867073059082,137.30828857421875,2024-03-17T09:19:01.000000000
sh192024,IRWIN,rcm2-sclna-owi-cm-20240318t203514-20240318t203628-00003-______ll_gd_GEO-IRWIN.nc,-16.71697235107422,135.7423858642578,2024-03-18T20:35:14.000000000
sh192024,IRWIN,s1a-iw-owi-cm-20240317t202418-20240317t202558-000003-066BA4_ll_gd_GEO-IRWIN.nc,-15.418045997619627,137.22329711914062,2024-03-17T20:24:18.000000000
sh192024,IRWIN,rcm3-sclnd-owi-cm-20240318t092649-20240318t092805-00003-______ll_gd_GEO-IRWIN.nc,-16.234376907348633,136.57699584960938,2024-03-18T09:26:49.000000000
sh192024,WV,rcm2-sclnb-owi-cm-20240317t202709-20240317t202825-00003-______ll_gd_GEO-WV.nc,-15.42511749267578,137.2180633544922,2024-03-17T20:27:09.000000000
sh192024,WV,rcm3-sclnd-owi-cm-20240318t092649-20240318t092805-00003-______ll_gd_GEO-WV.nc,-16.234375,136.57699584960938,2024-03-18T09:26:49.000000000
sh192024,WV,rcm2-sclna-owi-cm-20240318t203514-20240318t203628-00003-______ll_gd_GEO-WV.nc,-16.716968536376953,135.74240112304688,2024-03-18T20:35:14.000000000
sh192024,WV,rcm3-sclnb-owi-cm-20240317t091901-20240317t092017-00003-______ll_gd_GEO-WV.nc,-14.838669776916504,137.30828857421875,2024-03-17T09:19:01.000000000
sh192024,WV,s1a-iw-owi-cm-20240317t202418-20240317t202558-000003-066BA4_ll_gd_GEO-WV.nc,-15.418042182922363,137.22329711914062,2024-03-17T20:24:18.000000000
wp122022,IRWIN,rcm3-sc50ma-owi-cm-20220904t215128-20220904t215227-00003-______ll_gd_GEO-IRWIN.nc,29.368389129638672,124.78262329101562,2022-09-04T21:51:28.000000000
wp122022,IRWIN,rs2-scwa-owi-cm-20220904t093255-20220904t093518-00003-______ll_gd_GEO-IRWIN.nc,27.46186828613281,124.75743103027344,2022-09-04T09:32:55.000000000
wp122022,IRWIN,s1a-ew-owi-cm-20220902t213553-20220902t213720-000003-055AAC_ll_gd_GEO-IRWIN.nc,22.823118209838867,124.69577026367188,2022-09-02T21:35:53.000000000
wp122022,IRWIN,rcm3-sc50ma-owi-cm-20220901t212929-20220901t213005-00003-______ll_gd_GEO-IRWIN.nc,21.49495506286621,125.40090942382812,2022-09-01T21:29:29.000000000
wp122022,IRWIN,rs2-scwa-owi-cm-20220905t212400-20220905t212516-00003-______ll_gd_GEO-IRWIN.nc,35.3657341003418,129.2856903076172,2022-09-05T21:24:00.000000000
wp122022,IRWIN,s1a-ew-owi-cm-20220830t211026-20220830t211206-000003-055937_ll_gd_GEO-IRWIN.nc,26.03445243835449,131.01559448242188,2022-08-30T21:10:26.000000000
wp122022,IRWIN,rcm1-sc50mb-owi-cm-20220904t093053-20220904t093152-00003-______ll_gd_GEO-IRWIN.nc,27.46186828613281,124.75743103027344,2022-09-04T09:30:53.000000000
wp192024,IRWIN,rcm2-sclna-owi-cm-20240928t204109-20240928t204223-00003-______ll_gd_GEO-IRWIN.nc,22.351043701171875,141.69827270507812,2024-09-28T20:41:09.000000000
wp192024,IRWIN,rcm3-sclna-owi-cm-20240930t083443-20240930t083558-00003-______ll_gd_GEO-IRWIN.nc,28.31307029724121,140.88404846191406,2024-09-30T08:34:43.000000000
wp192024,IRWIN,rcm3-sclnd-owi-cm-20240930t202258-20240930t202411-00003-______ll_gd_GEO-IRWIN.nc,31.71745491027832,141.4537811279297,2024-09-30T20:22:58.000000000
wp192024,IRWIN,rcm2-sclna-owi-cm-20240929t204817-20240929t204932-00003-______ll_gd_GEO-IRWIN.nc,26.00783920288086,140.5824737548828,2024-09-29T20:48:17.000000000
wp192024,IRWIN,rcm3-sc50mb-owi-cm-20241002t071946-20241002t072008-00003-______ll_gd_GEO-IRWIN.nc,45.63188171386719,153.77572631835938,2024-10-02T07:19:46.000000000
wp192024,IRWIN,rcm2-sclnd-owi-cm-20240929t085716-20240929t085832-00003-______ll_gd_GEO-IRWIN.nc,24.23897361755371,140.87289428710938,2024-09-29T08:57:16.000000000
wp192024,WV,rcm3-sc50mb-owi-cm-20241002t071946-20241002t072008-00003-______ll_gd_GEO-WV.nc,45.63182830810547,153.77561950683594,2024-10-02T07:19:46.000000000
wp192024,WV,rcm2-sclnd-owi-cm-20240929t085716-20240929t085832-00003-______ll_gd_GEO-WV.nc,24.238956451416016,140.87289428710938,2024-09-29T08:57:16.000000000
wp192024,WV,rcm2-sclna-owi-cm-20240929t204817-20240929t204932-00003-______ll_gd_GEO-WV.nc,26.007822036743164,140.5824737548828,2024-09-29T20:48:17.000000000
wp192024,WV,rcm3-sclna-owi-cm-20240930t083443-20240930t083558-00003-______ll_gd_GEO-WV.nc,28.313045501708984,140.88404846191406,2024-09-30T08:34:43.000000000
wp192024,WV,rcm3-sclnd-owi-cm-20240930t202258-20240930t202411-00003-______ll_gd_GEO-WV.nc,31.717432022094727,141.4537811279297,2024-09-30T20:22:58.000000000
wp192024,WV,rcm2-sclna-owi-cm-20240928t204109-20240928t204223-00003-______ll_gd_GEO-WV.nc,22.351036071777344,141.6982879638672,2024-09-28T20:41:09.000000000
sh132020,IRWIN,s1a-iw-owi-cm-20200214t021047-20200214t021202-000003-0397D1_ll_gd_GEO-IRWIN.nc,-18.669647216796875,49.7469596862793,2020-02-14T02:10:47.000000000
al162020,IRWIN,s1a-iw-owi-cm-20200902t235812-20200902t235927-000003-03F8BD_ll_gd_GEO-IRWIN.nc,17.0024356842041,273.21905517578125,2020-09-02T23:58:12.000000000
ep152022,IRWIN,rcm3-sc50ma-owi-cm-20220922t010756-20220922t011044-00003-______ll_gd_GEO-IRWIN.nc,17.427398681640625,253.18556213378903,2022-09-22T01:07:56.000000000
wp262024,IRWIN,rcm2-sc50mb-owi-cm-20241110t213918-20241110t214035-00003-______ll_gd_GEO-IRWIN.nc,16.198713302612305,122.68347930908205,2024-11-10T21:39:18.000000000
wp262024,IRWIN,rcm2-sc50mc-owi-cm-20241111t214656-20241111t214811-00003-______ll_gd_GEO-IRWIN.nc,18.62527847290039,118.7711944580078,2024-11-11T21:46:56.000000000
wp262024,IRWIN,rcm2-sc50ma-owi-cm-20241110t094319-20241110t094436-00003-______ll_gd_GEO-IRWIN.nc,15.486263275146484,124.8072280883789,2024-11-10T09:43:19.000000000
wp262024,IRWIN,s1a-iw-owi-cm-20241113t102531-20241113t102625-000003-06EE7A_ll_gd_GEO-IRWIN.nc,20.82021713256836,115.15567779541016,2024-11-13T10:25:31.000000000
wp262024,WV,rcm2-sc50ma-owi-cm-20241110t094319-20241110t094436-00003-______ll_gd_GEO-WV.nc,15.486258506774902,124.80724334716795,2024-11-10T09:43:19.000000000
wp262024,WV,s1a-iw-owi-cm-20241113t102531-20241113t102625-000003-06EE7A_ll_gd_GEO-WV.nc,20.82021141052246,115.15568542480467,2024-11-13T10:25:31.000000000
wp262024,WV,rcm2-sc50mc-owi-cm-20241111t214656-20241111t214811-00003-______ll_gd_GEO-WV.nc,18.62527084350586,118.77120208740234,2024-11-11T21:46:56.000000000
wp262024,WV,rcm2-sc50mb-owi-cm-20241110t213918-20241110t214035-00003-______ll_gd_GEO-WV.nc,16.19870376586914,122.6834945678711,2024-11-10T21:39:18.000000000
wp182025,IRWIN,rcm2-sc50ma-owi-cm-20250821t091556-20250821t091648-00003-xxxxx_ll_gd_GEO-IRWIN.nc,31.60377693176269,130.46060180664062,2025-08-21T09:15:56.000000000
wp182025,IRWIN,rcm1-sc50mc-owi-cm-20250820t093903-20250820t094013-00003-xxxxx_ll_gd_GEO-IRWIN.nc,30.78508949279785,128.0277862548828,2025-08-20T09:39:03.000000000
wp182025,IRWIN,rcm1-sc50mb-owi-cm-20250820t212712-20250820t212801-00003-xxxxx_ll_gd_GEO-IRWIN.nc,31.972318649291992,128.9617919921875,2025-08-20T21:27:12.000000000
ep092023,IRWIN,rcm1-sclnb-owi-cm-20230820t014244-20230820t014402-00003-______ll_gd_GEO-IRWIN.nc,24.8363037109375,245.53309631347656,2023-08-20T01:42:44.000000000
ep092023,IRWIN,rcm1-sc50ma-owi-cm-20230819t013318-20230819t013436-00003-______ll_gd_GEO-IRWIN.nc,19.45263671875,247.2503662109375,2023-08-19T01:33:18.000000000
ep092023,IRWIN,rcm1-sc50mb-owi-cm-20230819t132648-20230819t132805-00003-______ll_gd_GEO-IRWIN.nc,21.87572479248047,246.39254760742188,2023-08-19T13:26:48.000000000
ep092023,IRWIN,s1a-ew-owi-cm-20230819t013753-20230819t013856-000003-0601D3_ll_gd_GEO-IRWIN.nc,19.479124069213867,247.2354888916016,2023-08-19T01:37:53.000000000
ep092023,IRWIN,rcm1-sclnd-owi-cm-20230820t133314-20230820t133432-00003-______ll_gd_GEO-IRWIN.nc,28.467205047607425,244.62327575683597,2023-08-20T13:33:14.000000000
ep092023,IRWIN,rcm1-sc50ma-owi-cm-20230818t131956-20230818t132111-00003-______ll_gd_GEO-IRWIN.nc,17.481395721435547,248.71905517578125,2023-08-18T13:19:56.000000000
al132023,IRWIN,s1a-ew-owi-cm-20230908t092521-20230908t092624-000003-060BF1_ll_gd_GEO-IRWIN.nc,17.728872299194336,306.3276672363281,2023-09-08T09:25:21.000000000
al132023,IRWIN,rcm1-sclnb-owi-cm-20230912t222941-20230912t223057-00003-______ll_gd_GEO-IRWIN.nc,24.813268661499023,293.4847717285156,2023-09-12T22:29:41.000000000
al132023,IRWIN,rcm1-sclnb-owi-cm-20230910t095738-20230910t095854-00003-______ll_gd_GEO-IRWIN.nc,21.39253044128418,299.4040832519531,2023-09-10T09:57:38.000000000
al132023,IRWIN,rcm1-sclnb-owi-cm-20230911t222124-20230911t222239-00003-______ll_gd_GEO-IRWIN.nc,23.649871826171875,295.6534423828125,2023-09-11T22:21:24.000000000
al132023,IRWIN,rcm1-sc50mc-owi-cm-20230913t102040-20230913t102157-00003-______ll_gd_GEO-IRWIN.nc,25.794384002685547,292.8921203613281,2023-09-13T10:20:40.000000000
al132023,IRWIN,rcm1-sclnc-owi-cm-20230911t100516-20230911t100633-00003-______ll_gd_GEO-IRWIN.nc,23.08538818359375,297.0291748046875,2023-09-11T10:05:16.000000000
al132023,IRWIN,rcm1-sclnb-owi-cm-20230909t220434-20230909t220551-00003-______ll_gd_GEO-IRWIN.nc,20.66803741455078,300.71441650390625,2023-09-09T22:04:34.000000000
al132023,IRWIN,rcm1-sclnb-owi-cm-20230910t221257-20230910t221412-00003-______ll_gd_GEO-IRWIN.nc,22.175249099731445,298.2464294433594,2023-09-10T22:12:57.000000000
al132023,IRWIN,s1a-iw-owi-cm-20230908t215511-20230908t215716-000003-060C3F_ll_gd_GEO-IRWIN.nc,18.836769104003903,304.318359375,2023-09-08T21:55:11.000000000
al132023,IRWIN,rcm1-sc50mc-owi-cm-20230913t223823-20230913t223941-00003-______ll_gd_GEO-IRWIN.nc,27.43364906311035,292.2342529296875,2023-09-13T22:38:23.000000000
al132023,IRWIN,rcm1-sc50ma-owi-cm-20230916t104119-20230916t104139-00003-______ll_gd_GEO-IRWIN.nc,42.4126205444336,293.7586364746094,2023-09-16T10:41:19.000000000
al132023,IRWIN,rcm2-sc50ma-owi-cm-20230917t101537-20230917t101607-00003-______ll_gd_GEO-IRWIN.nc,46.96617889404297,296.41143798828125,2023-09-17T10:15:37.000000000
al132023,IRWIN,rcm3-sc50ma-owi-cm-20230916t220316-20230916t220344-00003-______ll_gd_GEO-IRWIN.nc,44.55658721923828,293.7165222167969,2023-09-16T22:03:16.000000000
al132023,IRWIN,rcm2-sclnd-owi-cm-20230907t090310-20230907t090426-00003-______ll_gd_GEO-IRWIN.nc,15.854736328125,311.2010803222656,2023-09-07T09:03:10.000000000
al132023,IRWIN,s1a-iw-owi-cm-20230911t222105-20230911t222154-000003-060DC0_ll_gd_GEO-IRWIN.nc,23.649871826171875,295.6534423828125,2023-09-11T22:21:05.000000000
al132023,IRWIN,rcm1-sc50mc-owi-cm-20230914t102749-20230914t102906-00003-______ll_gd_GEO-IRWIN.nc,29.469696044921875,291.8531799316406,2023-09-14T10:27:49.000000000
al132023,IRWIN,rcm1-sclna-owi-cm-20230909t094956-20230909t095112-00003-______ll_gd_GEO-IRWIN.nc,19.83546257019043,302.4091186523437,2023-09-09T09:49:56.000000000
al132023,IRWIN,rcm1-sclnc-owi-cm-20230912t101305-20230912t101421-00003-______ll_gd_GEO-IRWIN.nc,24.026199340820312,294.468017578125,2023-09-12T10:13:05.000000000
al132023,IRWIN,rcm1-sclnd-owi-cm-20230907t214712-20230907t214830-00003-______ll_gd_GEO-IRWIN.nc,16.855079650878906,308.5788269042969,2023-09-07T21:47:12.000000000
al132023,IRWIN,rcm2-sc50md-owi-cm-20230915t222613-20230915t222657-00003-______ll_gd_GEO-IRWIN.nc,38.29666519165039,293.9562072753906,2023-09-15T22:26:13.000000000
al132023,IRWIN,rcm1-sclnc-owi-cm-20230908t215553-20230908t215709-00003-______ll_gd_GEO-IRWIN.nc,18.836769104003903,304.318359375,2023-09-08T21:55:53.000000000
wp162021,IRWIN,rcm2-sc50ma-owi-cm-20210821t093301-20210821t093805-00003-______ll_gd_GEO-IRWIN.nc,22.641773223876957,127.2571029663086,2021-08-21T09:33:01.000000000
wp162021,IRWIN,rcm2-sc50mc-owi-cm-20210821t212422-20210821t213358-00003-______ll_gd_GEO-IRWIN.nc,23.97128677368164,126.0569305419922,2021-08-21T21:24:22.000000000
wp162021,IRWIN,rcm2-sc50mc-owi-cm-20210820t211551-20210820t212559-00003-______ll_gd_GEO-IRWIN.nc,20.77870178222656,128.6681671142578,2021-08-20T21:15:51.000000000
wp222021,IRWIN,s1b-iw-owi-cm-20211009t104835-20211009t104954-000003-0377A7_ll_gd_GEO-IRWIN.nc,20.03400993347168,109.09893798828124,2021-10-09T10:48:35.000000000
sh182023,IRWIN,rcm3-sclna-owi-cm-20230410t100737-20230410t100853-00003-______ll_gd_GEO-IRWIN.nc,-13.014124870300291,123.33576965332033,2023-04-10T10:07:37.000000000
sh182023,IRWIN,rcm3-sclna-owi-cm-20230411t101505-20230411t101649-00003-______ll_gd_GEO-IRWIN.nc,-14.799473762512209,120.71412658691406,2023-04-11T10:15:05.000000000
sh182023,IRWIN,s1a-ew-owi-cm-20230413t213926-20230413t214036-000003-05C7B9_ll_gd_GEO-IRWIN.nc,-21.07815742492676,120.68132019042967,2023-04-13T21:39:26.000000000
sh182023,IRWIN,rcm3-sclnb-owi-cm-20230413t103016-20230413t103133-00003-______ll_gd_GEO-IRWIN.nc,-19.35187149047852,118.9457015991211,2023-04-13T10:30:16.000000000
sh182023,IRWIN,rcm2-sclnb-owi-cm-20230412t213217-20230412t213332-00003-______ll_gd_GEO-IRWIN.nc,-17.522504806518555,118.95349884033205,2023-04-12T21:32:17.000000000
sh182023,IRWIN,rcm2-sclna-owi-cm-20230413t214014-20230413t214154-00003-______ll_gd_GEO-IRWIN.nc,-21.07815742492676,120.68132019042967,2023-04-13T21:40:14.000000000
sh052020,IRWIN,s1a-ew-owi-cm-20191231t144416-20191231t144620-000003-03813D_ll_gd_GEO-IRWIN.nc,-23.18337631225586,58.90438079833984,2019-12-31T14:44:16.000000000
wp152019,IRWIN,s1b-iw-owi-cm-20190905t214131-20190905t214336-000003-021B40_ll_gd_GEO-IRWIN.nc,27.62517547607422,125.11644744873048,2019-09-05T21:41:31.000000000
wp152019,IRWIN,rs2-scwa-owi-cm-20190906t094312-20190906t094536-00003-______ll_gd_GEO-IRWIN.nc,30.551633834838867,125.17411041259766,2019-09-06T09:43:12.000000000
wp152019,IRWIN,s1b-iw-owi-cm-20190905t093531-20190905t093735-000003-021B00_ll_gd_GEO-IRWIN.nc,25.39809799194336,125.3089599609375,2019-09-05T09:35:31.000000000
al012020,IRWIN,s1a-iw-owi-cm-20200516t232006-20200516t232121-000003-03C684_ll_gd_GEO-IRWIN.nc,28.82562065124512,281.94305419921875,2020-05-16T23:20:06.000000000
wp222020,IRWIN,rs2-scwa-owi-cm-20201030t211604-20201030t211719-00003-______ll_gd_GEO-IRWIN.nc,15.54289436340332,129.2943115234375,2020-10-30T21:16:04.000000000
wp222020,IRWIN,s1b-iw-owi-cm-20201031t212858-20201031t213128-000003-02DBDB_ll_gd_GEO-IRWIN.nc,13.496386528015137,124.22731018066406,2020-10-31T21:28:58.000000000
wp222020,IRWIN,s1a-ew-owi-cm-20201030t092540-20201030t092711-000003-0415F8_ll_gd_GEO-IRWIN.nc,16.198429107666016,131.05274963378906,2020-10-30T09:25:40.000000000
wp222020,IRWIN,s1a-ew-owi-cm-20201102t220236-20201102t220406-000003-0417BC_ll_gd_GEO-IRWIN.nc,14.903148651123049,115.57940673828124,2020-11-02T22:02:36.000000000
wp222020,IRWIN,s1a-ew-owi-cm-20201029t205631-20201029t205758-000003-0415BC_ll_gd_GEO-IRWIN.nc,16.272321701049805,133.06256103515625,2020-10-29T20:56:31.000000000
wp222020,IRWIN,s1b-iw-owi-cm-20201101t095717-20201101t095857-000003-02DC13_ll_gd_GEO-IRWIN.nc,13.917795181274414,121.56056213378906,2020-11-01T09:57:17.000000000
wp222020,IRWIN,s1a-ew-owi-cm-20201103t103118-20201103t103249-000003-041800_ll_gd_GEO-IRWIN.nc,14.694595336914062,114.8306884765625,2020-11-03T10:31:18.000000000
ep022023,IRWIN,rcm2-sclnd-owi-cm-20230701t124721-20230701t124816-00003-______ll_gd_GEO-IRWIN.nc,19.41639518737793,254.84375,2023-07-01T12:47:21.000000000
ep022023,IRWIN,rcm2-sclna-owi-cm-20230701t005333-20230701t005401-00003-______ll_gd_GEO-IRWIN.nc,18.54007911682129,256.1488952636719,2023-07-01T00:53:33.000000000
ep022023,IRWIN,s1a-ew-owi-cm-20230701t130657-20230701t130800-000003-05EB71_ll_gd_GEO-IRWIN.nc,19.396697998046875,254.8367462158203,2023-07-01T13:06:57.000000000
ep022023,IRWIN,rcm2-sc50ma-owi-cm-20230630t124025-20230630t124115-00003-______ll_gd_GEO-IRWIN.nc,16.883493423461914,258.0909423828125,2023-06-30T12:40:25.000000000
sh312025,IRWIN,rcm1-sclnd-owi-cm-20250421t091931-20250421t092048-00003-xxxxx_ll_gd_GEO-IRWIN.nc,-11.799838066101074,136.94662475585938,2025-04-21T09:19:31.000000000
sh112023,IRWIN,rcm1-sc50ma-owi-cm-20230222t023818-20230222t023923-00003-______ll_gd_GEO-IRWIN.nc,-20.997129440307617,45.99952697753906,2023-02-22T02:38:18.000000000
sh112023,IRWIN,rcm2-sclna-owi-cm-20230212t231540-20230212t231720-00003-______ll_gd_GEO-IRWIN.nc,-15.09154987335205,97.00641632080078,2023-02-12T23:15:40.000000000
sh112023,IRWIN,rcm2-sclnd-owi-cm-20230309t155937-20230309t160053-00003-______ll_gd_GEO-IRWIN.nc,-19.414451599121094,38.796630859375,2023-03-09T15:59:37.000000000
sh112023,IRWIN,s1a-iw-owi-cm-20230312t025947-20230312t030127-000003-05B796_ll_gd_GEO-IRWIN.nc,-17.384437561035156,36.79143905639648,2023-03-12T02:59:47.000000000
sh112023,IRWIN,rcm1-sclnd-owi-cm-20230224t025500-20230224t025617-00003-______ll_gd_GEO-IRWIN.nc,-22.445384979248047,36.94247055053711,2023-02-24T02:55:00.000000000
sh112023,IRWIN,rcm3-sclna-owi-cm-20230208t221145-20230208t221301-00003-______ll_gd_GEO-IRWIN.nc,-15.64906883239746,111.0691909790039,2023-02-08T22:11:45.000000000
sh112023,IRWIN,rcm1-sclnc-owi-cm-20230217t002006-20230217t002123-00003-______ll_gd_GEO-IRWIN.nc,-15.410614967346191,76.41648864746094,2023-02-17T00:20:06.000000000
sh112023,IRWIN,rcm2-sclna-owi-cm-20230217t132008-20230217t132123-00003-______ll_gd_GEO-IRWIN.nc,-15.829798698425291,73.71612548828125,2023-02-17T13:20:08.000000000
sh112023,IRWIN,rcm2-sclnd-owi-cm-20230310t160814-20230310t160929-00003-______ll_gd_GEO-IRWIN.nc,-18.348976135253903,38.201690673828125,2023-03-10T16:08:14.000000000
sh112023,IRWIN,s1a-ew-owi-cm-20230217t002232-20230217t002412-000003-05AC30_ll_gd_GEO-IRWIN.nc,-15.410614967346191,76.41648864746094,2023-02-17T00:22:32.000000000
sh112023,IRWIN,s1a-ew-owi-cm-20230223t025236-20230223t025434-000003-05AF37_ll_gd_GEO-IRWIN.nc,-22.2473087310791,40.82780075073242,2023-02-23T02:52:36.000000000
sh112023,IRWIN,rcm3-sclnd-owi-cm-20230211t223559-20230211t223717-00003-______ll_gd_GEO-IRWIN.nc,-14.97747039794922,101.26729583740234,2023-02-11T22:35:59.000000000
sh112023,IRWIN,rcm1-sclnb-owi-cm-20230223t024649-20230223t024805-00003-______ll_gd_GEO-IRWIN.nc,-22.2473087310791,40.82780075073242,2023-02-23T02:46:49.000000000
sh112023,IRWIN,rcm2-sclna-owi-cm-20230307t154258-20230307t154414-00003-______ll_gd_GEO-IRWIN.nc,-22.94849395751953,41.90407180786133,2023-03-07T15:42:58.000000000
sh112023,IRWIN,rcm1-sclnd-owi-cm-20230223t161444-20230223t161600-00003-______ll_gd_GEO-IRWIN.nc,-22.498537063598636,39.05477142333984,2023-02-23T16:14:44.000000000
sh112023,IRWIN,rcm3-sclna-owi-cm-20230219t010916-20230219t010940-00003-______ll_gd_GEO-IRWIN.nc,-16.66415786743164,66.74046325683594,2023-02-19T01:09:16.000000000
sh112023,IRWIN,rcm1-sclna-owi-cm-20230310t030937-20230310t031117-00003-______ll_gd_GEO-IRWIN.nc,-18.790014266967773,38.44354248046875,2023-03-10T03:09:37.000000000
sh112023,IRWIN,rcm2-sclnd-owi-cm-20230216t131202-20230216t131317-00003-______ll_gd_GEO-IRWIN.nc,-14.947187423706056,79.23175048828125,2023-02-16T13:12:02.000000000
sh112023,IRWIN,rcm1-sclna-owi-cm-20230309t030215-20230309t030329-00003-______ll_gd_GEO-IRWIN.nc,-20.286348342895508,39.36959457397461,2023-03-09T03:02:15.000000000
sh112023,IRWIN,rcm1-sclna-owi-cm-20230308t025432-20230308t025547-00003-______ll_gd_GEO-IRWIN.nc,-21.90764045715332,40.72816467285156,2023-03-08T02:54:32.000000000
sh112023,IRWIN,rcm3-sclnc-owi-cm-20230210t222810-20230210t222926-00003-______ll_gd_GEO-IRWIN.nc,-14.69713020324707,105.08018493652344,2023-02-10T22:28:10.000000000
sh112023,IRWIN,rcm2-sclnc-owi-cm-20230308t155113-20230308t155229-00003-______ll_gd_GEO-IRWIN.nc,-20.971391677856445,40.0830078125,2023-03-08T15:51:13.000000000
sh112023,IRWIN,rcm1-sclnd-owi-cm-20230209t111056-20230209t111212-00003-______ll_gd_GEO-IRWIN.nc,-15.490382194519045,109.98638916015624,2023-02-09T11:10:56.000000000
sh112023,IRWIN,rcm2-sclnd-owi-cm-20230311t161623-20230311t161738-00003-______ll_gd_GEO-IRWIN.nc,-17.880170822143555,37.18136596679688,2023-03-11T16:16:23.000000000
sh112023,IRWIN,rcm1-sclna-owi-cm-20230307t024655-20230307t024811-00003-______ll_gd_GEO-IRWIN.nc,-23.630556106567383,42.45173263549805,2023-03-07T02:46:55.000000000
sh112023,IRWIN,s1a-ew-owi-cm-20230308t154255-20230308t154359-000003-05B5DE_ll_gd_GEO-IRWIN.nc,-20.97797393798828,40.0909423828125,2023-03-08T15:42:55.000000000
sh112023,IRWIN,rcm3-sclna-owi-cm-20230214t122357-20230214t122511-00003-______ll_gd_GEO-IRWIN.nc,-15.29763889312744,89.92408752441406,2023-02-14T12:23:57.000000000
sh112023,IRWIN,rcm1-sclna-owi-cm-20230216t001151-20230216t001305-00003-______ll_gd_GEO-IRWIN.nc,-14.800134658813477,82.2762680053711,2023-02-16T00:11:51.000000000
sh112023,IRWIN,rcm1-sclna-owi-cm-20230211t112711-20230211t112851-00003-______ll_gd_GEO-IRWIN.nc,-14.792454719543455,103.1640167236328,2023-02-11T11:27:11.000000000
sh112023,IRWIN,s1a-ew-owi-cm-20230220t143626-20230220t143730-000003-05ADF5_ll_gd_GEO-IRWIN.nc,-19.06021881103516,55.88928985595703,2023-02-20T14:36:26.000000000
sh112023,IRWIN,rcm2-sclnd-owi-cm-20230214t233213-20230214t233329-00003-______ll_gd_GEO-IRWIN.nc,-15.1062593460083,87.68685150146484,2023-02-14T23:32:13.000000000
sh112023,IRWIN,rcm1-sclnd-owi-cm-20230218t135942-20230218t140057-00003-______ll_gd_GEO-IRWIN.nc,-16.265562057495117,68.7632827758789,2023-02-18T13:59:42.000000000
sh112023,IRWIN,s1a-ew-owi-cm-20230219t135657-20230219t135840-000003-05AD74_ll_gd_GEO-IRWIN.nc,-17.412046432495117,63.53937911987305,2023-02-19T13:56:57.000000000
sh112023,IRWIN,rcm3-sc50md-owi-cm-20230220t011738-20230220t011826-00003-______ll_gd_GEO-IRWIN.nc,-18.189207077026367,60.18103790283203,2023-02-20T01:17:38.000000000
sh112023,IRWIN,rcm2-sclnb-owi-cm-20230213t232405-20230213t232520-00003-______ll_gd_GEO-IRWIN.nc,-15.405648231506348,92.50788116455078,2023-02-13T23:24:05.000000000
sh112023,IRWIN,rcm3-sclna-owi-cm-20230209t221955-20230209t222110-00003-______ll_gd_GEO-IRWIN.nc,-15.42191219329834,108.3465805053711,2023-02-09T22:19:55.000000000
wp252019,IRWIN,s1b-iw-owi-cm-20191110t223516-20191110t223700-000003-023975_ll_gd_GEO-IRWIN.nc,12.97946834564209,108.6968765258789,2019-11-10T22:35:16.000000000
wp122025,IRWIN,s1a-ew-owi-cm-20250727t081352-20250727t081456-000003-077D5D_ll_gd_GEO-IRWIN.nc,22.12489318847656,145.16656494140625,2025-07-27T08:13:52.000000000
wp122025,IRWIN,rcm1-sclnd-owi-cm-20250730t201517-20250730t201627-00003-xxxxx_ll_gd_GEO-IRWIN.nc,29.58895874023437,143.11129760742188,2025-07-30T20:15:17.000000000
wp122025,IRWIN,rcm3-sclna-owi-cm-20250729t203937-20250729t204047-00003-xxxxx_ll_gd_GEO-IRWIN.nc,28.691551208496094,142.86062622070312,2025-07-29T20:39:37.000000000
wp122025,IRWIN,s1c-ew-owi-cm-20250726t082004-20250726t082108-000003-006D11_ll_gd_GEO-IRWIN.nc,18.09064674377441,144.32093811035156,2025-07-26T08:20:04.000000000
wp122025,IRWIN,rcm3-sclna-owi-cm-20250726t201725-20250726t201838-00003-xxxxx_ll_gd_GEO-IRWIN.nc,19.74443626403809,144.80853271484375,2025-07-26T20:17:25.000000000
wp122025,IRWIN,rcm3-sclna-owi-cm-20250726t082444-20250726t082543-00003-xxxxx_ll_gd_GEO-IRWIN.nc,18.09064674377441,144.32093811035156,2025-07-26T08:24:44.000000000
wp122025,IRWIN,rcm3-sclnb-owi-cm-20250725t201016-20250725t201126-00003-xxxxx_ll_gd_GEO-IRWIN.nc,17.75080680847168,143.45932006835938,2025-07-25T20:10:16.000000000
wp122025,IRWIN,rcm3-sclna-owi-cm-20250728t203155-20250728t203308-00003-xxxxx_ll_gd_GEO-IRWIN.nc,28.091136932373047,143.0410614013672,2025-07-28T20:31:55.000000000
wp122025,IRWIN,rcm3-sclnd-owi-cm-20250727t083319-20250727t083429-00003-xxxxx_ll_gd_GEO-IRWIN.nc,22.189716339111328,145.17881774902344,2025-07-27T08:33:19.000000000
wp122025,IRWIN,rcm1-sclna-owi-cm-20250729t081829-20250729t081939-00003-xxxxx_ll_gd_GEO-IRWIN.nc,28.54133415222168,142.8709716796875,2025-07-29T08:18:29.000000000
wp122025,IRWIN,rcm3-sclna-owi-cm-20250727t202426-20250727t202538-00003-xxxxx_ll_gd_GEO-IRWIN.nc,25.070941925048828,145.2015838623047,2025-07-27T20:24:26.000000000
wp122025,IRWIN,rcm2-sclnd-owi-cm-20250724t083922-20250724t084005-00003-xxxxx_ll_gd_GEO-IRWIN.nc,15.43111801147461,143.33311462402344,2025-07-24T08:39:22.000000000
wp122025,IRWIN,s1c-ew-owi-cm-20250731t083103-20250731t083207-000003-006F39_ll_gd_GEO-IRWIN.nc,30.40482711791992,142.47140502929688,2025-07-31T08:31:03.000000000
wp122025,IRWIN,rcm1-sc50mc-owi-cm-20250801t084332-20250801t084424-00003-xxxxx_ll_gd_GEO-IRWIN.nc,33.99732208251953,141.3978271484375,2025-08-01T08:43:32.000000000
wp122025,IRWIN,rcm3-sclnd-owi-cm-20250724t200316-20250724t200402-00003-xxxxx_ll_gd_GEO-IRWIN.nc,16.527721405029297,143.32872009277344,2025-07-24T20:03:16.000000000
wp162023,IRWIN,rcm2-sc50ma-owi-cm-20231019t104852-20231019t105008-00003-______ll_gd_GEO-IRWIN.nc,21.108657836914062,109.16751861572266,2023-10-19T10:48:52.000000000
wp162023,IRWIN,rcm2-sc50mc-owi-cm-20231020t105656-20231020t105812-00003-______ll_gd_GEO-IRWIN.nc,20.3671875,109.5728988647461,2023-10-20T10:56:56.000000000
wp162023,IRWIN,rcm2-sc50mb-owi-cm-20231019t224231-20231019t224349-00003-______ll_gd_GEO-IRWIN.nc,21.231000900268555,109.53843688964844,2023-10-19T22:42:31.000000000
ep172023,IRWIN,s1a-iw-owi-cm-20231022t131347-20231022t131505-000003-0621EC_ll_gd_GEO-IRWIN.nc,24.630355834960938,250.4482421875,2023-10-22T13:13:47.000000000
ep172023,IRWIN,rcm2-sc50ma-owi-cm-20231021t131844-20231021t132000-00003-______ll_gd_GEO-IRWIN.nc,22.490089416503903,249.734130859375,2023-10-21T13:18:44.000000000
ep172023,IRWIN,rcm2-sc50mc-owi-cm-20231019t130413-20231019t130530-00003-______ll_gd_GEO-IRWIN.nc,16.9759464263916,252.26780700683597,2023-10-19T13:04:13.000000000
ep172023,IRWIN,rcm2-sc50mb-owi-cm-20231020t131129-20231020t131245-00003-______ll_gd_GEO-IRWIN.nc,19.219417572021484,250.89064025878903,2023-10-20T13:11:29.000000000
ep172023,IRWIN,rcm2-sc50ma-owi-cm-20231021t012544-20231021t012702-00003-______ll_gd_GEO-IRWIN.nc,20.73268318176269,250.02536010742188,2023-10-21T01:25:44.000000000
ep172023,IRWIN,rcm2-sc50ma-owi-cm-20231020t011702-20231020t011819-00003-______ll_gd_GEO-IRWIN.nc,18.04615592956543,251.7484436035156,2023-10-20T01:17:02.000000000
ep172023,IRWIN,rcm3-sc50ma-owi-cm-20231023t011103-20231023t011220-00003-______ll_gd_GEO-IRWIN.nc,24.64878845214844,251.0296630859375,2023-10-23T01:11:03.000000000
wp092023,IRWIN,rcm2-sc50mc-owi-cm-20230825t095228-20230825t095344-00003-______ll_gd_GEO-IRWIN.nc,19.663766860961918,123.71883392333984,2023-08-25T09:52:28.000000000
wp092023,IRWIN,rcm3-sc50ma-owi-cm-20230831t100912-20230831t100941-00003-______ll_gd_GEO-IRWIN.nc,21.33634376525879,117.45277404785156,2023-08-31T10:09:12.000000000
wp092023,IRWIN,s1a-iw-owi-cm-20230901t103347-20230901t103506-000003-060890_ll_gd_GEO-IRWIN.nc,22.000638961791992,114.64517974853516,2023-09-01T10:33:47.000000000
wp092023,IRWIN,rcm3-sc50mb-owi-cm-20230829t095226-20230829t095343-00003-______ll_gd_GEO-IRWIN.nc,19.124887466430664,122.90540313720705,2023-08-29T09:52:26.000000000
wp092023,IRWIN,rcm3-sclnd-owi-cm-20230831t220206-20230831t220323-00003-______ll_gd_GEO-IRWIN.nc,21.81035804748535,116.41371154785156,2023-08-31T22:02:06.000000000
wp092023,IRWIN,rcm3-sc50mb-owi-cm-20230830t100059-20230830t100137-00003-______ll_gd_GEO-IRWIN.nc,20.695247650146484,119.85408020019533,2023-08-30T10:00:59.000000000
wp092023,IRWIN,rcm3-sc50ma-owi-cm-20230828t094404-20230828t094519-00003-______ll_gd_GEO-IRWIN.nc,17.762361526489258,124.04016876220705,2023-08-28T09:44:04.000000000
wp092023,IRWIN,rcm3-sc50mc-owi-cm-20230830t215441-20230830t215517-00003-______ll_gd_GEO-IRWIN.nc,21.02908515930176,118.33895111083984,2023-08-30T21:54:41.000000000
wp092023,IRWIN,rcm3-sclnc-owi-cm-20230827t213101-20230827t213216-00003-______ll_gd_GEO-IRWIN.nc,16.481813430786133,124.22891998291016,2023-08-27T21:31:01.000000000
wp092023,IRWIN,rcm2-sclna-owi-cm-20230825t214628-20230825t214729-00003-______ll_gd_GEO-IRWIN.nc,18.793893814086918,123.21305847167967,2023-08-25T21:46:28.000000000
wp092023,IRWIN,s1a-ew-owi-cm-20230828t213725-20230828t213829-000003-0606C6_ll_gd_GEO-IRWIN.nc,18.44914436340332,123.5251922607422,2023-08-28T21:37:25.000000000
wp092023,IRWIN,rcm2-sclnc-owi-cm-20230826t095955-20230826t100111-00003-______ll_gd_GEO-IRWIN.nc,17.649436950683594,123.13746643066406,2023-08-26T09:59:55.000000000
wp092023,IRWIN,s1a-ew-owi-cm-20230826t094307-20230826t094411-000003-060581_ll_gd_GEO-IRWIN.nc,17.676054000854492,123.14401245117188,2023-08-26T09:43:07.000000000
wp092023,IRWIN,rcm3-sc50ma-owi-cm-20230902t102525-20230902t102641-00003-______ll_gd_GEO-IRWIN.nc,21.78324508666992,111.2113265991211,2023-09-02T10:25:25.000000000
wp092023,IRWIN,rcm3-sc50ma-owi-cm-20230901t101728-20230901t101844-00003-______ll_gd_GEO-IRWIN.nc,22.00078773498535,114.67353057861328,2023-09-01T10:17:28.000000000
wp092023,IRWIN,rcm3-sc50mc-owi-cm-20230901t221002-20230901t221120-00003-______ll_gd_GEO-IRWIN.nc,21.95146751403809,112.98979949951172,2023-09-01T22:10:02.000000000
wp092023,IRWIN,rcm3-sc50ma-owi-cm-20230829t214639-20230829t214735-00003-______ll_gd_GEO-IRWIN.nc,20.052091598510746,121.26216888427734,2023-08-29T21:46:39.000000000
sh132022,IRWIN,s1a-ew-owi-cm-20220219t013628-20220219t013902-000003-04FFB8_ll_gd_GEO-IRWIN.nc,-15.546936988830566,59.53388214111328,2022-02-19T01:36:28.000000000
sh132022,IRWIN,s1a-ew-owi-cm-20220222t020130-20220222t020435-000003-050156_ll_gd_GEO-IRWIN.nc,-19.402666091918945,50.91178512573242,2022-02-22T02:01:30.000000000
sh132022,IRWIN,rs2-scwa-owi-cm-20220220t143954-20220220t144218-00003-______ll_gd_GEO-IRWIN.nc,-17.498445510864258,55.08760452270508,2022-02-20T14:39:54.000000000
sh132022,IRWIN,s1a-ew-owi-cm-20220225t022958-20220225t023303-000003-0502C7_ll_gd_GEO-IRWIN.nc,-30.4471378326416,41.80037307739258,2022-02-25T02:29:58.000000000
wp272024,IRWIN,rcm3-sc50ma-owi-cm-20241112t212331-20241112t212447-00003-______ll_gd_GEO-IRWIN.nc,14.96318817138672,128.2643585205078,2024-11-12T21:23:31.000000000
wp272024,IRWIN,rcm3-sc50mc-owi-cm-20241113t213105-20241113t213223-00003-______ll_gd_GEO-IRWIN.nc,16.933120727539062,123.44302368164062,2024-11-13T21:31:05.000000000
wp272024,IRWIN,rcm3-sc50ma-owi-cm-20241113t093549-20241113t093706-00003-______ll_gd_GEO-IRWIN.nc,15.990946769714355,125.76142120361328,2024-11-13T09:35:49.000000000
wp272024,IRWIN,rcm3-sc50mc-owi-cm-20241112t092705-20241112t092822-00003-______ll_gd_GEO-IRWIN.nc,14.227294921875,130.94020080566406,2024-11-12T09:27:05.000000000
wp272024,WV,rcm3-sc50ma-owi-cm-20241113t093549-20241113t093706-00003-______ll_gd_GEO-WV.nc,15.990937232971191,125.76143646240234,2024-11-13T09:35:49.000000000
wp272024,WV,rcm3-sc50ma-owi-cm-20241112t212331-20241112t212447-00003-______ll_gd_GEO-WV.nc,14.963183403015137,128.26437377929688,2024-11-12T21:23:31.000000000
wp272024,WV,rcm3-sc50mc-owi-cm-20241112t092705-20241112t092822-00003-______ll_gd_GEO-WV.nc,14.227288246154783,130.9402313232422,2024-11-12T09:27:05.000000000
wp272024,WV,rcm3-sc50mc-owi-cm-20241113t213105-20241113t213223-00003-______ll_gd_GEO-WV.nc,16.9331111907959,123.44303894042967,2024-11-13T21:31:05.000000000
ep062019,IRWIN,s1a-ew-owi-cm-20190731t034721-20190731t034910-000003-033442_ll_gd_GEO-IRWIN.nc,13.93682861328125,214.43841552734372,2019-07-31T03:47:21.000000000
ep062019,IRWIN,s1b-ew-owi-cm-20190802t042011-20190802t042203-000003-020B9A_ll_gd_GEO-IRWIN.nc,16.169034957885742,204.9788055419922,2019-08-02T04:20:11.000000000
al182021,IRWIN,rcm3-sc50mb-owi-cm-20211003t212148-20211003t212248-00003-______ll_gd_GEO-IRWIN.nc,38.3619270324707,307.0176086425781,2021-10-03T21:21:48.000000000
al182021,IRWIN,rs2-scwa-owi-cm-20210930t095823-20210930t095939-00003-______ll_gd_GEO-IRWIN.nc,21.64266395568848,300.6809387207031,2021-09-30T09:58:23.000000000
al182021,IRWIN,rcm1-sc50mb-owi-cm-20211004t205837-20211004t205937-00003-______ll_gd_GEO-IRWIN.nc,45.115379333496094,318.14068603515625,2021-10-04T20:58:37.000000000
al182021,IRWIN,rs2-scwa-owi-cm-20210926t211822-20210926t212046-00003-______ll_gd_GEO-IRWIN.nc,14.311532020568848,309.5494384765625,2021-09-26T21:18:22.000000000
al182021,IRWIN,s1a-ew-owi-cm-20210924t210331-20210924t210556-000003-04B621_ll_gd_GEO-IRWIN.nc,12.106013298034668,315.1056213378906,2021-09-24T21:03:31.000000000
al182021,IRWIN,s1b-ew-owi-cm-20210926t090903-20210926t091107-000003-0371EC_ll_gd_GEO-IRWIN.nc,13.699737548828123,310.2520446777344,2021-09-26T09:09:03.000000000
al182021,IRWIN,rs2-scwa-owi-cm-20210928t091808-20210928t092031-00003-______ll_gd_GEO-IRWIN.nc,17.123083114624023,306.15802001953125,2021-09-28T09:18:08.000000000
al182021,IRWIN,rcm2-sc50mb-owi-cm-20211004t093624-20211004t093723-00003-______ll_gd_GEO-IRWIN.nc,40.75850677490234,311.7747802734375,2021-10-04T09:36:24.000000000
al182021,IRWIN,s1a-iw-owi-cm-20210930t215640-20210930t215735-000003-04B93B_ll_gd_GEO-IRWIN.nc,23.81403541564941,299.20184326171875,2021-09-30T21:56:40.000000000
al182021,IRWIN,rs2-scwa-owi-cm-20210925t090528-20210925t090752-00003-______ll_gd_GEO-IRWIN.nc,12.70583152770996,313.2190856933594,2021-09-25T09:05:28.000000000
al182021,IRWIN,s1b-ew-owi-cm-20210929t220202-20210929t220436-000003-037380_ll_gd_GEO-IRWIN.nc,20.108829498291016,302.23248291015625,2021-09-29T22:02:02.000000000
al182021,IRWIN,s1a-iw-owi-cm-20211001t100446-20211001t100540-000003-04B97E_ll_gd_GEO-IRWIN.nc,26.866212844848636,298.1625671386719,2021-10-01T10:04:46.000000000
al182021,IRWIN,s1a-ew-owi-cm-20210927t212900-20210927t213119-000003-04B7A8_ll_gd_GEO-IRWIN.nc,16.271053314208984,307.3417358398437,2021-09-27T21:29:00.000000000
al182021,IRWIN,rcm1-sc50mc-owi-cm-20211002t095319-20211002t095655-00003-______ll_gd_GEO-IRWIN.nc,32.94141387939453,299.5594177246094,2021-10-02T09:53:19.000000000
ep102023,IRWIN,rcm2-sc50ma-owi-cm-20230828t140806-20230828t140923-00003-______ll_gd_GEO-IRWIN.nc,18.10626602172852,236.6125030517578,2023-08-28T14:08:06.000000000
sh212022,IRWIN,rs2-scwa-owi-cm-20220323t221849-20220323t222113-00003-______ll_gd_GEO-IRWIN.nc,-19.70104217529297,107.4065399169922,2022-03-23T22:18:49.000000000
sh212022,IRWIN,rs2-scwa-owi-cm-20220323t111355-20220323t111619-00003-______ll_gd_GEO-IRWIN.nc,-19.29604721069336,108.06549072265624,2022-03-23T11:13:55.000000000
wp112021,IRWIN,rcm1-sc50mc-owi-cm-20210727t082815-20210727t082923-00003-______ll_gd_GEO-IRWIN.nc,36.07864761352539,142.26019287109375,2021-07-27T08:28:15.000000000
wp112021,IRWIN,rcm3-sc50mc-owi-cm-20210728t205201-20210728t205729-00003-______ll_gd_GEO-IRWIN.nc,40.86244583129883,137.04104614257812,2021-07-28T20:52:01.000000000
ep162019,IRWIN,s1a-iw-owi-cm-20190929t124223-20190929t124315-000003-03524A_ll_gd_GEO-IRWIN.nc,17.75617218017578,258.2559509277344,2019-09-29T12:42:23.000000000
wp022023,IRWIN,s1a-ew-owi-cm-20230526t090903-20230526t091031-000003-05DB7B_ll_gd_GEO-IRWIN.nc,15.507904052734377,137.17478942871094,2023-05-26T09:09:03.000000000
wp022023,IRWIN,rcm2-sclna-owi-cm-20230521t081240-20230521t081356-00003-______ll_gd_GEO-IRWIN.nc,7.7803955078125,147.90553283691406,2023-05-21T08:12:40.000000000
wp022023,IRWIN,rcm2-sc50mc-owi-cm-20230531t212914-20230531t213010-00003-______ll_gd_GEO-IRWIN.nc,23.933406829833984,125.61407470703124,2023-05-31T21:29:14.000000000
wp022023,IRWIN,rcm2-sc50ma-owi-cm-20230531t093720-20230531t093756-00003-______ll_gd_GEO-IRWIN.nc,22.545639038085938,125.5220947265625,2023-05-31T09:37:20.000000000
wp022023,IRWIN,rcm2-sc50mc-owi-cm-20230601t094525-20230601t094641-00003-______ll_gd_GEO-IRWIN.nc,25.453859329223636,126.97515106201172,2023-06-01T09:45:25.000000000
wp022023,IRWIN,rcm2-sclnd-owi-cm-20230526t205116-20230526t205205-00003-______ll_gd_GEO-IRWIN.nc,16.13900375366211,134.1976776123047,2023-05-26T20:51:16.000000000
wp022023,IRWIN,rcm2-sclna-owi-cm-20230526t085500-20230526t085617-00003-______ll_gd_GEO-IRWIN.nc,15.496002197265623,137.21340942382812,2023-05-26T08:55:00.000000000
wp022023,IRWIN,rcm2-sclna-owi-cm-20230525t204257-20230525t204411-00003-______ll_gd_GEO-IRWIN.nc,14.996304512023926,139.87852478027344,2023-05-25T20:42:57.000000000
wp022023,IRWIN,rcm2-sclnc-owi-cm-20230523t082956-20230523t083035-00003-______ll_gd_GEO-IRWIN.nc,11.970492362976074,146.2170867919922,2023-05-23T08:29:56.000000000
wp022023,IRWIN,rcm2-sclnb-owi-cm-20230522t082128-20230522t082226-00003-______ll_gd_GEO-IRWIN.nc,9.628510475158691,146.94081115722656,2023-05-22T08:21:28.000000000
wp022023,IRWIN,rcm1-sc50mc-owi-cm-20230529t095157-20230529t095312-00003-______ll_gd_GEO-IRWIN.nc,19.59160804748535,125.65643310546876,2023-05-29T09:51:57.000000000
wp022023,IRWIN,rcm2-sc50mc-owi-cm-20230531t213008-20230531t213029-00003-______ll_gd_GEO-IRWIN.nc,23.933406829833984,125.61407470703124,2023-05-31T21:30:08.000000000
wp022023,IRWIN,rcm2-sclnc-owi-cm-20230525t084634-20230525t084750-00003-______ll_gd_GEO-IRWIN.nc,14.610597610473633,142.2067413330078,2023-05-25T08:46:34.000000000
wp022023,IRWIN,rcm1-sclnc-owi-cm-20230528t094334-20230528t094451-00003-______ll_gd_GEO-IRWIN.nc,17.829912185668945,127.51945495605467,2023-05-28T09:43:34.000000000
wp022023,IRWIN,s1a-ew-owi-cm-20230525t204039-20230525t204207-000003-05DB41_ll_gd_GEO-IRWIN.nc,14.996304512023926,139.87852478027344,2023-05-25T20:40:39.000000000
wp022023,IRWIN,rcm2-sc50ma-owi-cm-20230531t093658-20230531t093723-00003-______ll_gd_GEO-IRWIN.nc,22.545639038085938,125.5220947265625,2023-05-31T09:36:58.000000000
ep012024,IRWIN,rcm1-sc50mc-owi-cm-20240704t125550-20240704t125707-00003-______ll_gd_GEO-IRWIN.nc,17.20104217529297,254.2548065185547,2024-07-04T12:55:50.000000000
ep012024,WV,rcm1-sc50mc-owi-cm-20240704t125550-20240704t125707-00003-______ll_gd_GEO-WV.nc,17.201011657714844,254.25485229492188,2024-07-04T12:55:50.000000000
al272020,IRWIN,rs2-scwa-owi-cm-20201024t215525-20201024t215748-00003-______ll_gd_GEO-IRWIN.nc,39.67924499511719,301.6400451660156,2020-10-24T21:55:25.000000000
al272020,IRWIN,rcm3-sc50mb-owi-cm-20201024t215346-20201024t215530-00003-______ll_gd_GEO-IRWIN.nc,39.67924499511719,301.6400451660156,2020-10-24T21:53:46.000000000
al272020,IRWIN,rcm2-sc50mc-owi-cm-20201024t100124-20201024t100220-00003-______ll_gd_GEO-IRWIN.nc,37.16746520996094,298.3429870605469,2020-10-24T10:01:24.000000000
al272020,IRWIN,rcm3-sc50mb-owi-cm-20201025t093303-20201025t093751-00003-______ll_gd_GEO-IRWIN.nc,42.779205322265625,306.6535339355469,2020-10-25T09:33:03.000000000
al202020,IRWIN,rs2-scwa-owi-cm-20200919t221407-20200919t221523-00003-______ll_gd_GEO-IRWIN.nc,26.703662872314453,299.5321960449219,2020-09-19T22:14:07.000000000
al202020,IRWIN,rs2-scwa-owi-cm-20200921t100432-20200921t100548-00003-______ll_gd_GEO-IRWIN.nc,30.17691802978516,296.8420715332031,2020-09-21T10:04:32.000000000
al202020,IRWIN,s1a-ew-owi-cm-20200921t221437-20200921t221737-000003-040280_ll_gd_GEO-IRWIN.nc,33.79825973510742,298.5946960449219,2020-09-21T22:14:37.000000000
al202020,IRWIN,rs2-scwa-owi-cm-20200917t212905-20200917t213236-00003-______ll_gd_GEO-IRWIN.nc,20.12162399291992,305.8658752441406,2020-09-17T21:29:05.000000000
al202020,IRWIN,rs2-scwa-owi-cm-20200916t091217-20200916t091548-00003-______ll_gd_GEO-IRWIN.nc,15.780078887939451,311.0443725585937,2020-09-16T09:12:17.000000000
al202020,IRWIN,s1a-ew-owi-cm-20200922t101602-20200922t101906-000003-0402C5_ll_gd_GEO-IRWIN.nc,38.80793380737305,296.8450927734375,2020-09-22T10:16:02.000000000
sh082022,IRWIN,s1a-ew-owi-cm-20220130t010458-20220130t010632-000003-04F596_ll_gd_GEO-IRWIN.nc,-17.435138702392578,67.9214096069336,2022-01-30T01:04:58.000000000
sh082022,IRWIN,s1a-ew-owi-cm-20220201t143621-20220201t143926-000003-04F6DD_ll_gd_GEO-IRWIN.nc,-17.24853515625,59.60426712036133,2022-02-01T14:36:21.000000000
sh082022,IRWIN,rs2-scwa-owi-cm-20220131t142221-20220131t142445-00003-______ll_gd_GEO-IRWIN.nc,-15.848071098327637,63.02865982055664,2022-01-31T14:22:21.000000000
sh082022,IRWIN,rs2-scwa-owi-cm-20220204t014121-20220204t014345-00003-______ll_gd_GEO-IRWIN.nc,-19.32349967956543,53.60684967041016,2022-02-04T01:41:21.000000000
sh082022,IRWIN,rs2-scwa-owi-cm-20220130t004632-20220130t004856-00003-______ll_gd_GEO-IRWIN.nc,-17.449819564819336,67.96110534667969,2022-01-30T00:46:32.000000000
sh082022,IRWIN,rs2-scwa-owi-cm-20220201t012801-20220201t013025-00003-______ll_gd_GEO-IRWIN.nc,-16.497543334960938,61.96075439453125,2022-02-01T01:28:01.000000000
sh082022,IRWIN,s1a-ew-owi-cm-20220204t150030-20220204t150335-000003-04F859_ll_gd_GEO-IRWIN.nc,-19.47824478149414,52.25115966796875,2022-02-04T15:00:30.000000000
sh082022,IRWIN,rs2-scwa-owi-cm-20220129t134018-20220129t134242-00003-______ll_gd_GEO-IRWIN.nc,-17.875167846679688,69.62419128417969,2022-01-29T13:40:18.000000000
sh082022,IRWIN,s1a-ew-owi-cm-20220205t015324-20220205t015629-000003-04F895_ll_gd_GEO-IRWIN.nc,-20.005943298339844,51.07406234741211,2022-02-05T01:53:24.000000000
sh152019,IRWIN,s1a-ew-owi-cm-20190216t072052-20190216t072256-000003-02E3FF_ll_gd_GEO-IRWIN.nc,-15.378288269042969,164.20689392089844,2019-02-16T07:20:52.000000000
sh152019,IRWIN,s1b-ew-owi-cm-20190218t184446-20190218t184711-000003-01C08C_ll_gd_GEO-IRWIN.nc,-19.077531814575195,162.760009765625,2019-02-18T18:44:46.000000000
sh152019,IRWIN,s1a-ew-owi-cm-20190214t182852-20190214t183056-000003-02E348_ll_gd_GEO-IRWIN.nc,-15.092591285705566,165.26670837402344,2019-02-14T18:28:52.000000000
sh252019,IRWIN,s1a-ew-owi-cm-20190427t123324-20190427t123528-000003-03095B_ll_gd_GEO-IRWIN.nc,-14.546829223632812,88.80352020263672,2019-04-27T12:33:24.000000000
sh252019,IRWIN,s1b-ew-owi-cm-20190428t122321-20190428t122602-000003-01E172_ll_gd_GEO-IRWIN.nc,-18.27850914001465,90.0255126953125,2019-04-28T12:23:21.000000000
sh252019,IRWIN,s1a-ew-owi-cm-20190425t234054-20190425t234228-000003-03087C_ll_gd_GEO-IRWIN.nc,-11.082304954528809,86.94989013671875,2019-04-25T23:40:54.000000000
sh252019,IRWIN,s1b-ew-owi-cm-20190426t233222-20190426t233402-000003-01E0B1_ll_gd_GEO-IRWIN.nc,-13.4603271484375,88.79644012451172,2019-04-26T23:32:22.000000000
wp232025,IRWIN,rcm1-sc50ma-owi-cm-20250918t221002-20250918t221024-00003-xxxxx_ll_gd_GEO-IRWIN.nc,21.992481231689453,115.94252014160156,2025-09-18T22:10:02.000000000
wp232025,IRWIN,s1c-iw-owi-cm-20250916t213750-20250916t213935-000003-008408_ll_gd_GEO-IRWIN.nc,16.537979125976562,121.9910659790039,2025-09-16T21:37:50.000000000
wp202025,IRWIN,rcm1-sc50ma-owi-cm-20250830t105622-20250830t105734-00003-xxxxx_ll_gd_GEO-IRWIN.nc,17.998062133789062,104.9145050048828,2025-08-30T10:56:22.000000000
al212021,IRWIN,rcm2-sc50ma-owi-cm-20211031t204819-20211031t204951-00003-______ll_gd_GEO-IRWIN.nc,36.18513488769531,316.27276611328125,2021-10-31T20:48:19.000000000
al212021,IRWIN,rcm1-sc50mc-owi-cm-20211027t222516-20211027t222640-00003-______ll_gd_GEO-IRWIN.nc,38.855934143066406,293.4378356933594,2021-10-27T22:25:16.000000000
al212021,IRWIN,s1a-iw-owi-cm-20211027t222538-20211027t222653-000003-04C6E8_ll_gd_GEO-IRWIN.nc,38.87108612060547,293.5104064941406,2021-10-27T22:25:38.000000000
al072021,IRWIN,s1b-iw-owi-cm-20210821t122505-20210821t122624-000003-0361CA_ll_gd_GEO-IRWIN.nc,20.09673500061035,261.9651794433594,2021-08-21T12:25:05.000000000
al072021,IRWIN,rs2-scwa-owi-cm-20210821t002115-20210821t002339-00003-______ll_gd_GEO-IRWIN.nc,20.6965446472168,264.103759765625,2021-08-21T00:21:15.000000000
ep022024,IRWIN,rcm2-sc50mb-owi-cm-20240726t014854-20240726t015012-00003-______ll_gd_GEO-IRWIN.nc,18.770605087280277,242.16360473632807,2024-07-26T01:48:54.000000000
ep022024,IRWIN,rcm2-sc50mc-owi-cm-20240726t134402-20240726t134520-00003-______ll_gd_GEO-IRWIN.nc,19.136892318725582,240.47418212890625,2024-07-26T13:44:02.000000000
ep022024,IRWIN,rcm2-sc50ma-owi-cm-20240725t133615-20240725t133730-00003-______ll_gd_GEO-IRWIN.nc,18.18444061279297,244.4459228515625,2024-07-25T13:36:15.000000000
ep022024,WV,rcm2-sc50ma-owi-cm-20240725t133615-20240725t133730-00003-______ll_gd_GEO-WV.nc,18.18443298339844,244.44595336914065,2024-07-25T13:36:15.000000000
ep022024,WV,rcm2-sc50mb-owi-cm-20240726t014854-20240726t015012-00003-______ll_gd_GEO-WV.nc,18.770601272583008,242.16363525390625,2024-07-26T01:48:54.000000000
ep022024,WV,rcm2-sc50mc-owi-cm-20240726t134402-20240726t134520-00003-______ll_gd_GEO-WV.nc,19.13688850402832,240.4742126464844,2024-07-26T13:44:02.000000000
al032023,IRWIN,rcm2-sc50ma-owi-cm-20230623t100739-20230623t100855-00003-______ll_gd_GEO-IRWIN.nc,13.235101699829102,296.7272644042969,2023-06-23T10:07:39.000000000
al032023,IRWIN,rcm2-sclnc-owi-cm-20230622t221051-20230622t221140-00003-______ll_gd_GEO-IRWIN.nc,13.31829071044922,300.1510009765625,2023-06-22T22:10:51.000000000
al032023,IRWIN,rcm3-sclnd-owi-cm-20230622t092800-20230622t092916-00003-______ll_gd_GEO-IRWIN.nc,13.515461921691896,303.2797546386719,2023-06-22T09:28:00.000000000
al032023,IRWIN,rcm3-sclna-owi-cm-20230621t091957-20230621t092112-00003-______ll_gd_GEO-IRWIN.nc,12.864019393920898,308.5596923828125,2023-06-21T09:19:57.000000000
al092019,IRWIN,s1a-iw-owi-cm-20190914t231126-20190914t231306-000003-034AF8_ll_gd_GEO-IRWIN.nc,27.438690185546875,282.73394775390625,2019-09-14T23:11:26.000000000
sh082023,IRWIN,rcm1-sclnb-owi-cm-20230125t153532-20230125t153649-00003-______ll_gd_GEO-IRWIN.nc,-19.632810592651367,42.94749069213867,2023-01-25T15:35:32.000000000
sh082023,IRWIN,rcm1-sclnc-owi-cm-20230127t155043-20230127t155158-00003-______ll_gd_GEO-IRWIN.nc,-22.96801376342773,41.74913787841797,2023-01-27T15:50:43.000000000
sh082023,IRWIN,rcm1-sclnc-owi-cm-20230126t154314-20230126t154431-00003-______ll_gd_GEO-IRWIN.nc,-20.640993118286133,42.485572814941406,2023-01-26T15:43:14.000000000
sh082023,IRWIN,s1a-ew-owi-cm-20230125t024334-20230125t024630-000003-05A0FA_ll_gd_GEO-IRWIN.nc,-20.1937313079834,43.02272033691406,2023-01-25T02:43:34.000000000
sh082023,IRWIN,rcm1-sclnd-owi-cm-20230128t155750-20230128t155907-00003-______ll_gd_GEO-IRWIN.nc,-26.365110397338867,41.986549377441406,2023-01-28T15:57:50.000000000
cp012025,IRWIN,rcm3-sclnd-owi-cm-20250729t155516-20250729t155617-00003-xxxxx_ll_gd_GEO-IRWIN.nc,10.862255096435549,205.4714508056641,2025-07-29T15:55:16.000000000
cp012025,IRWIN,rcm2-sclna-owi-cm-20250730t043631-20250730t043744-00003-xxxxx_ll_gd_GEO-IRWIN.nc,11.15562343597412,202.512939453125,2025-07-30T04:36:31.000000000
cp012025,IRWIN,rcm2-sclna-owi-cm-20250730t163455-20250730t163605-00003-xxxxx_ll_gd_GEO-IRWIN.nc,11.56613826751709,198.80142211914065,2025-07-30T16:34:55.000000000
cp012025,IRWIN,rcm2-sclnd-owi-cm-20250729t042822-20250729t042932-00003-xxxxx_ll_gd_GEO-IRWIN.nc,10.806914329528809,207.6389312744141,2025-07-29T04:28:22.000000000
al182023,IRWIN,rcm2-sclnd-owi-cm-20230930t085403-20230930t085521-00003-______ll_gd_GEO-IRWIN.nc,20.67686653137207,310.4855041503906,2023-09-30T08:54:03.000000000
al182023,IRWIN,rcm1-sclnd-owi-cm-20230930t214011-20230930t214127-00003-______ll_gd_GEO-IRWIN.nc,22.69768714904785,308.25274658203125,2023-09-30T21:40:11.000000000
al192019,IRWIN,s1b-iw-owi-cm-20191101t080344-20191101t080524-000003-0234E0_ll_gd_GEO-IRWIN.nc,40.56517028808594,330.6611328125,2019-11-01T08:03:44.000000000
io012024,IRWIN,rcm3-sclnd-owi-cm-20240525t121702-20240525t121819-00003-______ll_gd_GEO-IRWIN.nc,18.328771591186523,89.19364929199219,2024-05-25T12:17:02.000000000
io012024,WV,rcm3-sclnd-owi-cm-20240525t121702-20240525t121819-00003-______ll_gd_GEO-WV.nc,18.328771591186523,89.19364929199219,2024-05-25T12:17:02.000000000
wp282021,IRWIN,rcm1-sc50mb-owi-cm-20211216t213236-20211216t214156-00003-______ll_gd_GEO-IRWIN.nc,10.04395866394043,121.61878204345705,2021-12-16T21:32:36.000000000
wp282021,IRWIN,s1b-ew-owi-cm-20211216t093851-20211216t094205-000003-03967A_ll_gd_GEO-IRWIN.nc,10.139808654785156,124.8435287475586,2021-12-16T09:38:51.000000000
wp282021,IRWIN,s1a-iw-owi-cm-20211219t105526-20211219t105735-000003-04E146_ll_gd_GEO-IRWIN.nc,14.606979370117188,110.74405670166016,2021-12-19T10:55:26.000000000
wp242019,IRWIN,s1a-ew-owi-cm-20191107t193942-20191107t194146-000003-036628_ll_gd_GEO-IRWIN.nc,25.993608474731445,153.45127868652344,2019-11-07T19:39:42.000000000
wp242019,IRWIN,s1a-ew-owi-cm-20191105t195730-20191105t195916-000003-03651B_ll_gd_GEO-IRWIN.nc,20.465686798095703,150.5451202392578,2019-11-05T19:57:30.000000000
wp242019,IRWIN,s1b-ew-owi-cm-20191106t194803-20191106t195007-000003-02377F_ll_gd_GEO-IRWIN.nc,22.348520278930664,151.05857849121094,2019-11-06T19:48:03.000000000
wp242019,IRWIN,rs2-scwa-owi-cm-20191105t070922-20191105t071253-00003-______ll_gd_GEO-IRWIN.nc,19.67144203186035,151.08416748046875,2019-11-05T07:09:22.000000000
sh032025,IRWIN,rcm3-sclna-owi-cm-20241127t233208-20241127t233324-00003-xxxxx_ll_gd_GEO-IRWIN.nc,-14.529014587402344,90.30328369140624,2024-11-27T23:32:08.000000000
sh032025,IRWIN,rcm1-sclnd-owi-cm-20241127t122418-20241127t122535-00003-xxxxx_ll_gd_GEO-IRWIN.nc,-12.936686515808104,91.27530670166016,2024-11-27T12:24:18.000000000
sh032025,IRWIN,rcm1-sclnd-owi-cm-20241128t123136-20241128t123253-00003-xxxxx_ll_gd_GEO-IRWIN.nc,-16.079559326171875,91.349609375,2024-11-28T12:31:36.000000000
sh032025,IRWIN,rcm1-sclnd-owi-cm-20241129t231643-20241129t231758-00003-xxxxx_ll_gd_GEO-IRWIN.nc,-18.50010299682617,94.4052276611328,2024-11-29T23:16:43.000000000
ep072023,IRWIN,rcm2-sc50ma-owi-cm-20230815t020501-20230815t020616-00003-______ll_gd_GEO-IRWIN.nc,16.317453384399414,240.3434295654297,2023-08-15T02:05:01.000000000
ep072023,IRWIN,rcm1-sclnd-owi-cm-20230817t025319-20230817t025435-00003-______ll_gd_GEO-IRWIN.nc,16.543031692504883,230.77978515625,2023-08-17T02:53:19.000000000
ep072023,IRWIN,rcm2-sc50mb-owi-cm-20230815t140018-20230815t140119-00003-______ll_gd_GEO-IRWIN.nc,16.916271209716797,238.45697021484372,2023-08-15T14:00:18.000000000
ep072023,IRWIN,rcm2-sc50ma-owi-cm-20230814t135230-20230814t135347-00003-______ll_gd_GEO-IRWIN.nc,15.643486976623535,241.78323364257807,2023-08-14T13:52:30.000000000
al112023,IRWIN,rcm3-sc50ma-owi-cm-20230831t212749-20230831t212907-00003-______ll_gd_GEO-IRWIN.nc,31.120384216308597,307.56842041015625,2023-08-31T21:27:49.000000000
al112023,IRWIN,rcm1-sc50ma-owi-cm-20230901t210543-20230901t210556-00003-______ll_gd_GEO-IRWIN.nc,38.80433654785156,311.1184387207031,2023-09-01T21:05:43.000000000
al112023,IRWIN,rcm3-sc50mc-owi-cm-20230901t213724-20230901t213841-00003-______ll_gd_GEO-IRWIN.nc,39.01700210571289,311.25494384765625,2023-09-01T21:37:24.000000000
ep032024,IRWIN,rcm1-sc50mc-owi-cm-20240801t013237-20240801t013354-00003-______ll_gd_GEO-IRWIN.nc,16.521169662475586,251.3551788330078,2024-08-01T01:32:37.000000000
ep032024,IRWIN,rcm1-sc50ma-owi-cm-20240803t014918-20240803t015035-00003-______ll_gd_GEO-IRWIN.nc,18.74808883666992,242.39122009277344,2024-08-03T01:49:18.000000000
ep032024,IRWIN,rcm3-sc50mc-owi-cm-20240805t023823-20240805t023942-00003-______ll_gd_GEO-IRWIN.nc,19.984527587890625,234.253173828125,2024-08-05T02:38:23.000000000
ep032024,IRWIN,rcm1-sc50mc-owi-cm-20240802t014048-20240802t014205-00003-______ll_gd_GEO-IRWIN.nc,17.902742385864258,247.27346801757807,2024-08-02T01:40:48.000000000
ep032024,IRWIN,rcm1-sc50ma-owi-cm-20240802t133412-20240802t133912-00003-______ll_gd_GEO-IRWIN.nc,18.35072135925293,245.10150146484372,2024-08-02T13:34:12.000000000
ep032024,IRWIN,rcm1-sc50mc-owi-cm-20240803t134350-20240803t134508-00003-______ll_gd_GEO-IRWIN.nc,18.834148406982425,240.19485473632807,2024-08-03T13:43:50.000000000
ep032024,WV,rcm1-sc50mc-owi-cm-20240802t014048-20240802t014205-00003-______ll_gd_GEO-WV.nc,17.902727127075195,247.2735137939453,2024-08-02T01:40:48.000000000
ep032024,WV,rcm3-sc50mc-owi-cm-20240805t023823-20240805t023942-00003-______ll_gd_GEO-WV.nc,19.984521865844727,234.2531890869141,2024-08-05T02:38:23.000000000
ep032024,WV,rcm1-sc50ma-owi-cm-20240803t014918-20240803t015035-00003-______ll_gd_GEO-WV.nc,18.748085021972656,242.3912506103516,2024-08-03T01:49:18.000000000
ep032024,WV,rcm1-sc50mc-owi-cm-20240803t134350-20240803t134508-00003-______ll_gd_GEO-WV.nc,18.83414459228516,240.19488525390625,2024-08-03T13:43:50.000000000
ep032024,WV,rcm1-sc50ma-owi-cm-20240802t133412-20240802t133912-00003-______ll_gd_GEO-WV.nc,18.350717544555664,245.10153198242188,2024-08-02T13:34:12.000000000
ep032024,WV,rcm1-sc50mc-owi-cm-20240801t013237-20240801t013354-00003-______ll_gd_GEO-WV.nc,16.52115821838379,251.35520935058597,2024-08-01T01:32:37.000000000
al072022,IRWIN,rs2-scwa-owi-cm-20220920t104420-20220920t104536-00003-______ll_gd_GEO-IRWIN.nc,21.37422180175781,288.9233093261719,2022-09-20T10:44:20.000000000
al072022,IRWIN,rcm1-sc50ma-owi-cm-20220923t214557-20220923t214656-00003-______ll_gd_GEO-IRWIN.nc,40.805702209472656,299.2475891113281,2022-09-23T21:45:57.000000000
al072022,IRWIN,s1a-iw-owi-cm-20220924t101500-20220924t101604-000003-05653E_ll_gd_GEO-IRWIN.nc,46.21321105957031,298.7900085449219,2022-09-24T10:15:00.000000000
al072022,IRWIN,rcm2-sc50mb-owi-cm-20220922t223853-20220922t224117-00003-______ll_gd_GEO-IRWIN.nc,30.598426818847656,290.7558898925781,2022-09-22T22:38:53.000000000
al072022,IRWIN,rcm1-sc50ma-owi-cm-20220923t214715-20220923t214814-00003-______ll_gd_GEO-IRWIN.nc,40.805702209472656,299.2475891113281,2022-09-23T21:47:15.000000000
al072022,IRWIN,rs2-scwa-owi-cm-20220923t220719-20220923t220943-00003-______ll_gd_GEO-IRWIN.nc,41.05704498291016,299.274169921875,2022-09-23T22:07:19.000000000
al072022,IRWIN,s1a-iw-owi-cm-20220916t221920-20220916t222035-000003-056188_ll_gd_GEO-IRWIN.nc,16.39924430847168,298.7959899902344,2022-09-16T22:19:20.000000000
al072022,IRWIN,rs2-scwa-owi-cm-20220922t223442-20220922t223705-00003-______ll_gd_GEO-IRWIN.nc,30.559371948242188,290.7246398925781,2022-09-22T22:34:42.000000000
al072022,IRWIN,s1a-iw-owi-cm-20220919t224452-20220919t224657-000003-056306_ll_gd_GEO-IRWIN.nc,20.068395614624023,290.0283203125,2022-09-19T22:44:52.000000000
sh162023,IRWIN,rcm2-sclnc-owi-cm-20230306t055320-20230306t055504-00003-______ll_gd_GEO-IRWIN.nc,-30.49202537536621,192.7816619873047,2023-03-06T05:53:20.000000000
sh162023,IRWIN,s1a-iw-owi-cm-20230303t072159-20230303t072256-000003-05B333_ll_gd_GEO-IRWIN.nc,-17.893526077270508,167.85415649414062,2023-03-03T07:21:59.000000000
sh162023,IRWIN,rcm1-sclna-owi-cm-20230303t181918-20230303t182032-00003-______ll_gd_GEO-IRWIN.nc,-19.780981063842773,170.10044860839844,2023-03-03T18:19:18.000000000
sh162023,IRWIN,rcm1-sclna-owi-cm-20230305t170112-20230305t170229-00003-______ll_gd_GEO-IRWIN.nc,-28.89962387084961,187.7730255126953,2023-03-05T17:01:12.000000000
ep102024,IRWIN,rcm1-sclna-owi-cm-20240925t124746-20240925t124900-00003-______ll_gd_GEO-IRWIN.nc,16.405946731567383,258.47314453125,2024-09-25T12:47:46.000000000
ep102024,IRWIN,rcm1-sclnd-owi-cm-20240926t010030-20240926t010148-00003-______ll_gd_GEO-IRWIN.nc,16.920307159423828,257.9412841796875,2024-09-26T01:00:30.000000000
ep102024,IRWIN,s1a-iw-owi-cm-20240924t004704-20240924t004913-000003-06D162_ll_gd_GEO-IRWIN.nc,16.10085105895996,261.3329467773437,2024-09-24T00:47:04.000000000
ep102024,IRWIN,s1a-iw-owi-cm-20240926t124242-20240926t124407-000003-06D2D5_ll_gd_GEO-IRWIN.nc,17.12087059020996,257.47711181640625,2024-09-26T12:42:42.000000000
ep102024,IRWIN,rcm1-sclnd-owi-cm-20240927t010822-20240927t010939-00003-______ll_gd_GEO-IRWIN.nc,17.559724807739258,257.0828552246094,2024-09-27T01:08:22.000000000
ep102024,WV,rcm1-sclnd-owi-cm-20240926t010030-20240926t010148-00003-______ll_gd_GEO-WV.nc,16.920305252075195,257.9412841796875,2024-09-26T01:00:30.000000000
ep102024,WV,s1a-iw-owi-cm-20240926t124242-20240926t124407-000003-06D2D5_ll_gd_GEO-WV.nc,17.120866775512695,257.47711181640625,2024-09-26T12:42:42.000000000
ep102024,WV,rcm1-sclna-owi-cm-20240925t124746-20240925t124900-00003-______ll_gd_GEO-WV.nc,16.405956268310547,258.47314453125,2024-09-25T12:47:46.000000000
ep102024,WV,rcm1-sclnd-owi-cm-20240927t010822-20240927t010939-00003-______ll_gd_GEO-WV.nc,17.559717178344727,257.0828552246094,2024-09-27T01:08:22.000000000
ep102024,WV,s1a-iw-owi-cm-20240924t004704-20240924t004913-000003-06D162_ll_gd_GEO-WV.nc,16.119565963745117,261.3218688964844,2024-09-24T00:47:04.000000000
ep062022,IRWIN,rs2-scwa-owi-cm-20220720t014938-20220720t015054-00003-______ll_gd_GEO-IRWIN.nc,20.06863784790039,242.177490234375,2022-07-20T01:49:38.000000000
io082023,IRWIN,rcm1-sclna-owi-cm-20231205t003607-20231205t003723-00003-______ll_gd_GEO-IRWIN.nc,14.878217697143556,80.10065460205078,2023-12-05T00:36:07.000000000
io082023,IRWIN,rcm1-sclnd-owi-cm-20231205t124809-20231205t124926-00003-______ll_gd_GEO-IRWIN.nc,16.106603622436523,80.12937927246094,2023-12-05T12:48:09.000000000
io082023,IRWIN,rcm1-sclna-owi-cm-20231204t123942-20231204t124056-00003-______ll_gd_GEO-IRWIN.nc,13.9390869140625,80.55657958984375,2023-12-04T12:39:42.000000000
ep082025,IRWIN,rcm2-sclnd-owi-cm-20250812t044953-20250812t045103-00003-xxxxx_ll_gd_GEO-IRWIN.nc,31.126161575317383,200.63275146484372,2025-08-12T04:49:53.000000000
ep082025,IRWIN,rcm2-sclna-owi-cm-20250805t140850-20250805t140959-00003-xxxxx_ll_gd_GEO-IRWIN.nc,16.48443031311035,235.83834838867188,2025-08-05T14:08:50.000000000
ep082025,IRWIN,rcm3-sclna-owi-cm-20250811t040944-20250811t041008-00003-xxxxx_ll_gd_GEO-IRWIN.nc,26.897653579711918,205.9556427001953,2025-08-11T04:09:44.000000000
ep082025,IRWIN,rcm1-sclnc-owi-cm-20250807t030200-20250807t030227-00003-xxxxx_ll_gd_GEO-IRWIN.nc,18.195497512817383,227.57540893554688,2025-08-07T03:02:00.000000000
ep082025,IRWIN,rcm1-sclnb-owi-cm-20250807t145609-20250807t145719-00003-xxxxx_ll_gd_GEO-IRWIN.nc,18.59552574157715,224.67459106445312,2025-08-07T14:56:09.000000000
ep082025,IRWIN,rcm3-sclna-owi-cm-20250810t035953-20250810t040102-00003-xxxxx_ll_gd_GEO-IRWIN.nc,23.11931037902832,210.63157653808597,2025-08-10T03:59:53.000000000
ep082025,IRWIN,rcm1-sclna-owi-cm-20250808t031033-20250808t031103-00003-xxxxx_ll_gd_GEO-IRWIN.nc,18.990440368652344,221.42355346679688,2025-08-08T03:10:33.000000000
ep082025,IRWIN,rcm3-sclnd-owi-cm-20250810t155126-20250810t155236-00003-xxxxx_ll_gd_GEO-IRWIN.nc,24.839962005615234,208.47271728515625,2025-08-10T15:51:26.000000000
ep082025,IRWIN,rcm2-sclna-owi-cm-20250806t022132-20250806t022241-00003-xxxxx_ll_gd_GEO-IRWIN.nc,17.55428695678711,233.4020538330078,2025-08-06T02:21:32.000000000
ep082025,IRWIN,rcm2-sclna-owi-cm-20250811t163005-20250811t163115-00003-xxxxx_ll_gd_GEO-IRWIN.nc,29.069713592529297,203.11380004882807,2025-08-11T16:30:05.000000000
ep082025,IRWIN,rcm3-sclnb-owi-cm-20250809t154359-20250809t154512-00003-xxxxx_ll_gd_GEO-IRWIN.nc,21.609132766723636,212.90451049804688,2025-08-09T15:43:59.000000000
ep082025,IRWIN,rcm2-sclnd-owi-cm-20250812t163711-20250812t163821-00003-xxxxx_ll_gd_GEO-IRWIN.nc,33.333946228027344,197.9725799560547,2025-08-12T16:37:11.000000000
ep082025,IRWIN,rcm2-sclnb-owi-cm-20250805t021237-20250805t021347-00003-xxxxx_ll_gd_GEO-IRWIN.nc,15.314605712890623,238.3567352294922,2025-08-05T02:12:37.000000000
ep082025,IRWIN,rcm2-sclnb-owi-cm-20250813t045911-20250813t050024-00003-xxxxx_ll_gd_GEO-IRWIN.nc,35.7193717956543,195.2111358642578,2025-08-13T04:59:11.000000000
ep172021,IRWIN,s1b-iw-owi-cm-20211025t123346-20211025t123453-000003-037EE8_ll_gd_GEO-IRWIN.nc,18.224239349365234,257.8322448730469,2021-10-25T12:33:46.000000000
ep152019,IRWIN,s1b-iw-owi-cm-20190922t013117-20190922t013211-000003-0222A9_ll_gd_GEO-IRWIN.nc,27.176631927490234,248.5448760986328,2019-09-22T01:31:17.000000000
ep152019,IRWIN,s1b-iw-owi-cm-20190919t010420-20190919t010450-000003-022142_ll_gd_GEO-IRWIN.nc,18.55487823486328,255.71226501464844,2019-09-19T01:04:20.000000000
ep152019,IRWIN,s1a-iw-owi-cm-20190920t130548-20190920t130734-000003-034DBE_ll_gd_GEO-IRWIN.nc,22.660171508789062,251.0980529785156,2019-09-20T13:05:48.000000000
wp142023,IRWIN,s1a-iw-owi-cm-20231007t103348-20231007t103442-000003-061A7B_ll_gd_GEO-IRWIN.nc,21.27705764770508,115.12583923339844,2023-10-07T10:33:48.000000000
wp142023,IRWIN,rcm3-sc50mc-owi-cm-20231006t220223-20231006t220309-00003-______ll_gd_GEO-IRWIN.nc,21.103612899780277,115.47210693359376,2023-10-06T22:02:23.000000000
wp142023,IRWIN,rcm3-sc50mc-owi-cm-20231005t215441-20231005t215454-00003-______ll_gd_GEO-IRWIN.nc,21.82505226135254,117.94718933105467,2023-10-05T21:54:41.000000000
wp142023,IRWIN,rcm3-sc50ma-owi-cm-20231008t102514-20231008t102629-00003-______ll_gd_GEO-IRWIN.nc,21.596981048583984,114.08489990234376,2023-10-08T10:25:14.000000000
wp142023,IRWIN,rcm3-sc50ma-owi-cm-20231004t095318-20231004t095341-00003-______ll_gd_GEO-IRWIN.nc,22.113067626953125,122.1419448852539,2023-10-04T09:53:18.000000000
wp142023,IRWIN,rcm3-sc50mb-owi-cm-20231003t094502-20231003t094617-00003-______ll_gd_GEO-IRWIN.nc,21.55049133300781,124.7885284423828,2023-10-03T09:45:02.000000000
wp142023,IRWIN,rcm3-sc50mb-owi-cm-20231002t213003-20231002t213121-00003-______ll_gd_GEO-IRWIN.nc,20.450136184692383,125.35270690917967,2023-10-02T21:30:03.000000000
wp142023,IRWIN,rcm3-sc50ma-owi-cm-20231006t100925-20231006t100944-00003-______ll_gd_GEO-IRWIN.nc,21.57567405700684,116.43914794921876,2023-10-06T10:09:25.000000000
wp142023,IRWIN,rcm3-sc50mc-owi-cm-20231003t213837-20231003t213908-00003-______ll_gd_GEO-IRWIN.nc,22.15693473815918,123.79692840576172,2023-10-03T21:38:37.000000000
wp142023,IRWIN,rcm3-sc50mc-owi-cm-20231008t221825-20231008t221942-00003-______ll_gd_GEO-IRWIN.nc,21.78080940246582,113.44602966308594,2023-10-08T22:18:25.000000000
wp142023,IRWIN,rcm3-sc50ma-owi-cm-20231009t103317-20231009t103432-00003-______ll_gd_GEO-IRWIN.nc,21.32233047485352,112.6661376953125,2023-10-09T10:33:17.000000000
wp142023,IRWIN,rcm3-sclna-owi-cm-20231001t212211-20231001t212326-00003-______ll_gd_GEO-IRWIN.nc,18.91538429260254,127.67635345458984,2023-10-01T21:22:11.000000000
wp142023,IRWIN,rcm3-sc50mc-owi-cm-20231007t221032-20231007t221115-00003-______ll_gd_GEO-IRWIN.nc,21.467527389526367,114.69387817382812,2023-10-07T22:10:32.000000000
wp142023,IRWIN,rcm3-sc50mb-owi-cm-20231002t093638-20231002t093753-00003-______ll_gd_GEO-IRWIN.nc,19.862924575805664,126.31330871582033,2023-10-02T09:36:38.000000000
wp142023,IRWIN,rcm3-sc50ma-owi-cm-20231007t101730-20231007t101847-00003-______ll_gd_GEO-IRWIN.nc,21.27446174621582,115.12837982177734,2023-10-07T10:17:30.000000000
wp142023,IRWIN,rcm3-sc50mb-owi-cm-20231007t220959-20231007t221033-00003-______ll_gd_GEO-IRWIN.nc,21.467527389526367,114.69387817382812,2023-10-07T22:09:59.000000000
wp142023,IRWIN,rcm3-sclnc-owi-cm-20231001t092812-20231001t092929-00003-______ll_gd_GEO-IRWIN.nc,18.130319595336918,128.66871643066406,2023-10-01T09:28:12.000000000
ep142022,IRWIN,rcm2-sc50ma-owi-cm-20220919t011743-20220919t011911-00003-______ll_gd_GEO-IRWIN.nc,19.359241485595703,252.3951873779297,2022-09-19T01:17:43.000000000
io022024,IRWIN,rcm1-sclnd-owi-cm-20240831t012257-20240831t012333-00003-______ll_gd_GEO-IRWIN.nc,23.291418075561523,65.60477447509766,2024-08-31T01:22:57.000000000
io022024,IRWIN,rcm1-sc50ma-owi-cm-20240831t133854-20240831t133921-00003-______ll_gd_GEO-IRWIN.nc,23.31162452697754,63.893009185791016,2024-08-31T13:38:54.000000000
io022024,WV,rcm1-sc50ma-owi-cm-20240831t133854-20240831t133921-00003-______ll_gd_GEO-WV.nc,23.31162452697754,63.893009185791016,2024-08-31T13:38:54.000000000
io022024,WV,rcm1-sclnd-owi-cm-20240831t012257-20240831t012333-00003-______ll_gd_GEO-WV.nc,23.291418075561523,65.60477447509766,2024-08-31T01:22:57.000000000
wp162020,IRWIN,s1b-iw-owi-cm-20201006t204525-20201006t204640-000003-02D075_ll_gd_GEO-IRWIN.nc,24.91295051574707,136.2820281982422,2020-10-06T20:45:25.000000000
wp162020,IRWIN,rs2-scwa-owi-cm-20201009t090404-20201009t090628-00003-______ll_gd_GEO-IRWIN.nc,30.79693603515625,133.7550506591797,2020-10-09T09:04:04.000000000
wp162020,IRWIN,rcm3-sc50mb-owi-cm-20201010t084315-20201010t084427-00003-______ll_gd_GEO-IRWIN.nc,32.19569396972656,137.2871856689453,2020-10-10T08:43:15.000000000
wp162020,IRWIN,s1a-iw-owi-cm-20201008t091245-20201008t091425-000003-040AD1_ll_gd_GEO-IRWIN.nc,29.100780487060547,133.1393280029297,2020-10-08T09:12:45.000000000
wp162020,IRWIN,rcm2-sc50mc-owi-cm-20201009t205425-20201009t205537-00003-______ll_gd_GEO-IRWIN.nc,31.81782913208008,135.260986328125,2020-10-09T20:54:25.000000000
wp162020,IRWIN,rcm3-sc50md-owi-cm-20201010t203044-20201010t203200-00003-______ll_gd_GEO-IRWIN.nc,32.1783561706543,139.73043823242188,2020-10-10T20:30:44.000000000
io012023,IRWIN,rcm2-sclna-owi-cm-20230513t120128-20230513t120146-00003-______ll_gd_GEO-IRWIN.nc,16.918107986450195,90.71253967285156,2023-05-13T12:01:28.000000000
io012023,IRWIN,rcm2-sclna-owi-cm-20230513t235455-20230513t235607-00003-______ll_gd_GEO-IRWIN.nc,18.675405502319336,91.88292694091795,2023-05-13T23:54:55.000000000
io012023,IRWIN,rcm2-sclna-owi-cm-20230513t120024-20230513t120110-00003-______ll_gd_GEO-IRWIN.nc,16.918107986450195,90.71253967285156,2023-05-13T12:00:24.000000000
io012023,IRWIN,s1a-ew-owi-cm-20230513t235729-20230513t235826-000003-05D623_ll_gd_GEO-IRWIN.nc,18.675405502319336,91.88292694091795,2023-05-13T23:57:29.000000000
ep152023,IRWIN,rcm1-sc50mc-owi-cm-20231006t013225-20231006t013342-00003-______ll_gd_GEO-IRWIN.nc,16.025724411010742,250.133056640625,2023-10-06T01:32:25.000000000
ep152023,IRWIN,rcm2-sc50mc-owi-cm-20231010t013328-20231010t013445-00003-______ll_gd_GEO-IRWIN.nc,18.18940544128418,249.62159729003903,2023-10-10T01:33:28.000000000
ep152023,IRWIN,s1a-ew-owi-cm-20231010t131515-20231010t131619-000003-061BFB_ll_gd_GEO-IRWIN.nc,18.89491271972656,251.77854919433597,2023-10-10T13:15:15.000000000
ep152023,IRWIN,rcm1-sc50ma-owi-cm-20231005t132016-20231005t132130-00003-______ll_gd_GEO-IRWIN.nc,15.83134651184082,250.55186462402344,2023-10-05T13:20:16.000000000
ep152023,IRWIN,s1a-ew-owi-cm-20231008t133242-20231008t133346-000003-061B15_ll_gd_GEO-IRWIN.nc,16.845870971679688,247.18202209472656,2023-10-08T13:32:42.000000000
ep152023,IRWIN,rcm3-sclnd-owi-cm-20231010t125527-20231010t125645-00003-______ll_gd_GEO-IRWIN.nc,18.8693904876709,251.7037353515625,2023-10-10T12:55:27.000000000
ep152023,IRWIN,rcm1-sc50mc-owi-cm-20231008t014837-20231008t014954-00003-______ll_gd_GEO-IRWIN.nc,16.068086624145508,247.538330078125,2023-10-08T01:48:37.000000000
ep152023,IRWIN,rcm3-sclnb-owi-cm-20231011t011017-20231011t011132-00003-______ll_gd_GEO-IRWIN.nc,20.35235023498535,254.8690185546875,2023-10-11T01:10:17.000000000
ep152023,IRWIN,rcm1-sc50mc-owi-cm-20231007t014026-20231007t014142-00003-______ll_gd_GEO-IRWIN.nc,16.181129455566406,248.57948303222656,2023-10-07T01:40:26.000000000
ep152023,IRWIN,rcm2-sc50mc-owi-cm-20231009t131944-20231009t132100-00003-______ll_gd_GEO-IRWIN.nc,18.02219009399414,248.12030029296875,2023-10-09T13:19:44.000000000
wp072023,IRWIN,rcm1-sc50ma-owi-cm-20230812t084220-20230812t084338-00003-______ll_gd_GEO-IRWIN.nc,28.88058090209961,141.11740112304688,2023-08-12T08:42:20.000000000
wp072023,IRWIN,rcm1-sclnd-owi-cm-20230810t201525-20230810t201705-00003-______ll_gd_GEO-IRWIN.nc,26.55445671081543,142.8325958251953,2023-08-10T20:15:25.000000000
wp072023,IRWIN,rcm1-sc50mb-owi-cm-20230813t085042-20230813t085201-00003-______ll_gd_GEO-IRWIN.nc,30.48326110839844,138.70591735839844,2023-08-13T08:50:42.000000000
wp072023,IRWIN,rcm1-sclnb-owi-cm-20230809t081702-20230809t081819-00003-______ll_gd_GEO-IRWIN.nc,24.62839126586914,145.73141479492188,2023-08-09T08:17:02.000000000
wp072023,IRWIN,rcm1-sclnb-owi-cm-20230810t082515-20230810t082659-00003-______ll_gd_GEO-IRWIN.nc,25.653099060058597,143.25498962402344,2023-08-10T08:25:15.000000000
wp072023,IRWIN,rcm1-sc50mc-owi-cm-20230815t205303-20230815t205405-00003-______ll_gd_GEO-IRWIN.nc,37.54606628417969,134.97727966308594,2023-08-15T20:53:03.000000000
wp072023,IRWIN,s1a-ew-owi-cm-20230815t085014-20230815t085117-000003-05FFFE_ll_gd_GEO-IRWIN.nc,35.70332717895508,134.84744262695312,2023-08-15T08:50:14.000000000
wp072023,IRWIN,rcm1-sc50mc-owi-cm-20230815t090843-20230815t090917-00003-______ll_gd_GEO-IRWIN.nc,35.76018524169922,134.83023071289062,2023-08-15T09:08:43.000000000
wp072023,IRWIN,rcm1-sc50mb-owi-cm-20230813t203833-20230813t203950-00003-______ll_gd_GEO-IRWIN.nc,31.64283943176269,137.65289306640625,2023-08-13T20:38:33.000000000
wp072023,IRWIN,rcm1-sclnc-owi-cm-20230812t203104-20230812t203220-00003-______ll_gd_GEO-IRWIN.nc,29.528284072875977,139.78538513183594,2023-08-12T20:31:04.000000000
wp072023,IRWIN,rcm1-sc50mc-owi-cm-20230815t090801-20230815t090820-00003-______ll_gd_GEO-IRWIN.nc,35.76018524169922,134.83023071289062,2023-08-15T09:08:01.000000000
wp072023,IRWIN,rcm1-sc50mc-owi-cm-20230814t204625-20230814t204715-00003-______ll_gd_GEO-IRWIN.nc,33.75267028808594,135.75900268554688,2023-08-14T20:46:25.000000000
wp072023,IRWIN,rcm1-sclnc-owi-cm-20230811t083342-20230811t083522-00003-______ll_gd_GEO-IRWIN.nc,27.639352798461918,142.8059539794922,2023-08-11T08:33:42.000000000
wp072023,IRWIN,rcm1-sc50mc-owi-cm-20230814t085918-20230814t090035-00003-______ll_gd_GEO-IRWIN.nc,32.53790664672852,136.80157470703125,2023-08-14T08:59:18.000000000
wp072023,IRWIN,rcm1-sclnd-owi-cm-20230809t200800-20230809t200917-00003-______ll_gd_GEO-IRWIN.nc,25.066362380981445,144.34884643554688,2023-08-09T20:08:00.000000000
wp072023,IRWIN,rcm3-sc50ma-owi-cm-20230817t082315-20230817t082431-00003-______ll_gd_GEO-IRWIN.nc,45.2850227355957,140.31056213378906,2023-08-17T08:23:15.000000000
al082025,IRWIN,s1c-ew-owi-cm-20251001t102503-20251001t102606-000003-008A82_ll_gd_GEO-IRWIN.nc,36.403228759765625,294.9799194335937,2025-10-01T10:25:03.000000000
al082025,IRWIN,rcm2-sc50ma-owi-cm-20250929t223200-20250929t223259-00003-xxxxx_ll_gd_GEO-IRWIN.nc,29.23222541809082,291.66241455078125,2025-09-29T22:32:00.000000000
al082025,IRWIN,s1a-ew-owi-cm-20250930t103533-20250930t103637-000003-07A261_ll_gd_GEO-IRWIN.nc,32.22856903076172,290.2794494628906,2025-09-30T10:35:33.000000000
al082025,IRWIN,rcm2-sclnc-owi-cm-20250927t221341-20250927t221452-00003-xxxxx_ll_gd_GEO-IRWIN.nc,22.95062255859375,298.6845397949219,2025-09-27T22:13:41.000000000
al082025,IRWIN,s1c-ew-owi-cm-20250930t222320-20250930t222423-000003-008A4C_ll_gd_GEO-IRWIN.nc,34.286338806152344,290.6718139648437,2025-09-30T22:23:20.000000000
al082025,IRWIN,s1a-ew-owi-cm-20250926t220412-20250926t220516-000003-07A046_ll_gd_GEO-IRWIN.nc,22.15716552734375,301.7900695800781,2025-09-26T22:04:12.000000000
al082025,IRWIN,rcm2-sclnc-owi-cm-20250928t100523-20250928t100635-00003-xxxxx_ll_gd_GEO-IRWIN.nc,24.022817611694336,296.4759826660156,2025-09-28T10:05:23.000000000
al082025,IRWIN,rcm2-sc50mb-owi-cm-20250928t222216-20250928t222325-00003-xxxxx_ll_gd_GEO-IRWIN.nc,25.610546112060547,294.4486999511719,2025-09-28T22:22:16.000000000
al082025,IRWIN,rcm2-sclnc-owi-cm-20250926t220536-20250926t220647-00003-xxxxx_ll_gd_GEO-IRWIN.nc,22.15094375610352,301.7726745605469,2025-09-26T22:05:36.000000000
al082025,IRWIN,rcm2-sc50mc-owi-cm-20250930t224040-20250930t224152-00003-xxxxx_ll_gd_GEO-IRWIN.nc,34.3511962890625,290.73651123046875,2025-09-30T22:40:40.000000000
al082025,IRWIN,rcm2-sc50ma-owi-cm-20251001t102557-20251001t102614-00003-xxxxx_ll_gd_GEO-IRWIN.nc,36.416969299316406,295.0808410644531,2025-10-01T10:25:57.000000000
al082025,IRWIN,rcm2-sclnd-owi-cm-20250929t101248-20250929t101359-00003-xxxxx_ll_gd_GEO-IRWIN.nc,27.256669998168945,292.8950500488281,2025-09-29T10:12:48.000000000
al082025,IRWIN,s1a-ew-owi-cm-20250929t223113-20250929t223216-000003-07A212_ll_gd_GEO-IRWIN.nc,29.23222541809082,291.66241455078125,2025-09-29T22:31:13.000000000
al082025,IRWIN,rcm2-sclna-owi-cm-20250925t215717-20250925t215825-00003-xxxxx_ll_gd_GEO-IRWIN.nc,21.63260269165039,303.1231384277344,2025-09-25T21:57:17.000000000
al082025,IRWIN,s1c-ew-owi-cm-20250928t100410-20250928t100514-000003-00892D_ll_gd_GEO-IRWIN.nc,24.008623123168945,296.5023498535156,2025-09-28T10:04:10.000000000
al082025,IRWIN,rcm2-sclnb-owi-cm-20250926t095022-20250926t095049-00003-xxxxx_ll_gd_GEO-IRWIN.nc,22.09859848022461,302.7507019042969,2025-09-26T09:50:22.000000000
al082025,IRWIN,rcm2-sclnb-owi-cm-20250925t094209-20250925t094320-00003-xxxxx_ll_gd_GEO-IRWIN.nc,21.206727981567383,303.5102233886719,2025-09-25T09:42:09.000000000
al082025,IRWIN,rcm2-sclna-owi-cm-20250927t095738-20250927t095849-00003-xxxxx_ll_gd_GEO-IRWIN.nc,22.401243209838867,300.6191711425781,2025-09-27T09:57:38.000000000
ep042024,IRWIN,rcm3-sclnc-owi-cm-20240804t142544-20240804t142622-00003-______ll_gd_GEO-IRWIN.nc,13.11460304260254,229.42431640625,2024-08-04T14:25:44.000000000
ep042024,IRWIN,rcm3-sclna-owi-cm-20240805t143306-20240805t143421-00003-______ll_gd_GEO-IRWIN.nc,15.394753456115724,232.2296142578125,2024-08-05T14:33:06.000000000
ep042024,IRWIN,rcm3-sclna-owi-cm-20240805t023659-20240805t023815-00003-______ll_gd_GEO-IRWIN.nc,14.234808921813965,230.2702178955078,2024-08-05T02:36:59.000000000
ep042024,IRWIN,rcm2-sclnd-owi-cm-20240804t030059-20240804t030130-00003-______ll_gd_GEO-IRWIN.nc,12.313274383544922,229.4385681152344,2024-08-04T03:00:59.000000000
ep042024,WV,rcm3-sclnc-owi-cm-20240804t142544-20240804t142622-00003-______ll_gd_GEO-WV.nc,13.114591598510742,229.42431640625,2024-08-04T14:25:44.000000000
ep042024,WV,rcm3-sclna-owi-cm-20240805t143306-20240805t143421-00003-______ll_gd_GEO-WV.nc,15.394737243652344,232.22959899902344,2024-08-05T14:33:06.000000000
ep042024,WV,rcm3-sclna-owi-cm-20240805t023659-20240805t023815-00003-______ll_gd_GEO-WV.nc,14.234798431396484,230.2701873779297,2024-08-05T02:36:59.000000000
ep042024,WV,rcm2-sclnd-owi-cm-20240804t030059-20240804t030130-00003-______ll_gd_GEO-WV.nc,12.313272476196287,229.4385681152344,2024-08-04T03:00:59.000000000
wp092021,IRWIN,s1b-iw-owi-cm-20210725t214953-20210725t215108-000003-0355E9_ll_gd_GEO-IRWIN.nc,30.58647346496582,121.23426055908205,2021-07-25T21:49:53.000000000
wp092021,IRWIN,s1a-iw-owi-cm-20210721t213527-20210721t213718-000003-049689_ll_gd_GEO-IRWIN.nc,23.52069091796875,126.11896514892578,2021-07-21T21:35:27.000000000
wp092021,IRWIN,s1a-iw-owi-cm-20210724t095328-20210724t095512-000003-049797_ll_gd_GEO-IRWIN.nc,27.86627578735352,124.0704116821289,2021-07-24T09:53:28.000000000
wp092021,IRWIN,rcm1-sc50ma-owi-cm-20210724t093303-20210724t094207-00003-______ll_gd_GEO-IRWIN.nc,27.82258033752441,124.08586120605467,2021-07-24T09:33:03.000000000
wp092021,IRWIN,rs2-scwa-owi-cm-20210720t092117-20210720t092234-00003-______ll_gd_GEO-IRWIN.nc,24.58225440979004,129.23834228515625,2021-07-20T09:21:17.000000000
sh172025,IRWIN,rcm2-sclnc-owi-cm-20250213t214047-20250213t214201-00003-xxxxx_ll_gd_GEO-IRWIN.nc,-19.373083114624023,118.46478271484376,2025-02-13T21:40:47.000000000
sh172025,IRWIN,rcm3-sclna-owi-cm-20250213t103031-20250213t103145-00003-xxxxx_ll_gd_GEO-IRWIN.nc,-19.270252227783203,118.19652557373048,2025-02-13T10:30:31.000000000
sh172025,IRWIN,rcm2-sclnc-owi-cm-20250212t213235-20250212t213352-00003-xxxxx_ll_gd_GEO-IRWIN.nc,-19.07783889770508,118.22486877441406,2025-02-12T21:32:35.000000000
sh172025,IRWIN,rcm2-sclnd-owi-cm-20250211t212411-20250211t212528-00003-xxxxx_ll_gd_GEO-IRWIN.nc,-18.592851638793945,118.8771514892578,2025-02-11T21:24:11.000000000
sh172025,IRWIN,rcm3-sclnb-owi-cm-20250214t103814-20250214t103931-00003-xxxxx_ll_gd_GEO-IRWIN.nc,-20.875900268554688,119.54113006591795,2025-02-14T10:38:14.000000000
sh172025,IRWIN,rcm3-sclna-owi-cm-20250212t102238-20250212t102355-00003-xxxxx_ll_gd_GEO-IRWIN.nc,-19.06653213500977,118.55897521972656,2025-02-12T10:22:38.000000000
sh242019,IRWIN,s1a-iw-owi-cm-20190426t025824-20190426t025939-000003-03088F_ll_gd_GEO-IRWIN.nc,-12.51258659362793,39.21998977661133,2019-04-26T02:58:24.000000000
sh212021,IRWIN,s1a-ew-owi-cm-20210221t025326-20210221t025554-000003-044F8D_ll_gd_GEO-IRWIN.nc,-29.214794158935547,37.95802307128906,2021-02-21T02:53:26.000000000
sh212021,IRWIN,s1b-iw-owi-cm-20210220t030122-20210220t030237-000003-030FCF_ll_gd_GEO-IRWIN.nc,-25.61210823059082,36.09100341796875,2021-02-20T03:01:22.000000000
sh212021,IRWIN,rs2-scwa-owi-cm-20210220t030329-20210220t030445-00003-______ll_gd_GEO-IRWIN.nc,-25.61210823059082,36.09100341796875,2021-02-20T03:03:29.000000000
sh072021,IRWIN,s1a-ew-owi-cm-20201225t144526-20201225t144819-000003-04324A_ll_gd_GEO-IRWIN.nc,-15.939804077148438,54.31874465942383,2020-12-25T14:45:26.000000000
sh072021,IRWIN,s1b-ew-owi-cm-20201225t014342-20201225t014552-000003-02F4F5_ll_gd_GEO-IRWIN.nc,-15.745911598205566,56.45024108886719,2020-12-25T01:43:42.000000000
sh072021,IRWIN,s1b-iw-owi-cm-20201229t025114-20201229t025257-000003-02F6D8_ll_gd_GEO-IRWIN.nc,-19.812963485717773,40.387725830078125,2020-12-29T02:51:14.000000000
wp082020,IRWIN,s1a-iw-owi-cm-20200818t102517-20200818t102611-000003-03F0BB_ll_gd_GEO-IRWIN.nc,21.09740447998047,114.93836975097656,2020-08-18T10:25:17.000000000
al222020,IRWIN,s1a-iw-owi-cm-20200920t000909-20200920t001024-000003-040179_ll_gd_GEO-IRWIN.nc,26.806650161743164,267.8905029296875,2020-09-20T00:09:09.000000000
ep112024,IRWIN,rcm1-sclnc-owi-cm-20241003t121623-20241003t121739-00003-______ll_gd_GEO-IRWIN.nc,14.720973014831545,264.9291687011719,2024-10-03T12:16:23.000000000
ep112024,WV,rcm1-sclnc-owi-cm-20241003t121623-20241003t121739-00003-______ll_gd_GEO-WV.nc,14.720966339111328,264.9291687011719,2024-10-03T12:16:23.000000000
al052025,IRWIN,s1c-ew-owi-cm-20250814t212119-20250814t212222-000003-007583_ll_gd_GEO-IRWIN.nc,16.74818992614746,308.7710266113281,2025-08-14T21:21:19.000000000
al052025,IRWIN,rcm3-sclnd-owi-cm-20250820t230417-20250820t230527-00003-xxxxx_ll_gd_GEO-IRWIN.nc,31.869836807250977,286.6306457519531,2025-08-20T23:04:17.000000000
al052025,IRWIN,rcm2-sclna-owi-cm-20250813t205950-20250813t210057-00003-xxxxx_ll_gd_GEO-IRWIN.nc,16.29249382019043,314.92901611328125,2025-08-13T20:59:50.000000000
al052025,IRWIN,rcm3-sc50mc-owi-cm-20250820t104433-20250820t104548-00003-xxxxx_ll_gd_GEO-IRWIN.nc,29.34112930297852,286.3660888671875,2025-08-20T10:44:33.000000000
al052025,IRWIN,rcm1-sclnd-owi-cm-20250814t213936-20250814t214049-00003-xxxxx_ll_gd_GEO-IRWIN.nc,16.763866424560547,308.6883850097656,2025-08-14T21:39:36.000000000
al052025,IRWIN,s1c-ew-owi-cm-20250822t220013-20250822t220116-000003-007914_ll_gd_GEO-IRWIN.nc,40.25047302246094,301.1054382324219,2025-08-22T22:00:13.000000000
al052025,IRWIN,rcm3-sclnc-owi-cm-20250818t103002-20250818t103115-00003-xxxxx_ll_gd_GEO-IRWIN.nc,22.77576065063477,289.6377258300781,2025-08-18T10:30:02.000000000
al052025,IRWIN,rcm2-sclna-owi-cm-20250813t084638-20250813t084748-00003-xxxxx_ll_gd_GEO-IRWIN.nc,16.499614715576172,318.1695556640625,2025-08-13T08:46:38.000000000
al052025,IRWIN,rcm3-sclnd-owi-cm-20250811t201126-20250811t201236-00003-xxxxx_ll_gd_GEO-IRWIN.nc,17.48186492919922,329.9999389648437,2025-08-11T20:11:26.000000000
al052025,IRWIN,rcm1-sclna-owi-cm-20250815t093433-20250815t093543-00003-xxxxx_ll_gd_GEO-IRWIN.nc,17.797027587890625,305.3094787597656,2025-08-15T09:34:33.000000000
al052025,IRWIN,rcm1-sclnd-owi-cm-20250811t072627-20250811t072740-00003-xxxxx_ll_gd_GEO-IRWIN.nc,17.270994186401367,334.3472595214844,2025-08-11T07:26:27.000000000
al052025,IRWIN,rcm3-sc50mb-owi-cm-20250819t225520-20250819t225627-00003-xxxxx_ll_gd_GEO-IRWIN.nc,27.00174331665039,287.2521667480469,2025-08-19T22:55:20.000000000
al052025,IRWIN,rcm2-sclnd-owi-cm-20250814t085502-20250814t085615-00003-xxxxx_ll_gd_GEO-IRWIN.nc,16.274311065673828,311.8127746582031,2025-08-14T08:55:02.000000000
al052025,IRWIN,rcm1-sclnd-owi-cm-20250816t094227-20250816t094340-00003-xxxxx_ll_gd_GEO-IRWIN.nc,19.586856842041016,298.5048522949219,2025-08-16T09:42:27.000000000
al052025,IRWIN,rcm3-sclnb-owi-cm-20250817t223751-20250817t223906-00003-xxxxx_ll_gd_GEO-IRWIN.nc,21.99769401550293,291.378173828125,2025-08-17T22:37:51.000000000
al052025,IRWIN,rcm3-sclnb-owi-cm-20250812t080638-20250812t080748-00003-xxxxx_ll_gd_GEO-IRWIN.nc,17.429019927978516,325.9658508300781,2025-08-12T08:06:38.000000000
al052025,IRWIN,rcm3-sclna-owi-cm-20250818t224626-20250818t224742-00003-xxxxx_ll_gd_GEO-IRWIN.nc,23.93545150756836,288.6722412109375,2025-08-18T22:46:26.000000000
al052025,IRWIN,rcm1-sclnd-owi-cm-20250821t224105-20250821t224219-00003-xxxxx_ll_gd_GEO-IRWIN.nc,36.68112564086914,291.2294006347656,2025-08-21T22:41:05.000000000
al052025,IRWIN,rcm3-sclnd-owi-cm-20250816t222905-20250816t223015-00003-xxxxx_ll_gd_GEO-IRWIN.nc,19.94735336303711,295.7836608886719,2025-08-16T22:29:05.000000000
al052025,IRWIN,rcm3-sc50mb-owi-cm-20250821t105102-20250821t105218-00003-xxxxx_ll_gd_GEO-IRWIN.nc,34.69023513793945,288.0904541015625,2025-08-21T10:51:02.000000000
al052025,IRWIN,rcm1-sclna-owi-cm-20250815t214815-20250815t214928-00003-xxxxx_ll_gd_GEO-IRWIN.nc,19.19759750366211,302.0428466796875,2025-08-15T21:48:15.000000000
al052025,IRWIN,s1a-iw-owi-cm-20250818t104641-20250818t104736-000003-078952_ll_gd_GEO-IRWIN.nc,22.80231285095215,289.6043395996094,2025-08-18T10:46:41.000000000
al052025,IRWIN,rcm3-sclnd-owi-cm-20250819t103723-20250819t103839-00003-xxxxx_ll_gd_GEO-IRWIN.nc,25.039445877075195,287.9677734375,2025-08-19T10:37:23.000000000
al052025,IRWIN,rcm3-sclna-owi-cm-20250817t102218-20250817t102333-00003-xxxxx_ll_gd_GEO-IRWIN.nc,20.556930541992188,293.2704772949219,2025-08-17T10:22:18.000000000
