annee,bassin,cyclone_numero,date_debut,date_fin,fichier
1987,AL,2,1987-08-08T00:00:00,1987-08-28T00:00:00,TCPRIMED_v01r01-final_AL021987_env_s19870808000000_e19870828000000.nc
1987,AL,3,1987-08-09T12:00:00,1987-08-17T06:00:00,TCPRIMED_v01r01-final_AL031987_env_s19870809120000_e19870817060000.nc
1987,AL,4,1987-08-13T00:00:00,1987-08-15T12:00:00,TCPRIMED_v01r01-final_AL041987_env_s19870813000000_e19870815120000.nc
1987,AL,5,1987-08-18T00:00:00,1987-08-24T06:00:00,TCPRIMED_v01r01-final_AL051987_env_s19870818000000_e19870824060000.nc
1987,AL,6,1987-08-30T12:00:00,1987-09-02T18:00:00,TCPRIMED_v01r01-final_AL061987_env_s19870830120000_e19870902180000.nc
1987,AL,7,1987-09-05T12:00:00,1987-09-10T18:00:00,TCPRIMED_v01r01-final_AL071987_env_s19870905120000_e19870910180000.nc
1987,AL,8,1987-09-06T00:00:00,1987-09-08T18:00:00,TCPRIMED_v01r01-final_AL081987_env_s19870906000000_e19870908180000.nc
1987,AL,9,1987-09-07T00:00:00,1987-09-08T12:00:00,TCPRIMED_v01r01-final_AL091987_env_s19870907000000_e19870908120000.nc
1987,AL,10,1987-09-08T18:00:00,1987-09-20T18:00:00,TCPRIMED_v01r01-final_AL101987_env_s19870908180000_e19870920180000.nc
1987,AL,11,1987-09-13T12:00:00,1987-09-17T12:00:00,TCPRIMED_v01r01-final_AL111987_env_s19870913120000_e19870917120000.nc
1987,AL,12,1987-09-20T00:00:00,1987-09-26T18:00:00,TCPRIMED_v01r01-final_AL121987_env_s19870920000000_e19870926180000.nc
1987,AL,13,1987-10-09T06:00:00,1987-10-14T00:00:00,TCPRIMED_v01r01-final_AL131987_env_s19871009060000_e19871014000000.nc
1987,AL,14,1987-10-31T18:00:00,1987-11-04T18:00:00,TCPRIMED_v01r01-final_AL141987_env_s19871031180000_e19871104180000.nc
1987,CP,1,1987-08-26T00:00:00,1987-08-29T18:00:00,TCPRIMED_v01r01-final_CP011987_env_s19870826000000_e19870829180000.nc
1987,CP,2,1987-09-21T18:00:00,1987-09-27T18:00:00,TCPRIMED_v01r01-final_CP021987_env_s19870921180000_e19870927180000.nc
1987,EP,3,1987-07-05T18:00:00,1987-07-10T06:00:00,TCPRIMED_v01r01-final_EP031987_env_s19870705180000_e19870710060000.nc
1987,EP,4,1987-07-15T00:00:00,1987-07-20T00:00:00,TCPRIMED_v01r01-final_EP041987_env_s19870715000000_e19870720000000.nc
1987,EP,5,1987-07-22T00:00:00,1987-07-26T12:00:00,TCPRIMED_v01r01-final_EP051987_env_s19870722000000_e19870726120000.nc
1987,EP,6,1987-07-24T06:00:00,1987-07-31T12:00:00,TCPRIMED_v01r01-final_EP061987_env_s19870724060000_e19870731120000.nc
1987,EP,7,1987-07-28T00:00:00,1987-08-03T18:00:00,TCPRIMED_v01r01-final_EP071987_env_s19870728000000_e19870803180000.nc
1987,EP,8,1987-07-31T18:00:00,1987-08-09T06:00:00,TCPRIMED_v01r01-final_EP081987_env_s19870731180000_e19870809060000.nc
1987,EP,9,1987-08-03T18:00:00,1987-08-09T06:00:00,TCPRIMED_v01r01-final_EP091987_env_s19870803180000_e19870809060000.nc
1987,EP,10,1987-08-13T18:00:00,1987-08-22T00:00:00,TCPRIMED_v01r01-final_EP101987_env_s19870813180000_e19870822000000.nc
1987,EP,11,1987-08-28T18:00:00,1987-08-30T18:00:00,TCPRIMED_v01r01-final_EP111987_env_s19870828180000_e19870830180000.nc
1987,EP,12,1987-08-29T12:00:00,1987-09-03T12:00:00,TCPRIMED_v01r01-final_EP121987_env_s19870829120000_e19870903120000.nc
1987,EP,13,1987-09-09T12:00:00,1987-09-16T12:00:00,TCPRIMED_v01r01-final_EP131987_env_s19870909120000_e19870916120000.nc
1987,EP,14,1987-09-14T12:00:00,1987-09-20T12:00:00,TCPRIMED_v01r01-final_EP141987_env_s19870914120000_e19870920120000.nc
1987,EP,15,1987-09-20T00:00:00,1987-09-26T18:00:00,TCPRIMED_v01r01-final_EP151987_env_s19870920000000_e19870926180000.nc
1987,EP,16,1987-09-30T12:00:00,1987-10-01T12:00:00,TCPRIMED_v01r01-final_EP161987_env_s19870930120000_e19871001120000.nc
1987,EP,17,1987-10-05T18:00:00,1987-10-12T06:00:00,TCPRIMED_v01r01-final_EP171987_env_s19871005180000_e19871012060000.nc
1987,EP,18,1987-10-27T00:00:00,1987-10-31T06:00:00,TCPRIMED_v01r01-final_EP181987_env_s19871027000000_e19871031060000.nc
1987,IO,4,1987-10-14T00:00:00,1987-10-16T12:00:00,TCPRIMED_v01r01-final_IO041987_env_s19871014000000_e19871016120000.nc
1987,IO,5,1987-10-30T00:00:00,1987-11-03T06:00:00,TCPRIMED_v01r01-final_IO051987_env_s19871030000000_e19871103060000.nc
1987,IO,6,1987-11-08T00:00:00,1987-11-13T12:00:00,TCPRIMED_v01r01-final_IO061987_env_s19871108000000_e19871113120000.nc
1987,WP,5,1987-07-06T12:00:00,1987-07-16T12:00:00,TCPRIMED_v01r01-final_WP051987_env_s19870706120000_e19870716120000.nc
1987,WP,6,1987-07-15T06:00:00,1987-07-22T00:00:00,TCPRIMED_v01r01-final_WP061987_env_s19870715060000_e19870722000000.nc
1987,WP,7,1987-07-18T12:00:00,1987-08-01T12:00:00,TCPRIMED_v01r01-final_WP071987_env_s19870718120000_e19870801120000.nc
1987,WP,8,1987-07-21T00:00:00,1987-07-30T06:00:00,TCPRIMED_v01r01-final_WP081987_env_s19870721000000_e19870730060000.nc
1987,WP,9,1987-08-07T00:00:00,1987-08-17T06:00:00,TCPRIMED_v01r01-final_WP091987_env_s19870807000000_e19870817060000.nc
1987,WP,10,1987-08-07T00:00:00,1987-08-24T12:00:00,TCPRIMED_v01r01-final_WP101987_env_s19870807000000_e19870824120000.nc
1987,WP,11,1987-08-19T06:00:00,1987-08-31T06:00:00,TCPRIMED_v01r01-final_WP111987_env_s19870819060000_e19870831060000.nc
1987,WP,12,1987-08-20T06:00:00,1987-08-28T18:00:00,TCPRIMED_v01r01-final_WP121987_env_s19870820060000_e19870828180000.nc
1987,WP,13,1987-09-03T18:00:00,1987-09-17T12:00:00,TCPRIMED_v01r01-final_WP131987_env_s19870903180000_e19870917120000.nc
1987,WP,14,1987-09-04T00:00:00,1987-09-11T00:00:00,TCPRIMED_v01r01-final_WP141987_env_s19870904000000_e19870911000000.nc
1987,WP,15,1987-09-01T06:00:00,1987-09-15T18:00:00,TCPRIMED_v01r01-final_WP151987_env_s19870901060000_e19870915180000.nc
1987,WP,16,1987-09-21T00:00:00,1987-10-03T18:00:00,TCPRIMED_v01r01-final_WP161987_env_s19870921000000_e19871003180000.nc
1987,WP,17,1987-09-22T12:00:00,1987-10-04T00:00:00,TCPRIMED_v01r01-final_WP171987_env_s19870922120000_e19871004000000.nc
1987,WP,18,1987-09-24T00:00:00,1987-09-26T06:00:00,TCPRIMED_v01r01-final_WP181987_env_s19870924000000_e19870926060000.nc
1987,WP,19,1987-09-27T06:00:00,1987-10-02T00:00:00,TCPRIMED_v01r01-final_WP191987_env_s19870927060000_e19871002000000.nc
1987,WP,20,1987-10-09T18:00:00,1987-10-17T00:00:00,TCPRIMED_v01r01-final_WP201987_env_s19871009180000_e19871017000000.nc
1987,WP,21,1987-10-14T18:00:00,1987-10-28T06:00:00,TCPRIMED_v01r01-final_WP211987_env_s19871014180000_e19871028060000.nc
1987,WP,22,1987-11-07T00:00:00,1987-11-19T12:00:00,TCPRIMED_v01r01-final_WP221987_env_s19871107000000_e19871119120000.nc
1987,WP,23,1987-11-16T00:00:00,1987-11-30T06:00:00,TCPRIMED_v01r01-final_WP231987_env_s19871116000000_e19871130060000.nc
1987,WP,24,1987-11-20T18:00:00,1987-11-25T12:00:00,TCPRIMED_v01r01-final_WP241987_env_s19871120180000_e19871125120000.nc
1988,AL,1,1988-08-05T18:00:00,1988-08-08T18:00:00,TCPRIMED_v01r01-final_AL011988_env_s19880805180000_e19880808180000.nc
1988,AL,2,1988-08-08T00:00:00,1988-08-10T18:00:00,TCPRIMED_v01r01-final_AL021988_env_s19880808000000_e19880810180000.nc
1988,AL,3,1988-08-21T12:00:00,1988-08-30T18:00:00,TCPRIMED_v01r01-final_AL031988_env_s19880821120000_e19880830180000.nc
1988,AL,4,1988-08-31T18:00:00,1988-09-08T18:00:00,TCPRIMED_v01r01-final_AL041988_env_s19880831180000_e19880908180000.nc
1988,AL,5,1988-09-03T00:00:00,1988-09-05T00:00:00,TCPRIMED_v01r01-final_AL051988_env_s19880903000000_e19880905000000.nc
1988,AL,6,1988-09-07T00:00:00,1988-09-10T00:00:00,TCPRIMED_v01r01-final_AL061988_env_s19880907000000_e19880910000000.nc
1988,AL,7,1988-09-07T06:00:00,1988-09-11T12:00:00,TCPRIMED_v01r01-final_AL071988_env_s19880907060000_e19880911120000.nc
1988,AL,8,1988-09-08T18:00:00,1988-09-20T00:00:00,TCPRIMED_v01r01-final_AL081988_env_s19880908180000_e19880920000000.nc
1988,AL,9,1988-09-19T18:00:00,1988-09-30T12:00:00,TCPRIMED_v01r01-final_AL091988_env_s19880919180000_e19880930120000.nc
1988,AL,10,1988-09-28T18:00:00,1988-10-01T12:00:00,TCPRIMED_v01r01-final_AL101988_env_s19880928180000_e19881001120000.nc
1988,AL,11,1988-10-10T18:00:00,1988-10-23T06:00:00,TCPRIMED_v01r01-final_AL111988_env_s19881010180000_e19881023060000.nc
1988,AL,12,1988-11-17T18:00:00,1988-11-26T18:00:00,TCPRIMED_v01r01-final_AL121988_env_s19881117180000_e19881126180000.nc
1988,AL,14,1988-08-13T00:00:00,1988-08-14T12:00:00,TCPRIMED_v01r01-final_AL141988_env_s19880813000000_e19880814120000.nc
1988,AL,15,1988-08-20T12:00:00,1988-08-31T12:00:00,TCPRIMED_v01r01-final_AL151988_env_s19880820120000_e19880831120000.nc
1988,AL,16,1988-08-20T18:00:00,1988-08-24T12:00:00,TCPRIMED_v01r01-final_AL161988_env_s19880820180000_e19880824120000.nc
1988,AL,18,1988-09-27T18:00:00,1988-09-29T00:00:00,TCPRIMED_v01r01-final_AL181988_env_s19880927180000_e19880929000000.nc
1988,AL,19,1988-10-19T18:00:00,1988-10-21T18:00:00,TCPRIMED_v01r01-final_AL191988_env_s19881019180000_e19881021180000.nc
1988,CP,1,1988-08-28T18:00:00,1988-09-13T06:00:00,TCPRIMED_v01r01-final_CP011988_env_s19880828180000_e19880913060000.nc
1988,CP,2,1988-09-21T00:00:00,1988-09-25T18:00:00,TCPRIMED_v01r01-final_CP021988_env_s19880921000000_e19880925180000.nc
1988,EP,1,1988-06-16T18:00:00,1988-06-21T12:00:00,TCPRIMED_v01r01-final_EP011988_env_s19880616180000_e19880621120000.nc
1988,EP,2,1988-06-20T18:00:00,1988-06-22T18:00:00,TCPRIMED_v01r01-final_EP021988_env_s19880620180000_e19880622180000.nc
1988,EP,3,1988-07-08T18:00:00,1988-07-15T12:00:00,TCPRIMED_v01r01-final_EP031988_env_s19880708180000_e19880715120000.nc
1988,EP,4,1988-07-19T12:00:00,1988-07-26T18:00:00,TCPRIMED_v01r01-final_EP041988_env_s19880719120000_e19880726180000.nc
1988,EP,5,1988-07-27T18:00:00,1988-08-02T18:00:00,TCPRIMED_v01r01-final_EP051988_env_s19880727180000_e19880802180000.nc
1988,EP,6,1988-07-28T18:00:00,1988-08-09T18:00:00,TCPRIMED_v01r01-final_EP061988_env_s19880728180000_e19880809180000.nc
1988,EP,7,1988-07-28T12:00:00,1988-08-03T12:00:00,TCPRIMED_v01r01-final_EP071988_env_s19880728120000_e19880803120000.nc
1988,EP,8,1988-07-30T18:00:00,1988-08-09T18:00:00,TCPRIMED_v01r01-final_EP081988_env_s19880730180000_e19880809180000.nc
1988,EP,9,1988-08-05T00:00:00,1988-08-13T18:00:00,TCPRIMED_v01r01-final_EP091988_env_s19880805000000_e19880813180000.nc
1988,EP,10,1988-08-16T18:00:00,1988-08-21T06:00:00,TCPRIMED_v01r01-final_EP101988_env_s19880816180000_e19880821060000.nc
1988,EP,11,1988-08-29T00:00:00,1988-09-06T12:00:00,TCPRIMED_v01r01-final_EP111988_env_s19880829000000_e19880906120000.nc
1988,EP,12,1988-09-21T06:00:00,1988-09-30T12:00:00,TCPRIMED_v01r01-final_EP121988_env_s19880921060000_e19880930120000.nc
1988,EP,13,1988-10-23T06:00:00,1988-11-02T12:00:00,TCPRIMED_v01r01-final_EP131988_env_s19881023060000_e19881102120000.nc
1988,EP,14,1988-06-15T12:00:00,1988-06-18T18:00:00,TCPRIMED_v01r01-final_EP141988_env_s19880615120000_e19880618180000.nc
1988,EP,15,1988-07-02T00:00:00,1988-07-04T06:00:00,TCPRIMED_v01r01-final_EP151988_env_s19880702000000_e19880704060000.nc
1988,EP,17,1988-08-14T00:00:00,1988-08-16T18:00:00,TCPRIMED_v01r01-final_EP171988_env_s19880814000000_e19880816180000.nc
1988,EP,18,1988-08-27T00:00:00,1988-08-29T00:00:00,TCPRIMED_v01r01-final_EP181988_env_s19880827000000_e19880829000000.nc
1988,EP,19,1988-09-12T18:00:00,1988-09-15T18:00:00,TCPRIMED_v01r01-final_EP191988_env_s19880912180000_e19880915180000.nc
1988,EP,20,1988-10-11T06:00:00,1988-10-12T18:00:00,TCPRIMED_v01r01-final_EP201988_env_s19881011060000_e19881012180000.nc
1988,IO,1,1988-06-08T00:00:00,1988-06-12T18:00:00,TCPRIMED_v01r01-final_IO011988_env_s19880608000000_e19880612180000.nc
1988,IO,2,1988-10-17T06:00:00,1988-10-19T06:00:00,TCPRIMED_v01r01-final_IO021988_env_s19881017060000_e19881019060000.nc
1988,IO,3,1988-11-14T06:00:00,1988-11-18T18:00:00,TCPRIMED_v01r01-final_IO031988_env_s19881114060000_e19881118180000.nc
1988,IO,4,1988-11-21T18:00:00,1988-11-30T00:00:00,TCPRIMED_v01r01-final_IO041988_env_s19881121180000_e19881130000000.nc
1988,IO,5,1988-12-06T06:00:00,1988-12-08T18:00:00,TCPRIMED_v01r01-final_IO051988_env_s19881206060000_e19881208180000.nc
1988,SH,1,1987-10-31T06:00:00,1987-11-09T18:00:00,TCPRIMED_v01r01-final_SH011988_env_s19871031060000_e19871109180000.nc
1988,SH,2,1987-11-20T18:00:00,1987-11-26T06:00:00,TCPRIMED_v01r01-final_SH021988_env_s19871120180000_e19871126060000.nc
1988,SH,8,1988-01-11T18:00:00,1988-01-18T18:00:00,TCPRIMED_v01r01-final_SH081988_env_s19880111180000_e19880118180000.nc
1988,SH,9,1988-01-21T00:00:00,1988-02-01T12:00:00,TCPRIMED_v01r01-final_SH091988_env_s19880121000000_e19880201120000.nc
1988,SH,10,1988-01-29T06:00:00,1988-02-02T06:00:00,TCPRIMED_v01r01-final_SH101988_env_s19880129060000_e19880202060000.nc
1988,SH,11,1988-02-08T06:00:00,1988-02-17T18:00:00,TCPRIMED_v01r01-final_SH111988_env_s19880208060000_e19880217180000.nc
1988,SH,12,1988-02-20T06:00:00,1988-02-29T18:00:00,TCPRIMED_v01r01-final_SH121988_env_s19880220060000_e19880229180000.nc
1988,SH,13,1988-02-23T18:00:00,1988-03-05T12:00:00,TCPRIMED_v01r01-final_SH131988_env_s19880223180000_e19880305120000.nc
1988,SH,14,1988-02-24T06:00:00,1988-03-02T06:00:00,TCPRIMED_v01r01-final_SH141988_env_s19880224060000_e19880302060000.nc
1988,SH,15,1988-02-28T18:00:00,1988-03-03T06:00:00,TCPRIMED_v01r01-final_SH151988_env_s19880228180000_e19880303060000.nc
1988,SH,16,1988-03-12T00:00:00,1988-03-24T00:00:00,TCPRIMED_v01r01-final_SH161988_env_s19880312000000_e19880324000000.nc
1988,SH,17,1988-03-17T00:00:00,1988-03-20T18:00:00,TCPRIMED_v01r01-final_SH171988_env_s19880317000000_e19880320180000.nc
1988,SH,18,1988-03-25T00:00:00,1988-04-01T06:00:00,TCPRIMED_v01r01-final_SH181988_env_s19880325000000_e19880401060000.nc
1988,SH,19,1988-04-08T12:00:00,1988-04-16T18:00:00,TCPRIMED_v01r01-final_SH191988_env_s19880408120000_e19880416180000.nc
1988,SH,20,1988-05-08T06:00:00,1988-05-14T12:00:00,TCPRIMED_v01r01-final_SH201988_env_s19880508060000_e19880514120000.nc
1988,WP,1,1988-01-05T06:00:00,1988-01-18T00:00:00,TCPRIMED_v01r01-final_WP011988_env_s19880105060000_e19880118000000.nc
1988,WP,2,1988-05-29T00:00:00,1988-06-03T06:00:00,TCPRIMED_v01r01-final_WP021988_env_s19880529000000_e19880603060000.nc
1988,WP,3,1988-06-04T00:00:00,1988-06-06T00:00:00,TCPRIMED_v01r01-final_WP031988_env_s19880604000000_e19880606000000.nc
1988,WP,4,1988-06-18T06:00:00,1988-06-24T18:00:00,TCPRIMED_v01r01-final_WP041988_env_s19880618060000_e19880624180000.nc
1988,WP,5,1988-06-24T12:00:00,1988-06-29T00:00:00,TCPRIMED_v01r01-final_WP051988_env_s19880624120000_e19880629000000.nc
1988,WP,6,1988-07-11T00:00:00,1988-07-19T12:00:00,TCPRIMED_v01r01-final_WP061988_env_s19880711000000_e19880719120000.nc
1988,WP,7,1988-07-26T00:00:00,1988-07-31T00:00:00,TCPRIMED_v01r01-final_WP071988_env_s19880726000000_e19880731000000.nc
1988,WP,8,1988-08-05T00:00:00,1988-08-08T00:00:00,TCPRIMED_v01r01-final_WP081988_env_s19880805000000_e19880808000000.nc
1988,WP,9,1988-08-07T06:00:00,1988-08-12T06:00:00,TCPRIMED_v01r01-final_WP091988_env_s19880807060000_e19880812060000.nc
1988,WP,10,1988-08-13T06:00:00,1988-08-21T06:00:00,TCPRIMED_v01r01-final_WP101988_env_s19880813060000_e19880821060000.nc
1988,WP,11,1988-08-24T06:00:00,1988-08-29T18:00:00,TCPRIMED_v01r01-final_WP111988_env_s19880824060000_e19880829180000.nc
1988,WP,12,1988-08-24T00:00:00,1988-09-03T06:00:00,TCPRIMED_v01r01-final_WP121988_env_s19880824000000_e19880903060000.nc
1988,WP,14,1988-09-05T06:00:00,1988-09-17T00:00:00,TCPRIMED_v01r01-final_WP141988_env_s19880905060000_e19880917000000.nc
1988,WP,15,1988-09-11T00:00:00,1988-09-16T06:00:00,TCPRIMED_v01r01-final_WP151988_env_s19880911000000_e19880916060000.nc
1988,WP,16,1988-09-12T06:00:00,1988-09-16T00:00:00,TCPRIMED_v01r01-final_WP161988_env_s19880912060000_e19880916000000.nc
1988,WP,17,1988-09-18T18:00:00,1988-09-22T00:00:00,TCPRIMED_v01r01-final_WP171988_env_s19880918180000_e19880922000000.nc
1988,WP,18,1988-09-16T06:00:00,1988-09-24T12:00:00,TCPRIMED_v01r01-final_WP181988_env_s19880916060000_e19880924120000.nc
1988,WP,19,1988-09-19T00:00:00,1988-09-23T00:00:00,TCPRIMED_v01r01-final_WP191988_env_s19880919000000_e19880923000000.nc
1988,WP,20,1988-09-30T06:00:00,1988-10-08T18:00:00,TCPRIMED_v01r01-final_WP201988_env_s19880930060000_e19881008180000.nc
1988,WP,21,1988-10-08T06:00:00,1988-10-16T18:00:00,TCPRIMED_v01r01-final_WP211988_env_s19881008060000_e19881016180000.nc
1988,WP,22,1988-10-16T06:00:00,1988-10-22T18:00:00,TCPRIMED_v01r01-final_WP221988_env_s19881016060000_e19881022180000.nc
1988,WP,23,1988-10-20T12:00:00,1988-10-28T18:00:00,TCPRIMED_v01r01-final_WP231988_env_s19881020120000_e19881028180000.nc
1988,WP,24,1988-11-03T00:00:00,1988-11-12T00:00:00,TCPRIMED_v01r01-final_WP241988_env_s19881103000000_e19881112000000.nc
1988,WP,25,1988-11-01T06:00:00,1988-11-06T18:00:00,TCPRIMED_v01r01-final_WP251988_env_s19881101060000_e19881106180000.nc
1988,WP,26,1988-12-21T06:00:00,1988-12-25T00:00:00,TCPRIMED_v01r01-final_WP261988_env_s19881221060000_e19881225000000.nc
1989,AL,1,1989-06-15T18:00:00,1989-06-17T06:00:00,TCPRIMED_v01r01-final_AL011989_env_s19890615180000_e19890617060000.nc
1989,AL,2,1989-06-24T18:00:00,1989-07-01T12:00:00,TCPRIMED_v01r01-final_AL021989_env_s19890624180000_e19890701120000.nc
1989,AL,3,1989-07-09T18:00:00,1989-07-14T00:00:00,TCPRIMED_v01r01-final_AL031989_env_s19890709180000_e19890714000000.nc
1989,AL,4,1989-07-30T12:00:00,1989-08-03T00:00:00,TCPRIMED_v01r01-final_AL041989_env_s19890730120000_e19890803000000.nc
1989,AL,5,1989-07-31T06:00:00,1989-08-09T06:00:00,TCPRIMED_v01r01-final_AL051989_env_s19890731060000_e19890809060000.nc
1989,AL,6,1989-08-08T18:00:00,1989-08-17T12:00:00,TCPRIMED_v01r01-final_AL061989_env_s19890808180000_e19890817120000.nc
1989,AL,7,1989-08-18T00:00:00,1989-08-27T00:00:00,TCPRIMED_v01r01-final_AL071989_env_s19890818000000_e19890827000000.nc
1989,AL,8,1989-08-26T00:00:00,1989-09-10T12:00:00,TCPRIMED_v01r01-final_AL081989_env_s19890826000000_e19890910120000.nc
1989,AL,10,1989-08-30T12:00:00,1989-09-13T12:00:00,TCPRIMED_v01r01-final_AL101989_env_s19890830120000_e19890913120000.nc
1989,AL,11,1989-09-10T12:00:00,1989-09-25T12:00:00,TCPRIMED_v01r01-final_AL111989_env_s19890910120000_e19890925120000.nc
1989,AL,12,1989-09-16T18:00:00,1989-09-21T18:00:00,TCPRIMED_v01r01-final_AL121989_env_s19890916180000_e19890921180000.nc
1989,AL,13,1989-10-02T00:00:00,1989-10-05T12:00:00,TCPRIMED_v01r01-final_AL131989_env_s19891002000000_e19891005120000.nc
1989,AL,14,1989-10-12T12:00:00,1989-10-16T18:00:00,TCPRIMED_v01r01-final_AL141989_env_s19891012120000_e19891016180000.nc
1989,AL,15,1989-11-28T12:00:00,1989-12-04T06:00:00,TCPRIMED_v01r01-final_AL151989_env_s19891128120000_e19891204060000.nc
1989,EP,1,1989-05-31T18:00:00,1989-06-05T18:00:00,TCPRIMED_v01r01-final_EP011989_env_s19890531180000_e19890605180000.nc
1989,EP,2,1989-06-15T18:00:00,1989-06-21T00:00:00,TCPRIMED_v01r01-final_EP021989_env_s19890615180000_e19890621000000.nc
1989,EP,3,1989-06-18T00:00:00,1989-06-23T12:00:00,TCPRIMED_v01r01-final_EP031989_env_s19890618000000_e19890623120000.nc
1989,EP,4,1989-07-09T00:00:00,1989-07-10T18:00:00,TCPRIMED_v01r01-final_EP041989_env_s19890709000000_e19890710180000.nc
1989,EP,5,1989-07-09T00:00:00,1989-07-13T18:00:00,TCPRIMED_v01r01-final_EP051989_env_s19890709000000_e19890713180000.nc
1989,EP,6,1989-07-11T12:00:00,1989-07-21T18:00:00,TCPRIMED_v01r01-final_EP061989_env_s19890711120000_e19890721180000.nc
1989,EP,7,1989-07-15T00:00:00,1989-07-18T06:00:00,TCPRIMED_v01r01-final_EP071989_env_s19890715000000_e19890718060000.nc
1989,EP,8,1989-07-19T00:00:00,1989-07-21T06:00:00,TCPRIMED_v01r01-final_EP081989_env_s19890719000000_e19890721060000.nc
1989,EP,9,1989-07-23T18:00:00,1989-07-28T06:00:00,TCPRIMED_v01r01-final_EP091989_env_s19890723180000_e19890728060000.nc
1989,EP,10,1989-07-30T00:00:00,1989-08-05T12:00:00,TCPRIMED_v01r01-final_EP101989_env_s19890730000000_e19890805120000.nc
1989,EP,11,1989-08-15T00:00:00,1989-08-18T00:00:00,TCPRIMED_v01r01-final_EP111989_env_s19890815000000_e19890818000000.nc
1989,EP,12,1989-08-14T12:00:00,1989-08-25T12:00:00,TCPRIMED_v01r01-final_EP121989_env_s19890814120000_e19890825120000.nc
1989,EP,13,1989-08-21T12:00:00,1989-08-25T18:00:00,TCPRIMED_v01r01-final_EP131989_env_s19890821120000_e19890825180000.nc
1989,EP,14,1989-08-25T12:00:00,1989-08-29T18:00:00,TCPRIMED_v01r01-final_EP141989_env_s19890825120000_e19890829180000.nc
1989,EP,15,1989-08-27T18:00:00,1989-09-06T18:00:00,TCPRIMED_v01r01-final_EP151989_env_s19890827180000_e19890906180000.nc
1989,EP,16,1989-08-28T18:00:00,1989-08-31T18:00:00,TCPRIMED_v01r01-final_EP161989_env_s19890828180000_e19890831180000.nc
1989,EP,17,1989-09-03T00:00:00,1989-09-08T00:00:00,TCPRIMED_v01r01-final_EP171989_env_s19890903000000_e19890908000000.nc
1989,EP,18,1989-09-08T18:00:00,1989-09-16T18:00:00,TCPRIMED_v01r01-final_EP181989_env_s19890908180000_e19890916180000.nc
1989,EP,19,1989-09-21T06:00:00,1989-09-25T18:00:00,TCPRIMED_v01r01-final_EP191989_env_s19890921060000_e19890925180000.nc
1989,EP,20,1989-09-25T18:00:00,1989-09-27T12:00:00,TCPRIMED_v01r01-final_EP201989_env_s19890925180000_e19890927120000.nc
1989,EP,21,1989-09-25T00:00:00,1989-10-05T18:00:00,TCPRIMED_v01r01-final_EP211989_env_s19890925000000_e19891005180000.nc
1989,EP,22,1989-10-03T12:00:00,1989-10-08T06:00:00,TCPRIMED_v01r01-final_EP221989_env_s19891003120000_e19891008060000.nc
1989,EP,24,1989-10-16T00:00:00,1989-10-19T12:00:00,TCPRIMED_v01r01-final_EP241989_env_s19891016000000_e19891019120000.nc
1989,IO,1,1989-05-23T00:00:00,1989-05-27T06:00:00,TCPRIMED_v01r01-final_IO011989_env_s19890523000000_e19890527060000.nc
1989,IO,2,1989-06-07T18:00:00,1989-06-13T06:00:00,TCPRIMED_v01r01-final_IO021989_env_s19890607180000_e19890613060000.nc
1989,SH,1,1988-10-30T06:00:00,1988-11-08T00:00:00,TCPRIMED_v01r01-final_SH011989_env_s19881030060000_e19881108000000.nc
1989,SH,2,1988-11-05T06:00:00,1988-11-20T12:00:00,TCPRIMED_v01r01-final_SH021989_env_s19881105060000_e19881120120000.nc
1989,SH,3,1988-12-12T06:00:00,1988-12-18T00:00:00,TCPRIMED_v01r01-final_SH031989_env_s19881212060000_e19881218000000.nc
1989,SH,4,1988-12-29T06:00:00,1989-01-04T00:00:00,TCPRIMED_v01r01-final_SH041989_env_s19881229060000_e19890104000000.nc
1989,SH,5,1989-01-06T06:00:00,1989-01-10T00:00:00,TCPRIMED_v01r01-final_SH051989_env_s19890106060000_e19890110000000.nc
1989,SH,6,1989-01-06T06:00:00,1989-01-15T06:00:00,TCPRIMED_v01r01-final_SH061989_env_s19890106060000_e19890115060000.nc
1989,SH,7,1989-01-17T18:00:00,1989-01-26T06:00:00,TCPRIMED_v01r01-final_SH071989_env_s19890117180000_e19890126060000.nc
1989,SH,8,1989-01-24T06:00:00,1989-02-01T06:00:00,TCPRIMED_v01r01-final_SH081989_env_s19890124060000_e19890201060000.nc
1989,SH,9,1989-02-05T00:00:00,1989-02-10T12:00:00,TCPRIMED_v01r01-final_SH091989_env_s19890205000000_e19890210120000.nc
1989,SH,10,1989-02-06T06:00:00,1989-02-22T00:00:00,TCPRIMED_v01r01-final_SH101989_env_s19890206060000_e19890222000000.nc
1989,SH,11,1989-02-14T00:00:00,1989-03-01T06:00:00,TCPRIMED_v01r01-final_SH111989_env_s19890214000000_e19890301060000.nc
1989,SH,12,1989-02-17T06:00:00,1989-02-22T12:00:00,TCPRIMED_v01r01-final_SH121989_env_s19890217060000_e19890222120000.nc
1989,SH,13,1989-02-22T00:00:00,1989-03-02T12:00:00,TCPRIMED_v01r01-final_SH131989_env_s19890222000000_e19890302120000.nc
1989,SH,14,1989-02-23T00:00:00,1989-03-01T00:00:00,TCPRIMED_v01r01-final_SH141989_env_s19890223000000_e19890301000000.nc
1989,SH,15,1989-02-23T18:00:00,1989-02-27T18:00:00,TCPRIMED_v01r01-final_SH151989_env_s19890223180000_e19890227180000.nc
1989,SH,16,1989-02-23T00:00:00,1989-02-25T00:00:00,TCPRIMED_v01r01-final_SH161989_env_s19890223000000_e19890225000000.nc
1989,SH,17,1989-02-28T18:00:00,1989-03-05T06:00:00,TCPRIMED_v01r01-final_SH171989_env_s19890228180000_e19890305060000.nc
1989,SH,18,1989-03-07T12:00:00,1989-03-11T12:00:00,TCPRIMED_v01r01-final_SH181989_env_s19890307120000_e19890311120000.nc
1989,SH,19,1989-03-21T06:00:00,1989-03-31T06:00:00,TCPRIMED_v01r01-final_SH191989_env_s19890321060000_e19890331060000.nc
1989,SH,20,1989-03-24T12:00:00,1989-04-01T00:00:00,TCPRIMED_v01r01-final_SH201989_env_s19890324120000_e19890401000000.nc
1989,SH,21,1989-03-26T12:00:00,1989-04-09T00:00:00,TCPRIMED_v01r01-final_SH211989_env_s19890326120000_e19890409000000.nc
1989,SH,22,1989-03-30T18:00:00,1989-04-03T06:00:00,TCPRIMED_v01r01-final_SH221989_env_s19890330180000_e19890403060000.nc
1989,SH,23,1989-03-29T12:00:00,1989-04-05T00:00:00,TCPRIMED_v01r01-final_SH231989_env_s19890329120000_e19890405000000.nc
1989,SH,24,1989-04-04T00:00:00,1989-04-09T06:00:00,TCPRIMED_v01r01-final_SH241989_env_s19890404000000_e19890409060000.nc
1989,SH,25,1989-04-06T00:00:00,1989-04-13T06:00:00,TCPRIMED_v01r01-final_SH251989_env_s19890406000000_e19890413060000.nc
1989,SH,26,1989-04-16T06:00:00,1989-04-23T12:00:00,TCPRIMED_v01r01-final_SH261989_env_s19890416060000_e19890423120000.nc
1989,SH,27,1989-05-01T12:00:00,1989-05-11T00:00:00,TCPRIMED_v01r01-final_SH271989_env_s19890501120000_e19890511000000.nc
1989,SH,28,1989-05-06T00:00:00,1989-05-13T00:00:00,TCPRIMED_v01r01-final_SH281989_env_s19890506000000_e19890513000000.nc
1989,WP,1,1989-01-09T12:00:00,1989-01-22T00:00:00,TCPRIMED_v01r01-final_WP011989_env_s19890109120000_e19890122000000.nc
1989,WP,2,1989-04-13T00:00:00,1989-04-25T00:00:00,TCPRIMED_v01r01-final_WP021989_env_s19890413000000_e19890425000000.nc
1989,WP,3,1989-05-14T00:00:00,1989-05-21T00:00:00,TCPRIMED_v01r01-final_WP031989_env_s19890514000000_e19890521000000.nc
1989,WP,4,1989-05-22T00:00:00,1989-05-26T00:00:00,TCPRIMED_v01r01-final_WP041989_env_s19890522000000_e19890526000000.nc
1989,WP,5,1989-06-02T06:00:00,1989-06-11T12:00:00,TCPRIMED_v01r01-final_WP051989_env_s19890602060000_e19890611120000.nc
1989,WP,6,1989-06-18T00:00:00,1989-06-24T12:00:00,TCPRIMED_v01r01-final_WP061989_env_s19890618000000_e19890624120000.nc
1989,WP,7,1989-07-05T12:00:00,1989-07-11T12:00:00,TCPRIMED_v01r01-final_WP071989_env_s19890705120000_e19890711120000.nc
1989,WP,8,1989-07-09T00:00:00,1989-07-19T00:00:00,TCPRIMED_v01r01-final_WP081989_env_s19890709000000_e19890719000000.nc
1989,WP,9,1989-07-13T06:00:00,1989-07-21T06:00:00,TCPRIMED_v01r01-final_WP091989_env_s19890713060000_e19890721060000.nc
1989,WP,10,1989-07-18T00:00:00,1989-07-24T12:00:00,TCPRIMED_v01r01-final_WP101989_env_s19890718000000_e19890724120000.nc
1989,WP,11,1989-07-20T00:00:00,1989-07-29T00:00:00,TCPRIMED_v01r01-final_WP111989_env_s19890720000000_e19890729000000.nc
1989,WP,12,1989-07-27T00:00:00,1989-07-31T00:00:00,TCPRIMED_v01r01-final_WP121989_env_s19890727000000_e19890731000000.nc
1989,WP,13,1989-07-29T06:00:00,1989-08-07T06:00:00,TCPRIMED_v01r01-final_WP131989_env_s19890729060000_e19890807060000.nc
1989,WP,15,1989-07-30T00:00:00,1989-08-08T12:00:00,TCPRIMED_v01r01-final_WP151989_env_s19890730000000_e19890808120000.nc
1989,WP,16,1989-08-04T00:00:00,1989-08-19T12:00:00,TCPRIMED_v01r01-final_WP161989_env_s19890804000000_e19890819120000.nc
1989,WP,17,1989-08-09T00:00:00,1989-08-18T00:00:00,TCPRIMED_v01r01-final_WP171989_env_s19890809000000_e19890818000000.nc
1989,WP,18,1989-08-14T18:00:00,1989-08-19T06:00:00,TCPRIMED_v01r01-final_WP181989_env_s19890814180000_e19890819060000.nc
1989,WP,19,1989-08-16T00:00:00,1989-08-19T18:00:00,TCPRIMED_v01r01-final_WP191989_env_s19890816000000_e19890819180000.nc
1989,WP,20,1989-08-22T18:00:00,1989-08-28T12:00:00,TCPRIMED_v01r01-final_WP201989_env_s19890822180000_e19890828120000.nc
1989,WP,21,1989-08-23T00:00:00,1989-08-29T00:00:00,TCPRIMED_v01r01-final_WP211989_env_s19890823000000_e19890829000000.nc
1989,WP,22,1989-09-03T00:00:00,1989-09-14T00:00:00,TCPRIMED_v01r01-final_WP221989_env_s19890903000000_e19890914000000.nc
1989,WP,23,1989-09-08T12:00:00,1989-09-14T00:00:00,TCPRIMED_v01r01-final_WP231989_env_s19890908120000_e19890914000000.nc
1989,WP,24,1989-09-11T00:00:00,1989-09-16T18:00:00,TCPRIMED_v01r01-final_WP241989_env_s19890911000000_e19890916180000.nc
1989,WP,25,1989-09-16T18:00:00,1989-09-21T00:00:00,TCPRIMED_v01r01-final_WP251989_env_s19890916180000_e19890921000000.nc
1989,WP,26,1989-09-28T00:00:00,1989-10-10T18:00:00,TCPRIMED_v01r01-final_WP261989_env_s19890928000000_e19891010180000.nc
1989,WP,27,1989-09-28T18:00:00,1989-10-03T18:00:00,TCPRIMED_v01r01-final_WP271989_env_s19890928180000_e19891003180000.nc
1989,WP,28,1989-09-27T12:00:00,1989-10-08T12:00:00,TCPRIMED_v01r01-final_WP281989_env_s19890927120000_e19891008120000.nc
1989,WP,29,1989-10-06T00:00:00,1989-10-13T18:00:00,TCPRIMED_v01r01-final_WP291989_env_s19891006000000_e19891013180000.nc
1989,WP,30,1989-10-13T00:00:00,1989-10-22T12:00:00,TCPRIMED_v01r01-final_WP301989_env_s19891013000000_e19891022120000.nc
1989,WP,31,1989-10-18T00:00:00,1989-10-30T00:00:00,TCPRIMED_v01r01-final_WP311989_env_s19891018000000_e19891030000000.nc
1989,WP,32,1989-11-01T00:00:00,1989-11-10T06:00:00,TCPRIMED_v01r01-final_WP321989_env_s19891101000000_e19891110060000.nc
1989,WP,33,1989-11-10T00:00:00,1989-11-24T00:00:00,TCPRIMED_v01r01-final_WP331989_env_s19891110000000_e19891124000000.nc
1989,WP,34,1989-11-20T00:00:00,1989-12-04T12:00:00,TCPRIMED_v01r01-final_WP341989_env_s19891120000000_e19891204120000.nc
1989,WP,35,1989-12-01T06:00:00,1989-12-09T00:00:00,TCPRIMED_v01r01-final_WP351989_env_s19891201060000_e19891209000000.nc
1989,WP,36,1989-12-20T00:00:00,1989-12-29T12:00:00,TCPRIMED_v01r01-final_WP361989_env_s19891220000000_e19891229120000.nc
1990,AL,1,1990-05-24T18:00:00,1990-05-26T06:00:00,TCPRIMED_v01r01-final_AL011990_env_s19900524180000_e19900526060000.nc
1990,AL,2,1990-07-22T06:00:00,1990-07-27T12:00:00,TCPRIMED_v01r01-final_AL021990_env_s19900722060000_e19900727120000.nc
1990,AL,3,1990-07-24T12:00:00,1990-08-02T12:00:00,TCPRIMED_v01r01-final_AL031990_env_s19900724120000_e19900802120000.nc
1990,AL,4,1990-07-31T00:00:00,1990-08-07T12:00:00,TCPRIMED_v01r01-final_AL041990_env_s19900731000000_e19900807120000.nc
1990,AL,5,1990-08-04T00:00:00,1990-08-09T12:00:00,TCPRIMED_v01r01-final_AL051990_env_s19900804000000_e19900809120000.nc
1990,AL,6,1990-08-02T18:00:00,1990-08-13T12:00:00,TCPRIMED_v01r01-final_AL061990_env_s19900802180000_e19900813120000.nc
1990,AL,7,1990-08-11T12:00:00,1990-08-14T12:00:00,TCPRIMED_v01r01-final_AL071990_env_s19900811120000_e19900814120000.nc
1990,AL,8,1990-08-24T06:00:00,1990-09-03T06:00:00,TCPRIMED_v01r01-final_AL081990_env_s19900824060000_e19900903060000.nc
1990,AL,9,1990-08-25T00:00:00,1990-08-31T06:00:00,TCPRIMED_v01r01-final_AL091990_env_s19900825000000_e19900831060000.nc
1990,AL,10,1990-09-04T00:00:00,1990-09-17T12:00:00,TCPRIMED_v01r01-final_AL101990_env_s19900904000000_e19900917120000.nc
1990,AL,11,1990-09-18T12:00:00,1990-09-27T12:00:00,TCPRIMED_v01r01-final_AL111990_env_s19900918120000_e19900927120000.nc
1990,AL,12,1990-09-21T06:00:00,1990-10-06T12:00:00,TCPRIMED_v01r01-final_AL121990_env_s19900921060000_e19901006120000.nc
1990,AL,13,1990-10-03T12:00:00,1990-10-09T12:00:00,TCPRIMED_v01r01-final_AL131990_env_s19901003120000_e19901009120000.nc
1990,AL,14,1990-10-06T06:00:00,1990-10-15T12:00:00,TCPRIMED_v01r01-final_AL141990_env_s19901006060000_e19901015120000.nc
1990,AL,15,1990-10-09T12:00:00,1990-10-13T12:00:00,TCPRIMED_v01r01-final_AL151990_env_s19901009120000_e19901013120000.nc
1990,AL,16,1990-10-16T00:00:00,1990-10-21T12:00:00,TCPRIMED_v01r01-final_AL161990_env_s19901016000000_e19901021120000.nc
1990,CP,1,1990-08-07T18:00:00,1990-08-15T12:00:00,TCPRIMED_v01r01-final_CP011990_env_s19900807180000_e19900815120000.nc
1990,EP,1,1990-05-12T18:00:00,1990-05-18T12:00:00,TCPRIMED_v01r01-final_EP011990_env_s19900512180000_e19900518120000.nc
1990,EP,2,1990-06-02T18:00:00,1990-06-08T12:00:00,TCPRIMED_v01r01-final_EP021990_env_s19900602180000_e19900608120000.nc
1990,EP,3,1990-06-08T12:00:00,1990-06-16T06:00:00,TCPRIMED_v01r01-final_EP031990_env_s19900608120000_e19900616060000.nc
1990,EP,4,1990-06-19T00:00:00,1990-06-23T18:00:00,TCPRIMED_v01r01-final_EP041990_env_s19900619000000_e19900623180000.nc
1990,EP,5,1990-06-26T06:00:00,1990-07-02T12:00:00,TCPRIMED_v01r01-final_EP051990_env_s19900626060000_e19900702120000.nc
1990,EP,6,1990-06-29T18:00:00,1990-07-03T18:00:00,TCPRIMED_v01r01-final_EP061990_env_s19900629180000_e19900703180000.nc
1990,EP,7,1990-07-06T00:00:00,1990-07-12T18:00:00,TCPRIMED_v01r01-final_EP071990_env_s19900706000000_e19900712180000.nc
1990,EP,8,1990-07-10T00:00:00,1990-07-18T12:00:00,TCPRIMED_v01r01-final_EP081990_env_s19900710000000_e19900718120000.nc
1990,EP,9,1990-07-19T12:00:00,1990-07-31T00:00:00,TCPRIMED_v01r01-final_EP091990_env_s19900719120000_e19900731000000.nc
1990,EP,10,1990-07-20T12:00:00,1990-07-30T12:00:00,TCPRIMED_v01r01-final_EP101990_env_s19900720120000_e19900730120000.nc
1990,EP,11,1990-07-24T00:00:00,1990-07-26T06:00:00,TCPRIMED_v01r01-final_EP111990_env_s19900724000000_e19900726060000.nc
1990,EP,12,1990-08-16T12:00:00,1990-08-19T18:00:00,TCPRIMED_v01r01-final_EP121990_env_s19900816120000_e19900819180000.nc
1990,EP,13,1990-08-17T00:00:00,1990-08-24T18:00:00,TCPRIMED_v01r01-final_EP131990_env_s19900817000000_e19900824180000.nc
1990,EP,14,1990-08-21T18:00:00,1990-08-30T12:00:00,TCPRIMED_v01r01-final_EP141990_env_s19900821180000_e19900830120000.nc
1990,EP,15,1990-08-23T18:00:00,1990-09-01T12:00:00,TCPRIMED_v01r01-final_EP151990_env_s19900823180000_e19900901120000.nc
1990,EP,16,1990-09-07T12:00:00,1990-09-21T00:00:00,TCPRIMED_v01r01-final_EP161990_env_s19900907120000_e19900921000000.nc
1990,EP,17,1990-09-10T00:00:00,1990-09-19T12:00:00,TCPRIMED_v01r01-final_EP171990_env_s19900910000000_e19900919120000.nc
1990,EP,18,1990-09-09T18:00:00,1990-09-12T18:00:00,TCPRIMED_v01r01-final_EP181990_env_s19900909180000_e19900912180000.nc
1990,EP,19,1990-09-23T12:00:00,1990-10-02T00:00:00,TCPRIMED_v01r01-final_EP191990_env_s19900923120000_e19901002000000.nc
1990,EP,20,1990-09-28T18:00:00,1990-10-01T18:00:00,TCPRIMED_v01r01-final_EP201990_env_s19900928180000_e19901001180000.nc
1990,EP,21,1990-09-27T00:00:00,1990-10-03T00:00:00,TCPRIMED_v01r01-final_EP211990_env_s19900927000000_e19901003000000.nc
1990,EP,22,1990-10-09T00:00:00,1990-10-14T18:00:00,TCPRIMED_v01r01-final_EP221990_env_s19901009000000_e19901014180000.nc
1990,EP,23,1990-10-16T00:00:00,1990-11-01T12:00:00,TCPRIMED_v01r01-final_EP231990_env_s19901016000000_e19901101120000.nc
1990,EP,24,1990-10-21T18:00:00,1990-10-31T18:00:00,TCPRIMED_v01r01-final_EP241990_env_s19901021180000_e19901031180000.nc
1990,IO,1,1990-04-17T12:00:00,1990-04-18T12:00:00,TCPRIMED_v01r01-final_IO011990_env_s19900417120000_e19900418120000.nc
1990,IO,2,1990-05-03T12:00:00,1990-05-11T06:00:00,TCPRIMED_v01r01-final_IO021990_env_s19900503120000_e19900511060000.nc
1990,IO,3,1990-10-30T18:00:00,1990-11-14T00:00:00,TCPRIMED_v01r01-final_IO031990_env_s19901030180000_e19901114000000.nc
1990,IO,4,1990-12-13T18:00:00,1990-12-19T00:00:00,TCPRIMED_v01r01-final_IO041990_env_s19901213180000_e19901219000000.nc
1990,SH,1,1989-07-07T12:00:00,1989-07-11T18:00:00,TCPRIMED_v01r01-final_SH011990_env_s19890707120000_e19890711180000.nc
1990,SH,2,1989-07-12T18:00:00,1989-07-18T00:00:00,TCPRIMED_v01r01-final_SH021990_env_s19890712180000_e19890718000000.nc
1990,SH,3,1989-09-21T18:00:00,1989-09-27T06:00:00,TCPRIMED_v01r01-final_SH031990_env_s19890921180000_e19890927060000.nc
1990,SH,4,1989-10-11T00:00:00,1989-10-17T12:00:00,TCPRIMED_v01r01-final_SH041990_env_s19891011000000_e19891017120000.nc
1990,SH,5,1989-10-28T18:00:00,1989-11-02T06:00:00,TCPRIMED_v01r01-final_SH051990_env_s19891028180000_e19891102060000.nc
1990,SH,6,1989-11-04T18:00:00,1989-11-13T12:00:00,TCPRIMED_v01r01-final_SH061990_env_s19891104180000_e19891113120000.nc
1990,SH,7,1989-12-12T06:00:00,1989-12-20T00:00:00,TCPRIMED_v01r01-final_SH071990_env_s19891212060000_e19891220000000.nc
1990,SH,8,1989-12-14T18:00:00,1990-01-05T18:00:00,TCPRIMED_v01r01-final_SH081990_env_s19891214180000_e19900105180000.nc
1990,SH,9,1989-12-29T18:00:00,1990-01-08T12:00:00,TCPRIMED_v01r01-final_SH091990_env_s19891229180000_e19900108120000.nc
1990,SH,10,1990-01-12T06:00:00,1990-01-20T00:00:00,TCPRIMED_v01r01-final_SH101990_env_s19900112060000_e19900120000000.nc
1990,SH,11,1990-01-24T06:00:00,1990-01-29T12:00:00,TCPRIMED_v01r01-final_SH111990_env_s19900124060000_e19900129120000.nc
1990,SH,12,1990-01-27T00:00:00,1990-02-04T12:00:00,TCPRIMED_v01r01-final_SH121990_env_s19900127000000_e19900204120000.nc
1990,SH,13,1990-01-28T00:00:00,1990-02-09T12:00:00,TCPRIMED_v01r01-final_SH131990_env_s19900128000000_e19900209120000.nc
1990,SH,14,1990-02-01T06:00:00,1990-02-10T00:00:00,TCPRIMED_v01r01-final_SH141990_env_s19900201060000_e19900210000000.nc
1990,SH,15,1990-01-30T18:00:00,1990-02-08T00:00:00,TCPRIMED_v01r01-final_SH151990_env_s19900130180000_e19900208000000.nc
1990,SH,16,1990-02-12T00:00:00,1990-02-17T00:00:00,TCPRIMED_v01r01-final_SH161990_env_s19900212000000_e19900217000000.nc
1990,SH,17,1990-02-25T00:00:00,1990-03-06T00:00:00,TCPRIMED_v01r01-final_SH171990_env_s19900225000000_e19900306000000.nc
1990,SH,18,1990-02-26T18:00:00,1990-03-08T06:00:00,TCPRIMED_v01r01-final_SH181990_env_s19900226180000_e19900308060000.nc
1990,SH,19,1990-02-28T06:00:00,1990-03-05T12:00:00,TCPRIMED_v01r01-final_SH191990_env_s19900228060000_e19900305120000.nc
1990,SH,20,1990-03-03T00:00:00,1990-03-06T18:00:00,TCPRIMED_v01r01-final_SH201990_env_s19900303000000_e19900306180000.nc
1990,SH,21,1990-03-01T06:00:00,1990-03-08T00:00:00,TCPRIMED_v01r01-final_SH211990_env_s19900301060000_e19900308000000.nc
1990,SH,22,1990-03-05T18:00:00,1990-03-15T06:00:00,TCPRIMED_v01r01-final_SH221990_env_s19900305180000_e19900315060000.nc
1990,SH,23,1990-03-11T00:00:00,1990-03-24T00:00:00,TCPRIMED_v01r01-final_SH231990_env_s19900311000000_e19900324000000.nc
1990,SH,24,1990-03-14T12:00:00,1990-03-24T00:00:00,TCPRIMED_v01r01-final_SH241990_env_s19900314120000_e19900324000000.nc
1990,SH,25,1990-03-14T06:00:00,1990-03-23T06:00:00,TCPRIMED_v01r01-final_SH251990_env_s19900314060000_e19900323060000.nc
1990,SH,26,1990-03-17T06:00:00,1990-03-24T06:00:00,TCPRIMED_v01r01-final_SH261990_env_s19900317060000_e19900324060000.nc
1990,SH,27,1990-04-10T12:00:00,1990-04-14T18:00:00,TCPRIMED_v01r01-final_SH271990_env_s19900410120000_e19900414180000.nc
1990,SH,28,1990-04-11T18:00:00,1990-04-17T00:00:00,TCPRIMED_v01r01-final_SH281990_env_s19900411180000_e19900417000000.nc
1990,SH,29,1990-05-09T18:00:00,1990-05-23T18:00:00,TCPRIMED_v01r01-final_SH291990_env_s19900509180000_e19900523180000.nc
1990,WP,1,1990-01-08T00:00:00,1990-01-17T18:00:00,TCPRIMED_v01r01-final_WP011990_env_s19900108000000_e19900117180000.nc
1990,WP,2,1990-04-27T00:00:00,1990-05-07T00:00:00,TCPRIMED_v01r01-final_WP021990_env_s19900427000000_e19900507000000.nc
1990,WP,3,1990-05-09T00:00:00,1990-05-20T06:00:00,TCPRIMED_v01r01-final_WP031990_env_s19900509000000_e19900520060000.nc
1990,WP,4,1990-06-13T06:00:00,1990-06-16T06:00:00,TCPRIMED_v01r01-final_WP041990_env_s19900613060000_e19900616060000.nc
1990,WP,5,1990-06-12T00:00:00,1990-06-19T00:00:00,TCPRIMED_v01r01-final_WP051990_env_s19900612000000_e19900619000000.nc
1990,WP,6,1990-06-15T06:00:00,1990-06-25T12:00:00,TCPRIMED_v01r01-final_WP061990_env_s19900615060000_e19900625120000.nc
1990,WP,7,1990-06-20T00:00:00,1990-07-01T00:00:00,TCPRIMED_v01r01-final_WP071990_env_s19900620000000_e19900701000000.nc
1990,WP,8,1990-06-29T00:00:00,1990-07-13T00:00:00,TCPRIMED_v01r01-final_WP081990_env_s19900629000000_e19900713000000.nc
1990,WP,9,1990-07-23T18:00:00,1990-08-03T12:00:00,TCPRIMED_v01r01-final_WP091990_env_s19900723180000_e19900803120000.nc
1990,WP,10,1990-07-22T06:00:00,1990-08-01T00:00:00,TCPRIMED_v01r01-final_WP101990_env_s19900722060000_e19900801000000.nc
1990,WP,11,1990-07-26T12:00:00,1990-08-09T00:00:00,TCPRIMED_v01r01-final_WP111990_env_s19900726120000_e19900809000000.nc
1990,WP,12,1990-08-04T00:00:00,1990-08-11T18:00:00,TCPRIMED_v01r01-final_WP121990_env_s19900804000000_e19900811180000.nc
1990,WP,13,1990-08-09T06:00:00,1990-08-22T12:00:00,TCPRIMED_v01r01-final_WP131990_env_s19900809060000_e19900822120000.nc
1990,WP,14,1990-08-15T12:00:00,1990-08-23T06:00:00,TCPRIMED_v01r01-final_WP141990_env_s19900815120000_e19900823060000.nc
1990,WP,15,1990-08-22T12:00:00,1990-09-02T06:00:00,TCPRIMED_v01r01-final_WP151990_env_s19900822120000_e19900902060000.nc
1990,WP,16,1990-08-20T06:00:00,1990-08-30T06:00:00,TCPRIMED_v01r01-final_WP161990_env_s19900820060000_e19900830060000.nc
1990,WP,17,1990-09-02T06:00:00,1990-09-09T06:00:00,TCPRIMED_v01r01-final_WP171990_env_s19900902060000_e19900909060000.nc
1990,WP,18,1990-09-02T06:00:00,1990-09-05T00:00:00,TCPRIMED_v01r01-final_WP181990_env_s19900902060000_e19900905000000.nc
1990,WP,19,1990-09-07T00:00:00,1990-09-20T06:00:00,TCPRIMED_v01r01-final_WP191990_env_s19900907000000_e19900920060000.nc
1990,WP,20,1990-09-08T00:00:00,1990-09-22T00:00:00,TCPRIMED_v01r01-final_WP201990_env_s19900908000000_e19900922000000.nc
1990,WP,21,1990-09-18T06:00:00,1990-10-01T00:00:00,TCPRIMED_v01r01-final_WP211990_env_s19900918060000_e19901001000000.nc
1990,WP,22,1990-09-28T06:00:00,1990-10-08T12:00:00,TCPRIMED_v01r01-final_WP221990_env_s19900928060000_e19901008120000.nc
1990,WP,23,1990-09-29T06:00:00,1990-10-05T12:00:00,TCPRIMED_v01r01-final_WP231990_env_s19900929060000_e19901005120000.nc
1990,WP,24,1990-10-09T12:00:00,1990-10-15T06:00:00,TCPRIMED_v01r01-final_WP241990_env_s19901009120000_e19901015060000.nc
1990,WP,25,1990-10-13T12:00:00,1990-10-24T00:00:00,TCPRIMED_v01r01-final_WP251990_env_s19901013120000_e19901024000000.nc
1990,WP,26,1990-10-15T06:00:00,1990-10-20T06:00:00,TCPRIMED_v01r01-final_WP261990_env_s19901015060000_e19901020060000.nc
1990,WP,27,1990-11-06T00:00:00,1990-11-18T12:00:00,TCPRIMED_v01r01-final_WP271990_env_s19901106000000_e19901118120000.nc
1990,WP,28,1990-11-08T06:00:00,1990-11-13T00:00:00,TCPRIMED_v01r01-final_WP281990_env_s19901108060000_e19901113000000.nc
1990,WP,29,1990-11-05T06:00:00,1990-12-01T00:00:00,TCPRIMED_v01r01-final_WP291990_env_s19901105060000_e19901201000000.nc
1990,WP,30,1990-11-14T12:00:00,1990-12-05T00:00:00,TCPRIMED_v01r01-final_WP301990_env_s19901114120000_e19901205000000.nc
1990,WP,31,1990-12-13T00:00:00,1990-12-24T18:00:00,TCPRIMED_v01r01-final_WP311990_env_s19901213000000_e19901224180000.nc
1991,AL,1,1991-06-29T12:00:00,1991-07-05T12:00:00,TCPRIMED_v01r01-final_AL011991_env_s19910629120000_e19910705120000.nc
1991,AL,2,1991-07-05T18:00:00,1991-07-07T00:00:00,TCPRIMED_v01r01-final_AL021991_env_s19910705180000_e19910707000000.nc
1991,AL,3,1991-08-16T00:00:00,1991-08-29T00:00:00,TCPRIMED_v01r01-final_AL031991_env_s19910816000000_e19910829000000.nc
1991,AL,4,1991-08-24T12:00:00,1991-08-26T00:00:00,TCPRIMED_v01r01-final_AL041991_env_s19910824120000_e19910826000000.nc
1991,AL,5,1991-08-28T12:00:00,1991-08-31T12:00:00,TCPRIMED_v01r01-final_AL051991_env_s19910828120000_e19910831120000.nc
1991,AL,6,1991-09-04T12:00:00,1991-09-14T18:00:00,TCPRIMED_v01r01-final_AL061991_env_s19910904120000_e19910914180000.nc
1991,AL,7,1991-09-07T00:00:00,1991-09-11T12:00:00,TCPRIMED_v01r01-final_AL071991_env_s19910907000000_e19910911120000.nc
1991,AL,8,1991-09-08T18:00:00,1991-09-12T18:00:00,TCPRIMED_v01r01-final_AL081991_env_s19910908180000_e19910912180000.nc
1991,AL,9,1991-10-15T00:00:00,1991-10-17T00:00:00,TCPRIMED_v01r01-final_AL091991_env_s19911015000000_e19911017000000.nc
1991,AL,10,1991-10-24T12:00:00,1991-10-25T12:00:00,TCPRIMED_v01r01-final_AL101991_env_s19911024120000_e19911025120000.nc
1991,AL,11,1991-10-25T18:00:00,1991-10-29T18:00:00,TCPRIMED_v01r01-final_AL111991_env_s19911025180000_e19911029180000.nc
1991,AL,12,1991-10-28T18:00:00,1991-11-02T18:00:00,TCPRIMED_v01r01-final_AL121991_env_s19911028180000_e19911102180000.nc
1991,EP,1,1991-05-16T06:00:00,1991-05-20T00:00:00,TCPRIMED_v01r01-final_EP011991_env_s19910516060000_e19910520000000.nc
1991,EP,2,1991-06-14T18:00:00,1991-06-22T00:00:00,TCPRIMED_v01r01-final_EP021991_env_s19910614180000_e19910622000000.nc
1991,EP,3,1991-06-16T12:00:00,1991-06-27T12:00:00,TCPRIMED_v01r01-final_EP031991_env_s19910616120000_e19910627120000.nc
1991,EP,4,1991-06-22T12:00:00,1991-06-28T18:00:00,TCPRIMED_v01r01-final_EP041991_env_s19910622120000_e19910628180000.nc
1991,EP,5,1991-06-28T12:00:00,1991-06-30T00:00:00,TCPRIMED_v01r01-final_EP051991_env_s19910628120000_e19910630000000.nc
1991,EP,6,1991-07-15T12:00:00,1991-07-21T18:00:00,TCPRIMED_v01r01-final_EP061991_env_s19910715120000_e19910721180000.nc
1991,EP,7,1991-07-29T06:00:00,1991-08-08T00:00:00,TCPRIMED_v01r01-final_EP071991_env_s19910729060000_e19910808000000.nc
1991,EP,8,1991-08-04T00:00:00,1991-08-10T18:00:00,TCPRIMED_v01r01-final_EP081991_env_s19910804000000_e19910810180000.nc
1991,EP,9,1991-08-08T00:00:00,1991-08-14T06:00:00,TCPRIMED_v01r01-final_EP091991_env_s19910808000000_e19910814060000.nc
1991,EP,10,1991-09-12T12:00:00,1991-09-14T00:00:00,TCPRIMED_v01r01-final_EP101991_env_s19910912120000_e19910914000000.nc
1991,EP,11,1991-09-16T06:00:00,1991-09-19T06:00:00,TCPRIMED_v01r01-final_EP111991_env_s19910916060000_e19910919060000.nc
1991,EP,12,1991-09-20T18:00:00,1991-10-02T00:00:00,TCPRIMED_v01r01-final_EP121991_env_s19910920180000_e19911002000000.nc
1991,EP,13,1991-09-25T00:00:00,1991-10-12T06:00:00,TCPRIMED_v01r01-final_EP131991_env_s19910925000000_e19911012060000.nc
1991,EP,14,1991-10-03T12:00:00,1991-10-13T18:00:00,TCPRIMED_v01r01-final_EP141991_env_s19911003120000_e19911013180000.nc
1991,EP,15,1991-10-07T12:00:00,1991-10-18T12:00:00,TCPRIMED_v01r01-final_EP151991_env_s19911007120000_e19911018120000.nc
1991,EP,16,1991-11-07T00:00:00,1991-11-12T18:00:00,TCPRIMED_v01r01-final_EP161991_env_s19911107000000_e19911112180000.nc
1991,IO,1,1991-01-14T18:00:00,1991-01-20T06:00:00,TCPRIMED_v01r01-final_IO011991_env_s19910114180000_e19910120060000.nc
1991,IO,2,1991-04-22T18:00:00,1991-04-30T18:00:00,TCPRIMED_v01r01-final_IO021991_env_s19910422180000_e19910430180000.nc
1991,IO,3,1991-05-30T00:00:00,1991-06-03T00:00:00,TCPRIMED_v01r01-final_IO031991_env_s19910530000000_e19910603000000.nc
1991,IO,4,1991-11-09T06:00:00,1991-11-16T12:00:00,TCPRIMED_v01r01-final_IO041991_env_s19911109060000_e19911116120000.nc
1991,SH,1,1990-09-19T06:00:00,1990-09-25T12:00:00,TCPRIMED_v01r01-final_SH011991_env_s19900919060000_e19900925120000.nc
1991,SH,2,1990-10-15T06:00:00,1990-10-20T06:00:00,TCPRIMED_v01r01-final_SH021991_env_s19901015060000_e19901020060000.nc
1991,SH,3,1990-11-23T06:00:00,1990-11-29T12:00:00,TCPRIMED_v01r01-final_SH031991_env_s19901123060000_e19901129120000.nc
1991,SH,4,1990-11-29T18:00:00,1990-12-04T06:00:00,TCPRIMED_v01r01-final_SH041991_env_s19901129180000_e19901204060000.nc
1991,SH,5,1990-12-08T18:00:00,1990-12-12T18:00:00,TCPRIMED_v01r01-final_SH051991_env_s19901208180000_e19901212180000.nc
1991,SH,6,1990-12-15T18:00:00,1990-12-27T06:00:00,TCPRIMED_v01r01-final_SH061991_env_s19901215180000_e19901227060000.nc
1991,SH,7,1991-01-09T06:00:00,1991-01-18T00:00:00,TCPRIMED_v01r01-final_SH071991_env_s19910109060000_e19910118000000.nc
1991,SH,8,1991-01-13T00:00:00,1991-02-04T18:00:00,TCPRIMED_v01r01-final_SH081991_env_s19910113000000_e19910204180000.nc
1991,SH,9,1991-02-15T18:00:00,1991-02-23T12:00:00,TCPRIMED_v01r01-final_SH091991_env_s19910215180000_e19910223120000.nc
1991,SH,10,1991-02-16T00:00:00,1991-02-18T06:00:00,TCPRIMED_v01r01-final_SH101991_env_s19910216000000_e19910218060000.nc
1991,SH,11,1991-02-15T00:00:00,1991-02-27T00:00:00,TCPRIMED_v01r01-final_SH111991_env_s19910215000000_e19910227000000.nc
1991,SH,12,1991-02-23T06:00:00,1991-03-04T06:00:00,TCPRIMED_v01r01-final_SH121991_env_s19910223060000_e19910304060000.nc
1991,SH,13,1991-02-24T12:00:00,1991-03-06T12:00:00,TCPRIMED_v01r01-final_SH131991_env_s19910224120000_e19910306120000.nc
1991,SH,14,1991-02-26T00:00:00,1991-03-04T00:00:00,TCPRIMED_v01r01-final_SH141991_env_s19910226000000_e19910304000000.nc
1991,SH,15,1991-03-03T06:00:00,1991-03-07T06:00:00,TCPRIMED_v01r01-final_SH151991_env_s19910303060000_e19910307060000.nc
1991,SH,16,1991-03-14T12:00:00,1991-03-21T00:00:00,TCPRIMED_v01r01-final_SH161991_env_s19910314120000_e19910321000000.nc
1991,SH,17,1991-03-20T18:00:00,1991-04-02T00:00:00,TCPRIMED_v01r01-final_SH171991_env_s19910320180000_e19910402000000.nc
1991,SH,18,1991-03-24T00:00:00,1991-03-31T18:00:00,TCPRIMED_v01r01-final_SH181991_env_s19910324000000_e19910331180000.nc
1991,SH,19,1991-04-08T18:00:00,1991-04-19T00:00:00,TCPRIMED_v01r01-final_SH191991_env_s19910408180000_e19910419000000.nc
1991,SH,20,1991-04-14T18:00:00,1991-04-21T00:00:00,TCPRIMED_v01r01-final_SH201991_env_s19910414180000_e19910421000000.nc
1991,SH,21,1991-05-07T00:00:00,1991-05-12T12:00:00,TCPRIMED_v01r01-final_SH211991_env_s19910507000000_e19910512120000.nc
1991,SH,22,1991-06-06T12:00:00,1991-06-13T12:00:00,TCPRIMED_v01r01-final_SH221991_env_s19910606120000_e19910613120000.nc
1991,WP,1,1991-03-03T06:00:00,1991-03-15T18:00:00,TCPRIMED_v01r01-final_WP011991_env_s19910303060000_e19910315180000.nc
1991,WP,2,1991-03-18T00:00:00,1991-03-25T18:00:00,TCPRIMED_v01r01-final_WP021991_env_s19910318000000_e19910325180000.nc
1991,WP,3,1991-04-20T12:00:00,1991-04-28T18:00:00,TCPRIMED_v01r01-final_WP031991_env_s19910420120000_e19910428180000.nc
1991,WP,4,1991-05-04T00:00:00,1991-05-16T12:00:00,TCPRIMED_v01r01-final_WP041991_env_s19910504000000_e19910516120000.nc
1991,WP,5,1991-06-11T18:00:00,1991-06-17T00:00:00,TCPRIMED_v01r01-final_WP051991_env_s19910611180000_e19910617000000.nc
1991,WP,6,1991-07-06T00:00:00,1991-07-14T12:00:00,TCPRIMED_v01r01-final_WP061991_env_s19910706000000_e19910714120000.nc
1991,WP,7,1991-07-12T18:00:00,1991-07-20T06:00:00,TCPRIMED_v01r01-final_WP071991_env_s19910712180000_e19910720060000.nc
1991,WP,8,1991-07-15T00:00:00,1991-07-25T06:00:00,TCPRIMED_v01r01-final_WP081991_env_s19910715000000_e19910725060000.nc
1991,WP,9,1991-07-18T12:00:00,1991-07-30T00:00:00,TCPRIMED_v01r01-final_WP091991_env_s19910718120000_e19910730000000.nc
1991,WP,10,1991-08-07T06:00:00,1991-08-11T00:00:00,TCPRIMED_v01r01-final_WP101991_env_s19910807060000_e19910811000000.nc
1991,WP,11,1991-08-08T00:00:00,1991-08-19T06:00:00,TCPRIMED_v01r01-final_WP111991_env_s19910808000000_e19910819060000.nc
1991,WP,12,1991-08-08T00:00:00,1991-08-18T00:00:00,TCPRIMED_v01r01-final_WP121991_env_s19910808000000_e19910818000000.nc
1991,WP,13,1991-08-11T06:00:00,1991-08-13T18:00:00,TCPRIMED_v01r01-final_WP131991_env_s19910811060000_e19910813180000.nc
1991,WP,14,1991-08-13T12:00:00,1991-08-24T06:00:00,TCPRIMED_v01r01-final_WP141991_env_s19910813120000_e19910824060000.nc
1991,WP,15,1991-08-21T06:00:00,1991-08-29T12:00:00,TCPRIMED_v01r01-final_WP151991_env_s19910821060000_e19910829120000.nc
1991,WP,16,1991-08-27T00:00:00,1991-08-31T12:00:00,TCPRIMED_v01r01-final_WP161991_env_s19910827000000_e19910831120000.nc
1991,WP,17,1991-08-31T00:00:00,1991-09-10T12:00:00,TCPRIMED_v01r01-final_WP171991_env_s19910831000000_e19910910120000.nc
1991,WP,18,1991-09-01T00:00:00,1991-09-07T12:00:00,TCPRIMED_v01r01-final_WP181991_env_s19910901000000_e19910907120000.nc
1991,WP,19,1991-09-08T00:00:00,1991-09-14T12:00:00,TCPRIMED_v01r01-final_WP191991_env_s19910908000000_e19910914120000.nc
1991,WP,20,1991-09-13T06:00:00,1991-09-19T12:00:00,TCPRIMED_v01r01-final_WP201991_env_s19910913060000_e19910919120000.nc
1991,WP,21,1991-09-13T12:00:00,1991-09-27T18:00:00,TCPRIMED_v01r01-final_WP211991_env_s19910913120000_e19910927180000.nc
1991,WP,22,1991-09-15T00:00:00,1991-10-02T06:00:00,TCPRIMED_v01r01-final_WP221991_env_s19910915000000_e19911002060000.nc
1991,WP,23,1991-10-01T00:00:00,1991-10-13T00:00:00,TCPRIMED_v01r01-final_WP231991_env_s19911001000000_e19911013000000.nc
1991,WP,24,1991-10-01T00:00:00,1991-10-13T00:00:00,TCPRIMED_v01r01-final_WP241991_env_s19911001000000_e19911013000000.nc
1991,WP,25,1991-10-16T00:00:00,1991-10-31T06:00:00,TCPRIMED_v01r01-final_WP251991_env_s19911016000000_e19911031060000.nc
1991,WP,26,1991-10-28T06:00:00,1991-11-15T00:00:00,TCPRIMED_v01r01-final_WP261991_env_s19911028060000_e19911115000000.nc
1991,WP,27,1991-10-27T00:00:00,1991-11-08T12:00:00,TCPRIMED_v01r01-final_WP271991_env_s19911027000000_e19911108120000.nc
1991,WP,28,1991-11-03T00:00:00,1991-11-12T12:00:00,TCPRIMED_v01r01-final_WP281991_env_s19911103000000_e19911112120000.nc
1991,WP,29,1991-11-12T18:00:00,1991-11-20T00:00:00,TCPRIMED_v01r01-final_WP291991_env_s19911112180000_e19911120000000.nc
1991,WP,30,1991-11-16T00:00:00,1991-12-01T18:00:00,TCPRIMED_v01r01-final_WP301991_env_s19911116000000_e19911201180000.nc
1991,WP,31,1991-11-24T18:00:00,1991-12-04T18:00:00,TCPRIMED_v01r01-final_WP311991_env_s19911124180000_e19911204180000.nc
1992,AL,1,1992-04-21T12:00:00,1992-04-24T18:00:00,TCPRIMED_v01r01-final_AL011992_env_s19920421120000_e19920424180000.nc
1992,AL,2,1992-06-25T12:00:00,1992-06-26T12:00:00,TCPRIMED_v01r01-final_AL021992_env_s19920625120000_e19920626120000.nc
1992,AL,3,1992-07-24T18:00:00,1992-07-26T12:00:00,TCPRIMED_v01r01-final_AL031992_env_s19920724180000_e19920726120000.nc
1992,AL,4,1992-08-16T18:00:00,1992-08-28T06:00:00,TCPRIMED_v01r01-final_AL041992_env_s19920816180000_e19920828060000.nc
1992,AL,5,1992-09-17T18:00:00,1992-10-02T18:00:00,TCPRIMED_v01r01-final_AL051992_env_s19920917180000_e19921002180000.nc
1992,AL,6,1992-09-21T18:00:00,1992-09-29T00:00:00,TCPRIMED_v01r01-final_AL061992_env_s19920921180000_e19920929000000.nc
1992,AL,7,1992-09-22T12:00:00,1992-09-26T12:00:00,TCPRIMED_v01r01-final_AL071992_env_s19920922120000_e19920926120000.nc
1992,AL,8,1992-09-25T12:00:00,1992-10-01T12:00:00,TCPRIMED_v01r01-final_AL081992_env_s19920925120000_e19921001120000.nc
1992,AL,9,1992-09-26T18:00:00,1992-10-03T18:00:00,TCPRIMED_v01r01-final_AL091992_env_s19920926180000_e19921003180000.nc
1992,AL,10,1992-10-22T12:00:00,1992-10-30T00:00:00,TCPRIMED_v01r01-final_AL101992_env_s19921022120000_e19921030000000.nc
1992,CP,1,1992-01-26T18:00:00,1992-02-09T00:00:00,TCPRIMED_v01r01-final_CP011992_env_s19920126180000_e19920209000000.nc
1992,CP,2,1992-03-28T06:00:00,1992-03-30T18:00:00,TCPRIMED_v01r01-final_CP021992_env_s19920328060000_e19920330180000.nc
1992,CP,3,1992-11-22T00:00:00,1992-11-23T00:00:00,TCPRIMED_v01r01-final_CP031992_env_s19921122000000_e19921123000000.nc
1992,EP,1,1992-06-01T12:00:00,1992-06-05T18:00:00,TCPRIMED_v01r01-final_EP011992_env_s19920601120000_e19920605180000.nc
1992,EP,2,1992-06-16T18:00:00,1992-06-18T12:00:00,TCPRIMED_v01r01-final_EP021992_env_s19920616180000_e19920618120000.nc
1992,EP,3,1992-06-22T12:00:00,1992-06-23T18:00:00,TCPRIMED_v01r01-final_EP031992_env_s19920622120000_e19920623180000.nc
1992,EP,4,1992-06-22T12:00:00,1992-07-04T18:00:00,TCPRIMED_v01r01-final_EP041992_env_s19920622120000_e19920704180000.nc
1992,EP,5,1992-07-02T12:00:00,1992-07-10T00:00:00,TCPRIMED_v01r01-final_EP051992_env_s19920702120000_e19920710000000.nc
1992,EP,6,1992-07-09T00:00:00,1992-07-17T06:00:00,TCPRIMED_v01r01-final_EP061992_env_s19920709000000_e19920717060000.nc
1992,EP,7,1992-07-13T06:00:00,1992-07-23T12:00:00,TCPRIMED_v01r01-final_EP071992_env_s19920713060000_e19920723120000.nc
1992,EP,8,1992-07-14T12:00:00,1992-07-26T06:00:00,TCPRIMED_v01r01-final_EP081992_env_s19920714120000_e19920726060000.nc
1992,EP,9,1992-07-26T06:00:00,1992-07-30T18:00:00,TCPRIMED_v01r01-final_EP091992_env_s19920726060000_e19920730180000.nc
1992,EP,10,1992-07-28T00:00:00,1992-08-02T00:00:00,TCPRIMED_v01r01-final_EP101992_env_s19920728000000_e19920802000000.nc
1992,EP,11,1992-07-30T18:00:00,1992-08-12T00:00:00,TCPRIMED_v01r01-final_EP111992_env_s19920730180000_e19920812000000.nc
1992,EP,12,1992-08-10T00:00:00,1992-08-13T00:00:00,TCPRIMED_v01r01-final_EP121992_env_s19920810000000_e19920813000000.nc
1992,EP,13,1992-08-18T06:00:00,1992-08-22T18:00:00,TCPRIMED_v01r01-final_EP131992_env_s19920818060000_e19920822180000.nc
1992,EP,14,1992-08-20T00:00:00,1992-08-24T18:00:00,TCPRIMED_v01r01-final_EP141992_env_s19920820000000_e19920824180000.nc
1992,EP,15,1992-08-27T12:00:00,1992-08-31T00:00:00,TCPRIMED_v01r01-final_EP151992_env_s19920827120000_e19920831000000.nc
1992,EP,16,1992-08-27T12:00:00,1992-08-31T18:00:00,TCPRIMED_v01r01-final_EP161992_env_s19920827120000_e19920831180000.nc
1992,EP,17,1992-09-02T18:00:00,1992-09-14T18:00:00,TCPRIMED_v01r01-final_EP171992_env_s19920902180000_e19920914180000.nc
1992,EP,18,1992-09-05T18:00:00,1992-09-13T18:00:00,TCPRIMED_v01r01-final_EP181992_env_s19920905180000_e19920913180000.nc
1992,EP,19,1992-09-11T00:00:00,1992-09-16T12:00:00,TCPRIMED_v01r01-final_EP191992_env_s19920911000000_e19920916120000.nc
1992,EP,20,1992-09-13T12:00:00,1992-09-30T18:00:00,TCPRIMED_v01r01-final_EP201992_env_s19920913120000_e19920930180000.nc
1992,EP,21,1992-09-17T12:00:00,1992-09-27T06:00:00,TCPRIMED_v01r01-final_EP211992_env_s19920917120000_e19920927060000.nc
1992,EP,22,1992-09-17T12:00:00,1992-10-11T18:00:00,TCPRIMED_v01r01-final_EP221992_env_s19920917120000_e19921011180000.nc
1992,EP,23,1992-10-01T06:00:00,1992-10-05T18:00:00,TCPRIMED_v01r01-final_EP231992_env_s19921001060000_e19921005180000.nc
1992,EP,24,1992-10-06T12:00:00,1992-10-10T06:00:00,TCPRIMED_v01r01-final_EP241992_env_s19921006120000_e19921010060000.nc
1992,EP,25,1992-10-13T18:00:00,1992-10-15T00:00:00,TCPRIMED_v01r01-final_EP251992_env_s19921013180000_e19921015000000.nc
1992,EP,26,1992-10-15T18:00:00,1992-10-22T12:00:00,TCPRIMED_v01r01-final_EP261992_env_s19921015180000_e19921022120000.nc
1992,EP,27,1992-10-25T12:00:00,1992-10-30T18:00:00,TCPRIMED_v01r01-final_EP271992_env_s19921025120000_e19921030180000.nc
1992,IO,1,1992-05-15T00:00:00,1992-05-20T00:00:00,TCPRIMED_v01r01-final_IO011992_env_s19920515000000_e19920520000000.nc
1992,IO,2,1992-06-03T06:00:00,1992-06-12T06:00:00,TCPRIMED_v01r01-final_IO021992_env_s19920603060000_e19920612060000.nc
1992,IO,3,1992-06-14T12:00:00,1992-06-18T12:00:00,TCPRIMED_v01r01-final_IO031992_env_s19920614120000_e19920618120000.nc
1992,IO,4,1992-07-24T18:00:00,1992-07-28T00:00:00,TCPRIMED_v01r01-final_IO041992_env_s19920724180000_e19920728000000.nc
1992,IO,5,1992-09-21T00:00:00,1992-09-25T00:00:00,TCPRIMED_v01r01-final_IO051992_env_s19920921000000_e19920925000000.nc
1992,IO,6,1992-09-29T00:00:00,1992-10-04T12:00:00,TCPRIMED_v01r01-final_IO061992_env_s19920929000000_e19921004120000.nc
1992,IO,7,1992-10-04T12:00:00,1992-10-09T12:00:00,TCPRIMED_v01r01-final_IO071992_env_s19921004120000_e19921009120000.nc
1992,IO,8,1992-10-13T18:00:00,1992-10-22T00:00:00,TCPRIMED_v01r01-final_IO081992_env_s19921013180000_e19921022000000.nc
1992,IO,9,1992-10-31T12:00:00,1992-11-08T00:00:00,TCPRIMED_v01r01-final_IO091992_env_s19921031120000_e19921108000000.nc
1992,IO,10,1992-11-06T00:00:00,1992-11-17T18:00:00,TCPRIMED_v01r01-final_IO101992_env_s19921106000000_e19921117180000.nc
1992,IO,11,1992-11-29T12:00:00,1992-12-04T00:00:00,TCPRIMED_v01r01-final_IO111992_env_s19921129120000_e19921204000000.nc
1992,IO,12,1992-12-18T12:00:00,1992-12-24T18:00:00,TCPRIMED_v01r01-final_IO121992_env_s19921218120000_e19921224180000.nc
1992,SH,1,1991-09-10T06:00:00,1991-09-13T06:00:00,TCPRIMED_v01r01-final_SH011992_env_s19910910060000_e19910913060000.nc
1992,SH,2,1991-10-11T12:00:00,1991-10-21T06:00:00,TCPRIMED_v01r01-final_SH021992_env_s19911011120000_e19911021060000.nc
1992,SH,3,1991-11-12T18:00:00,1991-11-21T18:00:00,TCPRIMED_v01r01-final_SH031992_env_s19911112180000_e19911121180000.nc
1992,SH,4,1991-11-20T06:00:00,1991-11-26T12:00:00,TCPRIMED_v01r01-final_SH041992_env_s19911120060000_e19911126120000.nc
1992,SH,5,1991-12-01T00:00:00,1991-12-12T12:00:00,TCPRIMED_v01r01-final_SH051992_env_s19911201000000_e19911212120000.nc
1992,SH,6,1991-12-04T06:00:00,1991-12-13T12:00:00,TCPRIMED_v01r01-final_SH061992_env_s19911204060000_e19911213120000.nc
1992,SH,7,1991-12-05T00:00:00,1991-12-13T06:00:00,TCPRIMED_v01r01-final_SH071992_env_s19911205000000_e19911213060000.nc
1992,SH,8,1991-12-15T00:00:00,1991-12-17T06:00:00,TCPRIMED_v01r01-final_SH081992_env_s19911215000000_e19911217060000.nc
1992,SH,9,1991-12-17T12:00:00,1991-12-26T06:00:00,TCPRIMED_v01r01-final_SH091992_env_s19911217120000_e19911226060000.nc
1992,SH,10,1991-12-30T18:00:00,1992-01-02T18:00:00,TCPRIMED_v01r01-final_SH101992_env_s19911230180000_e19920102180000.nc
1992,SH,11,1992-01-04T18:00:00,1992-01-15T12:00:00,TCPRIMED_v01r01-final_SH111992_env_s19920104180000_e19920115120000.nc
1992,SH,12,1992-01-06T06:00:00,1992-01-11T12:00:00,TCPRIMED_v01r01-final_SH121992_env_s19920106060000_e19920111120000.nc
1992,SH,13,1992-01-16T18:00:00,1992-01-18T06:00:00,TCPRIMED_v01r01-final_SH131992_env_s19920116180000_e19920118060000.nc
1992,SH,14,1992-02-05T06:00:00,1992-02-09T12:00:00,TCPRIMED_v01r01-final_SH141992_env_s19920205060000_e19920209120000.nc
1992,SH,15,1992-02-08T18:00:00,1992-02-13T00:00:00,TCPRIMED_v01r01-final_SH151992_env_s19920208180000_e19920213000000.nc
1992,SH,16,1992-02-12T18:00:00,1992-02-14T06:00:00,TCPRIMED_v01r01-final_SH161992_env_s19920212180000_e19920214060000.nc
1992,SH,17,1992-02-13T00:00:00,1992-02-19T18:00:00,TCPRIMED_v01r01-final_SH171992_env_s19920213000000_e19920219180000.nc
1992,SH,18,1992-02-19T00:00:00,1992-02-21T00:00:00,TCPRIMED_v01r01-final_SH181992_env_s19920219000000_e19920221000000.nc
1992,SH,19,1992-02-22T00:00:00,1992-02-24T18:00:00,TCPRIMED_v01r01-final_SH191992_env_s19920222000000_e19920224180000.nc
1992,SH,20,1992-02-24T18:00:00,1992-03-08T12:00:00,TCPRIMED_v01r01-final_SH201992_env_s19920224180000_e19920308120000.nc
1992,SH,21,1992-02-24T06:00:00,1992-03-07T12:00:00,TCPRIMED_v01r01-final_SH211992_env_s19920224060000_e19920307120000.nc
1992,SH,22,1992-02-23T18:00:00,1992-03-03T18:00:00,TCPRIMED_v01r01-final_SH221992_env_s19920223180000_e19920303180000.nc
1992,SH,23,1992-02-23T18:00:00,1992-03-04T06:00:00,TCPRIMED_v01r01-final_SH231992_env_s19920223180000_e19920304060000.nc
1992,SH,24,1992-02-26T12:00:00,1992-03-03T06:00:00,TCPRIMED_v01r01-final_SH241992_env_s19920226120000_e19920303060000.nc
1992,SH,25,1992-03-04T00:00:00,1992-03-17T06:00:00,TCPRIMED_v01r01-final_SH251992_env_s19920304000000_e19920317060000.nc
1992,SH,26,1992-03-13T18:00:00,1992-03-19T00:00:00,TCPRIMED_v01r01-final_SH261992_env_s19920313180000_e19920319000000.nc
1992,SH,27,1992-03-23T18:00:00,1992-03-29T06:00:00,TCPRIMED_v01r01-final_SH271992_env_s19920323180000_e19920329060000.nc
1992,SH,28,1992-04-04T18:00:00,1992-04-15T12:00:00,TCPRIMED_v01r01-final_SH281992_env_s19920404180000_e19920415120000.nc
1992,SH,29,1992-04-05T06:00:00,1992-04-18T12:00:00,TCPRIMED_v01r01-final_SH291992_env_s19920405060000_e19920418120000.nc
1992,SH,30,1992-04-27T06:00:00,1992-05-02T12:00:00,TCPRIMED_v01r01-final_SH301992_env_s19920427060000_e19920502120000.nc
1992,WP,1,1992-01-03T06:00:00,1992-01-15T06:00:00,TCPRIMED_v01r01-final_WP011992_env_s19920103060000_e19920115060000.nc
1992,WP,2,1992-06-20T06:00:00,1992-07-01T00:00:00,TCPRIMED_v01r01-final_WP021992_env_s19920620060000_e19920701000000.nc
1992,WP,3,1992-06-21T18:00:00,1992-07-01T00:00:00,TCPRIMED_v01r01-final_WP031992_env_s19920621180000_e19920701000000.nc
1992,WP,4,1992-06-24T00:00:00,1992-07-04T00:00:00,TCPRIMED_v01r01-final_WP041992_env_s19920624000000_e19920704000000.nc
1992,WP,5,1992-07-05T18:00:00,1992-07-14T00:00:00,TCPRIMED_v01r01-final_WP051992_env_s19920705180000_e19920714000000.nc
1992,WP,6,1992-07-11T12:00:00,1992-07-18T12:00:00,TCPRIMED_v01r01-final_WP061992_env_s19920711120000_e19920718120000.nc
1992,WP,7,1992-07-16T00:00:00,1992-07-24T00:00:00,TCPRIMED_v01r01-final_WP071992_env_s19920716000000_e19920724000000.nc
1992,WP,8,1992-07-24T00:00:00,1992-07-30T00:00:00,TCPRIMED_v01r01-final_WP081992_env_s19920724000000_e19920730000000.nc
1992,WP,9,1992-07-30T00:00:00,1992-08-05T06:00:00,TCPRIMED_v01r01-final_WP091992_env_s19920730000000_e19920805060000.nc
1992,WP,10,1992-07-30T00:00:00,1992-08-10T00:00:00,TCPRIMED_v01r01-final_WP101992_env_s19920730000000_e19920810000000.nc
1992,WP,11,1992-08-03T06:00:00,1992-08-20T00:00:00,TCPRIMED_v01r01-final_WP111992_env_s19920803060000_e19920820000000.nc
1992,WP,12,1992-08-13T12:00:00,1992-08-22T06:00:00,TCPRIMED_v01r01-final_WP121992_env_s19920813120000_e19920822060000.nc
1992,WP,13,1992-08-13T12:00:00,1992-08-22T00:00:00,TCPRIMED_v01r01-final_WP131992_env_s19920813120000_e19920822000000.nc
1992,WP,14,1992-08-16T00:00:00,1992-08-22T00:00:00,TCPRIMED_v01r01-final_WP141992_env_s19920816000000_e19920822000000.nc
1992,WP,15,1992-08-20T06:00:00,1992-09-06T06:00:00,TCPRIMED_v01r01-final_WP151992_env_s19920820060000_e19920906060000.nc
1992,WP,16,1992-08-23T12:00:00,1992-09-01T00:00:00,TCPRIMED_v01r01-final_WP161992_env_s19920823120000_e19920901000000.nc
1992,WP,17,1992-08-29T00:00:00,1992-09-12T00:00:00,TCPRIMED_v01r01-final_WP171992_env_s19920829000000_e19920912000000.nc
1992,WP,18,1992-09-04T00:00:00,1992-09-15T18:00:00,TCPRIMED_v01r01-final_WP181992_env_s19920904000000_e19920915180000.nc
1992,WP,19,1992-09-14T12:00:00,1992-09-24T18:00:00,TCPRIMED_v01r01-final_WP191992_env_s19920914120000_e19920924180000.nc
1992,WP,20,1992-09-19T00:00:00,1992-09-27T18:00:00,TCPRIMED_v01r01-final_WP201992_env_s19920919000000_e19920927180000.nc
1992,WP,21,1992-09-23T18:00:00,1992-10-07T00:00:00,TCPRIMED_v01r01-final_WP211992_env_s19920923180000_e19921007000000.nc
1992,WP,22,1992-10-05T00:00:00,1992-10-17T00:00:00,TCPRIMED_v01r01-final_WP221992_env_s19921005000000_e19921017000000.nc
1992,WP,23,1992-10-03T06:00:00,1992-10-18T00:00:00,TCPRIMED_v01r01-final_WP231992_env_s19921003060000_e19921018000000.nc
1992,WP,24,1992-10-12T06:00:00,1992-10-29T12:00:00,TCPRIMED_v01r01-final_WP241992_env_s19921012060000_e19921029120000.nc
1992,WP,25,1992-10-14T12:00:00,1992-10-25T12:00:00,TCPRIMED_v01r01-final_WP251992_env_s19921014120000_e19921025120000.nc
1992,WP,26,1992-10-15T00:00:00,1992-10-29T18:00:00,TCPRIMED_v01r01-final_WP261992_env_s19921015000000_e19921029180000.nc
1992,WP,27,1992-10-23T12:00:00,1992-11-04T00:00:00,TCPRIMED_v01r01-final_WP271992_env_s19921023120000_e19921104000000.nc
1992,WP,28,1992-10-27T12:00:00,1992-11-09T06:00:00,TCPRIMED_v01r01-final_WP281992_env_s19921027120000_e19921109060000.nc
1992,WP,29,1992-10-30T00:00:00,1992-11-02T18:00:00,TCPRIMED_v01r01-final_WP291992_env_s19921030000000_e19921102180000.nc
1992,WP,30,1992-11-08T12:00:00,1992-11-22T00:00:00,TCPRIMED_v01r01-final_WP301992_env_s19921108120000_e19921122000000.nc
1992,WP,31,1992-11-13T06:00:00,1992-12-01T00:00:00,TCPRIMED_v01r01-final_WP311992_env_s19921113060000_e19921201000000.nc
1992,WP,32,1992-11-13T06:00:00,1992-11-21T18:00:00,TCPRIMED_v01r01-final_WP321992_env_s19921113060000_e19921121180000.nc
1993,AL,1,1993-05-31T12:00:00,1993-06-03T00:00:00,TCPRIMED_v01r01-final_AL011993_env_s19930531120000_e19930603000000.nc
1993,AL,2,1993-06-18T00:00:00,1993-06-21T06:00:00,TCPRIMED_v01r01-final_AL021993_env_s19930618000000_e19930621060000.nc
1993,AL,3,1993-08-04T12:00:00,1993-08-11T12:00:00,TCPRIMED_v01r01-final_AL031993_env_s19930804120000_e19930811120000.nc
1993,AL,4,1993-08-14T12:00:00,1993-08-17T00:00:00,TCPRIMED_v01r01-final_AL041993_env_s19930814120000_e19930817000000.nc
1993,AL,5,1993-08-22T18:00:00,1993-09-06T12:00:00,TCPRIMED_v01r01-final_AL051993_env_s19930822180000_e19930906120000.nc
1993,AL,6,1993-08-23T12:00:00,1993-08-28T12:00:00,TCPRIMED_v01r01-final_AL061993_env_s19930823120000_e19930828120000.nc
1993,AL,7,1993-09-07T12:00:00,1993-09-13T00:00:00,TCPRIMED_v01r01-final_AL071993_env_s19930907120000_e19930913000000.nc
1993,AL,8,1993-09-14T18:00:00,1993-09-21T18:00:00,TCPRIMED_v01r01-final_AL081993_env_s19930914180000_e19930921180000.nc
1993,AL,9,1993-09-18T18:00:00,1993-09-21T18:00:00,TCPRIMED_v01r01-final_AL091993_env_s19930918180000_e19930921180000.nc
1993,AL,10,1993-09-29T18:00:00,1993-09-30T18:00:00,TCPRIMED_v01r01-final_AL101993_env_s19930929180000_e19930930180000.nc
1993,CP,1,1993-08-09T00:00:00,1993-08-29T12:00:00,TCPRIMED_v01r01-final_CP011993_env_s19930809000000_e19930829120000.nc
1993,EP,1,1993-06-11T06:00:00,1993-06-19T12:00:00,TCPRIMED_v01r01-final_EP011993_env_s19930611060000_e19930619120000.nc
1993,EP,2,1993-06-18T06:00:00,1993-06-20T00:00:00,TCPRIMED_v01r01-final_EP021993_env_s19930618060000_e19930620000000.nc
1993,EP,3,1993-06-27T00:00:00,1993-07-02T00:00:00,TCPRIMED_v01r01-final_EP031993_env_s19930627000000_e19930702000000.nc
1993,EP,4,1993-07-04T12:00:00,1993-07-09T00:00:00,TCPRIMED_v01r01-final_EP041993_env_s19930704120000_e19930709000000.nc
1993,EP,5,1993-07-14T12:00:00,1993-07-20T18:00:00,TCPRIMED_v01r01-final_EP051993_env_s19930714120000_e19930720180000.nc
1993,EP,6,1993-07-15T18:00:00,1993-07-25T00:00:00,TCPRIMED_v01r01-final_EP061993_env_s19930715180000_e19930725000000.nc
1993,EP,7,1993-08-09T06:00:00,1993-08-19T12:00:00,TCPRIMED_v01r01-final_EP071993_env_s19930809060000_e19930819120000.nc
1993,EP,8,1993-08-15T00:00:00,1993-08-28T18:00:00,TCPRIMED_v01r01-final_EP081993_env_s19930815000000_e19930828180000.nc
1993,EP,9,1993-08-17T06:00:00,1993-08-27T06:00:00,TCPRIMED_v01r01-final_EP091993_env_s19930817060000_e19930827060000.nc
1993,EP,10,1993-08-21T06:00:00,1993-08-22T12:00:00,TCPRIMED_v01r01-final_EP101993_env_s19930821060000_e19930822120000.nc
1993,EP,11,1993-08-29T00:00:00,1993-09-05T18:00:00,TCPRIMED_v01r01-final_EP111993_env_s19930829000000_e19930905180000.nc
1993,EP,12,1993-09-05T12:00:00,1993-09-17T18:00:00,TCPRIMED_v01r01-final_EP121993_env_s19930905120000_e19930917180000.nc
1993,EP,13,1993-09-08T12:00:00,1993-09-14T06:00:00,TCPRIMED_v01r01-final_EP131993_env_s19930908120000_e19930914060000.nc
1993,EP,14,1993-09-21T18:00:00,1993-09-26T00:00:00,TCPRIMED_v01r01-final_EP141993_env_s19930921180000_e19930926000000.nc
1993,EP,15,1993-09-30T00:00:00,1993-10-04T00:00:00,TCPRIMED_v01r01-final_EP151993_env_s19930930000000_e19931004000000.nc
1993,EP,16,1993-10-02T18:00:00,1993-10-06T12:00:00,TCPRIMED_v01r01-final_EP161993_env_s19931002180000_e19931006120000.nc
1993,EP,17,1993-10-11T18:00:00,1993-10-14T00:00:00,TCPRIMED_v01r01-final_EP171993_env_s19931011180000_e19931014000000.nc
1993,IO,1,1993-11-05T00:00:00,1993-11-16T00:00:00,TCPRIMED_v01r01-final_IO011993_env_s19931105000000_e19931116000000.nc
1993,IO,2,1993-11-27T00:00:00,1993-12-05T18:00:00,TCPRIMED_v01r01-final_IO021993_env_s19931127000000_e19931205180000.nc
1993,SH,1,1992-09-25T00:00:00,1992-10-01T12:00:00,TCPRIMED_v01r01-final_SH011993_env_s19920925000000_e19921001120000.nc
1993,SH,2,1992-10-17T12:00:00,1992-10-21T12:00:00,TCPRIMED_v01r01-final_SH021993_env_s19921017120000_e19921021120000.nc
1993,SH,3,1992-12-03T06:00:00,1992-12-13T00:00:00,TCPRIMED_v01r01-final_SH031993_env_s19921203060000_e19921213000000.nc
1993,SH,4,1992-11-26T00:00:00,1992-12-11T00:00:00,TCPRIMED_v01r01-final_SH041993_env_s19921126000000_e19921211000000.nc
1993,SH,5,1992-12-17T00:00:00,1992-12-23T12:00:00,TCPRIMED_v01r01-final_SH051993_env_s19921217000000_e19921223120000.nc
1993,SH,6,1992-12-21T12:00:00,1993-01-04T18:00:00,TCPRIMED_v01r01-final_SH061993_env_s19921221120000_e19930104180000.nc
1993,SH,7,1992-12-23T06:00:00,1993-01-05T00:00:00,TCPRIMED_v01r01-final_SH071993_env_s19921223060000_e19930105000000.nc
1993,SH,8,1993-01-01T12:00:00,1993-01-03T06:00:00,TCPRIMED_v01r01-final_SH081993_env_s19930101120000_e19930103060000.nc
1993,SH,9,1993-01-10T18:00:00,1993-01-14T00:00:00,TCPRIMED_v01r01-final_SH091993_env_s19930110180000_e19930114000000.nc
1993,SH,10,1993-01-11T12:00:00,1993-01-21T12:00:00,TCPRIMED_v01r01-final_SH101993_env_s19930111120000_e19930121120000.nc
1993,SH,11,1993-01-16T12:00:00,1993-01-21T00:00:00,TCPRIMED_v01r01-final_SH111993_env_s19930116120000_e19930121000000.nc
1993,SH,12,1993-01-16T00:00:00,1993-01-30T00:00:00,TCPRIMED_v01r01-final_SH121993_env_s19930116000000_e19930130000000.nc
1993,SH,13,1993-01-22T18:00:00,1993-02-02T12:00:00,TCPRIMED_v01r01-final_SH131993_env_s19930122180000_e19930202120000.nc
1993,SH,14,1993-01-25T00:00:00,1993-02-09T12:00:00,TCPRIMED_v01r01-final_SH141993_env_s19930125000000_e19930209120000.nc
1993,SH,15,1993-01-29T00:00:00,1993-02-04T00:00:00,TCPRIMED_v01r01-final_SH151993_env_s19930129000000_e19930204000000.nc
1993,SH,16,1993-02-03T06:00:00,1993-02-14T00:00:00,TCPRIMED_v01r01-final_SH161993_env_s19930203060000_e19930214000000.nc
1993,SH,17,1993-02-03T00:00:00,1993-02-09T12:00:00,TCPRIMED_v01r01-final_SH171993_env_s19930203000000_e19930209120000.nc
1993,SH,18,1993-02-11T12:00:00,1993-02-16T12:00:00,TCPRIMED_v01r01-final_SH181993_env_s19930211120000_e19930216120000.nc
1993,SH,19,1993-02-10T00:00:00,1993-02-16T06:00:00,TCPRIMED_v01r01-final_SH191993_env_s19930210000000_e19930216060000.nc
1993,SH,20,1993-02-14T00:00:00,1993-02-18T06:00:00,TCPRIMED_v01r01-final_SH201993_env_s19930214000000_e19930218060000.nc
1993,SH,21,1993-02-22T06:00:00,1993-03-04T00:00:00,TCPRIMED_v01r01-final_SH211993_env_s19930222060000_e19930304000000.nc
1993,SH,22,1993-03-10T06:00:00,1993-03-22T06:00:00,TCPRIMED_v01r01-final_SH221993_env_s19930310060000_e19930322060000.nc
1993,SH,23,1993-03-24T00:00:00,1993-04-01T12:00:00,TCPRIMED_v01r01-final_SH231993_env_s19930324000000_e19930401120000.nc
1993,SH,24,1993-04-01T00:00:00,1993-04-10T00:00:00,TCPRIMED_v01r01-final_SH241993_env_s19930401000000_e19930410000000.nc
1993,SH,25,1993-04-08T18:00:00,1993-04-15T00:00:00,TCPRIMED_v01r01-final_SH251993_env_s19930408180000_e19930415000000.nc
1993,SH,26,1993-04-29T18:00:00,1993-05-07T12:00:00,TCPRIMED_v01r01-final_SH261993_env_s19930429180000_e19930507120000.nc
1993,SH,27,1993-05-11T06:00:00,1993-05-16T12:00:00,TCPRIMED_v01r01-final_SH271993_env_s19930511060000_e19930516120000.nc
1993,WP,1,1993-02-27T18:00:00,1993-03-02T00:00:00,TCPRIMED_v01r01-final_WP011993_env_s19930227180000_e19930302000000.nc
1993,WP,2,1993-03-05T00:00:00,1993-03-18T06:00:00,TCPRIMED_v01r01-final_WP021993_env_s19930305000000_e19930318060000.nc
1993,WP,3,1993-04-06T00:00:00,1993-04-14T12:00:00,TCPRIMED_v01r01-final_WP031993_env_s19930406000000_e19930414120000.nc
1993,WP,4,1993-04-15T06:00:00,1993-04-28T18:00:00,TCPRIMED_v01r01-final_WP041993_env_s19930415060000_e19930428180000.nc
1993,WP,5,1993-05-14T06:00:00,1993-05-23T06:00:00,TCPRIMED_v01r01-final_WP051993_env_s19930514060000_e19930523060000.nc
1993,WP,6,1993-06-13T06:00:00,1993-06-28T18:00:00,TCPRIMED_v01r01-final_WP061993_env_s19930613060000_e19930628180000.nc
1993,WP,7,1993-06-15T06:00:00,1993-06-20T06:00:00,TCPRIMED_v01r01-final_WP071993_env_s19930615060000_e19930620060000.nc
1993,WP,8,1993-07-04T06:00:00,1993-07-13T00:00:00,TCPRIMED_v01r01-final_WP081993_env_s19930704060000_e19930713000000.nc
1993,WP,9,1993-07-11T12:00:00,1993-07-17T06:00:00,TCPRIMED_v01r01-final_WP091993_env_s19930711120000_e19930717060000.nc
1993,WP,10,1993-07-17T12:00:00,1993-07-26T00:00:00,TCPRIMED_v01r01-final_WP101993_env_s19930717120000_e19930726000000.nc
1993,WP,11,1993-07-24T06:00:00,1993-07-28T06:00:00,TCPRIMED_v01r01-final_WP111993_env_s19930724060000_e19930728060000.nc
1993,WP,12,1993-07-25T18:00:00,1993-08-01T00:00:00,TCPRIMED_v01r01-final_WP121993_env_s19930725180000_e19930801000000.nc
1993,WP,13,1993-07-30T06:00:00,1993-08-11T06:00:00,TCPRIMED_v01r01-final_WP131993_env_s19930730060000_e19930811060000.nc
1993,WP,14,1993-08-03T00:00:00,1993-08-14T00:00:00,TCPRIMED_v01r01-final_WP141993_env_s19930803000000_e19930814000000.nc
1993,WP,15,1993-08-11T00:00:00,1993-08-15T06:00:00,TCPRIMED_v01r01-final_WP151993_env_s19930811000000_e19930815060000.nc
1993,WP,16,1993-08-12T00:00:00,1993-08-22T06:00:00,TCPRIMED_v01r01-final_WP161993_env_s19930812000000_e19930822060000.nc
1993,WP,17,1993-08-17T00:00:00,1993-08-28T12:00:00,TCPRIMED_v01r01-final_WP171993_env_s19930817000000_e19930828120000.nc
1993,WP,18,1993-08-19T06:00:00,1993-08-29T12:00:00,TCPRIMED_v01r01-final_WP181993_env_s19930819060000_e19930829120000.nc
1993,WP,19,1993-08-27T12:00:00,1993-09-05T06:00:00,TCPRIMED_v01r01-final_WP191993_env_s19930827120000_e19930905060000.nc
1993,WP,20,1993-09-03T06:00:00,1993-09-10T12:00:00,TCPRIMED_v01r01-final_WP201993_env_s19930903060000_e19930910120000.nc
1993,WP,21,1993-09-07T06:00:00,1993-09-15T00:00:00,TCPRIMED_v01r01-final_WP211993_env_s19930907060000_e19930915000000.nc
1993,WP,22,1993-09-09T18:00:00,1993-09-18T18:00:00,TCPRIMED_v01r01-final_WP221993_env_s19930909180000_e19930918180000.nc
1993,WP,23,1993-09-20T06:00:00,1993-09-28T18:00:00,TCPRIMED_v01r01-final_WP231993_env_s19930920060000_e19930928180000.nc
1993,WP,24,1993-09-18T06:00:00,1993-09-27T18:00:00,TCPRIMED_v01r01-final_WP241993_env_s19930918060000_e19930927180000.nc
1993,WP,25,1993-09-27T06:00:00,1993-10-09T00:00:00,TCPRIMED_v01r01-final_WP251993_env_s19930927060000_e19931009000000.nc
1993,WP,26,1993-09-28T00:00:00,1993-10-09T06:00:00,TCPRIMED_v01r01-final_WP261993_env_s19930928000000_e19931009060000.nc
1993,WP,27,1993-10-02T06:00:00,1993-10-11T00:00:00,TCPRIMED_v01r01-final_WP271993_env_s19931002060000_e19931011000000.nc
1993,WP,28,1993-10-06T00:00:00,1993-10-13T12:00:00,TCPRIMED_v01r01-final_WP281993_env_s19931006000000_e19931013120000.nc
1993,WP,29,1993-10-12T00:00:00,1993-10-26T06:00:00,TCPRIMED_v01r01-final_WP291993_env_s19931012000000_e19931026060000.nc
1993,WP,30,1993-10-25T00:00:00,1993-11-05T00:00:00,TCPRIMED_v01r01-final_WP301993_env_s19931025000000_e19931105000000.nc
1993,WP,31,1993-11-02T00:00:00,1993-11-12T12:00:00,TCPRIMED_v01r01-final_WP311993_env_s19931102000000_e19931112120000.nc
1993,WP,32,1993-11-13T06:00:00,1993-11-19T00:00:00,TCPRIMED_v01r01-final_WP321993_env_s19931113060000_e19931119000000.nc
1993,WP,33,1993-11-12T06:00:00,1993-11-19T06:00:00,TCPRIMED_v01r01-final_WP331993_env_s19931112060000_e19931119060000.nc
1993,WP,34,1993-11-17T12:00:00,1993-11-24T12:00:00,TCPRIMED_v01r01-final_WP341993_env_s19931117120000_e19931124120000.nc
1993,WP,35,1993-11-27T06:00:00,1993-12-09T12:00:00,TCPRIMED_v01r01-final_WP351993_env_s19931127060000_e19931209120000.nc
1993,WP,36,1993-12-01T12:00:00,1993-12-16T06:00:00,TCPRIMED_v01r01-final_WP361993_env_s19931201120000_e19931216060000.nc
1993,WP,37,1993-12-18T18:00:00,1993-12-30T06:00:00,TCPRIMED_v01r01-final_WP371993_env_s19931218180000_e19931230060000.nc
1994,AL,1,1994-06-30T06:00:00,1994-07-07T18:00:00,TCPRIMED_v01r01-final_AL011994_env_s19940630060000_e19940707180000.nc
1994,AL,3,1994-08-14T12:00:00,1994-08-19T00:00:00,TCPRIMED_v01r01-final_AL031994_env_s19940814120000_e19940819000000.nc
1994,AL,4,1994-08-16T12:00:00,1994-08-23T18:00:00,TCPRIMED_v01r01-final_AL041994_env_s19940816120000_e19940823180000.nc
1994,AL,5,1994-08-29T12:00:00,1994-08-31T12:00:00,TCPRIMED_v01r01-final_AL051994_env_s19940829120000_e19940831120000.nc
1994,AL,6,1994-09-09T12:00:00,1994-09-11T00:00:00,TCPRIMED_v01r01-final_AL061994_env_s19940909120000_e19940911000000.nc
1994,AL,7,1994-09-21T18:00:00,1994-09-26T00:00:00,TCPRIMED_v01r01-final_AL071994_env_s19940921180000_e19940926000000.nc
1994,AL,8,1994-09-24T12:00:00,1994-09-26T18:00:00,TCPRIMED_v01r01-final_AL081994_env_s19940924120000_e19940926180000.nc
1994,AL,9,1994-09-27T12:00:00,1994-09-29T00:00:00,TCPRIMED_v01r01-final_AL091994_env_s19940927120000_e19940929000000.nc
1994,AL,10,1994-09-29T06:00:00,1994-09-30T18:00:00,TCPRIMED_v01r01-final_AL101994_env_s19940929060000_e19940930180000.nc
1994,AL,11,1994-11-02T00:00:00,1994-11-08T18:00:00,TCPRIMED_v01r01-final_AL111994_env_s19941102000000_e19941108180000.nc
1994,AL,12,1994-11-08T12:00:00,1994-11-21T18:00:00,TCPRIMED_v01r01-final_AL121994_env_s19941108120000_e19941121180000.nc
1994,CP,1,1994-08-09T06:00:00,1994-08-14T06:00:00,TCPRIMED_v01r01-final_CP011994_env_s19940809060000_e19940814060000.nc
1994,CP,2,1994-09-06T00:00:00,1994-09-09T12:00:00,TCPRIMED_v01r01-final_CP021994_env_s19940906000000_e19940909120000.nc
1994,CP,3,1994-10-21T00:00:00,1994-10-26T00:00:00,TCPRIMED_v01r01-final_CP031994_env_s19941021000000_e19941026000000.nc
1994,EP,1,1994-06-18T06:00:00,1994-06-23T06:00:00,TCPRIMED_v01r01-final_EP011994_env_s19940618060000_e19940623060000.nc
1994,EP,2,1994-06-27T06:00:00,1994-06-29T18:00:00,TCPRIMED_v01r01-final_EP021994_env_s19940627060000_e19940629180000.nc
1994,EP,3,1994-06-28T12:00:00,1994-07-05T12:00:00,TCPRIMED_v01r01-final_EP031994_env_s19940628120000_e19940705120000.nc
1994,EP,4,1994-07-08T12:00:00,1994-07-14T18:00:00,TCPRIMED_v01r01-final_EP041994_env_s19940708120000_e19940714180000.nc
1994,EP,5,1994-07-16T00:00:00,1994-07-25T00:00:00,TCPRIMED_v01r01-final_EP051994_env_s19940716000000_e19940725000000.nc
1994,EP,6,1994-07-19T00:00:00,1994-07-24T00:00:00,TCPRIMED_v01r01-final_EP061994_env_s19940719000000_e19940724000000.nc
1994,EP,7,1994-07-21T06:00:00,1994-07-31T00:00:00,TCPRIMED_v01r01-final_EP071994_env_s19940721060000_e19940731000000.nc
1994,EP,8,1994-07-31T18:00:00,1994-08-18T00:00:00,TCPRIMED_v01r01-final_EP081994_env_s19940731180000_e19940818000000.nc
1994,EP,9,1994-08-07T00:00:00,1994-08-09T18:00:00,TCPRIMED_v01r01-final_EP091994_env_s19940807000000_e19940809180000.nc
1994,EP,10,1994-08-11T06:00:00,1994-09-10T06:00:00,TCPRIMED_v01r01-final_EP101994_env_s19940811060000_e19940910060000.nc
1994,EP,11,1994-08-10T12:00:00,1994-08-14T18:00:00,TCPRIMED_v01r01-final_EP111994_env_s19940810120000_e19940814180000.nc
1994,EP,12,1994-08-12T00:00:00,1994-08-15T12:00:00,TCPRIMED_v01r01-final_EP121994_env_s19940812000000_e19940815120000.nc
1994,EP,13,1994-08-28T18:00:00,1994-09-05T00:00:00,TCPRIMED_v01r01-final_EP131994_env_s19940828180000_e19940905000000.nc
1994,EP,14,1994-09-03T18:00:00,1994-09-10T12:00:00,TCPRIMED_v01r01-final_EP141994_env_s19940903180000_e19940910120000.nc
1994,EP,15,1994-09-15T18:00:00,1994-09-21T12:00:00,TCPRIMED_v01r01-final_EP151994_env_s19940915180000_e19940921120000.nc
1994,EP,16,1994-09-19T06:00:00,1994-09-22T00:00:00,TCPRIMED_v01r01-final_EP161994_env_s19940919060000_e19940922000000.nc
1994,EP,17,1994-09-22T06:00:00,1994-09-29T18:00:00,TCPRIMED_v01r01-final_EP171994_env_s19940922060000_e19940929180000.nc
1994,EP,18,1994-09-24T12:00:00,1994-09-30T00:00:00,TCPRIMED_v01r01-final_EP181994_env_s19940924120000_e19940930000000.nc
1994,EP,19,1994-10-08T12:00:00,1994-10-15T00:00:00,TCPRIMED_v01r01-final_EP191994_env_s19941008120000_e19941015000000.nc
1994,IO,1,1994-03-18T18:00:00,1994-03-25T12:00:00,TCPRIMED_v01r01-final_IO011994_env_s19940318180000_e19940325120000.nc
1994,IO,2,1994-04-26T18:00:00,1994-05-03T12:00:00,TCPRIMED_v01r01-final_IO021994_env_s19940426180000_e19940503120000.nc
1994,IO,3,1994-06-05T12:00:00,1994-06-09T18:00:00,TCPRIMED_v01r01-final_IO031994_env_s19940605120000_e19940609180000.nc
1994,IO,4,1994-10-28T12:00:00,1994-10-31T18:00:00,TCPRIMED_v01r01-final_IO041994_env_s19941028120000_e19941031180000.nc
1994,IO,5,1994-11-13T00:00:00,1994-11-20T06:00:00,TCPRIMED_v01r01-final_IO051994_env_s19941113000000_e19941120060000.nc
1994,SH,1,1993-11-07T18:00:00,1993-11-14T00:00:00,TCPRIMED_v01r01-final_SH011994_env_s19931107180000_e19931114000000.nc
1994,SH,2,1993-11-22T12:00:00,1993-11-29T12:00:00,TCPRIMED_v01r01-final_SH021994_env_s19931122120000_e19931129120000.nc
1994,SH,3,1993-12-11T00:00:00,1993-12-21T12:00:00,TCPRIMED_v01r01-final_SH031994_env_s19931211000000_e19931221120000.nc
1994,SH,4,1993-12-14T06:00:00,1993-12-18T06:00:00,TCPRIMED_v01r01-final_SH041994_env_s19931214060000_e19931218060000.nc
1994,SH,5,1993-12-26T06:00:00,1994-01-21T18:00:00,TCPRIMED_v01r01-final_SH051994_env_s19931226060000_e19940121180000.nc
1994,SH,6,1993-12-29T00:00:00,1994-01-07T00:00:00,TCPRIMED_v01r01-final_SH061994_env_s19931229000000_e19940107000000.nc
1994,SH,7,1994-01-06T00:00:00,1994-01-07T18:00:00,TCPRIMED_v01r01-final_SH071994_env_s19940106000000_e19940107180000.nc
1994,SH,8,1994-01-08T12:00:00,1994-01-16T06:00:00,TCPRIMED_v01r01-final_SH081994_env_s19940108120000_e19940116060000.nc
1994,SH,9,1994-01-10T06:00:00,1994-01-20T18:00:00,TCPRIMED_v01r01-final_SH091994_env_s19940110060000_e19940120180000.nc
1994,SH,10,1994-01-11T12:00:00,1994-01-19T06:00:00,TCPRIMED_v01r01-final_SH101994_env_s19940111120000_e19940119060000.nc
1994,SH,11,1994-01-18T12:00:00,1994-01-29T12:00:00,TCPRIMED_v01r01-final_SH111994_env_s19940118120000_e19940129120000.nc
1994,SH,12,1994-01-22T06:00:00,1994-01-29T00:00:00,TCPRIMED_v01r01-final_SH121994_env_s19940122060000_e19940129000000.nc
1994,SH,13,1994-01-25T12:00:00,1994-02-05T00:00:00,TCPRIMED_v01r01-final_SH131994_env_s19940125120000_e19940205000000.nc
1994,SH,14,1994-01-28T00:00:00,1994-02-01T00:00:00,TCPRIMED_v01r01-final_SH141994_env_s19940128000000_e19940201000000.nc
1994,SH,15,1994-02-05T06:00:00,1994-02-14T12:00:00,TCPRIMED_v01r01-final_SH151994_env_s19940205060000_e19940214120000.nc
1994,SH,16,1994-02-06T00:00:00,1994-02-19T18:00:00,TCPRIMED_v01r01-final_SH161994_env_s19940206000000_e19940219180000.nc
1994,SH,17,1994-02-16T00:00:00,1994-02-23T06:00:00,TCPRIMED_v01r01-final_SH171994_env_s19940216000000_e19940223060000.nc
1994,SH,18,1994-02-22T00:00:00,1994-02-28T12:00:00,TCPRIMED_v01r01-final_SH181994_env_s19940222000000_e19940228120000.nc
1994,SH,19,1994-03-05T18:00:00,1994-03-10T18:00:00,TCPRIMED_v01r01-final_SH191994_env_s19940305180000_e19940310180000.nc
1994,SH,20,1994-03-05T00:00:00,1994-03-17T18:00:00,TCPRIMED_v01r01-final_SH201994_env_s19940305000000_e19940317180000.nc
1994,SH,21,1994-03-07T12:00:00,1994-03-18T00:00:00,TCPRIMED_v01r01-final_SH211994_env_s19940307120000_e19940318000000.nc
1994,SH,22,1994-03-12T12:00:00,1994-03-19T00:00:00,TCPRIMED_v01r01-final_SH221994_env_s19940312120000_e19940319000000.nc
1994,SH,23,1994-03-17T18:00:00,1994-04-02T00:00:00,TCPRIMED_v01r01-final_SH231994_env_s19940317180000_e19940402000000.nc
1994,SH,24,1994-03-19T00:00:00,1994-03-26T06:00:00,TCPRIMED_v01r01-final_SH241994_env_s19940319000000_e19940326060000.nc
1994,SH,25,1994-03-22T00:00:00,1994-03-29T06:00:00,TCPRIMED_v01r01-final_SH251994_env_s19940322000000_e19940329060000.nc
1994,SH,26,1994-03-26T18:00:00,1994-04-14T06:00:00,TCPRIMED_v01r01-final_SH261994_env_s19940326180000_e19940414060000.nc
1994,SH,27,1994-03-28T18:00:00,1994-04-02T06:00:00,TCPRIMED_v01r01-final_SH271994_env_s19940328180000_e19940402060000.nc
1994,SH,28,1994-04-05T00:00:00,1994-04-13T06:00:00,TCPRIMED_v01r01-final_SH281994_env_s19940405000000_e19940413060000.nc
1994,SH,29,1994-04-20T06:00:00,1994-04-25T06:00:00,TCPRIMED_v01r01-final_SH291994_env_s19940420060000_e19940425060000.nc
1994,SH,30,1994-04-26T00:00:00,1994-05-01T00:00:00,TCPRIMED_v01r01-final_SH301994_env_s19940426000000_e19940501000000.nc
1994,WP,1,1994-01-01T06:00:00,1994-01-06T12:00:00,TCPRIMED_v01r01-final_WP011994_env_s19940101060000_e19940106120000.nc
1994,WP,2,1994-03-28T18:00:00,1994-04-09T06:00:00,TCPRIMED_v01r01-final_WP021994_env_s19940328180000_e19940409060000.nc
1994,WP,3,1994-05-08T00:00:00,1994-05-18T06:00:00,TCPRIMED_v01r01-final_WP031994_env_s19940508000000_e19940518060000.nc
1994,WP,4,1994-05-14T00:00:00,1994-05-27T00:00:00,TCPRIMED_v01r01-final_WP041994_env_s19940514000000_e19940527000000.nc
1994,WP,5,1994-06-02T06:00:00,1994-06-09T12:00:00,TCPRIMED_v01r01-final_WP051994_env_s19940602060000_e19940609120000.nc
1994,WP,6,1994-06-18T00:00:00,1994-06-25T18:00:00,TCPRIMED_v01r01-final_WP061994_env_s19940618000000_e19940625180000.nc
1994,WP,7,1994-06-29T12:00:00,1994-07-05T06:00:00,TCPRIMED_v01r01-final_WP071994_env_s19940629120000_e19940705060000.nc
1994,WP,8,1994-07-05T00:00:00,1994-07-12T00:00:00,TCPRIMED_v01r01-final_WP081994_env_s19940705000000_e19940712000000.nc
1994,WP,9,1994-07-08T00:00:00,1994-07-11T06:00:00,TCPRIMED_v01r01-final_WP091994_env_s19940708000000_e19940711060000.nc
1994,WP,10,1994-07-11T00:00:00,1994-07-28T06:00:00,TCPRIMED_v01r01-final_WP101994_env_s19940711000000_e19940728060000.nc
1994,WP,11,1994-07-16T06:00:00,1994-07-21T18:00:00,TCPRIMED_v01r01-final_WP111994_env_s19940716060000_e19940721180000.nc
1994,WP,12,1994-07-10T00:00:00,1994-07-25T12:00:00,TCPRIMED_v01r01-final_WP121994_env_s19940710000000_e19940725120000.nc
1994,WP,13,1994-07-23T12:00:00,1994-07-26T00:00:00,TCPRIMED_v01r01-final_WP131994_env_s19940723120000_e19940726000000.nc
1994,WP,14,1994-07-25T06:00:00,1994-08-03T06:00:00,TCPRIMED_v01r01-final_WP141994_env_s19940725060000_e19940803060000.nc
1994,WP,15,1994-07-27T00:00:00,1994-07-31T12:00:00,TCPRIMED_v01r01-final_WP151994_env_s19940727000000_e19940731120000.nc
1994,WP,16,1994-07-29T00:00:00,1994-08-05T00:00:00,TCPRIMED_v01r01-final_WP161994_env_s19940729000000_e19940805000000.nc
1994,WP,17,1994-07-30T00:00:00,1994-08-13T06:00:00,TCPRIMED_v01r01-final_WP171994_env_s19940730000000_e19940813060000.nc
1994,WP,18,1994-08-03T00:00:00,1994-08-16T12:00:00,TCPRIMED_v01r01-final_WP181994_env_s19940803000000_e19940816120000.nc
1994,WP,19,1994-08-12T00:00:00,1994-08-22T18:00:00,TCPRIMED_v01r01-final_WP191994_env_s19940812000000_e19940822180000.nc
1994,WP,20,1994-08-19T00:00:00,1994-09-02T18:00:00,TCPRIMED_v01r01-final_WP201994_env_s19940819000000_e19940902180000.nc
1994,WP,21,1994-08-20T00:00:00,1994-08-29T12:00:00,TCPRIMED_v01r01-final_WP211994_env_s19940820000000_e19940829120000.nc
1994,WP,22,1994-08-24T18:00:00,1994-09-04T06:00:00,TCPRIMED_v01r01-final_WP221994_env_s19940824180000_e19940904060000.nc
1994,WP,23,1994-08-30T00:00:00,1994-09-08T12:00:00,TCPRIMED_v01r01-final_WP231994_env_s19940830000000_e19940908120000.nc
1994,WP,24,1994-09-01T00:00:00,1994-09-12T18:00:00,TCPRIMED_v01r01-final_WP241994_env_s19940901000000_e19940912180000.nc
1994,WP,25,1994-09-06T06:00:00,1994-09-14T18:00:00,TCPRIMED_v01r01-final_WP251994_env_s19940906060000_e19940914180000.nc
1994,WP,26,1994-09-08T00:00:00,1994-09-19T18:00:00,TCPRIMED_v01r01-final_WP261994_env_s19940908000000_e19940919180000.nc
1994,WP,27,1994-09-14T00:00:00,1994-09-23T00:00:00,TCPRIMED_v01r01-final_WP271994_env_s19940914000000_e19940923000000.nc
1994,WP,28,1994-09-16T00:00:00,1994-10-01T12:00:00,TCPRIMED_v01r01-final_WP281994_env_s19940916000000_e19941001120000.nc
1994,WP,29,1994-09-19T12:00:00,1994-09-29T12:00:00,TCPRIMED_v01r01-final_WP291994_env_s19940919120000_e19940929120000.nc
1994,WP,30,1994-09-22T00:00:00,1994-09-29T12:00:00,TCPRIMED_v01r01-final_WP301994_env_s19940922000000_e19940929120000.nc
1994,WP,31,1994-09-28T00:00:00,1994-10-06T06:00:00,TCPRIMED_v01r01-final_WP311994_env_s19940928000000_e19941006060000.nc
1994,WP,32,1994-09-30T06:00:00,1994-10-13T00:00:00,TCPRIMED_v01r01-final_WP321994_env_s19940930060000_e19941013000000.nc
1994,WP,33,1994-10-13T12:00:00,1994-11-04T00:00:00,TCPRIMED_v01r01-final_WP331994_env_s19941013120000_e19941104000000.nc
1994,WP,34,1994-10-14T00:00:00,1994-10-27T00:00:00,TCPRIMED_v01r01-final_WP341994_env_s19941014000000_e19941027000000.nc
1994,WP,35,1994-10-18T00:00:00,1994-11-01T18:00:00,TCPRIMED_v01r01-final_WP351994_env_s19941018000000_e19941101180000.nc
1994,WP,36,1994-10-21T12:00:00,1994-10-27T06:00:00,TCPRIMED_v01r01-final_WP361994_env_s19941021120000_e19941027060000.nc
1994,WP,37,1994-10-25T00:00:00,1994-11-10T06:00:00,TCPRIMED_v01r01-final_WP371994_env_s19941025000000_e19941110060000.nc
1994,WP,38,1994-12-10T18:00:00,1994-12-26T12:00:00,TCPRIMED_v01r01-final_WP381994_env_s19941210180000_e19941226120000.nc
1994,WP,39,1994-12-14T00:00:00,1994-12-26T12:00:00,TCPRIMED_v01r01-final_WP391994_env_s19941214000000_e19941226120000.nc
1995,AL,1,1995-06-03T00:00:00,1995-06-11T00:00:00,TCPRIMED_v01r01-final_AL011995_env_s19950603000000_e19950611000000.nc
1995,AL,2,1995-07-05T06:00:00,1995-07-10T06:00:00,TCPRIMED_v01r01-final_AL021995_env_s19950705060000_e19950710060000.nc
1995,AL,3,1995-07-12T00:00:00,1995-07-22T00:00:00,TCPRIMED_v01r01-final_AL031995_env_s19950712000000_e19950722000000.nc
1995,AL,4,1995-07-28T18:00:00,1995-08-02T18:00:00,TCPRIMED_v01r01-final_AL041995_env_s19950728180000_e19950802180000.nc
1995,AL,5,1995-07-31T00:00:00,1995-08-06T12:00:00,TCPRIMED_v01r01-final_AL051995_env_s19950731000000_e19950806120000.nc
1995,AL,6,1995-08-05T18:00:00,1995-08-07T12:00:00,TCPRIMED_v01r01-final_AL061995_env_s19950805180000_e19950807120000.nc
1995,AL,7,1995-08-08T00:00:00,1995-08-25T00:00:00,TCPRIMED_v01r01-final_AL071995_env_s19950808000000_e19950825000000.nc
1995,AL,8,1995-08-09T18:00:00,1995-08-12T00:00:00,TCPRIMED_v01r01-final_AL081995_env_s19950809180000_e19950812000000.nc
1995,AL,9,1995-08-22T00:00:00,1995-09-01T00:00:00,TCPRIMED_v01r01-final_AL091995_env_s19950822000000_e19950901000000.nc
1995,AL,10,1995-08-22T12:00:00,1995-09-07T12:00:00,TCPRIMED_v01r01-final_AL101995_env_s19950822120000_e19950907120000.nc
1995,AL,11,1995-08-22T18:00:00,1995-08-28T00:00:00,TCPRIMED_v01r01-final_AL111995_env_s19950822180000_e19950828000000.nc
1995,AL,12,1995-08-26T12:00:00,1995-09-03T00:00:00,TCPRIMED_v01r01-final_AL121995_env_s19950826120000_e19950903000000.nc
1995,AL,13,1995-08-28T18:00:00,1995-09-12T18:00:00,TCPRIMED_v01r01-final_AL131995_env_s19950828180000_e19950912180000.nc
1995,AL,14,1995-09-09T12:00:00,1995-09-13T12:00:00,TCPRIMED_v01r01-final_AL141995_env_s19950909120000_e19950913120000.nc
1995,AL,15,1995-09-12T18:00:00,1995-10-01T18:00:00,TCPRIMED_v01r01-final_AL151995_env_s19950912180000_e19951001180000.nc
1995,AL,16,1995-09-26T18:00:00,1995-10-07T18:00:00,TCPRIMED_v01r01-final_AL161995_env_s19950926180000_e19951007180000.nc
1995,AL,17,1995-09-27T18:00:00,1995-10-06T18:00:00,TCPRIMED_v01r01-final_AL171995_env_s19950927180000_e19951006180000.nc
1995,AL,18,1995-10-04T18:00:00,1995-10-08T12:00:00,TCPRIMED_v01r01-final_AL181995_env_s19951004180000_e19951008120000.nc
1995,AL,19,1995-10-07T18:00:00,1995-10-21T00:00:00,TCPRIMED_v01r01-final_AL191995_env_s19951007180000_e19951021000000.nc
1995,AL,20,1995-10-20T12:00:00,1995-10-25T00:00:00,TCPRIMED_v01r01-final_AL201995_env_s19951020120000_e19951025000000.nc
1995,AL,21,1995-10-27T00:00:00,1995-11-03T00:00:00,TCPRIMED_v01r01-final_AL211995_env_s19951027000000_e19951103000000.nc
1995,EP,1,1995-05-21T06:00:00,1995-05-23T00:00:00,TCPRIMED_v01r01-final_EP011995_env_s19950521060000_e19950523000000.nc
1995,EP,2,1995-06-15T12:00:00,1995-06-21T06:00:00,TCPRIMED_v01r01-final_EP021995_env_s19950615120000_e19950621060000.nc
1995,EP,3,1995-07-07T18:00:00,1995-07-18T00:00:00,TCPRIMED_v01r01-final_EP031995_env_s19950707180000_e19950718000000.nc
1995,EP,4,1995-07-17T00:00:00,1995-07-22T00:00:00,TCPRIMED_v01r01-final_EP041995_env_s19950717000000_e19950722000000.nc
1995,EP,5,1995-07-24T12:00:00,1995-08-02T06:00:00,TCPRIMED_v01r01-final_EP051995_env_s19950724120000_e19950802060000.nc
1995,EP,6,1995-08-01T18:00:00,1995-08-08T00:00:00,TCPRIMED_v01r01-final_EP061995_env_s19950801180000_e19950808000000.nc
1995,EP,7,1995-08-07T12:00:00,1995-08-14T00:00:00,TCPRIMED_v01r01-final_EP071995_env_s19950807120000_e19950814000000.nc
1995,EP,8,1995-08-20T18:00:00,1995-08-27T12:00:00,TCPRIMED_v01r01-final_EP081995_env_s19950820180000_e19950827120000.nc
1995,EP,9,1995-09-01T00:00:00,1995-09-08T00:00:00,TCPRIMED_v01r01-final_EP091995_env_s19950901000000_e19950908000000.nc
1995,EP,10,1995-09-12T18:00:00,1995-09-15T18:00:00,TCPRIMED_v01r01-final_EP101995_env_s19950912180000_e19950915180000.nc
1995,EP,11,1995-09-16T18:00:00,1995-09-26T18:00:00,TCPRIMED_v01r01-final_EP111995_env_s19950916180000_e19950926180000.nc
1995,IO,1,1995-09-12T00:00:00,1995-09-20T00:00:00,TCPRIMED_v01r01-final_IO011995_env_s19950912000000_e19950920000000.nc
1995,IO,2,1995-10-11T00:00:00,1995-10-18T12:00:00,TCPRIMED_v01r01-final_IO021995_env_s19951011000000_e19951018120000.nc
1995,IO,3,1995-11-05T12:00:00,1995-11-10T18:00:00,TCPRIMED_v01r01-final_IO031995_env_s19951105120000_e19951110180000.nc
1995,IO,4,1995-11-18T18:00:00,1995-11-25T18:00:00,TCPRIMED_v01r01-final_IO041995_env_s19951118180000_e19951125180000.nc
1995,SH,1,1994-11-10T18:00:00,1994-11-19T06:00:00,TCPRIMED_v01r01-final_SH011995_env_s19941110180000_e19941119060000.nc
1995,SH,2,1994-11-21T06:00:00,1994-12-02T06:00:00,TCPRIMED_v01r01-final_SH021995_env_s19941121060000_e19941202060000.nc
1995,SH,3,1994-12-10T00:00:00,1994-12-20T00:00:00,TCPRIMED_v01r01-final_SH031995_env_s19941210000000_e19941220000000.nc
1995,SH,4,1994-12-13T06:00:00,1994-12-17T00:00:00,TCPRIMED_v01r01-final_SH041995_env_s19941213060000_e19941217000000.nc
1995,SH,5,1994-12-30T00:00:00,1995-01-03T18:00:00,TCPRIMED_v01r01-final_SH051995_env_s19941230000000_e19950103180000.nc
1995,SH,6,1994-12-30T12:00:00,1995-01-06T12:00:00,TCPRIMED_v01r01-final_SH061995_env_s19941230120000_e19950106120000.nc
1995,SH,7,1995-01-04T18:00:00,1995-01-09T18:00:00,TCPRIMED_v01r01-final_SH071995_env_s19950104180000_e19950109180000.nc
1995,SH,8,1995-01-16T18:00:00,1995-01-30T12:00:00,TCPRIMED_v01r01-final_SH081995_env_s19950116180000_e19950130120000.nc
1995,SH,9,1995-01-19T12:00:00,1995-01-27T06:00:00,TCPRIMED_v01r01-final_SH091995_env_s19950119120000_e19950127060000.nc
1995,SH,10,1995-01-31T18:00:00,1995-02-12T12:00:00,TCPRIMED_v01r01-final_SH101995_env_s19950131180000_e19950212120000.nc
1995,SH,11,1995-01-31T18:00:00,1995-02-08T00:00:00,TCPRIMED_v01r01-final_SH111995_env_s19950131180000_e19950208000000.nc
1995,SH,12,1995-02-18T00:00:00,1995-02-27T12:00:00,TCPRIMED_v01r01-final_SH121995_env_s19950218000000_e19950227120000.nc
1995,SH,13,1995-02-21T18:00:00,1995-03-02T00:00:00,TCPRIMED_v01r01-final_SH131995_env_s19950221180000_e19950302000000.nc
1995,SH,14,1995-02-28T00:00:00,1995-03-07T12:00:00,TCPRIMED_v01r01-final_SH141995_env_s19950228000000_e19950307120000.nc
1995,SH,15,1995-03-03T12:00:00,1995-03-07T00:00:00,TCPRIMED_v01r01-final_SH151995_env_s19950303120000_e19950307000000.nc
1995,SH,16,1995-03-04T18:00:00,1995-03-12T18:00:00,TCPRIMED_v01r01-final_SH161995_env_s19950304180000_e19950312180000.nc
1995,SH,17,1995-03-04T18:00:00,1995-03-15T06:00:00,TCPRIMED_v01r01-final_SH171995_env_s19950304180000_e19950315060000.nc
1995,SH,18,1995-03-15T06:00:00,1995-03-17T12:00:00,TCPRIMED_v01r01-final_SH181995_env_s19950315060000_e19950317120000.nc
1995,SH,19,1995-03-28T18:00:00,1995-04-11T00:00:00,TCPRIMED_v01r01-final_SH191995_env_s19950328180000_e19950411000000.nc
1995,SH,20,1995-04-01T00:00:00,1995-04-06T00:00:00,TCPRIMED_v01r01-final_SH201995_env_s19950401000000_e19950406000000.nc
1995,SH,21,1995-03-29T18:00:00,1995-04-09T06:00:00,TCPRIMED_v01r01-final_SH211995_env_s19950329180000_e19950409060000.nc
1995,SH,22,1995-04-15T12:00:00,1995-04-23T12:00:00,TCPRIMED_v01r01-final_SH221995_env_s19950415120000_e19950423120000.nc
1995,WP,1,1995-01-04T12:00:00,1995-01-09T06:00:00,TCPRIMED_v01r01-final_WP011995_env_s19950104120000_e19950109060000.nc
1995,WP,2,1995-04-23T00:00:00,1995-05-06T00:00:00,TCPRIMED_v01r01-final_WP021995_env_s19950423000000_e19950506000000.nc
1995,WP,3,1995-05-28T00:00:00,1995-06-09T18:00:00,TCPRIMED_v01r01-final_WP031995_env_s19950528000000_e19950609180000.nc
1995,WP,4,1995-05-30T00:00:00,1995-06-09T06:00:00,TCPRIMED_v01r01-final_WP041995_env_s19950530000000_e19950609060000.nc
1995,WP,5,1995-07-12T06:00:00,1995-07-25T06:00:00,TCPRIMED_v01r01-final_WP051995_env_s19950712060000_e19950725060000.nc
1995,WP,6,1995-07-25T06:00:00,1995-07-29T06:00:00,TCPRIMED_v01r01-final_WP061995_env_s19950725060000_e19950729060000.nc
1995,WP,7,1995-07-27T06:00:00,1995-07-31T18:00:00,TCPRIMED_v01r01-final_WP071995_env_s19950727060000_e19950731180000.nc
1995,WP,8,1995-08-03T00:00:00,1995-08-13T00:00:00,TCPRIMED_v01r01-final_WP081995_env_s19950803000000_e19950813000000.nc
1995,WP,9,1995-08-13T06:00:00,1995-08-21T00:00:00,TCPRIMED_v01r01-final_WP091995_env_s19950813060000_e19950821000000.nc
1995,WP,10,1995-08-17T00:00:00,1995-08-30T00:00:00,TCPRIMED_v01r01-final_WP101995_env_s19950817000000_e19950830000000.nc
1995,WP,11,1995-08-21T00:00:00,1995-08-23T06:00:00,TCPRIMED_v01r01-final_WP111995_env_s19950821000000_e19950823060000.nc
1995,WP,12,1995-08-24T00:00:00,1995-09-01T18:00:00,TCPRIMED_v01r01-final_WP121995_env_s19950824000000_e19950901180000.nc
1995,WP,13,1995-08-21T06:00:00,1995-08-31T00:00:00,TCPRIMED_v01r01-final_WP131995_env_s19950821060000_e19950831000000.nc
1995,WP,14,1995-08-28T06:00:00,1995-09-02T18:00:00,TCPRIMED_v01r01-final_WP141995_env_s19950828060000_e19950902180000.nc
1995,WP,15,1995-09-01T00:00:00,1995-09-08T00:00:00,TCPRIMED_v01r01-final_WP151995_env_s19950901000000_e19950908000000.nc
1995,WP,16,1995-09-03T12:00:00,1995-09-11T18:00:00,TCPRIMED_v01r01-final_WP161995_env_s19950903120000_e19950911180000.nc
1995,WP,17,1995-09-07T06:00:00,1995-09-18T12:00:00,TCPRIMED_v01r01-final_WP171995_env_s19950907060000_e19950918120000.nc
1995,WP,18,1995-09-09T00:00:00,1995-09-24T00:00:00,TCPRIMED_v01r01-final_WP181995_env_s19950909000000_e19950924000000.nc
1995,WP,19,1995-09-14T12:00:00,1995-09-24T18:00:00,TCPRIMED_v01r01-final_WP191995_env_s19950914120000_e19950924180000.nc
1995,WP,20,1995-09-21T06:00:00,1995-10-04T12:00:00,TCPRIMED_v01r01-final_WP201995_env_s19950921060000_e19951004120000.nc
1995,WP,21,1995-09-19T00:00:00,1995-09-29T00:00:00,TCPRIMED_v01r01-final_WP211995_env_s19950919000000_e19950929000000.nc
1995,WP,22,1995-09-27T18:00:00,1995-10-04T06:00:00,TCPRIMED_v01r01-final_WP221995_env_s19950927180000_e19951004060000.nc
1995,WP,23,1995-10-03T06:00:00,1995-10-07T12:00:00,TCPRIMED_v01r01-final_WP231995_env_s19951003060000_e19951007120000.nc
1995,WP,24,1995-10-03T12:00:00,1995-10-14T12:00:00,TCPRIMED_v01r01-final_WP241995_env_s19951003120000_e19951014120000.nc
1995,WP,25,1995-10-05T18:00:00,1995-10-17T12:00:00,TCPRIMED_v01r01-final_WP251995_env_s19951005180000_e19951017120000.nc
1995,WP,26,1995-10-13T18:00:00,1995-10-23T12:00:00,TCPRIMED_v01r01-final_WP261995_env_s19951013180000_e19951023120000.nc
1995,WP,27,1995-10-18T12:00:00,1995-10-27T18:00:00,TCPRIMED_v01r01-final_WP271995_env_s19951018120000_e19951027180000.nc
1995,WP,28,1995-10-21T00:00:00,1995-11-02T06:00:00,TCPRIMED_v01r01-final_WP281995_env_s19951021000000_e19951102060000.nc
1995,WP,29,1995-10-20T06:00:00,1995-11-07T12:00:00,TCPRIMED_v01r01-final_WP291995_env_s19951020060000_e19951107120000.nc
1995,WP,30,1995-10-29T00:00:00,1995-11-04T18:00:00,TCPRIMED_v01r01-final_WP301995_env_s19951029000000_e19951104180000.nc
1995,WP,31,1995-11-10T06:00:00,1995-11-13T06:00:00,TCPRIMED_v01r01-final_WP311995_env_s19951110060000_e19951113060000.nc
1995,WP,32,1995-11-30T00:00:00,1995-12-05T12:00:00,TCPRIMED_v01r01-final_WP321995_env_s19951130000000_e19951205120000.nc
1995,WP,34,1995-12-07T00:00:00,1995-12-14T12:00:00,TCPRIMED_v01r01-final_WP341995_env_s19951207000000_e19951214120000.nc
1995,WP,35,1995-12-23T06:00:00,1995-12-31T06:00:00,TCPRIMED_v01r01-final_WP351995_env_s19951223060000_e19951231060000.nc
1996,AL,1,1996-06-17T18:00:00,1996-06-23T00:00:00,TCPRIMED_v01r01-final_AL011996_env_s19960617180000_e19960623000000.nc
1996,AL,2,1996-07-05T00:00:00,1996-07-17T06:00:00,TCPRIMED_v01r01-final_AL021996_env_s19960705000000_e19960717060000.nc
1996,AL,3,1996-07-24T18:00:00,1996-07-28T18:00:00,TCPRIMED_v01r01-final_AL031996_env_s19960724180000_e19960728180000.nc
1996,AL,4,1996-08-19T06:00:00,1996-08-25T00:00:00,TCPRIMED_v01r01-final_AL041996_env_s19960819060000_e19960825000000.nc
1996,AL,5,1996-08-19T18:00:00,1996-09-06T18:00:00,TCPRIMED_v01r01-final_AL051996_env_s19960819180000_e19960906180000.nc
1996,AL,6,1996-08-23T12:00:00,1996-09-10T00:00:00,TCPRIMED_v01r01-final_AL061996_env_s19960823120000_e19960910000000.nc
1996,AL,7,1996-08-26T00:00:00,1996-09-02T00:00:00,TCPRIMED_v01r01-final_AL071996_env_s19960826000000_e19960902000000.nc
1996,AL,8,1996-09-03T12:00:00,1996-09-16T06:00:00,TCPRIMED_v01r01-final_AL081996_env_s19960903120000_e19960916060000.nc
1996,AL,9,1996-09-24T12:00:00,1996-10-02T12:00:00,TCPRIMED_v01r01-final_AL091996_env_s19960924120000_e19961002120000.nc
1996,AL,10,1996-10-04T18:00:00,1996-10-16T00:00:00,TCPRIMED_v01r01-final_AL101996_env_s19961004180000_e19961016000000.nc
1996,AL,11,1996-10-11T12:00:00,1996-10-12T18:00:00,TCPRIMED_v01r01-final_AL111996_env_s19961011120000_e19961012180000.nc
1996,AL,12,1996-10-14T12:00:00,1996-10-29T00:00:00,TCPRIMED_v01r01-final_AL121996_env_s19961014120000_e19961029000000.nc
1996,AL,13,1996-11-13T12:00:00,1996-11-26T18:00:00,TCPRIMED_v01r01-final_AL131996_env_s19961113120000_e19961126180000.nc
1996,CP,1,1996-09-16T00:00:00,1996-09-20T18:00:00,TCPRIMED_v01r01-final_CP011996_env_s19960916000000_e19960920180000.nc
1996,EP,1,1996-05-13T06:00:00,1996-05-16T18:00:00,TCPRIMED_v01r01-final_EP011996_env_s19960513060000_e19960516180000.nc
1996,EP,2,1996-05-15T12:00:00,1996-05-19T00:00:00,TCPRIMED_v01r01-final_EP021996_env_s19960515120000_e19960519000000.nc
1996,EP,3,1996-06-20T00:00:00,1996-06-27T06:00:00,TCPRIMED_v01r01-final_EP031996_env_s19960620000000_e19960627060000.nc
1996,EP,4,1996-06-27T00:00:00,1996-07-01T12:00:00,TCPRIMED_v01r01-final_EP041996_env_s19960627000000_e19960701120000.nc
1996,EP,5,1996-07-01T12:00:00,1996-07-03T18:00:00,TCPRIMED_v01r01-final_EP051996_env_s19960701120000_e19960703180000.nc
1996,EP,6,1996-07-04T18:00:00,1996-07-06T00:00:00,TCPRIMED_v01r01-final_EP061996_env_s19960704180000_e19960706000000.nc
1996,EP,7,1996-07-29T00:00:00,1996-08-06T00:00:00,TCPRIMED_v01r01-final_EP071996_env_s19960729000000_e19960806000000.nc
1996,EP,8,1996-08-30T12:00:00,1996-09-06T12:00:00,TCPRIMED_v01r01-final_EP081996_env_s19960830120000_e19960906120000.nc
1996,EP,9,1996-09-10T00:00:00,1996-09-14T18:00:00,TCPRIMED_v01r01-final_EP091996_env_s19960910000000_e19960914180000.nc
1996,EP,10,1996-09-27T18:00:00,1996-10-09T00:00:00,TCPRIMED_v01r01-final_EP101996_env_s19960927180000_e19961009000000.nc
1996,EP,11,1996-09-30T06:00:00,1996-10-04T18:00:00,TCPRIMED_v01r01-final_EP111996_env_s19960930060000_e19961004180000.nc
1996,EP,12,1996-11-07T00:00:00,1996-11-11T12:00:00,TCPRIMED_v01r01-final_EP121996_env_s19961107000000_e19961111120000.nc
1996,IO,1,1996-05-01T06:00:00,1996-05-08T18:00:00,TCPRIMED_v01r01-final_IO011996_env_s19960501060000_e19960508180000.nc
1996,IO,2,1996-06-09T00:00:00,1996-06-12T12:00:00,TCPRIMED_v01r01-final_IO021996_env_s19960609000000_e19960612120000.nc
1996,IO,3,1996-06-11T00:00:00,1996-06-18T18:00:00,TCPRIMED_v01r01-final_IO031996_env_s19960611000000_e19960618180000.nc
1996,IO,4,1996-06-15T00:00:00,1996-06-25T12:00:00,TCPRIMED_v01r01-final_IO041996_env_s19960615000000_e19960625120000.nc
1996,IO,5,1996-10-14T00:00:00,1996-11-02T06:00:00,TCPRIMED_v01r01-final_IO051996_env_s19961014000000_e19961102060000.nc
1996,IO,6,1996-10-21T18:00:00,1996-10-29T06:00:00,TCPRIMED_v01r01-final_IO061996_env_s19961021180000_e19961029060000.nc
1996,IO,7,1996-11-01T00:00:00,1996-11-07T18:00:00,TCPRIMED_v01r01-final_IO071996_env_s19961101000000_e19961107180000.nc
1996,IO,8,1996-11-26T12:00:00,1996-12-07T12:00:00,TCPRIMED_v01r01-final_IO081996_env_s19961126120000_e19961207120000.nc
1996,SH,1,1995-11-15T00:00:00,1995-11-25T12:00:00,TCPRIMED_v01r01-final_SH011996_env_s19951115000000_e19951125120000.nc
1996,SH,2,1995-12-03T00:00:00,1995-12-15T06:00:00,TCPRIMED_v01r01-final_SH021996_env_s19951203000000_e19951215060000.nc
1996,SH,3,1995-12-06T00:00:00,1995-12-14T00:00:00,TCPRIMED_v01r01-final_SH031996_env_s19951206000000_e19951214000000.nc
1996,SH,4,1995-12-14T00:00:00,1995-12-21T18:00:00,TCPRIMED_v01r01-final_SH041996_env_s19951214000000_e19951221180000.nc
1996,SH,5,1996-01-02T06:00:00,1996-01-09T12:00:00,TCPRIMED_v01r01-final_SH051996_env_s19960102060000_e19960109120000.nc
1996,SH,6,1995-12-31T18:00:00,1996-01-15T06:00:00,TCPRIMED_v01r01-final_SH061996_env_s19951231180000_e19960115060000.nc
1996,SH,7,1996-01-07T00:00:00,1996-01-12T00:00:00,TCPRIMED_v01r01-final_SH071996_env_s19960107000000_e19960112000000.nc
1996,SH,8,1996-01-15T00:00:00,1996-01-19T00:00:00,TCPRIMED_v01r01-final_SH081996_env_s19960115000000_e19960119000000.nc
1996,SH,9,1996-01-21T00:00:00,1996-01-30T18:00:00,TCPRIMED_v01r01-final_SH091996_env_s19960121000000_e19960130180000.nc
1996,SH,10,1996-01-25T12:00:00,1996-02-08T12:00:00,TCPRIMED_v01r01-final_SH101996_env_s19960125120000_e19960208120000.nc
1996,SH,11,1996-01-25T00:00:00,1996-01-31T18:00:00,TCPRIMED_v01r01-final_SH111996_env_s19960125000000_e19960131180000.nc
1996,SH,12,1996-02-05T18:00:00,1996-02-10T12:00:00,TCPRIMED_v01r01-final_SH121996_env_s19960205180000_e19960210120000.nc
1996,SH,13,1996-02-10T18:00:00,1996-02-20T00:00:00,TCPRIMED_v01r01-final_SH131996_env_s19960210180000_e19960220000000.nc
1996,SH,14,1996-02-11T18:00:00,1996-02-19T12:00:00,TCPRIMED_v01r01-final_SH141996_env_s19960211180000_e19960219120000.nc
1996,SH,15,1996-02-14T18:00:00,1996-02-17T12:00:00,TCPRIMED_v01r01-final_SH151996_env_s19960214180000_e19960217120000.nc
1996,SH,16,1996-02-18T00:00:00,1996-02-29T18:00:00,TCPRIMED_v01r01-final_SH161996_env_s19960218000000_e19960229180000.nc
1996,SH,17,1996-02-26T00:00:00,1996-03-04T12:00:00,TCPRIMED_v01r01-final_SH171996_env_s19960226000000_e19960304120000.nc
1996,SH,18,1996-03-06T06:00:00,1996-03-14T12:00:00,TCPRIMED_v01r01-final_SH181996_env_s19960306060000_e19960314120000.nc
1996,SH,19,1996-03-07T06:00:00,1996-03-17T00:00:00,TCPRIMED_v01r01-final_SH191996_env_s19960307060000_e19960317000000.nc
1996,SH,20,1996-03-09T06:00:00,1996-03-11T12:00:00,TCPRIMED_v01r01-final_SH201996_env_s19960309060000_e19960311120000.nc
1996,SH,21,1996-03-04T06:00:00,1996-03-14T00:00:00,TCPRIMED_v01r01-final_SH211996_env_s19960304060000_e19960314000000.nc
1996,SH,22,1996-03-17T18:00:00,1996-03-23T18:00:00,TCPRIMED_v01r01-final_SH221996_env_s19960317180000_e19960323180000.nc
1996,SH,23,1996-03-19T06:00:00,1996-03-30T06:00:00,TCPRIMED_v01r01-final_SH231996_env_s19960319060000_e19960330060000.nc
1996,SH,24,1996-04-02T00:00:00,1996-04-11T06:00:00,TCPRIMED_v01r01-final_SH241996_env_s19960402000000_e19960411060000.nc
1996,SH,25,1996-04-03T12:00:00,1996-04-12T00:00:00,TCPRIMED_v01r01-final_SH251996_env_s19960403120000_e19960412000000.nc
1996,SH,26,1996-04-06T12:00:00,1996-04-18T12:00:00,TCPRIMED_v01r01-final_SH261996_env_s19960406120000_e19960418120000.nc
1996,SH,27,1996-04-12T00:00:00,1996-04-19T18:00:00,TCPRIMED_v01r01-final_SH271996_env_s19960412000000_e19960419180000.nc
1996,SH,28,1996-04-30T18:00:00,1996-05-06T18:00:00,TCPRIMED_v01r01-final_SH281996_env_s19960430180000_e19960506180000.nc
1996,WP,1,1996-02-23T06:00:00,1996-03-02T00:00:00,TCPRIMED_v01r01-final_WP011996_env_s19960223060000_e19960302000000.nc
1996,WP,2,1996-03-29T18:00:00,1996-04-11T18:00:00,TCPRIMED_v01r01-final_WP021996_env_s19960329180000_e19960411180000.nc
1996,WP,3,1996-04-25T00:00:00,1996-04-26T06:00:00,TCPRIMED_v01r01-final_WP031996_env_s19960425000000_e19960426060000.nc
1996,WP,4,1996-05-07T00:00:00,1996-05-19T12:00:00,TCPRIMED_v01r01-final_WP041996_env_s19960507000000_e19960519120000.nc
1996,WP,5,1996-05-16T00:00:00,1996-05-24T00:00:00,TCPRIMED_v01r01-final_WP051996_env_s19960516000000_e19960524000000.nc
1996,WP,6,1996-07-03T12:00:00,1996-07-15T00:00:00,TCPRIMED_v01r01-final_WP061996_env_s19960703120000_e19960715000000.nc
1996,WP,7,1996-07-10T06:00:00,1996-07-27T18:00:00,TCPRIMED_v01r01-final_WP071996_env_s19960710060000_e19960727180000.nc
1996,WP,8,1996-07-19T12:00:00,1996-07-25T12:00:00,TCPRIMED_v01r01-final_WP081996_env_s19960719120000_e19960725120000.nc
1996,WP,9,1996-07-19T00:00:00,1996-07-27T18:00:00,TCPRIMED_v01r01-final_WP091996_env_s19960719000000_e19960727180000.nc
1996,WP,10,1996-07-21T06:00:00,1996-08-03T12:00:00,TCPRIMED_v01r01-final_WP101996_env_s19960721060000_e19960803120000.nc
1996,WP,11,1996-07-27T06:00:00,1996-08-01T06:00:00,TCPRIMED_v01r01-final_WP111996_env_s19960727060000_e19960801060000.nc
1996,WP,12,1996-07-25T12:00:00,1996-08-06T00:00:00,TCPRIMED_v01r01-final_WP121996_env_s19960725120000_e19960806000000.nc
1996,WP,13,1996-07-28T00:00:00,1996-08-16T12:00:00,TCPRIMED_v01r01-final_WP131996_env_s19960728000000_e19960816120000.nc
1996,WP,14,1996-08-04T00:00:00,1996-08-08T00:00:00,TCPRIMED_v01r01-final_WP141996_env_s19960804000000_e19960808000000.nc
1996,WP,15,1996-08-10T06:00:00,1996-08-17T06:00:00,TCPRIMED_v01r01-final_WP151996_env_s19960810060000_e19960817060000.nc
1996,WP,16,1996-08-11T12:00:00,1996-08-17T00:00:00,TCPRIMED_v01r01-final_WP161996_env_s19960811120000_e19960817000000.nc
1996,WP,17,1996-08-13T12:00:00,1996-08-17T00:00:00,TCPRIMED_v01r01-final_WP171996_env_s19960813120000_e19960817000000.nc
1996,WP,18,1996-08-13T12:00:00,1996-08-23T12:00:00,TCPRIMED_v01r01-final_WP181996_env_s19960813120000_e19960823120000.nc
1996,WP,19,1996-08-14T00:00:00,1996-09-04T18:00:00,TCPRIMED_v01r01-final_WP191996_env_s19960814000000_e19960904180000.nc
1996,WP,20,1996-08-19T00:00:00,1996-08-26T18:00:00,TCPRIMED_v01r01-final_WP201996_env_s19960819000000_e19960826180000.nc
1996,WP,21,1996-08-24T12:00:00,1996-08-30T00:00:00,TCPRIMED_v01r01-final_WP211996_env_s19960824120000_e19960830000000.nc
1996,WP,22,1996-08-27T00:00:00,1996-09-03T00:00:00,TCPRIMED_v01r01-final_WP221996_env_s19960827000000_e19960903000000.nc
1996,WP,23,1996-09-02T00:00:00,1996-09-10T12:00:00,TCPRIMED_v01r01-final_WP231996_env_s19960902000000_e19960910120000.nc
1996,WP,24,1996-09-06T00:00:00,1996-09-14T12:00:00,TCPRIMED_v01r01-final_WP241996_env_s19960906000000_e19960914120000.nc
1996,WP,25,1996-09-08T06:00:00,1996-09-22T12:00:00,TCPRIMED_v01r01-final_WP251996_env_s19960908060000_e19960922120000.nc
1996,WP,26,1996-09-09T18:00:00,1996-09-25T00:00:00,TCPRIMED_v01r01-final_WP261996_env_s19960909180000_e19960925000000.nc
1996,WP,27,1996-09-16T00:00:00,1996-09-23T12:00:00,TCPRIMED_v01r01-final_WP271996_env_s19960916000000_e19960923120000.nc
1996,WP,28,1996-09-17T06:00:00,1996-10-03T12:00:00,TCPRIMED_v01r01-final_WP281996_env_s19960917060000_e19961003120000.nc
1996,WP,29,1996-09-20T18:00:00,1996-10-06T00:00:00,TCPRIMED_v01r01-final_WP291996_env_s19960920180000_e19961006000000.nc
1996,WP,30,1996-10-09T06:00:00,1996-10-17T12:00:00,TCPRIMED_v01r01-final_WP301996_env_s19961009060000_e19961017120000.nc
1996,WP,31,1996-10-10T00:00:00,1996-10-18T06:00:00,TCPRIMED_v01r01-final_WP311996_env_s19961010000000_e19961018060000.nc
1996,WP,32,1996-10-07T12:00:00,1996-10-22T18:00:00,TCPRIMED_v01r01-final_WP321996_env_s19961007120000_e19961022180000.nc
1996,WP,33,1996-10-17T00:00:00,1996-10-27T00:00:00,TCPRIMED_v01r01-final_WP331996_env_s19961017000000_e19961027000000.nc
1996,WP,34,1996-10-24T12:00:00,1996-10-31T18:00:00,TCPRIMED_v01r01-final_WP341996_env_s19961024120000_e19961031180000.nc
1996,WP,35,1996-10-31T06:00:00,1996-11-04T06:00:00,TCPRIMED_v01r01-final_WP351996_env_s19961031060000_e19961104060000.nc
1996,WP,36,1996-11-02T00:00:00,1996-11-14T06:00:00,TCPRIMED_v01r01-final_WP361996_env_s19961102000000_e19961114060000.nc
1996,WP,37,1996-10-29T00:00:00,1996-11-18T06:00:00,TCPRIMED_v01r01-final_WP371996_env_s19961029000000_e19961118060000.nc
1996,WP,38,1996-11-04T06:00:00,1996-11-12T00:00:00,TCPRIMED_v01r01-final_WP381996_env_s19961104060000_e19961112000000.nc
1996,WP,39,1996-11-06T12:00:00,1996-11-10T00:00:00,TCPRIMED_v01r01-final_WP391996_env_s19961106120000_e19961110000000.nc
1996,WP,40,1996-11-23T00:00:00,1996-12-02T00:00:00,TCPRIMED_v01r01-final_WP401996_env_s19961123000000_e19961202000000.nc
1996,WP,41,1996-12-12T18:00:00,1996-12-21T00:00:00,TCPRIMED_v01r01-final_WP411996_env_s19961212180000_e19961221000000.nc
1996,WP,42,1996-12-17T12:00:00,1996-12-31T12:00:00,TCPRIMED_v01r01-final_WP421996_env_s19961217120000_e19961231120000.nc
1996,WP,43,1996-12-21T06:00:00,1996-12-27T06:00:00,TCPRIMED_v01r01-final_WP431996_env_s19961221060000_e19961227060000.nc
1997,AL,1,1997-05-31T18:00:00,1997-06-02T18:00:00,TCPRIMED_v01r01-final_AL011997_env_s19970531180000_e19970602180000.nc
1997,AL,2,1997-06-30T12:00:00,1997-07-05T00:00:00,TCPRIMED_v01r01-final_AL021997_env_s19970630120000_e19970705000000.nc
1997,AL,3,1997-07-11T06:00:00,1997-07-13T06:00:00,TCPRIMED_v01r01-final_AL031997_env_s19970711060000_e19970713060000.nc
1997,AL,4,1997-07-13T00:00:00,1997-07-16T18:00:00,TCPRIMED_v01r01-final_AL041997_env_s19970713000000_e19970716180000.nc
1997,AL,5,1997-07-16T12:00:00,1997-07-27T12:00:00,TCPRIMED_v01r01-final_AL051997_env_s19970716120000_e19970727120000.nc
1997,AL,6,1997-07-17T06:00:00,1997-07-19T00:00:00,TCPRIMED_v01r01-final_AL061997_env_s19970717060000_e19970719000000.nc
1997,AL,7,1997-09-03T06:00:00,1997-09-19T18:00:00,TCPRIMED_v01r01-final_AL071997_env_s19970903060000_e19970919180000.nc
1997,AL,8,1997-10-04T18:00:00,1997-10-08T18:00:00,TCPRIMED_v01r01-final_AL081997_env_s19971004180000_e19971008180000.nc
1997,AL,9,1997-10-14T12:00:00,1997-10-17T12:00:00,TCPRIMED_v01r01-final_AL091997_env_s19971014120000_e19971017120000.nc
1997,CP,1,1997-07-26T12:00:00,1997-07-27T18:00:00,TCPRIMED_v01r01-final_CP011997_env_s19970726120000_e19970727180000.nc
1997,CP,2,1997-08-28T06:00:00,1997-09-17T06:00:00,TCPRIMED_v01r01-final_CP021997_env_s19970828060000_e19970917060000.nc
1997,CP,3,1997-10-05T12:00:00,1997-10-07T18:00:00,TCPRIMED_v01r01-final_CP031997_env_s19971005120000_e19971007180000.nc
1997,CP,4,1997-10-30T12:00:00,1997-11-01T06:00:00,TCPRIMED_v01r01-final_CP041997_env_s19971030120000_e19971101060000.nc
1997,CP,5,1997-11-28T18:00:00,1997-12-22T12:00:00,TCPRIMED_v01r01-final_CP051997_env_s19971128180000_e19971222120000.nc
1997,EP,1,1997-06-01T00:00:00,1997-06-07T00:00:00,TCPRIMED_v01r01-final_EP011997_env_s19970601000000_e19970607000000.nc
1997,EP,2,1997-06-09T18:00:00,1997-06-12T06:00:00,TCPRIMED_v01r01-final_EP021997_env_s19970609180000_e19970612060000.nc
1997,EP,3,1997-06-21T18:00:00,1997-06-24T00:00:00,TCPRIMED_v01r01-final_EP031997_env_s19970621180000_e19970624000000.nc
1997,EP,4,1997-06-25T06:00:00,1997-06-28T00:00:00,TCPRIMED_v01r01-final_EP041997_env_s19970625060000_e19970628000000.nc
1997,EP,5,1997-06-29T12:00:00,1997-07-04T00:00:00,TCPRIMED_v01r01-final_EP051997_env_s19970629120000_e19970704000000.nc
1997,EP,6,1997-07-05T12:00:00,1997-07-12T18:00:00,TCPRIMED_v01r01-final_EP061997_env_s19970705120000_e19970712180000.nc
1997,EP,7,1997-07-12T06:00:00,1997-07-16T18:00:00,TCPRIMED_v01r01-final_EP071997_env_s19970712060000_e19970716180000.nc
1997,EP,8,1997-07-14T12:00:00,1997-07-22T12:00:00,TCPRIMED_v01r01-final_EP081997_env_s19970714120000_e19970722120000.nc
1997,EP,9,1997-07-30T12:00:00,1997-08-24T00:00:00,TCPRIMED_v01r01-final_EP091997_env_s19970730120000_e19970824000000.nc
1997,EP,10,1997-08-10T00:00:00,1997-08-15T00:00:00,TCPRIMED_v01r01-final_EP101997_env_s19970810000000_e19970815000000.nc
1997,EP,11,1997-08-17T00:00:00,1997-08-20T06:00:00,TCPRIMED_v01r01-final_EP111997_env_s19970817000000_e19970820060000.nc
1997,EP,12,1997-08-25T12:00:00,1997-08-30T00:00:00,TCPRIMED_v01r01-final_EP121997_env_s19970825120000_e19970830000000.nc
1997,EP,13,1997-09-03T18:00:00,1997-09-07T00:00:00,TCPRIMED_v01r01-final_EP131997_env_s19970903180000_e19970907000000.nc
1997,EP,14,1997-09-09T12:00:00,1997-09-17T18:00:00,TCPRIMED_v01r01-final_EP141997_env_s19970909120000_e19970917180000.nc
1997,EP,15,1997-09-12T18:00:00,1997-09-16T12:00:00,TCPRIMED_v01r01-final_EP151997_env_s19970912180000_e19970916120000.nc
1997,EP,16,1997-09-16T06:00:00,1997-09-26T06:00:00,TCPRIMED_v01r01-final_EP161997_env_s19970916060000_e19970926060000.nc
1997,EP,17,1997-09-26T12:00:00,1997-10-12T18:00:00,TCPRIMED_v01r01-final_EP171997_env_s19970926120000_e19971012180000.nc
1997,EP,18,1997-10-05T12:00:00,1997-10-10T06:00:00,TCPRIMED_v01r01-final_EP181997_env_s19971005120000_e19971010060000.nc
1997,EP,19,1997-11-07T00:00:00,1997-11-10T18:00:00,TCPRIMED_v01r01-final_EP191997_env_s19971107000000_e19971110180000.nc
1997,IO,1,1997-05-13T00:00:00,1997-05-20T06:00:00,TCPRIMED_v01r01-final_IO011997_env_s19970513000000_e19970520060000.nc
1997,IO,2,1997-09-19T18:00:00,1997-09-27T18:00:00,TCPRIMED_v01r01-final_IO021997_env_s19970919180000_e19970927180000.nc
1997,IO,3,1997-11-04T00:00:00,1997-11-10T06:00:00,TCPRIMED_v01r01-final_IO031997_env_s19971104000000_e19971110060000.nc
1997,IO,4,1997-11-02T12:00:00,1997-11-14T00:00:00,TCPRIMED_v01r01-final_IO041997_env_s19971102120000_e19971114000000.nc
1997,SH,1,1996-07-08T06:00:00,1996-07-13T06:00:00,TCPRIMED_v01r01-final_SH011997_env_s19960708060000_e19960713060000.nc
1997,SH,2,1996-08-14T18:00:00,1996-08-21T06:00:00,TCPRIMED_v01r01-final_SH021997_env_s19960814180000_e19960821060000.nc
1997,SH,3,1996-09-02T18:00:00,1996-09-09T18:00:00,TCPRIMED_v01r01-final_SH031997_env_s19960902180000_e19960909180000.nc
1997,SH,4,1996-10-15T00:00:00,1996-10-23T06:00:00,TCPRIMED_v01r01-final_SH041997_env_s19961015000000_e19961023060000.nc
1997,SH,5,1996-10-28T00:00:00,1996-11-12T12:00:00,TCPRIMED_v01r01-final_SH051997_env_s19961028000000_e19961112120000.nc
1997,SH,6,1996-11-19T00:00:00,1996-12-01T06:00:00,TCPRIMED_v01r01-final_SH061997_env_s19961119000000_e19961201060000.nc
1997,SH,7,1996-11-20T00:00:00,1996-12-01T12:00:00,TCPRIMED_v01r01-final_SH071997_env_s19961120000000_e19961201120000.nc
1997,SH,8,1996-12-01T12:00:00,1996-12-10T06:00:00,TCPRIMED_v01r01-final_SH081997_env_s19961201120000_e19961210060000.nc
1997,SH,9,1996-12-03T12:00:00,1996-12-16T12:00:00,TCPRIMED_v01r01-final_SH091997_env_s19961203120000_e19961216120000.nc
1997,SH,10,1996-12-10T12:00:00,1996-12-17T06:00:00,TCPRIMED_v01r01-final_SH101997_env_s19961210120000_e19961217060000.nc
1997,SH,11,1996-12-13T18:00:00,1996-12-27T06:00:00,TCPRIMED_v01r01-final_SH111997_env_s19961213180000_e19961227060000.nc
1997,SH,12,1996-12-22T06:00:00,1997-01-16T12:00:00,TCPRIMED_v01r01-final_SH121997_env_s19961222060000_e19970116120000.nc
1997,SH,13,1996-12-19T06:00:00,1996-12-30T18:00:00,TCPRIMED_v01r01-final_SH131997_env_s19961219060000_e19961230180000.nc
1997,SH,14,1996-12-25T18:00:00,1997-01-09T00:00:00,TCPRIMED_v01r01-final_SH141997_env_s19961225180000_e19970109000000.nc
1997,SH,15,1996-12-30T00:00:00,1997-01-11T12:00:00,TCPRIMED_v01r01-final_SH151997_env_s19961230000000_e19970111120000.nc
1997,SH,16,1997-01-01T00:00:00,1997-01-11T12:00:00,TCPRIMED_v01r01-final_SH161997_env_s19970101000000_e19970111120000.nc
1997,SH,17,1997-01-08T12:00:00,1997-01-17T12:00:00,TCPRIMED_v01r01-final_SH171997_env_s19970108120000_e19970117120000.nc
1997,SH,18,1997-01-07T12:00:00,1997-01-13T18:00:00,TCPRIMED_v01r01-final_SH181997_env_s19970107120000_e19970113180000.nc
1997,SH,19,1997-01-13T06:00:00,1997-02-14T12:00:00,TCPRIMED_v01r01-final_SH191997_env_s19970113060000_e19970214120000.nc
1997,SH,20,1997-01-18T00:00:00,1997-01-31T18:00:00,TCPRIMED_v01r01-final_SH201997_env_s19970118000000_e19970131180000.nc
1997,SH,21,1997-01-17T18:00:00,1997-01-30T00:00:00,TCPRIMED_v01r01-final_SH211997_env_s19970117180000_e19970130000000.nc
1997,SH,22,1997-01-20T12:00:00,1997-02-03T00:00:00,TCPRIMED_v01r01-final_SH221997_env_s19970120120000_e19970203000000.nc
1997,SH,23,1997-02-01T00:00:00,1997-02-17T06:00:00,TCPRIMED_v01r01-final_SH231997_env_s19970201000000_e19970217060000.nc
1997,SH,24,1997-02-08T00:00:00,1997-02-12T12:00:00,TCPRIMED_v01r01-final_SH241997_env_s19970208000000_e19970212120000.nc
1997,SH,25,1997-02-11T00:00:00,1997-02-26T06:00:00,TCPRIMED_v01r01-final_SH251997_env_s19970211000000_e19970226060000.nc
1997,SH,26,1997-02-14T06:00:00,1997-02-22T18:00:00,TCPRIMED_v01r01-final_SH261997_env_s19970214060000_e19970222180000.nc
1997,SH,27,1997-02-16T12:00:00,1997-02-26T06:00:00,TCPRIMED_v01r01-final_SH271997_env_s19970216120000_e19970226060000.nc
1997,SH,28,1997-02-22T06:00:00,1997-02-25T00:00:00,TCPRIMED_v01r01-final_SH281997_env_s19970222060000_e19970225000000.nc
1997,SH,29,1997-02-21T18:00:00,1997-03-01T12:00:00,TCPRIMED_v01r01-final_SH291997_env_s19970221180000_e19970301120000.nc
1997,SH,30,1997-02-25T18:00:00,1997-03-02T18:00:00,TCPRIMED_v01r01-final_SH301997_env_s19970225180000_e19970302180000.nc
1997,SH,31,1997-03-02T00:00:00,1997-03-13T00:00:00,TCPRIMED_v01r01-final_SH311997_env_s19970302000000_e19970313000000.nc
1997,SH,32,1997-03-03T06:00:00,1997-03-29T12:00:00,TCPRIMED_v01r01-final_SH321997_env_s19970303060000_e19970329120000.nc
1997,SH,33,1997-03-12T00:00:00,1997-03-18T18:00:00,TCPRIMED_v01r01-final_SH331997_env_s19970312000000_e19970318180000.nc
1997,SH,34,1997-04-15T00:00:00,1997-04-19T18:00:00,TCPRIMED_v01r01-final_SH341997_env_s19970415000000_e19970419180000.nc
1997,SH,35,1997-04-27T18:00:00,1997-05-06T12:00:00,TCPRIMED_v01r01-final_SH351997_env_s19970427180000_e19970506120000.nc
1997,SH,36,1997-05-04T12:00:00,1997-05-17T12:00:00,TCPRIMED_v01r01-final_SH361997_env_s19970504120000_e19970517120000.nc
1997,SH,37,1997-05-26T18:00:00,1997-05-30T06:00:00,TCPRIMED_v01r01-final_SH371997_env_s19970526180000_e19970530060000.nc
1997,SH,38,1997-06-05T00:00:00,1997-06-15T06:00:00,TCPRIMED_v01r01-final_SH381997_env_s19970605000000_e19970615060000.nc
1997,WP,1,1997-01-11T00:00:00,1997-01-27T12:00:00,TCPRIMED_v01r01-final_WP011997_env_s19970111000000_e19970127120000.nc
1997,WP,2,1997-04-09T00:00:00,1997-04-23T18:00:00,TCPRIMED_v01r01-final_WP021997_env_s19970409000000_e19970423180000.nc
1997,WP,3,1997-04-18T00:00:00,1997-04-26T00:00:00,TCPRIMED_v01r01-final_WP031997_env_s19970418000000_e19970426000000.nc
1997,WP,4,1997-05-04T06:00:00,1997-05-11T12:00:00,TCPRIMED_v01r01-final_WP041997_env_s19970504060000_e19970511120000.nc
1997,WP,5,1997-05-23T00:00:00,1997-06-04T00:00:00,TCPRIMED_v01r01-final_WP051997_env_s19970523000000_e19970604000000.nc
1997,WP,6,1997-05-25T12:00:00,1997-06-02T18:00:00,TCPRIMED_v01r01-final_WP061997_env_s19970525120000_e19970602180000.nc
1997,WP,7,1997-06-01T06:00:00,1997-06-15T12:00:00,TCPRIMED_v01r01-final_WP071997_env_s19970601060000_e19970615120000.nc
1997,WP,8,1997-06-13T12:00:00,1997-06-21T06:00:00,TCPRIMED_v01r01-final_WP081997_env_s19970613120000_e19970621060000.nc
1997,WP,9,1997-06-15T12:00:00,1997-07-04T00:00:00,TCPRIMED_v01r01-final_WP091997_env_s19970615120000_e19970704000000.nc
1997,WP,10,1997-07-15T00:00:00,1997-07-29T06:00:00,TCPRIMED_v01r01-final_WP101997_env_s19970715000000_e19970729060000.nc
1997,WP,11,1997-07-20T12:00:00,1997-08-02T18:00:00,TCPRIMED_v01r01-final_WP111997_env_s19970720120000_e19970802180000.nc
1997,WP,12,1997-07-21T00:00:00,1997-08-10T00:00:00,TCPRIMED_v01r01-final_WP121997_env_s19970721000000_e19970810000000.nc
1997,WP,13,1997-07-28T12:00:00,1997-08-04T00:00:00,TCPRIMED_v01r01-final_WP131997_env_s19970728120000_e19970804000000.nc
1997,WP,14,1997-08-05T00:00:00,1997-08-23T00:00:00,TCPRIMED_v01r01-final_WP141997_env_s19970805000000_e19970823000000.nc
1997,WP,15,1997-08-09T06:00:00,1997-08-27T00:00:00,TCPRIMED_v01r01-final_WP151997_env_s19970809060000_e19970827000000.nc
1997,WP,16,1997-08-13T00:00:00,1997-08-19T00:00:00,TCPRIMED_v01r01-final_WP161997_env_s19970813000000_e19970819000000.nc
1997,WP,17,1997-08-19T12:00:00,1997-08-23T18:00:00,TCPRIMED_v01r01-final_WP171997_env_s19970819120000_e19970823180000.nc
1997,WP,18,1997-08-19T12:00:00,1997-08-30T18:00:00,TCPRIMED_v01r01-final_WP181997_env_s19970819120000_e19970830180000.nc
1997,WP,19,1997-08-24T00:00:00,1997-09-06T00:00:00,TCPRIMED_v01r01-final_WP191997_env_s19970824000000_e19970906000000.nc
1997,WP,20,1997-08-26T00:00:00,1997-08-31T06:00:00,TCPRIMED_v01r01-final_WP201997_env_s19970826000000_e19970831060000.nc
1997,WP,21,1997-09-09T00:00:00,1997-09-22T00:00:00,TCPRIMED_v01r01-final_WP211997_env_s19970909000000_e19970922000000.nc
1997,WP,22,1997-09-17T12:00:00,1997-09-26T06:00:00,TCPRIMED_v01r01-final_WP221997_env_s19970917120000_e19970926060000.nc
1997,WP,23,1997-09-18T18:00:00,1997-09-25T00:00:00,TCPRIMED_v01r01-final_WP231997_env_s19970918180000_e19970925000000.nc
1997,WP,24,1997-09-21T12:00:00,1997-10-01T00:00:00,TCPRIMED_v01r01-final_WP241997_env_s19970921120000_e19971001000000.nc
1997,WP,25,1997-09-27T00:00:00,1997-10-05T06:00:00,TCPRIMED_v01r01-final_WP251997_env_s19970927000000_e19971005060000.nc
1997,WP,26,1997-09-29T12:00:00,1997-10-07T18:00:00,TCPRIMED_v01r01-final_WP261997_env_s19970929120000_e19971007180000.nc
1997,WP,27,1997-10-09T12:00:00,1997-10-26T00:00:00,TCPRIMED_v01r01-final_WP271997_env_s19971009120000_e19971026000000.nc
1997,WP,28,1997-10-11T00:00:00,1997-10-25T18:00:00,TCPRIMED_v01r01-final_WP281997_env_s19971011000000_e19971025180000.nc
1997,WP,29,1997-10-22T12:00:00,1997-11-10T00:00:00,TCPRIMED_v01r01-final_WP291997_env_s19971022120000_e19971110000000.nc
1997,WP,30,1997-10-25T00:00:00,1997-11-09T12:00:00,TCPRIMED_v01r01-final_WP301997_env_s19971025000000_e19971109120000.nc
1997,WP,31,1997-11-07T00:00:00,1997-11-16T18:00:00,TCPRIMED_v01r01-final_WP311997_env_s19971107000000_e19971116180000.nc
1998,AL,1,1998-07-27T12:00:00,1998-08-02T18:00:00,TCPRIMED_v01r01-final_AL011998_env_s19980727120000_e19980802180000.nc
1998,AL,2,1998-08-19T12:00:00,1998-08-31T06:00:00,TCPRIMED_v01r01-final_AL021998_env_s19980819120000_e19980831060000.nc
1998,AL,3,1998-08-21T06:00:00,1998-08-24T00:00:00,TCPRIMED_v01r01-final_AL031998_env_s19980821060000_e19980824000000.nc
1998,AL,4,1998-08-24T06:00:00,1998-09-08T06:00:00,TCPRIMED_v01r01-final_AL041998_env_s19980824060000_e19980908060000.nc
1998,AL,5,1998-08-31T12:00:00,1998-09-08T12:00:00,TCPRIMED_v01r01-final_AL051998_env_s19980831120000_e19980908120000.nc
1998,AL,6,1998-09-08T18:00:00,1998-09-13T18:00:00,TCPRIMED_v01r01-final_AL061998_env_s19980908180000_e19980913180000.nc
1998,AL,7,1998-09-15T12:00:00,1998-10-01T06:00:00,TCPRIMED_v01r01-final_AL071998_env_s19980915120000_e19981001060000.nc
1998,AL,8,1998-09-17T12:00:00,1998-09-20T18:00:00,TCPRIMED_v01r01-final_AL081998_env_s19980917120000_e19980920180000.nc
1998,AL,9,1998-09-19T00:00:00,1998-09-27T18:00:00,TCPRIMED_v01r01-final_AL091998_env_s19980919000000_e19980927180000.nc
1998,AL,10,1998-09-21T06:00:00,1998-10-04T12:00:00,TCPRIMED_v01r01-final_AL101998_env_s19980921060000_e19981004120000.nc
1998,AL,11,1998-09-23T12:00:00,1998-09-29T18:00:00,TCPRIMED_v01r01-final_AL111998_env_s19980923120000_e19980929180000.nc
1998,AL,12,1998-10-05T00:00:00,1998-10-10T00:00:00,TCPRIMED_v01r01-final_AL121998_env_s19981005000000_e19981010000000.nc
1998,AL,13,1998-10-22T00:00:00,1998-11-09T18:00:00,TCPRIMED_v01r01-final_AL131998_env_s19981022000000_e19981109180000.nc
1998,AL,14,1998-11-24T00:00:00,1998-12-02T12:00:00,TCPRIMED_v01r01-final_AL141998_env_s19981124000000_e19981202120000.nc
1998,CP,1,1998-08-16T00:00:00,1998-08-19T00:00:00,TCPRIMED_v01r01-final_CP011998_env_s19980816000000_e19980819000000.nc
1998,EP,1,1998-06-11T12:00:00,1998-06-16T18:00:00,TCPRIMED_v01r01-final_EP011998_env_s19980611120000_e19980616180000.nc
1998,EP,2,1998-06-19T18:00:00,1998-06-22T00:00:00,TCPRIMED_v01r01-final_EP021998_env_s19980619180000_e19980622000000.nc
1998,EP,3,1998-06-22T00:00:00,1998-06-30T18:00:00,TCPRIMED_v01r01-final_EP031998_env_s19980622000000_e19980630180000.nc
1998,EP,4,1998-07-17T06:00:00,1998-07-21T06:00:00,TCPRIMED_v01r01-final_EP041998_env_s19980717060000_e19980721060000.nc
1998,EP,5,1998-07-23T00:00:00,1998-08-01T00:00:00,TCPRIMED_v01r01-final_EP051998_env_s19980723000000_e19980801000000.nc
1998,EP,6,1998-07-29T18:00:00,1998-08-08T18:00:00,TCPRIMED_v01r01-final_EP061998_env_s19980729180000_e19980808180000.nc
1998,EP,7,1998-08-06T12:00:00,1998-08-10T00:00:00,TCPRIMED_v01r01-final_EP071998_env_s19980806120000_e19980810000000.nc
1998,EP,8,1998-08-11T00:00:00,1998-08-17T06:00:00,TCPRIMED_v01r01-final_EP081998_env_s19980811000000_e19980817060000.nc
1998,EP,9,1998-08-20T06:00:00,1998-08-30T00:00:00,TCPRIMED_v01r01-final_EP091998_env_s19980820060000_e19980830000000.nc
1998,EP,10,1998-09-01T00:00:00,1998-09-03T18:00:00,TCPRIMED_v01r01-final_EP101998_env_s19980901000000_e19980903180000.nc
1998,EP,11,1998-09-06T12:00:00,1998-09-14T12:00:00,TCPRIMED_v01r01-final_EP111998_env_s19980906120000_e19980914120000.nc
1998,EP,12,1998-10-01T18:00:00,1998-10-03T12:00:00,TCPRIMED_v01r01-final_EP121998_env_s19981001180000_e19981003120000.nc
1998,EP,13,1998-10-13T00:00:00,1998-10-17T00:00:00,TCPRIMED_v01r01-final_EP131998_env_s19981013000000_e19981017000000.nc
1998,EP,14,1998-10-15T00:00:00,1998-10-26T12:00:00,TCPRIMED_v01r01-final_EP141998_env_s19981015000000_e19981026120000.nc
1998,EP,15,1998-10-16T00:00:00,1998-10-20T00:00:00,TCPRIMED_v01r01-final_EP151998_env_s19981016000000_e19981020000000.nc
1998,IO,1,1998-05-13T00:00:00,1998-05-20T18:00:00,TCPRIMED_v01r01-final_IO011998_env_s19980513000000_e19980520180000.nc
1998,IO,2,1998-05-27T06:00:00,1998-05-29T00:00:00,TCPRIMED_v01r01-final_IO021998_env_s19980527060000_e19980529000000.nc
1998,IO,3,1998-06-01T06:00:00,1998-06-09T12:00:00,TCPRIMED_v01r01-final_IO031998_env_s19980601060000_e19980609120000.nc
1998,IO,4,1998-09-28T18:00:00,1998-10-01T00:00:00,TCPRIMED_v01r01-final_IO041998_env_s19980928180000_e19981001000000.nc
1998,IO,5,1998-10-15T00:00:00,1998-10-18T00:00:00,TCPRIMED_v01r01-final_IO051998_env_s19981015000000_e19981018000000.nc
1998,IO,6,1998-11-13T00:00:00,1998-11-16T00:00:00,TCPRIMED_v01r01-final_IO061998_env_s19981113000000_e19981116000000.nc
1998,IO,7,1998-11-16T00:00:00,1998-11-23T00:00:00,TCPRIMED_v01r01-final_IO071998_env_s19981116000000_e19981123000000.nc
1998,IO,8,1998-12-11T18:00:00,1998-12-17T18:00:00,TCPRIMED_v01r01-final_IO081998_env_s19981211180000_e19981217180000.nc
1998,SH,1,1997-07-18T00:00:00,1997-07-24T18:00:00,TCPRIMED_v01r01-final_SH011998_env_s19970718000000_e19970724180000.nc
1998,SH,2,1997-10-04T06:00:00,1997-10-13T06:00:00,TCPRIMED_v01r01-final_SH021998_env_s19971004060000_e19971013060000.nc
1998,SH,3,1997-10-24T06:00:00,1997-10-28T06:00:00,TCPRIMED_v01r01-final_SH031998_env_s19971024060000_e19971028060000.nc
1998,SH,4,1997-10-28T18:00:00,1997-11-04T18:00:00,TCPRIMED_v01r01-final_SH041998_env_s19971028180000_e19971104180000.nc
1998,SH,5,1997-11-15T06:00:00,1997-11-21T00:00:00,TCPRIMED_v01r01-final_SH051998_env_s19971115060000_e19971121000000.nc
1998,SH,6,1997-11-21T18:00:00,1997-11-27T06:00:00,TCPRIMED_v01r01-final_SH061998_env_s19971121180000_e19971127060000.nc
1998,SH,7,1997-12-02T00:00:00,1997-12-10T00:00:00,TCPRIMED_v01r01-final_SH071998_env_s19971202000000_e19971210000000.nc
1998,SH,8,1997-12-24T12:00:00,1997-12-29T00:00:00,TCPRIMED_v01r01-final_SH081998_env_s19971224120000_e19971229000000.nc
1998,SH,9,1997-12-25T18:00:00,1998-01-02T18:00:00,TCPRIMED_v01r01-final_SH091998_env_s19971225180000_e19980102180000.nc
1998,SH,10,1998-01-01T12:00:00,1998-01-09T00:00:00,TCPRIMED_v01r01-final_SH101998_env_s19980101120000_e19980109000000.nc
1998,SH,11,1997-12-20T12:00:00,1998-01-09T18:00:00,TCPRIMED_v01r01-final_SH111998_env_s19971220120000_e19980109180000.nc
1998,SH,12,1998-01-01T12:00:00,1998-02-02T06:00:00,TCPRIMED_v01r01-final_SH121998_env_s19980101120000_e19980202060000.nc
1998,SH,13,1998-01-17T06:00:00,1998-01-23T00:00:00,TCPRIMED_v01r01-final_SH131998_env_s19980117060000_e19980123000000.nc
1998,SH,14,1998-01-21T18:00:00,1998-02-02T06:00:00,TCPRIMED_v01r01-final_SH141998_env_s19980121180000_e19980202060000.nc
1998,SH,15,1998-01-22T12:00:00,1998-02-01T12:00:00,TCPRIMED_v01r01-final_SH151998_env_s19980122120000_e19980201120000.nc
1998,SH,16,1998-01-24T18:00:00,1998-01-27T12:00:00,TCPRIMED_v01r01-final_SH161998_env_s19980124180000_e19980127120000.nc
1998,SH,17,1998-01-31T06:00:00,1998-02-02T00:00:00,TCPRIMED_v01r01-final_SH171998_env_s19980131060000_e19980202000000.nc
1998,SH,18,1998-01-31T12:00:00,1998-02-04T06:00:00,TCPRIMED_v01r01-final_SH181998_env_s19980131120000_e19980204060000.nc
1998,SH,19,1998-01-31T12:00:00,1998-02-04T12:00:00,TCPRIMED_v01r01-final_SH191998_env_s19980131120000_e19980204120000.nc
1998,SH,20,1998-02-05T00:00:00,1998-02-13T18:00:00,TCPRIMED_v01r01-final_SH201998_env_s19980205000000_e19980213180000.nc
1998,SH,21,1998-02-01T00:00:00,1998-02-10T00:00:00,TCPRIMED_v01r01-final_SH211998_env_s19980201000000_e19980210000000.nc
1998,SH,22,1998-02-04T18:00:00,1998-02-18T18:00:00,TCPRIMED_v01r01-final_SH221998_env_s19980204180000_e19980218180000.nc
1998,SH,23,1998-02-12T18:00:00,1998-02-18T18:00:00,TCPRIMED_v01r01-final_SH231998_env_s19980212180000_e19980218180000.nc
1998,SH,24,1998-02-15T06:00:00,1998-02-18T18:00:00,TCPRIMED_v01r01-final_SH241998_env_s19980215060000_e19980218180000.nc
1998,SH,25,1998-02-24T18:00:00,1998-02-28T18:00:00,TCPRIMED_v01r01-final_SH251998_env_s19980224180000_e19980228180000.nc
1998,SH,26,1998-03-04T18:00:00,1998-03-09T06:00:00,TCPRIMED_v01r01-final_SH261998_env_s19980304180000_e19980309060000.nc
1998,SH,27,1998-03-04T18:00:00,1998-03-18T18:00:00,TCPRIMED_v01r01-final_SH271998_env_s19980304180000_e19980318180000.nc
1998,SH,28,1998-03-13T12:00:00,1998-03-20T18:00:00,TCPRIMED_v01r01-final_SH281998_env_s19980313120000_e19980320180000.nc
1998,SH,29,1998-03-17T06:00:00,1998-03-27T18:00:00,TCPRIMED_v01r01-final_SH291998_env_s19980317060000_e19980327180000.nc
1998,SH,30,1998-03-19T12:00:00,1998-03-31T00:00:00,TCPRIMED_v01r01-final_SH301998_env_s19980319120000_e19980331000000.nc
1998,SH,31,1998-03-28T06:00:00,1998-04-06T06:00:00,TCPRIMED_v01r01-final_SH311998_env_s19980328060000_e19980406060000.nc
1998,SH,32,1998-04-06T06:00:00,1998-04-15T00:00:00,TCPRIMED_v01r01-final_SH321998_env_s19980406060000_e19980415000000.nc
1998,SH,33,1998-04-06T06:00:00,1998-04-07T12:00:00,TCPRIMED_v01r01-final_SH331998_env_s19980406060000_e19980407120000.nc
1998,SH,34,1998-04-17T00:00:00,1998-04-22T12:00:00,TCPRIMED_v01r01-final_SH341998_env_s19980417000000_e19980422120000.nc
1998,SH,35,1998-04-16T00:00:00,1998-04-19T12:00:00,TCPRIMED_v01r01-final_SH351998_env_s19980416000000_e19980419120000.nc
1998,SH,36,1998-04-20T00:00:00,1998-04-26T18:00:00,TCPRIMED_v01r01-final_SH361998_env_s19980420000000_e19980426180000.nc
1998,SH,37,1998-04-29T18:00:00,1998-05-01T12:00:00,TCPRIMED_v01r01-final_SH371998_env_s19980429180000_e19980501120000.nc
1998,WP,1,1998-07-06T00:00:00,1998-07-11T00:00:00,TCPRIMED_v01r01-final_WP011998_env_s19980706000000_e19980711000000.nc
1998,WP,2,1998-07-07T00:00:00,1998-07-12T18:00:00,TCPRIMED_v01r01-final_WP021998_env_s19980707000000_e19980712180000.nc
1998,WP,3,1998-07-22T18:00:00,1998-07-26T06:00:00,TCPRIMED_v01r01-final_WP031998_env_s19980722180000_e19980726060000.nc
1998,WP,4,1998-08-01T06:00:00,1998-08-05T06:00:00,TCPRIMED_v01r01-final_WP041998_env_s19980801060000_e19980805060000.nc
1998,WP,5,1998-08-05T06:00:00,1998-08-12T00:00:00,TCPRIMED_v01r01-final_WP051998_env_s19980805060000_e19980812000000.nc
1998,WP,6,1998-08-22T12:00:00,1998-09-09T00:00:00,TCPRIMED_v01r01-final_WP061998_env_s19980822120000_e19980909000000.nc
1998,WP,7,1998-08-31T06:00:00,1998-09-06T06:00:00,TCPRIMED_v01r01-final_WP071998_env_s19980831060000_e19980906060000.nc
1998,WP,8,1998-09-10T00:00:00,1998-09-16T18:00:00,TCPRIMED_v01r01-final_WP081998_env_s19980910000000_e19980916180000.nc
1998,WP,9,1998-09-12T18:00:00,1998-09-14T18:00:00,TCPRIMED_v01r01-final_WP091998_env_s19980912180000_e19980914180000.nc
1998,WP,10,1998-09-14T18:00:00,1998-09-20T18:00:00,TCPRIMED_v01r01-final_WP101998_env_s19980914180000_e19980920180000.nc
1998,WP,11,1998-09-16T00:00:00,1998-09-23T00:00:00,TCPRIMED_v01r01-final_WP111998_env_s19980916000000_e19980923000000.nc
1998,WP,12,1998-09-16T18:00:00,1998-09-19T18:00:00,TCPRIMED_v01r01-final_WP121998_env_s19980916180000_e19980919180000.nc
1998,WP,13,1998-09-18T18:00:00,1998-09-21T18:00:00,TCPRIMED_v01r01-final_WP131998_env_s19980918180000_e19980921180000.nc
1998,WP,14,1998-09-24T06:00:00,1998-10-02T00:00:00,TCPRIMED_v01r01-final_WP141998_env_s19980924060000_e19981002000000.nc
1998,WP,15,1998-10-02T00:00:00,1998-10-05T18:00:00,TCPRIMED_v01r01-final_WP151998_env_s19981002000000_e19981005180000.nc
1998,WP,16,1998-10-04T00:00:00,1998-10-07T18:00:00,TCPRIMED_v01r01-final_WP161998_env_s19981004000000_e19981007180000.nc
1998,WP,17,1998-10-05T06:00:00,1998-10-07T00:00:00,TCPRIMED_v01r01-final_WP171998_env_s19981005060000_e19981007000000.nc
1998,WP,18,1998-10-07T18:00:00,1998-10-18T12:00:00,TCPRIMED_v01r01-final_WP181998_env_s19981007180000_e19981018120000.nc
1998,WP,19,1998-10-10T06:00:00,1998-10-12T18:00:00,TCPRIMED_v01r01-final_WP191998_env_s19981010060000_e19981012180000.nc
1998,WP,20,1998-10-11T18:00:00,1998-10-27T18:00:00,TCPRIMED_v01r01-final_WP201998_env_s19981011180000_e19981027180000.nc
1998,WP,21,1998-11-10T18:00:00,1998-11-15T00:00:00,TCPRIMED_v01r01-final_WP211998_env_s19981110180000_e19981115000000.nc
1998,WP,22,1998-11-16T18:00:00,1998-11-20T12:00:00,TCPRIMED_v01r01-final_WP221998_env_s19981116180000_e19981120120000.nc
1998,WP,23,1998-11-23T06:00:00,1998-11-26T12:00:00,TCPRIMED_v01r01-final_WP231998_env_s19981123060000_e19981126120000.nc
1998,WP,24,1998-12-07T18:00:00,1998-12-14T18:00:00,TCPRIMED_v01r01-final_WP241998_env_s19981207180000_e19981214180000.nc
1998,WP,25,1998-12-08T12:00:00,1998-12-13T00:00:00,TCPRIMED_v01r01-final_WP251998_env_s19981208120000_e19981213000000.nc
1998,WP,26,1998-12-17T00:00:00,1998-12-19T00:00:00,TCPRIMED_v01r01-final_WP261998_env_s19981217000000_e19981219000000.nc
1998,WP,27,1998-12-18T18:00:00,1998-12-22T00:00:00,TCPRIMED_v01r01-final_WP271998_env_s19981218180000_e19981222000000.nc
1999,AL,1,1999-06-11T18:00:00,1999-06-18T00:00:00,TCPRIMED_v01r01-final_AL011999_env_s19990611180000_e19990618000000.nc
1999,AL,2,1999-07-02T18:00:00,1999-07-03T06:00:00,TCPRIMED_v01r01-final_AL021999_env_s19990702180000_e19990703060000.nc
1999,AL,3,1999-08-18T18:00:00,1999-08-25T00:00:00,TCPRIMED_v01r01-final_AL031999_env_s19990818180000_e19990825000000.nc
1999,AL,4,1999-08-19T00:00:00,1999-08-31T12:00:00,TCPRIMED_v01r01-final_AL041999_env_s19990819000000_e19990831120000.nc
1999,AL,5,1999-08-24T00:00:00,1999-09-08T18:00:00,TCPRIMED_v01r01-final_AL051999_env_s19990824000000_e19990908180000.nc
1999,AL,6,1999-08-24T06:00:00,1999-08-28T12:00:00,TCPRIMED_v01r01-final_AL061999_env_s19990824060000_e19990828120000.nc
1999,AL,7,1999-09-05T18:00:00,1999-09-07T12:00:00,TCPRIMED_v01r01-final_AL071999_env_s19990905180000_e19990907120000.nc
1999,AL,8,1999-09-07T18:00:00,1999-09-19T12:00:00,TCPRIMED_v01r01-final_AL081999_env_s19990907180000_e19990919120000.nc
1999,AL,9,1999-09-11T12:00:00,1999-09-23T12:00:00,TCPRIMED_v01r01-final_AL091999_env_s19990911120000_e19990923120000.nc
1999,AL,10,1999-09-19T06:00:00,1999-09-22T00:00:00,TCPRIMED_v01r01-final_AL101999_env_s19990919060000_e19990922000000.nc
1999,AL,11,1999-10-04T06:00:00,1999-10-06T12:00:00,TCPRIMED_v01r01-final_AL111999_env_s19991004060000_e19991006120000.nc
1999,AL,12,1999-10-06T00:00:00,1999-10-08T18:00:00,TCPRIMED_v01r01-final_AL121999_env_s19991006000000_e19991008180000.nc
1999,AL,13,1999-10-12T12:00:00,1999-10-19T18:00:00,TCPRIMED_v01r01-final_AL131999_env_s19991012120000_e19991019180000.nc
1999,AL,14,1999-10-17T18:00:00,1999-10-25T12:00:00,TCPRIMED_v01r01-final_AL141999_env_s19991017180000_e19991025120000.nc
1999,AL,15,1999-10-28T18:00:00,1999-11-01T12:00:00,TCPRIMED_v01r01-final_AL151999_env_s19991028180000_e19991101120000.nc
1999,AL,16,1999-11-13T18:00:00,1999-11-23T06:00:00,TCPRIMED_v01r01-final_AL161999_env_s19991113180000_e19991123060000.nc
1999,EP,1,1999-06-18T06:00:00,1999-06-22T18:00:00,TCPRIMED_v01r01-final_EP011999_env_s19990618060000_e19990622180000.nc
1999,EP,2,1999-07-09T06:00:00,1999-07-17T00:00:00,TCPRIMED_v01r01-final_EP021999_env_s19990709060000_e19990717000000.nc
1999,EP,3,1999-07-14T06:00:00,1999-07-15T18:00:00,TCPRIMED_v01r01-final_EP031999_env_s19990714060000_e19990715180000.nc
1999,EP,4,1999-07-23T00:00:00,1999-07-25T00:00:00,TCPRIMED_v01r01-final_EP041999_env_s19990723000000_e19990725000000.nc
1999,EP,5,1999-07-25T06:00:00,1999-07-27T06:00:00,TCPRIMED_v01r01-final_EP051999_env_s19990725060000_e19990727060000.nc
1999,EP,6,1999-07-26T18:00:00,1999-07-28T00:00:00,TCPRIMED_v01r01-final_EP061999_env_s19990726180000_e19990728000000.nc
1999,EP,7,1999-08-06T00:00:00,1999-08-23T18:00:00,TCPRIMED_v01r01-final_EP071999_env_s19990806000000_e19990823180000.nc
1999,EP,8,1999-08-06T06:00:00,1999-08-15T18:00:00,TCPRIMED_v01r01-final_EP081999_env_s19990806060000_e19990815180000.nc
1999,EP,9,1999-08-13T12:00:00,1999-08-15T06:00:00,TCPRIMED_v01r01-final_EP091999_env_s19990813120000_e19990815060000.nc
1999,EP,10,1999-08-17T06:00:00,1999-08-22T18:00:00,TCPRIMED_v01r01-final_EP101999_env_s19990817060000_e19990822180000.nc
1999,EP,11,1999-08-23T18:00:00,1999-08-24T12:00:00,TCPRIMED_v01r01-final_EP111999_env_s19990823180000_e19990824120000.nc
1999,EP,12,1999-09-05T12:00:00,1999-09-09T18:00:00,TCPRIMED_v01r01-final_EP121999_env_s19990905120000_e19990909180000.nc
1999,EP,13,1999-09-17T06:00:00,1999-09-21T18:00:00,TCPRIMED_v01r01-final_EP131999_env_s19990917060000_e19990921180000.nc
1999,EP,14,1999-10-08T12:00:00,1999-10-11T06:00:00,TCPRIMED_v01r01-final_EP141999_env_s19991008120000_e19991011060000.nc
1999,IO,1,1999-01-30T12:00:00,1999-02-04T18:00:00,TCPRIMED_v01r01-final_IO011999_env_s19990130120000_e19990204180000.nc
1999,IO,2,1999-05-15T00:00:00,1999-05-21T18:00:00,TCPRIMED_v01r01-final_IO021999_env_s19990515000000_e19990521180000.nc
1999,IO,3,1999-06-08T06:00:00,1999-06-11T18:00:00,TCPRIMED_v01r01-final_IO031999_env_s19990608060000_e19990611180000.nc
1999,IO,4,1999-10-15T00:00:00,1999-10-18T12:00:00,TCPRIMED_v01r01-final_IO041999_env_s19991015000000_e19991018120000.nc
1999,IO,5,1999-10-25T00:00:00,1999-11-03T06:00:00,TCPRIMED_v01r01-final_IO051999_env_s19991025000000_e19991103060000.nc
1999,SH,1,1998-07-20T00:00:00,1998-07-27T06:00:00,TCPRIMED_v01r01-final_SH011999_env_s19980720000000_e19980727060000.nc
1999,SH,2,1998-09-27T12:00:00,1998-10-02T18:00:00,TCPRIMED_v01r01-final_SH021999_env_s19980927120000_e19981002180000.nc
1999,SH,3,1998-10-06T00:00:00,1998-10-10T12:00:00,TCPRIMED_v01r01-final_SH031999_env_s19981006000000_e19981010120000.nc
1999,SH,4,1998-11-06T06:00:00,1998-11-12T18:00:00,TCPRIMED_v01r01-final_SH041999_env_s19981106060000_e19981112180000.nc
1999,SH,5,1998-12-01T12:00:00,1998-12-07T06:00:00,TCPRIMED_v01r01-final_SH051999_env_s19981201120000_e19981207060000.nc
1999,SH,6,1998-12-04T00:00:00,1998-12-15T06:00:00,TCPRIMED_v01r01-final_SH061999_env_s19981204000000_e19981215060000.nc
1999,SH,7,1998-12-13T12:00:00,1998-12-18T06:00:00,TCPRIMED_v01r01-final_SH071999_env_s19981213120000_e19981218060000.nc
1999,SH,8,1998-12-21T00:00:00,1998-12-24T00:00:00,TCPRIMED_v01r01-final_SH081999_env_s19981221000000_e19981224000000.nc
1999,SH,9,1998-12-22T00:00:00,1998-12-28T18:00:00,TCPRIMED_v01r01-final_SH091999_env_s19981222000000_e19981228180000.nc
1999,SH,10,1998-12-23T12:00:00,1998-12-30T18:00:00,TCPRIMED_v01r01-final_SH101999_env_s19981223120000_e19981230180000.nc
1999,SH,11,1999-01-13T00:00:00,1999-01-23T06:00:00,TCPRIMED_v01r01-final_SH111999_env_s19990113000000_e19990123060000.nc
1999,SH,12,1999-01-15T12:00:00,1999-01-19T06:00:00,TCPRIMED_v01r01-final_SH121999_env_s19990115120000_e19990119060000.nc
1999,SH,13,1999-01-19T12:00:00,1999-01-26T00:00:00,TCPRIMED_v01r01-final_SH131999_env_s19990119120000_e19990126000000.nc
1999,SH,14,1999-01-21T12:00:00,1999-01-29T00:00:00,TCPRIMED_v01r01-final_SH141999_env_s19990121120000_e19990129000000.nc
1999,SH,15,1999-01-21T12:00:00,1999-02-01T18:00:00,TCPRIMED_v01r01-final_SH151999_env_s19990121120000_e19990201180000.nc
1999,SH,16,1999-01-24T00:00:00,1999-01-27T00:00:00,TCPRIMED_v01r01-final_SH161999_env_s19990124000000_e19990127000000.nc
1999,SH,17,1999-01-29T06:00:00,1999-02-05T06:00:00,TCPRIMED_v01r01-final_SH171999_env_s19990129060000_e19990205060000.nc
1999,SH,18,1999-02-02T00:00:00,1999-02-11T12:00:00,TCPRIMED_v01r01-final_SH181999_env_s19990202000000_e19990211120000.nc
1999,SH,19,1999-02-08T18:00:00,1999-02-14T12:00:00,TCPRIMED_v01r01-final_SH191999_env_s19990208180000_e19990214120000.nc
1999,SH,20,1999-02-10T00:00:00,1999-02-13T18:00:00,TCPRIMED_v01r01-final_SH201999_env_s19990210000000_e19990213180000.nc
1999,SH,21,1999-02-12T12:00:00,1999-02-16T18:00:00,TCPRIMED_v01r01-final_SH211999_env_s19990212120000_e19990216180000.nc
1999,SH,22,1999-02-16T18:00:00,1999-02-26T06:00:00,TCPRIMED_v01r01-final_SH221999_env_s19990216180000_e19990226060000.nc
1999,SH,23,1999-02-24T18:00:00,1999-03-01T12:00:00,TCPRIMED_v01r01-final_SH231999_env_s19990224180000_e19990301120000.nc
1999,SH,24,1999-02-26T18:00:00,1999-02-28T06:00:00,TCPRIMED_v01r01-final_SH241999_env_s19990226180000_e19990228060000.nc
1999,SH,25,1999-03-01T06:00:00,1999-03-15T06:00:00,TCPRIMED_v01r01-final_SH251999_env_s19990301060000_e19990315060000.nc
1999,SH,26,1999-03-03T00:00:00,1999-03-10T18:00:00,TCPRIMED_v01r01-final_SH261999_env_s19990303000000_e19990310180000.nc
1999,SH,27,1999-03-11T06:00:00,1999-03-18T00:00:00,TCPRIMED_v01r01-final_SH271999_env_s19990311060000_e19990318000000.nc
1999,SH,28,1999-03-15T12:00:00,1999-03-20T06:00:00,TCPRIMED_v01r01-final_SH281999_env_s19990315120000_e19990320060000.nc
1999,SH,29,1999-03-15T12:00:00,1999-03-19T12:00:00,TCPRIMED_v01r01-final_SH291999_env_s19990315120000_e19990319120000.nc
1999,SH,30,1999-03-16T00:00:00,1999-03-23T12:00:00,TCPRIMED_v01r01-final_SH301999_env_s19990316000000_e19990323120000.nc
1999,SH,31,1999-03-25T00:00:00,1999-04-07T12:00:00,TCPRIMED_v01r01-final_SH311999_env_s19990325000000_e19990407120000.nc
1999,SH,32,1999-04-03T12:00:00,1999-04-08T12:00:00,TCPRIMED_v01r01-final_SH321999_env_s19990403120000_e19990408120000.nc
1999,SH,33,1999-04-17T00:00:00,1999-04-25T12:00:00,TCPRIMED_v01r01-final_SH331999_env_s19990417000000_e19990425120000.nc
1999,WP,1,1999-01-03T00:00:00,1999-01-07T12:00:00,TCPRIMED_v01r01-final_WP011999_env_s19990103000000_e19990107120000.nc
1999,WP,2,1999-02-13T18:00:00,1999-02-19T00:00:00,TCPRIMED_v01r01-final_WP021999_env_s19990213180000_e19990219000000.nc
1999,WP,3,1999-04-05T18:00:00,1999-04-10T00:00:00,TCPRIMED_v01r01-final_WP031999_env_s19990405180000_e19990410000000.nc
1999,WP,4,1999-04-21T00:00:00,1999-04-29T06:00:00,TCPRIMED_v01r01-final_WP041999_env_s19990421000000_e19990429060000.nc
1999,WP,5,1999-04-25T18:00:00,1999-05-03T00:00:00,TCPRIMED_v01r01-final_WP051999_env_s19990425180000_e19990503000000.nc
1999,WP,6,1999-05-30T12:00:00,1999-06-08T06:00:00,TCPRIMED_v01r01-final_WP061999_env_s19990530120000_e19990608060000.nc
1999,WP,7,1999-07-14T00:00:00,1999-07-19T06:00:00,TCPRIMED_v01r01-final_WP071999_env_s19990714000000_e19990719060000.nc
1999,WP,8,1999-07-19T12:00:00,1999-07-23T18:00:00,TCPRIMED_v01r01-final_WP081999_env_s19990719120000_e19990723180000.nc
1999,WP,9,1999-07-23T18:00:00,1999-07-28T12:00:00,TCPRIMED_v01r01-final_WP091999_env_s19990723180000_e19990728120000.nc
1999,WP,10,1999-07-23T00:00:00,1999-07-27T18:00:00,TCPRIMED_v01r01-final_WP101999_env_s19990723000000_e19990727180000.nc
1999,WP,11,1999-07-26T18:00:00,1999-08-04T00:00:00,TCPRIMED_v01r01-final_WP111999_env_s19990726180000_e19990804000000.nc
1999,WP,12,1999-07-31T18:00:00,1999-08-08T12:00:00,TCPRIMED_v01r01-final_WP121999_env_s19990731180000_e19990808120000.nc
1999,WP,13,1999-08-05T18:00:00,1999-08-10T18:00:00,TCPRIMED_v01r01-final_WP131999_env_s19990805180000_e19990810180000.nc
1999,WP,14,1999-08-07T00:00:00,1999-08-11T06:00:00,TCPRIMED_v01r01-final_WP141999_env_s19990807000000_e19990811060000.nc
1999,WP,15,1999-08-15T18:00:00,1999-08-20T00:00:00,TCPRIMED_v01r01-final_WP151999_env_s19990815180000_e19990820000000.nc
1999,WP,16,1999-08-17T18:00:00,1999-08-23T06:00:00,TCPRIMED_v01r01-final_WP161999_env_s19990817180000_e19990823060000.nc
1999,WP,17,1999-08-19T00:00:00,1999-08-24T12:00:00,TCPRIMED_v01r01-final_WP171999_env_s19990819000000_e19990824120000.nc
1999,WP,18,1999-08-20T18:00:00,1999-08-24T18:00:00,TCPRIMED_v01r01-final_WP181999_env_s19990820180000_e19990824180000.nc
1999,WP,19,1999-08-23T00:00:00,1999-08-29T18:00:00,TCPRIMED_v01r01-final_WP191999_env_s19990823000000_e19990829180000.nc
1999,WP,20,1999-08-29T06:00:00,1999-09-04T06:00:00,TCPRIMED_v01r01-final_WP201999_env_s19990829060000_e19990904060000.nc
1999,WP,21,1999-09-10T00:00:00,1999-09-17T12:00:00,TCPRIMED_v01r01-final_WP211999_env_s19990910000000_e19990917120000.nc
1999,WP,22,1999-09-11T00:00:00,1999-09-15T12:00:00,TCPRIMED_v01r01-final_WP221999_env_s19990911000000_e19990915120000.nc
1999,WP,23,1999-09-15T00:00:00,1999-09-20T06:00:00,TCPRIMED_v01r01-final_WP231999_env_s19990915000000_e19990920060000.nc
1999,WP,24,1999-09-17T00:00:00,1999-09-24T18:00:00,TCPRIMED_v01r01-final_WP241999_env_s19990917000000_e19990924180000.nc
1999,WP,25,1999-09-23T00:00:00,1999-09-26T12:00:00,TCPRIMED_v01r01-final_WP251999_env_s19990923000000_e19990926120000.nc
1999,WP,26,1999-10-01T12:00:00,1999-10-11T00:00:00,TCPRIMED_v01r01-final_WP261999_env_s19991001120000_e19991011000000.nc
1999,WP,27,1999-10-14T18:00:00,1999-10-19T18:00:00,TCPRIMED_v01r01-final_WP271999_env_s19991014180000_e19991019180000.nc
1999,WP,28,1999-11-05T00:00:00,1999-11-06T12:00:00,TCPRIMED_v01r01-final_WP281999_env_s19991105000000_e19991106120000.nc
1999,WP,29,1999-11-05T18:00:00,1999-11-10T06:00:00,TCPRIMED_v01r01-final_WP291999_env_s19991105180000_e19991110060000.nc
1999,WP,30,1999-11-10T12:00:00,1999-11-16T06:00:00,TCPRIMED_v01r01-final_WP301999_env_s19991110120000_e19991116060000.nc
1999,WP,31,1999-11-29T12:00:00,1999-12-05T06:00:00,TCPRIMED_v01r01-final_WP311999_env_s19991129120000_e19991205060000.nc
1999,WP,32,1999-12-07T12:00:00,1999-12-11T06:00:00,TCPRIMED_v01r01-final_WP321999_env_s19991207120000_e19991211060000.nc
1999,WP,33,1999-12-14T00:00:00,1999-12-16T06:00:00,TCPRIMED_v01r01-final_WP331999_env_s19991214000000_e19991216060000.nc
2000,AL,1,2000-06-07T18:00:00,2000-06-08T12:00:00,TCPRIMED_v01r01-final_AL012000_env_s20000607180000_e20000608120000.nc
2000,AL,2,2000-06-23T00:00:00,2000-06-25T18:00:00,TCPRIMED_v01r01-final_AL022000_env_s20000623000000_e20000625180000.nc
2000,AL,3,2000-08-03T18:00:00,2000-08-25T06:00:00,TCPRIMED_v01r01-final_AL032000_env_s20000803180000_e20000825060000.nc
2000,AL,4,2000-08-08T12:00:00,2000-08-11T12:00:00,TCPRIMED_v01r01-final_AL042000_env_s20000808120000_e20000811120000.nc
2000,AL,5,2000-08-13T18:00:00,2000-08-15T18:00:00,TCPRIMED_v01r01-final_AL052000_env_s20000813180000_e20000815180000.nc
2000,AL,6,2000-08-17T12:00:00,2000-08-19T12:00:00,TCPRIMED_v01r01-final_AL062000_env_s20000817120000_e20000819120000.nc
2000,AL,7,2000-08-19T18:00:00,2000-08-24T12:00:00,TCPRIMED_v01r01-final_AL072000_env_s20000819180000_e20000824120000.nc
2000,AL,8,2000-09-01T12:00:00,2000-09-03T18:00:00,TCPRIMED_v01r01-final_AL082000_env_s20000901120000_e20000903180000.nc
2000,AL,9,2000-09-08T18:00:00,2000-09-09T12:00:00,TCPRIMED_v01r01-final_AL092000_env_s20000908180000_e20000909120000.nc
2000,AL,10,2000-09-10T18:00:00,2000-09-17T18:00:00,TCPRIMED_v01r01-final_AL102000_env_s20000910180000_e20000917180000.nc
2000,AL,11,2000-09-14T12:00:00,2000-09-21T06:00:00,TCPRIMED_v01r01-final_AL112000_env_s20000914120000_e20000921060000.nc
2000,AL,12,2000-09-15T12:00:00,2000-09-25T18:00:00,TCPRIMED_v01r01-final_AL122000_env_s20000915120000_e20000925180000.nc
2000,AL,13,2000-09-21T12:00:00,2000-10-04T06:00:00,TCPRIMED_v01r01-final_AL132000_env_s20000921120000_e20001004060000.nc
2000,AL,14,2000-09-25T12:00:00,2000-10-02T06:00:00,TCPRIMED_v01r01-final_AL142000_env_s20000925120000_e20001002060000.nc
2000,AL,15,2000-09-28T18:00:00,2000-10-06T12:00:00,TCPRIMED_v01r01-final_AL152000_env_s20000928180000_e20001006120000.nc
2000,AL,16,2000-10-04T12:00:00,2000-10-10T18:00:00,TCPRIMED_v01r01-final_AL162000_env_s20001004120000_e20001010180000.nc
2000,AL,17,2000-10-15T12:00:00,2000-10-20T18:00:00,TCPRIMED_v01r01-final_AL172000_env_s20001015120000_e20001020180000.nc
2000,AL,18,2000-10-19T12:00:00,2000-10-22T12:00:00,TCPRIMED_v01r01-final_AL182000_env_s20001019120000_e20001022120000.nc
2000,AL,19,2000-10-25T00:00:00,2000-10-29T12:00:00,TCPRIMED_v01r01-final_AL192000_env_s20001025000000_e20001029120000.nc
2000,CP,1,2000-07-20T00:00:00,2000-07-24T06:00:00,TCPRIMED_v01r01-final_CP012000_env_s20000720000000_e20000724060000.nc
2000,CP,2,2000-08-16T00:00:00,2000-08-17T06:00:00,TCPRIMED_v01r01-final_CP022000_env_s20000816000000_e20000817060000.nc
2000,EP,1,2000-05-22T12:00:00,2000-05-28T00:00:00,TCPRIMED_v01r01-final_EP012000_env_s20000522120000_e20000528000000.nc
2000,EP,2,2000-06-13T06:00:00,2000-06-17T12:00:00,TCPRIMED_v01r01-final_EP022000_env_s20000613060000_e20000617120000.nc
2000,EP,3,2000-06-18T18:00:00,2000-06-25T06:00:00,TCPRIMED_v01r01-final_EP032000_env_s20000618180000_e20000625060000.nc
2000,EP,4,2000-07-06T12:00:00,2000-07-07T12:00:00,TCPRIMED_v01r01-final_EP042000_env_s20000706120000_e20000707120000.nc
2000,EP,5,2000-07-22T00:00:00,2000-07-23T12:00:00,TCPRIMED_v01r01-final_EP052000_env_s20000722000000_e20000723120000.nc
2000,EP,6,2000-07-23T00:00:00,2000-08-05T06:00:00,TCPRIMED_v01r01-final_EP062000_env_s20000723000000_e20000805060000.nc
2000,EP,7,2000-07-26T06:00:00,2000-07-30T00:00:00,TCPRIMED_v01r01-final_EP072000_env_s20000726060000_e20000730000000.nc
2000,EP,8,2000-08-03T12:00:00,2000-08-08T00:00:00,TCPRIMED_v01r01-final_EP082000_env_s20000803120000_e20000808000000.nc
2000,EP,9,2000-08-05T00:00:00,2000-08-11T00:00:00,TCPRIMED_v01r01-final_EP092000_env_s20000805000000_e20000811000000.nc
2000,EP,10,2000-08-10T18:00:00,2000-08-16T18:00:00,TCPRIMED_v01r01-final_EP102000_env_s20000810180000_e20000816180000.nc
2000,EP,11,2000-08-13T18:00:00,2000-08-17T00:00:00,TCPRIMED_v01r01-final_EP112000_env_s20000813180000_e20000817000000.nc
2000,EP,12,2000-08-28T06:00:00,2000-09-01T12:00:00,TCPRIMED_v01r01-final_EP122000_env_s20000828060000_e20000901120000.nc
2000,EP,13,2000-08-31T00:00:00,2000-09-03T00:00:00,TCPRIMED_v01r01-final_EP132000_env_s20000831000000_e20000903000000.nc
2000,EP,14,2000-09-05T00:00:00,2000-09-14T00:00:00,TCPRIMED_v01r01-final_EP142000_env_s20000905000000_e20000914000000.nc
2000,EP,15,2000-09-15T18:00:00,2000-09-17T12:00:00,TCPRIMED_v01r01-final_EP152000_env_s20000915180000_e20000917120000.nc
2000,EP,16,2000-09-20T00:00:00,2000-09-22T18:00:00,TCPRIMED_v01r01-final_EP162000_env_s20000920000000_e20000922180000.nc
2000,EP,17,2000-10-02T12:00:00,2000-10-10T06:00:00,TCPRIMED_v01r01-final_EP172000_env_s20001002120000_e20001010060000.nc
2000,EP,18,2000-10-25T06:00:00,2000-10-29T00:00:00,TCPRIMED_v01r01-final_EP182000_env_s20001025060000_e20001029000000.nc
2000,EP,19,2000-11-03T18:00:00,2000-11-08T12:00:00,TCPRIMED_v01r01-final_EP192000_env_s20001103180000_e20001108120000.nc
2000,IO,1,2000-10-14T18:00:00,2000-10-18T18:00:00,TCPRIMED_v01r01-final_IO012000_env_s20001014180000_e20001018180000.nc
2000,IO,2,2000-10-25T18:00:00,2000-10-28T06:00:00,TCPRIMED_v01r01-final_IO022000_env_s20001025180000_e20001028060000.nc
2000,IO,3,2000-11-26T06:00:00,2000-12-06T00:00:00,TCPRIMED_v01r01-final_IO032000_env_s20001126060000_e20001206000000.nc
2000,IO,4,2000-12-23T06:00:00,2000-12-28T12:00:00,TCPRIMED_v01r01-final_IO042000_env_s20001223060000_e20001228120000.nc
2000,SH,1,1999-12-10T00:00:00,1999-12-17T12:00:00,TCPRIMED_v01r01-final_SH012000_env_s19991210000000_e19991217120000.nc
2000,SH,2,1999-12-10T06:00:00,1999-12-15T18:00:00,TCPRIMED_v01r01-final_SH022000_env_s19991210060000_e19991215180000.nc
2000,SH,3,1999-12-23T12:00:00,2000-01-03T00:00:00,TCPRIMED_v01r01-final_SH032000_env_s19991223120000_e20000103000000.nc
2000,SH,4,2000-01-03T06:00:00,2000-01-12T12:00:00,TCPRIMED_v01r01-final_SH042000_env_s20000103060000_e20000112120000.nc
2000,SH,5,2000-01-06T00:00:00,2000-01-10T12:00:00,TCPRIMED_v01r01-final_SH052000_env_s20000106000000_e20000110120000.nc
2000,SH,6,2000-01-18T18:00:00,2000-01-23T06:00:00,TCPRIMED_v01r01-final_SH062000_env_s20000118180000_e20000123060000.nc
2000,SH,7,2000-01-23T00:00:00,2000-01-28T06:00:00,TCPRIMED_v01r01-final_SH072000_env_s20000123000000_e20000128060000.nc
2000,SH,8,2000-01-25T00:00:00,2000-02-02T12:00:00,TCPRIMED_v01r01-final_SH082000_env_s20000125000000_e20000202120000.nc
2000,SH,9,2000-01-24T12:00:00,2000-02-01T18:00:00,TCPRIMED_v01r01-final_SH092000_env_s20000124120000_e20000201180000.nc
2000,SH,10,2000-01-30T18:00:00,2000-02-03T12:00:00,TCPRIMED_v01r01-final_SH102000_env_s20000130180000_e20000203120000.nc
2000,SH,11,2000-02-03T00:00:00,2000-02-23T12:00:00,TCPRIMED_v01r01-final_SH112000_env_s20000203000000_e20000223120000.nc
2000,SH,12,2000-02-18T18:00:00,2000-02-24T06:00:00,TCPRIMED_v01r01-final_SH122000_env_s20000218180000_e20000224060000.nc
2000,SH,13,2000-02-23T12:00:00,2000-03-01T00:00:00,TCPRIMED_v01r01-final_SH132000_env_s20000223120000_e20000301000000.nc
2000,SH,14,2000-02-25T06:00:00,2000-03-11T00:00:00,TCPRIMED_v01r01-final_SH142000_env_s20000225060000_e20000311000000.nc
2000,SH,15,2000-02-27T00:00:00,2000-03-05T12:00:00,TCPRIMED_v01r01-final_SH152000_env_s20000227000000_e20000305120000.nc
2000,SH,16,2000-02-29T12:00:00,2000-03-08T18:00:00,TCPRIMED_v01r01-final_SH162000_env_s20000229120000_e20000308180000.nc
2000,SH,17,2000-02-29T06:00:00,2000-03-06T12:00:00,TCPRIMED_v01r01-final_SH172000_env_s20000229060000_e20000306120000.nc
2000,SH,18,2000-03-04T00:00:00,2000-03-08T06:00:00,TCPRIMED_v01r01-final_SH182000_env_s20000304000000_e20000308060000.nc
2000,SH,19,2000-03-07T12:00:00,2000-03-11T06:00:00,TCPRIMED_v01r01-final_SH192000_env_s20000307120000_e20000311060000.nc
2000,SH,20,2000-03-14T18:00:00,2000-03-19T18:00:00,TCPRIMED_v01r01-final_SH202000_env_s20000314180000_e20000319180000.nc
2000,SH,21,2000-03-22T18:00:00,2000-04-09T12:00:00,TCPRIMED_v01r01-final_SH212000_env_s20000322180000_e20000409120000.nc
2000,SH,22,2000-03-31T00:00:00,2000-04-03T06:00:00,TCPRIMED_v01r01-final_SH222000_env_s20000331000000_e20000403060000.nc
2000,SH,23,2000-03-31T00:00:00,2000-04-07T00:00:00,TCPRIMED_v01r01-final_SH232000_env_s20000331000000_e20000407000000.nc
2000,SH,24,2000-04-11T00:00:00,2000-04-21T18:00:00,TCPRIMED_v01r01-final_SH242000_env_s20000411000000_e20000421180000.nc
2000,SH,25,2000-04-14T06:00:00,2000-04-17T06:00:00,TCPRIMED_v01r01-final_SH252000_env_s20000414060000_e20000417060000.nc
2000,SH,26,2000-04-15T06:00:00,2000-04-21T00:00:00,TCPRIMED_v01r01-final_SH262000_env_s20000415060000_e20000421000000.nc
2000,SH,27,2000-04-16T18:00:00,2000-04-21T00:00:00,TCPRIMED_v01r01-final_SH272000_env_s20000416180000_e20000421000000.nc
2000,WP,1,2000-05-03T18:00:00,2000-05-12T12:00:00,TCPRIMED_v01r01-final_WP012000_env_s20000503180000_e20000512120000.nc
2000,WP,2,2000-05-17T18:00:00,2000-05-20T06:00:00,TCPRIMED_v01r01-final_WP022000_env_s20000517180000_e20000520060000.nc
2000,WP,3,2000-05-21T00:00:00,2000-05-22T00:00:00,TCPRIMED_v01r01-final_WP032000_env_s20000521000000_e20000522000000.nc
2000,WP,4,2000-05-29T00:00:00,2000-06-01T12:00:00,TCPRIMED_v01r01-final_WP042000_env_s20000529000000_e20000601120000.nc
2000,WP,5,2000-07-02T00:00:00,2000-07-09T00:00:00,TCPRIMED_v01r01-final_WP052000_env_s20000702000000_e20000709000000.nc
2000,WP,6,2000-07-03T06:00:00,2000-07-11T00:00:00,TCPRIMED_v01r01-final_WP062000_env_s20000703060000_e20000711000000.nc
2000,WP,7,2000-07-10T18:00:00,2000-07-15T00:00:00,TCPRIMED_v01r01-final_WP072000_env_s20000710180000_e20000715000000.nc
2000,WP,8,2000-07-14T06:00:00,2000-07-17T12:00:00,TCPRIMED_v01r01-final_WP082000_env_s20000714060000_e20000717120000.nc
2000,WP,9,2000-07-17T00:00:00,2000-07-23T00:00:00,TCPRIMED_v01r01-final_WP092000_env_s20000717000000_e20000723000000.nc
2000,WP,10,2000-07-19T12:00:00,2000-07-23T00:00:00,TCPRIMED_v01r01-final_WP102000_env_s20000719120000_e20000723000000.nc
2000,WP,11,2000-07-24T06:00:00,2000-07-31T06:00:00,TCPRIMED_v01r01-final_WP112000_env_s20000724060000_e20000731060000.nc
2000,WP,12,2000-07-26T12:00:00,2000-07-29T18:00:00,TCPRIMED_v01r01-final_WP122000_env_s20000726120000_e20000729180000.nc
2000,WP,13,2000-07-31T12:00:00,2000-08-11T12:00:00,TCPRIMED_v01r01-final_WP132000_env_s20000731120000_e20000811120000.nc
2000,WP,14,2000-08-06T18:00:00,2000-08-10T12:00:00,TCPRIMED_v01r01-final_WP142000_env_s20000806180000_e20000810120000.nc
2000,WP,15,2000-08-08T12:00:00,2000-08-19T18:00:00,TCPRIMED_v01r01-final_WP152000_env_s20000808120000_e20000819180000.nc
2000,WP,16,2000-08-14T12:00:00,2000-08-17T06:00:00,TCPRIMED_v01r01-final_WP162000_env_s20000814120000_e20000817060000.nc
2000,WP,17,2000-08-16T18:00:00,2000-08-19T00:00:00,TCPRIMED_v01r01-final_WP172000_env_s20000816180000_e20000819000000.nc
2000,WP,18,2000-08-17T06:00:00,2000-08-24T06:00:00,TCPRIMED_v01r01-final_WP182000_env_s20000817060000_e20000824060000.nc
2000,WP,19,2000-08-18T12:00:00,2000-08-23T00:00:00,TCPRIMED_v01r01-final_WP192000_env_s20000818120000_e20000823000000.nc
2000,WP,20,2000-08-24T00:00:00,2000-09-01T12:00:00,TCPRIMED_v01r01-final_WP202000_env_s20000824000000_e20000901120000.nc
2000,WP,21,2000-08-27T12:00:00,2000-09-01T18:00:00,TCPRIMED_v01r01-final_WP212000_env_s20000827120000_e20000901180000.nc
2000,WP,22,2000-09-01T18:00:00,2000-09-16T06:00:00,TCPRIMED_v01r01-final_WP222000_env_s20000901180000_e20000916060000.nc
2000,WP,23,2000-09-04T18:00:00,2000-09-10T12:00:00,TCPRIMED_v01r01-final_WP232000_env_s20000904180000_e20000910120000.nc
2000,WP,24,2000-09-05T18:00:00,2000-09-12T00:00:00,TCPRIMED_v01r01-final_WP242000_env_s20000905180000_e20000912000000.nc
2000,WP,25,2000-09-14T00:00:00,2000-09-18T06:00:00,TCPRIMED_v01r01-final_WP252000_env_s20000914000000_e20000918060000.nc
2000,WP,26,2000-09-15T18:00:00,2000-09-24T12:00:00,TCPRIMED_v01r01-final_WP262000_env_s20000915180000_e20000924120000.nc
2000,WP,27,2000-09-27T18:00:00,2000-09-30T18:00:00,TCPRIMED_v01r01-final_WP272000_env_s20000927180000_e20000930180000.nc
2000,WP,28,2000-10-06T18:00:00,2000-10-14T18:00:00,TCPRIMED_v01r01-final_WP282000_env_s20001006180000_e20001014180000.nc
2000,WP,29,2000-10-21T00:00:00,2000-10-28T06:00:00,TCPRIMED_v01r01-final_WP292000_env_s20001021000000_e20001028060000.nc
2000,WP,30,2000-10-25T06:00:00,2000-11-01T18:00:00,TCPRIMED_v01r01-final_WP302000_env_s20001025060000_e20001101180000.nc
2000,WP,31,2000-10-30T12:00:00,2000-11-08T00:00:00,TCPRIMED_v01r01-final_WP312000_env_s20001030120000_e20001108000000.nc
2000,WP,32,2000-11-07T12:00:00,2000-11-10T06:00:00,TCPRIMED_v01r01-final_WP322000_env_s20001107120000_e20001110060000.nc
2000,WP,33,2000-11-27T00:00:00,2000-12-08T00:00:00,TCPRIMED_v01r01-final_WP332000_env_s20001127000000_e20001208000000.nc
2000,WP,34,2000-12-28T18:00:00,2001-01-05T06:00:00,TCPRIMED_v01r01-final_WP342000_env_s20001228180000_e20010105060000.nc
2001,AL,1,2001-06-05T12:00:00,2001-06-19T00:00:00,TCPRIMED_v01r01-final_AL012001_env_s20010605120000_e20010619000000.nc
2001,AL,2,2001-07-11T18:00:00,2001-07-12T18:00:00,TCPRIMED_v01r01-final_AL022001_env_s20010711180000_e20010712180000.nc
2001,AL,3,2001-08-02T12:00:00,2001-08-08T06:00:00,TCPRIMED_v01r01-final_AL032001_env_s20010802120000_e20010808060000.nc
2001,AL,4,2001-08-14T18:00:00,2001-08-22T12:00:00,TCPRIMED_v01r01-final_AL042001_env_s20010814180000_e20010822120000.nc
2001,AL,5,2001-08-22T12:00:00,2001-08-29T12:00:00,TCPRIMED_v01r01-final_AL052001_env_s20010822120000_e20010829120000.nc
2001,AL,6,2001-09-01T18:00:00,2001-09-17T00:00:00,TCPRIMED_v01r01-final_AL062001_env_s20010901180000_e20010917000000.nc
2001,AL,7,2001-09-07T18:00:00,2001-09-19T00:00:00,TCPRIMED_v01r01-final_AL072001_env_s20010907180000_e20010919000000.nc
2001,AL,8,2001-09-11T18:00:00,2001-09-21T18:00:00,TCPRIMED_v01r01-final_AL082001_env_s20010911180000_e20010921180000.nc
2001,AL,9,2001-09-19T18:00:00,2001-09-20T06:00:00,TCPRIMED_v01r01-final_AL092001_env_s20010919180000_e20010920060000.nc
2001,AL,10,2001-09-21T12:00:00,2001-09-27T18:00:00,TCPRIMED_v01r01-final_AL102001_env_s20010921120000_e20010927180000.nc
2001,AL,11,2001-10-04T12:00:00,2001-10-09T12:00:00,TCPRIMED_v01r01-final_AL112001_env_s20011004120000_e20011009120000.nc
2001,AL,12,2001-10-06T12:00:00,2001-10-08T18:00:00,TCPRIMED_v01r01-final_AL122001_env_s20011006120000_e20011008180000.nc
2001,AL,13,2001-10-11T06:00:00,2001-10-15T18:00:00,TCPRIMED_v01r01-final_AL132001_env_s20011011060000_e20011015180000.nc
2001,AL,14,2001-10-27T12:00:00,2001-10-31T06:00:00,TCPRIMED_v01r01-final_AL142001_env_s20011027120000_e20011031060000.nc
2001,AL,15,2001-10-29T18:00:00,2001-11-06T18:00:00,TCPRIMED_v01r01-final_AL152001_env_s20011029180000_e20011106180000.nc
2001,AL,16,2001-11-04T00:00:00,2001-11-06T18:00:00,TCPRIMED_v01r01-final_AL162001_env_s20011104000000_e20011106180000.nc
2001,AL,17,2001-11-23T06:00:00,2001-12-04T18:00:00,TCPRIMED_v01r01-final_AL172001_env_s20011123060000_e20011204180000.nc
2001,CP,1,2001-09-10T00:00:00,2001-09-11T12:00:00,TCPRIMED_v01r01-final_CP012001_env_s20010910000000_e20010911120000.nc
2001,CP,2,2001-09-22T12:00:00,2001-09-25T06:00:00,TCPRIMED_v01r01-final_CP022001_env_s20010922120000_e20010925060000.nc
2001,EP,1,2001-05-25T18:00:00,2001-06-01T18:00:00,TCPRIMED_v01r01-final_EP012001_env_s20010525180000_e20010601180000.nc
2001,EP,2,2001-06-20T00:00:00,2001-06-26T06:00:00,TCPRIMED_v01r01-final_EP022001_env_s20010620000000_e20010626060000.nc
2001,EP,3,2001-07-13T06:00:00,2001-07-15T06:00:00,TCPRIMED_v01r01-final_EP032001_env_s20010713060000_e20010715060000.nc
2001,EP,4,2001-07-20T18:00:00,2001-07-24T00:00:00,TCPRIMED_v01r01-final_EP042001_env_s20010720180000_e20010724000000.nc
2001,EP,5,2001-07-21T00:00:00,2001-07-28T12:00:00,TCPRIMED_v01r01-final_EP052001_env_s20010721000000_e20010728120000.nc
2001,EP,6,2001-08-22T12:00:00,2001-08-24T00:00:00,TCPRIMED_v01r01-final_EP062001_env_s20010822120000_e20010824000000.nc
2001,EP,7,2001-08-26T06:00:00,2001-09-02T00:00:00,TCPRIMED_v01r01-final_EP072001_env_s20010826060000_e20010902000000.nc
2001,EP,8,2001-09-04T06:00:00,2001-09-09T18:00:00,TCPRIMED_v01r01-final_EP082001_env_s20010904060000_e20010909180000.nc
2001,EP,9,2001-09-04T12:00:00,2001-09-08T12:00:00,TCPRIMED_v01r01-final_EP092001_env_s20010904120000_e20010908120000.nc
2001,EP,10,2001-09-10T12:00:00,2001-09-15T00:00:00,TCPRIMED_v01r01-final_EP102001_env_s20010910120000_e20010915000000.nc
2001,EP,11,2001-09-21T06:00:00,2001-10-03T00:00:00,TCPRIMED_v01r01-final_EP112001_env_s20010921060000_e20011003000000.nc
2001,EP,12,2001-09-21T18:00:00,2001-09-25T18:00:00,TCPRIMED_v01r01-final_EP122001_env_s20010921180000_e20010925180000.nc
2001,EP,13,2001-10-02T00:00:00,2001-10-04T18:00:00,TCPRIMED_v01r01-final_EP132001_env_s20011002000000_e20011004180000.nc
2001,EP,14,2001-10-03T00:00:00,2001-10-04T00:00:00,TCPRIMED_v01r01-final_EP142001_env_s20011003000000_e20011004000000.nc
2001,EP,15,2001-10-10T12:00:00,2001-10-18T00:00:00,TCPRIMED_v01r01-final_EP152001_env_s20011010120000_e20011018000000.nc
2001,EP,16,2001-10-20T12:00:00,2001-10-25T06:00:00,TCPRIMED_v01r01-final_EP162001_env_s20011020120000_e20011025060000.nc
2001,EP,17,2001-10-31T00:00:00,2001-11-03T18:00:00,TCPRIMED_v01r01-final_EP172001_env_s20011031000000_e20011103180000.nc
2001,IO,1,2001-05-21T06:00:00,2001-05-29T12:00:00,TCPRIMED_v01r01-final_IO012001_env_s20010521060000_e20010529120000.nc
2001,IO,2,2001-09-24T00:00:00,2001-09-28T12:00:00,TCPRIMED_v01r01-final_IO022001_env_s20010924000000_e20010928120000.nc
2001,IO,3,2001-10-08T06:00:00,2001-10-13T06:00:00,TCPRIMED_v01r01-final_IO032001_env_s20011008060000_e20011013060000.nc
2001,IO,4,2001-11-09T00:00:00,2001-11-12T06:00:00,TCPRIMED_v01r01-final_IO042001_env_s20011109000000_e20011112060000.nc
2001,SH,1,2000-08-01T00:00:00,2000-08-03T12:00:00,TCPRIMED_v01r01-final_SH012001_env_s20000801000000_e20000803120000.nc
2001,SH,2,2000-11-10T06:00:00,2000-11-20T06:00:00,TCPRIMED_v01r01-final_SH022001_env_s20001110060000_e20001120060000.nc
2001,SH,3,2000-12-03T00:00:00,2000-12-10T18:00:00,TCPRIMED_v01r01-final_SH032001_env_s20001203000000_e20001210180000.nc
2001,SH,4,2000-12-31T06:00:00,2001-01-10T06:00:00,TCPRIMED_v01r01-final_SH042001_env_s20001231060000_e20010110060000.nc
2001,SH,5,2001-01-06T00:00:00,2001-01-17T12:00:00,TCPRIMED_v01r01-final_SH052001_env_s20010106000000_e20010117120000.nc
2001,SH,6,2001-01-17T12:00:00,2001-01-26T00:00:00,TCPRIMED_v01r01-final_SH062001_env_s20010117120000_e20010126000000.nc
2001,SH,7,2001-01-27T18:00:00,2001-01-31T18:00:00,TCPRIMED_v01r01-final_SH072001_env_s20010127180000_e20010131180000.nc
2001,SH,8,2001-02-09T18:00:00,2001-02-14T00:00:00,TCPRIMED_v01r01-final_SH082001_env_s20010209180000_e20010214000000.nc
2001,SH,9,2001-02-07T18:00:00,2001-02-15T18:00:00,TCPRIMED_v01r01-final_SH092001_env_s20010207180000_e20010215180000.nc
2001,SH,10,2001-02-16T00:00:00,2001-02-18T06:00:00,TCPRIMED_v01r01-final_SH102001_env_s20010216000000_e20010218060000.nc
2001,SH,11,2001-02-18T18:00:00,2001-02-22T06:00:00,TCPRIMED_v01r01-final_SH112001_env_s20010218180000_e20010222060000.nc
2001,SH,12,2001-02-23T00:00:00,2001-03-04T00:00:00,TCPRIMED_v01r01-final_SH122001_env_s20010223000000_e20010304000000.nc
2001,SH,13,2001-02-25T06:00:00,2001-03-04T18:00:00,TCPRIMED_v01r01-final_SH132001_env_s20010225060000_e20010304180000.nc
2001,SH,14,2001-02-28T18:00:00,2001-03-05T06:00:00,TCPRIMED_v01r01-final_SH142001_env_s20010228180000_e20010305060000.nc
2001,SH,15,2001-03-07T18:00:00,2001-03-13T00:00:00,TCPRIMED_v01r01-final_SH152001_env_s20010307180000_e20010313000000.nc
2001,SH,16,2001-04-02T12:00:00,2001-04-07T06:00:00,TCPRIMED_v01r01-final_SH162001_env_s20010402120000_e20010407060000.nc
2001,SH,17,2001-04-02T06:00:00,2001-04-07T18:00:00,TCPRIMED_v01r01-final_SH172001_env_s20010402060000_e20010407180000.nc
2001,SH,18,2001-04-03T00:00:00,2001-04-08T12:00:00,TCPRIMED_v01r01-final_SH182001_env_s20010403000000_e20010408120000.nc
2001,SH,19,2001-04-03T18:00:00,2001-04-11T06:00:00,TCPRIMED_v01r01-final_SH192001_env_s20010403180000_e20010411060000.nc
2001,SH,20,2001-04-16T00:00:00,2001-04-23T12:00:00,TCPRIMED_v01r01-final_SH202001_env_s20010416000000_e20010423120000.nc
2001,SH,21,2001-06-20T12:00:00,2001-06-23T06:00:00,TCPRIMED_v01r01-final_SH212001_env_s20010620120000_e20010623060000.nc
2001,WP,1,2001-02-16T06:00:00,2001-02-22T00:00:00,TCPRIMED_v01r01-final_WP012001_env_s20010216060000_e20010222000000.nc
2001,WP,2,2001-04-16T00:00:00,2001-04-22T18:00:00,TCPRIMED_v01r01-final_WP022001_env_s20010416000000_e20010422180000.nc
2001,WP,3,2001-05-05T00:00:00,2001-05-14T12:00:00,TCPRIMED_v01r01-final_WP032001_env_s20010505000000_e20010514120000.nc
2001,WP,4,2001-06-19T06:00:00,2001-06-24T06:00:00,TCPRIMED_v01r01-final_WP042001_env_s20010619060000_e20010624060000.nc
2001,WP,5,2001-06-29T00:00:00,2001-07-03T06:00:00,TCPRIMED_v01r01-final_WP052001_env_s20010629000000_e20010703060000.nc
2001,WP,6,2001-06-30T00:00:00,2001-07-07T00:00:00,TCPRIMED_v01r01-final_WP062001_env_s20010630000000_e20010707000000.nc
2001,WP,7,2001-07-07T18:00:00,2001-07-12T06:00:00,TCPRIMED_v01r01-final_WP072001_env_s20010707180000_e20010712060000.nc
2001,WP,8,2001-07-10T18:00:00,2001-07-11T06:00:00,TCPRIMED_v01r01-final_WP082001_env_s20010710180000_e20010711060000.nc
2001,WP,9,2001-07-21T00:00:00,2001-07-29T00:00:00,TCPRIMED_v01r01-final_WP092001_env_s20010721000000_e20010729000000.nc
2001,WP,10,2001-07-22T12:00:00,2001-07-26T18:00:00,TCPRIMED_v01r01-final_WP102001_env_s20010722120000_e20010726180000.nc
2001,WP,11,2001-07-25T06:00:00,2001-07-31T12:00:00,TCPRIMED_v01r01-final_WP112001_env_s20010725060000_e20010731120000.nc
2001,WP,12,2001-07-31T06:00:00,2001-08-09T18:00:00,TCPRIMED_v01r01-final_WP122001_env_s20010731060000_e20010809180000.nc
2001,WP,13,2001-08-08T06:00:00,2001-08-11T06:00:00,TCPRIMED_v01r01-final_WP132001_env_s20010808060000_e20010811060000.nc
2001,WP,14,2001-08-13T06:00:00,2001-08-23T00:00:00,TCPRIMED_v01r01-final_WP142001_env_s20010813060000_e20010823000000.nc
2001,WP,15,2001-08-24T00:00:00,2001-08-25T06:00:00,TCPRIMED_v01r01-final_WP152001_env_s20010824000000_e20010825060000.nc
2001,WP,16,2001-08-26T00:00:00,2001-09-02T18:00:00,TCPRIMED_v01r01-final_WP162001_env_s20010826000000_e20010902180000.nc
2001,WP,17,2001-08-26T06:00:00,2001-08-30T12:00:00,TCPRIMED_v01r01-final_WP172001_env_s20010826060000_e20010830120000.nc
2001,WP,18,2001-08-27T06:00:00,2001-09-01T00:00:00,TCPRIMED_v01r01-final_WP182001_env_s20010827060000_e20010901000000.nc
2001,WP,19,2001-09-03T00:00:00,2001-09-12T00:00:00,TCPRIMED_v01r01-final_WP192001_env_s20010903000000_e20010912000000.nc
2001,WP,20,2001-09-05T12:00:00,2001-09-21T00:00:00,TCPRIMED_v01r01-final_WP202001_env_s20010905120000_e20010921000000.nc
2001,WP,21,2001-09-16T00:00:00,2001-09-21T12:00:00,TCPRIMED_v01r01-final_WP212001_env_s20010916000000_e20010921120000.nc
2001,WP,22,2001-09-17T06:00:00,2001-09-25T18:00:00,TCPRIMED_v01r01-final_WP222001_env_s20010917060000_e20010925180000.nc
2001,WP,23,2001-09-21T18:00:00,2001-09-29T18:00:00,TCPRIMED_v01r01-final_WP232001_env_s20010921180000_e20010929180000.nc
2001,WP,24,2001-10-03T06:00:00,2001-10-09T06:00:00,TCPRIMED_v01r01-final_WP242001_env_s20011003060000_e20011009060000.nc
2001,WP,25,2001-10-11T06:00:00,2001-10-18T06:00:00,TCPRIMED_v01r01-final_WP252001_env_s20011011060000_e20011018060000.nc
2001,WP,26,2001-10-17T12:00:00,2001-10-28T00:00:00,TCPRIMED_v01r01-final_WP262001_env_s20011017120000_e20011028000000.nc
2001,WP,27,2001-11-05T06:00:00,2001-11-12T12:00:00,TCPRIMED_v01r01-final_WP272001_env_s20011105060000_e20011112120000.nc
2001,WP,28,2001-11-16T12:00:00,2001-11-25T00:00:00,TCPRIMED_v01r01-final_WP282001_env_s20011116120000_e20011125000000.nc
2001,WP,29,2001-11-18T18:00:00,2001-11-23T12:00:00,TCPRIMED_v01r01-final_WP292001_env_s20011118180000_e20011123120000.nc
2001,WP,30,2001-12-04T06:00:00,2001-12-09T06:00:00,TCPRIMED_v01r01-final_WP302001_env_s20011204060000_e20011209060000.nc
2001,WP,31,2001-12-10T12:00:00,2001-12-13T00:00:00,TCPRIMED_v01r01-final_WP312001_env_s20011210120000_e20011213000000.nc
2001,WP,32,2001-12-26T12:00:00,2002-01-01T06:00:00,TCPRIMED_v01r01-final_WP322001_env_s20011226120000_e20020101060000.nc
2001,WP,33,2001-12-13T06:00:00,2001-12-25T18:00:00,TCPRIMED_v01r01-final_WP332001_env_s20011213060000_e20011225180000.nc
2002,AL,1,2002-07-14T18:00:00,2002-07-19T12:00:00,TCPRIMED_v01r01-final_AL012002_env_s20020714180000_e20020719120000.nc
2002,AL,2,2002-08-04T18:00:00,2002-08-09T12:00:00,TCPRIMED_v01r01-final_AL022002_env_s20020804180000_e20020809120000.nc
2002,AL,3,2002-08-05T18:00:00,2002-08-08T18:00:00,TCPRIMED_v01r01-final_AL032002_env_s20020805180000_e20020808180000.nc
2002,AL,4,2002-08-29T12:00:00,2002-09-04T18:00:00,TCPRIMED_v01r01-final_AL042002_env_s20020829120000_e20020904180000.nc
2002,AL,5,2002-09-01T18:00:00,2002-09-06T12:00:00,TCPRIMED_v01r01-final_AL052002_env_s20020901180000_e20020906120000.nc
2002,AL,6,2002-09-05T18:00:00,2002-09-11T00:00:00,TCPRIMED_v01r01-final_AL062002_env_s20020905180000_e20020911000000.nc
2002,AL,7,2002-09-07T12:00:00,2002-09-08T12:00:00,TCPRIMED_v01r01-final_AL072002_env_s20020907120000_e20020908120000.nc
2002,AL,8,2002-09-08T12:00:00,2002-09-15T00:00:00,TCPRIMED_v01r01-final_AL082002_env_s20020908120000_e20020915000000.nc
2002,AL,9,2002-09-12T00:00:00,2002-09-15T12:00:00,TCPRIMED_v01r01-final_AL092002_env_s20020912000000_e20020915120000.nc
2002,AL,10,2002-09-14T18:00:00,2002-09-27T18:00:00,TCPRIMED_v01r01-final_AL102002_env_s20020914180000_e20020927180000.nc
2002,AL,11,2002-09-17T12:00:00,2002-09-19T12:00:00,TCPRIMED_v01r01-final_AL112002_env_s20020917120000_e20020919120000.nc
2002,AL,12,2002-09-20T18:00:00,2002-10-12T12:00:00,TCPRIMED_v01r01-final_AL122002_env_s20020920180000_e20021012120000.nc
2002,AL,13,2002-09-21T18:00:00,2002-10-04T12:00:00,TCPRIMED_v01r01-final_AL132002_env_s20020921180000_e20021004120000.nc
2002,AL,14,2002-10-14T12:00:00,2002-10-16T18:00:00,TCPRIMED_v01r01-final_AL142002_env_s20021014120000_e20021016180000.nc
2002,CP,1,2002-08-21T18:00:00,2002-08-28T06:00:00,TCPRIMED_v01r01-final_CP012002_env_s20020821180000_e20020828060000.nc
2002,CP,2,2002-08-25T00:00:00,2002-09-10T12:00:00,TCPRIMED_v01r01-final_CP022002_env_s20020825000000_e20020910120000.nc
2002,CP,3,2002-10-23T18:00:00,2002-11-07T06:00:00,TCPRIMED_v01r01-final_CP032002_env_s20021023180000_e20021107060000.nc
2002,EP,1,2002-05-24T18:00:00,2002-06-01T12:00:00,TCPRIMED_v01r01-final_EP012002_env_s20020524180000_e20020601120000.nc
2002,EP,2,2002-06-08T12:00:00,2002-06-12T00:00:00,TCPRIMED_v01r01-final_EP022002_env_s20020608120000_e20020612000000.nc
2002,EP,3,2002-06-27T12:00:00,2002-06-29T06:00:00,TCPRIMED_v01r01-final_EP032002_env_s20020627120000_e20020629060000.nc
2002,EP,4,2002-07-09T12:00:00,2002-07-16T18:00:00,TCPRIMED_v01r01-final_EP042002_env_s20020709120000_e20020716180000.nc
2002,EP,5,2002-07-20T12:00:00,2002-07-27T00:00:00,TCPRIMED_v01r01-final_EP052002_env_s20020720120000_e20020727000000.nc
2002,EP,6,2002-07-23T06:00:00,2002-07-31T18:00:00,TCPRIMED_v01r01-final_EP062002_env_s20020723060000_e20020731180000.nc
2002,EP,7,2002-08-06T00:00:00,2002-08-08T00:00:00,TCPRIMED_v01r01-final_EP072002_env_s20020806000000_e20020808000000.nc
2002,EP,8,2002-08-21T12:00:00,2002-09-03T00:00:00,TCPRIMED_v01r01-final_EP082002_env_s20020821120000_e20020903000000.nc
2002,EP,9,2002-08-26T00:00:00,2002-09-01T06:00:00,TCPRIMED_v01r01-final_EP092002_env_s20020826000000_e20020901060000.nc
2002,EP,10,2002-08-30T06:00:00,2002-09-06T18:00:00,TCPRIMED_v01r01-final_EP102002_env_s20020830060000_e20020906180000.nc
2002,EP,11,2002-09-05T18:00:00,2002-09-10T00:00:00,TCPRIMED_v01r01-final_EP112002_env_s20020905180000_e20020910000000.nc
2002,EP,12,2002-09-15T06:00:00,2002-09-20T12:00:00,TCPRIMED_v01r01-final_EP122002_env_s20020915060000_e20020920120000.nc
2002,EP,13,2002-09-25T00:00:00,2002-09-26T12:00:00,TCPRIMED_v01r01-final_EP132002_env_s20020925000000_e20020926120000.nc
2002,EP,14,2002-10-22T00:00:00,2002-10-26T00:00:00,TCPRIMED_v01r01-final_EP142002_env_s20021022000000_e20021026000000.nc
2002,EP,15,2002-10-22T18:00:00,2002-10-31T00:00:00,TCPRIMED_v01r01-final_EP152002_env_s20021022180000_e20021031000000.nc
2002,EP,16,2002-11-14T00:00:00,2002-11-16T06:00:00,TCPRIMED_v01r01-final_EP162002_env_s20021114000000_e20021116060000.nc
2002,IO,1,2002-05-05T18:00:00,2002-05-10T18:00:00,TCPRIMED_v01r01-final_IO012002_env_s20020505180000_e20020510180000.nc
2002,IO,2,2002-05-09T06:00:00,2002-05-12T12:00:00,TCPRIMED_v01r01-final_IO022002_env_s20020509060000_e20020512120000.nc
2002,IO,3,2002-11-09T18:00:00,2002-11-12T12:00:00,TCPRIMED_v01r01-final_IO032002_env_s20021109180000_e20021112120000.nc
2002,IO,4,2002-11-22T18:00:00,2002-11-25T12:00:00,TCPRIMED_v01r01-final_IO042002_env_s20021122180000_e20021125120000.nc
2002,IO,5,2002-12-21T06:00:00,2002-12-25T18:00:00,TCPRIMED_v01r01-final_IO052002_env_s20021221060000_e20021225180000.nc
2002,SH,1,2001-10-04T06:00:00,2001-10-08T00:00:00,TCPRIMED_v01r01-final_SH012002_env_s20011004060000_e20011008000000.nc
2002,SH,2,2001-10-24T18:00:00,2001-11-01T12:00:00,TCPRIMED_v01r01-final_SH022002_env_s20011024180000_e20011101120000.nc
2002,SH,3,2001-11-16T00:00:00,2001-11-23T00:00:00,TCPRIMED_v01r01-final_SH032002_env_s20011116000000_e20011123000000.nc
2002,SH,4,2001-11-20T06:00:00,2001-11-24T12:00:00,TCPRIMED_v01r01-final_SH042002_env_s20011120060000_e20011124120000.nc
2002,SH,5,2001-11-25T00:00:00,2001-12-05T06:00:00,TCPRIMED_v01r01-final_SH052002_env_s20011125000000_e20011205060000.nc
2002,SH,6,2001-11-30T00:00:00,2001-12-03T18:00:00,TCPRIMED_v01r01-final_SH062002_env_s20011130000000_e20011203180000.nc
2002,SH,7,2001-12-28T12:00:00,2002-01-02T00:00:00,TCPRIMED_v01r01-final_SH072002_env_s20011228120000_e20020102000000.nc
2002,SH,8,2001-12-30T00:00:00,2002-01-03T06:00:00,TCPRIMED_v01r01-final_SH082002_env_s20011230000000_e20020103060000.nc
2002,SH,9,2002-01-03T00:00:00,2002-01-04T18:00:00,TCPRIMED_v01r01-final_SH092002_env_s20020103000000_e20020104180000.nc
2002,SH,10,2002-01-16T12:00:00,2002-01-25T12:00:00,TCPRIMED_v01r01-final_SH102002_env_s20020116120000_e20020125120000.nc
2002,SH,11,2002-01-23T06:00:00,2002-01-28T12:00:00,TCPRIMED_v01r01-final_SH112002_env_s20020123060000_e20020128120000.nc
2002,SH,12,2002-01-31T12:00:00,2002-02-11T18:00:00,TCPRIMED_v01r01-final_SH122002_env_s20020131120000_e20020211180000.nc
2002,SH,13,2002-02-02T18:00:00,2002-02-06T12:00:00,TCPRIMED_v01r01-final_SH132002_env_s20020202180000_e20020206120000.nc
2002,SH,14,2002-02-10T18:00:00,2002-02-13T18:00:00,TCPRIMED_v01r01-final_SH142002_env_s20020210180000_e20020213180000.nc
2002,SH,15,2002-02-14T12:00:00,2002-02-22T18:00:00,TCPRIMED_v01r01-final_SH152002_env_s20020214120000_e20020222180000.nc
2002,SH,16,2002-02-23T06:00:00,2002-02-26T00:00:00,TCPRIMED_v01r01-final_SH162002_env_s20020223060000_e20020226000000.nc
2002,SH,17,2002-03-04T18:00:00,2002-03-07T06:00:00,TCPRIMED_v01r01-final_SH172002_env_s20020304180000_e20020307060000.nc
2002,SH,18,2002-03-05T00:00:00,2002-03-14T00:00:00,TCPRIMED_v01r01-final_SH182002_env_s20020305000000_e20020314000000.nc
2002,SH,19,2002-03-13T18:00:00,2002-03-16T06:00:00,TCPRIMED_v01r01-final_SH192002_env_s20020313180000_e20020316060000.nc
2002,SH,20,2002-03-22T12:00:00,2002-03-29T06:00:00,TCPRIMED_v01r01-final_SH202002_env_s20020322120000_e20020329060000.nc
2002,SH,21,2002-04-05T18:00:00,2002-04-11T18:00:00,TCPRIMED_v01r01-final_SH212002_env_s20020405180000_e20020411180000.nc
2002,SH,22,2002-04-09T06:00:00,2002-04-15T12:00:00,TCPRIMED_v01r01-final_SH222002_env_s20020409060000_e20020415120000.nc
2002,SH,23,2002-05-02T06:00:00,2002-05-11T18:00:00,TCPRIMED_v01r01-final_SH232002_env_s20020502060000_e20020511180000.nc
2002,SH,24,2002-05-09T06:00:00,2002-05-14T12:00:00,TCPRIMED_v01r01-final_SH242002_env_s20020509060000_e20020514120000.nc
2002,SH,25,2002-05-23T06:00:00,2002-05-28T06:00:00,TCPRIMED_v01r01-final_SH252002_env_s20020523060000_e20020528060000.nc
2002,WP,1,2002-01-08T06:00:00,2002-01-14T00:00:00,TCPRIMED_v01r01-final_WP012002_env_s20020108060000_e20020114000000.nc
2002,WP,2,2002-02-26T06:00:00,2002-03-08T12:00:00,TCPRIMED_v01r01-final_WP022002_env_s20020226060000_e20020308120000.nc
2002,WP,3,2002-03-18T18:00:00,2002-03-25T06:00:00,TCPRIMED_v01r01-final_WP032002_env_s20020318180000_e20020325060000.nc
2002,WP,4,2002-04-05T12:00:00,2002-04-07T00:00:00,TCPRIMED_v01r01-final_WP042002_env_s20020405120000_e20020407000000.nc
2002,WP,5,2002-05-13T06:00:00,2002-05-21T06:00:00,TCPRIMED_v01r01-final_WP052002_env_s20020513060000_e20020521060000.nc
2002,WP,6,2002-05-26T06:00:00,2002-05-30T00:00:00,TCPRIMED_v01r01-final_WP062002_env_s20020526060000_e20020530000000.nc
2002,WP,7,2002-06-03T12:00:00,2002-06-11T00:00:00,TCPRIMED_v01r01-final_WP072002_env_s20020603120000_e20020611000000.nc
2002,WP,8,2002-06-27T06:00:00,2002-07-10T18:00:00,TCPRIMED_v01r01-final_WP082002_env_s20020627060000_e20020710180000.nc
2002,WP,9,2002-06-26T12:00:00,2002-07-06T06:00:00,TCPRIMED_v01r01-final_WP092002_env_s20020626120000_e20020706060000.nc
2002,WP,10,2002-07-05T12:00:00,2002-07-16T06:00:00,TCPRIMED_v01r01-final_WP102002_env_s20020705120000_e20020716060000.nc
2002,WP,11,2002-07-08T00:00:00,2002-07-13T12:00:00,TCPRIMED_v01r01-final_WP112002_env_s20020708000000_e20020713120000.nc
2002,WP,12,2002-07-14T00:00:00,2002-07-27T06:00:00,TCPRIMED_v01r01-final_WP122002_env_s20020714000000_e20020727060000.nc
2002,WP,13,2002-07-17T12:00:00,2002-07-21T18:00:00,TCPRIMED_v01r01-final_WP132002_env_s20020717120000_e20020721180000.nc
2002,WP,14,2002-07-20T00:00:00,2002-07-27T18:00:00,TCPRIMED_v01r01-final_WP142002_env_s20020720000000_e20020727180000.nc
2002,WP,15,2002-07-17T06:00:00,2002-07-21T06:00:00,TCPRIMED_v01r01-final_WP152002_env_s20020717060000_e20020721060000.nc
2002,WP,16,2002-08-02T00:00:00,2002-08-05T18:00:00,TCPRIMED_v01r01-final_WP162002_env_s20020802000000_e20020805180000.nc
2002,WP,17,2002-08-02T18:00:00,2002-08-06T06:00:00,TCPRIMED_v01r01-final_WP172002_env_s20020802180000_e20020806060000.nc
2002,WP,18,2002-08-10T06:00:00,2002-08-14T18:00:00,TCPRIMED_v01r01-final_WP182002_env_s20020810060000_e20020814180000.nc
2002,WP,19,2002-08-10T06:00:00,2002-08-20T12:00:00,TCPRIMED_v01r01-final_WP192002_env_s20020810060000_e20020820120000.nc
2002,WP,20,2002-08-14T12:00:00,2002-08-19T18:00:00,TCPRIMED_v01r01-final_WP202002_env_s20020814120000_e20020819180000.nc
2002,WP,21,2002-08-22T00:00:00,2002-09-01T06:00:00,TCPRIMED_v01r01-final_WP212002_env_s20020822000000_e20020901060000.nc
2002,WP,22,2002-08-28T06:00:00,2002-09-08T12:00:00,TCPRIMED_v01r01-final_WP222002_env_s20020828060000_e20020908120000.nc
2002,WP,23,2002-09-08T18:00:00,2002-09-13T00:00:00,TCPRIMED_v01r01-final_WP232002_env_s20020908180000_e20020913000000.nc
2002,WP,24,2002-09-21T00:00:00,2002-09-28T00:00:00,TCPRIMED_v01r01-final_WP242002_env_s20020921000000_e20020928000000.nc
2002,WP,25,2002-09-25T00:00:00,2002-10-02T06:00:00,TCPRIMED_v01r01-final_WP252002_env_s20020925000000_e20021002060000.nc
2002,WP,26,2002-10-07T12:00:00,2002-10-14T06:00:00,TCPRIMED_v01r01-final_WP262002_env_s20021007120000_e20021014060000.nc
2002,WP,27,2002-10-16T00:00:00,2002-10-20T12:00:00,TCPRIMED_v01r01-final_WP272002_env_s20021016000000_e20021020120000.nc
2002,WP,28,2002-10-17T12:00:00,2002-10-19T06:00:00,TCPRIMED_v01r01-final_WP282002_env_s20021017120000_e20021019060000.nc
2002,WP,29,2002-10-25T00:00:00,2002-10-30T00:00:00,TCPRIMED_v01r01-final_WP292002_env_s20021025000000_e20021030000000.nc
2002,WP,30,2002-11-19T00:00:00,2002-11-25T00:00:00,TCPRIMED_v01r01-final_WP302002_env_s20021119000000_e20021125000000.nc
2002,WP,31,2002-12-01T06:00:00,2002-12-10T12:00:00,TCPRIMED_v01r01-final_WP312002_env_s20021201060000_e20021210120000.nc
2003,AL,1,2003-04-18T00:00:00,2003-04-27T12:00:00,TCPRIMED_v01r01-final_AL012003_env_s20030418000000_e20030427120000.nc
2003,AL,2,2003-06-11T00:00:00,2003-06-11T18:00:00,TCPRIMED_v01r01-final_AL022003_env_s20030611000000_e20030611180000.nc
2003,AL,3,2003-06-28T06:00:00,2003-07-03T00:00:00,TCPRIMED_v01r01-final_AL032003_env_s20030628060000_e20030703000000.nc
2003,AL,4,2003-07-07T00:00:00,2003-07-17T12:00:00,TCPRIMED_v01r01-final_AL042003_env_s20030707000000_e20030717120000.nc
2003,AL,5,2003-07-16T12:00:00,2003-07-27T06:00:00,TCPRIMED_v01r01-final_AL052003_env_s20030716120000_e20030727060000.nc
2003,AL,6,2003-07-19T18:00:00,2003-07-21T12:00:00,TCPRIMED_v01r01-final_AL062003_env_s20030719180000_e20030721120000.nc
2003,AL,7,2003-07-25T12:00:00,2003-07-27T00:00:00,TCPRIMED_v01r01-final_AL072003_env_s20030725120000_e20030727000000.nc
2003,AL,8,2003-08-14T18:00:00,2003-08-17T00:00:00,TCPRIMED_v01r01-final_AL082003_env_s20030814180000_e20030817000000.nc
2003,AL,9,2003-08-21T18:00:00,2003-08-22T12:00:00,TCPRIMED_v01r01-final_AL092003_env_s20030821180000_e20030822120000.nc
2003,AL,10,2003-08-27T18:00:00,2003-09-09T18:00:00,TCPRIMED_v01r01-final_AL102003_env_s20030827180000_e20030909180000.nc
2003,AL,11,2003-08-30T12:00:00,2003-09-02T06:00:00,TCPRIMED_v01r01-final_AL112003_env_s20030830120000_e20030902060000.nc
2003,AL,12,2003-09-03T18:00:00,2003-09-08T18:00:00,TCPRIMED_v01r01-final_AL122003_env_s20030903180000_e20030908180000.nc
2003,AL,13,2003-09-06T00:00:00,2003-09-20T00:00:00,TCPRIMED_v01r01-final_AL132003_env_s20030906000000_e20030920000000.nc
2003,AL,14,2003-09-08T06:00:00,2003-09-10T12:00:00,TCPRIMED_v01r01-final_AL142003_env_s20030908060000_e20030910120000.nc
2003,AL,15,2003-09-24T12:00:00,2003-09-29T12:00:00,TCPRIMED_v01r01-final_AL152003_env_s20030924120000_e20030929120000.nc
2003,AL,16,2003-09-25T18:00:00,2003-10-10T00:00:00,TCPRIMED_v01r01-final_AL162003_env_s20030925180000_e20031010000000.nc
2003,AL,17,2003-09-27T18:00:00,2003-10-07T18:00:00,TCPRIMED_v01r01-final_AL172003_env_s20030927180000_e20031007180000.nc
2003,AL,18,2003-10-10T18:00:00,2003-10-14T00:00:00,TCPRIMED_v01r01-final_AL182003_env_s20031010180000_e20031014000000.nc
2003,AL,19,2003-10-13T00:00:00,2003-11-01T18:00:00,TCPRIMED_v01r01-final_AL192003_env_s20031013000000_e20031101180000.nc
2003,AL,20,2003-12-04T12:00:00,2003-12-09T18:00:00,TCPRIMED_v01r01-final_AL202003_env_s20031204120000_e20031209180000.nc
2003,AL,21,2003-12-07T18:00:00,2003-12-11T06:00:00,TCPRIMED_v01r01-final_AL212003_env_s20031207180000_e20031211060000.nc
2003,CP,1,2003-08-11T00:00:00,2003-08-17T00:00:00,TCPRIMED_v01r01-final_CP012003_env_s20030811000000_e20030817000000.nc
2003,EP,1,2003-05-19T18:00:00,2003-05-26T12:00:00,TCPRIMED_v01r01-final_EP012003_env_s20030519180000_e20030526120000.nc
2003,EP,2,2003-06-17T00:00:00,2003-06-24T12:00:00,TCPRIMED_v01r01-final_EP022003_env_s20030617000000_e20030624120000.nc
2003,EP,3,2003-06-26T00:00:00,2003-06-28T18:00:00,TCPRIMED_v01r01-final_EP032003_env_s20030626000000_e20030628180000.nc
2003,EP,4,2003-07-06T06:00:00,2003-07-08T18:00:00,TCPRIMED_v01r01-final_EP042003_env_s20030706060000_e20030708180000.nc
2003,EP,5,2003-07-10T12:00:00,2003-07-16T00:00:00,TCPRIMED_v01r01-final_EP052003_env_s20030710120000_e20030716000000.nc
2003,EP,6,2003-07-17T18:00:00,2003-07-24T12:00:00,TCPRIMED_v01r01-final_EP062003_env_s20030717180000_e20030724120000.nc
2003,EP,7,2003-08-07T06:00:00,2003-08-13T00:00:00,TCPRIMED_v01r01-final_EP072003_env_s20030807060000_e20030813000000.nc
2003,EP,8,2003-08-09T06:00:00,2003-08-13T12:00:00,TCPRIMED_v01r01-final_EP082003_env_s20030809060000_e20030813120000.nc
2003,EP,9,2003-08-22T12:00:00,2003-08-27T18:00:00,TCPRIMED_v01r01-final_EP092003_env_s20030822120000_e20030827180000.nc
2003,EP,10,2003-08-28T06:00:00,2003-09-05T18:00:00,TCPRIMED_v01r01-final_EP102003_env_s20030828060000_e20030905180000.nc
2003,EP,11,2003-09-03T12:00:00,2003-09-10T06:00:00,TCPRIMED_v01r01-final_EP112003_env_s20030903120000_e20030910060000.nc
2003,EP,12,2003-09-13T18:00:00,2003-09-23T06:00:00,TCPRIMED_v01r01-final_EP122003_env_s20030913180000_e20030923060000.nc
2003,EP,13,2003-09-18T18:00:00,2003-09-26T00:00:00,TCPRIMED_v01r01-final_EP132003_env_s20030918180000_e20030926000000.nc
2003,EP,14,2003-10-01T18:00:00,2003-10-09T06:00:00,TCPRIMED_v01r01-final_EP142003_env_s20031001180000_e20031009060000.nc
2003,EP,15,2003-10-03T06:00:00,2003-10-08T00:00:00,TCPRIMED_v01r01-final_EP152003_env_s20031003060000_e20031008000000.nc
2003,EP,16,2003-10-20T12:00:00,2003-10-26T12:00:00,TCPRIMED_v01r01-final_EP162003_env_s20031020120000_e20031026120000.nc
2003,IO,1,2003-05-08T12:00:00,2003-05-19T18:00:00,TCPRIMED_v01r01-final_IO012003_env_s20030508120000_e20030519180000.nc
2003,IO,2,2003-11-10T12:00:00,2003-11-18T06:00:00,TCPRIMED_v01r01-final_IO022003_env_s20031110120000_e20031118060000.nc
2003,IO,3,2003-12-11T06:00:00,2003-12-16T06:00:00,TCPRIMED_v01r01-final_IO032003_env_s20031211060000_e20031216060000.nc
2003,SH,1,2002-09-05T12:00:00,2002-09-09T00:00:00,TCPRIMED_v01r01-final_SH012003_env_s20020905120000_e20020909000000.nc
2003,SH,2,2002-11-03T06:00:00,2002-11-13T00:00:00,TCPRIMED_v01r01-final_SH022003_env_s20021103060000_e20021113000000.nc
2003,SH,3,2002-11-14T18:00:00,2002-11-25T12:00:00,TCPRIMED_v01r01-final_SH032003_env_s20021114180000_e20021125120000.nc
2003,SH,4,2002-12-01T06:00:00,2002-12-05T12:00:00,TCPRIMED_v01r01-final_SH042003_env_s20021201060000_e20021205120000.nc
2003,SH,5,2002-12-22T06:00:00,2002-12-29T00:00:00,TCPRIMED_v01r01-final_SH052003_env_s20021222060000_e20021229000000.nc
2003,SH,6,2002-12-24T12:00:00,2003-01-01T06:00:00,TCPRIMED_v01r01-final_SH062003_env_s20021224120000_e20030101060000.nc
2003,SH,7,2002-12-25T00:00:00,2003-01-03T06:00:00,TCPRIMED_v01r01-final_SH072003_env_s20021225000000_e20030103060000.nc
2003,SH,8,2002-12-30T12:00:00,2003-01-09T12:00:00,TCPRIMED_v01r01-final_SH082003_env_s20021230120000_e20030109120000.nc
2003,SH,9,2003-01-06T12:00:00,2003-01-12T12:00:00,TCPRIMED_v01r01-final_SH092003_env_s20030106120000_e20030112120000.nc
2003,SH,10,2003-01-10T12:00:00,2003-01-15T12:00:00,TCPRIMED_v01r01-final_SH102003_env_s20030110120000_e20030115120000.nc
2003,SH,11,2003-01-21T00:00:00,2003-02-01T12:00:00,TCPRIMED_v01r01-final_SH112003_env_s20030121000000_e20030201120000.nc
2003,SH,12,2003-01-24T12:00:00,2003-02-05T00:00:00,TCPRIMED_v01r01-final_SH122003_env_s20030124120000_e20030205000000.nc
2003,SH,13,2003-01-25T06:00:00,2003-01-31T00:00:00,TCPRIMED_v01r01-final_SH132003_env_s20030125060000_e20030131000000.nc
2003,SH,14,2003-02-03T06:00:00,2003-02-13T00:00:00,TCPRIMED_v01r01-final_SH142003_env_s20030203060000_e20030213000000.nc
2003,SH,15,2003-02-04T18:00:00,2003-02-11T00:00:00,TCPRIMED_v01r01-final_SH152003_env_s20030204180000_e20030211000000.nc
2003,SH,16,2003-02-07T18:00:00,2003-02-15T12:00:00,TCPRIMED_v01r01-final_SH162003_env_s20030207180000_e20030215120000.nc
2003,SH,17,2003-02-09T06:00:00,2003-02-15T06:00:00,TCPRIMED_v01r01-final_SH172003_env_s20030209060000_e20030215060000.nc
2003,SH,18,2003-02-03T18:00:00,2003-02-14T12:00:00,TCPRIMED_v01r01-final_SH182003_env_s20030203180000_e20030214120000.nc
2003,SH,19,2003-02-24T12:00:00,2003-03-04T00:00:00,TCPRIMED_v01r01-final_SH192003_env_s20030224120000_e20030304000000.nc
2003,SH,20,2003-02-24T12:00:00,2003-03-01T18:00:00,TCPRIMED_v01r01-final_SH202003_env_s20030224120000_e20030301180000.nc
2003,SH,21,2003-03-01T06:00:00,2003-03-09T12:00:00,TCPRIMED_v01r01-final_SH212003_env_s20030301060000_e20030309120000.nc
2003,SH,22,2003-03-04T00:00:00,2003-03-15T06:00:00,TCPRIMED_v01r01-final_SH222003_env_s20030304000000_e20030315060000.nc
2003,SH,23,2003-03-03T18:00:00,2003-03-16T00:00:00,TCPRIMED_v01r01-final_SH232003_env_s20030303180000_e20030316000000.nc
2003,SH,24,2003-03-08T00:00:00,2003-03-13T00:00:00,TCPRIMED_v01r01-final_SH242003_env_s20030308000000_e20030313000000.nc
2003,SH,25,2003-03-08T18:00:00,2003-03-14T12:00:00,TCPRIMED_v01r01-final_SH252003_env_s20030308180000_e20030314120000.nc
2003,SH,26,2003-03-29T06:00:00,2003-04-08T18:00:00,TCPRIMED_v01r01-final_SH262003_env_s20030329060000_e20030408180000.nc
2003,SH,27,2003-04-13T00:00:00,2003-04-15T06:00:00,TCPRIMED_v01r01-final_SH272003_env_s20030413000000_e20030415060000.nc
2003,SH,28,2003-05-02T00:00:00,2003-05-10T18:00:00,TCPRIMED_v01r01-final_SH282003_env_s20030502000000_e20030510180000.nc
2003,SH,29,2003-06-04T00:00:00,2003-06-09T00:00:00,TCPRIMED_v01r01-final_SH292003_env_s20030604000000_e20030609000000.nc
2003,WP,1,2003-01-11T06:00:00,2003-01-21T12:00:00,TCPRIMED_v01r01-final_WP012003_env_s20030111060000_e20030121120000.nc
2003,WP,2,2003-04-08T06:00:00,2003-04-25T12:00:00,TCPRIMED_v01r01-final_WP022003_env_s20030408060000_e20030425120000.nc
2003,WP,3,2003-05-17T00:00:00,2003-05-20T12:00:00,TCPRIMED_v01r01-final_WP032003_env_s20030517000000_e20030520120000.nc
2003,WP,4,2003-05-18T00:00:00,2003-05-27T06:00:00,TCPRIMED_v01r01-final_WP042003_env_s20030518000000_e20030527060000.nc
2003,WP,5,2003-05-24T06:00:00,2003-05-30T18:00:00,TCPRIMED_v01r01-final_WP052003_env_s20030524060000_e20030530180000.nc
2003,WP,6,2003-05-31T00:00:00,2003-06-04T00:00:00,TCPRIMED_v01r01-final_WP062003_env_s20030531000000_e20030604000000.nc
2003,WP,7,2003-06-07T00:00:00,2003-06-20T00:00:00,TCPRIMED_v01r01-final_WP072003_env_s20030607000000_e20030620000000.nc
2003,WP,8,2003-07-14T12:00:00,2003-07-22T18:00:00,TCPRIMED_v01r01-final_WP082003_env_s20030714120000_e20030722180000.nc
2003,WP,9,2003-07-15T00:00:00,2003-07-25T12:00:00,TCPRIMED_v01r01-final_WP092003_env_s20030715000000_e20030725120000.nc
2003,WP,10,2003-07-30T18:00:00,2003-08-05T00:00:00,TCPRIMED_v01r01-final_WP102003_env_s20030730180000_e20030805000000.nc
2003,WP,11,2003-07-31T06:00:00,2003-08-10T00:00:00,TCPRIMED_v01r01-final_WP112003_env_s20030731060000_e20030810000000.nc
2003,WP,12,2003-08-14T00:00:00,2003-08-26T00:00:00,TCPRIMED_v01r01-final_WP122003_env_s20030814000000_e20030826000000.nc
2003,WP,13,2003-08-18T18:00:00,2003-08-20T18:00:00,TCPRIMED_v01r01-final_WP132003_env_s20030818180000_e20030820180000.nc
2003,WP,14,2003-08-27T12:00:00,2003-09-03T06:00:00,TCPRIMED_v01r01-final_WP142003_env_s20030827120000_e20030903060000.nc
2003,WP,15,2003-09-04T06:00:00,2003-09-13T12:00:00,TCPRIMED_v01r01-final_WP152003_env_s20030904060000_e20030913120000.nc
2003,WP,16,2003-09-17T06:00:00,2003-09-23T00:00:00,TCPRIMED_v01r01-final_WP162003_env_s20030917060000_e20030923000000.nc
2003,WP,17,2003-09-23T18:00:00,2003-09-30T06:00:00,TCPRIMED_v01r01-final_WP172003_env_s20030923180000_e20030930060000.nc
2003,WP,18,2003-10-06T00:00:00,2003-10-11T00:00:00,TCPRIMED_v01r01-final_WP182003_env_s20031006000000_e20031011000000.nc
2003,WP,19,2003-10-10T00:00:00,2003-10-13T00:00:00,TCPRIMED_v01r01-final_WP192003_env_s20031010000000_e20031013000000.nc
2003,WP,20,2003-10-18T12:00:00,2003-10-26T12:00:00,TCPRIMED_v01r01-final_WP202003_env_s20031018120000_e20031026120000.nc
2003,WP,21,2003-10-18T06:00:00,2003-10-31T12:00:00,TCPRIMED_v01r01-final_WP212003_env_s20031018060000_e20031031120000.nc
2003,WP,22,2003-10-21T00:00:00,2003-10-24T00:00:00,TCPRIMED_v01r01-final_WP222003_env_s20031021000000_e20031024000000.nc
2003,WP,23,2003-10-21T12:00:00,2003-10-28T12:00:00,TCPRIMED_v01r01-final_WP232003_env_s20031021120000_e20031028120000.nc
2003,WP,24,2003-10-28T18:00:00,2003-11-04T00:00:00,TCPRIMED_v01r01-final_WP242003_env_s20031028180000_e20031104000000.nc
2003,WP,25,2003-11-11T12:00:00,2003-11-19T12:00:00,TCPRIMED_v01r01-final_WP252003_env_s20031111120000_e20031119120000.nc
2003,WP,26,2003-11-14T12:00:00,2003-12-02T06:00:00,TCPRIMED_v01r01-final_WP262003_env_s20031114120000_e20031202060000.nc
2003,WP,27,2003-12-23T00:00:00,2003-12-27T18:00:00,TCPRIMED_v01r01-final_WP272003_env_s20031223000000_e20031227180000.nc
2004,AL,1,2004-07-31T18:00:00,2004-08-06T18:00:00,TCPRIMED_v01r01-final_AL012004_env_s20040731180000_e20040806180000.nc
2004,AL,2,2004-08-03T12:00:00,2004-08-14T00:00:00,TCPRIMED_v01r01-final_AL022004_env_s20040803120000_e20040814000000.nc
2004,AL,3,2004-08-09T12:00:00,2004-08-15T12:00:00,TCPRIMED_v01r01-final_AL032004_env_s20040809120000_e20040815120000.nc
2004,AL,4,2004-08-13T12:00:00,2004-08-24T18:00:00,TCPRIMED_v01r01-final_AL042004_env_s20040813120000_e20040824180000.nc
2004,AL,5,2004-08-13T18:00:00,2004-08-15T18:00:00,TCPRIMED_v01r01-final_AL052004_env_s20040813180000_e20040815180000.nc
2004,AL,6,2004-08-25T00:00:00,2004-09-10T18:00:00,TCPRIMED_v01r01-final_AL062004_env_s20040825000000_e20040910180000.nc
2004,AL,7,2004-08-27T12:00:00,2004-09-03T00:00:00,TCPRIMED_v01r01-final_AL072004_env_s20040827120000_e20040903000000.nc
2004,AL,8,2004-08-27T18:00:00,2004-08-31T12:00:00,TCPRIMED_v01r01-final_AL082004_env_s20040827180000_e20040831120000.nc
2004,AL,9,2004-09-02T18:00:00,2004-09-24T06:00:00,TCPRIMED_v01r01-final_AL092004_env_s20040902180000_e20040924060000.nc
2004,AL,10,2004-09-07T12:00:00,2004-09-10T12:00:00,TCPRIMED_v01r01-final_AL102004_env_s20040907120000_e20040910120000.nc
2004,AL,11,2004-09-13T18:00:00,2004-09-29T12:00:00,TCPRIMED_v01r01-final_AL112004_env_s20040913180000_e20040929120000.nc
2004,AL,12,2004-09-16T06:00:00,2004-09-28T00:00:00,TCPRIMED_v01r01-final_AL122004_env_s20040916060000_e20040928000000.nc
2004,AL,13,2004-09-19T18:00:00,2004-10-03T06:00:00,TCPRIMED_v01r01-final_AL132004_env_s20040919180000_e20041003060000.nc
2004,AL,14,2004-10-08T12:00:00,2004-10-11T06:00:00,TCPRIMED_v01r01-final_AL142004_env_s20041008120000_e20041011060000.nc
2004,AL,15,2004-10-10T00:00:00,2004-10-11T18:00:00,TCPRIMED_v01r01-final_AL152004_env_s20041010000000_e20041011180000.nc
2004,AL,16,2004-11-26T00:00:00,2004-12-05T12:00:00,TCPRIMED_v01r01-final_AL162004_env_s20041126000000_e20041205120000.nc
2004,CP,1,2004-07-04T00:00:00,2004-07-06T00:00:00,TCPRIMED_v01r01-final_CP012004_env_s20040704000000_e20040706000000.nc
2004,EP,1,2004-05-22T00:00:00,2004-05-26T00:00:00,TCPRIMED_v01r01-final_EP012004_env_s20040522000000_e20040526000000.nc
2004,EP,2,2004-07-02T12:00:00,2004-07-05T00:00:00,TCPRIMED_v01r01-final_EP022004_env_s20040702120000_e20040705000000.nc
2004,EP,3,2004-07-12T12:00:00,2004-07-19T06:00:00,TCPRIMED_v01r01-final_EP032004_env_s20040712120000_e20040719060000.nc
2004,EP,4,2004-07-19T00:00:00,2004-07-26T06:00:00,TCPRIMED_v01r01-final_EP042004_env_s20040719000000_e20040726060000.nc
2004,EP,5,2004-07-26T12:00:00,2004-08-01T06:00:00,TCPRIMED_v01r01-final_EP052004_env_s20040726120000_e20040801060000.nc
2004,EP,6,2004-08-01T06:00:00,2004-08-02T00:00:00,TCPRIMED_v01r01-final_EP062004_env_s20040801060000_e20040802000000.nc
2004,EP,7,2004-08-19T06:00:00,2004-08-25T18:00:00,TCPRIMED_v01r01-final_EP072004_env_s20040819060000_e20040825180000.nc
2004,EP,8,2004-08-23T06:00:00,2004-08-27T12:00:00,TCPRIMED_v01r01-final_EP082004_env_s20040823060000_e20040827120000.nc
2004,EP,9,2004-08-23T18:00:00,2004-08-28T06:00:00,TCPRIMED_v01r01-final_EP092004_env_s20040823180000_e20040828060000.nc
2004,EP,10,2004-08-26T12:00:00,2004-09-03T12:00:00,TCPRIMED_v01r01-final_EP102004_env_s20040826120000_e20040903120000.nc
2004,EP,11,2004-08-30T12:00:00,2004-09-10T06:00:00,TCPRIMED_v01r01-final_EP112004_env_s20040830120000_e20040910060000.nc
2004,EP,12,2004-09-08T06:00:00,2004-09-21T00:00:00,TCPRIMED_v01r01-final_EP122004_env_s20040908060000_e20040921000000.nc
2004,EP,13,2004-09-10T18:00:00,2004-09-20T00:00:00,TCPRIMED_v01r01-final_EP132004_env_s20040910180000_e20040920000000.nc
2004,EP,14,2004-10-04T18:00:00,2004-10-07T12:00:00,TCPRIMED_v01r01-final_EP142004_env_s20041004180000_e20041007120000.nc
2004,EP,15,2004-10-11T18:00:00,2004-10-13T12:00:00,TCPRIMED_v01r01-final_EP152004_env_s20041011180000_e20041013120000.nc
2004,EP,16,2004-10-25T00:00:00,2004-10-26T12:00:00,TCPRIMED_v01r01-final_EP162004_env_s20041025000000_e20041026120000.nc
2004,IO,1,2004-05-04T00:00:00,2004-05-09T12:00:00,TCPRIMED_v01r01-final_IO012004_env_s20040504000000_e20040509120000.nc
2004,IO,2,2004-05-14T18:00:00,2004-05-19T18:00:00,TCPRIMED_v01r01-final_IO022004_env_s20040514180000_e20040519180000.nc
2004,IO,3,2004-09-30T06:00:00,2004-10-10T00:00:00,TCPRIMED_v01r01-final_IO032004_env_s20040930060000_e20041010000000.nc
2004,IO,4,2004-11-01T12:00:00,2004-11-08T12:00:00,TCPRIMED_v01r01-final_IO042004_env_s20041101120000_e20041108120000.nc
2004,IO,5,2004-11-27T00:00:00,2004-12-05T06:00:00,TCPRIMED_v01r01-final_IO052004_env_s20041127000000_e20041205060000.nc
2004,SH,1,2003-09-29T06:00:00,2003-10-05T06:00:00,TCPRIMED_v01r01-final_SH012004_env_s20030929060000_e20031005060000.nc
2004,SH,2,2003-11-08T12:00:00,2003-11-22T18:00:00,TCPRIMED_v01r01-final_SH022004_env_s20031108120000_e20031122180000.nc
2004,SH,3,2003-12-04T00:00:00,2003-12-21T18:00:00,TCPRIMED_v01r01-final_SH032004_env_s20031204000000_e20031221180000.nc
2004,SH,4,2003-12-06T12:00:00,2003-12-17T18:00:00,TCPRIMED_v01r01-final_SH042004_env_s20031206120000_e20031217180000.nc
2004,SH,5,2003-12-17T00:00:00,2003-12-22T06:00:00,TCPRIMED_v01r01-final_SH052004_env_s20031217000000_e20031222060000.nc
2004,SH,6,2003-12-23T18:00:00,2004-01-04T12:00:00,TCPRIMED_v01r01-final_SH062004_env_s20031223180000_e20040104120000.nc
2004,SH,7,2003-12-29T12:00:00,2004-01-09T12:00:00,TCPRIMED_v01r01-final_SH072004_env_s20031229120000_e20040109120000.nc
2004,SH,8,2004-01-01T06:00:00,2004-01-06T12:00:00,TCPRIMED_v01r01-final_SH082004_env_s20040101060000_e20040106120000.nc
2004,SH,9,2004-01-25T06:00:00,2004-02-05T00:00:00,TCPRIMED_v01r01-final_SH092004_env_s20040125060000_e20040205000000.nc
2004,SH,10,2004-01-26T00:00:00,2004-02-07T06:00:00,TCPRIMED_v01r01-final_SH102004_env_s20040126000000_e20040207060000.nc
2004,SH,11,2004-01-28T00:00:00,2004-02-02T06:00:00,TCPRIMED_v01r01-final_SH112004_env_s20040128000000_e20040202060000.nc
2004,SH,12,2004-02-10T12:00:00,2004-02-12T18:00:00,TCPRIMED_v01r01-final_SH122004_env_s20040210120000_e20040212180000.nc
2004,SH,13,2004-02-21T00:00:00,2004-02-29T06:00:00,TCPRIMED_v01r01-final_SH132004_env_s20040221000000_e20040229060000.nc
2004,SH,14,2004-02-26T18:00:00,2004-03-02T12:00:00,TCPRIMED_v01r01-final_SH142004_env_s20040226180000_e20040302120000.nc
2004,SH,15,2004-02-29T12:00:00,2004-03-02T06:00:00,TCPRIMED_v01r01-final_SH152004_env_s20040229120000_e20040302060000.nc
2004,SH,16,2004-03-01T06:00:00,2004-03-11T12:00:00,TCPRIMED_v01r01-final_SH162004_env_s20040301060000_e20040311120000.nc
2004,SH,17,2004-03-07T12:00:00,2004-03-13T12:00:00,TCPRIMED_v01r01-final_SH172004_env_s20040307120000_e20040313120000.nc
2004,SH,18,2004-03-15T00:00:00,2004-03-27T18:00:00,TCPRIMED_v01r01-final_SH182004_env_s20040315000000_e20040327180000.nc
2004,SH,19,2004-03-20T12:00:00,2004-03-23T00:00:00,TCPRIMED_v01r01-final_SH192004_env_s20040320120000_e20040323000000.nc
2004,SH,20,2004-03-21T00:00:00,2004-03-28T06:00:00,TCPRIMED_v01r01-final_SH202004_env_s20040321000000_e20040328060000.nc
2004,SH,21,2004-03-23T06:00:00,2004-03-28T12:00:00,TCPRIMED_v01r01-final_SH212004_env_s20040323060000_e20040328120000.nc
2004,SH,22,2004-04-07T06:00:00,2004-04-09T00:00:00,TCPRIMED_v01r01-final_SH222004_env_s20040407060000_e20040409000000.nc
2004,SH,23,2004-05-04T00:00:00,2004-05-15T00:00:00,TCPRIMED_v01r01-final_SH232004_env_s20040504000000_e20040515000000.nc
2004,WP,1,2004-02-10T18:00:00,2004-02-19T06:00:00,TCPRIMED_v01r01-final_WP012004_env_s20040210180000_e20040219060000.nc
2004,WP,2,2004-03-14T00:00:00,2004-03-23T12:00:00,TCPRIMED_v01r01-final_WP022004_env_s20040314000000_e20040323120000.nc
2004,WP,3,2004-04-02T00:00:00,2004-04-15T18:00:00,TCPRIMED_v01r01-final_WP032004_env_s20040402000000_e20040415180000.nc
2004,WP,4,2004-05-13T00:00:00,2004-05-21T06:00:00,TCPRIMED_v01r01-final_WP042004_env_s20040513000000_e20040521060000.nc
2004,WP,5,2004-05-14T00:00:00,2004-05-18T12:00:00,TCPRIMED_v01r01-final_WP052004_env_s20040514000000_e20040518120000.nc
2004,WP,6,2004-05-15T00:00:00,2004-05-22T00:00:00,TCPRIMED_v01r01-final_WP062004_env_s20040515000000_e20040522000000.nc
2004,WP,7,2004-06-04T06:00:00,2004-06-11T06:00:00,TCPRIMED_v01r01-final_WP072004_env_s20040604060000_e20040611060000.nc
2004,WP,8,2004-06-05T12:00:00,2004-06-13T00:00:00,TCPRIMED_v01r01-final_WP082004_env_s20040605120000_e20040613000000.nc
2004,WP,9,2004-06-11T18:00:00,2004-06-21T18:00:00,TCPRIMED_v01r01-final_WP092004_env_s20040611180000_e20040621180000.nc
2004,WP,10,2004-06-21T18:00:00,2004-07-04T06:00:00,TCPRIMED_v01r01-final_WP102004_env_s20040621180000_e20040704060000.nc
2004,WP,11,2004-06-24T18:00:00,2004-07-04T00:00:00,TCPRIMED_v01r01-final_WP112004_env_s20040624180000_e20040704000000.nc
2004,WP,12,2004-07-12T06:00:00,2004-07-16T12:00:00,TCPRIMED_v01r01-final_WP122004_env_s20040712060000_e20040716120000.nc
2004,WP,13,2004-07-24T06:00:00,2004-08-01T06:00:00,TCPRIMED_v01r01-final_WP132004_env_s20040724060000_e20040801060000.nc
2004,WP,14,2004-08-02T18:00:00,2004-08-09T06:00:00,TCPRIMED_v01r01-final_WP142004_env_s20040802180000_e20040809060000.nc
2004,WP,15,2004-08-02T00:00:00,2004-08-05T06:00:00,TCPRIMED_v01r01-final_WP152004_env_s20040802000000_e20040805060000.nc
2004,WP,16,2004-08-07T00:00:00,2004-08-13T00:00:00,TCPRIMED_v01r01-final_WP162004_env_s20040807000000_e20040813000000.nc
2004,WP,17,2004-08-10T06:00:00,2004-08-13T06:00:00,TCPRIMED_v01r01-final_WP172004_env_s20040810060000_e20040813060000.nc
2004,WP,18,2004-08-13T18:00:00,2004-08-19T18:00:00,TCPRIMED_v01r01-final_WP182004_env_s20040813180000_e20040819180000.nc
2004,WP,19,2004-08-17T00:00:00,2004-08-31T12:00:00,TCPRIMED_v01r01-final_WP192004_env_s20040817000000_e20040831120000.nc
2004,WP,20,2004-08-17T18:00:00,2004-08-26T12:00:00,TCPRIMED_v01r01-final_WP202004_env_s20040817180000_e20040826120000.nc
2004,WP,21,2004-08-25T06:00:00,2004-08-28T06:00:00,TCPRIMED_v01r01-final_WP212004_env_s20040825060000_e20040828060000.nc
2004,WP,22,2004-08-26T00:00:00,2004-09-08T00:00:00,TCPRIMED_v01r01-final_WP222004_env_s20040826000000_e20040908000000.nc
2004,WP,23,2004-09-04T00:00:00,2004-09-08T06:00:00,TCPRIMED_v01r01-final_WP232004_env_s20040904000000_e20040908060000.nc
2004,WP,24,2004-09-10T18:00:00,2004-09-13T12:00:00,TCPRIMED_v01r01-final_WP242004_env_s20040910180000_e20040913120000.nc
2004,WP,25,2004-09-18T12:00:00,2004-09-30T00:00:00,TCPRIMED_v01r01-final_WP252004_env_s20040918120000_e20040930000000.nc
2004,WP,26,2004-10-01T06:00:00,2004-10-09T18:00:00,TCPRIMED_v01r01-final_WP262004_env_s20041001060000_e20041009180000.nc
2004,WP,27,2004-10-10T06:00:00,2004-10-20T18:00:00,TCPRIMED_v01r01-final_WP272004_env_s20041010060000_e20041020180000.nc
2004,WP,28,2004-10-13T18:00:00,2004-10-26T12:00:00,TCPRIMED_v01r01-final_WP282004_env_s20041013180000_e20041026120000.nc
2004,WP,29,2004-11-13T18:00:00,2004-11-26T00:00:00,TCPRIMED_v01r01-final_WP292004_env_s20041113180000_e20041126000000.nc
2004,WP,30,2004-11-28T00:00:00,2004-12-04T00:00:00,TCPRIMED_v01r01-final_WP302004_env_s20041128000000_e20041204000000.nc
2004,WP,31,2004-12-09T00:00:00,2004-12-20T00:00:00,TCPRIMED_v01r01-final_WP312004_env_s20041209000000_e20041220000000.nc
2004,WP,32,2004-12-16T18:00:00,2004-12-22T00:00:00,TCPRIMED_v01r01-final_WP322004_env_s20041216180000_e20041222000000.nc
2005,AL,1,2005-06-08T18:00:00,2005-06-14T06:00:00,TCPRIMED_v01r01-final_AL012005_env_s20050608180000_e20050614060000.nc
2005,AL,2,2005-06-28T18:00:00,2005-06-30T00:00:00,TCPRIMED_v01r01-final_AL022005_env_s20050628180000_e20050630000000.nc
2005,AL,3,2005-07-03T18:00:00,2005-07-11T06:00:00,TCPRIMED_v01r01-final_AL032005_env_s20050703180000_e20050711060000.nc
2005,AL,4,2005-07-04T18:00:00,2005-07-18T06:00:00,TCPRIMED_v01r01-final_AL042005_env_s20050704180000_e20050718060000.nc
2005,AL,5,2005-07-11T00:00:00,2005-07-21T12:00:00,TCPRIMED_v01r01-final_AL052005_env_s20050711000000_e20050721120000.nc
2005,AL,6,2005-07-21T18:00:00,2005-07-31T00:00:00,TCPRIMED_v01r01-final_AL062005_env_s20050721180000_e20050731000000.nc
2005,AL,7,2005-07-23T18:00:00,2005-07-25T18:00:00,TCPRIMED_v01r01-final_AL072005_env_s20050723180000_e20050725180000.nc
2005,AL,8,2005-08-02T18:00:00,2005-08-14T00:00:00,TCPRIMED_v01r01-final_AL082005_env_s20050802180000_e20050814000000.nc
2005,AL,9,2005-08-04T18:00:00,2005-08-18T12:00:00,TCPRIMED_v01r01-final_AL092005_env_s20050804180000_e20050818120000.nc
2005,AL,10,2005-08-13T12:00:00,2005-08-18T12:00:00,TCPRIMED_v01r01-final_AL102005_env_s20050813120000_e20050818120000.nc
2005,AL,11,2005-08-22T12:00:00,2005-08-23T12:00:00,TCPRIMED_v01r01-final_AL112005_env_s20050822120000_e20050823120000.nc
2005,AL,12,2005-08-23T18:00:00,2005-08-31T06:00:00,TCPRIMED_v01r01-final_AL122005_env_s20050823180000_e20050831060000.nc
2005,AL,13,2005-08-28T12:00:00,2005-09-03T18:00:00,TCPRIMED_v01r01-final_AL132005_env_s20050828120000_e20050903180000.nc
2005,AL,14,2005-09-01T12:00:00,2005-09-14T00:00:00,TCPRIMED_v01r01-final_AL142005_env_s20050901120000_e20050914000000.nc
2005,AL,15,2005-09-05T18:00:00,2005-09-12T18:00:00,TCPRIMED_v01r01-final_AL152005_env_s20050905180000_e20050912180000.nc
2005,AL,16,2005-09-06T06:00:00,2005-09-23T00:00:00,TCPRIMED_v01r01-final_AL162005_env_s20050906060000_e20050923000000.nc
2005,AL,17,2005-09-17T12:00:00,2005-09-24T06:00:00,TCPRIMED_v01r01-final_AL172005_env_s20050917120000_e20050924060000.nc
2005,AL,18,2005-09-18T00:00:00,2005-09-26T06:00:00,TCPRIMED_v01r01-final_AL182005_env_s20050918000000_e20050926060000.nc
2005,AL,19,2005-09-30T12:00:00,2005-10-02T12:00:00,TCPRIMED_v01r01-final_AL192005_env_s20050930120000_e20051002120000.nc
2005,AL,20,2005-10-01T12:00:00,2005-10-05T06:00:00,TCPRIMED_v01r01-final_AL202005_env_s20051001120000_e20051005060000.nc
2005,AL,21,2005-10-04T00:00:00,2005-10-05T12:00:00,TCPRIMED_v01r01-final_AL212005_env_s20051004000000_e20051005120000.nc
2005,AL,22,2005-10-05T06:00:00,2005-10-07T00:00:00,TCPRIMED_v01r01-final_AL222005_env_s20051005060000_e20051007000000.nc
2005,AL,23,2005-10-08T06:00:00,2005-10-14T18:00:00,TCPRIMED_v01r01-final_AL232005_env_s20051008060000_e20051014180000.nc
2005,AL,24,2005-10-08T06:00:00,2005-10-11T12:00:00,TCPRIMED_v01r01-final_AL242005_env_s20051008060000_e20051011120000.nc
2005,AL,25,2005-10-15T18:00:00,2005-10-26T18:00:00,TCPRIMED_v01r01-final_AL252005_env_s20051015180000_e20051026180000.nc
2005,AL,26,2005-10-22T12:00:00,2005-10-24T18:00:00,TCPRIMED_v01r01-final_AL262005_env_s20051022120000_e20051024180000.nc
2005,AL,27,2005-10-26T18:00:00,2005-10-31T00:00:00,TCPRIMED_v01r01-final_AL272005_env_s20051026180000_e20051031000000.nc
2005,AL,28,2005-11-14T00:00:00,2005-11-22T00:00:00,TCPRIMED_v01r01-final_AL282005_env_s20051114000000_e20051122000000.nc
2005,AL,29,2005-11-19T12:00:00,2005-11-29T18:00:00,TCPRIMED_v01r01-final_AL292005_env_s20051119120000_e20051129180000.nc
2005,AL,30,2005-11-29T06:00:00,2005-12-09T18:00:00,TCPRIMED_v01r01-final_AL302005_env_s20051129060000_e20051209180000.nc
2005,AL,31,2005-12-30T00:00:00,2006-01-07T18:00:00,TCPRIMED_v01r01-final_AL312005_env_s20051230000000_e20060107180000.nc
2005,CP,1,2005-08-02T18:00:00,2005-08-05T00:00:00,TCPRIMED_v01r01-final_CP012005_env_s20050802180000_e20050805000000.nc
2005,EP,1,2005-05-17T18:00:00,2005-05-21T00:00:00,TCPRIMED_v01r01-final_EP012005_env_s20050517180000_e20050521000000.nc
2005,EP,2,2005-06-21T18:00:00,2005-06-26T06:00:00,TCPRIMED_v01r01-final_EP022005_env_s20050621180000_e20050626060000.nc
2005,EP,3,2005-06-26T06:00:00,2005-07-03T12:00:00,TCPRIMED_v01r01-final_EP032005_env_s20050626060000_e20050703120000.nc
2005,EP,4,2005-07-04T00:00:00,2005-07-06T18:00:00,TCPRIMED_v01r01-final_EP042005_env_s20050704000000_e20050706180000.nc
2005,EP,5,2005-07-18T06:00:00,2005-07-21T18:00:00,TCPRIMED_v01r01-final_EP052005_env_s20050718060000_e20050721180000.nc
2005,EP,6,2005-08-09T12:00:00,2005-08-17T12:00:00,TCPRIMED_v01r01-final_EP062005_env_s20050809120000_e20050817120000.nc
2005,EP,7,2005-08-11T06:00:00,2005-08-15T18:00:00,TCPRIMED_v01r01-final_EP072005_env_s20050811060000_e20050815180000.nc
2005,EP,8,2005-08-19T18:00:00,2005-08-28T00:00:00,TCPRIMED_v01r01-final_EP082005_env_s20050819180000_e20050828000000.nc
2005,EP,9,2005-08-25T12:00:00,2005-09-02T18:00:00,TCPRIMED_v01r01-final_EP092005_env_s20050825120000_e20050902180000.nc
2005,EP,10,2005-09-12T00:00:00,2005-09-25T00:00:00,TCPRIMED_v01r01-final_EP102005_env_s20050912000000_e20050925000000.nc
2005,EP,11,2005-09-14T18:00:00,2005-09-30T18:00:00,TCPRIMED_v01r01-final_EP112005_env_s20050914180000_e20050930180000.nc
2005,EP,12,2005-09-17T12:00:00,2005-09-19T00:00:00,TCPRIMED_v01r01-final_EP122005_env_s20050917120000_e20050919000000.nc
2005,EP,13,2005-09-17T12:00:00,2005-09-22T12:00:00,TCPRIMED_v01r01-final_EP132005_env_s20050917120000_e20050922120000.nc
2005,EP,14,2005-09-23T00:00:00,2005-10-01T00:00:00,TCPRIMED_v01r01-final_EP142005_env_s20050923000000_e20051001000000.nc
2005,EP,15,2005-09-28T00:00:00,2005-10-05T12:00:00,TCPRIMED_v01r01-final_EP152005_env_s20050928000000_e20051005120000.nc
2005,EP,16,2005-10-15T00:00:00,2005-10-21T06:00:00,TCPRIMED_v01r01-final_EP162005_env_s20051015000000_e20051021060000.nc
2005,IO,1,2005-01-07T00:00:00,2005-01-10T12:00:00,TCPRIMED_v01r01-final_IO012005_env_s20050107000000_e20050110120000.nc
2005,IO,2,2005-01-11T18:00:00,2005-01-17T06:00:00,TCPRIMED_v01r01-final_IO022005_env_s20050111180000_e20050117060000.nc
2005,IO,3,2005-10-01T06:00:00,2005-10-03T06:00:00,TCPRIMED_v01r01-final_IO032005_env_s20051001060000_e20051003060000.nc
2005,IO,4,2005-10-25T00:00:00,2005-10-29T00:00:00,TCPRIMED_v01r01-final_IO042005_env_s20051025000000_e20051029000000.nc
2005,IO,5,2005-11-26T06:00:00,2005-12-04T00:00:00,TCPRIMED_v01r01-final_IO052005_env_s20051126060000_e20051204000000.nc
2005,IO,6,2005-12-04T06:00:00,2005-12-12T18:00:00,TCPRIMED_v01r01-final_IO062005_env_s20051204060000_e20051212180000.nc
2005,IO,7,2005-12-14T18:00:00,2005-12-24T00:00:00,TCPRIMED_v01r01-final_IO072005_env_s20051214180000_e20051224000000.nc
2005,SH,1,2004-08-31T06:00:00,2004-09-04T12:00:00,TCPRIMED_v01r01-final_SH012005_env_s20040831060000_e20040904120000.nc
2005,SH,2,2004-10-24T18:00:00,2004-10-29T00:00:00,TCPRIMED_v01r01-final_SH022005_env_s20041024180000_e20041029000000.nc
2005,SH,3,2004-11-07T06:00:00,2004-11-15T00:00:00,TCPRIMED_v01r01-final_SH032005_env_s20041107060000_e20041115000000.nc
2005,SH,4,2004-11-19T18:00:00,2004-12-04T00:00:00,TCPRIMED_v01r01-final_SH042005_env_s20041119180000_e20041204000000.nc
2005,SH,5,2004-12-03T06:00:00,2004-12-06T06:00:00,TCPRIMED_v01r01-final_SH052005_env_s20041203060000_e20041206060000.nc
2005,SH,6,2004-12-21T12:00:00,2005-01-01T18:00:00,TCPRIMED_v01r01-final_SH062005_env_s20041221120000_e20050101180000.nc
2005,SH,7,2004-12-30T06:00:00,2005-01-03T06:00:00,TCPRIMED_v01r01-final_SH072005_env_s20041230060000_e20050103060000.nc
2005,SH,8,2005-01-04T00:00:00,2005-01-14T12:00:00,TCPRIMED_v01r01-final_SH082005_env_s20050104000000_e20050114120000.nc
2005,SH,9,2005-01-06T18:00:00,2005-01-10T00:00:00,TCPRIMED_v01r01-final_SH092005_env_s20050106180000_e20050110000000.nc
2005,SH,10,2005-01-13T06:00:00,2005-01-18T12:00:00,TCPRIMED_v01r01-final_SH102005_env_s20050113060000_e20050118120000.nc
2005,SH,11,2005-01-15T06:00:00,2005-01-21T18:00:00,TCPRIMED_v01r01-final_SH112005_env_s20050115060000_e20050121180000.nc
2005,SH,12,2005-01-16T12:00:00,2005-01-24T06:00:00,TCPRIMED_v01r01-final_SH122005_env_s20050116120000_e20050124060000.nc
2005,SH,13,2005-01-22T12:00:00,2005-01-26T12:00:00,TCPRIMED_v01r01-final_SH132005_env_s20050122120000_e20050126120000.nc
2005,SH,14,2005-02-01T18:00:00,2005-02-05T06:00:00,TCPRIMED_v01r01-final_SH142005_env_s20050201180000_e20050205060000.nc
2005,SH,15,2005-02-02T18:00:00,2005-02-07T18:00:00,TCPRIMED_v01r01-final_SH152005_env_s20050202180000_e20050207180000.nc
2005,SH,16,2005-02-05T00:00:00,2005-02-07T18:00:00,TCPRIMED_v01r01-final_SH162005_env_s20050205000000_e20050207180000.nc
2005,SH,17,2005-02-04T00:00:00,2005-02-08T12:00:00,TCPRIMED_v01r01-final_SH172005_env_s20050204000000_e20050208120000.nc
2005,SH,18,2005-02-11T06:00:00,2005-02-17T06:00:00,TCPRIMED_v01r01-final_SH182005_env_s20050211060000_e20050217060000.nc
2005,SH,19,2005-02-13T00:00:00,2005-02-20T06:00:00,TCPRIMED_v01r01-final_SH192005_env_s20050213000000_e20050220060000.nc
2005,SH,20,2005-02-24T18:00:00,2005-03-05T00:00:00,TCPRIMED_v01r01-final_SH202005_env_s20050224180000_e20050305000000.nc
2005,SH,21,2005-03-04T18:00:00,2005-03-06T18:00:00,TCPRIMED_v01r01-final_SH212005_env_s20050304180000_e20050306180000.nc
2005,SH,22,2005-03-04T00:00:00,2005-03-17T06:00:00,TCPRIMED_v01r01-final_SH222005_env_s20050304000000_e20050317060000.nc
2005,SH,23,2005-03-08T18:00:00,2005-03-14T00:00:00,TCPRIMED_v01r01-final_SH232005_env_s20050308180000_e20050314000000.nc
2005,SH,24,2005-03-21T00:00:00,2005-03-28T00:00:00,TCPRIMED_v01r01-final_SH242005_env_s20050321000000_e20050328000000.nc
2005,SH,25,2005-03-29T12:00:00,2005-04-07T06:00:00,TCPRIMED_v01r01-final_SH252005_env_s20050329120000_e20050407060000.nc
2005,SH,26,2005-04-01T12:00:00,2005-04-12T18:00:00,TCPRIMED_v01r01-final_SH262005_env_s20050401120000_e20050412180000.nc
2005,WP,1,2005-01-13T00:00:00,2005-01-18T18:00:00,TCPRIMED_v01r01-final_WP012005_env_s20050113000000_e20050118180000.nc
2005,WP,2,2005-03-12T00:00:00,2005-03-17T18:00:00,TCPRIMED_v01r01-final_WP022005_env_s20050312000000_e20050317180000.nc
2005,WP,3,2005-04-16T18:00:00,2005-04-27T00:00:00,TCPRIMED_v01r01-final_WP032005_env_s20050416180000_e20050427000000.nc
2005,WP,4,2005-05-27T12:00:00,2005-06-11T00:00:00,TCPRIMED_v01r01-final_WP042005_env_s20050527120000_e20050611000000.nc
2005,WP,5,2005-07-10T12:00:00,2005-07-19T12:00:00,TCPRIMED_v01r01-final_WP052005_env_s20050710120000_e20050719120000.nc
2005,WP,6,2005-07-18T00:00:00,2005-07-23T18:00:00,TCPRIMED_v01r01-final_WP062005_env_s20050718000000_e20050723180000.nc
2005,WP,7,2005-07-21T12:00:00,2005-07-28T00:00:00,TCPRIMED_v01r01-final_WP072005_env_s20050721120000_e20050728000000.nc
2005,WP,8,2005-07-28T18:00:00,2005-07-31T12:00:00,TCPRIMED_v01r01-final_WP082005_env_s20050728180000_e20050731120000.nc
2005,WP,9,2005-07-29T18:00:00,2005-08-06T18:00:00,TCPRIMED_v01r01-final_WP092005_env_s20050729180000_e20050806180000.nc
2005,WP,10,2005-08-09T18:00:00,2005-08-14T00:00:00,TCPRIMED_v01r01-final_WP102005_env_s20050809180000_e20050814000000.nc
2005,WP,11,2005-08-18T00:00:00,2005-08-27T00:00:00,TCPRIMED_v01r01-final_WP112005_env_s20050818000000_e20050827000000.nc
2005,WP,12,2005-08-17T06:00:00,2005-08-25T00:00:00,TCPRIMED_v01r01-final_WP122005_env_s20050817060000_e20050825000000.nc
2005,WP,13,2005-08-24T18:00:00,2005-09-01T18:00:00,TCPRIMED_v01r01-final_WP132005_env_s20050824180000_e20050901180000.nc
2005,WP,14,2005-08-28T18:00:00,2005-09-07T00:00:00,TCPRIMED_v01r01-final_WP142005_env_s20050828180000_e20050907000000.nc
2005,WP,15,2005-09-05T06:00:00,2005-09-11T18:00:00,TCPRIMED_v01r01-final_WP152005_env_s20050905060000_e20050911180000.nc
2005,WP,16,2005-09-14T06:00:00,2005-09-18T12:00:00,TCPRIMED_v01r01-final_WP162005_env_s20050914060000_e20050918120000.nc
2005,WP,17,2005-09-20T06:00:00,2005-09-27T18:00:00,TCPRIMED_v01r01-final_WP172005_env_s20050920060000_e20050927180000.nc
2005,WP,18,2005-09-19T00:00:00,2005-09-26T00:00:00,TCPRIMED_v01r01-final_WP182005_env_s20050919000000_e20050926000000.nc
2005,WP,19,2005-09-25T00:00:00,2005-10-03T18:00:00,TCPRIMED_v01r01-final_WP192005_env_s20050925000000_e20051003180000.nc
2005,WP,20,2005-10-06T06:00:00,2005-10-08T06:00:00,TCPRIMED_v01r01-final_WP202005_env_s20051006060000_e20051008060000.nc
2005,WP,21,2005-10-10T00:00:00,2005-10-19T00:00:00,TCPRIMED_v01r01-final_WP212005_env_s20051010000000_e20051019000000.nc
2005,WP,22,2005-10-27T18:00:00,2005-11-02T12:00:00,TCPRIMED_v01r01-final_WP222005_env_s20051027180000_e20051102120000.nc
2005,WP,23,2005-11-06T12:00:00,2005-11-12T12:00:00,TCPRIMED_v01r01-final_WP232005_env_s20051106120000_e20051112120000.nc
2005,WP,24,2005-11-12T00:00:00,2005-11-20T18:00:00,TCPRIMED_v01r01-final_WP242005_env_s20051112000000_e20051120180000.nc
2005,WP,25,2005-12-15T12:00:00,2005-12-21T06:00:00,TCPRIMED_v01r01-final_WP252005_env_s20051215120000_e20051221060000.nc
2006,AL,1,2006-06-10T06:00:00,2006-06-19T06:00:00,TCPRIMED_v01r01-final_AL012006_env_s20060610060000_e20060619060000.nc
2006,AL,2,2006-07-16T12:00:00,2006-07-19T12:00:00,TCPRIMED_v01r01-final_AL022006_env_s20060716120000_e20060719120000.nc
2006,AL,3,2006-07-18T12:00:00,2006-07-22T12:00:00,TCPRIMED_v01r01-final_AL032006_env_s20060718120000_e20060722120000.nc
2006,AL,4,2006-08-01T00:00:00,2006-08-06T12:00:00,TCPRIMED_v01r01-final_AL042006_env_s20060801000000_e20060806120000.nc
2006,AL,5,2006-08-21T18:00:00,2006-08-28T00:00:00,TCPRIMED_v01r01-final_AL052006_env_s20060821180000_e20060828000000.nc
2006,AL,6,2006-08-24T18:00:00,2006-09-04T06:00:00,TCPRIMED_v01r01-final_AL062006_env_s20060824180000_e20060904060000.nc
2006,AL,7,2006-09-03T18:00:00,2006-09-19T00:00:00,TCPRIMED_v01r01-final_AL072006_env_s20060903180000_e20060919000000.nc
2006,AL,8,2006-09-10T18:00:00,2006-09-24T18:00:00,TCPRIMED_v01r01-final_AL082006_env_s20060910180000_e20060924180000.nc
2006,AL,9,2006-09-12T12:00:00,2006-09-27T18:00:00,TCPRIMED_v01r01-final_AL092006_env_s20060912120000_e20060927180000.nc
2006,AL,10,2006-09-27T18:00:00,2006-10-03T12:00:00,TCPRIMED_v01r01-final_AL102006_env_s20060927180000_e20061003120000.nc
2006,CP,1,2006-08-16T00:00:00,2006-09-06T12:00:00,TCPRIMED_v01r01-final_CP012006_env_s20060816000000_e20060906120000.nc
2006,CP,2,2006-09-14T12:00:00,2006-09-23T18:00:00,TCPRIMED_v01r01-final_CP022006_env_s20060914120000_e20060923180000.nc
2006,CP,3,2006-09-25T00:00:00,2006-09-27T06:00:00,TCPRIMED_v01r01-final_CP032006_env_s20060925000000_e20060927060000.nc
2006,CP,4,2006-10-07T18:00:00,2006-10-16T18:00:00,TCPRIMED_v01r01-final_CP042006_env_s20061007180000_e20061016180000.nc
2006,EP,1,2006-05-27T06:00:00,2006-05-31T00:00:00,TCPRIMED_v01r01-final_EP012006_env_s20060527060000_e20060531000000.nc
2006,EP,2,2006-06-03T12:00:00,2006-06-05T00:00:00,TCPRIMED_v01r01-final_EP022006_env_s20060603120000_e20060605000000.nc
2006,EP,3,2006-07-11T00:00:00,2006-07-17T12:00:00,TCPRIMED_v01r01-final_EP032006_env_s20060711000000_e20060717120000.nc
2006,EP,4,2006-07-12T00:00:00,2006-07-20T00:00:00,TCPRIMED_v01r01-final_EP042006_env_s20060712000000_e20060720000000.nc
2006,EP,5,2006-07-16T18:00:00,2006-07-28T12:00:00,TCPRIMED_v01r01-final_EP052006_env_s20060716180000_e20060728120000.nc
2006,EP,6,2006-07-21T12:00:00,2006-07-31T12:00:00,TCPRIMED_v01r01-final_EP062006_env_s20060721120000_e20060731120000.nc
2006,EP,7,2006-07-31T18:00:00,2006-08-05T18:00:00,TCPRIMED_v01r01-final_EP072006_env_s20060731180000_e20060805180000.nc
2006,EP,8,2006-08-01T00:00:00,2006-08-05T00:00:00,TCPRIMED_v01r01-final_EP082006_env_s20060801000000_e20060805000000.nc
2006,EP,9,2006-08-15T18:00:00,2006-08-24T06:00:00,TCPRIMED_v01r01-final_EP092006_env_s20060815180000_e20060824060000.nc
2006,EP,10,2006-08-21T12:00:00,2006-08-29T06:00:00,TCPRIMED_v01r01-final_EP102006_env_s20060821120000_e20060829060000.nc
2006,EP,11,2006-08-28T00:00:00,2006-09-04T12:00:00,TCPRIMED_v01r01-final_EP112006_env_s20060828000000_e20060904120000.nc
2006,EP,12,2006-08-30T00:00:00,2006-09-09T06:00:00,TCPRIMED_v01r01-final_EP122006_env_s20060830000000_e20060909060000.nc
2006,EP,13,2006-09-13T18:00:00,2006-09-17T12:00:00,TCPRIMED_v01r01-final_EP132006_env_s20060913180000_e20060917120000.nc
2006,EP,14,2006-09-16T00:00:00,2006-09-21T06:00:00,TCPRIMED_v01r01-final_EP142006_env_s20060916000000_e20060921060000.nc
2006,EP,15,2006-10-09T00:00:00,2006-10-15T18:00:00,TCPRIMED_v01r01-final_EP152006_env_s20061009000000_e20061015180000.nc
2006,EP,16,2006-10-09T18:00:00,2006-10-14T18:00:00,TCPRIMED_v01r01-final_EP162006_env_s20061009180000_e20061014180000.nc
2006,EP,17,2006-10-21T06:00:00,2006-10-26T06:00:00,TCPRIMED_v01r01-final_EP172006_env_s20061021060000_e20061026060000.nc
2006,EP,18,2006-10-26T12:00:00,2006-10-29T00:00:00,TCPRIMED_v01r01-final_EP182006_env_s20061026120000_e20061029000000.nc
2006,EP,19,2006-11-08T06:00:00,2006-11-10T18:00:00,TCPRIMED_v01r01-final_EP192006_env_s20061108060000_e20061110180000.nc
2006,EP,20,2006-11-11T00:00:00,2006-11-11T12:00:00,TCPRIMED_v01r01-final_EP202006_env_s20061111000000_e20061111120000.nc
2006,EP,21,2006-11-13T18:00:00,2006-11-20T18:00:00,TCPRIMED_v01r01-final_EP212006_env_s20061113180000_e20061120180000.nc
2006,IO,1,2006-01-12T00:00:00,2006-01-19T06:00:00,TCPRIMED_v01r01-final_IO012006_env_s20060112000000_e20060119060000.nc
2006,IO,2,2006-04-24T06:00:00,2006-04-29T12:00:00,TCPRIMED_v01r01-final_IO022006_env_s20060424060000_e20060429120000.nc
2006,IO,3,2006-06-30T18:00:00,2006-07-03T12:00:00,TCPRIMED_v01r01-final_IO032006_env_s20060630180000_e20060703120000.nc
2006,IO,4,2006-09-19T06:00:00,2006-09-26T12:00:00,TCPRIMED_v01r01-final_IO042006_env_s20060919060000_e20060926120000.nc
2006,IO,5,2006-09-28T00:00:00,2006-09-30T00:00:00,TCPRIMED_v01r01-final_IO052006_env_s20060928000000_e20060930000000.nc
2006,IO,6,2006-10-27T06:00:00,2006-10-30T12:00:00,TCPRIMED_v01r01-final_IO062006_env_s20061027060000_e20061030120000.nc
2006,SH,1,2005-10-13T18:00:00,2005-10-17T06:00:00,TCPRIMED_v01r01-final_SH012006_env_s20051013180000_e20051017060000.nc
2006,SH,2,2005-11-04T06:00:00,2005-11-08T06:00:00,TCPRIMED_v01r01-final_SH022006_env_s20051104060000_e20051108060000.nc
2006,SH,3,2005-11-18T06:00:00,2005-11-29T06:00:00,TCPRIMED_v01r01-final_SH032006_env_s20051118060000_e20051129060000.nc
2006,SH,4,2005-12-17T00:00:00,2005-12-29T18:00:00,TCPRIMED_v01r01-final_SH042006_env_s20051217000000_e20051229180000.nc
2006,SH,5,2006-01-06T18:00:00,2006-01-10T18:00:00,TCPRIMED_v01r01-final_SH052006_env_s20060106180000_e20060110180000.nc
2006,SH,6,2006-01-11T06:00:00,2006-01-14T06:00:00,TCPRIMED_v01r01-final_SH062006_env_s20060111060000_e20060114060000.nc
2006,SH,7,2006-01-13T12:00:00,2006-01-15T06:00:00,TCPRIMED_v01r01-final_SH072006_env_s20060113120000_e20060115060000.nc
2006,SH,8,2006-01-18T12:00:00,2006-01-23T12:00:00,TCPRIMED_v01r01-final_SH082006_env_s20060118120000_e20060123120000.nc
2006,SH,9,2006-01-22T12:00:00,2006-02-06T06:00:00,TCPRIMED_v01r01-final_SH092006_env_s20060122120000_e20060206060000.nc
2006,SH,10,2006-01-27T00:00:00,2006-02-02T18:00:00,TCPRIMED_v01r01-final_SH102006_env_s20060127000000_e20060202180000.nc
2006,SH,11,2006-02-10T18:00:00,2006-02-17T18:00:00,TCPRIMED_v01r01-final_SH112006_env_s20060210180000_e20060217180000.nc
2006,SH,12,2006-02-18T00:00:00,2006-02-23T18:00:00,TCPRIMED_v01r01-final_SH122006_env_s20060218000000_e20060223180000.nc
2006,SH,13,2006-02-22T06:00:00,2006-02-24T00:00:00,TCPRIMED_v01r01-final_SH132006_env_s20060222060000_e20060224000000.nc
2006,SH,14,2006-02-22T12:00:00,2006-03-02T18:00:00,TCPRIMED_v01r01-final_SH142006_env_s20060222120000_e20060302180000.nc
2006,SH,15,2006-02-26T18:00:00,2006-02-28T12:00:00,TCPRIMED_v01r01-final_SH152006_env_s20060226180000_e20060228120000.nc
2006,SH,16,2006-03-01T06:00:00,2006-03-09T06:00:00,TCPRIMED_v01r01-final_SH162006_env_s20060301060000_e20060309060000.nc
2006,SH,17,2006-03-16T12:00:00,2006-03-21T06:00:00,TCPRIMED_v01r01-final_SH172006_env_s20060316120000_e20060321060000.nc
2006,SH,18,2006-03-18T00:00:00,2006-03-25T06:00:00,TCPRIMED_v01r01-final_SH182006_env_s20060318000000_e20060325060000.nc
2006,SH,19,2006-03-19T00:00:00,2006-03-27T00:00:00,TCPRIMED_v01r01-final_SH192006_env_s20060319000000_e20060327000000.nc
2006,SH,20,2006-03-23T12:00:00,2006-03-31T00:00:00,TCPRIMED_v01r01-final_SH202006_env_s20060323120000_e20060331000000.nc
2006,SH,21,2006-04-03T00:00:00,2006-04-08T06:00:00,TCPRIMED_v01r01-final_SH212006_env_s20060403000000_e20060408060000.nc
2006,SH,22,2006-04-03T12:00:00,2006-04-16T12:00:00,TCPRIMED_v01r01-final_SH222006_env_s20060403120000_e20060416120000.nc
2006,SH,23,2006-04-16T18:00:00,2006-04-26T18:00:00,TCPRIMED_v01r01-final_SH232006_env_s20060416180000_e20060426180000.nc
2006,WP,1,2006-03-01T06:00:00,2006-03-07T00:00:00,TCPRIMED_v01r01-final_WP012006_env_s20060301060000_e20060307000000.nc
2006,WP,2,2006-05-07T18:00:00,2006-05-19T00:00:00,TCPRIMED_v01r01-final_WP022006_env_s20060507180000_e20060519000000.nc
2006,WP,3,2006-06-22T18:00:00,2006-06-29T06:00:00,TCPRIMED_v01r01-final_WP032006_env_s20060622180000_e20060629060000.nc
2006,WP,4,2006-06-29T12:00:00,2006-07-10T12:00:00,TCPRIMED_v01r01-final_WP042006_env_s20060629120000_e20060710120000.nc
2006,WP,5,2006-07-07T00:00:00,2006-07-14T12:00:00,TCPRIMED_v01r01-final_WP052006_env_s20060707000000_e20060714120000.nc
2006,WP,6,2006-07-17T00:00:00,2006-07-26T00:00:00,TCPRIMED_v01r01-final_WP062006_env_s20060717000000_e20060726000000.nc
2006,WP,7,2006-07-28T00:00:00,2006-08-05T00:00:00,TCPRIMED_v01r01-final_WP072006_env_s20060728000000_e20060805000000.nc
2006,WP,8,2006-08-04T00:00:00,2006-08-12T06:00:00,TCPRIMED_v01r01-final_WP082006_env_s20060804000000_e20060812060000.nc
2006,WP,9,2006-08-03T18:00:00,2006-08-10T18:00:00,TCPRIMED_v01r01-final_WP092006_env_s20060803180000_e20060810180000.nc
2006,WP,10,2006-08-05T00:00:00,2006-08-11T00:00:00,TCPRIMED_v01r01-final_WP102006_env_s20060805000000_e20060811000000.nc
2006,WP,11,2006-08-12T06:00:00,2006-08-20T00:00:00,TCPRIMED_v01r01-final_WP112006_env_s20060812060000_e20060820000000.nc
2006,WP,12,2006-08-13T06:00:00,2006-08-16T12:00:00,TCPRIMED_v01r01-final_WP122006_env_s20060813060000_e20060816120000.nc
2006,WP,13,2006-08-22T00:00:00,2006-08-25T06:00:00,TCPRIMED_v01r01-final_WP132006_env_s20060822000000_e20060825060000.nc
2006,WP,14,2006-09-09T00:00:00,2006-09-17T18:00:00,TCPRIMED_v01r01-final_WP142006_env_s20060909000000_e20060917180000.nc
2006,WP,15,2006-09-12T00:00:00,2006-09-13T12:00:00,TCPRIMED_v01r01-final_WP152006_env_s20060912000000_e20060913120000.nc
2006,WP,16,2006-09-16T00:00:00,2006-09-25T06:00:00,TCPRIMED_v01r01-final_WP162006_env_s20060916000000_e20060925060000.nc
2006,WP,17,2006-09-21T06:00:00,2006-09-25T00:00:00,TCPRIMED_v01r01-final_WP172006_env_s20060921060000_e20060925000000.nc
2006,WP,18,2006-09-25T06:00:00,2006-10-02T00:00:00,TCPRIMED_v01r01-final_WP182006_env_s20060925060000_e20061002000000.nc
2006,WP,19,2006-10-03T06:00:00,2006-10-06T06:00:00,TCPRIMED_v01r01-final_WP192006_env_s20061003060000_e20061006060000.nc
2006,WP,20,2006-10-03T00:00:00,2006-10-06T06:00:00,TCPRIMED_v01r01-final_WP202006_env_s20061003000000_e20061006060000.nc
2006,WP,21,2006-10-08T12:00:00,2006-10-16T12:00:00,TCPRIMED_v01r01-final_WP212006_env_s20061008120000_e20061016120000.nc
2006,WP,22,2006-10-25T00:00:00,2006-11-07T12:00:00,TCPRIMED_v01r01-final_WP222006_env_s20061025000000_e20061107120000.nc
2006,WP,23,2006-11-07T06:00:00,2006-11-15T00:00:00,TCPRIMED_v01r01-final_WP232006_env_s20061107060000_e20061115000000.nc
2006,WP,24,2006-11-24T12:00:00,2006-12-09T18:00:00,TCPRIMED_v01r01-final_WP242006_env_s20061124120000_e20061209180000.nc
2006,WP,25,2006-12-06T00:00:00,2006-12-15T00:00:00,TCPRIMED_v01r01-final_WP252006_env_s20061206000000_e20061215000000.nc
2006,WP,26,2006-12-15T18:00:00,2006-12-18T18:00:00,TCPRIMED_v01r01-final_WP262006_env_s20061215180000_e20061218180000.nc
2007,AL,1,2007-05-06T12:00:00,2007-05-14T00:00:00,TCPRIMED_v01r01-final_AL012007_env_s20070506120000_e20070514000000.nc
2007,AL,2,2007-05-31T00:00:00,2007-06-05T12:00:00,TCPRIMED_v01r01-final_AL022007_env_s20070531000000_e20070605120000.nc
2007,AL,3,2007-07-31T00:00:00,2007-08-05T12:00:00,TCPRIMED_v01r01-final_AL032007_env_s20070731000000_e20070805120000.nc
2007,AL,4,2007-08-13T06:00:00,2007-08-23T00:00:00,TCPRIMED_v01r01-final_AL042007_env_s20070813060000_e20070823000000.nc
2007,AL,5,2007-08-15T00:00:00,2007-08-19T18:00:00,TCPRIMED_v01r01-final_AL052007_env_s20070815000000_e20070819180000.nc
2007,AL,6,2007-08-31T12:00:00,2007-09-06T18:00:00,TCPRIMED_v01r01-final_AL062007_env_s20070831120000_e20070906180000.nc
2007,AL,7,2007-09-08T00:00:00,2007-09-11T06:00:00,TCPRIMED_v01r01-final_AL072007_env_s20070908000000_e20070911060000.nc
2007,AL,8,2007-09-12T06:00:00,2007-09-18T12:00:00,TCPRIMED_v01r01-final_AL082007_env_s20070912060000_e20070918120000.nc
2007,AL,9,2007-09-12T06:00:00,2007-09-14T12:00:00,TCPRIMED_v01r01-final_AL092007_env_s20070912060000_e20070914120000.nc
2007,AL,10,2007-09-21T12:00:00,2007-09-22T06:00:00,TCPRIMED_v01r01-final_AL102007_env_s20070921120000_e20070922060000.nc
2007,AL,11,2007-09-23T00:00:00,2007-09-24T18:00:00,TCPRIMED_v01r01-final_AL112007_env_s20070923000000_e20070924180000.nc
2007,AL,12,2007-09-25T00:00:00,2007-09-29T12:00:00,TCPRIMED_v01r01-final_AL122007_env_s20070925000000_e20070929120000.nc
2007,AL,13,2007-09-25T18:00:00,2007-09-28T18:00:00,TCPRIMED_v01r01-final_AL132007_env_s20070925180000_e20070928180000.nc
2007,AL,14,2007-09-28T06:00:00,2007-10-05T18:00:00,TCPRIMED_v01r01-final_AL142007_env_s20070928060000_e20071005180000.nc
2007,AL,15,2007-10-11T12:00:00,2007-10-17T18:00:00,TCPRIMED_v01r01-final_AL152007_env_s20071011120000_e20071017180000.nc
2007,AL,16,2007-10-24T00:00:00,2007-11-06T00:00:00,TCPRIMED_v01r01-final_AL162007_env_s20071024000000_e20071106000000.nc
2007,AL,17,2007-12-10T12:00:00,2007-12-16T06:00:00,TCPRIMED_v01r01-final_AL172007_env_s20071210120000_e20071216060000.nc
2007,EP,1,2007-05-27T00:00:00,2007-06-06T12:00:00,TCPRIMED_v01r01-final_EP012007_env_s20070527000000_e20070606120000.nc
2007,EP,2,2007-05-29T18:00:00,2007-06-02T18:00:00,TCPRIMED_v01r01-final_EP022007_env_s20070529180000_e20070602180000.nc
2007,EP,3,2007-06-11T12:00:00,2007-06-15T00:00:00,TCPRIMED_v01r01-final_EP032007_env_s20070611120000_e20070615000000.nc
2007,EP,4,2007-07-09T18:00:00,2007-07-11T18:00:00,TCPRIMED_v01r01-final_EP042007_env_s20070709180000_e20070711180000.nc
2007,EP,5,2007-07-14T12:00:00,2007-07-16T00:00:00,TCPRIMED_v01r01-final_EP052007_env_s20070714120000_e20070716000000.nc
2007,EP,6,2007-07-14T12:00:00,2007-07-24T18:00:00,TCPRIMED_v01r01-final_EP062007_env_s20070714120000_e20070724180000.nc
2007,EP,7,2007-07-22T00:00:00,2007-07-30T06:00:00,TCPRIMED_v01r01-final_EP072007_env_s20070722000000_e20070730060000.nc
2007,EP,8,2007-07-31T12:00:00,2007-08-02T00:00:00,TCPRIMED_v01r01-final_EP082007_env_s20070731120000_e20070802000000.nc
2007,EP,9,2007-08-08T18:00:00,2007-08-16T12:00:00,TCPRIMED_v01r01-final_EP092007_env_s20070808180000_e20070816120000.nc
2007,EP,10,2007-08-29T12:00:00,2007-09-03T00:00:00,TCPRIMED_v01r01-final_EP102007_env_s20070829120000_e20070903000000.nc
2007,EP,11,2007-08-30T06:00:00,2007-09-06T06:00:00,TCPRIMED_v01r01-final_EP112007_env_s20070830060000_e20070906060000.nc
2007,EP,12,2007-09-18T06:00:00,2007-09-25T00:00:00,TCPRIMED_v01r01-final_EP122007_env_s20070918060000_e20070925000000.nc
2007,EP,13,2007-09-19T06:00:00,2007-09-25T00:00:00,TCPRIMED_v01r01-final_EP132007_env_s20070919060000_e20070925000000.nc
2007,EP,14,2007-09-29T00:00:00,2007-10-05T00:00:00,TCPRIMED_v01r01-final_EP142007_env_s20070929000000_e20071005000000.nc
2007,EP,15,2007-10-15T00:00:00,2007-10-27T06:00:00,TCPRIMED_v01r01-final_EP152007_env_s20071015000000_e20071027060000.nc
2007,IO,1,2007-05-13T00:00:00,2007-05-15T00:00:00,TCPRIMED_v01r01-final_IO012007_env_s20070513000000_e20070515000000.nc
2007,IO,2,2007-05-31T06:00:00,2007-06-08T00:00:00,TCPRIMED_v01r01-final_IO022007_env_s20070531060000_e20070608000000.nc
2007,IO,3,2007-06-20T18:00:00,2007-06-27T12:00:00,TCPRIMED_v01r01-final_IO032007_env_s20070620180000_e20070627120000.nc
2007,IO,4,2007-06-27T00:00:00,2007-06-30T06:00:00,TCPRIMED_v01r01-final_IO042007_env_s20070627000000_e20070630060000.nc
2007,IO,5,2007-10-27T06:00:00,2007-10-30T06:00:00,TCPRIMED_v01r01-final_IO052007_env_s20071027060000_e20071030060000.nc
2007,IO,6,2007-11-10T06:00:00,2007-11-16T00:00:00,TCPRIMED_v01r01-final_IO062007_env_s20071110060000_e20071116000000.nc
2007,SH,1,2006-10-20T12:00:00,2006-10-26T06:00:00,TCPRIMED_v01r01-final_SH012007_env_s20061020120000_e20061026060000.nc
2007,SH,2,2006-11-18T18:00:00,2006-11-27T00:00:00,TCPRIMED_v01r01-final_SH022007_env_s20061118180000_e20061127000000.nc
2007,SH,3,2006-11-27T06:00:00,2006-12-04T00:00:00,TCPRIMED_v01r01-final_SH032007_env_s20061127060000_e20061204000000.nc
2007,SH,4,2006-12-01T00:00:00,2006-12-03T00:00:00,TCPRIMED_v01r01-final_SH042007_env_s20061201000000_e20061203000000.nc
2007,SH,5,2006-12-16T00:00:00,2006-12-26T18:00:00,TCPRIMED_v01r01-final_SH052007_env_s20061216000000_e20061226180000.nc
2007,SH,6,2006-12-29T12:00:00,2007-01-04T18:00:00,TCPRIMED_v01r01-final_SH062007_env_s20061229120000_e20070104180000.nc
2007,SH,7,2006-12-31T00:00:00,2007-01-03T06:00:00,TCPRIMED_v01r01-final_SH072007_env_s20061231000000_e20070103060000.nc
2007,SH,8,2007-01-21T06:00:00,2007-01-24T12:00:00,TCPRIMED_v01r01-final_SH082007_env_s20070121060000_e20070124120000.nc
2007,SH,9,2007-01-21T06:00:00,2007-01-27T06:00:00,TCPRIMED_v01r01-final_SH092007_env_s20070121060000_e20070127060000.nc
2007,SH,10,2007-01-28T06:00:00,2007-02-10T00:00:00,TCPRIMED_v01r01-final_SH102007_env_s20070128060000_e20070210000000.nc
2007,SH,11,2007-02-01T18:00:00,2007-02-05T18:00:00,TCPRIMED_v01r01-final_SH112007_env_s20070201180000_e20070205180000.nc
2007,SH,12,2007-02-02T18:00:00,2007-02-07T06:00:00,TCPRIMED_v01r01-final_SH122007_env_s20070202180000_e20070207060000.nc
2007,SH,13,2007-02-05T18:00:00,2007-02-12T00:00:00,TCPRIMED_v01r01-final_SH132007_env_s20070205180000_e20070212000000.nc
2007,SH,14,2007-02-11T18:00:00,2007-02-23T12:00:00,TCPRIMED_v01r01-final_SH142007_env_s20070211180000_e20070223120000.nc
2007,SH,15,2007-02-19T06:00:00,2007-03-03T00:00:00,TCPRIMED_v01r01-final_SH152007_env_s20070219060000_e20070303000000.nc
2007,SH,16,2007-02-20T18:00:00,2007-03-01T06:00:00,TCPRIMED_v01r01-final_SH162007_env_s20070220180000_e20070301060000.nc
2007,SH,17,2007-02-28T06:00:00,2007-03-10T00:00:00,TCPRIMED_v01r01-final_SH172007_env_s20070228060000_e20070310000000.nc
2007,SH,18,2007-03-03T00:00:00,2007-03-12T18:00:00,TCPRIMED_v01r01-final_SH182007_env_s20070303000000_e20070312180000.nc
2007,SH,19,2007-03-07T00:00:00,2007-03-17T06:00:00,TCPRIMED_v01r01-final_SH192007_env_s20070307000000_e20070317060000.nc
2007,SH,20,2007-03-24T06:00:00,2007-03-29T06:00:00,TCPRIMED_v01r01-final_SH202007_env_s20070324060000_e20070329060000.nc
2007,SH,21,2007-03-24T18:00:00,2007-03-29T18:00:00,TCPRIMED_v01r01-final_SH212007_env_s20070324180000_e20070329180000.nc
2007,SH,22,2007-03-28T00:00:00,2007-04-08T06:00:00,TCPRIMED_v01r01-final_SH222007_env_s20070328000000_e20070408060000.nc
2007,SH,23,2007-04-02T18:00:00,2007-04-06T18:00:00,TCPRIMED_v01r01-final_SH232007_env_s20070402180000_e20070406180000.nc
2007,SH,24,2007-05-15T12:00:00,2007-05-23T00:00:00,TCPRIMED_v01r01-final_SH242007_env_s20070515120000_e20070523000000.nc
2007,WP,1,2007-03-30T18:00:00,2007-04-05T18:00:00,TCPRIMED_v01r01-final_WP012007_env_s20070330180000_e20070405180000.nc
2007,WP,2,2007-05-15T00:00:00,2007-05-22T18:00:00,TCPRIMED_v01r01-final_WP022007_env_s20070515000000_e20070522180000.nc
2007,WP,3,2007-07-03T00:00:00,2007-07-06T00:00:00,TCPRIMED_v01r01-final_WP032007_env_s20070703000000_e20070706000000.nc
2007,WP,4,2007-07-06T18:00:00,2007-07-16T00:00:00,TCPRIMED_v01r01-final_WP042007_env_s20070706180000_e20070716000000.nc
2007,WP,5,2007-07-27T00:00:00,2007-08-04T06:00:00,TCPRIMED_v01r01-final_WP052007_env_s20070727000000_e20070804060000.nc
2007,WP,6,2007-08-01T12:00:00,2007-08-07T12:00:00,TCPRIMED_v01r01-final_WP062007_env_s20070801120000_e20070807120000.nc
2007,WP,7,2007-08-04T06:00:00,2007-08-10T00:00:00,TCPRIMED_v01r01-final_WP072007_env_s20070804060000_e20070810000000.nc
2007,WP,8,2007-08-06T18:00:00,2007-08-09T00:00:00,TCPRIMED_v01r01-final_WP082007_env_s20070806180000_e20070809000000.nc
2007,WP,9,2007-08-11T00:00:00,2007-08-19T18:00:00,TCPRIMED_v01r01-final_WP092007_env_s20070811000000_e20070819180000.nc
2007,WP,10,2007-08-28T12:00:00,2007-09-07T18:00:00,TCPRIMED_v01r01-final_WP102007_env_s20070828120000_e20070907180000.nc
2007,WP,11,2007-09-06T06:00:00,2007-09-11T12:00:00,TCPRIMED_v01r01-final_WP112007_env_s20070906060000_e20070911120000.nc
2007,WP,12,2007-09-11T06:00:00,2007-09-17T00:00:00,TCPRIMED_v01r01-final_WP122007_env_s20070911060000_e20070917000000.nc
2007,WP,13,2007-09-14T06:00:00,2007-09-20T00:00:00,TCPRIMED_v01r01-final_WP132007_env_s20070914060000_e20070920000000.nc
2007,WP,14,2007-09-19T06:00:00,2007-09-21T00:00:00,TCPRIMED_v01r01-final_WP142007_env_s20070919060000_e20070921000000.nc
2007,WP,15,2007-09-22T18:00:00,2007-09-25T18:00:00,TCPRIMED_v01r01-final_WP152007_env_s20070922180000_e20070925180000.nc
2007,WP,16,2007-09-29T06:00:00,2007-10-04T06:00:00,TCPRIMED_v01r01-final_WP162007_env_s20070929060000_e20071004060000.nc
2007,WP,17,2007-10-01T12:00:00,2007-10-08T00:00:00,TCPRIMED_v01r01-final_WP172007_env_s20071001120000_e20071008000000.nc
2007,WP,18,2007-10-09T00:00:00,2007-10-15T06:00:00,TCPRIMED_v01r01-final_WP182007_env_s20071009000000_e20071015060000.nc
2007,WP,19,2007-10-18T06:00:00,2007-10-22T06:00:00,TCPRIMED_v01r01-final_WP192007_env_s20071018060000_e20071022060000.nc
2007,WP,20,2007-10-24T18:00:00,2007-10-27T00:00:00,TCPRIMED_v01r01-final_WP202007_env_s20071024180000_e20071027000000.nc
2007,WP,21,2007-11-01T18:00:00,2007-11-10T12:00:00,TCPRIMED_v01r01-final_WP212007_env_s20071101180000_e20071110120000.nc
2007,WP,22,2007-11-09T06:00:00,2007-11-12T18:00:00,TCPRIMED_v01r01-final_WP222007_env_s20071109060000_e20071112180000.nc
2007,WP,23,2007-11-18T12:00:00,2007-11-27T12:00:00,TCPRIMED_v01r01-final_WP232007_env_s20071118120000_e20071127120000.nc
2007,WP,24,2007-11-20T00:00:00,2007-11-28T00:00:00,TCPRIMED_v01r01-final_WP242007_env_s20071120000000_e20071128000000.nc
2007,WP,25,2007-11-23T00:00:00,2007-11-28T00:00:00,TCPRIMED_v01r01-final_WP252007_env_s20071123000000_e20071128000000.nc
2007,WP,26,2007-11-26T06:00:00,2007-11-29T12:00:00,TCPRIMED_v01r01-final_WP262007_env_s20071126060000_e20071129120000.nc
2007,WP,27,2007-10-02T12:00:00,2007-10-07T12:00:00,TCPRIMED_v01r01-final_WP272007_env_s20071002120000_e20071007120000.nc
2008,AL,1,2008-05-31T00:00:00,2008-06-02T00:00:00,TCPRIMED_v01r01-final_AL012008_env_s20080531000000_e20080602000000.nc
2008,AL,2,2008-07-03T06:00:00,2008-07-21T06:00:00,TCPRIMED_v01r01-final_AL022008_env_s20080703060000_e20080721060000.nc
2008,AL,3,2008-07-19T00:00:00,2008-07-23T06:00:00,TCPRIMED_v01r01-final_AL032008_env_s20080719000000_e20080723060000.nc
2008,AL,4,2008-07-20T12:00:00,2008-07-27T00:00:00,TCPRIMED_v01r01-final_AL042008_env_s20080720120000_e20080727000000.nc
2008,AL,5,2008-08-03T12:00:00,2008-08-06T18:00:00,TCPRIMED_v01r01-final_AL052008_env_s20080803120000_e20080806180000.nc
2008,AL,6,2008-08-15T12:00:00,2008-08-28T06:00:00,TCPRIMED_v01r01-final_AL062008_env_s20080815120000_e20080828060000.nc
2008,AL,7,2008-08-25T00:00:00,2008-09-05T12:00:00,TCPRIMED_v01r01-final_AL072008_env_s20080825000000_e20080905120000.nc
2008,AL,8,2008-08-28T00:00:00,2008-09-08T12:00:00,TCPRIMED_v01r01-final_AL082008_env_s20080828000000_e20080908120000.nc
2008,AL,9,2008-09-01T06:00:00,2008-09-15T12:00:00,TCPRIMED_v01r01-final_AL092008_env_s20080901060000_e20080915120000.nc
2008,AL,10,2008-09-02T00:00:00,2008-09-10T00:00:00,TCPRIMED_v01r01-final_AL102008_env_s20080902000000_e20080910000000.nc
2008,AL,11,2008-09-25T00:00:00,2008-09-30T12:00:00,TCPRIMED_v01r01-final_AL112008_env_s20080925000000_e20080930120000.nc
2008,AL,12,2008-09-26T00:00:00,2008-10-04T06:00:00,TCPRIMED_v01r01-final_AL122008_env_s20080926000000_e20081004060000.nc
2008,AL,13,2008-10-06T00:00:00,2008-10-07T18:00:00,TCPRIMED_v01r01-final_AL132008_env_s20081006000000_e20081007180000.nc
2008,AL,14,2008-10-12T06:00:00,2008-10-15T12:00:00,TCPRIMED_v01r01-final_AL142008_env_s20081012060000_e20081015120000.nc
2008,AL,15,2008-10-13T06:00:00,2008-10-21T00:00:00,TCPRIMED_v01r01-final_AL152008_env_s20081013060000_e20081021000000.nc
2008,AL,16,2008-10-14T12:00:00,2008-10-16T00:00:00,TCPRIMED_v01r01-final_AL162008_env_s20081014120000_e20081016000000.nc
2008,AL,17,2008-11-05T18:00:00,2008-11-14T06:00:00,TCPRIMED_v01r01-final_AL172008_env_s20081105180000_e20081114060000.nc
2008,CP,1,2008-08-04T12:00:00,2008-08-16T06:00:00,TCPRIMED_v01r01-final_CP012008_env_s20080804120000_e20080816060000.nc
2008,EP,1,2008-05-29T00:00:00,2008-05-30T12:00:00,TCPRIMED_v01r01-final_EP012008_env_s20080529000000_e20080530120000.nc
2008,EP,2,2008-06-27T06:00:00,2008-07-06T06:00:00,TCPRIMED_v01r01-final_EP022008_env_s20080627060000_e20080706060000.nc
2008,EP,3,2008-06-27T18:00:00,2008-07-03T00:00:00,TCPRIMED_v01r01-final_EP032008_env_s20080627180000_e20080703000000.nc
2008,EP,4,2008-07-01T18:00:00,2008-07-06T06:00:00,TCPRIMED_v01r01-final_EP042008_env_s20080701180000_e20080706060000.nc
2008,EP,5,2008-07-05T18:00:00,2008-07-07T06:00:00,TCPRIMED_v01r01-final_EP052008_env_s20080705180000_e20080707060000.nc
2008,EP,6,2008-07-11T18:00:00,2008-07-21T18:00:00,TCPRIMED_v01r01-final_EP062008_env_s20080711180000_e20080721180000.nc
2008,EP,7,2008-07-16T06:00:00,2008-07-24T06:00:00,TCPRIMED_v01r01-final_EP072008_env_s20080716060000_e20080724060000.nc
2008,EP,8,2008-07-21T12:00:00,2008-07-31T06:00:00,TCPRIMED_v01r01-final_EP082008_env_s20080721120000_e20080731060000.nc
2008,EP,9,2008-08-06T12:00:00,2008-08-16T12:00:00,TCPRIMED_v01r01-final_EP092008_env_s20080806120000_e20080816120000.nc
2008,EP,10,2008-08-13T12:00:00,2008-08-23T12:00:00,TCPRIMED_v01r01-final_EP102008_env_s20080813120000_e20080823120000.nc
2008,EP,11,2008-08-23T12:00:00,2008-08-27T06:00:00,TCPRIMED_v01r01-final_EP112008_env_s20080823120000_e20080827060000.nc
2008,EP,12,2008-09-02T06:00:00,2008-09-03T18:00:00,TCPRIMED_v01r01-final_EP122008_env_s20080902060000_e20080903180000.nc
2008,EP,13,2008-09-06T12:00:00,2008-09-11T12:00:00,TCPRIMED_v01r01-final_EP132008_env_s20080906120000_e20080911120000.nc
2008,EP,14,2008-10-01T06:00:00,2008-10-19T12:00:00,TCPRIMED_v01r01-final_EP142008_env_s20081001060000_e20081019120000.nc
2008,EP,15,2008-10-04T00:00:00,2008-10-12T12:00:00,TCPRIMED_v01r01-final_EP152008_env_s20081004000000_e20081012120000.nc
2008,EP,16,2008-10-08T12:00:00,2008-10-13T12:00:00,TCPRIMED_v01r01-final_EP162008_env_s20081008120000_e20081013120000.nc
2008,EP,17,2008-10-23T06:00:00,2008-10-27T18:00:00,TCPRIMED_v01r01-final_EP172008_env_s20081023060000_e20081027180000.nc
2008,EP,18,2008-11-02T12:00:00,2008-11-05T00:00:00,TCPRIMED_v01r01-final_EP182008_env_s20081102120000_e20081105000000.nc
2008,IO,1,2008-04-25T12:00:00,2008-05-04T00:00:00,TCPRIMED_v01r01-final_IO012008_env_s20080425120000_e20080504000000.nc
2008,IO,2,2008-09-15T06:00:00,2008-09-18T12:00:00,TCPRIMED_v01r01-final_IO022008_env_s20080915060000_e20080918120000.nc
2008,IO,3,2008-10-20T00:00:00,2008-10-23T18:00:00,TCPRIMED_v01r01-final_IO032008_env_s20081020000000_e20081023180000.nc
2008,IO,4,2008-10-24T06:00:00,2008-10-27T06:00:00,TCPRIMED_v01r01-final_IO042008_env_s20081024060000_e20081027060000.nc
2008,IO,5,2008-11-11T18:00:00,2008-11-16T06:00:00,TCPRIMED_v01r01-final_IO052008_env_s20081111180000_e20081116060000.nc
2008,IO,6,2008-11-24T06:00:00,2008-11-28T00:00:00,TCPRIMED_v01r01-final_IO062008_env_s20081124060000_e20081128000000.nc
2008,IO,7,2008-12-03T00:00:00,2008-12-09T18:00:00,TCPRIMED_v01r01-final_IO072008_env_s20081203000000_e20081209180000.nc
2008,SH,1,2007-07-28T12:00:00,2007-07-31T00:00:00,TCPRIMED_v01r01-final_SH012008_env_s20070728120000_e20070731000000.nc
2008,SH,2,2007-11-13T00:00:00,2007-11-19T12:00:00,TCPRIMED_v01r01-final_SH022008_env_s20071113000000_e20071119120000.nc
2008,SH,3,2007-11-12T18:00:00,2007-11-24T00:00:00,TCPRIMED_v01r01-final_SH032008_env_s20071112180000_e20071124000000.nc
2008,SH,4,2007-11-17T12:00:00,2007-11-27T18:00:00,TCPRIMED_v01r01-final_SH042008_env_s20071117120000_e20071127180000.nc
2008,SH,5,2007-12-03T12:00:00,2007-12-10T00:00:00,TCPRIMED_v01r01-final_SH052008_env_s20071203120000_e20071210000000.nc
2008,SH,6,2007-12-12T12:00:00,2007-12-22T18:00:00,TCPRIMED_v01r01-final_SH062008_env_s20071212120000_e20071222180000.nc
2008,SH,7,2007-12-17T12:00:00,2007-12-21T12:00:00,TCPRIMED_v01r01-final_SH072008_env_s20071217120000_e20071221120000.nc
2008,SH,8,2007-12-26T00:00:00,2008-01-01T18:00:00,TCPRIMED_v01r01-final_SH082008_env_s20071226000000_e20080101180000.nc
2008,SH,9,2007-12-29T12:00:00,2008-01-04T18:00:00,TCPRIMED_v01r01-final_SH092008_env_s20071229120000_e20080104180000.nc
2008,SH,10,2007-12-30T18:00:00,2008-01-07T06:00:00,TCPRIMED_v01r01-final_SH102008_env_s20071230180000_e20080107060000.nc
2008,SH,11,2008-01-08T00:00:00,2008-01-11T18:00:00,TCPRIMED_v01r01-final_SH112008_env_s20080108000000_e20080111180000.nc
2008,SH,12,2008-01-15T12:00:00,2008-01-21T00:00:00,TCPRIMED_v01r01-final_SH122008_env_s20080115120000_e20080121000000.nc
2008,SH,13,2008-01-23T12:00:00,2008-02-01T12:00:00,TCPRIMED_v01r01-final_SH132008_env_s20080123120000_e20080201120000.nc
2008,SH,14,2008-01-26T00:00:00,2008-02-01T12:00:00,TCPRIMED_v01r01-final_SH142008_env_s20080126000000_e20080201120000.nc
2008,SH,15,2008-01-26T00:00:00,2008-02-06T18:00:00,TCPRIMED_v01r01-final_SH152008_env_s20080126000000_e20080206180000.nc
2008,SH,16,2008-02-02T06:00:00,2008-02-25T12:00:00,TCPRIMED_v01r01-final_SH162008_env_s20080202060000_e20080225120000.nc
2008,SH,17,2008-02-03T12:00:00,2008-02-11T00:00:00,TCPRIMED_v01r01-final_SH172008_env_s20080203120000_e20080211000000.nc
2008,SH,18,2008-02-05T12:00:00,2008-02-20T06:00:00,TCPRIMED_v01r01-final_SH182008_env_s20080205120000_e20080220060000.nc
2008,SH,19,2008-02-10T18:00:00,2008-02-20T18:00:00,TCPRIMED_v01r01-final_SH192008_env_s20080210180000_e20080220180000.nc
2008,SH,20,2008-02-28T18:00:00,2008-03-01T12:00:00,TCPRIMED_v01r01-final_SH202008_env_s20080228180000_e20080301120000.nc
2008,SH,21,2008-02-26T12:00:00,2008-03-07T06:00:00,TCPRIMED_v01r01-final_SH212008_env_s20080226120000_e20080307060000.nc
2008,SH,22,2008-03-02T06:00:00,2008-03-14T06:00:00,TCPRIMED_v01r01-final_SH222008_env_s20080302060000_e20080314060000.nc
2008,SH,23,2008-03-06T00:00:00,2008-03-12T06:00:00,TCPRIMED_v01r01-final_SH232008_env_s20080306000000_e20080312060000.nc
2008,SH,24,2008-03-20T00:00:00,2008-03-26T00:00:00,TCPRIMED_v01r01-final_SH242008_env_s20080320000000_e20080326000000.nc
2008,SH,25,2008-03-20T06:00:00,2008-03-28T00:00:00,TCPRIMED_v01r01-final_SH252008_env_s20080320060000_e20080328000000.nc
2008,SH,26,2008-03-23T18:00:00,2008-03-30T06:00:00,TCPRIMED_v01r01-final_SH262008_env_s20080323180000_e20080330060000.nc
2008,SH,27,2008-04-17T00:00:00,2008-04-19T00:00:00,TCPRIMED_v01r01-final_SH272008_env_s20080417000000_e20080419000000.nc
2008,SH,28,2008-04-20T00:00:00,2008-04-24T06:00:00,TCPRIMED_v01r01-final_SH282008_env_s20080420000000_e20080424060000.nc
2008,SH,29,2008-04-21T06:00:00,2008-04-26T00:00:00,TCPRIMED_v01r01-final_SH292008_env_s20080421060000_e20080426000000.nc
2008,WP,1,2008-01-12T06:00:00,2008-01-17T18:00:00,TCPRIMED_v01r01-final_WP012008_env_s20080112060000_e20080117180000.nc
2008,WP,2,2008-04-13T00:00:00,2008-04-19T18:00:00,TCPRIMED_v01r01-final_WP022008_env_s20080413000000_e20080419180000.nc
2008,WP,3,2008-05-06T18:00:00,2008-05-13T12:00:00,TCPRIMED_v01r01-final_WP032008_env_s20080506180000_e20080513120000.nc
2008,WP,4,2008-05-13T18:00:00,2008-05-16T12:00:00,TCPRIMED_v01r01-final_WP042008_env_s20080513180000_e20080516120000.nc
2008,WP,5,2008-05-14T06:00:00,2008-05-20T06:00:00,TCPRIMED_v01r01-final_WP052008_env_s20080514060000_e20080520060000.nc
2008,WP,6,2008-05-26T00:00:00,2008-06-03T00:00:00,TCPRIMED_v01r01-final_WP062008_env_s20080526000000_e20080603000000.nc
2008,WP,7,2008-06-17T06:00:00,2008-06-25T18:00:00,TCPRIMED_v01r01-final_WP072008_env_s20080617060000_e20080625180000.nc
2008,WP,8,2008-07-11T06:00:00,2008-07-20T18:00:00,TCPRIMED_v01r01-final_WP082008_env_s20080711060000_e20080720180000.nc
2008,WP,9,2008-07-23T18:00:00,2008-07-29T18:00:00,TCPRIMED_v01r01-final_WP092008_env_s20080723180000_e20080729180000.nc
2008,WP,10,2008-08-03T18:00:00,2008-08-07T18:00:00,TCPRIMED_v01r01-final_WP102008_env_s20080803180000_e20080807180000.nc
2008,WP,11,2008-08-11T00:00:00,2008-08-15T18:00:00,TCPRIMED_v01r01-final_WP112008_env_s20080811000000_e20080815180000.nc
2008,WP,12,2008-08-12T18:00:00,2008-08-17T18:00:00,TCPRIMED_v01r01-final_WP122008_env_s20080812180000_e20080817180000.nc
2008,WP,13,2008-08-16T00:00:00,2008-08-23T00:00:00,TCPRIMED_v01r01-final_WP132008_env_s20080816000000_e20080823000000.nc
2008,WP,14,2008-08-25T00:00:00,2008-08-29T06:00:00,TCPRIMED_v01r01-final_WP142008_env_s20080825000000_e20080829060000.nc
2008,WP,15,2008-09-07T12:00:00,2008-09-21T06:00:00,TCPRIMED_v01r01-final_WP152008_env_s20080907120000_e20080921060000.nc
2008,WP,16,2008-09-09T00:00:00,2008-09-12T06:00:00,TCPRIMED_v01r01-final_WP162008_env_s20080909000000_e20080912060000.nc
2008,WP,17,2008-09-12T18:00:00,2008-09-15T06:00:00,TCPRIMED_v01r01-final_WP172008_env_s20080912180000_e20080915060000.nc
2008,WP,18,2008-09-17T12:00:00,2008-09-25T06:00:00,TCPRIMED_v01r01-final_WP182008_env_s20080917120000_e20080925060000.nc
2008,WP,19,2008-09-23T12:00:00,2008-10-01T00:00:00,TCPRIMED_v01r01-final_WP192008_env_s20080923120000_e20081001000000.nc
2008,WP,20,2008-09-27T18:00:00,2008-09-30T06:00:00,TCPRIMED_v01r01-final_WP202008_env_s20080927180000_e20080930060000.nc
2008,WP,21,2008-09-27T18:00:00,2008-10-06T00:00:00,TCPRIMED_v01r01-final_WP212008_env_s20080927180000_e20081006000000.nc
2008,WP,22,2008-10-12T00:00:00,2008-10-15T18:00:00,TCPRIMED_v01r01-final_WP222008_env_s20081012000000_e20081015180000.nc
2008,WP,23,2008-10-17T18:00:00,2008-10-20T06:00:00,TCPRIMED_v01r01-final_WP232008_env_s20081017180000_e20081020060000.nc
2008,WP,24,2008-11-05T18:00:00,2008-11-13T12:00:00,TCPRIMED_v01r01-final_WP242008_env_s20081105180000_e20081113120000.nc
2008,WP,25,2008-11-14T18:00:00,2008-11-17T00:00:00,TCPRIMED_v01r01-final_WP252008_env_s20081114180000_e20081117000000.nc
2008,WP,26,2008-11-14T18:00:00,2008-11-17T12:00:00,TCPRIMED_v01r01-final_WP262008_env_s20081114180000_e20081117120000.nc
2008,WP,27,2008-12-08T06:00:00,2008-12-18T06:00:00,TCPRIMED_v01r01-final_WP272008_env_s20081208060000_e20081218060000.nc
2009,AL,1,2009-05-26T18:00:00,2009-05-30T06:00:00,TCPRIMED_v01r01-final_AL012009_env_s20090526180000_e20090530060000.nc
2009,AL,2,2009-08-10T06:00:00,2009-08-16T12:00:00,TCPRIMED_v01r01-final_AL022009_env_s20090810060000_e20090816120000.nc
2009,AL,3,2009-08-15T06:00:00,2009-08-26T00:00:00,TCPRIMED_v01r01-final_AL032009_env_s20090815060000_e20090826000000.nc
2009,AL,4,2009-08-16T06:00:00,2009-08-17T18:00:00,TCPRIMED_v01r01-final_AL042009_env_s20090816060000_e20090817180000.nc
2009,AL,5,2009-08-26T12:00:00,2009-08-29T00:00:00,TCPRIMED_v01r01-final_AL052009_env_s20090826120000_e20090829000000.nc
2009,AL,6,2009-09-01T18:00:00,2009-09-04T06:00:00,TCPRIMED_v01r01-final_AL062009_env_s20090901180000_e20090904060000.nc
2009,AL,7,2009-09-07T18:00:00,2009-09-19T12:00:00,TCPRIMED_v01r01-final_AL072009_env_s20090907180000_e20090919120000.nc
2009,AL,8,2009-09-25T06:00:00,2009-09-26T18:00:00,TCPRIMED_v01r01-final_AL082009_env_s20090925060000_e20090926180000.nc
2009,AL,9,2009-09-27T18:00:00,2009-10-06T18:00:00,TCPRIMED_v01r01-final_AL092009_env_s20090927180000_e20091006180000.nc
2009,AL,10,2009-10-06T00:00:00,2009-10-11T12:00:00,TCPRIMED_v01r01-final_AL102009_env_s20091006000000_e20091011120000.nc
2009,AL,11,2009-11-04T06:00:00,2009-11-11T06:00:00,TCPRIMED_v01r01-final_AL112009_env_s20091104060000_e20091111060000.nc
2009,CP,1,2009-08-08T18:00:00,2009-08-18T06:00:00,TCPRIMED_v01r01-final_CP012009_env_s20090808180000_e20090818060000.nc
2009,CP,2,2009-08-26T06:00:00,2009-09-02T00:00:00,TCPRIMED_v01r01-final_CP022009_env_s20090826060000_e20090902000000.nc
2009,CP,3,2009-10-18T18:00:00,2009-10-27T00:00:00,TCPRIMED_v01r01-final_CP032009_env_s20091018180000_e20091027000000.nc
2009,EP,1,2009-06-17T18:00:00,2009-06-19T12:00:00,TCPRIMED_v01r01-final_EP012009_env_s20090617180000_e20090619120000.nc
2009,EP,2,2009-06-21T12:00:00,2009-06-24T12:00:00,TCPRIMED_v01r01-final_EP022009_env_s20090621120000_e20090624120000.nc
2009,EP,3,2009-07-06T06:00:00,2009-07-12T06:00:00,TCPRIMED_v01r01-final_EP032009_env_s20090706060000_e20090712060000.nc
2009,EP,4,2009-07-10T06:00:00,2009-07-16T18:00:00,TCPRIMED_v01r01-final_EP042009_env_s20090710060000_e20090716180000.nc
2009,EP,5,2009-07-14T00:00:00,2009-07-20T00:00:00,TCPRIMED_v01r01-final_EP052009_env_s20090714000000_e20090720000000.nc
2009,EP,6,2009-07-30T12:00:00,2009-08-03T06:00:00,TCPRIMED_v01r01-final_EP062009_env_s20090730120000_e20090803060000.nc
2009,EP,7,2009-08-03T18:00:00,2009-08-08T12:00:00,TCPRIMED_v01r01-final_EP072009_env_s20090803180000_e20090808120000.nc
2009,EP,8,2009-08-03T18:00:00,2009-08-11T18:00:00,TCPRIMED_v01r01-final_EP082009_env_s20090803180000_e20090811180000.nc
2009,EP,9,2009-08-09T00:00:00,2009-08-15T00:00:00,TCPRIMED_v01r01-final_EP092009_env_s20090809000000_e20090815000000.nc
2009,EP,10,2009-08-12T00:00:00,2009-08-23T06:00:00,TCPRIMED_v01r01-final_EP102009_env_s20090812000000_e20090823060000.nc
2009,EP,11,2009-08-21T12:00:00,2009-08-31T18:00:00,TCPRIMED_v01r01-final_EP112009_env_s20090821120000_e20090831180000.nc
2009,EP,12,2009-08-24T18:00:00,2009-08-28T18:00:00,TCPRIMED_v01r01-final_EP122009_env_s20090824180000_e20090828180000.nc
2009,EP,13,2009-08-28T00:00:00,2009-09-05T12:00:00,TCPRIMED_v01r01-final_EP132009_env_s20090828000000_e20090905120000.nc
2009,EP,14,2009-08-27T18:00:00,2009-09-06T06:00:00,TCPRIMED_v01r01-final_EP142009_env_s20090827180000_e20090906060000.nc
2009,EP,15,2009-09-06T00:00:00,2009-09-15T00:00:00,TCPRIMED_v01r01-final_EP152009_env_s20090906000000_e20090915000000.nc
2009,EP,16,2009-09-15T12:00:00,2009-09-22T18:00:00,TCPRIMED_v01r01-final_EP162009_env_s20090915120000_e20090922180000.nc
2009,EP,17,2009-09-22T00:00:00,2009-09-29T12:00:00,TCPRIMED_v01r01-final_EP172009_env_s20090922000000_e20090929120000.nc
2009,EP,18,2009-10-01T12:00:00,2009-10-04T12:00:00,TCPRIMED_v01r01-final_EP182009_env_s20091001120000_e20091004120000.nc
2009,EP,19,2009-10-11T18:00:00,2009-10-15T12:00:00,TCPRIMED_v01r01-final_EP192009_env_s20091011180000_e20091015120000.nc
2009,EP,20,2009-10-15T18:00:00,2009-10-21T18:00:00,TCPRIMED_v01r01-final_EP202009_env_s20091015180000_e20091021180000.nc
2009,IO,1,2009-04-14T00:00:00,2009-04-18T00:00:00,TCPRIMED_v01r01-final_IO012009_env_s20090414000000_e20090418000000.nc
2009,IO,2,2009-05-22T18:00:00,2009-05-26T06:00:00,TCPRIMED_v01r01-final_IO022009_env_s20090522180000_e20090526060000.nc
2009,IO,3,2009-09-03T18:00:00,2009-09-07T00:00:00,TCPRIMED_v01r01-final_IO032009_env_s20090903180000_e20090907000000.nc
2009,IO,4,2009-11-09T06:00:00,2009-11-11T12:00:00,TCPRIMED_v01r01-final_IO042009_env_s20091109060000_e20091111120000.nc
2009,IO,5,2009-12-10T18:00:00,2009-12-14T18:00:00,TCPRIMED_v01r01-final_IO052009_env_s20091210180000_e20091214180000.nc
2009,SH,1,2008-10-15T18:00:00,2008-10-24T12:00:00,TCPRIMED_v01r01-final_SH012009_env_s20081015180000_e20081024120000.nc
2009,SH,2,2008-11-18T00:00:00,2008-11-21T12:00:00,TCPRIMED_v01r01-final_SH022009_env_s20081118000000_e20081121120000.nc
2009,SH,3,2008-11-18T00:00:00,2008-11-20T12:00:00,TCPRIMED_v01r01-final_SH032009_env_s20081118000000_e20081120120000.nc
2009,SH,4,2008-12-13T12:00:00,2008-12-21T00:00:00,TCPRIMED_v01r01-final_SH042009_env_s20081213120000_e20081221000000.nc
2009,SH,5,2008-12-17T06:00:00,2009-01-04T00:00:00,TCPRIMED_v01r01-final_SH052009_env_s20081217060000_e20090104000000.nc
2009,SH,6,2009-01-08T06:00:00,2009-01-13T12:00:00,TCPRIMED_v01r01-final_SH062009_env_s20090108060000_e20090113120000.nc
2009,SH,7,2009-01-10T18:00:00,2009-01-12T12:00:00,TCPRIMED_v01r01-final_SH072009_env_s20090110180000_e20090112120000.nc
2009,SH,8,2009-01-16T12:00:00,2009-01-22T00:00:00,TCPRIMED_v01r01-final_SH082009_env_s20090116120000_e20090122000000.nc
2009,SH,9,2009-01-17T18:00:00,2009-01-23T18:00:00,TCPRIMED_v01r01-final_SH092009_env_s20090117180000_e20090123180000.nc
2009,SH,10,2009-01-24T18:00:00,2009-01-28T06:00:00,TCPRIMED_v01r01-final_SH102009_env_s20090124180000_e20090128060000.nc
2009,SH,11,2009-01-26T00:00:00,2009-01-29T18:00:00,TCPRIMED_v01r01-final_SH112009_env_s20090126000000_e20090129180000.nc
2009,SH,12,2009-01-30T12:00:00,2009-02-02T12:00:00,TCPRIMED_v01r01-final_SH122009_env_s20090130120000_e20090202120000.nc
2009,SH,13,2009-01-31T18:00:00,2009-02-11T00:00:00,TCPRIMED_v01r01-final_SH132009_env_s20090131180000_e20090211000000.nc
2009,SH,14,2009-02-04T06:00:00,2009-02-15T12:00:00,TCPRIMED_v01r01-final_SH142009_env_s20090204060000_e20090215120000.nc
2009,SH,15,2009-02-15T00:00:00,2009-02-19T00:00:00,TCPRIMED_v01r01-final_SH152009_env_s20090215000000_e20090219000000.nc
2009,SH,16,2009-02-20T00:00:00,2009-02-27T06:00:00,TCPRIMED_v01r01-final_SH162009_env_s20090220000000_e20090227060000.nc
2009,SH,17,2009-03-01T00:00:00,2009-03-05T18:00:00,TCPRIMED_v01r01-final_SH172009_env_s20090301000000_e20090305180000.nc
2009,SH,18,2009-03-04T18:00:00,2009-03-14T00:00:00,TCPRIMED_v01r01-final_SH182009_env_s20090304180000_e20090314000000.nc
2009,SH,19,2009-03-06T12:00:00,2009-03-13T12:00:00,TCPRIMED_v01r01-final_SH192009_env_s20090306120000_e20090313120000.nc
2009,SH,20,2009-03-10T00:00:00,2009-03-14T12:00:00,TCPRIMED_v01r01-final_SH202009_env_s20090310000000_e20090314120000.nc
2009,SH,21,2009-03-16T00:00:00,2009-03-20T12:00:00,TCPRIMED_v01r01-final_SH212009_env_s20090316000000_e20090320120000.nc
2009,SH,22,2009-03-16T18:00:00,2009-03-26T12:00:00,TCPRIMED_v01r01-final_SH222009_env_s20090316180000_e20090326120000.nc
2009,SH,23,2009-03-23T06:00:00,2009-03-25T12:00:00,TCPRIMED_v01r01-final_SH232009_env_s20090323060000_e20090325120000.nc
2009,SH,24,2009-03-23T06:00:00,2009-03-29T18:00:00,TCPRIMED_v01r01-final_SH242009_env_s20090323060000_e20090329180000.nc
2009,SH,25,2009-04-03T06:00:00,2009-04-06T18:00:00,TCPRIMED_v01r01-final_SH252009_env_s20090403060000_e20090406180000.nc
2009,SH,26,2009-04-02T18:00:00,2009-04-11T18:00:00,TCPRIMED_v01r01-final_SH262009_env_s20090402180000_e20090411180000.nc
2009,SH,27,2009-04-23T06:00:00,2009-04-29T00:00:00,TCPRIMED_v01r01-final_SH272009_env_s20090423060000_e20090429000000.nc
2009,WP,1,2009-04-30T18:00:00,2009-05-07T18:00:00,TCPRIMED_v01r01-final_WP012009_env_s20090430180000_e20090507180000.nc
2009,WP,2,2009-05-02T18:00:00,2009-05-13T00:00:00,TCPRIMED_v01r01-final_WP022009_env_s20090502180000_e20090513000000.nc
2009,WP,3,2009-06-13T06:00:00,2009-06-22T12:00:00,TCPRIMED_v01r01-final_WP032009_env_s20090613060000_e20090622120000.nc
2009,WP,4,2009-06-22T00:00:00,2009-06-27T06:00:00,TCPRIMED_v01r01-final_WP042009_env_s20090622000000_e20090627060000.nc
2009,WP,5,2009-07-08T00:00:00,2009-07-12T12:00:00,TCPRIMED_v01r01-final_WP052009_env_s20090708000000_e20090712120000.nc
2009,WP,6,2009-07-11T00:00:00,2009-07-14T00:00:00,TCPRIMED_v01r01-final_WP062009_env_s20090711000000_e20090714000000.nc
2009,WP,7,2009-07-15T06:00:00,2009-07-19T00:00:00,TCPRIMED_v01r01-final_WP072009_env_s20090715060000_e20090719000000.nc
2009,WP,8,2009-08-01T18:00:00,2009-08-08T18:00:00,TCPRIMED_v01r01-final_WP082009_env_s20090801180000_e20090808180000.nc
2009,WP,9,2009-08-03T06:00:00,2009-08-09T18:00:00,TCPRIMED_v01r01-final_WP092009_env_s20090803060000_e20090809180000.nc
2009,WP,10,2009-08-06T18:00:00,2009-08-14T06:00:00,TCPRIMED_v01r01-final_WP102009_env_s20090806180000_e20090814060000.nc
2009,WP,11,2009-08-15T18:00:00,2009-08-26T00:00:00,TCPRIMED_v01r01-final_WP112009_env_s20090815180000_e20090826000000.nc
2009,WP,12,2009-08-26T06:00:00,2009-09-01T06:00:00,TCPRIMED_v01r01-final_WP122009_env_s20090826060000_e20090901060000.nc
2009,WP,13,2009-09-03T06:00:00,2009-09-10T00:00:00,TCPRIMED_v01r01-final_WP132009_env_s20090903060000_e20090910000000.nc
2009,WP,14,2009-09-08T06:00:00,2009-09-12T06:00:00,TCPRIMED_v01r01-final_WP142009_env_s20090908060000_e20090912060000.nc
2009,WP,15,2009-09-11T12:00:00,2009-09-20T06:00:00,TCPRIMED_v01r01-final_WP152009_env_s20090911120000_e20090920060000.nc
2009,WP,16,2009-09-11T06:00:00,2009-09-15T12:00:00,TCPRIMED_v01r01-final_WP162009_env_s20090911060000_e20090915120000.nc
2009,WP,17,2009-09-25T00:00:00,2009-09-29T18:00:00,TCPRIMED_v01r01-final_WP172009_env_s20090925000000_e20090929180000.nc
2009,WP,18,2009-09-26T00:00:00,2009-09-30T00:00:00,TCPRIMED_v01r01-final_WP182009_env_s20090926000000_e20090930000000.nc
2009,WP,19,2009-09-27T00:00:00,2009-10-14T18:00:00,TCPRIMED_v01r01-final_WP192009_env_s20090927000000_e20091014180000.nc
2009,WP,20,2009-09-28T12:00:00,2009-10-09T00:00:00,TCPRIMED_v01r01-final_WP202009_env_s20090928120000_e20091009000000.nc
2009,WP,21,2009-10-08T00:00:00,2009-10-13T18:00:00,TCPRIMED_v01r01-final_WP212009_env_s20091008000000_e20091013180000.nc
2009,WP,22,2009-10-13T18:00:00,2009-10-27T00:00:00,TCPRIMED_v01r01-final_WP222009_env_s20091013180000_e20091027000000.nc
2009,WP,23,2009-10-25T18:00:00,2009-11-02T12:00:00,TCPRIMED_v01r01-final_WP232009_env_s20091025180000_e20091102120000.nc
2009,WP,24,2009-10-31T12:00:00,2009-11-03T00:00:00,TCPRIMED_v01r01-final_WP242009_env_s20091031120000_e20091103000000.nc
2009,WP,25,2009-11-06T12:00:00,2009-11-10T06:00:00,TCPRIMED_v01r01-final_WP252009_env_s20091106120000_e20091110060000.nc
2009,WP,26,2009-11-21T06:00:00,2009-12-03T12:00:00,TCPRIMED_v01r01-final_WP262009_env_s20091121060000_e20091203120000.nc
2009,WP,27,2009-11-20T06:00:00,2009-11-24T18:00:00,TCPRIMED_v01r01-final_WP272009_env_s20091120060000_e20091124180000.nc
2009,WP,28,2009-12-02T12:00:00,2009-12-05T12:00:00,TCPRIMED_v01r01-final_WP282009_env_s20091202120000_e20091205120000.nc
2010,AL,1,2010-06-24T18:00:00,2010-07-02T00:00:00,TCPRIMED_v01r01-final_AL012010_env_s20100624180000_e20100702000000.nc
2010,AL,2,2010-07-07T06:00:00,2010-07-10T00:00:00,TCPRIMED_v01r01-final_AL022010_env_s20100707060000_e20100710000000.nc
2010,AL,3,2010-07-22T06:00:00,2010-07-25T18:00:00,TCPRIMED_v01r01-final_AL032010_env_s20100722060000_e20100725180000.nc
2010,AL,4,2010-08-02T12:00:00,2010-08-08T06:00:00,TCPRIMED_v01r01-final_AL042010_env_s20100802120000_e20100808060000.nc
2010,AL,5,2010-08-10T06:00:00,2010-08-18T00:00:00,TCPRIMED_v01r01-final_AL052010_env_s20100810060000_e20100818000000.nc
2010,AL,6,2010-08-21T12:00:00,2010-09-03T00:00:00,TCPRIMED_v01r01-final_AL062010_env_s20100821120000_e20100903000000.nc
2010,AL,7,2010-08-24T00:00:00,2010-09-06T00:00:00,TCPRIMED_v01r01-final_AL072010_env_s20100824000000_e20100906000000.nc
2010,AL,8,2010-08-30T00:00:00,2010-09-04T18:00:00,TCPRIMED_v01r01-final_AL082010_env_s20100830000000_e20100904180000.nc
2010,AL,9,2010-09-01T00:00:00,2010-09-08T06:00:00,TCPRIMED_v01r01-final_AL092010_env_s20100901000000_e20100908060000.nc
2010,AL,10,2010-09-04T18:00:00,2010-09-10T00:00:00,TCPRIMED_v01r01-final_AL102010_env_s20100904180000_e20100910000000.nc
2010,AL,11,2010-09-08T06:00:00,2010-09-23T00:00:00,TCPRIMED_v01r01-final_AL112010_env_s20100908060000_e20100923000000.nc
2010,AL,12,2010-09-12T06:00:00,2010-09-24T18:00:00,TCPRIMED_v01r01-final_AL122010_env_s20100912060000_e20100924180000.nc
2010,AL,13,2010-09-13T18:00:00,2010-09-18T06:00:00,TCPRIMED_v01r01-final_AL132010_env_s20100913180000_e20100918060000.nc
2010,AL,14,2010-09-20T00:00:00,2010-09-29T00:00:00,TCPRIMED_v01r01-final_AL142010_env_s20100920000000_e20100929000000.nc
2010,AL,15,2010-09-23T12:00:00,2010-09-26T18:00:00,TCPRIMED_v01r01-final_AL152010_env_s20100923120000_e20100926180000.nc
2010,AL,16,2010-09-28T00:00:00,2010-09-30T12:00:00,TCPRIMED_v01r01-final_AL162010_env_s20100928000000_e20100930120000.nc
2010,AL,17,2010-10-06T06:00:00,2010-10-17T18:00:00,TCPRIMED_v01r01-final_AL172010_env_s20101006060000_e20101017180000.nc
2010,AL,18,2010-10-11T00:00:00,2010-10-15T18:00:00,TCPRIMED_v01r01-final_AL182010_env_s20101011000000_e20101015180000.nc
2010,AL,19,2010-10-19T18:00:00,2010-10-26T12:00:00,TCPRIMED_v01r01-final_AL192010_env_s20101019180000_e20101026120000.nc
2010,AL,20,2010-10-28T18:00:00,2010-10-30T18:00:00,TCPRIMED_v01r01-final_AL202010_env_s20101028180000_e20101030180000.nc
2010,AL,21,2010-10-29T06:00:00,2010-11-10T18:00:00,TCPRIMED_v01r01-final_AL212010_env_s20101029060000_e20101110180000.nc
2010,CP,1,2010-12-16T00:00:00,2010-12-22T18:00:00,TCPRIMED_v01r01-final_CP012010_env_s20101216000000_e20101222180000.nc
2010,EP,1,2010-05-28T18:00:00,2010-05-30T12:00:00,TCPRIMED_v01r01-final_EP012010_env_s20100528180000_e20100530120000.nc
2010,EP,2,2010-06-16T06:00:00,2010-06-17T00:00:00,TCPRIMED_v01r01-final_EP022010_env_s20100616060000_e20100617000000.nc
2010,EP,3,2010-06-15T06:00:00,2010-06-23T00:00:00,TCPRIMED_v01r01-final_EP032010_env_s20100615060000_e20100623000000.nc
2010,EP,4,2010-06-18T06:00:00,2010-06-30T12:00:00,TCPRIMED_v01r01-final_EP042010_env_s20100618060000_e20100630120000.nc
2010,EP,5,2010-06-20T12:00:00,2010-06-29T18:00:00,TCPRIMED_v01r01-final_EP052010_env_s20100620120000_e20100629180000.nc
2010,EP,6,2010-07-14T00:00:00,2010-07-18T06:00:00,TCPRIMED_v01r01-final_EP062010_env_s20100714000000_e20100718060000.nc
2010,EP,7,2010-08-04T12:00:00,2010-08-10T18:00:00,TCPRIMED_v01r01-final_EP072010_env_s20100804120000_e20100810180000.nc
2010,EP,8,2010-08-20T06:00:00,2010-08-23T00:00:00,TCPRIMED_v01r01-final_EP082010_env_s20100820060000_e20100823000000.nc
2010,EP,9,2010-08-21T18:00:00,2010-08-29T00:00:00,TCPRIMED_v01r01-final_EP092010_env_s20100821180000_e20100829000000.nc
2010,EP,10,2010-09-03T00:00:00,2010-09-05T06:00:00,TCPRIMED_v01r01-final_EP102010_env_s20100903000000_e20100905060000.nc
2010,EP,11,2010-09-03T18:00:00,2010-09-04T18:00:00,TCPRIMED_v01r01-final_EP112010_env_s20100903180000_e20100904180000.nc
2010,EP,12,2010-09-20T12:00:00,2010-09-23T00:00:00,TCPRIMED_v01r01-final_EP122010_env_s20100920120000_e20100923000000.nc
2010,IO,1,2010-05-16T18:00:00,2010-05-21T18:00:00,TCPRIMED_v01r01-final_IO012010_env_s20100516180000_e20100521180000.nc
2010,IO,2,2010-05-15T12:00:00,2010-05-22T18:00:00,TCPRIMED_v01r01-final_IO022010_env_s20100515120000_e20100522180000.nc
2010,IO,3,2010-05-30T12:00:00,2010-06-07T06:00:00,TCPRIMED_v01r01-final_IO032010_env_s20100530120000_e20100607060000.nc
2010,IO,4,2010-10-19T12:00:00,2010-10-24T00:00:00,TCPRIMED_v01r01-final_IO042010_env_s20101019120000_e20101024000000.nc
2010,IO,5,2010-10-31T18:00:00,2010-11-08T00:00:00,TCPRIMED_v01r01-final_IO052010_env_s20101031180000_e20101108000000.nc
2010,SH,1,2009-11-13T12:00:00,2009-11-18T18:00:00,TCPRIMED_v01r01-final_SH012010_env_s20091113120000_e20091118180000.nc
2010,SH,2,2009-11-21T12:00:00,2009-11-25T18:00:00,TCPRIMED_v01r01-final_SH022010_env_s20091121120000_e20091125180000.nc
2010,SH,3,2009-12-04T06:00:00,2009-12-14T12:00:00,TCPRIMED_v01r01-final_SH032010_env_s20091204060000_e20091214120000.nc
2010,SH,4,2009-12-11T12:00:00,2009-12-15T18:00:00,TCPRIMED_v01r01-final_SH042010_env_s20091211120000_e20091215180000.nc
2010,SH,5,2009-12-12T00:00:00,2009-12-26T00:00:00,TCPRIMED_v01r01-final_SH052010_env_s20091212000000_e20091226000000.nc
2010,SH,6,2009-12-11T12:00:00,2009-12-23T18:00:00,TCPRIMED_v01r01-final_SH062010_env_s20091211120000_e20091223180000.nc
2010,SH,7,2010-01-01T12:00:00,2010-01-15T00:00:00,TCPRIMED_v01r01-final_SH072010_env_s20100101120000_e20100115000000.nc
2010,SH,8,2010-01-19T00:00:00,2010-01-23T06:00:00,TCPRIMED_v01r01-final_SH082010_env_s20100119000000_e20100123060000.nc
2010,SH,9,2010-01-22T00:00:00,2010-01-30T12:00:00,TCPRIMED_v01r01-final_SH092010_env_s20100122000000_e20100130120000.nc
2010,SH,10,2010-01-27T00:00:00,2010-01-31T00:00:00,TCPRIMED_v01r01-final_SH102010_env_s20100127000000_e20100131000000.nc
2010,SH,11,2010-01-26T18:00:00,2010-01-31T06:00:00,TCPRIMED_v01r01-final_SH112010_env_s20100126180000_e20100131060000.nc
2010,SH,12,2010-01-30T06:00:00,2010-02-07T00:00:00,TCPRIMED_v01r01-final_SH122010_env_s20100130060000_e20100207000000.nc
2010,SH,13,2010-02-01T06:00:00,2010-02-03T06:00:00,TCPRIMED_v01r01-final_SH132010_env_s20100201060000_e20100203060000.nc
2010,SH,14,2010-02-06T18:00:00,2010-02-12T00:00:00,TCPRIMED_v01r01-final_SH142010_env_s20100206180000_e20100212000000.nc
2010,SH,15,2010-02-09T06:00:00,2010-02-18T18:00:00,TCPRIMED_v01r01-final_SH152010_env_s20100209060000_e20100218180000.nc
2010,SH,16,2010-02-15T00:00:00,2010-02-22T12:00:00,TCPRIMED_v01r01-final_SH162010_env_s20100215000000_e20100222120000.nc
2010,SH,17,2010-02-21T00:00:00,2010-03-04T12:00:00,TCPRIMED_v01r01-final_SH172010_env_s20100221000000_e20100304120000.nc
2010,SH,18,2010-03-09T00:00:00,2010-03-11T18:00:00,TCPRIMED_v01r01-final_SH182010_env_s20100309000000_e20100311180000.nc
2010,SH,19,2010-03-10T12:00:00,2010-03-17T18:00:00,TCPRIMED_v01r01-final_SH192010_env_s20100310120000_e20100317180000.nc
2010,SH,20,2010-03-10T12:00:00,2010-03-22T00:00:00,TCPRIMED_v01r01-final_SH202010_env_s20100310120000_e20100322000000.nc
2010,SH,21,2010-03-21T06:00:00,2010-03-29T12:00:00,TCPRIMED_v01r01-final_SH212010_env_s20100321060000_e20100329120000.nc
2010,SH,22,2010-03-27T06:00:00,2010-03-31T00:00:00,TCPRIMED_v01r01-final_SH222010_env_s20100327060000_e20100331000000.nc
2010,SH,23,2010-04-01T06:00:00,2010-04-10T00:00:00,TCPRIMED_v01r01-final_SH232010_env_s20100401060000_e20100410000000.nc
2010,SH,24,2010-04-20T00:00:00,2010-04-29T12:00:00,TCPRIMED_v01r01-final_SH242010_env_s20100420000000_e20100429120000.nc
2010,WP,1,2010-01-18T00:00:00,2010-01-20T06:00:00,TCPRIMED_v01r01-final_WP012010_env_s20100118000000_e20100120060000.nc
2010,WP,2,2010-03-19T06:00:00,2010-03-26T06:00:00,TCPRIMED_v01r01-final_WP022010_env_s20100319060000_e20100326060000.nc
2010,WP,3,2010-07-10T06:00:00,2010-07-18T00:00:00,TCPRIMED_v01r01-final_WP032010_env_s20100710060000_e20100718000000.nc
2010,WP,4,2010-07-17T00:00:00,2010-07-23T12:00:00,TCPRIMED_v01r01-final_WP042010_env_s20100717000000_e20100723120000.nc
2010,WP,5,2010-08-06T00:00:00,2010-08-12T12:00:00,TCPRIMED_v01r01-final_WP052010_env_s20100806000000_e20100812120000.nc
2010,WP,6,2010-08-20T18:00:00,2010-08-25T00:00:00,TCPRIMED_v01r01-final_WP062010_env_s20100820180000_e20100825000000.nc
2010,WP,7,2010-08-26T18:00:00,2010-09-03T06:00:00,TCPRIMED_v01r01-final_WP072010_env_s20100826180000_e20100903060000.nc
2010,WP,8,2010-08-27T18:00:00,2010-09-03T06:00:00,TCPRIMED_v01r01-final_WP082010_env_s20100827180000_e20100903060000.nc
2010,WP,9,2010-08-29T00:00:00,2010-08-31T18:00:00,TCPRIMED_v01r01-final_WP092010_env_s20100829000000_e20100831180000.nc
2010,WP,10,2010-08-31T06:00:00,2010-09-08T12:00:00,TCPRIMED_v01r01-final_WP102010_env_s20100831060000_e20100908120000.nc
2010,WP,11,2010-09-06T06:00:00,2010-09-11T18:00:00,TCPRIMED_v01r01-final_WP112010_env_s20100906060000_e20100911180000.nc
2010,WP,12,2010-09-13T06:00:00,2010-09-20T18:00:00,TCPRIMED_v01r01-final_WP122010_env_s20100913060000_e20100920180000.nc
2010,WP,13,2010-09-19T12:00:00,2010-09-25T06:00:00,TCPRIMED_v01r01-final_WP132010_env_s20100919120000_e20100925060000.nc
2010,WP,14,2010-10-04T12:00:00,2010-10-06T00:00:00,TCPRIMED_v01r01-final_WP142010_env_s20101004120000_e20101006000000.nc
2010,WP,15,2010-10-11T12:00:00,2010-10-24T06:00:00,TCPRIMED_v01r01-final_WP152010_env_s20101011120000_e20101024060000.nc
2010,WP,16,2010-10-20T06:00:00,2010-10-30T12:00:00,TCPRIMED_v01r01-final_WP162010_env_s20101020060000_e20101030120000.nc
2010,WP,17,2010-10-19T12:00:00,2010-10-27T00:00:00,TCPRIMED_v01r01-final_WP172010_env_s20101019120000_e20101027000000.nc
2010,WP,18,2010-11-10T12:00:00,2010-11-14T12:00:00,TCPRIMED_v01r01-final_WP182010_env_s20101110120000_e20101114120000.nc
2010,WP,19,2010-12-11T12:00:00,2010-12-14T06:00:00,TCPRIMED_v01r01-final_WP192010_env_s20101211120000_e20101214060000.nc
2011,AL,1,2011-06-28T06:00:00,2011-07-01T00:00:00,TCPRIMED_v01r01-final_AL012011_env_s20110628060000_e20110701000000.nc
2011,AL,2,2011-07-16T06:00:00,2011-07-23T06:00:00,TCPRIMED_v01r01-final_AL022011_env_s20110716060000_e20110723060000.nc
2011,AL,3,2011-07-20T06:00:00,2011-07-23T06:00:00,TCPRIMED_v01r01-final_AL032011_env_s20110720060000_e20110723060000.nc
2011,AL,4,2011-07-27T06:00:00,2011-07-30T06:00:00,TCPRIMED_v01r01-final_AL042011_env_s20110727060000_e20110730060000.nc
2011,AL,5,2011-08-02T00:00:00,2011-08-07T18:00:00,TCPRIMED_v01r01-final_AL052011_env_s20110802000000_e20110807180000.nc
2011,AL,6,2011-08-12T12:00:00,2011-08-16T00:00:00,TCPRIMED_v01r01-final_AL062011_env_s20110812120000_e20110816000000.nc
2011,AL,7,2011-08-13T06:00:00,2011-08-17T18:00:00,TCPRIMED_v01r01-final_AL072011_env_s20110813060000_e20110817180000.nc
2011,AL,8,2011-08-19T00:00:00,2011-08-22T12:00:00,TCPRIMED_v01r01-final_AL082011_env_s20110819000000_e20110822120000.nc
2011,AL,9,2011-08-21T00:00:00,2011-08-30T00:00:00,TCPRIMED_v01r01-final_AL092011_env_s20110821000000_e20110830000000.nc
2011,AL,10,2011-08-25T00:00:00,2011-08-27T00:00:00,TCPRIMED_v01r01-final_AL102011_env_s20110825000000_e20110827000000.nc
2011,AL,11,2011-08-26T12:00:00,2011-08-29T12:00:00,TCPRIMED_v01r01-final_AL112011_env_s20110826120000_e20110829120000.nc
2011,AL,12,2011-08-28T00:00:00,2011-09-12T18:00:00,TCPRIMED_v01r01-final_AL122011_env_s20110828000000_e20110912180000.nc
2011,AL,13,2011-09-02T00:00:00,2011-09-06T18:00:00,TCPRIMED_v01r01-final_AL132011_env_s20110902000000_e20110906180000.nc
2011,AL,14,2011-09-06T18:00:00,2011-09-16T18:00:00,TCPRIMED_v01r01-final_AL142011_env_s20110906180000_e20110916180000.nc
2011,AL,15,2011-09-06T18:00:00,2011-09-12T00:00:00,TCPRIMED_v01r01-final_AL152011_env_s20110906180000_e20110912000000.nc
2011,AL,16,2011-09-20T06:00:00,2011-10-04T12:00:00,TCPRIMED_v01r01-final_AL162011_env_s20110920060000_e20111004120000.nc
2011,AL,17,2011-09-23T00:00:00,2011-10-09T00:00:00,TCPRIMED_v01r01-final_AL172011_env_s20110923000000_e20111009000000.nc
2011,AL,18,2011-10-22T00:00:00,2011-10-29T06:00:00,TCPRIMED_v01r01-final_AL182011_env_s20111022000000_e20111029060000.nc
2011,AL,19,2011-11-06T00:00:00,2011-11-12T18:00:00,TCPRIMED_v01r01-final_AL192011_env_s20111106000000_e20111112180000.nc
2011,AL,20,2011-08-31T12:00:00,2011-09-03T18:00:00,TCPRIMED_v01r01-final_AL202011_env_s20110831120000_e20110903180000.nc
2011,EP,1,2011-06-07T00:00:00,2011-06-14T06:00:00,TCPRIMED_v01r01-final_EP012011_env_s20110607000000_e20110614060000.nc
2011,EP,2,2011-06-18T18:00:00,2011-06-22T00:00:00,TCPRIMED_v01r01-final_EP022011_env_s20110618180000_e20110622000000.nc
2011,EP,3,2011-07-07T00:00:00,2011-07-14T00:00:00,TCPRIMED_v01r01-final_EP032011_env_s20110707000000_e20110714000000.nc
2011,EP,4,2011-07-18T00:00:00,2011-07-26T00:00:00,TCPRIMED_v01r01-final_EP042011_env_s20110718000000_e20110726000000.nc
2011,EP,5,2011-07-30T12:00:00,2011-08-10T00:00:00,TCPRIMED_v01r01-final_EP052011_env_s20110730120000_e20110810000000.nc
2011,EP,6,2011-08-14T12:00:00,2011-08-21T12:00:00,TCPRIMED_v01r01-final_EP062011_env_s20110814120000_e20110821120000.nc
2011,EP,7,2011-08-16T18:00:00,2011-08-23T00:00:00,TCPRIMED_v01r01-final_EP072011_env_s20110816180000_e20110823000000.nc
2011,EP,8,2011-08-31T00:00:00,2011-09-02T00:00:00,TCPRIMED_v01r01-final_EP082011_env_s20110831000000_e20110902000000.nc
2011,EP,9,2011-09-21T06:00:00,2011-10-03T12:00:00,TCPRIMED_v01r01-final_EP092011_env_s20110921060000_e20111003120000.nc
2011,EP,10,2011-10-05T12:00:00,2011-10-12T18:00:00,TCPRIMED_v01r01-final_EP102011_env_s20111005120000_e20111012180000.nc
2011,EP,11,2011-10-04T18:00:00,2011-10-18T12:00:00,TCPRIMED_v01r01-final_EP112011_env_s20111004180000_e20111018120000.nc
2011,EP,12,2011-10-06T18:00:00,2011-10-13T00:00:00,TCPRIMED_v01r01-final_EP122011_env_s20111006180000_e20111013000000.nc
2011,EP,13,2011-11-18T12:00:00,2011-11-26T00:00:00,TCPRIMED_v01r01-final_EP132011_env_s20111118120000_e20111126000000.nc
2011,IO,1,2011-06-09T06:00:00,2011-06-12T12:00:00,TCPRIMED_v01r01-final_IO012011_env_s20110609060000_e20110612120000.nc
2011,IO,2,2011-10-17T00:00:00,2011-10-19T18:00:00,TCPRIMED_v01r01-final_IO022011_env_s20111017000000_e20111019180000.nc
2011,IO,3,2011-11-01T00:00:00,2011-11-05T06:00:00,TCPRIMED_v01r01-final_IO032011_env_s20111101000000_e20111105060000.nc
2011,IO,4,2011-11-07T12:00:00,2011-11-11T12:00:00,TCPRIMED_v01r01-final_IO042011_env_s20111107120000_e20111111120000.nc
2011,IO,5,2011-11-25T12:00:00,2011-12-01T06:00:00,TCPRIMED_v01r01-final_IO052011_env_s20111125120000_e20111201060000.nc
2011,IO,6,2011-12-25T12:00:00,2011-12-30T12:00:00,TCPRIMED_v01r01-final_IO062011_env_s20111225120000_e20111230120000.nc
2011,SH,1,2010-10-25T00:00:00,2010-10-31T06:00:00,TCPRIMED_v01r01-final_SH012011_env_s20101025000000_e20101031060000.nc
2011,SH,2,2010-10-29T06:00:00,2010-11-06T12:00:00,TCPRIMED_v01r01-final_SH022011_env_s20101029060000_e20101106120000.nc
2011,SH,3,2010-11-26T18:00:00,2010-12-04T12:00:00,TCPRIMED_v01r01-final_SH032011_env_s20101126180000_e20101204120000.nc
2011,SH,4,2010-12-23T12:00:00,2010-12-26T00:00:00,TCPRIMED_v01r01-final_SH042011_env_s20101223120000_e20101226000000.nc
2011,SH,5,2011-01-11T00:00:00,2011-01-15T18:00:00,TCPRIMED_v01r01-final_SH052011_env_s20110111000000_e20110115180000.nc
2011,SH,6,2011-01-10T06:00:00,2011-01-16T12:00:00,TCPRIMED_v01r01-final_SH062011_env_s20110110060000_e20110116120000.nc
2011,SH,7,2011-01-12T18:00:00,2011-01-18T00:00:00,TCPRIMED_v01r01-final_SH072011_env_s20110112180000_e20110118000000.nc
2011,SH,8,2011-01-20T06:00:00,2011-01-28T18:00:00,TCPRIMED_v01r01-final_SH082011_env_s20110120060000_e20110128180000.nc
2011,SH,9,2011-01-22T12:00:00,2011-01-31T00:00:00,TCPRIMED_v01r01-final_SH092011_env_s20110122120000_e20110131000000.nc
2011,SH,10,2011-01-24T06:00:00,2011-01-30T06:00:00,TCPRIMED_v01r01-final_SH102011_env_s20110124060000_e20110130060000.nc
2011,SH,11,2011-01-29T00:00:00,2011-02-06T18:00:00,TCPRIMED_v01r01-final_SH112011_env_s20110129000000_e20110206180000.nc
2011,SH,12,2011-02-03T06:00:00,2011-02-08T06:00:00,TCPRIMED_v01r01-final_SH122011_env_s20110203060000_e20110208060000.nc
2011,SH,13,2011-02-08T12:00:00,2011-02-18T00:00:00,TCPRIMED_v01r01-final_SH132011_env_s20110208120000_e20110218000000.nc
2011,SH,14,2011-02-09T12:00:00,2011-02-13T12:00:00,TCPRIMED_v01r01-final_SH142011_env_s20110209120000_e20110213120000.nc
2011,SH,15,2011-02-14T06:00:00,2011-02-26T18:00:00,TCPRIMED_v01r01-final_SH152011_env_s20110214060000_e20110226180000.nc
2011,SH,16,2011-02-14T18:00:00,2011-02-22T12:00:00,TCPRIMED_v01r01-final_SH162011_env_s20110214180000_e20110222120000.nc
2011,SH,17,2011-02-17T00:00:00,2011-02-25T06:00:00,TCPRIMED_v01r01-final_SH172011_env_s20110217000000_e20110225060000.nc
2011,SH,18,2011-03-14T00:00:00,2011-03-23T00:00:00,TCPRIMED_v01r01-final_SH182011_env_s20110314000000_e20110323000000.nc
2011,SH,19,2011-03-22T12:00:00,2011-03-29T00:00:00,TCPRIMED_v01r01-final_SH192011_env_s20110322120000_e20110329000000.nc
2011,SH,20,2011-03-30T06:00:00,2011-04-04T06:00:00,TCPRIMED_v01r01-final_SH202011_env_s20110330060000_e20110404060000.nc
2011,SH,21,2011-04-13T06:00:00,2011-04-18T06:00:00,TCPRIMED_v01r01-final_SH212011_env_s20110413060000_e20110418060000.nc
2011,WP,1,2011-04-01T00:00:00,2011-04-03T18:00:00,TCPRIMED_v01r01-final_WP012011_env_s20110401000000_e20110403180000.nc
2011,WP,2,2011-04-02T12:00:00,2011-04-06T00:00:00,TCPRIMED_v01r01-final_WP022011_env_s20110402120000_e20110406000000.nc
2011,WP,3,2011-05-05T18:00:00,2011-05-12T06:00:00,TCPRIMED_v01r01-final_WP032011_env_s20110505180000_e20110512060000.nc
2011,WP,4,2011-05-20T00:00:00,2011-05-29T12:00:00,TCPRIMED_v01r01-final_WP042011_env_s20110520000000_e20110529120000.nc
2011,WP,5,2011-06-08T00:00:00,2011-06-11T06:00:00,TCPRIMED_v01r01-final_WP052011_env_s20110608000000_e20110611060000.nc
2011,WP,6,2011-06-16T06:00:00,2011-06-25T18:00:00,TCPRIMED_v01r01-final_WP062011_env_s20110616060000_e20110625180000.nc
2011,WP,7,2011-06-20T18:00:00,2011-06-27T06:00:00,TCPRIMED_v01r01-final_WP072011_env_s20110620180000_e20110627060000.nc
2011,WP,8,2011-07-10T18:00:00,2011-07-22T06:00:00,TCPRIMED_v01r01-final_WP082011_env_s20110710180000_e20110722060000.nc
2011,WP,9,2011-07-13T12:00:00,2011-07-16T00:00:00,TCPRIMED_v01r01-final_WP092011_env_s20110713120000_e20110716000000.nc
2011,WP,10,2011-07-24T00:00:00,2011-07-30T12:00:00,TCPRIMED_v01r01-final_WP102011_env_s20110724000000_e20110730120000.nc
2011,WP,11,2011-07-26T18:00:00,2011-08-09T00:00:00,TCPRIMED_v01r01-final_WP112011_env_s20110726180000_e20110809000000.nc
2011,WP,12,2011-08-02T12:00:00,2011-08-09T06:00:00,TCPRIMED_v01r01-final_WP122011_env_s20110802120000_e20110809060000.nc
2011,WP,13,2011-08-08T12:00:00,2011-08-15T00:00:00,TCPRIMED_v01r01-final_WP132011_env_s20110808120000_e20110815000000.nc
2011,WP,14,2011-08-22T12:00:00,2011-08-30T18:00:00,TCPRIMED_v01r01-final_WP142011_env_s20110822120000_e20110830180000.nc
2011,WP,15,2011-08-24T06:00:00,2011-09-04T12:00:00,TCPRIMED_v01r01-final_WP152011_env_s20110824060000_e20110904120000.nc
2011,WP,16,2011-09-01T18:00:00,2011-09-07T00:00:00,TCPRIMED_v01r01-final_WP162011_env_s20110901180000_e20110907000000.nc
2011,WP,17,2011-09-05T18:00:00,2011-09-10T06:00:00,TCPRIMED_v01r01-final_WP172011_env_s20110905180000_e20110910060000.nc
2011,WP,18,2011-09-10T00:00:00,2011-09-21T18:00:00,TCPRIMED_v01r01-final_WP182011_env_s20110910000000_e20110921180000.nc
2011,WP,19,2011-09-13T12:00:00,2011-09-20T18:00:00,TCPRIMED_v01r01-final_WP192011_env_s20110913120000_e20110920180000.nc
2011,WP,20,2011-09-23T00:00:00,2011-09-30T18:00:00,TCPRIMED_v01r01-final_WP202011_env_s20110923000000_e20110930180000.nc
2011,WP,21,2011-09-24T00:00:00,2011-09-27T06:00:00,TCPRIMED_v01r01-final_WP212011_env_s20110924000000_e20110927060000.nc
2011,WP,22,2011-09-26T12:00:00,2011-10-05T06:00:00,TCPRIMED_v01r01-final_WP222011_env_s20110926120000_e20111005060000.nc
2011,WP,23,2011-10-09T00:00:00,2011-10-15T06:00:00,TCPRIMED_v01r01-final_WP232011_env_s20111009000000_e20111015060000.nc
2011,WP,24,2011-11-07T06:00:00,2011-11-10T00:00:00,TCPRIMED_v01r01-final_WP242011_env_s20111107060000_e20111110000000.nc
2011,WP,25,2011-12-03T12:00:00,2011-12-05T00:00:00,TCPRIMED_v01r01-final_WP252011_env_s20111203120000_e20111205000000.nc
2011,WP,26,2011-12-09T18:00:00,2011-12-13T06:00:00,TCPRIMED_v01r01-final_WP262011_env_s20111209180000_e20111213060000.nc
2011,WP,27,2011-12-11T18:00:00,2011-12-19T06:00:00,TCPRIMED_v01r01-final_WP272011_env_s20111211180000_e20111219060000.nc
2012,AL,1,2012-05-19T00:00:00,2012-05-23T18:00:00,TCPRIMED_v01r01-final_AL012012_env_s20120519000000_e20120523180000.nc
2012,AL,2,2012-05-25T12:00:00,2012-06-02T00:00:00,TCPRIMED_v01r01-final_AL022012_env_s20120525120000_e20120602000000.nc
2012,AL,3,2012-06-17T00:00:00,2012-06-24T12:00:00,TCPRIMED_v01r01-final_AL032012_env_s20120617000000_e20120624120000.nc
2012,AL,4,2012-06-23T12:00:00,2012-06-27T12:00:00,TCPRIMED_v01r01-final_AL042012_env_s20120623120000_e20120627120000.nc
2012,AL,5,2012-08-01T12:00:00,2012-08-10T06:00:00,TCPRIMED_v01r01-final_AL052012_env_s20120801120000_e20120810060000.nc
2012,AL,6,2012-08-03T06:00:00,2012-08-08T06:00:00,TCPRIMED_v01r01-final_AL062012_env_s20120803060000_e20120808060000.nc
2012,AL,7,2012-08-09T18:00:00,2012-08-19T00:00:00,TCPRIMED_v01r01-final_AL072012_env_s20120809180000_e20120819000000.nc
2012,AL,8,2012-08-15T12:00:00,2012-08-21T12:00:00,TCPRIMED_v01r01-final_AL082012_env_s20120815120000_e20120821120000.nc
2012,AL,9,2012-08-20T12:00:00,2012-09-01T06:00:00,TCPRIMED_v01r01-final_AL092012_env_s20120820120000_e20120901060000.nc
2012,AL,10,2012-08-21T18:00:00,2012-08-24T12:00:00,TCPRIMED_v01r01-final_AL102012_env_s20120821180000_e20120824120000.nc
2012,AL,11,2012-08-28T18:00:00,2012-09-03T00:00:00,TCPRIMED_v01r01-final_AL112012_env_s20120828180000_e20120903000000.nc
2012,AL,12,2012-08-28T12:00:00,2012-09-12T00:00:00,TCPRIMED_v01r01-final_AL122012_env_s20120828120000_e20120912000000.nc
2012,AL,13,2012-09-02T00:00:00,2012-09-12T06:00:00,TCPRIMED_v01r01-final_AL132012_env_s20120902000000_e20120912060000.nc
2012,AL,14,2012-09-10T12:00:00,2012-10-04T06:00:00,TCPRIMED_v01r01-final_AL142012_env_s20120910120000_e20121004060000.nc
2012,AL,15,2012-10-02T12:00:00,2012-10-05T12:00:00,TCPRIMED_v01r01-final_AL152012_env_s20121002120000_e20121005120000.nc
2012,AL,16,2012-10-10T18:00:00,2012-10-13T06:00:00,TCPRIMED_v01r01-final_AL162012_env_s20121010180000_e20121013060000.nc
2012,AL,17,2012-10-12T18:00:00,2012-10-26T12:00:00,TCPRIMED_v01r01-final_AL172012_env_s20121012180000_e20121026120000.nc
2012,AL,18,2012-10-21T18:00:00,2012-10-31T12:00:00,TCPRIMED_v01r01-final_AL182012_env_s20121021180000_e20121031120000.nc
2012,AL,19,2012-10-21T18:00:00,2012-10-26T12:00:00,TCPRIMED_v01r01-final_AL192012_env_s20121021180000_e20121026120000.nc
2012,EP,1,2012-05-13T18:00:00,2012-05-20T00:00:00,TCPRIMED_v01r01-final_EP012012_env_s20120513180000_e20120520000000.nc
2012,EP,2,2012-05-20T12:00:00,2012-05-26T12:00:00,TCPRIMED_v01r01-final_EP022012_env_s20120520120000_e20120526120000.nc
2012,EP,3,2012-06-13T18:00:00,2012-06-17T06:00:00,TCPRIMED_v01r01-final_EP032012_env_s20120613180000_e20120617060000.nc
2012,EP,4,2012-07-04T06:00:00,2012-07-14T06:00:00,TCPRIMED_v01r01-final_EP042012_env_s20120704060000_e20120714060000.nc
2012,EP,5,2012-07-07T06:00:00,2012-07-18T00:00:00,TCPRIMED_v01r01-final_EP052012_env_s20120707060000_e20120718000000.nc
2012,EP,6,2012-07-10T12:00:00,2012-07-20T06:00:00,TCPRIMED_v01r01-final_EP062012_env_s20120710120000_e20120720060000.nc
2012,EP,7,2012-08-06T00:00:00,2012-08-14T00:00:00,TCPRIMED_v01r01-final_EP072012_env_s20120806000000_e20120814000000.nc
2012,EP,8,2012-08-11T12:00:00,2012-08-20T06:00:00,TCPRIMED_v01r01-final_EP082012_env_s20120811120000_e20120820060000.nc
2012,EP,9,2012-08-25T18:00:00,2012-09-06T06:00:00,TCPRIMED_v01r01-final_EP092012_env_s20120825180000_e20120906060000.nc
2012,EP,10,2012-09-02T12:00:00,2012-09-07T06:00:00,TCPRIMED_v01r01-final_EP102012_env_s20120902120000_e20120907060000.nc
2012,EP,11,2012-09-11T18:00:00,2012-09-19T18:00:00,TCPRIMED_v01r01-final_EP112012_env_s20120911180000_e20120919180000.nc
2012,EP,12,2012-09-15T12:00:00,2012-09-20T06:00:00,TCPRIMED_v01r01-final_EP122012_env_s20120915120000_e20120920060000.nc
2012,EP,13,2012-09-22T00:00:00,2012-10-02T18:00:00,TCPRIMED_v01r01-final_EP132012_env_s20120922000000_e20121002180000.nc
2012,EP,14,2012-09-28T06:00:00,2012-09-30T06:00:00,TCPRIMED_v01r01-final_EP142012_env_s20120928060000_e20120930060000.nc
2012,EP,15,2012-10-06T12:00:00,2012-10-10T12:00:00,TCPRIMED_v01r01-final_EP152012_env_s20121006120000_e20121010120000.nc
2012,EP,16,2012-10-13T12:00:00,2012-10-18T00:00:00,TCPRIMED_v01r01-final_EP162012_env_s20121013120000_e20121018000000.nc
2012,EP,17,2012-10-29T18:00:00,2012-11-05T06:00:00,TCPRIMED_v01r01-final_EP172012_env_s20121029180000_e20121105060000.nc
2012,IO,1,2012-10-22T18:00:00,2012-10-26T00:00:00,TCPRIMED_v01r01-final_IO012012_env_s20121022180000_e20121026000000.nc
2012,IO,2,2012-10-27T06:00:00,2012-11-01T00:00:00,TCPRIMED_v01r01-final_IO022012_env_s20121027060000_e20121101000000.nc
2012,IO,3,2012-11-16T00:00:00,2012-11-23T06:00:00,TCPRIMED_v01r01-final_IO032012_env_s20121116000000_e20121123060000.nc
2012,IO,4,2012-12-22T06:00:00,2012-12-25T00:00:00,TCPRIMED_v01r01-final_IO042012_env_s20121222060000_e20121225000000.nc
2012,SH,1,2011-12-02T06:00:00,2011-12-09T12:00:00,TCPRIMED_v01r01-final_SH012012_env_s20111202060000_e20111209120000.nc
2012,SH,2,2011-12-02T12:00:00,2011-12-11T18:00:00,TCPRIMED_v01r01-final_SH022012_env_s20111202120000_e20111211180000.nc
2012,SH,3,2011-12-24T06:00:00,2011-12-26T06:00:00,TCPRIMED_v01r01-final_SH032012_env_s20111224060000_e20111226060000.nc
2012,SH,4,2011-12-27T00:00:00,2012-01-05T06:00:00,TCPRIMED_v01r01-final_SH042012_env_s20111227000000_e20120105060000.nc
2012,SH,5,2012-01-07T06:00:00,2012-01-09T12:00:00,TCPRIMED_v01r01-final_SH052012_env_s20120107060000_e20120109120000.nc
2012,SH,6,2012-01-10T00:00:00,2012-01-13T06:00:00,TCPRIMED_v01r01-final_SH062012_env_s20120110000000_e20120113060000.nc
2012,SH,7,2012-01-18T00:00:00,2012-01-23T12:00:00,TCPRIMED_v01r01-final_SH072012_env_s20120118000000_e20120123120000.nc
2012,SH,8,2012-01-18T06:00:00,2012-01-29T00:00:00,TCPRIMED_v01r01-final_SH082012_env_s20120118060000_e20120129000000.nc
2012,SH,9,2012-01-24T00:00:00,2012-02-03T00:00:00,TCPRIMED_v01r01-final_SH092012_env_s20120124000000_e20120203000000.nc
2012,SH,10,2012-02-02T18:00:00,2012-02-16T18:00:00,TCPRIMED_v01r01-final_SH102012_env_s20120202180000_e20120216180000.nc
2012,SH,11,2012-02-05T12:00:00,2012-02-08T12:00:00,TCPRIMED_v01r01-final_SH112012_env_s20120205120000_e20120208120000.nc
2012,SH,12,2012-02-08T12:00:00,2012-02-21T18:00:00,TCPRIMED_v01r01-final_SH122012_env_s20120208120000_e20120221180000.nc
2012,SH,13,2012-02-11T06:00:00,2012-02-23T12:00:00,TCPRIMED_v01r01-final_SH132012_env_s20120211060000_e20120223120000.nc
2012,SH,14,2012-02-26T06:00:00,2012-03-10T12:00:00,TCPRIMED_v01r01-final_SH142012_env_s20120226060000_e20120310120000.nc
2012,SH,15,2012-02-28T12:00:00,2012-03-02T12:00:00,TCPRIMED_v01r01-final_SH152012_env_s20120228120000_e20120302120000.nc
2012,SH,16,2012-03-06T06:00:00,2012-03-12T18:00:00,TCPRIMED_v01r01-final_SH162012_env_s20120306060000_e20120312180000.nc
2012,SH,17,2012-03-11T06:00:00,2012-03-17T18:00:00,TCPRIMED_v01r01-final_SH172012_env_s20120311060000_e20120317180000.nc
2012,SH,18,2012-04-01T00:00:00,2012-04-03T18:00:00,TCPRIMED_v01r01-final_SH182012_env_s20120401000000_e20120403180000.nc
2012,SH,19,2012-05-06T00:00:00,2012-05-09T06:00:00,TCPRIMED_v01r01-final_SH192012_env_s20120506000000_e20120509060000.nc
2012,SH,20,2012-06-03T12:00:00,2012-06-08T12:00:00,TCPRIMED_v01r01-final_SH202012_env_s20120603120000_e20120608120000.nc
2012,SH,21,2012-06-28T00:00:00,2012-06-30T18:00:00,TCPRIMED_v01r01-final_SH212012_env_s20120628000000_e20120630180000.nc
2012,WP,1,2012-02-17T00:00:00,2012-02-21T00:00:00,TCPRIMED_v01r01-final_WP012012_env_s20120217000000_e20120221000000.nc
2012,WP,2,2012-03-27T18:00:00,2012-04-01T18:00:00,TCPRIMED_v01r01-final_WP022012_env_s20120327180000_e20120401180000.nc
2012,WP,3,2012-05-20T06:00:00,2012-05-27T18:00:00,TCPRIMED_v01r01-final_WP032012_env_s20120520060000_e20120527180000.nc
2012,WP,4,2012-05-31T00:00:00,2012-06-06T06:00:00,TCPRIMED_v01r01-final_WP042012_env_s20120531000000_e20120606060000.nc
2012,WP,5,2012-06-10T00:00:00,2012-06-20T00:00:00,TCPRIMED_v01r01-final_WP052012_env_s20120610000000_e20120620000000.nc
2012,WP,6,2012-06-17T00:00:00,2012-06-20T18:00:00,TCPRIMED_v01r01-final_WP062012_env_s20120617000000_e20120620180000.nc
2012,WP,7,2012-06-25T12:00:00,2012-06-30T00:00:00,TCPRIMED_v01r01-final_WP072012_env_s20120625120000_e20120630000000.nc
2012,WP,8,2012-07-13T18:00:00,2012-07-19T06:00:00,TCPRIMED_v01r01-final_WP082012_env_s20120713180000_e20120719060000.nc
2012,WP,9,2012-07-20T06:00:00,2012-07-25T00:00:00,TCPRIMED_v01r01-final_WP092012_env_s20120720060000_e20120725000000.nc
2012,WP,10,2012-07-27T00:00:00,2012-08-03T12:00:00,TCPRIMED_v01r01-final_WP102012_env_s20120727000000_e20120803120000.nc
2012,WP,11,2012-07-28T06:00:00,2012-08-03T00:00:00,TCPRIMED_v01r01-final_WP112012_env_s20120728060000_e20120803000000.nc
2012,WP,12,2012-08-01T12:00:00,2012-08-09T18:00:00,TCPRIMED_v01r01-final_WP122012_env_s20120801120000_e20120809180000.nc
2012,WP,13,2012-08-04T00:00:00,2012-08-10T12:00:00,TCPRIMED_v01r01-final_WP132012_env_s20120804000000_e20120810120000.nc
2012,WP,14,2012-08-11T12:00:00,2012-08-18T00:00:00,TCPRIMED_v01r01-final_WP142012_env_s20120811120000_e20120818000000.nc
2012,WP,15,2012-08-18T12:00:00,2012-08-30T12:00:00,TCPRIMED_v01r01-final_WP152012_env_s20120818120000_e20120830120000.nc
2012,WP,16,2012-08-18T12:00:00,2012-08-29T00:00:00,TCPRIMED_v01r01-final_WP162012_env_s20120818120000_e20120829000000.nc
2012,WP,17,2012-09-10T06:00:00,2012-09-18T00:00:00,TCPRIMED_v01r01-final_WP172012_env_s20120910060000_e20120918000000.nc
2012,WP,18,2012-09-19T00:00:00,2012-10-01T06:00:00,TCPRIMED_v01r01-final_WP182012_env_s20120919000000_e20121001060000.nc
2012,WP,19,2012-09-23T06:00:00,2012-09-30T06:00:00,TCPRIMED_v01r01-final_WP192012_env_s20120923060000_e20120930060000.nc
2012,WP,20,2012-09-29T12:00:00,2012-10-04T18:00:00,TCPRIMED_v01r01-final_WP202012_env_s20120929120000_e20121004180000.nc
2012,WP,21,2012-09-30T06:00:00,2012-10-07T00:00:00,TCPRIMED_v01r01-final_WP212012_env_s20120930060000_e20121007000000.nc
2012,WP,22,2012-10-06T12:00:00,2012-10-19T06:00:00,TCPRIMED_v01r01-final_WP222012_env_s20121006120000_e20121019060000.nc
2012,WP,23,2012-10-13T00:00:00,2012-10-20T00:00:00,TCPRIMED_v01r01-final_WP232012_env_s20121013000000_e20121020000000.nc
2012,WP,24,2012-10-22T18:00:00,2012-10-29T00:00:00,TCPRIMED_v01r01-final_WP242012_env_s20121022180000_e20121029000000.nc
2012,WP,25,2012-11-12T06:00:00,2012-11-14T06:00:00,TCPRIMED_v01r01-final_WP252012_env_s20121112060000_e20121114060000.nc
2012,WP,26,2012-11-26T12:00:00,2012-12-09T06:00:00,TCPRIMED_v01r01-final_WP262012_env_s20121126120000_e20121209060000.nc
2012,WP,27,2012-12-24T06:00:00,2012-12-29T06:00:00,TCPRIMED_v01r01-final_WP272012_env_s20121224060000_e20121229060000.nc
2013,AL,1,2013-06-05T18:00:00,2013-06-08T18:00:00,TCPRIMED_v01r01-final_AL012013_env_s20130605180000_e20130608180000.nc
2013,AL,2,2013-06-16T00:00:00,2013-06-21T00:00:00,TCPRIMED_v01r01-final_AL022013_env_s20130616000000_e20130621000000.nc
2013,AL,3,2013-07-07T12:00:00,2013-07-10T12:00:00,TCPRIMED_v01r01-final_AL032013_env_s20130707120000_e20130710120000.nc
2013,AL,4,2013-07-22T18:00:00,2013-08-04T06:00:00,TCPRIMED_v01r01-final_AL042013_env_s20130722180000_e20130804060000.nc
2013,AL,5,2013-08-15T00:00:00,2013-08-19T18:00:00,TCPRIMED_v01r01-final_AL052013_env_s20130815000000_e20130819180000.nc
2013,AL,6,2013-08-25T12:00:00,2013-08-26T18:00:00,TCPRIMED_v01r01-final_AL062013_env_s20130825120000_e20130826180000.nc
2013,AL,7,2013-09-04T18:00:00,2013-09-13T12:00:00,TCPRIMED_v01r01-final_AL072013_env_s20130904180000_e20130913120000.nc
2013,AL,8,2013-09-06T12:00:00,2013-09-07T06:00:00,TCPRIMED_v01r01-final_AL082013_env_s20130906120000_e20130907060000.nc
2013,AL,9,2013-09-08T00:00:00,2013-09-19T06:00:00,TCPRIMED_v01r01-final_AL092013_env_s20130908000000_e20130919060000.nc
2013,AL,10,2013-09-12T06:00:00,2013-09-17T06:00:00,TCPRIMED_v01r01-final_AL102013_env_s20130912060000_e20130917060000.nc
2013,AL,11,2013-09-28T00:00:00,2013-10-06T00:00:00,TCPRIMED_v01r01-final_AL112013_env_s20130928000000_e20131006000000.nc
2013,AL,12,2013-10-03T06:00:00,2013-10-06T06:00:00,TCPRIMED_v01r01-final_AL122013_env_s20131003060000_e20131006060000.nc
2013,AL,13,2013-10-21T06:00:00,2013-10-26T06:00:00,TCPRIMED_v01r01-final_AL132013_env_s20131021060000_e20131026060000.nc
2013,AL,14,2013-11-17T00:00:00,2013-11-23T06:00:00,TCPRIMED_v01r01-final_AL142013_env_s20131117000000_e20131123060000.nc
2013,AL,15,2013-12-03T18:00:00,2013-12-07T12:00:00,TCPRIMED_v01r01-final_AL152013_env_s20131203180000_e20131207120000.nc
2013,CP,1,2013-08-15T00:00:00,2013-08-25T06:00:00,TCPRIMED_v01r01-final_CP012013_env_s20130815000000_e20130825060000.nc
2013,CP,2,2013-08-12T06:00:00,2013-08-19T06:00:00,TCPRIMED_v01r01-final_CP022013_env_s20130812060000_e20130819060000.nc
2013,CP,3,2013-08-09T06:00:00,2013-08-21T00:00:00,TCPRIMED_v01r01-final_CP032013_env_s20130809060000_e20130821000000.nc
2013,EP,1,2013-05-13T12:00:00,2013-05-17T00:00:00,TCPRIMED_v01r01-final_EP012013_env_s20130513120000_e20130517000000.nc
2013,EP,2,2013-05-28T12:00:00,2013-05-30T18:00:00,TCPRIMED_v01r01-final_EP022013_env_s20130528120000_e20130530180000.nc
2013,EP,3,2013-06-23T12:00:00,2013-06-30T18:00:00,TCPRIMED_v01r01-final_EP032013_env_s20130623120000_e20130630180000.nc
2013,EP,4,2013-06-28T18:00:00,2013-07-08T18:00:00,TCPRIMED_v01r01-final_EP042013_env_s20130628180000_e20130708180000.nc
2013,EP,5,2013-07-04T12:00:00,2013-07-09T18:00:00,TCPRIMED_v01r01-final_EP052013_env_s20130704120000_e20130709180000.nc
2013,EP,6,2013-07-25T00:00:00,2013-07-30T12:00:00,TCPRIMED_v01r01-final_EP062013_env_s20130725000000_e20130730120000.nc
2013,EP,7,2013-07-30T00:00:00,2013-08-06T18:00:00,TCPRIMED_v01r01-final_EP072013_env_s20130730000000_e20130806180000.nc
2013,EP,8,2013-08-02T00:00:00,2013-08-12T00:00:00,TCPRIMED_v01r01-final_EP082013_env_s20130802000000_e20130812000000.nc
2013,EP,9,2013-08-20T06:00:00,2013-08-27T18:00:00,TCPRIMED_v01r01-final_EP092013_env_s20130820060000_e20130827180000.nc
2013,EP,10,2013-08-28T12:00:00,2013-08-30T18:00:00,TCPRIMED_v01r01-final_EP102013_env_s20130828120000_e20130830180000.nc
2013,EP,11,2013-08-29T18:00:00,2013-09-04T06:00:00,TCPRIMED_v01r01-final_EP112013_env_s20130829180000_e20130904060000.nc
2013,EP,12,2013-09-04T12:00:00,2013-09-09T00:00:00,TCPRIMED_v01r01-final_EP122013_env_s20130904120000_e20130909000000.nc
2013,EP,13,2013-09-13T12:00:00,2013-09-19T18:00:00,TCPRIMED_v01r01-final_EP132013_env_s20130913120000_e20130919180000.nc
2013,EP,14,2013-10-06T18:00:00,2013-10-12T12:00:00,TCPRIMED_v01r01-final_EP142013_env_s20131006180000_e20131012120000.nc
2013,EP,15,2013-10-12T18:00:00,2013-10-16T00:00:00,TCPRIMED_v01r01-final_EP152013_env_s20131012180000_e20131016000000.nc
2013,EP,16,2013-10-13T12:00:00,2013-10-18T12:00:00,TCPRIMED_v01r01-final_EP162013_env_s20131013120000_e20131018120000.nc
2013,EP,17,2013-10-19T18:00:00,2013-11-01T00:00:00,TCPRIMED_v01r01-final_EP172013_env_s20131019180000_e20131101000000.nc
2013,EP,18,2013-11-01T06:00:00,2013-11-04T06:00:00,TCPRIMED_v01r01-final_EP182013_env_s20131101060000_e20131104060000.nc
2013,IO,1,2013-05-09T18:00:00,2013-05-16T12:00:00,TCPRIMED_v01r01-final_IO012013_env_s20130509180000_e20130516120000.nc
2013,IO,2,2013-10-07T12:00:00,2013-10-13T12:00:00,TCPRIMED_v01r01-final_IO022013_env_s20131007120000_e20131013120000.nc
2013,IO,3,2013-11-06T00:00:00,2013-11-12T00:00:00,TCPRIMED_v01r01-final_IO032013_env_s20131106000000_e20131112000000.nc
2013,IO,4,2013-11-18T00:00:00,2013-11-23T06:00:00,TCPRIMED_v01r01-final_IO042013_env_s20131118000000_e20131123060000.nc
2013,IO,5,2013-11-19T18:00:00,2013-11-29T00:00:00,TCPRIMED_v01r01-final_IO052013_env_s20131119180000_e20131129000000.nc
2013,IO,6,2013-12-05T00:00:00,2013-12-12T18:00:00,TCPRIMED_v01r01-final_IO062013_env_s20131205000000_e20131212180000.nc
2013,SH,1,2012-10-11T12:00:00,2012-10-18T18:00:00,TCPRIMED_v01r01-final_SH012013_env_s20121011120000_e20121018180000.nc
2013,SH,2,2012-11-20T18:00:00,2012-11-25T12:00:00,TCPRIMED_v01r01-final_SH022013_env_s20121120180000_e20121125120000.nc
2013,SH,3,2012-12-03T18:00:00,2012-12-13T12:00:00,TCPRIMED_v01r01-final_SH032013_env_s20121203180000_e20121213120000.nc
2013,SH,4,2012-12-10T18:00:00,2012-12-20T06:00:00,TCPRIMED_v01r01-final_SH042013_env_s20121210180000_e20121220060000.nc
2013,SH,5,2012-12-27T06:00:00,2013-01-03T18:00:00,TCPRIMED_v01r01-final_SH052013_env_s20121227060000_e20130103180000.nc
2013,SH,6,2012-12-27T00:00:00,2012-12-31T12:00:00,TCPRIMED_v01r01-final_SH062013_env_s20121227000000_e20121231120000.nc
2013,SH,7,2012-12-29T12:00:00,2013-01-05T12:00:00,TCPRIMED_v01r01-final_SH072013_env_s20121229120000_e20130105120000.nc
2013,SH,8,2013-01-07T06:00:00,2013-01-14T12:00:00,TCPRIMED_v01r01-final_SH082013_env_s20130107060000_e20130114120000.nc
2013,SH,9,2013-01-11T06:00:00,2013-01-19T18:00:00,TCPRIMED_v01r01-final_SH092013_env_s20130111060000_e20130119180000.nc
2013,SH,10,2013-01-18T12:00:00,2013-01-28T00:00:00,TCPRIMED_v01r01-final_SH102013_env_s20130118120000_e20130128000000.nc
2013,SH,11,2013-01-20T12:00:00,2013-01-23T18:00:00,TCPRIMED_v01r01-final_SH112013_env_s20130120120000_e20130123180000.nc
2013,SH,12,2013-01-21T06:00:00,2013-01-26T12:00:00,TCPRIMED_v01r01-final_SH122013_env_s20130121060000_e20130126120000.nc
2013,SH,13,2013-01-25T12:00:00,2013-02-04T12:00:00,TCPRIMED_v01r01-final_SH132013_env_s20130125120000_e20130204120000.nc
2013,SH,14,2013-02-08T12:00:00,2013-02-14T12:00:00,TCPRIMED_v01r01-final_SH142013_env_s20130208120000_e20130214120000.nc
2013,SH,15,2013-02-09T12:00:00,2013-02-16T06:00:00,TCPRIMED_v01r01-final_SH152013_env_s20130209120000_e20130216060000.nc
2013,SH,16,2013-02-14T12:00:00,2013-02-28T00:00:00,TCPRIMED_v01r01-final_SH162013_env_s20130214120000_e20130228000000.nc
2013,SH,17,2013-02-23T00:00:00,2013-02-28T06:00:00,TCPRIMED_v01r01-final_SH172013_env_s20130223000000_e20130228060000.nc
2013,SH,18,2013-02-22T18:00:00,2013-02-27T18:00:00,TCPRIMED_v01r01-final_SH182013_env_s20130222180000_e20130227180000.nc
2013,SH,19,2013-03-05T12:00:00,2013-03-17T06:00:00,TCPRIMED_v01r01-final_SH192013_env_s20130305120000_e20130317060000.nc
2013,SH,20,2013-03-13T06:00:00,2013-03-18T18:00:00,TCPRIMED_v01r01-final_SH202013_env_s20130313060000_e20130318180000.nc
2013,SH,21,2013-04-03T06:00:00,2013-04-19T06:00:00,TCPRIMED_v01r01-final_SH212013_env_s20130403060000_e20130419060000.nc
2013,SH,22,2013-04-08T06:00:00,2013-04-12T00:00:00,TCPRIMED_v01r01-final_SH222013_env_s20130408060000_e20130412000000.nc
2013,SH,23,2013-04-26T12:00:00,2013-05-02T00:00:00,TCPRIMED_v01r01-final_SH232013_env_s20130426120000_e20130502000000.nc
2013,SH,24,2013-05-07T18:00:00,2013-05-15T00:00:00,TCPRIMED_v01r01-final_SH242013_env_s20130507180000_e20130515000000.nc
2013,WP,1,2013-01-01T00:00:00,2013-01-08T00:00:00,TCPRIMED_v01r01-final_WP012013_env_s20130101000000_e20130108000000.nc
2013,WP,2,2013-02-19T18:00:00,2013-02-23T06:00:00,TCPRIMED_v01r01-final_WP022013_env_s20130219180000_e20130223060000.nc
2013,WP,3,2013-06-07T12:00:00,2013-06-15T06:00:00,TCPRIMED_v01r01-final_WP032013_env_s20130607120000_e20130615060000.nc
2013,WP,4,2013-06-16T06:00:00,2013-06-21T00:00:00,TCPRIMED_v01r01-final_WP042013_env_s20130616060000_e20130621000000.nc
2013,WP,5,2013-06-19T18:00:00,2013-06-24T00:00:00,TCPRIMED_v01r01-final_WP052013_env_s20130619180000_e20130624000000.nc
2013,WP,6,2013-06-27T12:00:00,2013-07-02T06:00:00,TCPRIMED_v01r01-final_WP062013_env_s20130627120000_e20130702060000.nc
2013,WP,7,2013-07-06T00:00:00,2013-07-13T12:00:00,TCPRIMED_v01r01-final_WP072013_env_s20130706000000_e20130713120000.nc
2013,WP,8,2013-07-14T18:00:00,2013-07-19T00:00:00,TCPRIMED_v01r01-final_WP082013_env_s20130714180000_e20130719000000.nc
2013,WP,9,2013-07-30T12:00:00,2013-08-03T12:00:00,TCPRIMED_v01r01-final_WP092013_env_s20130730120000_e20130803120000.nc
2013,WP,10,2013-08-05T00:00:00,2013-08-08T06:00:00,TCPRIMED_v01r01-final_WP102013_env_s20130805000000_e20130808060000.nc
2013,WP,11,2013-08-08T06:00:00,2013-08-15T12:00:00,TCPRIMED_v01r01-final_WP112013_env_s20130808060000_e20130815120000.nc
2013,WP,12,2013-08-16T00:00:00,2013-08-23T00:00:00,TCPRIMED_v01r01-final_WP122013_env_s20130816000000_e20130823000000.nc
2013,WP,13,2013-08-16T12:00:00,2013-08-19T00:00:00,TCPRIMED_v01r01-final_WP132013_env_s20130816120000_e20130819000000.nc
2013,WP,14,2013-08-25T00:00:00,2013-08-31T00:00:00,TCPRIMED_v01r01-final_WP142013_env_s20130825000000_e20130831000000.nc
2013,WP,15,2013-08-31T12:00:00,2013-09-04T00:00:00,TCPRIMED_v01r01-final_WP152013_env_s20130831120000_e20130904000000.nc
2013,WP,16,2013-09-12T00:00:00,2013-09-16T12:00:00,TCPRIMED_v01r01-final_WP162013_env_s20130912000000_e20130916120000.nc
2013,WP,17,2013-09-16T06:00:00,2013-09-23T06:00:00,TCPRIMED_v01r01-final_WP172013_env_s20130916060000_e20130923060000.nc
2013,WP,18,2013-09-18T06:00:00,2013-09-18T18:00:00,TCPRIMED_v01r01-final_WP182013_env_s20130918060000_e20130918180000.nc
2013,WP,19,2013-09-20T18:00:00,2013-09-27T00:00:00,TCPRIMED_v01r01-final_WP192013_env_s20130920180000_e20130927000000.nc
2013,WP,20,2013-09-26T00:00:00,2013-10-01T00:00:00,TCPRIMED_v01r01-final_WP202013_env_s20130926000000_e20131001000000.nc
2013,WP,21,2013-09-29T12:00:00,2013-10-03T00:00:00,TCPRIMED_v01r01-final_WP212013_env_s20130929120000_e20131003000000.nc
2013,WP,22,2013-09-29T18:00:00,2013-10-07T00:00:00,TCPRIMED_v01r01-final_WP222013_env_s20130929180000_e20131007000000.nc
2013,WP,23,2013-10-02T18:00:00,2013-10-08T18:00:00,TCPRIMED_v01r01-final_WP232013_env_s20131002180000_e20131008180000.nc
2013,WP,24,2013-10-08T12:00:00,2013-10-15T12:00:00,TCPRIMED_v01r01-final_WP242013_env_s20131008120000_e20131015120000.nc
2013,WP,25,2013-10-09T12:00:00,2013-10-16T06:00:00,TCPRIMED_v01r01-final_WP252013_env_s20131009120000_e20131016060000.nc
2013,WP,26,2013-10-15T12:00:00,2013-10-26T00:00:00,TCPRIMED_v01r01-final_WP262013_env_s20131015120000_e20131026000000.nc
2013,WP,27,2013-10-17T00:00:00,2013-10-22T00:00:00,TCPRIMED_v01r01-final_WP272013_env_s20131017000000_e20131022000000.nc
2013,WP,28,2013-10-19T06:00:00,2013-10-26T12:00:00,TCPRIMED_v01r01-final_WP282013_env_s20131019060000_e20131026120000.nc
2013,WP,29,2013-10-28T00:00:00,2013-11-04T18:00:00,TCPRIMED_v01r01-final_WP292013_env_s20131028000000_e20131104180000.nc
2013,WP,30,2013-11-01T06:00:00,2013-11-21T00:00:00,TCPRIMED_v01r01-final_WP302013_env_s20131101060000_e20131121000000.nc
2013,WP,31,2013-11-02T06:00:00,2013-11-11T06:00:00,TCPRIMED_v01r01-final_WP312013_env_s20131102060000_e20131111060000.nc
2013,WP,32,2013-11-11T12:00:00,2013-11-15T06:00:00,TCPRIMED_v01r01-final_WP322013_env_s20131111120000_e20131115060000.nc
2013,WP,33,2013-12-02T18:00:00,2013-12-04T12:00:00,TCPRIMED_v01r01-final_WP332013_env_s20131202180000_e20131204120000.nc
2014,AL,1,2014-06-28T18:00:00,2014-07-09T18:00:00,TCPRIMED_v01r01-final_AL012014_env_s20140628180000_e20140709180000.nc
2014,AL,2,2014-07-19T12:00:00,2014-07-23T12:00:00,TCPRIMED_v01r01-final_AL022014_env_s20140719120000_e20140723120000.nc
2014,AL,3,2014-07-29T06:00:00,2014-08-09T12:00:00,TCPRIMED_v01r01-final_AL032014_env_s20140729060000_e20140809120000.nc
2014,AL,4,2014-08-23T18:00:00,2014-09-02T06:00:00,TCPRIMED_v01r01-final_AL042014_env_s20140823180000_e20140902060000.nc
2014,AL,5,2014-09-01T12:00:00,2014-09-04T00:00:00,TCPRIMED_v01r01-final_AL052014_env_s20140901120000_e20140904000000.nc
2014,AL,6,2014-09-10T18:00:00,2014-09-22T06:00:00,TCPRIMED_v01r01-final_AL062014_env_s20140910180000_e20140922060000.nc
2014,AL,7,2014-10-10T00:00:00,2014-10-13T00:00:00,TCPRIMED_v01r01-final_AL072014_env_s20141010000000_e20141013000000.nc
2014,AL,8,2014-10-11T18:00:00,2014-10-20T06:00:00,TCPRIMED_v01r01-final_AL082014_env_s20141011180000_e20141020060000.nc
2014,AL,9,2014-10-21T00:00:00,2014-10-29T18:00:00,TCPRIMED_v01r01-final_AL092014_env_s20141021000000_e20141029180000.nc
2014,CP,1,2014-07-13T12:00:00,2014-07-19T00:00:00,TCPRIMED_v01r01-final_CP012014_env_s20140713120000_e20140719000000.nc
2014,CP,2,2014-10-10T12:00:00,2014-10-26T12:00:00,TCPRIMED_v01r01-final_CP022014_env_s20141010120000_e20141026120000.nc
2014,EP,1,2014-05-22T06:00:00,2014-05-29T12:00:00,TCPRIMED_v01r01-final_EP012014_env_s20140522060000_e20140529120000.nc
2014,EP,2,2014-06-01T12:00:00,2014-06-04T18:00:00,TCPRIMED_v01r01-final_EP022014_env_s20140601120000_e20140604180000.nc
2014,EP,3,2014-06-09T00:00:00,2014-06-19T00:00:00,TCPRIMED_v01r01-final_EP032014_env_s20140609000000_e20140619000000.nc
2014,EP,4,2014-06-28T18:00:00,2014-07-09T00:00:00,TCPRIMED_v01r01-final_EP042014_env_s20140628180000_e20140709000000.nc
2014,EP,5,2014-06-30T06:00:00,2014-07-02T18:00:00,TCPRIMED_v01r01-final_EP052014_env_s20140630060000_e20140702180000.nc
2014,EP,6,2014-07-06T06:00:00,2014-07-09T06:00:00,TCPRIMED_v01r01-final_EP062014_env_s20140706060000_e20140709060000.nc
2014,EP,7,2014-07-22T18:00:00,2014-08-13T06:00:00,TCPRIMED_v01r01-final_EP072014_env_s20140722180000_e20140813060000.nc
2014,EP,8,2014-07-26T00:00:00,2014-07-31T06:00:00,TCPRIMED_v01r01-final_EP082014_env_s20140726000000_e20140731060000.nc
2014,EP,9,2014-07-30T12:00:00,2014-08-10T12:00:00,TCPRIMED_v01r01-final_EP092014_env_s20140730120000_e20140810120000.nc
2014,EP,10,2014-08-02T00:00:00,2014-08-18T06:00:00,TCPRIMED_v01r01-final_EP102014_env_s20140802000000_e20140818060000.nc
2014,EP,11,2014-08-12T12:00:00,2014-08-28T00:00:00,TCPRIMED_v01r01-final_EP112014_env_s20140812120000_e20140828000000.nc
2014,EP,12,2014-08-17T00:00:00,2014-08-28T18:00:00,TCPRIMED_v01r01-final_EP122014_env_s20140817000000_e20140828180000.nc
2014,EP,13,2014-08-22T00:00:00,2014-09-02T06:00:00,TCPRIMED_v01r01-final_EP132014_env_s20140822000000_e20140902060000.nc
2014,EP,14,2014-09-02T12:00:00,2014-09-11T00:00:00,TCPRIMED_v01r01-final_EP142014_env_s20140902120000_e20140911000000.nc
2014,EP,15,2014-09-09T12:00:00,2014-09-18T00:00:00,TCPRIMED_v01r01-final_EP152014_env_s20140909120000_e20140918000000.nc
2014,EP,16,2014-09-10T06:00:00,2014-09-16T06:00:00,TCPRIMED_v01r01-final_EP162014_env_s20140910060000_e20140916060000.nc
2014,EP,17,2014-09-16T00:00:00,2014-09-26T18:00:00,TCPRIMED_v01r01-final_EP172014_env_s20140916000000_e20140926180000.nc
2014,EP,18,2014-09-24T00:00:00,2014-10-03T00:00:00,TCPRIMED_v01r01-final_EP182014_env_s20140924000000_e20141003000000.nc
2014,EP,19,2014-09-30T12:00:00,2014-10-09T00:00:00,TCPRIMED_v01r01-final_EP192014_env_s20140930120000_e20141009000000.nc
2014,EP,20,2014-10-17T06:00:00,2014-10-19T00:00:00,TCPRIMED_v01r01-final_EP202014_env_s20141017060000_e20141019000000.nc
2014,EP,21,2014-10-29T18:00:00,2014-11-05T06:00:00,TCPRIMED_v01r01-final_EP212014_env_s20141029180000_e20141105060000.nc
2014,IO,1,2014-01-02T18:00:00,2014-01-08T12:00:00,TCPRIMED_v01r01-final_IO012014_env_s20140102180000_e20140108120000.nc
2014,IO,2,2014-06-08T06:00:00,2014-06-14T12:00:00,TCPRIMED_v01r01-final_IO022014_env_s20140608060000_e20140614120000.nc
2014,IO,3,2014-10-06T06:00:00,2014-10-13T12:00:00,TCPRIMED_v01r01-final_IO032014_env_s20141006060000_e20141013120000.nc
2014,IO,4,2014-10-23T12:00:00,2014-11-01T12:00:00,TCPRIMED_v01r01-final_IO042014_env_s20141023120000_e20141101120000.nc
2014,IO,5,2014-11-05T00:00:00,2014-11-09T06:00:00,TCPRIMED_v01r01-final_IO052014_env_s20141105000000_e20141109060000.nc
2014,SH,1,2013-10-23T12:00:00,2013-10-29T18:00:00,TCPRIMED_v01r01-final_SH012014_env_s20131023120000_e20131029180000.nc
2014,SH,2,2013-11-20T18:00:00,2013-11-30T18:00:00,TCPRIMED_v01r01-final_SH022014_env_s20131120180000_e20131130180000.nc
2014,SH,3,2013-12-14T06:00:00,2013-12-28T06:00:00,TCPRIMED_v01r01-final_SH032014_env_s20131214060000_e20131228060000.nc
2014,SH,4,2013-12-16T12:00:00,2013-12-25T00:00:00,TCPRIMED_v01r01-final_SH042014_env_s20131216120000_e20131225000000.nc
2014,SH,5,2013-12-27T06:00:00,2014-01-01T12:00:00,TCPRIMED_v01r01-final_SH052014_env_s20131227060000_e20140101120000.nc
2014,SH,6,2013-12-27T12:00:00,2014-01-06T18:00:00,TCPRIMED_v01r01-final_SH062014_env_s20131227120000_e20140106180000.nc
2014,SH,7,2014-01-04T12:00:00,2014-01-15T00:00:00,TCPRIMED_v01r01-final_SH072014_env_s20140104120000_e20140115000000.nc
2014,SH,8,2014-01-07T06:00:00,2014-01-16T06:00:00,TCPRIMED_v01r01-final_SH082014_env_s20140107060000_e20140116060000.nc
2014,SH,9,2014-01-14T12:00:00,2014-01-21T00:00:00,TCPRIMED_v01r01-final_SH092014_env_s20140114120000_e20140121000000.nc
2014,SH,10,2014-01-16T12:00:00,2014-01-19T00:00:00,TCPRIMED_v01r01-final_SH102014_env_s20140116120000_e20140119000000.nc
2014,SH,11,2014-01-29T00:00:00,2014-01-31T12:00:00,TCPRIMED_v01r01-final_SH112014_env_s20140129000000_e20140131120000.nc
2014,SH,12,2014-02-02T00:00:00,2014-02-06T00:00:00,TCPRIMED_v01r01-final_SH122014_env_s20140202000000_e20140206000000.nc
2014,SH,13,2014-02-04T06:00:00,2014-02-08T18:00:00,TCPRIMED_v01r01-final_SH132014_env_s20140204060000_e20140208180000.nc
2014,SH,14,2014-02-05T06:00:00,2014-02-16T18:00:00,TCPRIMED_v01r01-final_SH142014_env_s20140205060000_e20140216180000.nc
2014,SH,15,2014-02-17T18:00:00,2014-02-22T18:00:00,TCPRIMED_v01r01-final_SH152014_env_s20140217180000_e20140222180000.nc
2014,SH,16,2014-02-26T06:00:00,2014-03-04T06:00:00,TCPRIMED_v01r01-final_SH162014_env_s20140226060000_e20140304060000.nc
2014,SH,17,2014-03-07T00:00:00,2014-03-28T18:00:00,TCPRIMED_v01r01-final_SH172014_env_s20140307000000_e20140328180000.nc
2014,SH,18,2014-03-08T18:00:00,2014-03-14T12:00:00,TCPRIMED_v01r01-final_SH182014_env_s20140308180000_e20140314120000.nc
2014,SH,19,2014-03-09T00:00:00,2014-03-12T06:00:00,TCPRIMED_v01r01-final_SH192014_env_s20140309000000_e20140312060000.nc
2014,SH,20,2014-03-18T06:00:00,2014-03-20T12:00:00,TCPRIMED_v01r01-final_SH202014_env_s20140318060000_e20140320120000.nc
2014,SH,21,2014-03-27T06:00:00,2014-04-01T12:00:00,TCPRIMED_v01r01-final_SH212014_env_s20140327060000_e20140401120000.nc
2014,SH,22,2014-04-03T18:00:00,2014-04-06T12:00:00,TCPRIMED_v01r01-final_SH222014_env_s20140403180000_e20140406120000.nc
2014,SH,23,2014-04-04T00:00:00,2014-04-15T12:00:00,TCPRIMED_v01r01-final_SH232014_env_s20140404000000_e20140415120000.nc
2014,SH,24,2014-04-18T06:00:00,2014-04-22T12:00:00,TCPRIMED_v01r01-final_SH242014_env_s20140418060000_e20140422120000.nc
2014,WP,1,2014-01-16T18:00:00,2014-01-20T00:00:00,TCPRIMED_v01r01-final_WP012014_env_s20140116180000_e20140120000000.nc
2014,WP,2,2014-01-29T12:00:00,2014-02-01T06:00:00,TCPRIMED_v01r01-final_WP022014_env_s20140129120000_e20140201060000.nc
2014,WP,3,2014-02-26T18:00:00,2014-03-06T12:00:00,TCPRIMED_v01r01-final_WP032014_env_s20140226180000_e20140306120000.nc
2014,WP,4,2014-03-21T00:00:00,2014-03-23T00:00:00,TCPRIMED_v01r01-final_WP042014_env_s20140321000000_e20140323000000.nc
2014,WP,5,2014-04-03T06:00:00,2014-04-05T18:00:00,TCPRIMED_v01r01-final_WP052014_env_s20140403060000_e20140405180000.nc
2014,WP,6,2014-04-26T12:00:00,2014-05-02T06:00:00,TCPRIMED_v01r01-final_WP062014_env_s20140426120000_e20140502060000.nc
2014,WP,7,2014-06-14T00:00:00,2014-06-18T06:00:00,TCPRIMED_v01r01-final_WP072014_env_s20140614000000_e20140618060000.nc
2014,WP,8,2014-07-02T12:00:00,2014-07-11T00:00:00,TCPRIMED_v01r01-final_WP082014_env_s20140702120000_e20140711000000.nc
2014,WP,9,2014-07-09T18:00:00,2014-07-20T06:00:00,TCPRIMED_v01r01-final_WP092014_env_s20140709180000_e20140720060000.nc
2014,WP,10,2014-07-16T18:00:00,2014-07-24T00:00:00,TCPRIMED_v01r01-final_WP102014_env_s20140716180000_e20140724000000.nc
2014,WP,11,2014-07-27T18:00:00,2014-08-10T12:00:00,TCPRIMED_v01r01-final_WP112014_env_s20140727180000_e20140810120000.nc
2014,WP,12,2014-07-27T12:00:00,2014-08-03T18:00:00,TCPRIMED_v01r01-final_WP122014_env_s20140727120000_e20140803180000.nc
2014,WP,13,2014-09-05T18:00:00,2014-09-10T00:00:00,TCPRIMED_v01r01-final_WP132014_env_s20140905180000_e20140910000000.nc
2014,WP,14,2014-09-05T12:00:00,2014-09-08T06:00:00,TCPRIMED_v01r01-final_WP142014_env_s20140905120000_e20140908060000.nc
2014,WP,15,2014-09-10T12:00:00,2014-09-17T12:00:00,TCPRIMED_v01r01-final_WP152014_env_s20140910120000_e20140917120000.nc
2014,WP,16,2014-09-17T12:00:00,2014-09-23T18:00:00,TCPRIMED_v01r01-final_WP162014_env_s20140917120000_e20140923180000.nc
2014,WP,17,2014-09-24T12:00:00,2014-09-30T00:00:00,TCPRIMED_v01r01-final_WP172014_env_s20140924120000_e20140930000000.nc
2014,WP,18,2014-09-27T18:00:00,2014-10-06T12:00:00,TCPRIMED_v01r01-final_WP182014_env_s20140927180000_e20141006120000.nc
2014,WP,19,2014-10-01T18:00:00,2014-10-13T18:00:00,TCPRIMED_v01r01-final_WP192014_env_s20141001180000_e20141013180000.nc
2014,WP,20,2014-10-30T00:00:00,2014-11-06T12:00:00,TCPRIMED_v01r01-final_WP202014_env_s20141030000000_e20141106120000.nc
2014,WP,21,2014-11-25T06:00:00,2014-11-30T00:00:00,TCPRIMED_v01r01-final_WP212014_env_s20141125060000_e20141130000000.nc
2014,WP,22,2014-11-30T06:00:00,2014-12-12T12:00:00,TCPRIMED_v01r01-final_WP222014_env_s20141130060000_e20141212120000.nc
2014,WP,23,2014-12-27T18:00:00,2015-01-01T06:00:00,TCPRIMED_v01r01-final_WP232014_env_s20141227180000_e20150101060000.nc
2015,AL,1,2015-05-06T06:00:00,2015-05-12T18:00:00,TCPRIMED_v01r01-final_AL012015_env_s20150506060000_e20150512180000.nc
2015,AL,2,2015-06-16T00:00:00,2015-06-21T00:00:00,TCPRIMED_v01r01-final_AL022015_env_s20150616000000_e20150621000000.nc
2015,AL,3,2015-07-12T00:00:00,2015-07-15T12:00:00,TCPRIMED_v01r01-final_AL032015_env_s20150712000000_e20150715120000.nc
2015,AL,4,2015-08-17T00:00:00,2015-08-24T12:00:00,TCPRIMED_v01r01-final_AL042015_env_s20150817000000_e20150824120000.nc
2015,AL,5,2015-08-24T18:00:00,2015-08-28T12:00:00,TCPRIMED_v01r01-final_AL052015_env_s20150824180000_e20150828120000.nc
2015,AL,6,2015-08-30T00:00:00,2015-09-06T12:00:00,TCPRIMED_v01r01-final_AL062015_env_s20150830000000_e20150906120000.nc
2015,AL,7,2015-09-05T06:00:00,2015-09-09T06:00:00,TCPRIMED_v01r01-final_AL072015_env_s20150905060000_e20150909060000.nc
2015,AL,8,2015-09-08T06:00:00,2015-09-11T06:00:00,TCPRIMED_v01r01-final_AL082015_env_s20150908060000_e20150911060000.nc
2015,AL,9,2015-09-15T00:00:00,2015-09-19T12:00:00,TCPRIMED_v01r01-final_AL092015_env_s20150915000000_e20150919120000.nc
2015,AL,10,2015-09-15T12:00:00,2015-09-28T00:00:00,TCPRIMED_v01r01-final_AL102015_env_s20150915120000_e20150928000000.nc
2015,AL,11,2015-09-26T18:00:00,2015-10-15T00:00:00,TCPRIMED_v01r01-final_AL112015_env_s20150926180000_e20151015000000.nc
2015,AL,12,2015-11-08T18:00:00,2015-11-13T12:00:00,TCPRIMED_v01r01-final_AL122015_env_s20151108180000_e20151113120000.nc
2015,CP,1,2015-07-06T18:00:00,2015-07-26T12:00:00,TCPRIMED_v01r01-final_CP012015_env_s20150706180000_e20150726120000.nc
2015,CP,2,2015-07-08T18:00:00,2015-07-17T06:00:00,TCPRIMED_v01r01-final_CP022015_env_s20150708180000_e20150717060000.nc
2015,CP,3,2015-08-20T00:00:00,2015-09-11T12:00:00,TCPRIMED_v01r01-final_CP032015_env_s20150820000000_e20150911120000.nc
2015,CP,4,2015-08-19T00:00:00,2015-08-26T18:00:00,TCPRIMED_v01r01-final_CP042015_env_s20150819000000_e20150826180000.nc
2015,CP,5,2015-09-17T06:00:00,2015-09-23T00:00:00,TCPRIMED_v01r01-final_CP052015_env_s20150917060000_e20150923000000.nc
2015,CP,6,2015-09-23T06:00:00,2015-09-30T18:00:00,TCPRIMED_v01r01-final_CP062015_env_s20150923060000_e20150930180000.nc
2015,CP,7,2015-10-01T06:00:00,2015-10-10T12:00:00,TCPRIMED_v01r01-final_CP072015_env_s20151001060000_e20151010120000.nc
2015,CP,8,2015-10-02T00:00:00,2015-10-06T12:00:00,TCPRIMED_v01r01-final_CP082015_env_s20151002000000_e20151006120000.nc
2015,CP,9,2015-12-27T18:00:00,2016-01-01T12:00:00,TCPRIMED_v01r01-final_CP092015_env_s20151227180000_e20160101120000.nc
2015,EP,1,2015-05-28T06:00:00,2015-06-07T00:00:00,TCPRIMED_v01r01-final_EP012015_env_s20150528060000_e20150607000000.nc
2015,EP,2,2015-05-31T12:00:00,2015-06-09T06:00:00,TCPRIMED_v01r01-final_EP022015_env_s20150531120000_e20150609060000.nc
2015,EP,3,2015-06-10T12:00:00,2015-06-18T00:00:00,TCPRIMED_v01r01-final_EP032015_env_s20150610120000_e20150618000000.nc
2015,EP,4,2015-07-07T12:00:00,2015-07-12T12:00:00,TCPRIMED_v01r01-final_EP042015_env_s20150707120000_e20150712120000.nc
2015,EP,5,2015-07-11T00:00:00,2015-07-22T00:00:00,TCPRIMED_v01r01-final_EP052015_env_s20150711000000_e20150722000000.nc
2015,EP,6,2015-07-12T12:00:00,2015-07-21T18:00:00,TCPRIMED_v01r01-final_EP062015_env_s20150712120000_e20150721180000.nc
2015,EP,7,2015-07-22T12:00:00,2015-07-27T18:00:00,TCPRIMED_v01r01-final_EP072015_env_s20150722120000_e20150727180000.nc
2015,EP,8,2015-07-27T12:00:00,2015-07-31T06:00:00,TCPRIMED_v01r01-final_EP082015_env_s20150727120000_e20150731060000.nc
2015,EP,9,2015-07-27T12:00:00,2015-08-08T18:00:00,TCPRIMED_v01r01-final_EP092015_env_s20150727120000_e20150808180000.nc
2015,EP,10,2015-08-06T00:00:00,2015-08-14T18:00:00,TCPRIMED_v01r01-final_EP102015_env_s20150806000000_e20150814180000.nc
2015,EP,11,2015-08-16T00:00:00,2015-08-20T00:00:00,TCPRIMED_v01r01-final_EP112015_env_s20150816000000_e20150820000000.nc
2015,EP,12,2015-08-23T18:00:00,2015-09-08T12:00:00,TCPRIMED_v01r01-final_EP122015_env_s20150823180000_e20150908120000.nc
2015,EP,13,2015-08-25T12:00:00,2015-09-10T00:00:00,TCPRIMED_v01r01-final_EP132015_env_s20150825120000_e20150910000000.nc
2015,EP,14,2015-08-31T18:00:00,2015-09-06T06:00:00,TCPRIMED_v01r01-final_EP142015_env_s20150831180000_e20150906060000.nc
2015,EP,15,2015-09-04T12:00:00,2015-09-14T12:00:00,TCPRIMED_v01r01-final_EP152015_env_s20150904120000_e20150914120000.nc
2015,EP,16,2015-09-20T18:00:00,2015-09-21T12:00:00,TCPRIMED_v01r01-final_EP162015_env_s20150920180000_e20150921120000.nc
2015,EP,17,2015-09-26T12:00:00,2015-09-30T18:00:00,TCPRIMED_v01r01-final_EP172015_env_s20150926120000_e20150930180000.nc
2015,EP,18,2015-10-09T06:00:00,2015-10-15T18:00:00,TCPRIMED_v01r01-final_EP182015_env_s20151009060000_e20151015180000.nc
2015,EP,19,2015-10-15T00:00:00,2015-10-28T12:00:00,TCPRIMED_v01r01-final_EP192015_env_s20151015000000_e20151028120000.nc
2015,EP,20,2015-10-20T06:00:00,2015-10-24T12:00:00,TCPRIMED_v01r01-final_EP202015_env_s20151020060000_e20151024120000.nc
2015,EP,21,2015-11-18T06:00:00,2015-11-26T06:00:00,TCPRIMED_v01r01-final_EP212015_env_s20151118060000_e20151126060000.nc
2015,EP,22,2015-11-23T12:00:00,2015-11-29T12:00:00,TCPRIMED_v01r01-final_EP222015_env_s20151123120000_e20151129120000.nc
2015,IO,1,2015-06-06T06:00:00,2015-06-12T06:00:00,TCPRIMED_v01r01-final_IO012015_env_s20150606060000_e20150612060000.nc
2015,IO,2,2015-07-28T06:00:00,2015-07-31T00:00:00,TCPRIMED_v01r01-final_IO022015_env_s20150728060000_e20150731000000.nc
2015,IO,3,2015-10-07T00:00:00,2015-10-11T06:00:00,TCPRIMED_v01r01-final_IO032015_env_s20151007000000_e20151011060000.nc
2015,IO,4,2015-10-27T12:00:00,2015-11-03T18:00:00,TCPRIMED_v01r01-final_IO042015_env_s20151027120000_e20151103180000.nc
2015,IO,5,2015-11-04T12:00:00,2015-11-10T12:00:00,TCPRIMED_v01r01-final_IO052015_env_s20151104120000_e20151110120000.nc
2015,SH,1,2014-11-15T00:00:00,2014-11-24T12:00:00,TCPRIMED_v01r01-final_SH012015_env_s20141115000000_e20141124120000.nc
2015,SH,2,2014-11-25T12:00:00,2014-11-29T18:00:00,TCPRIMED_v01r01-final_SH022015_env_s20141125120000_e20141129180000.nc
2015,SH,3,2014-12-10T00:00:00,2014-12-14T00:00:00,TCPRIMED_v01r01-final_SH032015_env_s20141210000000_e20141214000000.nc
2015,SH,4,2014-12-23T12:00:00,2015-01-03T00:00:00,TCPRIMED_v01r01-final_SH042015_env_s20141223120000_e20150103000000.nc
2015,SH,5,2015-01-09T06:00:00,2015-01-18T12:00:00,TCPRIMED_v01r01-final_SH052015_env_s20150109060000_e20150118120000.nc
2015,SH,6,2015-01-15T12:00:00,2015-01-21T00:00:00,TCPRIMED_v01r01-final_SH062015_env_s20150115120000_e20150121000000.nc
2015,SH,7,2015-01-20T00:00:00,2015-01-25T00:00:00,TCPRIMED_v01r01-final_SH072015_env_s20150120000000_e20150125000000.nc
2015,SH,8,2015-01-26T06:00:00,2015-01-30T00:00:00,TCPRIMED_v01r01-final_SH082015_env_s20150126060000_e20150130000000.nc
2015,SH,9,2015-01-26T18:00:00,2015-02-02T18:00:00,TCPRIMED_v01r01-final_SH092015_env_s20150126180000_e20150202180000.nc
2015,SH,10,2015-01-29T18:00:00,2015-02-03T12:00:00,TCPRIMED_v01r01-final_SH102015_env_s20150129180000_e20150203120000.nc
2015,SH,11,2015-02-05T18:00:00,2015-02-10T06:00:00,TCPRIMED_v01r01-final_SH112015_env_s20150205180000_e20150210060000.nc
2015,SH,12,2015-02-16T06:00:00,2015-02-20T12:00:00,TCPRIMED_v01r01-final_SH122015_env_s20150216060000_e20150220120000.nc
2015,SH,13,2015-02-17T00:00:00,2015-02-22T12:00:00,TCPRIMED_v01r01-final_SH132015_env_s20150217000000_e20150222120000.nc
2015,SH,14,2015-02-22T06:00:00,2015-03-01T12:00:00,TCPRIMED_v01r01-final_SH142015_env_s20150222060000_e20150301120000.nc
2015,SH,15,2015-03-04T06:00:00,2015-03-09T00:00:00,TCPRIMED_v01r01-final_SH152015_env_s20150304060000_e20150309000000.nc
2015,SH,16,2015-03-06T12:00:00,2015-03-11T12:00:00,TCPRIMED_v01r01-final_SH162015_env_s20150306120000_e20150311120000.nc
2015,SH,17,2015-03-08T12:00:00,2015-03-15T12:00:00,TCPRIMED_v01r01-final_SH172015_env_s20150308120000_e20150315120000.nc
2015,SH,18,2015-03-09T12:00:00,2015-03-24T06:00:00,TCPRIMED_v01r01-final_SH182015_env_s20150309120000_e20150324060000.nc
2015,SH,19,2015-03-10T00:00:00,2015-03-14T00:00:00,TCPRIMED_v01r01-final_SH192015_env_s20150310000000_e20150314000000.nc
2015,SH,20,2015-03-19T18:00:00,2015-03-24T00:00:00,TCPRIMED_v01r01-final_SH202015_env_s20150319180000_e20150324000000.nc
2015,SH,21,2015-04-04T06:00:00,2015-04-08T06:00:00,TCPRIMED_v01r01-final_SH212015_env_s20150404060000_e20150408060000.nc
2015,SH,22,2015-04-05T06:00:00,2015-04-14T12:00:00,TCPRIMED_v01r01-final_SH222015_env_s20150405060000_e20150414120000.nc
2015,SH,23,2015-04-09T06:00:00,2015-04-12T18:00:00,TCPRIMED_v01r01-final_SH232015_env_s20150409060000_e20150412180000.nc
2015,SH,24,2015-04-27T12:00:00,2015-05-01T12:00:00,TCPRIMED_v01r01-final_SH242015_env_s20150427120000_e20150501120000.nc
2015,SH,25,2015-06-28T12:00:00,2015-07-04T06:00:00,TCPRIMED_v01r01-final_SH252015_env_s20150628120000_e20150704060000.nc
2015,WP,1,2015-01-12T06:00:00,2015-01-20T00:00:00,TCPRIMED_v01r01-final_WP012015_env_s20150112060000_e20150120000000.nc
2015,WP,2,2015-02-06T18:00:00,2015-02-12T00:00:00,TCPRIMED_v01r01-final_WP022015_env_s20150206180000_e20150212000000.nc
2015,WP,3,2015-03-11T00:00:00,2015-03-19T18:00:00,TCPRIMED_v01r01-final_WP032015_env_s20150311000000_e20150319180000.nc
2015,WP,4,2015-03-25T18:00:00,2015-04-05T06:00:00,TCPRIMED_v01r01-final_WP042015_env_s20150325180000_e20150405060000.nc
2015,WP,5,2015-04-02T00:00:00,2015-04-06T18:00:00,TCPRIMED_v01r01-final_WP052015_env_s20150402000000_e20150406180000.nc
2015,WP,6,2015-05-02T18:00:00,2015-05-12T06:00:00,TCPRIMED_v01r01-final_WP062015_env_s20150502180000_e20150512060000.nc
2015,WP,7,2015-05-06T18:00:00,2015-05-20T12:00:00,TCPRIMED_v01r01-final_WP072015_env_s20150506180000_e20150520120000.nc
2015,WP,8,2015-06-20T00:00:00,2015-06-24T12:00:00,TCPRIMED_v01r01-final_WP082015_env_s20150620000000_e20150624120000.nc
2015,WP,9,2015-06-30T00:00:00,2015-07-12T18:00:00,TCPRIMED_v01r01-final_WP092015_env_s20150630000000_e20150712180000.nc
2015,WP,10,2015-07-02T00:00:00,2015-07-09T18:00:00,TCPRIMED_v01r01-final_WP102015_env_s20150702000000_e20150709180000.nc
2015,WP,11,2015-07-03T06:00:00,2015-07-18T06:00:00,TCPRIMED_v01r01-final_WP112015_env_s20150703060000_e20150718060000.nc
2015,WP,12,2015-07-22T00:00:00,2015-07-25T06:00:00,TCPRIMED_v01r01-final_WP122015_env_s20150722000000_e20150725060000.nc
2015,WP,13,2015-07-30T00:00:00,2015-08-09T06:00:00,TCPRIMED_v01r01-final_WP132015_env_s20150730000000_e20150809060000.nc
2015,WP,14,2015-08-01T06:00:00,2015-08-05T06:00:00,TCPRIMED_v01r01-final_WP142015_env_s20150801060000_e20150805060000.nc
2015,WP,15,2015-08-06T18:00:00,2015-08-14T00:00:00,TCPRIMED_v01r01-final_WP152015_env_s20150806180000_e20150814000000.nc
2015,WP,16,2015-08-13T18:00:00,2015-08-26T00:00:00,TCPRIMED_v01r01-final_WP162015_env_s20150813180000_e20150826000000.nc
2015,WP,17,2015-08-14T06:00:00,2015-08-25T06:00:00,TCPRIMED_v01r01-final_WP172015_env_s20150814060000_e20150825060000.nc
2015,WP,18,2015-09-05T12:00:00,2015-09-09T12:00:00,TCPRIMED_v01r01-final_WP182015_env_s20150905120000_e20150909120000.nc
2015,WP,19,2015-09-13T00:00:00,2015-09-15T00:00:00,TCPRIMED_v01r01-final_WP192015_env_s20150913000000_e20150915000000.nc
2015,WP,20,2015-09-14T00:00:00,2015-09-21T00:00:00,TCPRIMED_v01r01-final_WP202015_env_s20150914000000_e20150921000000.nc
2015,WP,21,2015-09-20T18:00:00,2015-09-29T18:00:00,TCPRIMED_v01r01-final_WP212015_env_s20150920180000_e20150929180000.nc
2015,WP,22,2015-09-30T00:00:00,2015-10-05T06:00:00,TCPRIMED_v01r01-final_WP222015_env_s20150930000000_e20151005060000.nc
2015,WP,23,2015-10-03T00:00:00,2015-10-07T18:00:00,TCPRIMED_v01r01-final_WP232015_env_s20151003000000_e20151007180000.nc
2015,WP,24,2015-10-12T06:00:00,2015-10-20T06:00:00,TCPRIMED_v01r01-final_WP242015_env_s20151012060000_e20151020060000.nc
2015,WP,25,2015-10-13T06:00:00,2015-10-25T06:00:00,TCPRIMED_v01r01-final_WP252015_env_s20151013060000_e20151025060000.nc
2015,WP,26,2015-10-19T18:00:00,2015-10-23T00:00:00,TCPRIMED_v01r01-final_WP262015_env_s20151019180000_e20151023000000.nc
2015,WP,27,2015-11-16T18:00:00,2015-11-26T12:00:00,TCPRIMED_v01r01-final_WP272015_env_s20151116180000_e20151126120000.nc
2015,WP,28,2015-12-10T18:00:00,2015-12-16T12:00:00,TCPRIMED_v01r01-final_WP282015_env_s20151210180000_e20151216120000.nc
2015,WP,29,2015-12-14T00:00:00,2015-12-18T06:00:00,TCPRIMED_v01r01-final_WP292015_env_s20151214000000_e20151218060000.nc
2016,AL,1,2016-01-07T00:00:00,2016-01-17T00:00:00,TCPRIMED_v01r01-final_AL012016_env_s20160107000000_e20160117000000.nc
2016,AL,2,2016-05-27T06:00:00,2016-06-09T18:00:00,TCPRIMED_v01r01-final_AL022016_env_s20160527060000_e20160609180000.nc
2016,AL,3,2016-06-05T12:00:00,2016-06-08T18:00:00,TCPRIMED_v01r01-final_AL032016_env_s20160605120000_e20160608180000.nc
2016,AL,4,2016-06-18T18:00:00,2016-06-21T06:00:00,TCPRIMED_v01r01-final_AL042016_env_s20160618180000_e20160621060000.nc
2016,AL,5,2016-08-02T06:00:00,2016-08-06T12:00:00,TCPRIMED_v01r01-final_AL052016_env_s20160802060000_e20160806120000.nc
2016,AL,6,2016-08-16T18:00:00,2016-08-24T06:00:00,TCPRIMED_v01r01-final_AL062016_env_s20160816180000_e20160824060000.nc
2016,AL,7,2016-08-21T12:00:00,2016-09-03T12:00:00,TCPRIMED_v01r01-final_AL072016_env_s20160821120000_e20160903120000.nc
2016,AL,8,2016-08-27T00:00:00,2016-09-01T00:00:00,TCPRIMED_v01r01-final_AL082016_env_s20160827000000_e20160901000000.nc
2016,AL,9,2016-08-28T18:00:00,2016-09-08T18:00:00,TCPRIMED_v01r01-final_AL092016_env_s20160828180000_e20160908180000.nc
2016,AL,10,2016-09-12T00:00:00,2016-09-17T00:00:00,TCPRIMED_v01r01-final_AL102016_env_s20160912000000_e20160917000000.nc
2016,AL,11,2016-09-13T06:00:00,2016-09-21T06:00:00,TCPRIMED_v01r01-final_AL112016_env_s20160913060000_e20160921060000.nc
2016,AL,12,2016-09-12T18:00:00,2016-09-26T00:00:00,TCPRIMED_v01r01-final_AL122016_env_s20160912180000_e20160926000000.nc
2016,AL,13,2016-09-19T06:00:00,2016-09-26T12:00:00,TCPRIMED_v01r01-final_AL132016_env_s20160919060000_e20160926120000.nc
2016,AL,14,2016-09-28T12:00:00,2016-10-10T00:00:00,TCPRIMED_v01r01-final_AL142016_env_s20160928120000_e20161010000000.nc
2016,AL,15,2016-10-04T06:00:00,2016-10-19T12:00:00,TCPRIMED_v01r01-final_AL152016_env_s20161004060000_e20161019120000.nc
2016,AL,16,2016-11-17T18:00:00,2016-11-26T12:00:00,TCPRIMED_v01r01-final_AL162016_env_s20161117180000_e20161126120000.nc
2016,CP,1,2016-01-06T00:00:00,2016-01-14T18:00:00,TCPRIMED_v01r01-final_CP012016_env_s20160106000000_e20160114180000.nc
2016,EP,1,2016-06-06T06:00:00,2016-06-08T06:00:00,TCPRIMED_v01r01-final_EP012016_env_s20160606060000_e20160608060000.nc
2016,EP,2,2016-07-01T06:00:00,2016-07-08T06:00:00,TCPRIMED_v01r01-final_EP022016_env_s20160701060000_e20160708060000.nc
2016,EP,3,2016-07-02T18:00:00,2016-07-11T18:00:00,TCPRIMED_v01r01-final_EP032016_env_s20160702180000_e20160711180000.nc
2016,EP,4,2016-07-06T00:00:00,2016-07-21T12:00:00,TCPRIMED_v01r01-final_EP042016_env_s20160706000000_e20160721120000.nc
2016,EP,5,2016-07-11T12:00:00,2016-07-26T12:00:00,TCPRIMED_v01r01-final_EP052016_env_s20160711120000_e20160726120000.nc
2016,EP,6,2016-07-15T00:00:00,2016-07-24T06:00:00,TCPRIMED_v01r01-final_EP062016_env_s20160715000000_e20160724060000.nc
2016,EP,7,2016-07-21T06:00:00,2016-07-30T18:00:00,TCPRIMED_v01r01-final_EP072016_env_s20160721060000_e20160730180000.nc
2016,EP,8,2016-07-21T00:00:00,2016-07-30T00:00:00,TCPRIMED_v01r01-final_EP082016_env_s20160721000000_e20160730000000.nc
2016,EP,9,2016-07-31T12:00:00,2016-08-07T12:00:00,TCPRIMED_v01r01-final_EP092016_env_s20160731120000_e20160807120000.nc
2016,EP,10,2016-08-03T00:00:00,2016-08-11T00:00:00,TCPRIMED_v01r01-final_EP102016_env_s20160803000000_e20160811000000.nc
2016,EP,11,2016-08-06T18:00:00,2016-08-10T12:00:00,TCPRIMED_v01r01-final_EP112016_env_s20160806180000_e20160810120000.nc
2016,EP,12,2016-08-17T00:00:00,2016-08-26T06:00:00,TCPRIMED_v01r01-final_EP122016_env_s20160817000000_e20160826060000.nc
2016,EP,13,2016-08-24T06:00:00,2016-09-08T00:00:00,TCPRIMED_v01r01-final_EP132016_env_s20160824060000_e20160908000000.nc
2016,EP,14,2016-08-26T18:00:00,2016-09-03T18:00:00,TCPRIMED_v01r01-final_EP142016_env_s20160826180000_e20160903180000.nc
2016,EP,15,2016-09-04T06:00:00,2016-09-08T06:00:00,TCPRIMED_v01r01-final_EP152016_env_s20160904060000_e20160908060000.nc
2016,EP,16,2016-09-10T12:00:00,2016-09-17T06:00:00,TCPRIMED_v01r01-final_EP162016_env_s20160910120000_e20160917060000.nc
2016,EP,17,2016-09-18T00:00:00,2016-09-21T12:00:00,TCPRIMED_v01r01-final_EP172016_env_s20160918000000_e20160921120000.nc
2016,EP,18,2016-09-25T12:00:00,2016-09-30T18:00:00,TCPRIMED_v01r01-final_EP182016_env_s20160925120000_e20160930180000.nc
2016,EP,19,2016-09-25T12:00:00,2016-10-03T00:00:00,TCPRIMED_v01r01-final_EP192016_env_s20160925120000_e20161003000000.nc
2016,EP,20,2016-10-22T06:00:00,2016-10-30T06:00:00,TCPRIMED_v01r01-final_EP202016_env_s20161022060000_e20161030060000.nc
2016,EP,21,2016-11-13T06:00:00,2016-11-18T12:00:00,TCPRIMED_v01r01-final_EP212016_env_s20161113060000_e20161118120000.nc
2016,EP,22,2016-11-17T18:00:00,2016-11-26T12:00:00,TCPRIMED_v01r01-final_EP222016_env_s20161117180000_e20161126120000.nc
2016,IO,1,2016-05-17T00:00:00,2016-05-21T12:00:00,TCPRIMED_v01r01-final_IO012016_env_s20160517000000_e20160521120000.nc
2016,IO,2,2016-06-26T06:00:00,2016-06-28T06:00:00,TCPRIMED_v01r01-final_IO022016_env_s20160626060000_e20160628060000.nc
2016,IO,3,2016-10-22T00:00:00,2016-10-29T06:00:00,TCPRIMED_v01r01-final_IO032016_env_s20161022000000_e20161029060000.nc
2016,IO,4,2016-11-29T12:00:00,2016-12-02T06:00:00,TCPRIMED_v01r01-final_IO042016_env_s20161129120000_e20161202060000.nc
2016,IO,5,2016-12-06T06:00:00,2016-12-19T00:00:00,TCPRIMED_v01r01-final_IO052016_env_s20161206060000_e20161219000000.nc
2016,SH,1,2015-07-31T18:00:00,2015-08-06T18:00:00,TCPRIMED_v01r01-final_SH012016_env_s20150731180000_e20150806180000.nc
2016,SH,2,2015-10-13T00:00:00,2015-10-18T06:00:00,TCPRIMED_v01r01-final_SH022016_env_s20151013000000_e20151018060000.nc
2016,SH,3,2015-11-19T00:00:00,2015-11-27T12:00:00,TCPRIMED_v01r01-final_SH032016_env_s20151119000000_e20151127120000.nc
2016,SH,4,2015-11-26T00:00:00,2015-11-30T12:00:00,TCPRIMED_v01r01-final_SH042016_env_s20151126000000_e20151130120000.nc
2016,SH,5,2015-12-08T12:00:00,2015-12-17T00:00:00,TCPRIMED_v01r01-final_SH052016_env_s20151208120000_e20151217000000.nc
2016,SH,6,2015-12-29T12:00:00,2016-01-13T06:00:00,TCPRIMED_v01r01-final_SH062016_env_s20151229120000_e20160113060000.nc
2016,SH,7,2016-01-14T06:00:00,2016-01-23T00:00:00,TCPRIMED_v01r01-final_SH072016_env_s20160114060000_e20160123000000.nc
2016,SH,8,2016-01-20T18:00:00,2016-01-28T00:00:00,TCPRIMED_v01r01-final_SH082016_env_s20160120180000_e20160128000000.nc
2016,SH,9,2016-01-28T00:00:00,2016-01-31T12:00:00,TCPRIMED_v01r01-final_SH092016_env_s20160128000000_e20160131120000.nc
2016,SH,10,2016-02-08T06:00:00,2016-02-12T12:00:00,TCPRIMED_v01r01-final_SH102016_env_s20160208060000_e20160212120000.nc
2016,SH,11,2016-02-09T18:00:00,2016-02-28T12:00:00,TCPRIMED_v01r01-final_SH112016_env_s20160209180000_e20160228120000.nc
2016,SH,12,2016-02-09T00:00:00,2016-02-13T18:00:00,TCPRIMED_v01r01-final_SH122016_env_s20160209000000_e20160213180000.nc
2016,SH,13,2016-02-10T18:00:00,2016-02-20T18:00:00,TCPRIMED_v01r01-final_SH132016_env_s20160210180000_e20160220180000.nc
2016,SH,14,2016-02-23T18:00:00,2016-02-26T18:00:00,TCPRIMED_v01r01-final_SH142016_env_s20160223180000_e20160226180000.nc
2016,SH,15,2016-03-15T06:00:00,2016-03-21T12:00:00,TCPRIMED_v01r01-final_SH152016_env_s20160315060000_e20160321120000.nc
2016,SH,16,2016-03-14T18:00:00,2016-03-17T06:00:00,TCPRIMED_v01r01-final_SH162016_env_s20160314180000_e20160317060000.nc
2016,SH,17,2016-03-28T12:00:00,2016-03-30T06:00:00,TCPRIMED_v01r01-final_SH172016_env_s20160328120000_e20160330060000.nc
2016,SH,18,2016-04-04T06:00:00,2016-04-06T18:00:00,TCPRIMED_v01r01-final_SH182016_env_s20160404060000_e20160406180000.nc
2016,SH,19,2016-04-11T00:00:00,2016-04-25T12:00:00,TCPRIMED_v01r01-final_SH192016_env_s20160411000000_e20160425120000.nc
2016,SH,20,2016-04-17T06:00:00,2016-04-24T06:00:00,TCPRIMED_v01r01-final_SH202016_env_s20160417060000_e20160424060000.nc
2016,WP,1,2016-05-26T00:00:00,2016-05-27T12:00:00,TCPRIMED_v01r01-final_WP012016_env_s20160526000000_e20160527120000.nc
2016,WP,2,2016-07-02T18:00:00,2016-07-09T12:00:00,TCPRIMED_v01r01-final_WP022016_env_s20160702180000_e20160709120000.nc
2016,WP,3,2016-07-16T18:00:00,2016-07-19T06:00:00,TCPRIMED_v01r01-final_WP032016_env_s20160716180000_e20160719060000.nc
2016,WP,4,2016-07-23T06:00:00,2016-07-24T18:00:00,TCPRIMED_v01r01-final_WP042016_env_s20160723060000_e20160724180000.nc
2016,WP,5,2016-07-25T06:00:00,2016-07-28T18:00:00,TCPRIMED_v01r01-final_WP052016_env_s20160725060000_e20160728180000.nc
2016,WP,6,2016-07-29T12:00:00,2016-08-02T12:00:00,TCPRIMED_v01r01-final_WP062016_env_s20160729120000_e20160802120000.nc
2016,WP,7,2016-08-04T12:00:00,2016-08-09T12:00:00,TCPRIMED_v01r01-final_WP072016_env_s20160804120000_e20160809120000.nc
2016,WP,8,2016-08-08T00:00:00,2016-08-14T18:00:00,TCPRIMED_v01r01-final_WP082016_env_s20160808000000_e20160814180000.nc
2016,WP,9,2016-08-12T12:00:00,2016-08-17T12:00:00,TCPRIMED_v01r01-final_WP092016_env_s20160812120000_e20160817120000.nc
2016,WP,10,2016-08-16T18:00:00,2016-08-23T06:00:00,TCPRIMED_v01r01-final_WP102016_env_s20160816180000_e20160823060000.nc
2016,WP,11,2016-08-17T12:00:00,2016-08-20T00:00:00,TCPRIMED_v01r01-final_WP112016_env_s20160817120000_e20160820000000.nc
2016,WP,12,2016-08-16T18:00:00,2016-08-30T12:00:00,TCPRIMED_v01r01-final_WP122016_env_s20160816180000_e20160830120000.nc
2016,WP,13,2016-08-19T00:00:00,2016-08-21T12:00:00,TCPRIMED_v01r01-final_WP132016_env_s20160819000000_e20160821120000.nc
2016,WP,14,2016-08-22T18:00:00,2016-08-24T12:00:00,TCPRIMED_v01r01-final_WP142016_env_s20160822180000_e20160824120000.nc
2016,WP,15,2016-08-30T18:00:00,2016-09-05T06:00:00,TCPRIMED_v01r01-final_WP152016_env_s20160830180000_e20160905060000.nc
2016,WP,16,2016-09-08T18:00:00,2016-09-15T12:00:00,TCPRIMED_v01r01-final_WP162016_env_s20160908180000_e20160915120000.nc
2016,WP,17,2016-09-09T06:00:00,2016-09-12T06:00:00,TCPRIMED_v01r01-final_WP172016_env_s20160909060000_e20160912060000.nc
2016,WP,18,2016-09-11T12:00:00,2016-09-20T12:00:00,TCPRIMED_v01r01-final_WP182016_env_s20160911120000_e20160920120000.nc
2016,WP,19,2016-09-11T12:00:00,2016-09-13T12:00:00,TCPRIMED_v01r01-final_WP192016_env_s20160911120000_e20160913120000.nc
2016,WP,20,2016-09-22T12:00:00,2016-09-28T18:00:00,TCPRIMED_v01r01-final_WP202016_env_s20160922120000_e20160928180000.nc
2016,WP,21,2016-09-25T18:00:00,2016-10-05T06:00:00,TCPRIMED_v01r01-final_WP212016_env_s20160925180000_e20161005060000.nc
2016,WP,22,2016-10-05T00:00:00,2016-10-14T12:00:00,TCPRIMED_v01r01-final_WP222016_env_s20161005000000_e20161014120000.nc
2016,WP,23,2016-10-04T00:00:00,2016-10-13T06:00:00,TCPRIMED_v01r01-final_WP232016_env_s20161004000000_e20161013060000.nc
2016,WP,24,2016-10-13T06:00:00,2016-10-19T06:00:00,TCPRIMED_v01r01-final_WP242016_env_s20161013060000_e20161019060000.nc
2016,WP,25,2016-10-14T18:00:00,2016-10-22T00:00:00,TCPRIMED_v01r01-final_WP252016_env_s20161014180000_e20161022000000.nc
2016,WP,26,2016-11-02T00:00:00,2016-11-07T12:00:00,TCPRIMED_v01r01-final_WP262016_env_s20161102000000_e20161107120000.nc
2016,WP,27,2016-11-08T06:00:00,2016-11-11T06:00:00,TCPRIMED_v01r01-final_WP272016_env_s20161108060000_e20161111060000.nc
2016,WP,28,2016-11-09T18:00:00,2016-11-11T18:00:00,TCPRIMED_v01r01-final_WP282016_env_s20161109180000_e20161111180000.nc
2016,WP,29,2016-11-23T06:00:00,2016-11-28T00:00:00,TCPRIMED_v01r01-final_WP292016_env_s20161123060000_e20161128000000.nc
2016,WP,30,2016-12-20T06:00:00,2016-12-28T06:00:00,TCPRIMED_v01r01-final_WP302016_env_s20161220060000_e20161228060000.nc
2017,AL,1,2017-04-16T06:00:00,2017-04-22T18:00:00,TCPRIMED_v01r01-final_AL012017_env_s20170416060000_e20170422180000.nc
2017,AL,2,2017-06-18T18:00:00,2017-06-20T06:00:00,TCPRIMED_v01r01-final_AL022017_env_s20170618180000_e20170620060000.nc
2017,AL,3,2017-06-19T18:00:00,2017-06-24T06:00:00,TCPRIMED_v01r01-final_AL032017_env_s20170619180000_e20170624060000.nc
2017,AL,4,2017-07-05T12:00:00,2017-07-07T12:00:00,TCPRIMED_v01r01-final_AL042017_env_s20170705120000_e20170707120000.nc
2017,AL,5,2017-07-17T00:00:00,2017-07-18T12:00:00,TCPRIMED_v01r01-final_AL052017_env_s20170717000000_e20170718120000.nc
2017,AL,6,2017-07-30T18:00:00,2017-08-02T00:00:00,TCPRIMED_v01r01-final_AL062017_env_s20170730180000_e20170802000000.nc
2017,AL,7,2017-08-06T18:00:00,2017-08-10T12:00:00,TCPRIMED_v01r01-final_AL072017_env_s20170806180000_e20170810120000.nc
2017,AL,8,2017-08-12T00:00:00,2017-08-18T18:00:00,TCPRIMED_v01r01-final_AL082017_env_s20170812000000_e20170818180000.nc
2017,AL,9,2017-08-16T06:00:00,2017-09-02T12:00:00,TCPRIMED_v01r01-final_AL092017_env_s20170816060000_e20170902120000.nc
2017,AL,10,2017-08-27T18:00:00,2017-08-29T18:00:00,TCPRIMED_v01r01-final_AL102017_env_s20170827180000_e20170829180000.nc
2017,AL,11,2017-08-30T00:00:00,2017-09-13T12:00:00,TCPRIMED_v01r01-final_AL112017_env_s20170830000000_e20170913120000.nc
2017,AL,12,2017-09-04T06:00:00,2017-09-25T06:00:00,TCPRIMED_v01r01-final_AL122017_env_s20170904060000_e20170925060000.nc
2017,AL,13,2017-09-05T12:00:00,2017-09-09T12:00:00,TCPRIMED_v01r01-final_AL132017_env_s20170905120000_e20170909120000.nc
2017,AL,14,2017-09-14T18:00:00,2017-09-30T06:00:00,TCPRIMED_v01r01-final_AL142017_env_s20170914180000_e20170930060000.nc
2017,AL,15,2017-09-16T12:00:00,2017-10-02T12:00:00,TCPRIMED_v01r01-final_AL152017_env_s20170916120000_e20171002120000.nc
2017,AL,16,2017-10-03T12:00:00,2017-10-11T00:00:00,TCPRIMED_v01r01-final_AL162017_env_s20171003120000_e20171011000000.nc
2017,AL,17,2017-10-06T12:00:00,2017-10-17T18:00:00,TCPRIMED_v01r01-final_AL172017_env_s20171006120000_e20171017180000.nc
2017,AL,18,2017-10-27T18:00:00,2017-10-29T00:00:00,TCPRIMED_v01r01-final_AL182017_env_s20171027180000_e20171029000000.nc
2017,AL,19,2017-11-04T12:00:00,2017-11-09T12:00:00,TCPRIMED_v01r01-final_AL192017_env_s20171104120000_e20171109120000.nc
2017,EP,1,2017-05-09T18:00:00,2017-05-12T06:00:00,TCPRIMED_v01r01-final_EP012017_env_s20170509180000_e20170512060000.nc
2017,EP,2,2017-05-31T12:00:00,2017-06-02T06:00:00,TCPRIMED_v01r01-final_EP022017_env_s20170531120000_e20170602060000.nc
2017,EP,3,2017-06-11T12:00:00,2017-06-13T06:00:00,TCPRIMED_v01r01-final_EP032017_env_s20170611120000_e20170613060000.nc
2017,EP,4,2017-06-24T00:00:00,2017-07-01T00:00:00,TCPRIMED_v01r01-final_EP042017_env_s20170624000000_e20170701000000.nc
2017,EP,5,2017-07-07T12:00:00,2017-07-14T06:00:00,TCPRIMED_v01r01-final_EP052017_env_s20170707120000_e20170714060000.nc
2017,EP,6,2017-07-11T18:00:00,2017-07-23T00:00:00,TCPRIMED_v01r01-final_EP062017_env_s20170711180000_e20170723000000.nc
2017,EP,7,2017-07-17T12:00:00,2017-07-27T06:00:00,TCPRIMED_v01r01-final_EP072017_env_s20170717120000_e20170727060000.nc
2017,EP,8,2017-07-16T18:00:00,2017-07-21T00:00:00,TCPRIMED_v01r01-final_EP082017_env_s20170716180000_e20170721000000.nc
2017,EP,9,2017-07-20T12:00:00,2017-08-01T00:00:00,TCPRIMED_v01r01-final_EP092017_env_s20170720120000_e20170801000000.nc
2017,EP,10,2017-07-22T06:00:00,2017-08-03T12:00:00,TCPRIMED_v01r01-final_EP102017_env_s20170722060000_e20170803120000.nc
2017,EP,11,2017-08-04T00:00:00,2017-08-08T00:00:00,TCPRIMED_v01r01-final_EP112017_env_s20170804000000_e20170808000000.nc
2017,EP,12,2017-08-11T12:00:00,2017-08-17T00:00:00,TCPRIMED_v01r01-final_EP122017_env_s20170811120000_e20170817000000.nc
2017,EP,13,2017-08-17T12:00:00,2017-08-27T18:00:00,TCPRIMED_v01r01-final_EP132017_env_s20170817120000_e20170827180000.nc
2017,EP,14,2017-08-29T18:00:00,2017-09-03T12:00:00,TCPRIMED_v01r01-final_EP142017_env_s20170829180000_e20170903120000.nc
2017,EP,15,2017-09-11T06:00:00,2017-09-21T00:00:00,TCPRIMED_v01r01-final_EP152017_env_s20170911060000_e20170921000000.nc
2017,EP,16,2017-09-13T12:00:00,2017-09-15T06:00:00,TCPRIMED_v01r01-final_EP162017_env_s20170913120000_e20170915060000.nc
2017,EP,17,2017-09-14T06:00:00,2017-09-22T06:00:00,TCPRIMED_v01r01-final_EP172017_env_s20170914060000_e20170922060000.nc
2017,EP,18,2017-09-22T00:00:00,2017-09-25T12:00:00,TCPRIMED_v01r01-final_EP182017_env_s20170922000000_e20170925120000.nc
2017,EP,19,2017-10-03T18:00:00,2017-10-04T18:00:00,TCPRIMED_v01r01-final_EP192017_env_s20171003180000_e20171004180000.nc
2017,EP,20,2017-10-26T18:00:00,2017-10-28T12:00:00,TCPRIMED_v01r01-final_EP202017_env_s20171026180000_e20171028120000.nc
2017,IO,1,2017-04-14T00:00:00,2017-04-17T00:00:00,TCPRIMED_v01r01-final_IO012017_env_s20170414000000_e20170417000000.nc
2017,IO,2,2017-05-27T06:00:00,2017-05-30T18:00:00,TCPRIMED_v01r01-final_IO022017_env_s20170527060000_e20170530180000.nc
2017,IO,3,2017-11-28T18:00:00,2017-12-05T12:00:00,TCPRIMED_v01r01-final_IO032017_env_s20171128180000_e20171205120000.nc
2017,IO,4,2017-12-08T06:00:00,2017-12-10T06:00:00,TCPRIMED_v01r01-final_IO042017_env_s20171208060000_e20171210060000.nc
2017,SH,1,2016-07-14T12:00:00,2016-07-20T12:00:00,TCPRIMED_v01r01-final_SH012017_env_s20160714120000_e20160720120000.nc
2017,SH,2,2016-12-18T12:00:00,2016-12-25T06:00:00,TCPRIMED_v01r01-final_SH022017_env_s20161218120000_e20161225060000.nc
2017,SH,3,2017-01-25T12:00:00,2017-02-03T00:00:00,TCPRIMED_v01r01-final_SH032017_env_s20170125120000_e20170203000000.nc
2017,SH,4,2017-02-02T06:00:00,2017-02-13T00:00:00,TCPRIMED_v01r01-final_SH042017_env_s20170202060000_e20170213000000.nc
2017,SH,5,2017-02-11T18:00:00,2017-02-16T18:00:00,TCPRIMED_v01r01-final_SH052017_env_s20170211180000_e20170216180000.nc
2017,SH,6,2017-02-16T00:00:00,2017-02-21T06:00:00,TCPRIMED_v01r01-final_SH062017_env_s20170216000000_e20170221060000.nc
2017,SH,7,2017-02-20T06:00:00,2017-02-22T12:00:00,TCPRIMED_v01r01-final_SH072017_env_s20170220060000_e20170222120000.nc
2017,SH,8,2017-02-21T00:00:00,2017-02-22T18:00:00,TCPRIMED_v01r01-final_SH082017_env_s20170221000000_e20170222180000.nc
2017,SH,9,2017-03-02T06:00:00,2017-03-10T12:00:00,TCPRIMED_v01r01-final_SH092017_env_s20170302060000_e20170310120000.nc
2017,SH,10,2017-03-03T06:00:00,2017-03-06T18:00:00,TCPRIMED_v01r01-final_SH102017_env_s20170303060000_e20170306180000.nc
2017,SH,11,2017-03-06T00:00:00,2017-03-15T18:00:00,TCPRIMED_v01r01-final_SH112017_env_s20170306000000_e20170315180000.nc
2017,SH,12,2017-03-21T18:00:00,2017-03-30T12:00:00,TCPRIMED_v01r01-final_SH122017_env_s20170321180000_e20170330120000.nc
2017,SH,13,2017-03-23T06:00:00,2017-03-29T06:00:00,TCPRIMED_v01r01-final_SH132017_env_s20170323060000_e20170329060000.nc
2017,SH,14,2017-04-04T00:00:00,2017-04-11T18:00:00,TCPRIMED_v01r01-final_SH142017_env_s20170404000000_e20170411180000.nc
2017,SH,15,2017-04-05T06:00:00,2017-04-11T18:00:00,TCPRIMED_v01r01-final_SH152017_env_s20170405060000_e20170411180000.nc
2017,SH,16,2017-04-06T18:00:00,2017-04-12T06:00:00,TCPRIMED_v01r01-final_SH162017_env_s20170406180000_e20170412060000.nc
2017,SH,17,2017-04-26T06:00:00,2017-04-30T18:00:00,TCPRIMED_v01r01-final_SH172017_env_s20170426060000_e20170430180000.nc
2017,SH,18,2017-05-02T06:00:00,2017-05-10T18:00:00,TCPRIMED_v01r01-final_SH182017_env_s20170502060000_e20170510180000.nc
2017,SH,19,2017-05-07T06:00:00,2017-05-15T12:00:00,TCPRIMED_v01r01-final_SH192017_env_s20170507060000_e20170515120000.nc
2017,WP,1,2017-01-07T12:00:00,2017-01-16T00:00:00,TCPRIMED_v01r01-final_WP012017_env_s20170107120000_e20170116000000.nc
2017,WP,2,2017-04-16T12:00:00,2017-04-20T06:00:00,TCPRIMED_v01r01-final_WP022017_env_s20170416120000_e20170420060000.nc
2017,WP,3,2017-04-24T18:00:00,2017-04-28T06:00:00,TCPRIMED_v01r01-final_WP032017_env_s20170424180000_e20170428060000.nc
2017,WP,4,2017-06-10T00:00:00,2017-06-13T00:00:00,TCPRIMED_v01r01-final_WP042017_env_s20170610000000_e20170613000000.nc
2017,WP,5,2017-07-01T12:00:00,2017-07-05T06:00:00,TCPRIMED_v01r01-final_WP052017_env_s20170701120000_e20170705060000.nc
2017,WP,6,2017-07-15T00:00:00,2017-07-17T12:00:00,TCPRIMED_v01r01-final_WP062017_env_s20170715000000_e20170717120000.nc
2017,WP,7,2017-07-20T18:00:00,2017-08-08T06:00:00,TCPRIMED_v01r01-final_WP072017_env_s20170720180000_e20170808060000.nc
2017,WP,8,2017-07-20T12:00:00,2017-07-26T00:00:00,TCPRIMED_v01r01-final_WP082017_env_s20170720120000_e20170726000000.nc
2017,WP,9,2017-07-20T18:00:00,2017-07-28T00:00:00,TCPRIMED_v01r01-final_WP092017_env_s20170720180000_e20170728000000.nc
2017,WP,10,2017-07-21T06:00:00,2017-07-23T06:00:00,TCPRIMED_v01r01-final_WP102017_env_s20170721060000_e20170723060000.nc
2017,WP,11,2017-07-25T12:00:00,2017-07-30T12:00:00,TCPRIMED_v01r01-final_WP112017_env_s20170725120000_e20170730120000.nc
2017,WP,12,2017-07-28T00:00:00,2017-07-31T06:00:00,TCPRIMED_v01r01-final_WP122017_env_s20170728000000_e20170731060000.nc
2017,WP,13,2017-07-31T18:00:00,2017-08-06T12:00:00,TCPRIMED_v01r01-final_WP132017_env_s20170731180000_e20170806120000.nc
2017,WP,14,2017-08-10T12:00:00,2017-08-17T06:00:00,TCPRIMED_v01r01-final_WP142017_env_s20170810120000_e20170817060000.nc
2017,WP,15,2017-08-20T06:00:00,2017-08-24T12:00:00,TCPRIMED_v01r01-final_WP152017_env_s20170820060000_e20170824120000.nc
2017,WP,16,2017-08-24T00:00:00,2017-08-27T12:00:00,TCPRIMED_v01r01-final_WP162017_env_s20170824000000_e20170827120000.nc
2017,WP,17,2017-08-28T12:00:00,2017-09-03T06:00:00,TCPRIMED_v01r01-final_WP172017_env_s20170828120000_e20170903060000.nc
2017,WP,18,2017-09-01T00:00:00,2017-09-03T18:00:00,TCPRIMED_v01r01-final_WP182017_env_s20170901000000_e20170903180000.nc
2017,WP,19,2017-09-03T12:00:00,2017-09-07T18:00:00,TCPRIMED_v01r01-final_WP192017_env_s20170903120000_e20170907180000.nc
2017,WP,20,2017-09-09T00:00:00,2017-09-17T18:00:00,TCPRIMED_v01r01-final_WP202017_env_s20170909000000_e20170917180000.nc
2017,WP,21,2017-09-10T18:00:00,2017-09-16T00:00:00,TCPRIMED_v01r01-final_WP212017_env_s20170910180000_e20170916000000.nc
2017,WP,22,2017-09-23T12:00:00,2017-09-25T06:00:00,TCPRIMED_v01r01-final_WP222017_env_s20170923120000_e20170925060000.nc
2017,WP,23,2017-10-09T00:00:00,2017-10-10T06:00:00,TCPRIMED_v01r01-final_WP232017_env_s20171009000000_e20171010060000.nc
2017,WP,24,2017-10-12T06:00:00,2017-10-16T06:00:00,TCPRIMED_v01r01-final_WP242017_env_s20171012060000_e20171016060000.nc
2017,WP,25,2017-10-15T00:00:00,2017-10-23T00:00:00,TCPRIMED_v01r01-final_WP252017_env_s20171015000000_e20171023000000.nc
2017,WP,26,2017-10-18T06:00:00,2017-10-20T00:00:00,TCPRIMED_v01r01-final_WP262017_env_s20171018060000_e20171020000000.nc
2017,WP,27,2017-10-19T06:00:00,2017-10-29T12:00:00,TCPRIMED_v01r01-final_WP272017_env_s20171019060000_e20171029120000.nc
2017,WP,28,2017-11-01T00:00:00,2017-11-04T18:00:00,TCPRIMED_v01r01-final_WP282017_env_s20171101000000_e20171104180000.nc
2017,WP,29,2017-11-03T00:00:00,2017-11-08T00:00:00,TCPRIMED_v01r01-final_WP292017_env_s20171103000000_e20171108000000.nc
2017,WP,30,2017-11-08T00:00:00,2017-11-14T12:00:00,TCPRIMED_v01r01-final_WP302017_env_s20171108000000_e20171114120000.nc
2017,WP,31,2017-11-16T18:00:00,2017-11-19T12:00:00,TCPRIMED_v01r01-final_WP312017_env_s20171116180000_e20171119120000.nc
2017,WP,32,2017-12-13T06:00:00,2017-12-23T18:00:00,TCPRIMED_v01r01-final_WP322017_env_s20171213060000_e20171223180000.nc
2017,WP,33,2017-12-20T12:00:00,2017-12-26T12:00:00,TCPRIMED_v01r01-final_WP332017_env_s20171220120000_e20171226120000.nc
2018,AL,1,2018-05-25T12:00:00,2018-05-31T12:00:00,TCPRIMED_v01r01-final_AL012018_env_s20180525120000_e20180531120000.nc
2018,AL,2,2018-07-04T12:00:00,2018-07-17T06:00:00,TCPRIMED_v01r01-final_AL022018_env_s20180704120000_e20180717060000.nc
2018,AL,3,2018-07-05T06:00:00,2018-07-17T12:00:00,TCPRIMED_v01r01-final_AL032018_env_s20180705060000_e20180717120000.nc
2018,AL,4,2018-08-02T18:00:00,2018-08-10T12:00:00,TCPRIMED_v01r01-final_AL042018_env_s20180802180000_e20180810120000.nc
2018,AL,5,2018-08-15T00:00:00,2018-08-19T06:00:00,TCPRIMED_v01r01-final_AL052018_env_s20180815000000_e20180819060000.nc
2018,AL,6,2018-08-30T06:00:00,2018-09-18T12:00:00,TCPRIMED_v01r01-final_AL062018_env_s20180830060000_e20180918120000.nc
2018,AL,7,2018-09-02T18:00:00,2018-09-07T18:00:00,TCPRIMED_v01r01-final_AL072018_env_s20180902180000_e20180907180000.nc
2018,AL,8,2018-09-07T12:00:00,2018-09-17T18:00:00,TCPRIMED_v01r01-final_AL082018_env_s20180907120000_e20180917180000.nc
2018,AL,9,2018-09-07T12:00:00,2018-09-15T00:00:00,TCPRIMED_v01r01-final_AL092018_env_s20180907120000_e20180915000000.nc
2018,AL,10,2018-09-12T00:00:00,2018-09-21T12:00:00,TCPRIMED_v01r01-final_AL102018_env_s20180912000000_e20180921120000.nc
2018,AL,11,2018-09-21T18:00:00,2018-09-22T18:00:00,TCPRIMED_v01r01-final_AL112018_env_s20180921180000_e20180922180000.nc
2018,AL,12,2018-09-22T06:00:00,2018-09-28T18:00:00,TCPRIMED_v01r01-final_AL122018_env_s20180922060000_e20180928180000.nc
2018,AL,13,2018-09-22T00:00:00,2018-10-14T00:00:00,TCPRIMED_v01r01-final_AL132018_env_s20180922000000_e20181014000000.nc
2018,AL,14,2018-10-06T18:00:00,2018-10-15T18:00:00,TCPRIMED_v01r01-final_AL142018_env_s20181006180000_e20181015180000.nc
2018,AL,15,2018-10-08T12:00:00,2018-10-12T18:00:00,TCPRIMED_v01r01-final_AL152018_env_s20181008120000_e20181012180000.nc
2018,AL,16,2018-10-26T18:00:00,2018-11-04T12:00:00,TCPRIMED_v01r01-final_AL162018_env_s20181026180000_e20181104120000.nc
2018,CP,1,2018-09-26T06:00:00,2018-10-07T12:00:00,TCPRIMED_v01r01-final_CP012018_env_s20180926060000_e20181007120000.nc
2018,EP,1,2018-05-10T12:00:00,2018-05-13T12:00:00,TCPRIMED_v01r01-final_EP012018_env_s20180510120000_e20180513120000.nc
2018,EP,2,2018-06-06T00:00:00,2018-06-16T00:00:00,TCPRIMED_v01r01-final_EP022018_env_s20180606000000_e20180616000000.nc
2018,EP,3,2018-06-09T18:00:00,2018-06-16T00:00:00,TCPRIMED_v01r01-final_EP032018_env_s20180609180000_e20180616000000.nc
2018,EP,4,2018-06-14T18:00:00,2018-06-19T00:00:00,TCPRIMED_v01r01-final_EP042018_env_s20180614180000_e20180619000000.nc
2018,EP,5,2018-06-23T00:00:00,2018-06-28T06:00:00,TCPRIMED_v01r01-final_EP052018_env_s20180623000000_e20180628060000.nc
2018,EP,6,2018-06-27T06:00:00,2018-07-04T00:00:00,TCPRIMED_v01r01-final_EP062018_env_s20180627060000_e20180704000000.nc
2018,EP,7,2018-06-30T18:00:00,2018-07-09T06:00:00,TCPRIMED_v01r01-final_EP072018_env_s20180630180000_e20180709060000.nc
2018,EP,8,2018-07-26T12:00:00,2018-07-31T18:00:00,TCPRIMED_v01r01-final_EP082018_env_s20180726120000_e20180731180000.nc
2018,EP,9,2018-07-26T18:00:00,2018-07-27T18:00:00,TCPRIMED_v01r01-final_EP092018_env_s20180726180000_e20180727180000.nc
2018,EP,10,2018-07-31T12:00:00,2018-08-16T18:00:00,TCPRIMED_v01r01-final_EP102018_env_s20180731120000_e20180816180000.nc
2018,EP,11,2018-08-04T18:00:00,2018-08-07T06:00:00,TCPRIMED_v01r01-final_EP112018_env_s20180804180000_e20180807060000.nc
2018,EP,12,2018-08-05T12:00:00,2018-08-13T18:00:00,TCPRIMED_v01r01-final_EP122018_env_s20180805120000_e20180813180000.nc
2018,EP,13,2018-08-06T18:00:00,2018-08-13T00:00:00,TCPRIMED_v01r01-final_EP132018_env_s20180806180000_e20180813000000.nc
2018,EP,14,2018-08-13T12:00:00,2018-08-29T06:00:00,TCPRIMED_v01r01-final_EP142018_env_s20180813120000_e20180829060000.nc
2018,EP,15,2018-08-25T12:00:00,2018-09-03T00:00:00,TCPRIMED_v01r01-final_EP152018_env_s20180825120000_e20180903000000.nc
2018,EP,16,2018-08-27T18:00:00,2018-09-10T06:00:00,TCPRIMED_v01r01-final_EP162018_env_s20180827180000_e20180910060000.nc
2018,EP,17,2018-09-01T00:00:00,2018-09-14T12:00:00,TCPRIMED_v01r01-final_EP172018_env_s20180901000000_e20180914120000.nc
2018,EP,18,2018-09-07T12:00:00,2018-09-14T18:00:00,TCPRIMED_v01r01-final_EP182018_env_s20180907120000_e20180914180000.nc
2018,EP,19,2018-09-19T12:00:00,2018-09-20T06:00:00,TCPRIMED_v01r01-final_EP192018_env_s20180919120000_e20180920060000.nc
2018,EP,20,2018-09-25T06:00:00,2018-10-02T12:00:00,TCPRIMED_v01r01-final_EP202018_env_s20180925060000_e20181002120000.nc
2018,EP,21,2018-09-29T12:00:00,2018-10-12T18:00:00,TCPRIMED_v01r01-final_EP212018_env_s20180929120000_e20181012180000.nc
2018,EP,22,2018-10-14T12:00:00,2018-10-16T18:00:00,TCPRIMED_v01r01-final_EP222018_env_s20181014120000_e20181016180000.nc
2018,EP,23,2018-10-19T00:00:00,2018-10-23T12:00:00,TCPRIMED_v01r01-final_EP232018_env_s20181019000000_e20181023120000.nc
2018,EP,24,2018-10-19T00:00:00,2018-10-24T06:00:00,TCPRIMED_v01r01-final_EP242018_env_s20181019000000_e20181024060000.nc
2018,EP,25,2018-11-02T00:00:00,2018-11-09T00:00:00,TCPRIMED_v01r01-final_EP252018_env_s20181102000000_e20181109000000.nc
2018,IO,1,2018-05-15T18:00:00,2018-05-20T06:00:00,TCPRIMED_v01r01-final_IO012018_env_s20180515180000_e20180520060000.nc
2018,IO,2,2018-05-21T06:00:00,2018-05-27T06:00:00,TCPRIMED_v01r01-final_IO022018_env_s20180521060000_e20180527060000.nc
2018,IO,3,2018-05-28T00:00:00,2018-05-30T00:00:00,TCPRIMED_v01r01-final_IO032018_env_s20180528000000_e20180530000000.nc
2018,IO,4,2018-09-19T18:00:00,2018-09-21T12:00:00,TCPRIMED_v01r01-final_IO042018_env_s20180919180000_e20180921120000.nc
2018,IO,5,2018-10-05T18:00:00,2018-10-14T18:00:00,TCPRIMED_v01r01-final_IO052018_env_s20181005180000_e20181014180000.nc
2018,IO,6,2018-10-08T00:00:00,2018-10-12T06:00:00,TCPRIMED_v01r01-final_IO062018_env_s20181008000000_e20181012060000.nc
2018,IO,7,2018-11-10T12:00:00,2018-11-19T06:00:00,TCPRIMED_v01r01-final_IO072018_env_s20181110120000_e20181119060000.nc
2018,IO,8,2018-12-13T12:00:00,2018-12-17T18:00:00,TCPRIMED_v01r01-final_IO082018_env_s20181213120000_e20181217180000.nc
2018,SH,1,2017-11-28T12:00:00,2017-12-07T00:00:00,TCPRIMED_v01r01-final_SH012018_env_s20171128120000_e20171207000000.nc
2018,SH,2,2017-12-26T00:00:00,2017-12-31T06:00:00,TCPRIMED_v01r01-final_SH022018_env_s20171226000000_e20171231060000.nc
2018,SH,3,2017-12-30T06:00:00,2018-01-09T12:00:00,TCPRIMED_v01r01-final_SH032018_env_s20171230060000_e20180109120000.nc
2018,SH,4,2018-01-04T18:00:00,2018-01-11T06:00:00,TCPRIMED_v01r01-final_SH042018_env_s20180104180000_e20180111060000.nc
2018,SH,5,2018-01-09T06:00:00,2018-01-15T06:00:00,TCPRIMED_v01r01-final_SH052018_env_s20180109060000_e20180115060000.nc
2018,SH,6,2018-01-11T06:00:00,2018-01-21T18:00:00,TCPRIMED_v01r01-final_SH062018_env_s20180111060000_e20180121180000.nc
2018,SH,7,2018-01-25T06:00:00,2018-02-09T18:00:00,TCPRIMED_v01r01-final_SH072018_env_s20180125060000_e20180209180000.nc
2018,SH,8,2018-01-26T12:00:00,2018-01-31T18:00:00,TCPRIMED_v01r01-final_SH082018_env_s20180126120000_e20180131180000.nc
2018,SH,9,2018-02-07T06:00:00,2018-02-20T00:00:00,TCPRIMED_v01r01-final_SH092018_env_s20180207060000_e20180220000000.nc
2018,SH,10,2018-02-13T18:00:00,2018-02-21T06:00:00,TCPRIMED_v01r01-final_SH102018_env_s20180213180000_e20180221060000.nc
2018,SH,11,2018-03-01T12:00:00,2018-03-08T18:00:00,TCPRIMED_v01r01-final_SH112018_env_s20180301120000_e20180308180000.nc
2018,SH,12,2018-03-05T06:00:00,2018-03-12T00:00:00,TCPRIMED_v01r01-final_SH122018_env_s20180305060000_e20180312000000.nc
2018,SH,13,2018-03-11T06:00:00,2018-03-15T18:00:00,TCPRIMED_v01r01-final_SH132018_env_s20180311060000_e20180315180000.nc
2018,SH,14,2018-03-13T18:00:00,2018-03-21T06:00:00,TCPRIMED_v01r01-final_SH142018_env_s20180313180000_e20180321060000.nc
2018,SH,15,2018-03-14T18:00:00,2018-03-25T00:00:00,TCPRIMED_v01r01-final_SH152018_env_s20180314180000_e20180325000000.nc
2018,SH,16,2018-03-22T00:00:00,2018-03-26T06:00:00,TCPRIMED_v01r01-final_SH162018_env_s20180322000000_e20180326060000.nc
2018,SH,17,2018-03-22T18:00:00,2018-04-08T12:00:00,TCPRIMED_v01r01-final_SH172018_env_s20180322180000_e20180408120000.nc
2018,SH,18,2018-03-30T06:00:00,2018-04-04T12:00:00,TCPRIMED_v01r01-final_SH182018_env_s20180330060000_e20180404120000.nc
2018,SH,19,2018-04-06T06:00:00,2018-04-11T18:00:00,TCPRIMED_v01r01-final_SH192018_env_s20180406060000_e20180411180000.nc
2018,SH,20,2018-04-21T12:00:00,2018-04-26T00:00:00,TCPRIMED_v01r01-final_SH202018_env_s20180421120000_e20180426000000.nc
2018,SH,21,2018-04-27T12:00:00,2018-05-02T00:00:00,TCPRIMED_v01r01-final_SH212018_env_s20180427120000_e20180502000000.nc
2018,WP,1,2017-12-31T18:00:00,2018-01-04T06:00:00,TCPRIMED_v01r01-final_WP012018_env_s20171231180000_e20180104060000.nc
2018,WP,2,2018-02-08T06:00:00,2018-02-15T18:00:00,TCPRIMED_v01r01-final_WP022018_env_s20180208060000_e20180215180000.nc
2018,WP,3,2018-03-23T06:00:00,2018-04-02T12:00:00,TCPRIMED_v01r01-final_WP032018_env_s20180323060000_e20180402120000.nc
2018,WP,4,2018-05-09T00:00:00,2018-05-14T18:00:00,TCPRIMED_v01r01-final_WP042018_env_s20180509000000_e20180514180000.nc
2018,WP,5,2018-06-02T06:00:00,2018-06-08T12:00:00,TCPRIMED_v01r01-final_WP052018_env_s20180602060000_e20180608120000.nc
2018,WP,6,2018-06-07T00:00:00,2018-06-11T18:00:00,TCPRIMED_v01r01-final_WP062018_env_s20180607000000_e20180611180000.nc
2018,WP,7,2018-06-13T00:00:00,2018-06-14T06:00:00,TCPRIMED_v01r01-final_WP072018_env_s20180613000000_e20180614060000.nc
2018,WP,8,2018-06-14T00:00:00,2018-06-17T06:00:00,TCPRIMED_v01r01-final_WP082018_env_s20180614000000_e20180617060000.nc
2018,WP,9,2018-06-27T12:00:00,2018-07-05T00:00:00,TCPRIMED_v01r01-final_WP092018_env_s20180627120000_e20180705000000.nc
2018,WP,10,2018-07-03T00:00:00,2018-07-11T18:00:00,TCPRIMED_v01r01-final_WP102018_env_s20180703000000_e20180711180000.nc
2018,WP,11,2018-07-13T12:00:00,2018-07-24T06:00:00,TCPRIMED_v01r01-final_WP112018_env_s20180713120000_e20180724060000.nc
2018,WP,12,2018-07-18T12:00:00,2018-07-24T12:00:00,TCPRIMED_v01r01-final_WP122018_env_s20180718120000_e20180724120000.nc
2018,WP,13,2018-07-20T12:00:00,2018-07-23T12:00:00,TCPRIMED_v01r01-final_WP132018_env_s20180720120000_e20180723120000.nc
2018,WP,14,2018-07-21T06:00:00,2018-07-27T06:00:00,TCPRIMED_v01r01-final_WP142018_env_s20180721060000_e20180727060000.nc
2018,WP,15,2018-07-23T00:00:00,2018-08-04T06:00:00,TCPRIMED_v01r01-final_WP152018_env_s20180723000000_e20180804060000.nc
2018,WP,16,2018-07-30T00:00:00,2018-08-02T00:00:00,TCPRIMED_v01r01-final_WP162018_env_s20180730000000_e20180802000000.nc
2018,WP,17,2018-08-02T00:00:00,2018-08-10T06:00:00,TCPRIMED_v01r01-final_WP172018_env_s20180802000000_e20180810060000.nc
2018,WP,18,2018-08-06T06:00:00,2018-08-14T12:00:00,TCPRIMED_v01r01-final_WP182018_env_s20180806060000_e20180814120000.nc
2018,WP,19,2018-08-10T00:00:00,2018-08-15T18:00:00,TCPRIMED_v01r01-final_WP192018_env_s20180810000000_e20180815180000.nc
2018,WP,20,2018-08-10T00:00:00,2018-08-17T18:00:00,TCPRIMED_v01r01-final_WP202018_env_s20180810000000_e20180817180000.nc
2018,WP,21,2018-08-14T00:00:00,2018-08-18T06:00:00,TCPRIMED_v01r01-final_WP212018_env_s20180814000000_e20180818060000.nc
2018,WP,22,2018-08-15T00:00:00,2018-08-25T12:00:00,TCPRIMED_v01r01-final_WP222018_env_s20180815000000_e20180825120000.nc
2018,WP,23,2018-08-16T18:00:00,2018-08-24T12:00:00,TCPRIMED_v01r01-final_WP232018_env_s20180816180000_e20180824120000.nc
2018,WP,24,2018-08-22T00:00:00,2018-08-25T12:00:00,TCPRIMED_v01r01-final_WP242018_env_s20180822000000_e20180825120000.nc
2018,WP,25,2018-08-27T00:00:00,2018-09-04T18:00:00,TCPRIMED_v01r01-final_WP252018_env_s20180827000000_e20180904180000.nc
2018,WP,26,2018-09-06T18:00:00,2018-09-17T12:00:00,TCPRIMED_v01r01-final_WP262018_env_s20180906180000_e20180917120000.nc
2018,WP,27,2018-09-08T12:00:00,2018-09-13T18:00:00,TCPRIMED_v01r01-final_WP272018_env_s20180908120000_e20180913180000.nc
2018,WP,28,2018-09-20T06:00:00,2018-10-01T00:00:00,TCPRIMED_v01r01-final_WP282018_env_s20180920060000_e20181001000000.nc
2018,WP,29,2018-09-25T06:00:00,2018-09-27T18:00:00,TCPRIMED_v01r01-final_WP292018_env_s20180925060000_e20180927180000.nc
2018,WP,30,2018-09-27T12:00:00,2018-10-07T00:00:00,TCPRIMED_v01r01-final_WP302018_env_s20180927120000_e20181007000000.nc
2018,WP,31,2018-10-20T18:00:00,2018-11-03T06:00:00,TCPRIMED_v01r01-final_WP312018_env_s20181020180000_e20181103060000.nc
2018,WP,32,2018-11-16T18:00:00,2018-11-21T00:00:00,TCPRIMED_v01r01-final_WP322018_env_s20181116180000_e20181121000000.nc
2018,WP,33,2018-11-07T00:00:00,2018-11-26T12:00:00,TCPRIMED_v01r01-final_WP332018_env_s20181107000000_e20181126120000.nc
2018,WP,34,2018-11-20T06:00:00,2018-11-28T00:00:00,TCPRIMED_v01r01-final_WP342018_env_s20181120060000_e20181128000000.nc
2018,WP,35,2018-12-23T12:00:00,2018-12-28T12:00:00,TCPRIMED_v01r01-final_WP352018_env_s20181223120000_e20181228120000.nc
2018,WP,36,2018-12-30T12:00:00,2019-01-07T06:00:00,TCPRIMED_v01r01-final_WP362018_env_s20181230120000_e20190107060000.nc
2019,AL,1,2019-05-20T18:00:00,2019-05-22T06:00:00,TCPRIMED_v01r01-final_AL012019_env_s20190520180000_e20190522060000.nc
2019,AL,2,2019-07-10T12:00:00,2019-07-16T06:00:00,TCPRIMED_v01r01-final_AL022019_env_s20190710120000_e20190716060000.nc
2019,AL,3,2019-07-22T12:00:00,2019-07-23T12:00:00,TCPRIMED_v01r01-final_AL032019_env_s20190722120000_e20190723120000.nc
2019,AL,4,2019-08-20T18:00:00,2019-08-26T18:00:00,TCPRIMED_v01r01-final_AL042019_env_s20190820180000_e20190826180000.nc
2019,AL,5,2019-08-24T06:00:00,2019-09-09T00:00:00,TCPRIMED_v01r01-final_AL052019_env_s20190824060000_e20190909000000.nc
2019,AL,6,2019-08-26T12:00:00,2019-08-29T18:00:00,TCPRIMED_v01r01-final_AL062019_env_s20190826120000_e20190829180000.nc
2019,AL,7,2019-09-03T06:00:00,2019-09-05T00:00:00,TCPRIMED_v01r01-final_AL072019_env_s20190903060000_e20190905000000.nc
2019,AL,8,2019-09-03T00:00:00,2019-09-11T12:00:00,TCPRIMED_v01r01-final_AL082019_env_s20190903000000_e20190911120000.nc
2019,AL,9,2019-09-12T12:00:00,2019-09-20T12:00:00,TCPRIMED_v01r01-final_AL092019_env_s20190912120000_e20190920120000.nc
2019,AL,10,2019-09-17T00:00:00,2019-09-28T00:00:00,TCPRIMED_v01r01-final_AL102019_env_s20190917000000_e20190928000000.nc
2019,AL,11,2019-09-17T12:00:00,2019-09-19T00:00:00,TCPRIMED_v01r01-final_AL112019_env_s20190917120000_e20190919000000.nc
2019,AL,12,2019-09-22T00:00:00,2019-09-27T12:00:00,TCPRIMED_v01r01-final_AL122019_env_s20190922000000_e20190927120000.nc
2019,AL,13,2019-09-22T18:00:00,2019-10-04T06:00:00,TCPRIMED_v01r01-final_AL132019_env_s20190922180000_e20191004060000.nc
2019,AL,14,2019-10-08T18:00:00,2019-10-14T18:00:00,TCPRIMED_v01r01-final_AL142019_env_s20191008180000_e20191014180000.nc
2019,AL,15,2019-10-14T12:00:00,2019-10-17T12:00:00,TCPRIMED_v01r01-final_AL152019_env_s20191014120000_e20191017120000.nc
2019,AL,16,2019-10-17T12:00:00,2019-10-21T00:00:00,TCPRIMED_v01r01-final_AL162019_env_s20191017120000_e20191021000000.nc
2019,AL,17,2019-10-25T12:00:00,2019-10-27T18:00:00,TCPRIMED_v01r01-final_AL172019_env_s20191025120000_e20191027180000.nc
2019,AL,18,2019-10-23T18:00:00,2019-10-29T00:00:00,TCPRIMED_v01r01-final_AL182019_env_s20191023180000_e20191029000000.nc
2019,AL,19,2019-10-27T00:00:00,2019-11-01T12:00:00,TCPRIMED_v01r01-final_AL192019_env_s20191027000000_e20191101120000.nc
2019,AL,20,2019-11-19T06:00:00,2019-11-27T12:00:00,TCPRIMED_v01r01-final_AL202019_env_s20191119060000_e20191127120000.nc
2019,EP,1,2019-06-25T12:00:00,2019-06-30T00:00:00,TCPRIMED_v01r01-final_EP012019_env_s20190625120000_e20190630000000.nc
2019,EP,2,2019-06-30T06:00:00,2019-07-08T06:00:00,TCPRIMED_v01r01-final_EP022019_env_s20190630060000_e20190708060000.nc
2019,EP,3,2019-07-06T12:00:00,2019-07-10T18:00:00,TCPRIMED_v01r01-final_EP032019_env_s20190706120000_e20190710180000.nc
2019,EP,4,2019-07-12T06:00:00,2019-07-15T06:00:00,TCPRIMED_v01r01-final_EP042019_env_s20190712060000_e20190715060000.nc
2019,EP,5,2019-07-22T06:00:00,2019-07-26T12:00:00,TCPRIMED_v01r01-final_EP052019_env_s20190722060000_e20190726120000.nc
2019,EP,6,2019-07-27T12:00:00,2019-08-08T00:00:00,TCPRIMED_v01r01-final_EP062019_env_s20190727120000_e20190808000000.nc
2019,EP,7,2019-07-28T12:00:00,2019-08-07T00:00:00,TCPRIMED_v01r01-final_EP072019_env_s20190728120000_e20190807000000.nc
2019,EP,8,2019-08-02T18:00:00,2019-08-06T00:00:00,TCPRIMED_v01r01-final_EP082019_env_s20190802180000_e20190806000000.nc
2019,EP,9,2019-08-11T18:00:00,2019-08-15T00:00:00,TCPRIMED_v01r01-final_EP092019_env_s20190811180000_e20190815000000.nc
2019,EP,10,2019-08-21T06:00:00,2019-08-27T00:00:00,TCPRIMED_v01r01-final_EP102019_env_s20190821060000_e20190827000000.nc
2019,EP,11,2019-09-01T00:00:00,2019-09-09T12:00:00,TCPRIMED_v01r01-final_EP112019_env_s20190901000000_e20190909120000.nc
2019,EP,12,2019-09-03T06:00:00,2019-09-06T18:00:00,TCPRIMED_v01r01-final_EP122019_env_s20190903060000_e20190906180000.nc
2019,EP,13,2019-09-12T06:00:00,2019-09-26T18:00:00,TCPRIMED_v01r01-final_EP132019_env_s20190912060000_e20190926180000.nc
2019,EP,14,2019-09-16T12:00:00,2019-09-24T18:00:00,TCPRIMED_v01r01-final_EP142019_env_s20190916120000_e20190924180000.nc
2019,EP,15,2019-09-17T06:00:00,2019-09-22T12:00:00,TCPRIMED_v01r01-final_EP152019_env_s20190917060000_e20190922120000.nc
2019,EP,16,2019-09-28T12:00:00,2019-10-01T06:00:00,TCPRIMED_v01r01-final_EP162019_env_s20190928120000_e20191001060000.nc
2019,EP,17,2019-10-16T00:00:00,2019-10-16T12:00:00,TCPRIMED_v01r01-final_EP172019_env_s20191016000000_e20191016120000.nc
2019,EP,18,2019-10-17T00:00:00,2019-10-21T06:00:00,TCPRIMED_v01r01-final_EP182019_env_s20191017000000_e20191021060000.nc
2019,EP,19,2019-10-19T12:00:00,2019-10-21T00:00:00,TCPRIMED_v01r01-final_EP192019_env_s20191019120000_e20191021000000.nc
2019,EP,20,2019-11-13T06:00:00,2019-11-17T18:00:00,TCPRIMED_v01r01-final_EP202019_env_s20191113060000_e20191117180000.nc
2019,EP,21,2019-11-15T12:00:00,2019-11-18T06:00:00,TCPRIMED_v01r01-final_EP212019_env_s20191115120000_e20191118060000.nc
2019,IO,1,2019-04-25T18:00:00,2019-05-04T06:00:00,TCPRIMED_v01r01-final_IO012019_env_s20190425180000_e20190504060000.nc
2019,IO,2,2019-06-08T18:00:00,2019-06-18T06:00:00,TCPRIMED_v01r01-final_IO022019_env_s20190608180000_e20190618060000.nc
2019,IO,3,2019-09-20T18:00:00,2019-09-26T06:00:00,TCPRIMED_v01r01-final_IO032019_env_s20190920180000_e20190926060000.nc
2019,IO,4,2019-10-22T18:00:00,2019-11-03T06:00:00,TCPRIMED_v01r01-final_IO042019_env_s20191022180000_e20191103060000.nc
2019,IO,5,2019-10-28T06:00:00,2019-11-11T00:00:00,TCPRIMED_v01r01-final_IO052019_env_s20191028060000_e20191111000000.nc
2019,IO,6,2019-11-30T18:00:00,2019-12-07T18:00:00,TCPRIMED_v01r01-final_IO062019_env_s20191130180000_e20191207180000.nc
2019,IO,7,2019-12-02T12:00:00,2019-12-06T06:00:00,TCPRIMED_v01r01-final_IO072019_env_s20191202120000_e20191206060000.nc
2019,SH,1,2018-09-13T06:00:00,2018-09-18T18:00:00,TCPRIMED_v01r01-final_SH012019_env_s20180913060000_e20180918180000.nc
2019,SH,2,2018-09-25T12:00:00,2018-09-30T12:00:00,TCPRIMED_v01r01-final_SH022019_env_s20180925120000_e20180930120000.nc
2019,SH,3,2018-11-04T12:00:00,2018-11-15T18:00:00,TCPRIMED_v01r01-final_SH032019_env_s20181104120000_e20181115180000.nc
2019,SH,4,2018-11-09T06:00:00,2018-11-21T00:00:00,TCPRIMED_v01r01-final_SH042019_env_s20181109060000_e20181121000000.nc
2019,SH,5,2018-11-30T00:00:00,2018-12-22T00:00:00,TCPRIMED_v01r01-final_SH052019_env_s20181130000000_e20181222000000.nc
2019,SH,6,2018-12-14T06:00:00,2018-12-24T18:00:00,TCPRIMED_v01r01-final_SH062019_env_s20181214060000_e20181224180000.nc
2019,SH,7,2018-12-17T00:00:00,2018-12-25T18:00:00,TCPRIMED_v01r01-final_SH072019_env_s20181217000000_e20181225180000.nc
2019,SH,8,2018-12-28T12:00:00,2019-01-09T12:00:00,TCPRIMED_v01r01-final_SH082019_env_s20181228120000_e20190109120000.nc
2019,SH,9,2018-12-31T18:00:00,2019-01-09T06:00:00,TCPRIMED_v01r01-final_SH092019_env_s20181231180000_e20190109060000.nc
2019,SH,10,2019-01-19T06:00:00,2019-01-22T00:00:00,TCPRIMED_v01r01-final_SH102019_env_s20190119060000_e20190122000000.nc
2019,SH,11,2019-01-22T12:00:00,2019-02-05T00:00:00,TCPRIMED_v01r01-final_SH112019_env_s20190122120000_e20190205000000.nc
2019,SH,12,2019-02-04T06:00:00,2019-02-10T06:00:00,TCPRIMED_v01r01-final_SH122019_env_s20190204060000_e20190210060000.nc
2019,SH,13,2019-02-05T00:00:00,2019-02-15T18:00:00,TCPRIMED_v01r01-final_SH132019_env_s20190205000000_e20190215180000.nc
2019,SH,14,2019-02-09T00:00:00,2019-02-10T12:00:00,TCPRIMED_v01r01-final_SH142019_env_s20190209000000_e20190210120000.nc
2019,SH,15,2019-02-11T00:00:00,2019-02-28T12:00:00,TCPRIMED_v01r01-final_SH152019_env_s20190211000000_e20190228120000.nc
2019,SH,16,2019-02-25T12:00:00,2019-03-02T00:00:00,TCPRIMED_v01r01-final_SH162019_env_s20190225120000_e20190302000000.nc
2019,SH,17,2019-03-01T06:00:00,2019-03-09T18:00:00,TCPRIMED_v01r01-final_SH172019_env_s20190301060000_e20190309180000.nc
2019,SH,18,2019-03-05T00:00:00,2019-03-16T06:00:00,TCPRIMED_v01r01-final_SH182019_env_s20190305000000_e20190316060000.nc
2019,SH,19,2019-03-11T06:00:00,2019-03-22T12:00:00,TCPRIMED_v01r01-final_SH192019_env_s20190311060000_e20190322120000.nc
2019,SH,20,2019-03-14T18:00:00,2019-03-25T18:00:00,TCPRIMED_v01r01-final_SH202019_env_s20190314180000_e20190325180000.nc
2019,SH,21,2019-03-18T06:00:00,2019-03-30T12:00:00,TCPRIMED_v01r01-final_SH212019_env_s20190318060000_e20190330120000.nc
2019,SH,22,2019-03-21T18:00:00,2019-04-01T06:00:00,TCPRIMED_v01r01-final_SH222019_env_s20190321180000_e20190401060000.nc
2019,SH,23,2019-04-03T06:00:00,2019-04-13T18:00:00,TCPRIMED_v01r01-final_SH232019_env_s20190403060000_e20190413180000.nc
2019,SH,24,2019-04-21T18:00:00,2019-04-27T00:00:00,TCPRIMED_v01r01-final_SH242019_env_s20190421180000_e20190427000000.nc
2019,SH,25,2019-04-21T18:00:00,2019-04-30T06:00:00,TCPRIMED_v01r01-final_SH252019_env_s20190421180000_e20190430060000.nc
2019,SH,26,2019-05-06T12:00:00,2019-05-11T06:00:00,TCPRIMED_v01r01-final_SH262019_env_s20190506120000_e20190511060000.nc
2019,SH,27,2019-05-10T12:00:00,2019-05-18T00:00:00,TCPRIMED_v01r01-final_SH272019_env_s20190510120000_e20190518000000.nc
2019,WP,1,2019-01-04T00:00:00,2019-01-22T12:00:00,TCPRIMED_v01r01-final_WP012019_env_s20190104000000_e20190122120000.nc
2019,WP,2,2019-02-18T12:00:00,2019-03-01T00:00:00,TCPRIMED_v01r01-final_WP022019_env_s20190218120000_e20190301000000.nc
2019,WP,3,2019-03-11T18:00:00,2019-03-19T12:00:00,TCPRIMED_v01r01-final_WP032019_env_s20190311180000_e20190319120000.nc
2019,WP,4,2019-06-27T00:00:00,2019-07-01T06:00:00,TCPRIMED_v01r01-final_WP042019_env_s20190627000000_e20190701060000.nc
2019,WP,5,2019-07-01T06:00:00,2019-07-04T12:00:00,TCPRIMED_v01r01-final_WP052019_env_s20190701060000_e20190704120000.nc
2019,WP,6,2019-07-14T12:00:00,2019-07-21T12:00:00,TCPRIMED_v01r01-final_WP062019_env_s20190714120000_e20190721120000.nc
2019,WP,7,2019-07-24T00:00:00,2019-07-27T12:00:00,TCPRIMED_v01r01-final_WP072019_env_s20190724000000_e20190727120000.nc
2019,WP,8,2019-07-29T00:00:00,2019-08-03T18:00:00,TCPRIMED_v01r01-final_WP082019_env_s20190729000000_e20190803180000.nc
2019,WP,9,2019-08-01T06:00:00,2019-08-08T06:00:00,TCPRIMED_v01r01-final_WP092019_env_s20190801060000_e20190808060000.nc
2019,WP,10,2019-08-03T12:00:00,2019-08-11T18:00:00,TCPRIMED_v01r01-final_WP102019_env_s20190803120000_e20190811180000.nc
2019,WP,11,2019-08-04T00:00:00,2019-08-16T06:00:00,TCPRIMED_v01r01-final_WP112019_env_s20190804000000_e20190816060000.nc
2019,WP,12,2019-08-19T00:00:00,2019-08-26T00:00:00,TCPRIMED_v01r01-final_WP122019_env_s20190819000000_e20190826000000.nc
2019,WP,13,2019-08-24T12:00:00,2019-08-31T00:00:00,TCPRIMED_v01r01-final_WP132019_env_s20190824120000_e20190831000000.nc
2019,WP,14,2019-08-30T06:00:00,2019-09-10T18:00:00,TCPRIMED_v01r01-final_WP142019_env_s20190830060000_e20190910180000.nc
2019,WP,15,2019-08-30T12:00:00,2019-09-07T18:00:00,TCPRIMED_v01r01-final_WP152019_env_s20190830120000_e20190907180000.nc
2019,WP,16,2019-08-31T00:00:00,2019-09-03T06:00:00,TCPRIMED_v01r01-final_WP162019_env_s20190831000000_e20190903060000.nc
2019,WP,17,2019-09-12T06:00:00,2019-09-17T06:00:00,TCPRIMED_v01r01-final_WP172019_env_s20190912060000_e20190917060000.nc
2019,WP,18,2019-09-17T00:00:00,2019-09-23T06:00:00,TCPRIMED_v01r01-final_WP182019_env_s20190917000000_e20190923060000.nc
2019,WP,19,2019-09-25T18:00:00,2019-10-04T12:00:00,TCPRIMED_v01r01-final_WP192019_env_s20190925180000_e20191004120000.nc
2019,WP,20,2019-10-04T12:00:00,2019-10-13T12:00:00,TCPRIMED_v01r01-final_WP202019_env_s20191004120000_e20191013120000.nc
2019,WP,21,2019-10-15T00:00:00,2019-10-22T00:00:00,TCPRIMED_v01r01-final_WP212019_env_s20191015000000_e20191022000000.nc
2019,WP,22,2019-10-17T06:00:00,2019-10-25T12:00:00,TCPRIMED_v01r01-final_WP222019_env_s20191017060000_e20191025120000.nc
2019,WP,23,2019-10-28T12:00:00,2019-11-11T00:00:00,TCPRIMED_v01r01-final_WP232019_env_s20191028120000_e20191111000000.nc
2019,WP,24,2019-11-01T12:00:00,2019-11-10T06:00:00,TCPRIMED_v01r01-final_WP242019_env_s20191101120000_e20191110060000.nc
2019,WP,25,2019-11-05T00:00:00,2019-11-11T06:00:00,TCPRIMED_v01r01-final_WP252019_env_s20191105000000_e20191111060000.nc
2019,WP,26,2019-11-09T18:00:00,2019-11-18T12:00:00,TCPRIMED_v01r01-final_WP262019_env_s20191109180000_e20191118120000.nc
2019,WP,27,2019-11-11T12:00:00,2019-11-22T12:00:00,TCPRIMED_v01r01-final_WP272019_env_s20191111120000_e20191122120000.nc
2019,WP,28,2019-11-18T18:00:00,2019-11-23T12:00:00,TCPRIMED_v01r01-final_WP282019_env_s20191118180000_e20191123120000.nc
2019,WP,29,2019-11-25T12:00:00,2019-12-06T00:00:00,TCPRIMED_v01r01-final_WP292019_env_s20191125120000_e20191206000000.nc
2019,WP,30,2019-12-19T12:00:00,2019-12-29T06:00:00,TCPRIMED_v01r01-final_WP302019_env_s20191219120000_e20191229060000.nc
2020,AL,1,2020-05-16T18:00:00,2020-05-21T00:00:00,TCPRIMED_v01r01-final_AL012020_env_s20200516180000_e20200521000000.nc
2020,AL,2,2020-05-27T06:00:00,2020-05-28T12:00:00,TCPRIMED_v01r01-final_AL022020_env_s20200527060000_e20200528120000.nc
2020,AL,3,2020-06-01T18:00:00,2020-06-12T06:00:00,TCPRIMED_v01r01-final_AL032020_env_s20200601180000_e20200612060000.nc
2020,AL,4,2020-06-22T06:00:00,2020-06-25T00:00:00,TCPRIMED_v01r01-final_AL042020_env_s20200622060000_e20200625000000.nc
2020,AL,5,2020-07-04T06:00:00,2020-07-09T12:00:00,TCPRIMED_v01r01-final_AL052020_env_s20200704060000_e20200709120000.nc
2020,AL,6,2020-07-05T12:00:00,2020-07-11T18:00:00,TCPRIMED_v01r01-final_AL062020_env_s20200705120000_e20200711180000.nc
2020,AL,7,2020-07-20T12:00:00,2020-07-25T18:00:00,TCPRIMED_v01r01-final_AL072020_env_s20200720120000_e20200725180000.nc
2020,AL,8,2020-07-23T00:00:00,2020-07-26T18:00:00,TCPRIMED_v01r01-final_AL082020_env_s20200723000000_e20200726180000.nc
2020,AL,9,2020-07-28T12:00:00,2020-08-05T06:00:00,TCPRIMED_v01r01-final_AL092020_env_s20200728120000_e20200805060000.nc
2020,AL,10,2020-07-29T18:00:00,2020-08-02T00:00:00,TCPRIMED_v01r01-final_AL102020_env_s20200729180000_e20200802000000.nc
2020,AL,11,2020-08-10T18:00:00,2020-08-16T12:00:00,TCPRIMED_v01r01-final_AL112020_env_s20200810180000_e20200816120000.nc
2020,AL,12,2020-08-14T12:00:00,2020-08-16T00:00:00,TCPRIMED_v01r01-final_AL122020_env_s20200814120000_e20200816000000.nc
2020,AL,13,2020-08-20T00:00:00,2020-08-29T06:00:00,TCPRIMED_v01r01-final_AL132020_env_s20200820000000_e20200829060000.nc
2020,AL,14,2020-08-20T18:00:00,2020-08-25T18:00:00,TCPRIMED_v01r01-final_AL142020_env_s20200820180000_e20200825180000.nc
2020,AL,15,2020-08-30T18:00:00,2020-09-06T06:00:00,TCPRIMED_v01r01-final_AL152020_env_s20200830180000_e20200906060000.nc
2020,AL,16,2020-09-01T06:00:00,2020-09-04T00:00:00,TCPRIMED_v01r01-final_AL162020_env_s20200901060000_e20200904000000.nc
2020,AL,17,2020-09-07T00:00:00,2020-09-28T12:00:00,TCPRIMED_v01r01-final_AL172020_env_s20200907000000_e20200928120000.nc
2020,AL,18,2020-09-06T18:00:00,2020-09-14T12:00:00,TCPRIMED_v01r01-final_AL182020_env_s20200906180000_e20200914120000.nc
2020,AL,19,2020-09-11T18:00:00,2020-09-18T06:00:00,TCPRIMED_v01r01-final_AL192020_env_s20200911180000_e20200918060000.nc
2020,AL,20,2020-09-12T06:00:00,2020-09-24T06:00:00,TCPRIMED_v01r01-final_AL202020_env_s20200912060000_e20200924060000.nc
2020,AL,21,2020-09-14T00:00:00,2020-09-19T18:00:00,TCPRIMED_v01r01-final_AL212020_env_s20200914000000_e20200919180000.nc
2020,AL,22,2020-09-17T06:00:00,2020-09-25T06:00:00,TCPRIMED_v01r01-final_AL222020_env_s20200917060000_e20200925060000.nc
2020,AL,23,2020-09-17T00:00:00,2020-09-21T00:00:00,TCPRIMED_v01r01-final_AL232020_env_s20200917000000_e20200921000000.nc
2020,AL,24,2020-09-14T12:00:00,2020-09-19T00:00:00,TCPRIMED_v01r01-final_AL242020_env_s20200914120000_e20200919000000.nc
2020,AL,25,2020-10-02T00:00:00,2020-10-06T12:00:00,TCPRIMED_v01r01-final_AL252020_env_s20201002000000_e20201006120000.nc
2020,AL,26,2020-10-04T18:00:00,2020-10-11T18:00:00,TCPRIMED_v01r01-final_AL262020_env_s20201004180000_e20201011180000.nc
2020,AL,27,2020-10-16T12:00:00,2020-10-26T12:00:00,TCPRIMED_v01r01-final_AL272020_env_s20201016120000_e20201026120000.nc
2020,AL,28,2020-10-24T12:00:00,2020-10-30T00:00:00,TCPRIMED_v01r01-final_AL282020_env_s20201024120000_e20201030000000.nc
2020,AL,29,2020-10-31T18:00:00,2020-11-14T00:00:00,TCPRIMED_v01r01-final_AL292020_env_s20201031180000_e20201114000000.nc
2020,AL,30,2020-11-08T12:00:00,2020-11-16T12:00:00,TCPRIMED_v01r01-final_AL302020_env_s20201108120000_e20201116120000.nc
2020,AL,31,2020-11-12T12:00:00,2020-11-18T12:00:00,TCPRIMED_v01r01-final_AL312020_env_s20201112120000_e20201118120000.nc
2020,EP,1,2020-04-25T06:00:00,2020-04-27T12:00:00,TCPRIMED_v01r01-final_EP012020_env_s20200425060000_e20200427120000.nc
2020,EP,2,2020-05-30T18:00:00,2020-05-31T12:00:00,TCPRIMED_v01r01-final_EP022020_env_s20200530180000_e20200531120000.nc
2020,EP,3,2020-06-24T06:00:00,2020-06-30T06:00:00,TCPRIMED_v01r01-final_EP032020_env_s20200624060000_e20200630060000.nc
2020,EP,4,2020-06-29T18:00:00,2020-07-01T06:00:00,TCPRIMED_v01r01-final_EP042020_env_s20200629180000_e20200701060000.nc
2020,EP,5,2020-07-06T18:00:00,2020-07-15T18:00:00,TCPRIMED_v01r01-final_EP052020_env_s20200706180000_e20200715180000.nc
2020,EP,6,2020-07-13T12:00:00,2020-07-14T12:00:00,TCPRIMED_v01r01-final_EP062020_env_s20200713120000_e20200714120000.nc
2020,EP,7,2020-07-19T12:00:00,2020-07-21T18:00:00,TCPRIMED_v01r01-final_EP072020_env_s20200719120000_e20200721180000.nc
2020,EP,8,2020-07-20T00:00:00,2020-07-30T00:00:00,TCPRIMED_v01r01-final_EP082020_env_s20200720000000_e20200730000000.nc
2020,EP,9,2020-08-08T00:00:00,2020-08-14T00:00:00,TCPRIMED_v01r01-final_EP092020_env_s20200808000000_e20200814000000.nc
2020,EP,10,2020-08-12T18:00:00,2020-08-17T18:00:00,TCPRIMED_v01r01-final_EP102020_env_s20200812180000_e20200817180000.nc
2020,EP,11,2020-08-16T00:00:00,2020-08-18T00:00:00,TCPRIMED_v01r01-final_EP112020_env_s20200816000000_e20200818000000.nc
2020,EP,12,2020-08-16T12:00:00,2020-08-22T06:00:00,TCPRIMED_v01r01-final_EP122020_env_s20200816120000_e20200822060000.nc
2020,EP,13,2020-08-25T06:00:00,2020-08-28T18:00:00,TCPRIMED_v01r01-final_EP132020_env_s20200825060000_e20200828180000.nc
2020,EP,14,2020-08-25T18:00:00,2020-08-31T12:00:00,TCPRIMED_v01r01-final_EP142020_env_s20200825180000_e20200831120000.nc
2020,EP,15,2020-09-04T12:00:00,2020-09-07T00:00:00,TCPRIMED_v01r01-final_EP152020_env_s20200904120000_e20200907000000.nc
2020,EP,16,2020-09-12T18:00:00,2020-09-18T06:00:00,TCPRIMED_v01r01-final_EP162020_env_s20200912180000_e20200918060000.nc
2020,EP,17,2020-09-20T18:00:00,2020-09-27T18:00:00,TCPRIMED_v01r01-final_EP172020_env_s20200920180000_e20200927180000.nc
2020,EP,18,2020-09-27T12:00:00,2020-10-10T00:00:00,TCPRIMED_v01r01-final_EP182020_env_s20200927120000_e20201010000000.nc
2020,EP,19,2020-10-04T18:00:00,2020-10-15T06:00:00,TCPRIMED_v01r01-final_EP192020_env_s20201004180000_e20201015060000.nc
2020,EP,20,2020-11-03T18:00:00,2020-11-07T18:00:00,TCPRIMED_v01r01-final_EP202020_env_s20201103180000_e20201107180000.nc
2020,EP,21,2020-11-17T12:00:00,2020-11-21T00:00:00,TCPRIMED_v01r01-final_EP212020_env_s20201117120000_e20201121000000.nc
2020,IO,1,2020-05-15T06:00:00,2020-05-21T06:00:00,TCPRIMED_v01r01-final_IO012020_env_s20200515060000_e20200521060000.nc
2020,IO,2,2020-05-31T18:00:00,2020-06-04T06:00:00,TCPRIMED_v01r01-final_IO022020_env_s20200531180000_e20200604060000.nc
2020,IO,3,2020-11-20T12:00:00,2020-11-24T12:00:00,TCPRIMED_v01r01-final_IO032020_env_s20201120120000_e20201124120000.nc
2020,IO,4,2020-11-22T06:00:00,2020-11-27T12:00:00,TCPRIMED_v01r01-final_IO042020_env_s20201122060000_e20201127120000.nc
2020,IO,5,2020-11-29T12:00:00,2020-12-05T06:00:00,TCPRIMED_v01r01-final_IO052020_env_s20201129120000_e20201205060000.nc
2020,SH,1,2019-11-22T00:00:00,2019-11-29T00:00:00,TCPRIMED_v01r01-final_SH012020_env_s20191122000000_e20191129000000.nc
2020,SH,2,2019-12-03T06:00:00,2019-12-11T06:00:00,TCPRIMED_v01r01-final_SH022020_env_s20191203060000_e20191211060000.nc
2020,SH,3,2019-12-03T06:00:00,2019-12-07T18:00:00,TCPRIMED_v01r01-final_SH032020_env_s20191203060000_e20191207180000.nc
2020,SH,4,2019-12-24T18:00:00,2020-01-02T12:00:00,TCPRIMED_v01r01-final_SH042020_env_s20191224180000_e20200102120000.nc
2020,SH,5,2019-12-17T12:00:00,2020-01-03T18:00:00,TCPRIMED_v01r01-final_SH052020_env_s20191217120000_e20200103180000.nc
2020,SH,6,2020-01-05T00:00:00,2020-01-10T00:00:00,TCPRIMED_v01r01-final_SH062020_env_s20200105000000_e20200110000000.nc
2020,SH,7,2020-01-04T18:00:00,2020-01-19T06:00:00,TCPRIMED_v01r01-final_SH072020_env_s20200104180000_e20200119060000.nc
2020,SH,8,2020-01-15T00:00:00,2020-01-19T18:00:00,TCPRIMED_v01r01-final_SH082020_env_s20200115000000_e20200119180000.nc
2020,SH,9,2020-01-19T06:00:00,2020-01-24T06:00:00,TCPRIMED_v01r01-final_SH092020_env_s20200119060000_e20200124060000.nc
2020,SH,10,2020-01-22T12:00:00,2020-01-29T18:00:00,TCPRIMED_v01r01-final_SH102020_env_s20200122120000_e20200129180000.nc
2020,SH,11,2020-01-22T12:00:00,2020-01-26T12:00:00,TCPRIMED_v01r01-final_SH112020_env_s20200122120000_e20200126120000.nc
2020,SH,12,2020-01-24T06:00:00,2020-01-28T18:00:00,TCPRIMED_v01r01-final_SH122020_env_s20200124060000_e20200128180000.nc
2020,SH,13,2020-02-03T06:00:00,2020-02-15T18:00:00,TCPRIMED_v01r01-final_SH132020_env_s20200203060000_e20200215180000.nc
2020,SH,14,2020-02-03T18:00:00,2020-02-10T00:00:00,TCPRIMED_v01r01-final_SH142020_env_s20200203180000_e20200210000000.nc
2020,SH,15,2020-02-07T18:00:00,2020-02-16T00:00:00,TCPRIMED_v01r01-final_SH152020_env_s20200207180000_e20200216000000.nc
2020,SH,16,2020-02-13T18:00:00,2020-02-19T12:00:00,TCPRIMED_v01r01-final_SH162020_env_s20200213180000_e20200219120000.nc
2020,SH,17,2020-02-20T00:00:00,2020-02-24T06:00:00,TCPRIMED_v01r01-final_SH172020_env_s20200220000000_e20200224060000.nc
2020,SH,18,2020-02-20T12:00:00,2020-02-23T12:00:00,TCPRIMED_v01r01-final_SH182020_env_s20200220120000_e20200223120000.nc
2020,SH,19,2020-02-22T06:00:00,2020-03-01T06:00:00,TCPRIMED_v01r01-final_SH192020_env_s20200222060000_e20200301060000.nc
2020,SH,20,2020-02-22T12:00:00,2020-03-01T00:00:00,TCPRIMED_v01r01-final_SH202020_env_s20200222120000_e20200301000000.nc
2020,SH,21,2020-03-09T06:00:00,2020-03-14T00:00:00,TCPRIMED_v01r01-final_SH212020_env_s20200309060000_e20200314000000.nc
2020,SH,22,2020-03-12T06:00:00,2020-03-20T18:00:00,TCPRIMED_v01r01-final_SH222020_env_s20200312060000_e20200320180000.nc
2020,SH,23,2020-03-13T12:00:00,2020-03-16T18:00:00,TCPRIMED_v01r01-final_SH232020_env_s20200313120000_e20200316180000.nc
2020,SH,24,2020-04-01T00:00:00,2020-04-07T00:00:00,TCPRIMED_v01r01-final_SH242020_env_s20200401000000_e20200407000000.nc
2020,SH,25,2020-04-01T00:00:00,2020-04-10T18:00:00,TCPRIMED_v01r01-final_SH252020_env_s20200401000000_e20200410180000.nc
2020,SH,26,2020-04-13T18:00:00,2020-04-17T18:00:00,TCPRIMED_v01r01-final_SH262020_env_s20200413180000_e20200417180000.nc
2020,SH,27,2020-05-19T06:00:00,2020-05-23T18:00:00,TCPRIMED_v01r01-final_SH272020_env_s20200519060000_e20200523180000.nc
2020,WP,1,2020-05-08T06:00:00,2020-05-17T06:00:00,TCPRIMED_v01r01-final_WP012020_env_s20200508060000_e20200517060000.nc
2020,WP,2,2020-06-08T00:00:00,2020-06-14T12:00:00,TCPRIMED_v01r01-final_WP022020_env_s20200608000000_e20200614120000.nc
2020,WP,3,2020-07-31T06:00:00,2020-08-06T00:00:00,TCPRIMED_v01r01-final_WP032020_env_s20200731060000_e20200806000000.nc
2020,WP,4,2020-07-29T00:00:00,2020-08-02T18:00:00,TCPRIMED_v01r01-final_WP042020_env_s20200729000000_e20200802180000.nc
2020,WP,5,2020-08-08T00:00:00,2020-08-11T00:00:00,TCPRIMED_v01r01-final_WP052020_env_s20200808000000_e20200811000000.nc
2020,WP,6,2020-08-09T00:00:00,2020-08-12T18:00:00,TCPRIMED_v01r01-final_WP062020_env_s20200809000000_e20200812180000.nc
2020,WP,7,2020-08-08T12:00:00,2020-08-12T00:00:00,TCPRIMED_v01r01-final_WP072020_env_s20200808120000_e20200812000000.nc
2020,WP,8,2020-08-16T06:00:00,2020-08-19T12:00:00,TCPRIMED_v01r01-final_WP082020_env_s20200816060000_e20200819120000.nc
2020,WP,9,2020-08-21T00:00:00,2020-08-27T12:00:00,TCPRIMED_v01r01-final_WP092020_env_s20200821000000_e20200827120000.nc
2020,WP,10,2020-08-26T00:00:00,2020-09-03T12:00:00,TCPRIMED_v01r01-final_WP102020_env_s20200826000000_e20200903120000.nc
2020,WP,11,2020-08-31T06:00:00,2020-09-07T18:00:00,TCPRIMED_v01r01-final_WP112020_env_s20200831060000_e20200907180000.nc
2020,WP,12,2020-09-10T06:00:00,2020-09-12T06:00:00,TCPRIMED_v01r01-final_WP122020_env_s20200910060000_e20200912060000.nc
2020,WP,13,2020-09-14T00:00:00,2020-09-18T18:00:00,TCPRIMED_v01r01-final_WP132020_env_s20200914000000_e20200918180000.nc
2020,WP,14,2020-09-19T06:00:00,2020-09-24T06:00:00,TCPRIMED_v01r01-final_WP142020_env_s20200919060000_e20200924060000.nc
2020,WP,15,2020-09-26T06:00:00,2020-09-30T12:00:00,TCPRIMED_v01r01-final_WP152020_env_s20200926060000_e20200930120000.nc
2020,WP,16,2020-10-03T06:00:00,2020-10-13T06:00:00,TCPRIMED_v01r01-final_WP162020_env_s20201003060000_e20201013060000.nc
2020,WP,17,2020-10-08T18:00:00,2020-10-11T12:00:00,TCPRIMED_v01r01-final_WP172020_env_s20201008180000_e20201011120000.nc
2020,WP,18,2020-10-11T00:00:00,2020-10-14T12:00:00,TCPRIMED_v01r01-final_WP182020_env_s20201011000000_e20201014120000.nc
2020,WP,19,2020-10-16T12:00:00,2020-10-26T06:00:00,TCPRIMED_v01r01-final_WP192020_env_s20201016120000_e20201026060000.nc
2020,WP,20,2020-10-19T06:00:00,2020-10-22T18:00:00,TCPRIMED_v01r01-final_WP202020_env_s20201019060000_e20201022180000.nc
2020,WP,21,2020-10-21T18:00:00,2020-10-29T00:00:00,TCPRIMED_v01r01-final_WP212020_env_s20201021180000_e20201029000000.nc
2020,WP,22,2020-10-25T06:00:00,2020-11-06T06:00:00,TCPRIMED_v01r01-final_WP222020_env_s20201025060000_e20201106060000.nc
2020,WP,23,2020-10-31T12:00:00,2020-11-07T06:00:00,TCPRIMED_v01r01-final_WP232020_env_s20201031120000_e20201107060000.nc
2020,WP,24,2020-11-06T18:00:00,2020-11-11T00:00:00,TCPRIMED_v01r01-final_WP242020_env_s20201106180000_e20201111000000.nc
2020,WP,25,2020-11-08T06:00:00,2020-11-16T00:00:00,TCPRIMED_v01r01-final_WP252020_env_s20201108060000_e20201116000000.nc
2020,WP,26,2020-12-17T12:00:00,2020-12-25T12:00:00,TCPRIMED_v01r01-final_WP262020_env_s20201217120000_e20201225120000.nc
2021,AL,1,2021-05-20T00:00:00,2021-05-24T00:00:00,TCPRIMED_v01r01-final_AL012021_env_s20210520000000_e20210524000000.nc
2021,AL,2,2021-06-13T18:00:00,2021-06-16T00:00:00,TCPRIMED_v01r01-final_AL022021_env_s20210613180000_e20210616000000.nc
2021,AL,3,2021-06-17T18:00:00,2021-06-23T00:00:00,TCPRIMED_v01r01-final_AL032021_env_s20210617180000_e20210623000000.nc
2021,AL,4,2021-06-27T18:00:00,2021-06-29T00:00:00,TCPRIMED_v01r01-final_AL042021_env_s20210627180000_e20210629000000.nc
2021,AL,5,2021-06-30T18:00:00,2021-07-10T06:00:00,TCPRIMED_v01r01-final_AL052021_env_s20210630180000_e20210710060000.nc
2021,AL,6,2021-08-09T18:00:00,2021-08-20T06:00:00,TCPRIMED_v01r01-final_AL062021_env_s20210809180000_e20210820060000.nc
2021,AL,7,2021-08-13T06:00:00,2021-08-21T12:00:00,TCPRIMED_v01r01-final_AL072021_env_s20210813060000_e20210821120000.nc
2021,AL,8,2021-08-15T00:00:00,2021-08-24T18:00:00,TCPRIMED_v01r01-final_AL082021_env_s20210815000000_e20210824180000.nc
2021,AL,9,2021-08-26T12:00:00,2021-09-04T18:00:00,TCPRIMED_v01r01-final_AL092021_env_s20210826120000_e20210904180000.nc
2021,AL,10,2021-08-27T12:00:00,2021-09-01T12:00:00,TCPRIMED_v01r01-final_AL102021_env_s20210827120000_e20210901120000.nc
2021,AL,11,2021-08-28T12:00:00,2021-08-31T12:00:00,TCPRIMED_v01r01-final_AL112021_env_s20210828120000_e20210831120000.nc
2021,AL,12,2021-08-31T18:00:00,2021-09-11T18:00:00,TCPRIMED_v01r01-final_AL122021_env_s20210831180000_e20210911180000.nc
2021,AL,13,2021-09-08T18:00:00,2021-09-10T18:00:00,TCPRIMED_v01r01-final_AL132021_env_s20210908180000_e20210910180000.nc
2021,AL,14,2021-09-12T12:00:00,2021-09-17T06:00:00,TCPRIMED_v01r01-final_AL142021_env_s20210912120000_e20210917060000.nc
2021,AL,15,2021-09-16T06:00:00,2021-09-26T18:00:00,TCPRIMED_v01r01-final_AL152021_env_s20210916060000_e20210926180000.nc
2021,AL,16,2021-09-19T00:00:00,2021-09-22T18:00:00,TCPRIMED_v01r01-final_AL162021_env_s20210919000000_e20210922180000.nc
2021,AL,17,2021-09-19T00:00:00,2021-09-24T06:00:00,TCPRIMED_v01r01-final_AL172021_env_s20210919000000_e20210924060000.nc
2021,AL,18,2021-09-22T18:00:00,2021-10-07T06:00:00,TCPRIMED_v01r01-final_AL182021_env_s20210922180000_e20211007060000.nc
2021,AL,19,2021-09-24T06:00:00,2021-09-26T12:00:00,TCPRIMED_v01r01-final_AL192021_env_s20210924060000_e20210926120000.nc
2021,AL,20,2021-09-29T00:00:00,2021-10-04T06:00:00,TCPRIMED_v01r01-final_AL202021_env_s20210929000000_e20211004060000.nc
2021,AL,21,2021-10-25T18:00:00,2021-11-08T00:00:00,TCPRIMED_v01r01-final_AL212021_env_s20211025180000_e20211108000000.nc
2021,EP,1,2021-05-08T12:00:00,2021-05-12T12:00:00,TCPRIMED_v01r01-final_EP012021_env_s20210508120000_e20210512120000.nc
2021,EP,2,2021-05-30T12:00:00,2021-06-05T12:00:00,TCPRIMED_v01r01-final_EP022021_env_s20210530120000_e20210605120000.nc
2021,EP,3,2021-06-12T00:00:00,2021-06-17T00:00:00,TCPRIMED_v01r01-final_EP032021_env_s20210612000000_e20210617000000.nc
2021,EP,4,2021-06-17T18:00:00,2021-06-20T00:00:00,TCPRIMED_v01r01-final_EP042021_env_s20210617180000_e20210620000000.nc
2021,EP,5,2021-06-25T06:00:00,2021-06-30T12:00:00,TCPRIMED_v01r01-final_EP052021_env_s20210625060000_e20210630120000.nc
2021,EP,6,2021-07-14T00:00:00,2021-07-22T12:00:00,TCPRIMED_v01r01-final_EP062021_env_s20210714000000_e20210722120000.nc
2021,EP,7,2021-07-17T00:00:00,2021-07-21T00:00:00,TCPRIMED_v01r01-final_EP072021_env_s20210717000000_e20210721000000.nc
2021,EP,8,2021-07-30T12:00:00,2021-08-07T00:00:00,TCPRIMED_v01r01-final_EP082021_env_s20210730120000_e20210807000000.nc
2021,EP,9,2021-07-26T18:00:00,2021-08-07T00:00:00,TCPRIMED_v01r01-final_EP092021_env_s20210726180000_e20210807000000.nc
2021,EP,10,2021-07-31T18:00:00,2021-08-04T06:00:00,TCPRIMED_v01r01-final_EP102021_env_s20210731180000_e20210804060000.nc
2021,EP,11,2021-08-06T12:00:00,2021-08-15T18:00:00,TCPRIMED_v01r01-final_EP112021_env_s20210806120000_e20210815180000.nc
2021,EP,12,2021-08-09T12:00:00,2021-08-24T06:00:00,TCPRIMED_v01r01-final_EP122021_env_s20210809120000_e20210824060000.nc
2021,EP,13,2021-08-23T00:00:00,2021-08-27T06:00:00,TCPRIMED_v01r01-final_EP132021_env_s20210823000000_e20210827060000.nc
2021,EP,14,2021-08-24T06:00:00,2021-08-30T12:00:00,TCPRIMED_v01r01-final_EP142021_env_s20210824060000_e20210830120000.nc
2021,EP,15,2021-09-06T18:00:00,2021-09-12T00:00:00,TCPRIMED_v01r01-final_EP152021_env_s20210906180000_e20210912000000.nc
2021,EP,16,2021-10-10T06:00:00,2021-10-13T18:00:00,TCPRIMED_v01r01-final_EP162021_env_s20211010060000_e20211013180000.nc
2021,EP,17,2021-10-22T12:00:00,2021-10-25T18:00:00,TCPRIMED_v01r01-final_EP172021_env_s20211022120000_e20211025180000.nc
2021,EP,18,2021-11-02T18:00:00,2021-11-10T12:00:00,TCPRIMED_v01r01-final_EP182021_env_s20211102180000_e20211110120000.nc
2021,EP,19,2021-11-07T06:00:00,2021-11-10T00:00:00,TCPRIMED_v01r01-final_EP192021_env_s20211107060000_e20211110000000.nc
2021,IO,1,2021-05-13T06:00:00,2021-05-19T00:00:00,TCPRIMED_v01r01-final_IO012021_env_s20210513060000_e20210519000000.nc
2021,IO,2,2021-05-23T00:00:00,2021-05-27T06:00:00,TCPRIMED_v01r01-final_IO022021_env_s20210523000000_e20210527060000.nc
2021,IO,3,2021-09-23T18:00:00,2021-10-04T06:00:00,TCPRIMED_v01r01-final_IO032021_env_s20210923180000_e20211004060000.nc
2021,IO,4,2021-11-08T06:00:00,2021-11-11T18:00:00,TCPRIMED_v01r01-final_IO042021_env_s20211108060000_e20211111180000.nc
2021,IO,5,2021-11-30T18:00:00,2021-12-06T06:00:00,TCPRIMED_v01r01-final_IO052021_env_s20211130180000_e20211206060000.nc
2021,SH,1,2020-11-11T12:00:00,2020-11-20T06:00:00,TCPRIMED_v01r01-final_SH012021_env_s20201111120000_e20201120060000.nc
2021,SH,2,2020-11-26T12:00:00,2020-12-12T00:00:00,TCPRIMED_v01r01-final_SH022021_env_s20201126120000_e20201212000000.nc
2021,SH,3,2020-12-05T12:00:00,2020-12-12T00:00:00,TCPRIMED_v01r01-final_SH032021_env_s20201205120000_e20201212000000.nc
2021,SH,4,2020-12-09T18:00:00,2020-12-12T18:00:00,TCPRIMED_v01r01-final_SH042021_env_s20201209180000_e20201212180000.nc
2021,SH,5,2020-12-11T06:00:00,2020-12-21T06:00:00,TCPRIMED_v01r01-final_SH052021_env_s20201211060000_e20201221060000.nc
2021,SH,6,2020-12-12T06:00:00,2020-12-16T12:00:00,TCPRIMED_v01r01-final_SH062021_env_s20201212060000_e20201216120000.nc
2021,SH,7,2020-12-21T18:00:00,2020-12-31T06:00:00,TCPRIMED_v01r01-final_SH072021_env_s20201221180000_e20201231060000.nc
2021,SH,8,2020-12-30T12:00:00,2021-01-12T12:00:00,TCPRIMED_v01r01-final_SH082021_env_s20201230120000_e20210112120000.nc
2021,SH,9,2021-01-02T06:00:00,2021-01-04T06:00:00,TCPRIMED_v01r01-final_SH092021_env_s20210102060000_e20210104060000.nc
2021,SH,10,2021-01-13T00:00:00,2021-01-19T18:00:00,TCPRIMED_v01r01-final_SH102021_env_s20210113000000_e20210119180000.nc
2021,SH,11,2021-01-15T18:00:00,2021-01-19T12:00:00,TCPRIMED_v01r01-final_SH112021_env_s20210115180000_e20210119120000.nc
2021,SH,12,2021-01-11T18:00:00,2021-01-24T00:00:00,TCPRIMED_v01r01-final_SH122021_env_s20210111180000_e20210124000000.nc
2021,SH,13,2021-01-20T00:00:00,2021-02-02T06:00:00,TCPRIMED_v01r01-final_SH132021_env_s20210120000000_e20210202060000.nc
2021,SH,14,2021-01-19T00:00:00,2021-01-23T06:00:00,TCPRIMED_v01r01-final_SH142021_env_s20210119000000_e20210123060000.nc
2021,SH,15,2021-01-28T12:00:00,2021-02-03T06:00:00,TCPRIMED_v01r01-final_SH152021_env_s20210128120000_e20210203060000.nc
2021,SH,16,2021-01-29T00:00:00,2021-02-01T06:00:00,TCPRIMED_v01r01-final_SH162021_env_s20210129000000_e20210201060000.nc
2021,SH,17,2021-01-25T00:00:00,2021-02-04T00:00:00,TCPRIMED_v01r01-final_SH172021_env_s20210125000000_e20210204000000.nc
2021,SH,18,2021-01-28T18:00:00,2021-02-06T12:00:00,TCPRIMED_v01r01-final_SH182021_env_s20210128180000_e20210206120000.nc
2021,SH,19,2021-02-04T00:00:00,2021-02-16T06:00:00,TCPRIMED_v01r01-final_SH192021_env_s20210204000000_e20210216060000.nc
2021,SH,20,2021-02-07T06:00:00,2021-02-12T00:00:00,TCPRIMED_v01r01-final_SH202021_env_s20210207060000_e20210212000000.nc
2021,SH,21,2021-02-14T00:00:00,2021-02-22T06:00:00,TCPRIMED_v01r01-final_SH212021_env_s20210214000000_e20210222060000.nc
2021,SH,22,2021-02-24T12:00:00,2021-03-07T12:00:00,TCPRIMED_v01r01-final_SH222021_env_s20210224120000_e20210307120000.nc
2021,SH,23,2021-02-27T06:00:00,2021-03-07T06:00:00,TCPRIMED_v01r01-final_SH232021_env_s20210227060000_e20210307060000.nc
2021,SH,24,2021-03-03T00:00:00,2021-03-17T00:00:00,TCPRIMED_v01r01-final_SH242021_env_s20210303000000_e20210317000000.nc
2021,SH,25,2021-03-04T00:00:00,2021-03-09T00:00:00,TCPRIMED_v01r01-final_SH252021_env_s20210304000000_e20210309000000.nc
2021,SH,26,2021-04-03T06:00:00,2021-04-12T00:00:00,TCPRIMED_v01r01-final_SH262021_env_s20210403060000_e20210412000000.nc
2021,SH,27,2021-04-03T18:00:00,2021-04-10T06:00:00,TCPRIMED_v01r01-final_SH272021_env_s20210403180000_e20210410060000.nc
2021,SH,28,2021-04-09T06:00:00,2021-04-12T06:00:00,TCPRIMED_v01r01-final_SH282021_env_s20210409060000_e20210412060000.nc
2021,SH,29,2021-04-17T18:00:00,2021-04-24T18:00:00,TCPRIMED_v01r01-final_SH292021_env_s20210417180000_e20210424180000.nc
2021,WP,1,2021-02-14T12:00:00,2021-02-22T06:00:00,TCPRIMED_v01r01-final_WP012021_env_s20210214120000_e20210222060000.nc
2021,WP,2,2021-04-11T12:00:00,2021-04-25T06:00:00,TCPRIMED_v01r01-final_WP022021_env_s20210411120000_e20210425060000.nc
2021,WP,3,2021-05-11T18:00:00,2021-05-14T12:00:00,TCPRIMED_v01r01-final_WP032021_env_s20210511180000_e20210514120000.nc
2021,WP,4,2021-05-28T00:00:00,2021-06-05T12:00:00,TCPRIMED_v01r01-final_WP042021_env_s20210528000000_e20210605120000.nc
2021,WP,5,2021-06-10T06:00:00,2021-06-13T06:00:00,TCPRIMED_v01r01-final_WP052021_env_s20210610060000_e20210613060000.nc
2021,WP,6,2021-06-19T18:00:00,2021-06-27T18:00:00,TCPRIMED_v01r01-final_WP062021_env_s20210619180000_e20210627180000.nc
2021,WP,7,2021-07-04T12:00:00,2021-07-05T18:00:00,TCPRIMED_v01r01-final_WP072021_env_s20210704120000_e20210705180000.nc
2021,WP,8,2021-07-03T18:00:00,2021-07-08T00:00:00,TCPRIMED_v01r01-final_WP082021_env_s20210703180000_e20210708000000.nc
2021,WP,9,2021-07-16T00:00:00,2021-07-30T00:00:00,TCPRIMED_v01r01-final_WP092021_env_s20210716000000_e20210730000000.nc
2021,WP,10,2021-07-17T06:00:00,2021-07-24T06:00:00,TCPRIMED_v01r01-final_WP102021_env_s20210717060000_e20210724060000.nc
2021,WP,11,2021-07-22T12:00:00,2021-07-29T06:00:00,TCPRIMED_v01r01-final_WP112021_env_s20210722120000_e20210729060000.nc
2021,WP,12,2021-08-01T18:00:00,2021-08-06T06:00:00,TCPRIMED_v01r01-final_WP122021_env_s20210801180000_e20210806060000.nc
2021,WP,13,2021-08-02T06:00:00,2021-08-10T06:00:00,TCPRIMED_v01r01-final_WP132021_env_s20210802060000_e20210810060000.nc
2021,WP,14,2021-08-03T18:00:00,2021-08-10T00:00:00,TCPRIMED_v01r01-final_WP142021_env_s20210803180000_e20210810000000.nc
2021,WP,15,2021-08-03T12:00:00,2021-08-08T00:00:00,TCPRIMED_v01r01-final_WP152021_env_s20210803120000_e20210808000000.nc
2021,WP,16,2021-08-07T00:00:00,2021-08-24T00:00:00,TCPRIMED_v01r01-final_WP162021_env_s20210807000000_e20210824000000.nc
2021,WP,17,2021-09-01T00:00:00,2021-09-04T00:00:00,TCPRIMED_v01r01-final_WP172021_env_s20210901000000_e20210904000000.nc
2021,WP,18,2021-09-05T00:00:00,2021-09-13T12:00:00,TCPRIMED_v01r01-final_WP182021_env_s20210905000000_e20210913120000.nc
2021,WP,19,2021-09-05T18:00:00,2021-09-18T06:00:00,TCPRIMED_v01r01-final_WP192021_env_s20210905180000_e20210918060000.nc
2021,WP,20,2021-09-22T06:00:00,2021-10-02T06:00:00,TCPRIMED_v01r01-final_WP202021_env_s20210922060000_e20211002060000.nc
2021,WP,21,2021-09-21T00:00:00,2021-09-24T12:00:00,TCPRIMED_v01r01-final_WP212021_env_s20210921000000_e20210924120000.nc
2021,WP,22,2021-10-02T18:00:00,2021-10-10T12:00:00,TCPRIMED_v01r01-final_WP222021_env_s20211002180000_e20211010120000.nc
2021,WP,23,2021-10-08T18:00:00,2021-10-18T00:00:00,TCPRIMED_v01r01-final_WP232021_env_s20211008180000_e20211018000000.nc
2021,WP,24,2021-10-09T00:00:00,2021-10-14T06:00:00,TCPRIMED_v01r01-final_WP242021_env_s20211009000000_e20211014060000.nc
2021,WP,25,2021-10-22T06:00:00,2021-10-29T18:00:00,TCPRIMED_v01r01-final_WP252021_env_s20211022060000_e20211029180000.nc
2021,WP,26,2021-10-22T12:00:00,2021-10-27T06:00:00,TCPRIMED_v01r01-final_WP262021_env_s20211022120000_e20211027060000.nc
2021,WP,27,2021-11-28T12:00:00,2021-12-04T00:00:00,TCPRIMED_v01r01-final_WP272021_env_s20211128120000_e20211204000000.nc
2021,WP,28,2021-12-11T12:00:00,2021-12-21T12:00:00,TCPRIMED_v01r01-final_WP282021_env_s20211211120000_e20211221120000.nc
2021,WP,29,2021-12-15T00:00:00,2021-12-17T06:00:00,TCPRIMED_v01r01-final_WP292021_env_s20211215000000_e20211217060000.nc
2022,AL,1,2022-06-02T18:00:00,2022-06-06T18:00:00,TCPRIMED_v01r01-final_AL012022_env_s20220602180000_e20220606180000.nc
2022,AL,2,2022-06-27T18:00:00,2022-07-11T00:00:00,TCPRIMED_v01r01-final_AL022022_env_s20220627180000_e20220711000000.nc
2022,AL,3,2022-07-01T18:00:00,2022-07-02T18:00:00,TCPRIMED_v01r01-final_AL032022_env_s20220701180000_e20220702180000.nc
2022,AL,4,2022-08-19T18:00:00,2022-08-21T00:00:00,TCPRIMED_v01r01-final_AL042022_env_s20220819180000_e20220821000000.nc
2022,AL,5,2022-08-31T12:00:00,2022-09-15T18:00:00,TCPRIMED_v01r01-final_AL052022_env_s20220831120000_e20220915180000.nc
2022,AL,6,2022-09-02T18:00:00,2022-09-15T12:00:00,TCPRIMED_v01r01-final_AL062022_env_s20220902180000_e20220915120000.nc
2022,AL,7,2022-09-14T06:00:00,2022-09-27T18:00:00,TCPRIMED_v01r01-final_AL072022_env_s20220914060000_e20220927180000.nc
2022,AL,8,2022-09-19T12:00:00,2022-09-27T18:00:00,TCPRIMED_v01r01-final_AL082022_env_s20220919120000_e20220927180000.nc
2022,AL,9,2022-09-22T18:00:00,2022-10-01T06:00:00,TCPRIMED_v01r01-final_AL092022_env_s20220922180000_e20221001060000.nc
2022,AL,10,2022-09-23T06:00:00,2022-09-26T00:00:00,TCPRIMED_v01r01-final_AL102022_env_s20220923060000_e20220926000000.nc
2022,AL,11,2022-09-26T18:00:00,2022-09-29T12:00:00,TCPRIMED_v01r01-final_AL112022_env_s20220926180000_e20220929120000.nc
2022,AL,12,2022-10-04T12:00:00,2022-10-06T18:00:00,TCPRIMED_v01r01-final_AL122022_env_s20221004120000_e20221006180000.nc
2022,AL,13,2022-10-06T12:00:00,2022-10-10T12:00:00,TCPRIMED_v01r01-final_AL132022_env_s20221006120000_e20221010120000.nc
2022,AL,14,2022-10-11T12:00:00,2022-10-15T18:00:00,TCPRIMED_v01r01-final_AL142022_env_s20221011120000_e20221015180000.nc
2022,AL,15,2022-10-30T18:00:00,2022-11-05T06:00:00,TCPRIMED_v01r01-final_AL152022_env_s20221030180000_e20221105060000.nc
2022,AL,16,2022-10-30T18:00:00,2022-11-04T18:00:00,TCPRIMED_v01r01-final_AL162022_env_s20221030180000_e20221104180000.nc
2022,AL,17,2022-11-06T12:00:00,2022-11-11T18:00:00,TCPRIMED_v01r01-final_AL172022_env_s20221106120000_e20221111180000.nc
2022,EP,1,2022-05-27T18:00:00,2022-06-01T06:00:00,TCPRIMED_v01r01-final_EP012022_env_s20220527180000_e20220601060000.nc
2022,EP,2,2022-06-14T06:00:00,2022-06-22T18:00:00,TCPRIMED_v01r01-final_EP022022_env_s20220614060000_e20220622180000.nc
2022,EP,3,2022-06-16T00:00:00,2022-06-30T12:00:00,TCPRIMED_v01r01-final_EP032022_env_s20220616000000_e20220630120000.nc
2022,EP,4,2022-06-27T18:00:00,2022-07-11T00:00:00,TCPRIMED_v01r01-final_EP042022_env_s20220627180000_e20220711000000.nc
2022,EP,5,2022-07-09T12:00:00,2022-07-17T00:00:00,TCPRIMED_v01r01-final_EP052022_env_s20220709120000_e20220717000000.nc
2022,EP,6,2022-07-15T12:00:00,2022-07-24T00:00:00,TCPRIMED_v01r01-final_EP062022_env_s20220715120000_e20220724000000.nc
2022,EP,7,2022-07-25T12:00:00,2022-08-04T00:00:00,TCPRIMED_v01r01-final_EP072022_env_s20220725120000_e20220804000000.nc
2022,EP,8,2022-07-27T12:00:00,2022-08-05T12:00:00,TCPRIMED_v01r01-final_EP082022_env_s20220727120000_e20220805120000.nc
2022,EP,9,2022-08-06T12:00:00,2022-08-13T00:00:00,TCPRIMED_v01r01-final_EP092022_env_s20220806120000_e20220813000000.nc
2022,EP,10,2022-08-12T12:00:00,2022-08-22T18:00:00,TCPRIMED_v01r01-final_EP102022_env_s20220812120000_e20220822180000.nc
2022,EP,11,2022-08-31T12:00:00,2022-09-07T00:00:00,TCPRIMED_v01r01-final_EP112022_env_s20220831120000_e20220907000000.nc
2022,EP,12,2022-09-04T12:00:00,2022-09-13T00:00:00,TCPRIMED_v01r01-final_EP122022_env_s20220904120000_e20220913000000.nc
2022,EP,13,2022-09-15T12:00:00,2022-09-17T12:00:00,TCPRIMED_v01r01-final_EP132022_env_s20220915120000_e20220917120000.nc
2022,EP,14,2022-09-11T12:00:00,2022-09-25T00:00:00,TCPRIMED_v01r01-final_EP142022_env_s20220911120000_e20220925000000.nc
2022,EP,15,2022-09-21T12:00:00,2022-09-29T00:00:00,TCPRIMED_v01r01-final_EP152022_env_s20220921120000_e20220929000000.nc
2022,EP,16,2022-09-28T18:00:00,2022-10-03T18:00:00,TCPRIMED_v01r01-final_EP162022_env_s20220928180000_e20221003180000.nc
2022,EP,17,2022-10-03T06:00:00,2022-10-07T12:00:00,TCPRIMED_v01r01-final_EP172022_env_s20221003060000_e20221007120000.nc
2022,EP,18,2022-10-06T12:00:00,2022-10-10T12:00:00,TCPRIMED_v01r01-final_EP182022_env_s20221006120000_e20221010120000.nc
2022,EP,19,2022-10-20T00:00:00,2022-10-24T00:00:00,TCPRIMED_v01r01-final_EP192022_env_s20221020000000_e20221024000000.nc
2022,IO,1,2022-03-03T00:00:00,2022-03-06T18:00:00,TCPRIMED_v01r01-final_IO012022_env_s20220303000000_e20220306180000.nc
2022,IO,2,2022-05-05T12:00:00,2022-05-13T06:00:00,TCPRIMED_v01r01-final_IO022022_env_s20220505120000_e20220513060000.nc
2022,IO,3,2022-08-11T18:00:00,2022-08-14T00:00:00,TCPRIMED_v01r01-final_IO032022_env_s20220811180000_e20220814000000.nc
2022,IO,4,2022-08-17T12:00:00,2022-08-20T06:00:00,TCPRIMED_v01r01-final_IO042022_env_s20220817120000_e20220820060000.nc
2022,IO,5,2022-10-21T18:00:00,2022-10-24T18:00:00,TCPRIMED_v01r01-final_IO052022_env_s20221021180000_e20221024180000.nc
2022,IO,6,2022-12-04T00:00:00,2022-12-10T12:00:00,TCPRIMED_v01r01-final_IO062022_env_s20221204000000_e20221210120000.nc
2022,IO,7,2022-12-12T12:00:00,2022-12-19T00:00:00,TCPRIMED_v01r01-final_IO072022_env_s20221212120000_e20221219000000.nc
2022,SH,1,2021-11-19T12:00:00,2021-11-25T06:00:00,TCPRIMED_v01r01-final_SH012022_env_s20211119120000_e20211125060000.nc
2022,SH,2,2021-11-29T12:00:00,2021-12-10T12:00:00,TCPRIMED_v01r01-final_SH022022_env_s20211129120000_e20211210120000.nc
2022,SH,3,2021-12-08T18:00:00,2021-12-15T18:00:00,TCPRIMED_v01r01-final_SH032022_env_s20211208180000_e20211215180000.nc
2022,SH,4,2021-12-24T00:00:00,2022-01-02T12:00:00,TCPRIMED_v01r01-final_SH042022_env_s20211224000000_e20220102120000.nc
2022,SH,5,2022-01-07T12:00:00,2022-01-15T12:00:00,TCPRIMED_v01r01-final_SH052022_env_s20220107120000_e20220115120000.nc
2022,SH,6,2022-01-08T00:00:00,2022-01-15T06:00:00,TCPRIMED_v01r01-final_SH062022_env_s20220108000000_e20220115060000.nc
2022,SH,7,2022-01-20T00:00:00,2022-01-25T06:00:00,TCPRIMED_v01r01-final_SH072022_env_s20220120000000_e20220125060000.nc
2022,SH,8,2022-01-25T06:00:00,2022-02-09T12:00:00,TCPRIMED_v01r01-final_SH082022_env_s20220125060000_e20220209120000.nc
2022,SH,9,2022-01-29T18:00:00,2022-02-04T00:00:00,TCPRIMED_v01r01-final_SH092022_env_s20220129180000_e20220204000000.nc
2022,SH,10,2022-02-02T18:00:00,2022-02-07T18:00:00,TCPRIMED_v01r01-final_SH102022_env_s20220202180000_e20220207180000.nc
2022,SH,11,2022-02-07T00:00:00,2022-02-12T12:00:00,TCPRIMED_v01r01-final_SH112022_env_s20220207000000_e20220212120000.nc
2022,SH,12,2022-02-11T06:00:00,2022-02-16T00:00:00,TCPRIMED_v01r01-final_SH122022_env_s20220211060000_e20220216000000.nc
2022,SH,13,2022-02-15T12:00:00,2022-02-25T00:00:00,TCPRIMED_v01r01-final_SH132022_env_s20220215120000_e20220225000000.nc
2022,SH,14,2022-02-24T00:00:00,2022-03-05T18:00:00,TCPRIMED_v01r01-final_SH142022_env_s20220224000000_e20220305180000.nc
2022,SH,15,2022-02-23T18:00:00,2022-03-03T18:00:00,TCPRIMED_v01r01-final_SH152022_env_s20220223180000_e20220303180000.nc
2022,SH,16,2022-02-25T00:00:00,2022-02-27T18:00:00,TCPRIMED_v01r01-final_SH162022_env_s20220225000000_e20220227180000.nc
2022,SH,17,2022-02-27T12:00:00,2022-03-03T12:00:00,TCPRIMED_v01r01-final_SH172022_env_s20220227120000_e20220303120000.nc
2022,SH,18,2022-02-26T18:00:00,2022-03-06T12:00:00,TCPRIMED_v01r01-final_SH182022_env_s20220226180000_e20220306120000.nc
2022,SH,19,2022-03-06T00:00:00,2022-03-12T06:00:00,TCPRIMED_v01r01-final_SH192022_env_s20220306000000_e20220312060000.nc
2022,SH,20,2022-03-13T00:00:00,2022-03-17T18:00:00,TCPRIMED_v01r01-final_SH202022_env_s20220313000000_e20220317180000.nc
2022,SH,21,2022-03-17T00:00:00,2022-03-26T18:00:00,TCPRIMED_v01r01-final_SH212022_env_s20220317000000_e20220326180000.nc
2022,SH,22,2022-03-22T18:00:00,2022-04-03T12:00:00,TCPRIMED_v01r01-final_SH222022_env_s20220322180000_e20220403120000.nc
2022,SH,23,2022-04-03T18:00:00,2022-04-09T00:00:00,TCPRIMED_v01r01-final_SH232022_env_s20220403180000_e20220409000000.nc
2022,SH,24,2022-04-20T06:00:00,2022-05-01T06:00:00,TCPRIMED_v01r01-final_SH242022_env_s20220420060000_e20220501060000.nc
2022,SH,25,2022-05-06T18:00:00,2022-05-11T18:00:00,TCPRIMED_v01r01-final_SH252022_env_s20220506180000_e20220511180000.nc
2022,SH,26,2022-05-16T12:00:00,2022-05-22T18:00:00,TCPRIMED_v01r01-final_SH262022_env_s20220516120000_e20220522180000.nc
2022,WP,1,2022-03-29T00:00:00,2022-04-01T06:00:00,TCPRIMED_v01r01-final_WP012022_env_s20220329000000_e20220401060000.nc
2022,WP,2,2022-04-06T18:00:00,2022-04-15T12:00:00,TCPRIMED_v01r01-final_WP022022_env_s20220406180000_e20220415120000.nc
2022,WP,3,2022-04-08T12:00:00,2022-04-13T06:00:00,TCPRIMED_v01r01-final_WP032022_env_s20220408120000_e20220413060000.nc
2022,WP,4,2022-06-29T00:00:00,2022-07-04T12:00:00,TCPRIMED_v01r01-final_WP042022_env_s20220629000000_e20220704120000.nc
2022,WP,5,2022-06-29T00:00:00,2022-07-11T00:00:00,TCPRIMED_v01r01-final_WP052022_env_s20220629000000_e20220711000000.nc
2022,WP,6,2022-07-29T18:00:00,2022-08-01T06:00:00,TCPRIMED_v01r01-final_WP062022_env_s20220729180000_e20220801060000.nc
2022,WP,7,2022-07-30T00:00:00,2022-08-01T12:00:00,TCPRIMED_v01r01-final_WP072022_env_s20220730000000_e20220801120000.nc
2022,WP,8,2022-08-03T06:00:00,2022-08-04T12:00:00,TCPRIMED_v01r01-final_WP082022_env_s20220803060000_e20220804120000.nc
2022,WP,9,2022-08-09T18:00:00,2022-08-14T06:00:00,TCPRIMED_v01r01-final_WP092022_env_s20220809180000_e20220814060000.nc
2022,WP,10,2022-08-20T00:00:00,2022-08-25T18:00:00,TCPRIMED_v01r01-final_WP102022_env_s20220820000000_e20220825180000.nc
2022,WP,11,2022-08-21T12:00:00,2022-08-26T06:00:00,TCPRIMED_v01r01-final_WP112022_env_s20220821120000_e20220826060000.nc
2022,WP,12,2022-08-27T00:00:00,2022-09-06T12:00:00,TCPRIMED_v01r01-final_WP122022_env_s20220827000000_e20220906120000.nc
2022,WP,13,2022-08-29T12:00:00,2022-08-31T18:00:00,TCPRIMED_v01r01-final_WP132022_env_s20220829120000_e20220831180000.nc
2022,WP,14,2022-09-04T06:00:00,2022-09-16T12:00:00,TCPRIMED_v01r01-final_WP142022_env_s20220904060000_e20220916120000.nc
2022,WP,15,2022-09-10T12:00:00,2022-09-15T12:00:00,TCPRIMED_v01r01-final_WP152022_env_s20220910120000_e20220915120000.nc
2022,WP,16,2022-09-11T06:00:00,2022-09-19T18:00:00,TCPRIMED_v01r01-final_WP162022_env_s20220911060000_e20220919180000.nc
2022,WP,17,2022-09-19T18:00:00,2022-09-23T18:00:00,TCPRIMED_v01r01-final_WP172022_env_s20220919180000_e20220923180000.nc
2022,WP,18,2022-09-21T00:00:00,2022-09-28T12:00:00,TCPRIMED_v01r01-final_WP182022_env_s20220921000000_e20220928120000.nc
2022,WP,19,2022-09-25T12:00:00,2022-09-29T12:00:00,TCPRIMED_v01r01-final_WP192022_env_s20220925120000_e20220929120000.nc
2022,WP,20,2022-09-26T12:00:00,2022-10-01T06:00:00,TCPRIMED_v01r01-final_WP202022_env_s20220926120000_e20221001060000.nc
2022,WP,21,2022-10-11T06:00:00,2022-10-15T00:00:00,TCPRIMED_v01r01-final_WP212022_env_s20221011060000_e20221015000000.nc
2022,WP,22,2022-10-12T06:00:00,2022-10-15T00:00:00,TCPRIMED_v01r01-final_WP222022_env_s20221012060000_e20221015000000.nc
2022,WP,23,2022-10-12T00:00:00,2022-10-20T18:00:00,TCPRIMED_v01r01-final_WP232022_env_s20221012000000_e20221020180000.nc
2022,WP,24,2022-10-14T06:00:00,2022-10-19T12:00:00,TCPRIMED_v01r01-final_WP242022_env_s20221014060000_e20221019120000.nc
2022,WP,25,2022-10-19T00:00:00,2022-10-23T00:00:00,TCPRIMED_v01r01-final_WP252022_env_s20221019000000_e20221023000000.nc
2022,WP,26,2022-10-26T00:00:00,2022-11-03T00:00:00,TCPRIMED_v01r01-final_WP262022_env_s20221026000000_e20221103000000.nc
2022,WP,27,2022-10-28T12:00:00,2022-11-01T00:00:00,TCPRIMED_v01r01-final_WP272022_env_s20221028120000_e20221101000000.nc
2022,WP,28,2022-11-11T18:00:00,2022-11-14T12:00:00,TCPRIMED_v01r01-final_WP282022_env_s20221111180000_e20221114120000.nc
2022,WP,29,2022-12-08T00:00:00,2022-12-13T00:00:00,TCPRIMED_v01r01-final_WP292022_env_s20221208000000_e20221213000000.nc
2023,AL,1,2023-01-15T00:00:00,2023-01-18T06:00:00,TCPRIMED_v01r01-final_AL012023_env_s20230115000000_e20230118060000.nc
2023,AL,2,2023-05-31T18:00:00,2023-06-04T06:00:00,TCPRIMED_v01r01-final_AL022023_env_s20230531180000_e20230604060000.nc
2023,AL,3,2023-06-19T06:00:00,2023-06-24T12:00:00,TCPRIMED_v01r01-final_AL032023_env_s20230619060000_e20230624120000.nc
2023,AL,4,2023-06-22T00:00:00,2023-06-26T00:00:00,TCPRIMED_v01r01-final_AL042023_env_s20230622000000_e20230626000000.nc
2023,AL,5,2023-07-11T12:00:00,2023-07-25T18:00:00,TCPRIMED_v01r01-final_AL052023_env_s20230711120000_e20230725180000.nc
2023,AL,6,2023-08-19T00:00:00,2023-09-04T12:00:00,TCPRIMED_v01r01-final_AL062023_env_s20230819000000_e20230904120000.nc
2023,AL,7,2023-08-18T12:00:00,2023-08-25T06:00:00,TCPRIMED_v01r01-final_AL072023_env_s20230818120000_e20230825060000.nc
2023,AL,8,2023-08-19T18:00:00,2023-09-09T18:00:00,TCPRIMED_v01r01-final_AL082023_env_s20230819180000_e20230909180000.nc
2023,AL,9,2023-08-21T12:00:00,2023-08-23T12:00:00,TCPRIMED_v01r01-final_AL092023_env_s20230821120000_e20230823120000.nc
2023,AL,10,2023-08-26T12:00:00,2023-09-08T06:00:00,TCPRIMED_v01r01-final_AL102023_env_s20230826120000_e20230908060000.nc
2023,AL,11,2023-08-29T00:00:00,2023-09-01T18:00:00,TCPRIMED_v01r01-final_AL112023_env_s20230829000000_e20230901180000.nc
2023,AL,12,2023-08-30T00:00:00,2023-09-15T12:00:00,TCPRIMED_v01r01-final_AL122023_env_s20230830000000_e20230915120000.nc
2023,AL,13,2023-09-05T12:00:00,2023-09-18T18:00:00,TCPRIMED_v01r01-final_AL132023_env_s20230905120000_e20230918180000.nc
2023,AL,14,2023-09-07T12:00:00,2023-09-18T18:00:00,TCPRIMED_v01r01-final_AL142023_env_s20230907120000_e20230918180000.nc
2023,AL,15,2023-09-15T06:00:00,2023-09-26T12:00:00,TCPRIMED_v01r01-final_AL152023_env_s20230915060000_e20230926120000.nc
2023,AL,16,2023-09-21T12:00:00,2023-09-24T18:00:00,TCPRIMED_v01r01-final_AL162023_env_s20230921120000_e20230924180000.nc
2023,AL,17,2023-09-23T06:00:00,2023-10-06T06:00:00,TCPRIMED_v01r01-final_AL172023_env_s20230923060000_e20231006060000.nc
2023,AL,18,2023-09-28T06:00:00,2023-10-02T00:00:00,TCPRIMED_v01r01-final_AL182023_env_s20230928060000_e20231002000000.nc
2023,AL,19,2023-10-10T18:00:00,2023-10-16T18:00:00,TCPRIMED_v01r01-final_AL192023_env_s20231010180000_e20231016180000.nc
2023,AL,20,2023-10-18T18:00:00,2023-10-31T18:00:00,TCPRIMED_v01r01-final_AL202023_env_s20231018180000_e20231031180000.nc
2023,AL,21,2023-10-23T12:00:00,2023-10-24T12:00:00,TCPRIMED_v01r01-final_AL212023_env_s20231023120000_e20231024120000.nc
2023,AL,22,2023-11-16T18:00:00,2023-11-18T00:00:00,TCPRIMED_v01r01-final_AL222023_env_s20231116180000_e20231118000000.nc
2023,EP,1,2023-06-27T12:00:00,2023-07-04T18:00:00,TCPRIMED_v01r01-final_EP012023_env_s20230627120000_e20230704180000.nc
2023,EP,2,2023-06-29T00:00:00,2023-07-01T06:00:00,TCPRIMED_v01r01-final_EP022023_env_s20230629000000_e20230701060000.nc
2023,EP,3,2023-07-10T06:00:00,2023-07-19T18:00:00,TCPRIMED_v01r01-final_EP032023_env_s20230710060000_e20230719180000.nc
2023,EP,4,2023-07-20T12:00:00,2023-07-23T00:00:00,TCPRIMED_v01r01-final_EP042023_env_s20230720120000_e20230723000000.nc
2023,EP,5,2023-07-31T12:00:00,2023-08-17T00:00:00,TCPRIMED_v01r01-final_EP052023_env_s20230731120000_e20230817000000.nc
2023,EP,6,2023-08-04T18:00:00,2023-08-10T06:00:00,TCPRIMED_v01r01-final_EP062023_env_s20230804180000_e20230810060000.nc
2023,EP,7,2023-08-12T12:00:00,2023-08-24T12:00:00,TCPRIMED_v01r01-final_EP072023_env_s20230812120000_e20230824120000.nc
2023,EP,8,2023-08-14T00:00:00,2023-08-18T18:00:00,TCPRIMED_v01r01-final_EP082023_env_s20230814000000_e20230818180000.nc
2023,EP,9,2023-08-16T06:00:00,2023-08-20T18:00:00,TCPRIMED_v01r01-final_EP092023_env_s20230816060000_e20230820180000.nc
2023,EP,10,2023-08-26T18:00:00,2023-09-03T00:00:00,TCPRIMED_v01r01-final_EP102023_env_s20230826180000_e20230903000000.nc
2023,EP,11,2023-09-04T12:00:00,2023-09-14T00:00:00,TCPRIMED_v01r01-final_EP112023_env_s20230904120000_e20230914000000.nc
2023,EP,12,2023-09-15T12:00:00,2023-09-18T12:00:00,TCPRIMED_v01r01-final_EP122023_env_s20230915120000_e20230918120000.nc
2023,EP,13,2023-09-18T00:00:00,2023-09-24T18:00:00,TCPRIMED_v01r01-final_EP132023_env_s20230918000000_e20230924180000.nc
2023,EP,14,2023-09-23T12:00:00,2023-09-27T12:00:00,TCPRIMED_v01r01-final_EP142023_env_s20230923120000_e20230927120000.nc
2023,EP,15,2023-10-03T00:00:00,2023-10-11T12:00:00,TCPRIMED_v01r01-final_EP152023_env_s20231003000000_e20231011120000.nc
2023,EP,16,2023-10-08T00:00:00,2023-10-10T00:00:00,TCPRIMED_v01r01-final_EP162023_env_s20231008000000_e20231010000000.nc
2023,EP,17,2023-10-17T06:00:00,2023-10-23T12:00:00,TCPRIMED_v01r01-final_EP172023_env_s20231017060000_e20231023120000.nc
2023,EP,18,2023-10-21T00:00:00,2023-10-25T18:00:00,TCPRIMED_v01r01-final_EP182023_env_s20231021000000_e20231025180000.nc
2023,EP,19,2023-10-28T12:00:00,2023-11-07T12:00:00,TCPRIMED_v01r01-final_EP192023_env_s20231028120000_e20231107120000.nc
2023,EP,20,2023-11-21T12:00:00,2023-11-27T12:00:00,TCPRIMED_v01r01-final_EP202023_env_s20231121120000_e20231127120000.nc
2023,IO,1,2023-05-08T18:00:00,2023-05-15T00:00:00,TCPRIMED_v01r01-final_IO012023_env_s20230508180000_e20230515000000.nc
2023,IO,2,2023-06-05T00:00:00,2023-06-17T00:00:00,TCPRIMED_v01r01-final_IO022023_env_s20230605000000_e20230617000000.nc
2023,IO,3,2023-06-08T12:00:00,2023-06-10T06:00:00,TCPRIMED_v01r01-final_IO032023_env_s20230608120000_e20230610060000.nc
2023,IO,4,2023-07-30T12:00:00,2023-08-02T06:00:00,TCPRIMED_v01r01-final_IO042023_env_s20230730120000_e20230802060000.nc
2023,IO,5,2023-10-19T06:00:00,2023-10-24T12:00:00,TCPRIMED_v01r01-final_IO052023_env_s20231019060000_e20231024120000.nc
2023,IO,6,2023-10-20T06:00:00,2023-10-25T06:00:00,TCPRIMED_v01r01-final_IO062023_env_s20231020060000_e20231025060000.nc
2023,IO,7,2023-11-13T06:00:00,2023-11-17T18:00:00,TCPRIMED_v01r01-final_IO072023_env_s20231113060000_e20231117180000.nc
2023,IO,8,2023-11-30T06:00:00,2023-12-06T06:00:00,TCPRIMED_v01r01-final_IO082023_env_s20231130060000_e20231206060000.nc
2023,SH,1,2022-07-27T18:00:00,2022-07-31T18:00:00,TCPRIMED_v01r01-final_SH012023_env_s20220727180000_e20220731180000.nc
2023,SH,2,2022-09-25T12:00:00,2022-09-29T18:00:00,TCPRIMED_v01r01-final_SH022023_env_s20220925120000_e20220929180000.nc
2023,SH,3,2022-10-03T18:00:00,2022-10-10T00:00:00,TCPRIMED_v01r01-final_SH032023_env_s20221003180000_e20221010000000.nc
2023,SH,4,2022-11-01T00:00:00,2022-11-07T00:00:00,TCPRIMED_v01r01-final_SH042023_env_s20221101000000_e20221107000000.nc
2023,SH,5,2022-12-15T00:00:00,2022-12-31T18:00:00,TCPRIMED_v01r01-final_SH052023_env_s20221215000000_e20221231180000.nc
2023,SH,6,2022-12-21T06:00:00,2023-01-06T06:00:00,TCPRIMED_v01r01-final_SH062023_env_s20221221060000_e20230106060000.nc
2023,SH,7,2023-01-04T18:00:00,2023-01-09T06:00:00,TCPRIMED_v01r01-final_SH072023_env_s20230104180000_e20230109060000.nc
2023,SH,8,2023-01-13T06:00:00,2023-01-30T06:00:00,TCPRIMED_v01r01-final_SH082023_env_s20230113060000_e20230130060000.nc
2023,SH,9,2023-01-16T18:00:00,2023-01-20T06:00:00,TCPRIMED_v01r01-final_SH092023_env_s20230116180000_e20230120060000.nc
2023,SH,10,2023-01-19T12:00:00,2023-01-23T18:00:00,TCPRIMED_v01r01-final_SH102023_env_s20230119120000_e20230123180000.nc
2023,SH,11,2023-02-04T12:00:00,2023-03-13T18:00:00,TCPRIMED_v01r01-final_SH112023_env_s20230204120000_e20230313180000.nc
2023,SH,12,2023-02-05T06:00:00,2023-02-12T00:00:00,TCPRIMED_v01r01-final_SH122023_env_s20230205060000_e20230212000000.nc
2023,SH,13,2023-01-31T18:00:00,2023-02-16T18:00:00,TCPRIMED_v01r01-final_SH132023_env_s20230131180000_e20230216180000.nc
2023,SH,14,2023-02-18T12:00:00,2023-03-01T00:00:00,TCPRIMED_v01r01-final_SH142023_env_s20230218120000_e20230301000000.nc
2023,SH,15,2023-02-24T00:00:00,2023-03-05T06:00:00,TCPRIMED_v01r01-final_SH152023_env_s20230224000000_e20230305060000.nc
2023,SH,16,2023-02-28T18:00:00,2023-03-06T18:00:00,TCPRIMED_v01r01-final_SH162023_env_s20230228180000_e20230306180000.nc
2023,SH,17,2023-03-27T12:00:00,2023-04-03T12:00:00,TCPRIMED_v01r01-final_SH172023_env_s20230327120000_e20230403120000.nc
2023,SH,18,2023-04-05T12:00:00,2023-04-15T06:00:00,TCPRIMED_v01r01-final_SH182023_env_s20230405120000_e20230415060000.nc
2023,SH,19,2023-05-12T06:00:00,2023-05-25T12:00:00,TCPRIMED_v01r01-final_SH192023_env_s20230512060000_e20230525120000.nc
2023,WP,1,2023-04-18T00:00:00,2023-04-26T18:00:00,TCPRIMED_v01r01-final_WP012023_env_s20230418000000_e20230426180000.nc
2023,WP,2,2023-05-18T00:00:00,2023-06-03T00:00:00,TCPRIMED_v01r01-final_WP022023_env_s20230518000000_e20230603000000.nc
2023,WP,3,2023-06-04T18:00:00,2023-06-13T00:00:00,TCPRIMED_v01r01-final_WP032023_env_s20230604180000_e20230613000000.nc
2023,WP,4,2023-07-14T00:00:00,2023-07-19T06:00:00,TCPRIMED_v01r01-final_WP042023_env_s20230714000000_e20230719060000.nc
2023,WP,5,2023-07-21T00:00:00,2023-07-29T00:00:00,TCPRIMED_v01r01-final_WP052023_env_s20230721000000_e20230729000000.nc
2023,WP,6,2023-07-26T06:00:00,2023-08-10T18:00:00,TCPRIMED_v01r01-final_WP062023_env_s20230726060000_e20230810180000.nc
2023,WP,7,2023-08-06T00:00:00,2023-08-17T12:00:00,TCPRIMED_v01r01-final_WP072023_env_s20230806000000_e20230817120000.nc
2023,WP,8,2023-08-21T12:00:00,2023-08-29T06:00:00,TCPRIMED_v01r01-final_WP082023_env_s20230821120000_e20230829060000.nc
2023,WP,9,2023-08-22T00:00:00,2023-09-03T12:00:00,TCPRIMED_v01r01-final_WP092023_env_s20230822000000_e20230903120000.nc
2023,WP,10,2023-08-27T12:00:00,2023-09-05T06:00:00,TCPRIMED_v01r01-final_WP102023_env_s20230827120000_e20230905060000.nc
2023,WP,11,2023-08-29T00:00:00,2023-09-07T12:00:00,TCPRIMED_v01r01-final_WP112023_env_s20230829000000_e20230907120000.nc
2023,WP,12,2023-09-04T00:00:00,2023-09-09T06:00:00,TCPRIMED_v01r01-final_WP122023_env_s20230904000000_e20230909060000.nc
2023,WP,13,2023-09-23T00:00:00,2023-09-26T12:00:00,TCPRIMED_v01r01-final_WP132023_env_s20230923000000_e20230926120000.nc
2023,WP,14,2023-09-27T12:00:00,2023-10-10T00:00:00,TCPRIMED_v01r01-final_WP142023_env_s20230927120000_e20231010000000.nc
2023,WP,15,2023-10-06T00:00:00,2023-10-14T18:00:00,TCPRIMED_v01r01-final_WP152023_env_s20231006000000_e20231014180000.nc
2023,WP,16,2023-10-15T18:00:00,2023-10-21T00:00:00,TCPRIMED_v01r01-final_WP162023_env_s20231015180000_e20231021000000.nc
2023,WP,17,2023-11-09T18:00:00,2023-11-15T00:00:00,TCPRIMED_v01r01-final_WP172023_env_s20231109180000_e20231115000000.nc
2023,WP,18,2023-12-14T12:00:00,2023-12-18T12:00:00,TCPRIMED_v01r01-final_WP182023_env_s20231214120000_e20231218120000.nc
2024,AL,1,2024-06-17T18:00:00,2024-06-20T12:00:00,TCPRIMED_v01r01-final_AL012024_env_s20240617180000_e20240620120000.nc
2024,AL,2,2024-06-28T12:00:00,2024-07-11T12:00:00,TCPRIMED_v01r01-final_AL022024_env_s20240628120000_e20240711120000.nc
2024,AL,3,2024-06-30T18:00:00,2024-07-01T06:00:00,TCPRIMED_v01r01-final_AL032024_env_s20240630180000_e20240701060000.nc
2024,AL,4,2024-08-02T12:00:00,2024-08-10T18:00:00,TCPRIMED_v01r01-final_AL042024_env_s20240802120000_e20240810180000.nc
2024,AL,5,2024-08-11T18:00:00,2024-08-20T18:00:00,TCPRIMED_v01r01-final_AL052024_env_s20240811180000_e20240820180000.nc
2024,AL,6,2024-09-08T18:00:00,2024-09-14T00:00:00,TCPRIMED_v01r01-final_AL062024_env_s20240908180000_e20240914000000.nc
2024,AL,7,2024-09-11T12:00:00,2024-09-17T06:00:00,TCPRIMED_v01r01-final_AL072024_env_s20240911120000_e20240917060000.nc
2024,AL,8,2024-09-15T00:00:00,2024-09-17T00:00:00,TCPRIMED_v01r01-final_AL082024_env_s20240915000000_e20240917000000.nc
2024,AL,9,2024-09-23T12:00:00,2024-09-28T18:00:00,TCPRIMED_v01r01-final_AL092024_env_s20240923120000_e20240928180000.nc
2024,AL,10,2024-09-24T12:00:00,2024-10-03T00:00:00,TCPRIMED_v01r01-final_AL102024_env_s20240924120000_e20241003000000.nc
2024,AL,11,2024-09-27T06:00:00,2024-09-30T18:00:00,TCPRIMED_v01r01-final_AL112024_env_s20240927060000_e20240930180000.nc
2024,AL,12,2024-09-29T18:00:00,2024-10-10T00:00:00,TCPRIMED_v01r01-final_AL122024_env_s20240929180000_e20241010000000.nc
2024,AL,13,2024-10-01T00:00:00,2024-10-12T06:00:00,TCPRIMED_v01r01-final_AL132024_env_s20241001000000_e20241012060000.nc
2024,AL,14,2024-10-04T18:00:00,2024-10-11T18:00:00,TCPRIMED_v01r01-final_AL142024_env_s20241004180000_e20241011180000.nc
2024,AL,15,2024-10-18T18:00:00,2024-10-20T06:00:00,TCPRIMED_v01r01-final_AL152024_env_s20241018180000_e20241020060000.nc
2024,AL,16,2024-10-19T00:00:00,2024-10-22T12:00:00,TCPRIMED_v01r01-final_AL162024_env_s20241019000000_e20241022120000.nc
2024,AL,17,2024-10-31T18:00:00,2024-11-04T06:00:00,TCPRIMED_v01r01-final_AL172024_env_s20241031180000_e20241104060000.nc
2024,AL,18,2024-11-03T18:00:00,2024-11-10T12:00:00,TCPRIMED_v01r01-final_AL182024_env_s20241103180000_e20241110120000.nc
2024,AL,19,2024-11-13T18:00:00,2024-11-18T00:00:00,TCPRIMED_v01r01-final_AL192024_env_s20241113180000_e20241118000000.nc
2024,EP,1,2024-07-03T18:00:00,2024-07-06T18:00:00,TCPRIMED_v01r01-final_EP012024_env_s20240703180000_e20240706180000.nc
2024,EP,2,2024-07-24T12:00:00,2024-07-28T18:00:00,TCPRIMED_v01r01-final_EP022024_env_s20240724120000_e20240728180000.nc
2024,EP,3,2024-07-31T06:00:00,2024-08-08T00:00:00,TCPRIMED_v01r01-final_EP032024_env_s20240731060000_e20240808000000.nc
2024,EP,4,2024-08-03T00:00:00,2024-08-05T18:00:00,TCPRIMED_v01r01-final_EP042024_env_s20240803000000_e20240805180000.nc
2024,EP,5,2024-08-04T12:00:00,2024-08-10T18:00:00,TCPRIMED_v01r01-final_EP052024_env_s20240804120000_e20240810180000.nc
2024,EP,6,2024-08-05T06:00:00,2024-08-08T00:00:00,TCPRIMED_v01r01-final_EP062024_env_s20240805060000_e20240808000000.nc
2024,EP,7,2024-08-18T06:00:00,2024-08-29T18:00:00,TCPRIMED_v01r01-final_EP072024_env_s20240818060000_e20240829180000.nc
2024,EP,8,2024-08-22T18:00:00,2024-08-29T00:00:00,TCPRIMED_v01r01-final_EP082024_env_s20240822180000_e20240829000000.nc
2024,EP,9,2024-09-11T18:00:00,2024-09-17T00:00:00,TCPRIMED_v01r01-final_EP092024_env_s20240911180000_e20240917000000.nc
2024,EP,10,2024-09-22T12:00:00,2024-09-27T18:00:00,TCPRIMED_v01r01-final_EP102024_env_s20240922120000_e20240927180000.nc
2024,EP,11,2024-09-30T18:00:00,2024-10-03T12:00:00,TCPRIMED_v01r01-final_EP112024_env_s20240930180000_e20241003120000.nc
2024,EP,12,2024-10-21T12:00:00,2024-10-29T00:00:00,TCPRIMED_v01r01-final_EP122024_env_s20241021120000_e20241029000000.nc
2024,EP,13,2024-11-01T12:00:00,2024-11-03T12:00:00,TCPRIMED_v01r01-final_EP132024_env_s20241101120000_e20241103120000.nc
2024,EP,14,2024-11-02T06:00:00,2024-11-07T06:00:00,TCPRIMED_v01r01-final_EP142024_env_s20241102060000_e20241107060000.nc
