min_bt,max_bt,mean_bt,std_bt,bt_r0_20,bt_r20_50,bt_r50_70,bt_r70_100,grad_inner,grad_outer,bt_asym_index,vmax,vmean,vmin,Rmax,Rvmax_90,Rvmax_80,shear_mean,shear_deep,shear_shallow,shear_gradient,shear_cos,shear_sin,cps_sym,cps_depth,warm_core_index,wind_env_mag,wind_env_dir_x,wind_env_dir_y,twind_mean,twind_max,vort_mean,vort_max,vort_integral,ratio_eye_wall,ratio_wall_bt
185.71355,288.6372,226.49498,19.638287,231.82866,228.54756,225.82854,223.62946,-3.2810974,-2.7190247,12.739544,,,,,,,6.4441457,8.913977,3.9743147,4.939662,-0.76460844,-0.35376596,2.0,0.0,0.0,6.7566977,-0.9996613,-0.02601685,1.5336355,3.0039191,5.0167173e-06,1.96581e-05,0.0001153845,1.0143563,1.2629197
188.70523,293.50192,236.34142,28.849758,202.87624,200.88591,211.46686,215.2168,-1.9903259,10.580948,13.137826,60.279999999999994,22.932153298716006,8.191649487704945,6.324555320336759,5.753325381754713,7.559714429980287,4.4042645,5.8814325,2.9270964,2.9543362,0.5443045,0.55683416,2.0,0.0,0.0,3.5396116,-0.18589163,0.98257,-0.5014273,1.3118111,-9.698988e-06,3.2967e-06,-0.00022307673,1.0099077,1.4610379
199.67422,294.29245,262.8227,25.954107,256.9343,216.64688,222.45953,247.14989,-40.287415,5.8126526,5.955108,44.619999999999926,23.681949068561178,8.398855532853885,10.198039027185569,9.69724004019215,13.333109342875623,2.1183167,2.3201303,1.916503,0.4036274,0.49320608,0.14006458,2.0,0.0,0.0,4.9534698,-0.98281616,0.1845861,-0.3500144,1.021247,3.3179347e-06,6.3492002e-06,7.63125e-05,1.1859589,1.3583969
266.9189,295.71997,288.50415,5.222816,291.10797,287.37766,286.64697,287.12088,-3.7303162,-0.7306824,3.46472,49.50000000000001,9.286992636646842,0.42000000000000004,37.73592452822641,37.73592452822641,37.73592452822641,13.331746,21.549637,5.1138554,16.435781,0.25839457,0.9200351,2.0,1.0,2.0,2.3279347,-0.06450018,0.99791723,0.28071755,2.260417,-2.3995306e-06,6.105e-07,-5.51892e-05,1.0129806,1.0290291
191.22827,290.90958,226.12157,20.518608,202.07047,204.78546,205.80899,212.00195,2.7149963,1.023529,7.832252,33.92,17.082468926553673,6.9,9.0,9.817130893879611,9.161281516514684,3.3023024,1.87988,4.724725,-2.8448448,0.95062095,-0.19460705,2.0,0.0,0.0,4.2003994,-0.17292312,0.9849351,0.5610635,2.3971531,2.97287e-07,7.2039e-06,6.8376007e-06,0.98674226,1.4205577
181.68005,295.9469,245.73558,33.059612,195.51396,201.71333,211.92653,235.37114,6.1993713,10.213196,21.338715,24.72,14.083770931730356,6.139999999999999,17.4928556845359,38.839537230245746,34.092369831206554,2.1228952,2.3205128,1.9252777,0.39523506,-0.6752968,-0.42186013,2.0,0.0,0.0,4.722162,-0.9908881,-0.13468634,1.2430716,2.5595272,-1.6456944e-07,1.77045e-05,-3.7850973e-06,0.9692664,1.4671658
189.54218,293.81042,241.92773,27.275028,225.54161,227.94083,233.0212,234.89914,2.3992157,5.080368,21.038548,27.839984576179525,17.375612658883394,6.48816959196098,34.132096331752024,26.038837070402057,27.263550150698382,6.3731866,9.106253,3.6401205,5.466132,-0.43559027,-0.88728416,2.0,0.0,0.0,4.093638,-0.6271284,0.7789156,0.20677604,3.1662931,8.387739e-07,7.0818005e-06,1.92918e-05,0.9894744,1.2889768
208.42264,292.9998,256.0677,21.053734,241.77039,250.65471,248.03638,251.34123,8.884323,-2.618332,12.900441,21.480935762803732,11.474562125463123,1.6684897017804192,48.373546489791295,82.3932454874635,85.3403278129642,2.7596188,4.215041,1.3041964,2.9108448,-0.5840799,-0.4628302,2.0,0.0,0.0,7.3148847,-0.8649688,0.50182545,-0.26399708,1.448547,-7.803784e-07,5.4945003e-06,-1.7948703e-05,0.9645555,1.1689379
190.69218,292.7272,241.89627,29.736961,208.34985,222.9965,235.0412,244.82683,14.646652,12.044693,23.493359,30.719999620369883,19.075619080770192,10.55314637004854,33.97057550292606,37.02460249210325,41.44675907764719,6.9826326,9.555659,4.409606,5.1460533,-0.43254048,-0.85167056,1.0,0.0,0.0,2.814175,-0.87928414,-0.47629702,-1.2456725,2.700536,3.801026e-06,9.645901e-06,8.74236e-05,0.9343189,1.3126986
187.12448,293.53217,242.19722,35.59184,207.6548,222.86633,231.3476,237.13754,15.211533,8.481262,28.443027,26.49994924181998,13.732260126705716,5.7851690961371505,22.67156809750927,33.5656428152296,39.56264073826129,5.298119,6.251869,4.344369,1.9075003,-0.38853425,-0.874894,2.0,0.0,0.0,3.292803,-0.68029445,-0.7329385,0.46984416,2.3629692,3.2648481e-06,8.547e-06,7.5091506e-05,0.93174595,1.3170772
189.12791,282.18292,215.85411,15.550412,204.9064,203.70001,206.46043,213.02455,-1.2063904,2.7604218,7.0897336,40.03999999993413,17.814391915314033,7.568424704313765,45.48626166217664,46.742715059839284,46.394570206905264,10.67994,13.814725,7.5451555,6.2695694,-0.5569296,-0.8183833,2.0,0.0,0.0,2.884459,-0.94927377,0.31444958,-1.6473346,1.9655801,2.511013e-06,9.5238e-06,5.77533e-05,1.0059224,1.3852867
188.13379,296.10266,263.064,33.444042,266.22424,265.5189,263.23956,264.14972,-0.7053528,-2.2793274,29.829718,19.679743708898123,13.847938661267728,5.340281357392696,46.17358552246078,62.59274093556212,59.87208564585054,10.361387,14.132896,6.589878,7.5430183,-0.57195514,0.8177026,0.0,3.0,0.0,3.659812,0.8719136,-0.48965922,0.6186561,2.7048092,-2.5110132e-06,6.105e-07,-5.7753303e-05,1.0026565,1.1151849
189.39716,294.75388,246.09967,24.023983,220.29016,222.43243,228.0233,236.7062,2.142273,5.590866,15.610303,19.52758801825299,7.717221940797595,1.5417363551955288,41.30375285612676,97.20980804703662,91.63946987772219,4.7039332,6.98969,2.4181767,4.571513,0.13651608,0.73378253,2.0,0.0,0.0,2.9272504,-0.11134686,0.9937812,0.28313273,4.9224963,1.9111312e-07,8.1807e-06,4.3956015e-06,0.9903689,1.3251389
199.07092,295.85233,259.72244,27.500118,216.13135,235.26775,255.90068,258.90884,19.136398,20.632935,18.254795,19.64920134836683,17.004688234819373,15.102575414697474,40.607881008493905,93.55195800653146,105.99623593249213,4.149995,6.396839,1.9031506,4.4936886,-0.101677686,0.45828938,2.0,0.0,0.0,2.6741161,-0.6897803,0.7240183,-1.0034119,1.3118111,3.3126262e-06,7.4481004e-06,7.61904e-05,0.9186612,1.2575133
200.95314,296.70914,258.76297,29.852419,213.34563,212.29753,230.95602,245.77208,-1.0480957,18.658493,16.422478,25.82499977872488,22.493888734219446,17.701880685545827,41.617304093369626,45.720973240046916,52.52397533203866,2.9793625,2.41932,3.5394049,-1.1200848,-0.7481034,0.09114802,2.0,0.0,0.0,3.3424776,-0.43607622,0.89990944,-0.84772605,0.88878405,2.6543386e-08,5.2503e-06,6.1049786e-07,1.0049369,1.39761
194.03308,295.4862,246.7225,27.472607,258.59848,250.39754,251.31042,247.36429,-8.200943,0.9128876,19.186277,32.63999999999934,16.738824425967348,6.2784038093010635,18.027756377319946,15.26929653358274,23.641846708959527,5.439275,7.837002,3.0415478,4.795454,-0.16880679,0.8194643,2.0,0.0,0.0,1.6589648,-0.750567,0.66079336,-0.13394926,0.841781,3.339169e-06,8.0586005e-06,7.680089e-05,1.0327517,1.1800684
199.40837,295.47446,238.13823,24.841959,258.58383,215.03967,211.18503,222.48105,-43.54416,-3.8546448,12.180623,56.06000000000002,33.85023613400485,7.802967299460315,15.0,15.852518021123666,19.477784676133602,5.470557,8.799526,2.1415882,6.657938,-0.32933277,0.9094518,2.0,0.0,0.0,5.2177353,0.76435256,0.6447982,2.6849303,6.935079,-7.633905e-06,1.0989e-06,-0.0001755798,1.2024935,1.3740462
197.74295,292.69165,244.60004,31.20948,206.72722,209.19704,212.74867,225.24048,2.469818,3.5516357,17.680542,37.740000000252444,34.522638998571686,29.340004931149245,44.181444068749045,50.835460731837266,59.890297992891526,7.48049,12.717531,2.2434492,10.474082,-0.5155897,0.38470858,2.0,0.0,0.0,6.7986975,0.95398337,0.29985926,5.007027,8.4477215,-8.249713e-06,6.9597004e-06,-0.0001897434,0.9881938,1.3991195
198.69846,296.20972,241.29723,21.871777,221.21327,209.53902,221.4776,230.58917,-11.674255,11.938583,6.0755224,60.38000000000001,32.71711329700909,15.138846270993303,8.246211251235321,6.934376552231999,7.155284291271158,3.889049,5.0974503,2.6806479,2.4168024,-0.48479694,0.8078841,2.0,0.0,0.0,3.4853668,0.2598855,0.9656392,0.7613371,3.354305,-5.5900555e-06,1.4652001e-06,-0.00012857128,1.055714,1.4136256
184.45872,296.3847,250.26598,37.850986,211.76459,227.92592,237.89581,247.20914,16.161331,9.969894,33.911396,32.05999997301008,14.59236641228181,6.185179308111378,23.345235059857504,68.36167238206924,51.238039250803475,8.455414,11.581042,5.3297844,6.251258,-0.35087144,0.90711,1.0,0.0,0.0,4.3868237,0.9926121,-0.12132853,-0.11016911,1.9399421,-4.3425134e-06,2.5641002e-06,-9.9877805e-05,0.92909396,1.3003554
196.10974,294.55212,241.3711,18.90801,223.2056,237.54599,242.8465,238.87671,14.340393,5.3005066,13.757623,24.89806959862555,8.61860388530833,2.0429652301948837,27.294688127912362,86.35209269306445,80.6346290846388,5.598169,8.195612,3.0007257,5.194886,0.22994375,0.9298035,2.0,0.0,0.0,4.334767,0.46748638,0.884,-1.2090733,0.96569806,-6.3757434e-06,4.884e-07,-0.0001466421,0.9396311,1.2399794
191.85785,296.73334,266.04715,33.26114,237.57784,249.61119,255.77272,262.09338,12.033356,6.1615295,27.56507,34.57999998145793,13.869442996687015,5.601350012593187,19.1049731745428,61.17610445087671,61.587669129010735,7.359173,9.721993,4.996352,4.7256413,-0.46340576,0.8591422,2.0,0.0,0.0,3.7553275,0.92970437,0.36830595,-1.045213,0.52130604,-5.1600523e-06,2.0757002e-06,-0.0001186812,0.9517916,1.1887822
191.47363,293.38943,236.79088,25.98038,239.60814,228.15988,221.27737,226.38591,-11.448257,-6.8825073,18.100466,32.52523323117766,6.106256981075325,0.24334723817289966,42.01190307520001,42.01190307520001,42.01190307520001,2.741879,4.1780357,1.3057222,2.8723135,0.2612065,0.2895217,2.0,0.0,0.0,5.094357,0.04960296,0.99876887,-0.02099344,4.1362643,-3.2064522e-06,4.884e-06,-7.37484e-05,1.0501765,1.285894
200.82524,295.54684,238.79109,27.945997,225.63647,211.16562,210.8867,220.06554,-14.470856,-0.2789154,13.297294,45.839999999999705,32.61411343973421,19.39783243982324,6.082762530298219,9.740128451397625,20.150577737608494,2.8229475,4.1623936,1.4835014,2.6788921,0.4795898,0.609353,2.0,0.0,0.0,4.1607647,0.55246377,0.8335366,1.3595572,3.435492,-7.3631604e-06,2.0757002e-06,-0.00016935269,1.0685284,1.3995974
182.82043,295.5312,238.8027,37.218674,211.27408,222.28989,230.8463,233.53441,11.015808,8.556412,32.641502,22.061642339501322,10.79450300987381,4.521932448858264,41.400483088968905,67.27152351835291,64.91141710445187,6.1461945,8.32227,3.9701185,4.352152,-0.6101958,0.6453372,2.0,0.0,0.0,1.7204491,-0.3994782,0.9167421,-0.59097457,1.085342,5.627217e-07,9.5238e-06,1.29426e-05,0.9504439,1.3294855
194.50551,296.16418,246.72195,28.016949,205.943,219.51988,228.34279,241.90028,13.576889,8.8229065,13.53483,,,,,,,3.037922,4.807891,1.2679529,3.539938,0.3655486,-0.40946335,2.0,0.0,0.0,3.2992074,-0.70302474,0.711165,-1.512828,0.538398,2.2455781e-06,5.7387e-06,5.1648298e-05,0.9381519,1.3491452
201.6503,294.2848,239.68126,24.326614,244.01637,215.6316,214.12279,222.22978,-28.384766,-1.5088196,10.824604,46.400000000000006,30.83140414835665,8.153274277717383,11.40175425099138,17.605240287454134,24.483154438341813,7.103568,12.739277,1.4678593,11.271418,-0.8326056,0.21094698,2.0,0.0,0.0,6.8641424,0.9813459,0.1922499,4.0385423,5.7343664,-7.4799527e-06,2.8083e-06,-0.00017203891,1.1316354,1.3647572
198.58456,295.6948,238.5367,27.814962,225.32837,211.58531,211.15938,219.07863,-13.743057,-0.42593384,12.963784,45.16,34.17396304252369,12.23531925906499,18.601075237738275,19.252158010955462,23.55184955837784,2.8229475,4.1623936,1.4835014,2.6788921,0.4795898,0.609353,2.0,0.0,0.0,4.1607647,0.55246377,0.8335366,1.3595572,3.435492,-7.3631604e-06,2.0757002e-06,-0.00016935269,1.0649529,1.3975204
187.09773,297.99133,251.21431,34.937298,249.34001,254.54988,250.03244,241.58266,5.2098694,-4.517441,28.192423,33.739993811151116,16.602459904366352,6.460659851073979,18.027756377319946,34.15915104468632,28.24054427636665,8.074867,11.528778,4.6209574,6.9078207,-0.4335993,-0.7864955,2.0,0.0,0.0,2.5736382,-0.41408864,0.9102362,0.13004783,1.8117521,-6.1633946e-06,3.5409003e-06,-0.00014175808,0.979533,1.1706599
200.24281,294.20868,263.31955,29.675848,267.35654,253.81834,253.49854,258.76923,-13.538193,-0.31980896,27.237673,42.699999999996855,27.68096941943194,10.078241749285095,17.46424919657298,17.633447657281994,19.18201011465994,12.144136,16.155228,8.133045,8.022182,0.6837392,0.71695364,2.0,0.0,0.0,6.0249395,-0.22490387,0.9743808,2.1379867,6.8410735,-1.0988999e-06,5.1282004e-06,-2.52747e-05,1.0533382,1.1591309
189.5027,293.97308,238.51312,26.504498,202.12741,208.2014,212.1318,216.25761,6.07399,3.9304047,6.7578673,41.19999999999828,19.691637506879466,8.571836228883155,9.433981132056603,9.6907427570592,11.909760372375542,3.7667794,3.53292,4.000639,-0.46771908,-0.72613394,-0.66033995,2.0,0.0,0.0,7.0176544,-0.9924083,-0.122985564,0.56366444,2.4911592,-1.6987816e-07,1.1599501e-05,-3.907198e-06,0.9708264,1.411965
191.77393,291.58276,232.86931,24.451946,197.806,197.00357,203.89676,215.839,-0.8024292,6.8931885,7.127354,60.02,26.212846522464073,13.959614885052853,1.4142135623730951,4.114359643375501,5.9878956575121824,3.0991535,3.375741,2.822566,0.553175,-0.81024146,-0.34097084,2.0,0.0,0.0,6.9288964,-0.9986021,-0.05285473,-0.768397,2.2988741,2.8136083e-07,1.11111e-05,6.471299e-06,1.0040731,1.4800887
192.22888,293.79077,237.8678,28.227634,199.30624,210.61293,216.77763,224.97562,11.306686,6.1647034,20.214165,48.739999999999995,32.51757236398572,13.96619701883373,9.486832980505138,13.595382907945574,21.6646479485608,3.7215705,5.6174345,1.8257065,3.791728,-0.08783576,0.06542662,2.0,0.0,0.0,5.259073,-0.77528965,0.6316057,0.5904171,5.0848703,3.3444786e-07,1.1599501e-05,7.692301e-06,0.94631535,1.3949323
264.2879,293.8873,286.30716,4.7783117,291.36707,289.2441,287.89493,286.7257,-2.1229553,-1.3491821,3.57909,17.787271724048217,9.904898474345297,2.70032847178748,37.73592452822641,44.29242599511652,63.70356225902541,15.970391,22.446545,9.494238,12.952307,0.5616192,0.7925676,2.0,1.0,2.0,6.8093286,0.47418526,0.8804249,1.3545411,6.050568,-6.402287e-06,-8.5470003e-07,-0.0001472526,1.0073397,1.0160528
188.24474,294.44995,234.68869,29.351166,199.47678,199.28275,211.26068,217.28293,-0.19403076,11.977936,13.08103,51.620000000000005,24.222285454661808,11.377995380031795,4.121320343559642,5.498818843228941,7.60872045623721,5.561546,7.6885996,3.434492,4.2541075,-0.9456382,-0.28356248,2.0,0.0,0.0,7.1296945,-0.9898257,-0.14228424,-0.2545222,1.7946601,1.7784133e-06,1.2332101e-05,4.0903506e-05,1.0009737,1.4775486
191.58434,287.4067,222.98761,21.297056,207.68457,196.79799,200.51747,208.23721,-10.886581,3.7194824,7.774211,73.47999999999999,28.50839525358888,13.731646608506594,2.0,3.7477335501311413,6.604274966158984,2.8494616,2.5917578,3.1071653,-0.51540756,-0.24650729,-0.15679231,2.0,0.0,0.0,6.5608892,-0.99786496,0.065308705,-0.5300378,2.585165,2.6012623e-07,1.7338201e-05,5.9829035e-06,1.0553186,1.4604149
190.02896,293.09555,234.25865,26.985703,203.11598,202.43,213.00764,222.65706,-0.6859894,10.577652,16.18696,62.120000000000005,30.264270975095396,17.008460949535362,8.48528137423857,6.075698982846727,9.425230552728353,3.494388,5.995883,0.9928932,5.00299,0.21524094,-0.14692718,2.0,0.0,0.0,5.294902,-0.94457126,0.32830593,-0.22461118,3.597866,4.406217e-07,1.1599501e-05,1.0134299e-05,1.0033888,1.447886
188.01823,288.14862,222.59644,19.789553,212.95918,215.95132,224.41583,221.4582,2.9921417,8.464508,12.636276,27.320185662038693,9.155629008267777,1.063722694212422,23.021728866442675,82.0736301974042,82.83954913275474,6.719398,6.903472,6.535324,0.36814785,0.2245163,-0.93133676,2.0,0.0,0.0,7.253778,-0.9949399,-0.10047008,1.0860852,2.5595272,7.432189e-08,1.69719e-05,1.7094035e-06,0.98614436,1.3343221
189.89706,292.97003,234.37247,26.950497,203.29686,201.81,213.35594,222.73524,-1.4868622,11.545944,16.122236,55.7,29.985837270400015,16.869908425526845,3.605551275463989,7.378308520057077,11.678241201489488,3.494388,5.995883,0.9928932,5.00299,0.21524094,-0.14692718,2.0,0.0,0.0,5.294902,-0.94457126,0.32830593,-0.22461118,3.597866,4.406217e-07,1.1599501e-05,1.0134299e-05,1.0073676,1.4517121
185.04335,285.07767,214.02051,19.042074,206.70918,191.05745,198.69263,204.27776,-15.651733,7.6351776,8.044543,76.45,25.261701067386834,8.379999999999999,24.351591323771842,80.54086571446676,76.09243979024248,4.813233,4.213896,5.41257,-1.1986742,0.02693522,0.53302765,2.0,0.0,0.0,4.6568456,0.95078504,-0.30985057,-1.764563,1.243443,-2.176565e-06,2.0512802e-05,-5.0060997e-05,1.0819216,1.4921044
186.2568,294.84528,231.7107,24.900856,197.23987,201.54343,208.3007,220.24077,4.3035583,6.7572784,11.2154255,46.36,22.590046868165725,7.520481642412162,11.0,10.47814931567268,15.764384547456077,4.4742703,5.46369,3.484851,1.9788389,-0.044211954,0.5925178,2.0,0.0,0.0,8.556102,0.14866833,0.98888695,3.3407426,4.619113,-1.2326792e-05,4.2735e-06,-0.00028351622,0.978647,1.4629368
223.2647,292.33853,271.48892,17.41838,245.30908,267.7867,278.41873,273.61414,22.47763,10.632019,6.657852,25.1,11.382217067341486,3.7199999999999998,10.44030650891055,37.94483231163606,25.567306158814418,9.811838,16.376118,3.2475576,13.12856,0.59165573,0.7887367,1.0,1.0,1.0,4.347353,0.99965864,-0.02611468,-6.29766,0.39738902,2.7504357e-05,3.8827802e-05,0.0006326002,0.91606146,1.0916842
221.42572,291.34567,274.38312,18.695341,228.40776,254.85126,277.49084,280.82196,26.443497,22.639587,6.6684303,33.86,13.121226864093073,5.340000000000001,9.055385138137417,8.89102559710278,11.415744805353802,12.074896,19.836323,4.313468,15.522855,0.56288844,0.7906898,0.0,2.0,0.0,9.821475,0.95134586,0.3081247,-3.9437935,1.251989,1.9557236e-05,3.36996e-05,0.0004498164,0.89623946,1.1431988
215.71375,289.56146,259.15353,21.49017,240.13449,238.42271,241.00305,253.58717,-1.7117767,2.5803375,9.979003,38.66,21.615278161713892,7.08,15.297058540778355,16.8080171132025,23.982947654525233,3.7189002,4.5030737,2.9347267,1.568347,0.8862625,-0.112502255,1.0,1.0,1.0,12.7860985,0.50324756,0.86414224,2.1586082,5.093416,3.4092445e-05,4.9694703e-05,0.0007841262,1.0071796,1.2144878
193.1458,296.24036,267.16766,27.785707,232.76114,250.20897,265.8504,272.38806,17.44783,15.641434,21.55838,26.839998112169457,16.17087534437836,6.978303270636005,26.419689627245813,36.620307225942945,40.74067992480603,4.9726996,5.212282,4.733117,0.47916508,0.9220706,0.37484503,2.0,0.0,0.0,3.998369,-0.7095449,0.7046599,1.5514708,4.516561,-4.878691e-06,7.3260003e-07,-0.0001122099,0.930267,1.1839718
192.43103,294.9474,232.91814,27.04696,205.164,205.69693,209.83157,220.55453,0.53292847,4.1346436,18.309326,60.6,29.90913889631847,8.48291119035142,13.038404810405298,12.558846991824886,11.9431301737362,6.0857267,9.3725395,2.798914,6.5736256,-0.16873899,0.96214604,2.0,0.0,0.0,7.8429775,-0.9600417,0.2798565,0.8215308,2.5552542,-2.3517516e-06,6.1050005e-06,-5.4090287e-05,0.99740916,1.433893
189.4032,291.0526,229.62106,19.335413,205.07564,205.51334,216.1293,226.93764,0.43769836,10.615967,4.7061386,48.259999999999984,20.99369058146612,8.326911570045983,14.142135623730951,10.647817194592928,11.461984294478187,4.5219584,4.8517656,4.192151,0.65961456,-0.70472366,-0.68058765,2.0,0.0,0.0,7.7837443,-0.99557745,0.09394311,-0.08230173,3.2902102,-3.238305e-07,5.7387e-06,-7.4481018e-06,0.9978702,1.4162225
194.41235,294.0435,239.10588,27.08279,210.67342,207.03914,211.73221,216.7004,-3.6342773,4.6930695,6.716392,56.67999999999999,25.150854844125767,7.46058411183793,14.142135623730951,13.26207888036907,14.00647443994293,4.1452265,4.4351673,3.8552856,0.57988167,-0.8845075,0.36629948,2.0,0.0,0.0,7.723947,-0.9631409,0.26899672,0.40630656,2.811634,-1.0245783e-06,4.0293003e-06,-2.35653e-05,1.0175536,1.4202315
191.69583,295.92285,251.30208,29.156633,198.78891,208.48033,229.30336,240.8514,9.6914215,20.823029,16.034437,53.379999999999995,20.063195442557653,6.019110218008445,6.082762530298219,6.080823534381675,10.024606008309888,6.512625,9.18942,3.8358307,5.353589,0.22928393,0.8583037,2.0,0.0,0.0,6.5457773,-0.9856221,0.16896379,0.5826143,4.178994,-1.2050739e-06,4.3956e-06,-2.77167e-05,0.953514,1.4194281
190.49521,294.22296,228.81346,28.432102,216.70354,203.00513,205.95795,212.81522,-13.69841,2.9528198,14.349661,50.9,22.545171933543305,8.861924554902227,13.601470508735444,13.450246538251113,14.649241664024219,8.171959,10.329722,6.0141954,4.315527,-0.31457648,0.9436875,2.0,0.0,0.0,8.637263,-0.93917286,0.3434447,0.59896326,2.529616,-2.9569442e-06,5.4945003e-06,-6.8009715e-05,1.0674782,1.4493376
192.46599,294.9874,236.08914,29.087475,205.719,210.54807,212.34242,218.7476,4.829071,1.7943573,14.732376,35.7999999998905,28.856342271379273,18.21564012252388,44.04543109109048,47.11402007868477,52.221461072610026,6.899276,9.9116,3.8869514,6.0246487,0.26082557,0.91650975,2.0,0.0,0.0,5.6859274,0.24818939,0.96871144,1.2967626,6.285583,-5.239683e-06,1.7094001e-06,-0.00012051271,0.9770643,1.4010454
206.94707,295.3163,256.57413,26.951422,224.5002,231.17007,240.35751,245.47472,6.669876,9.187439,17.064148,31.399999969362124,17.809018111555105,5.28213015445533,36.05551275463989,37.91286841624814,33.79058338032551,3.85109,4.125389,3.5767908,0.5485983,0.81914604,0.5124655,2.0,0.0,0.0,3.273359,-0.566861,0.82381314,1.1355033,3.6662343,-6.2058652e-06,-1.7094001e-06,-0.0001427349,0.9711473,1.277485
191.9603,290.31268,228.93347,21.378138,203.99782,206.21295,207.31146,218.28072,2.2151337,1.0985107,9.542123,56.279999999999994,22.106301821470492,5.940322491684259,10.198039027185569,11.153412346434427,10.854792693776062,8.081354,11.4574375,4.70527,6.7521677,0.28421706,0.90802497,2.0,0.0,0.0,6.8161335,-0.9742883,0.22530417,0.50254196,3.610685,5.096348e-07,5.1282004e-06,1.17216005e-05,0.98925805,1.4078295
194.90979,296.22845,256.65796,30.4639,207.38571,218.41995,233.73697,251.19426,11.034241,15.317017,14.762167,32.53999983946422,16.900615076209878,5.299187143415384,49.09175083453431,33.55970633168682,34.63404487682743,2.0025315,2.583747,1.4213161,1.1624308,0.006445624,0.4685083,2.0,0.0,0.0,3.163817,-0.43947992,0.8982521,0.9835331,2.089497,-5.0114086e-06,1.3431e-06,-0.000115262395,0.94948155,1.3562335
192.98738,294.05106,232.15225,21.446867,221.53612,203.22427,210.80424,228.9058,-18.311844,7.5799713,9.771506,40.57500000006452,20.99034414539525,13.917545156067998,15.297058540778355,17.237806835043838,18.828950945647026,4.040505,5.5907297,2.4902802,3.1004496,-0.6222522,0.45794392,2.0,0.0,0.0,8.447124,-0.94354916,0.33123216,0.9424754,2.6065302,-2.8295349e-06,2.8083e-06,-6.50793e-05,1.0901066,1.4469289
185.39183,292.30603,247.11397,24.995989,211.74232,220.31444,228.08821,239.22185,8.572113,7.773773,16.384342,27.459991540030057,10.134898132567853,2.8201968298440505,46.32493928760188,43.56160982770276,38.939559805334795,3.6342072,4.599593,2.6688213,1.9307718,-0.17605159,-0.90900624,3.0,3.0,9.0,8.555236,-0.9912701,0.13184592,-0.15327069,3.563682,-9.3963916e-07,5.9829003e-06,-2.16117e-05,0.96109146,1.3267674
194.93561,293.5042,238.5318,29.329132,203.66765,207.67725,211.52197,221.94043,4.009598,3.8447266,15.811647,,,,,,,3.634399,4.047945,3.2208529,0.8270922,-0.49179742,-0.830253,3.0,3.0,9.0,8.096927,-0.98330283,0.18197584,-0.08824674,3.217569,-1.2740869e-06,4.1514004e-06,-2.9304e-05,0.9806931,1.413271
197.40076,294.98853,236.968,19.769142,215.81557,211.74431,222.49947,232.20317,-4.0712585,10.755157,8.283437,58.0,22.653566062821653,7.895234663631648,7.0710678118654755,7.684570044885802,7.827904293696253,3.0936217,3.0323906,3.1548529,-0.12246227,-0.6894789,-0.6127954,2.0,0.0,0.0,7.331086,-0.9924408,0.12272297,0.2010168,2.4911592,-7.3260003e-07,4.884e-06,-1.68498e-05,1.0192273,1.3931355
191.13342,292.5837,239.1714,25.889639,198.84387,206.33994,212.40775,224.7214,7.496063,6.06781,10.372304,,,,,,,3.4102674,3.4089327,3.411602,-0.0026693344,-0.45959955,-0.8567345,2.0,0.0,0.0,8.238961,-0.99791104,0.06460122,-0.24523306,3.6662343,-6.688956e-07,5.1282004e-06,-1.53846e-05,0.96367127,1.4179693
193.04092,294.71667,261.4171,20.7978,259.5351,247.1477,249.83492,254.44646,-12.38739,2.68721,15.713059,27.919973239753926,16.491121341402376,3.4396056645986355,43.41658669218482,54.94365625432055,46.52557337015781,5.843664,6.455208,5.2321205,1.2230873,0.8892828,0.35112107,2.0,0.0,0.0,4.778513,-0.8134052,0.5816971,1.4706552,4.1704483,-3.9709043e-06,2.442e-07,-9.1330796e-05,1.0501214,1.1924719
198.05003,298.8656,248.24644,22.327662,219.09099,227.96037,234.07295,243.70056,8.869385,6.1125793,9.137422,32.93998313278147,18.69752088773559,4.7020438258380475,36.71511950137164,71.61114590143943,47.74552249016855,3.3707814,3.3425503,3.3990126,-0.056462288,0.22668308,0.91445994,2.0,0.0,0.0,4.039753,-0.115736574,0.99327976,1.2176193,4.311457,-5.7333914e-06,4.884e-07,-0.000131868,0.9610924,1.311042
193.83772,282.0332,221.6289,14.641345,200.41716,203.14445,204.83101,218.09656,2.727295,1.686554,6.2052903,56.94000000000001,28.60936275666746,7.9,8.48528137423857,10.2700432055578,13.023486835491237,8.649025,11.503981,5.7940693,5.7099113,0.25756735,0.5433799,2.0,0.0,0.0,3.9359071,0.6621855,0.74933964,0.22256751,4.213178,-6.3704356e-06,6.2271e-06,-0.00014652002,0.9865746,1.3883382
187.3084,283.50177,235.44844,19.839369,247.48972,231.16254,230.03183,231.09702,-16.327179,-1.1307068,11.549391,35.67999999999999,16.399552715654956,5.640000000000001,28.160255680657446,36.15457746645624,31.405655211541198,3.6839929,3.8465118,3.521474,0.32503796,-0.6542724,-0.2534517,2.0,0.0,0.0,6.6642733,0.9909943,-0.1339033,-0.9643975,4.1960864,6.2377185e-06,2.8571401e-05,0.00014346752,1.0706308,1.2264174
198.47002,296.87927,265.605,23.139612,253.44855,256.0238,262.0555,259.88937,2.5752563,6.031708,14.920943,17.04,5.486179973001639,0.2,10.295630140987,122.47617650344665,121.72666201266262,6.6059017,9.031097,4.180706,4.8503914,-0.12694734,0.2499182,2.0,0.0,0.0,6.8194447,-0.99869764,0.05101789,-0.0330693,2.0211291,1.0086526e-07,5.1282004e-06,2.319901e-06,0.98994136,1.1595769
189.50223,295.0711,251.1933,33.069637,204.07372,216.54134,235.36574,250.57445,12.467621,18.824402,25.050303,39.50000000000001,16.429878803918452,5.200045597051837,26.92582403567252,30.503108949303122,36.84462803316066,7.4736233,7.761465,7.1857815,0.5756836,-0.9411877,-0.33625436,2.0,0.0,0.0,7.0148993,-0.923015,0.3847636,2.404956,5.5677195,-7.0552574e-06,3.6630001e-06,-0.00016227092,0.9424238,1.3626549
198.19092,299.29092,254.44147,21.802567,212.06706,233.89229,243.9935,246.55794,21.825226,10.101212,3.9035206,36.539999640360726,21.340793556716616,6.674471958921025,35.014282800023196,54.92438874717803,36.875598864588746,2.3500786,1.9268036,2.7733536,-0.84655,0.43668246,0.060082287,2.0,0.0,0.0,2.2294695,-0.98668796,0.16262282,-1.2748402,0.837508,-6.9172315e-06,1.01343e-05,-0.00015909632,0.90668684,1.27961
191.78505,294.39877,250.47,23.990448,241.35733,225.14217,232.80443,238.11642,-16.215164,7.662262,13.560894,33.23999999429841,23.797558138094423,9.660730830942702,12.083045973594572,16.653916341394318,22.00377131329183,3.953332,4.2737923,3.6328716,0.64092064,0.14994718,-0.7118428,2.0,0.0,0.0,2.9200606,-0.98577666,0.16805863,-0.39237288,0.846054,-6.248335e-06,7.0818005e-06,-0.0001437117,1.0720218,1.3076128
217.39072,295.6399,269.5639,18.604225,227.40213,242.96428,256.18088,269.09354,15.562149,13.2165985,11.240543,41.94999999954564,19.771655389223906,16.090997672417398,43.104524124504614,61.17548757457021,61.17548757457021,9.569584,13.250868,5.8883,7.362568,0.7797383,0.6038277,1.0,0.0,0.0,7.1232653,0.08705852,0.99620306,-1.1618844,0.17946601,5.0061003e-06,1.31868e-05,0.000115140305,0.9359488,1.2168039
194.14018,292.4792,237.0524,26.65143,216.77904,232.47087,234.70638,235.65094,15.6918335,2.2355042,18.747143,27.853926679952423,10.139418415555125,2.3670466093925953,40.11234224026316,136.8320198922548,125.05176409811669,5.989398,8.5072975,3.4714985,5.035799,-0.81140345,-0.25260717,2.0,0.0,0.0,4.1648164,-0.8846063,0.46633816,0.07840026,1.897212,3.4931218e-06,1.11111e-05,8.03418e-05,0.93249977,1.2581326
197.80083,296.39594,267.1995,32.47911,204.39044,220.73514,238.04596,257.119,16.344696,17.310822,19.186419,38.05999999899787,17.278843374513947,4.683187498220855,13.038404810405298,14.423699336253309,16.757259738348573,3.3993945,4.861684,1.9371052,2.9245787,-0.7486752,0.58486307,2.0,0.0,0.0,2.5618517,-0.47031596,-0.88249767,-0.7030014,0.188012,-1.9854522e-06,6.8376003e-06,-4.56654e-05,0.9259533,1.3427674
200.242,297.11603,271.1959,30.64661,207.81432,219.68124,238.6315,263.25497,11.866928,18.950256,14.483503,36.13999999681979,15.583908527620641,6.138092842251853,20.12461179749811,18.83316901785117,19.480520520998535,6.461886,9.29853,3.6252422,5.6732874,-0.9705037,0.057891168,2.0,0.0,0.0,4.1123343,-0.8323697,-0.55422044,-1.8503948,0.31192902,-2.9622524e-06,3.6630001e-06,-6.8131805e-05,0.94598114,1.352487
194.30988,295.96988,252.13818,32.69453,213.12344,228.78668,236.29274,244.22806,15.663239,7.5060577,26.815063,35.31999999999999,16.64681799468015,6.8822440626807975,37.64306044943742,48.67294144227802,48.13138799890878,5.230785,7.77024,2.69133,5.07891,-0.9153695,0.11770276,2.0,0.0,0.0,3.4431946,0.49422854,0.86933166,1.882721,6.4095,-2.9197827e-06,1.221e-07,-6.7155e-05,0.9315378,1.2936499
192.3468,292.229,253.28433,30.229261,253.8362,248.16267,248.93137,256.18912,-5.673523,0.768692,27.562584,32.739999999999995,14.006517412935322,6.65,26.627053911388696,26.351931766099646,26.351931766099646,11.903601,16.210163,7.597039,8.613124,-0.40908748,0.8878277,2.0,1.0,2.0,4.9969816,0.9134281,0.40699953,0.55326056,4.084988,-8.817743e-06,-3.6630001e-07,-0.00020280809,1.0228621,1.1775703
199.73424,296.46692,256.9349,20.050564,263.50592,266.00888,255.0419,247.90677,2.5029602,-10.96698,9.175043,28.152565935082368,8.378378915750654,2.8601532907120375,49.8196748283246,61.386489192174544,61.12774788777063,6.0021787,8.017071,3.9872866,4.029784,0.38966998,0.8478048,2.0,1.0,2.0,1.4408782,-0.648975,0.7608089,-1.6774312,1.53828,-3.6311476e-06,1.0989001e-05,-8.3516396e-05,0.9905907,1.1145
195.59584,294.01788,249.30243,20.564337,243.31107,250.91371,237.42468,230.12453,7.602646,-13.489029,5.141449,29.399565783202412,6.788669676565849,5.233379067543364,42.190046219457976,42.190046219457976,42.190046219457976,1.5346222,2.0752077,0.9940367,1.081171,0.18776697,-0.0007535741,3.0,3.0,9.0,2.970326,0.29220802,-0.95635444,-1.0396395,1.1579831,9.741457e-06,2.7350401e-05,0.00022405351,0.96970016,1.1717888
186.08153,294.0889,240.6331,30.032675,196.53836,203.6351,209.81804,219.60286,7.0967407,6.1829376,12.002792,54.82000000000001,18.771936195046038,6.76,21.587033144922902,50.28375062777505,47.71571883647584,3.008738,1.1680002,4.849476,-3.6814756,-0.047425926,0.05752051,2.0,0.0,0.0,2.084968,-0.2447391,-0.9695885,-0.030654121,3.123563,-1.0617391e-07,1.57509e-05,-2.4419999e-06,0.9651497,1.4441955
187.18698,291.16342,227.54173,18.663307,191.99219,202.48389,214.09962,224.12955,10.491699,11.615738,8.0879965,16.974999999999998,13.069854651162792,8.180000000000001,44.94441010848846,50.57955174847774,51.44628045382807,3.3091688,2.786705,3.8316326,-1.0449276,0.20360807,-0.42110723,2.0,0.0,0.0,2.6718287,-0.4505001,-0.892776,-0.55549,1.038339,4.1407825e-06,1.72161e-05,9.5238e-05,0.948185,1.4379585
186.62953,294.02237,240.63377,30.097519,196.6335,203.23677,210.12093,218.72726,6.6032715,6.8841553,11.479035,58.4583120049849,18.066999815177773,5.929245189871028,43.41658669218482,59.5401582221463,41.66621122327937,3.008738,1.1680002,4.849476,-3.6814756,-0.047425926,0.05752051,2.0,0.0,0.0,2.084968,-0.2447391,-0.9695885,-0.030654121,3.123563,-1.0617391e-07,1.57509e-05,-2.4419999e-06,0.96750945,1.4466987
192.84021,291.9629,239.74492,21.147749,201.6265,207.52931,221.44,228.05728,5.902817,13.91069,4.8019204,47.739999999999995,18.868872408161184,6.278886457785647,19.5524865872714,19.452785816232375,20.883533701416095,2.364194,2.084363,2.6440248,-0.55966187,0.66321677,-0.123485416,2.0,0.0,0.0,8.448062,-0.997921,0.06444726,-0.07208367,1.175075,1.9270567e-06,8.669101e-06,4.4322303e-05,0.9715567,1.4068513
200.81958,296.13763,265.6714,26.410555,211.11967,211.7996,229.50584,251.47899,0.67993164,17.706238,3.7389896,65.06,20.10739046555294,6.697784822062895,6.708203932499369,6.403713942388859,7.460720083221706,1.3980446,1.230566,1.5655231,-0.33495712,-0.54358745,-0.008618891,2.0,0.0,0.0,9.717556,-0.9955634,-0.09409173,-0.89417166,2.1664112,2.8454613e-06,9.5238e-06,6.544561e-05,0.99678975,1.3981973
190.91815,294.6948,257.56042,24.920015,209.55736,215.09851,233.90744,254.24843,5.541153,18.80893,9.990055,41.31999999997293,17.179008354279624,5.342822115675256,5.385164807134504,4.383048859530102,9.44065356046001,1.9531274,1.7928972,2.1133575,-0.32046032,0.8649529,-0.11401418,2.0,0.0,0.0,7.841794,-0.9774662,0.21109161,0.18318164,4.1362643,1.1785305e-06,8.547e-06,2.7106202e-05,0.974239,1.3700457
188.38713,294.38135,258.3619,30.683453,194.43509,199.2087,215.43831,243.20369,4.7736053,16.229614,6.3930883,42.96,15.63331977917641,5.726417524103243,6.4031242374328485,7.168999647423163,7.33650359233768,4.188336,3.8102694,4.5664024,-0.7561331,-0.4736013,-0.8766271,2.0,0.0,0.0,6.915912,-0.9683515,-0.24958968,-0.08508844,2.140773,-2.298665e-06,4.884e-06,-5.2869298e-05,0.97603714,1.4777535
200.06009,295.40076,254.81075,23.583996,213.28517,211.33904,227.47395,241.09567,-1.9461365,16.134918,6.276724,59.85999999999999,20.125318146176422,8.079697728324735,2.23606797749979,5.300874972063715,6.025809538026113,2.1526523,2.353321,1.9519835,0.40133762,0.28802493,0.57167065,2.0,0.0,0.0,8.786408,-0.9995068,-0.03139957,-0.32028922,1.9100311,3.4612694e-06,1.05006e-05,7.96092e-05,1.0092086,1.3977576
199.4444,295.28235,268.66626,26.101637,215.73042,211.65923,233.79352,257.1532,-4.0711975,22.134293,2.2063344,48.99999999999978,18.50842660461345,7.475105709340504,7.0710678118654755,8.507494655129657,9.534626615687557,2.3790727,2.0832195,2.6749258,-0.5917063,-0.2559538,0.5469846,2.0,0.0,0.0,8.020485,-0.99556625,-0.09406207,0.0066881697,2.17923,3.243613e-06,1.0012201e-05,7.46031e-05,1.0192347,1.3950838
203.07208,294.2785,260.0932,29.040817,232.87286,239.44984,248.81296,253.94104,6.5769806,9.363113,24.28546,27.519973724818147,14.311048620690745,4.079222420066769,12.083045973594572,17.551076105087372,25.713092897135848,7.3696647,9.179882,5.5594473,3.6204348,0.40344,0.9030844,2.0,0.0,0.0,3.273359,-0.82381314,0.56686103,1.0693647,4.6276593,-4.416835e-06,6.105e-07,-0.000101587204,0.9725329,1.2289777
190.66148,294.17657,248.14397,27.163227,196.33434,197.93918,212.54156,233.99475,1.6048431,14.602386,8.64348,,,,,,,2.7329135,2.5791693,2.8866577,-0.30748844,-0.50835305,-0.8096796,2.0,0.0,0.0,7.377457,-0.9871957,-0.15951335,0.43268773,2.277509,-5.255608e-07,9.035401e-06,-1.2087898e-05,0.9918922,1.4861968
194.21973,295.1894,258.73093,25.929811,200.08035,206.46672,235.07648,252.67746,6.386368,28.609756,7.2515016,54.38000000000001,17.170639077139995,8.82273326911057,4.123105625617661,3.6891686785239273,4.1322910701315,2.7851787,2.0809298,3.4894276,-1.4084978,-0.67468804,-0.71822023,2.0,0.0,0.0,6.0810385,-0.9621801,-0.27241358,-0.11778618,1.790387,-3.4931218e-06,5.0061003e-06,-8.03418e-05,0.9690683,1.429719
188.49123,295.04276,252.50905,26.77111,193.51292,200.50085,222.51721,242.61945,6.9879303,22.016357,7.8918514,52.260000000000005,20.006407975688226,9.336711203908369,2.23606797749979,5.4710686832813815,7.906160005263035,4.241746,4.7357883,3.7477036,0.9880848,-0.5443512,-0.83621895,2.0,0.0,0.0,7.5114417,-0.99997765,0.0066632675,-0.24950604,1.461366,4.459305e-07,7.4481004e-06,1.0256402e-05,0.9651476,1.4715286
196.348,294.27667,258.7818,25.254015,209.33243,211.26208,226.38037,245.98204,1.929657,15.118286,6.045984,55.960000000000015,16.250772189966245,5.358074500529412,14.035668847618199,11.346278614597988,10.579044259739003,1.7421584,2.0961905,1.3881264,0.7080641,0.04112956,-0.7034798,2.0,0.0,0.0,9.38478,-0.9995165,-0.031088552,-0.5322672,3.021011,1.5129784e-06,1.01343e-05,3.4798504e-05,0.99086607,1.392946
197.21461,294.56308,254.60425,26.89748,209.03523,208.26808,220.20222,236.77519,-0.7671509,11.934143,4.9805493,58.7,18.237444163768348,6.1606342366817985,6.708203932499369,7.055983125352971,7.842081936872103,2.1875591,1.9615202,2.413598,-0.45207787,-0.027649969,0.05944737,2.0,0.0,0.0,8.68095,-0.9999772,0.0067499517,-0.29335076,2.469794,2.7074348e-06,9.768e-06,6.2271e-05,1.0036834,1.4143457
197.31857,294.62885,249.92717,28.534288,206.17458,210.26569,217.61446,227.19202,4.09111,7.34877,6.630789,50.900000000000006,16.796901951110318,6.479143402977866,6.0,8.50514880965039,8.08587555213326,4.486479,4.7067947,4.266163,0.44063187,0.8287338,0.2551958,2.0,0.0,0.0,7.2912865,-0.9432773,0.33200547,0.1679475,2.239052,-7.113654e-07,8.7912e-06,-1.6361404e-05,0.98054314,1.4012218
193.48059,295.1097,254.06848,30.846577,201.2972,211.79047,218.82674,228.97362,10.493271,7.03627,10.475992,44.28000000000526,17.166373737945847,5.697490754983268,3.1622776601683795,3.7930592136932906,9.507173737430017,2.8664384,1.7967119,3.9361649,-2.139453,-0.6666293,-0.61226296,3.0,3.0,9.0,6.1145935,-0.9650854,-0.26193464,-0.18169542,1.0084281,-3.5939875e-06,5.8608002e-06,-8.266171e-05,0.9504545,1.3934041
201.24785,296.18414,265.78412,26.430294,211.33333,212.04437,229.35367,251.35112,0.7110443,17.309296,3.7062798,63.84000000000001,17.11158175824489,5.2604283916536385,7.211102550927978,5.081333375726347,7.131047591687847,1.3980446,1.230566,1.5655231,-0.33495712,-0.54358745,-0.008618891,2.0,0.0,0.0,9.717556,-0.9955634,-0.09409173,-0.89417166,2.1664112,2.8454613e-06,9.5238e-06,6.544561e-05,0.9966467,1.3968027
197.21461,294.56308,254.60425,26.89748,209.03523,208.26808,220.20222,236.77519,-0.7671509,11.934143,4.9805493,33.149999999992325,13.731968744358902,7.122047607243469,6.324555320336759,7.284926953067301,8.251360277314522,2.1875591,1.9615202,2.413598,-0.45207787,-0.027649969,0.05944737,2.0,0.0,0.0,8.68095,-0.9999772,0.0067499517,-0.29335076,2.469794,2.7074348e-06,9.768e-06,6.2271e-05,1.0036834,1.4143457
201.24498,296.56827,257.9272,27.35635,218.95753,209.69507,220.7548,238.26007,-9.262466,11.059738,4.339497,49.45,19.334934137736443,5.9791550163053655,15.033296378372908,16.360931436830953,17.032450881285413,3.1754537,1.2359076,5.115,-3.8790922,-0.1483261,0.36935326,3.0,3.0,9.0,9.110725,-0.993539,-0.113489896,-0.6881388,2.824453,3.3869478e-06,9.5238e-06,7.78998e-05,1.0441711,1.4142835
188.38713,294.38135,258.3619,30.683453,194.43509,199.2087,215.43831,243.20369,4.7736053,16.229614,6.3930883,35.3499999999501,16.494854173468962,10.114026722496925,9.219544457292887,10.344642689792868,12.33948657198334,4.188336,3.8102694,4.5664024,-0.7561331,-0.4736013,-0.8766271,2.0,0.0,0.0,6.915912,-0.9683515,-0.24958968,-0.08508844,2.140773,-2.298665e-06,4.884e-06,-5.2869298e-05,0.97603714,1.4777535
214.13437,294.8689,269.15707,22.553204,261.4621,252.74487,251.90088,266.1673,-8.717224,-0.84399414,13.944156,28.13999938179419,17.23976522196669,5.5394784720838475,28.178005607210743,29.24709844943141,37.38459943671977,8.360802,10.456762,6.264841,4.191921,0.25848854,0.9198756,1.0,0.0,0.0,5.3803735,0.919356,0.39342624,-0.5192624,1.316084,1.8580438e-06,9.035401e-06,4.2735006e-05,1.0344902,1.1666662
211.15848,294.89053,267.5334,21.775587,268.18942,255.52104,259.86578,262.72855,-12.668381,4.344742,15.955611,23.11989465334002,14.530054655666632,4.18003490163794,40.8166632639171,41.19904812114198,44.84120926016457,11.95167,15.714597,8.188744,7.525853,0.089515455,0.97305894,1.0,0.0,0.0,5.445056,0.91426384,0.40511888,0.17705084,2.059586,8.175393e-07,8.669101e-06,1.8803403e-05,1.0495787,1.1540754
196.63144,295.29993,279.05704,22.741964,291.4325,290.082,285.96616,278.84848,-1.3504944,-4.1158447,17.679138,32.21999913778786,11.613931793402749,0.5027362782741648,48.093658625644196,47.967266170463766,50.753503283194696,14.194509,18.329395,10.059622,8.2697735,-0.039620727,0.9941428,1.0,1.0,1.0,5.5043488,0.9827034,0.18518558,-0.83973753,0.846054,-1.1466783e-06,6.3492002e-06,-2.63736e-05,1.0046556,1.0179877
195.86357,295.71545,270.72388,26.984234,244.70132,252.91321,259.18106,264.82166,8.211884,6.267853,21.584581,34.27999999846348,19.657003388333656,10.10087145719363,16.401219466856727,19.423365548449876,22.061332983737785,10.872407,14.062701,7.6821127,6.3805885,-0.66255605,0.7431817,2.0,1.0,2.0,5.276103,0.23877732,-0.9710742,-0.35707417,1.2947191,-9.1840434e-07,7.9365e-06,-2.11233e-05,0.96753085,1.1692369
205.74855,295.24496,269.6994,25.21998,285.36224,270.508,267.76923,268.57834,-14.854248,-2.7387695,22.376476,39.25999999999999,21.034640552067312,8.621779279287871,13.416407864998739,13.316088973630432,14.998146623490612,8.297854,10.258383,6.337326,3.9210567,-0.6229105,0.7760772,2.0,0.0,0.0,4.966865,0.15582372,-0.9877847,0.01300478,1.145164,2.442e-07,1.08669e-05,5.6166004e-06,1.0549124,1.0914464
197.68849,294.84393,267.767,29.479223,250.26793,249.77606,257.2441,263.16324,-0.49186707,7.468048,24.641304,32.07999999921673,21.555663568553104,14.23506741877552,33.06055050963308,35.66830450252374,39.14971491706796,11.022909,16.912125,5.1336937,11.778431,-0.3445375,0.9117836,2.0,0.0,0.0,3.3333247,0.5302951,-0.84781283,-1.4825455,0.935787,-2.9197832e-07,8.547e-06,-6.7155015e-06,1.0019692,1.1804332
211.61507,294.59543,271.36563,22.96811,280.822,256.0733,249.75452,258.20346,-24.748688,-6.3187866,14.583187,,,,,,,9.145929,12.677093,5.614765,7.0623274,0.46436763,0.867949,2.0,0.0,0.0,3.6538885,0.9999496,-0.010022884,-1.0158595,1.897212,2.6862e-06,1.1355301e-05,6.17826e-05,1.0966469,1.150434
207.55847,293.4637,249.30212,25.94141,224.35309,219.13193,223.86769,236.2449,-5.221161,4.7357635,16.47969,25.240000000000002,16.930902409146594,8.94,31.016124838541646,29.702879699573746,31.989658486369724,9.590185,10.708934,8.4714365,2.2374973,0.108531944,0.91783977,2.0,0.0,0.0,8.951799,0.99985915,-0.016773412,-0.010589589,3.0851061,6.4766084e-07,1.14774e-05,1.4896199e-05,1.0238266,1.3392102
182.27295,284.8015,210.12007,14.474913,200.5415,196.09319,199.4791,206.66576,-4.4483185,3.38591,7.5590324,29.46,24.574027303754267,18.84,44.40720662234904,61.76715705166599,63.98164815664202,7.703477,10.623096,4.7838573,5.839239,-0.48226604,0.85508,2.0,0.0,0.0,7.7896867,0.885902,-0.46387225,-0.43157303,4.508015,4.2841175e-06,1.91697e-05,9.85347e-05,1.0226847,1.4523784
188.01991,278.8971,224.47902,18.006184,227.37816,219.97372,223.51656,223.05275,-7.404434,3.5428314,12.152866,36.94000000000001,22.66498949717737,7.56,29.723526785137146,33.06455140910951,34.581060412706364,5.575852,6.3247356,4.826968,1.4977674,0.3030826,-0.8890492,2.0,0.0,0.0,1.8885174,0.9993441,-0.036198754,-1.2211491,1.414363,1.2953216e-06,1.40415e-05,2.9792396e-05,1.0336605,1.2678655
197.50116,285.2487,232.86833,17.610651,217.74133,218.87518,219.3516,226.11713,1.1338501,0.4764099,10.4041395,33.75999822033887,12.465450814023882,4.6193658661035055,11.313708498984761,10.864981445918763,16.545162444295237,5.4951644,7.760702,3.2296267,4.5310755,-0.7791183,0.5894989,2.0,0.0,0.0,6.164803,-0.99564093,0.093267076,0.9839047,2.059586,-1.0139607e-06,4.5177003e-06,-2.3321098e-05,0.99481964,1.3032482
206.09732,294.49197,265.9593,18.675339,260.55774,264.51846,264.69464,265.385,3.9607239,0.17617798,14.7618885,80.0,10.894646893245492,3.272274988338777,54.43709113370529,54.42162547866197,55.24286740696286,14.508101,19.952679,9.063524,10.889154,0.43695915,0.8332163,2.0,1.0,2.0,8.099508,0.8749239,0.48426017,1.2636933,4.405463,-9.0354e-06,1.221e-07,-0.00020781418,0.98502666,1.1133134
183.16905,286.5512,224.67267,24.616392,190.37698,191.37874,194.97507,209.53404,1.0017548,3.5963287,11.323492,49.540000000000006,19.49690270701051,7.139115277677552,6.324555320336759,69.85667898257542,52.77572620115533,12.966841,17.609125,8.324559,9.284566,0.62507594,0.57629764,2.0,1.0,2.0,6.71124,0.84545416,0.5340476,0.72863954,3.9952552,-7.872797e-06,2.442e-06,-0.00018107434,0.9947656,1.4972991
188.04593,292.6298,209.70016,12.909781,249.26732,201.12291,197.64441,200.5729,-48.14441,-3.4785004,4.036868,37.475,36.02090909090909,34.96,49.25444142409901,66.26242709679856,76.70681591081666,5.7547755,7.4146814,4.0948696,3.3198118,-0.7648706,0.5815954,2.0,0.0,0.0,3.5446346,-0.8158686,0.57823694,1.2027566,3.0124652,-1.3908782e-06,5.0061003e-06,-3.19902e-05,1.2393781,1.4549799
200.66548,286.92303,222.38704,13.719338,212.93633,210.4247,210.83728,214.80794,-2.5116272,0.4125824,4.905467,41.18000000000001,36.00246504401865,28.560000000000002,32.01562118716424,30.819932467947336,37.364248091708546,8.923133,10.0745,7.7717657,2.3027344,0.97280234,0.13632485,1.0,0.0,0.0,7.583096,-0.07356925,0.99729,0.88153845,3.6705072,6.343891e-06,1.9291801e-05,0.0001459095,1.011936,1.3635426
228.34288,287.14716,253.91803,10.668579,259.99924,257.83395,255.72331,253.83397,-2.1652832,-2.1106415,8.481663,,,,,,,15.854033,21.295559,10.412508,10.883051,0.9298874,0.3392619,0.0,2.0,0.0,12.08603,0.06272413,0.9980308,-2.3453197,0.45293802,5.3193135e-06,2.2100101e-05,0.00012234421,1.0083979,1.1136903
189.52252,287.05118,230.6037,18.434944,205.28488,219.4168,229.45271,231.39024,14.131912,10.035919,10.859555,41.620000000000005,24.238507322029406,5.402046898667434,26.30589287593181,26.886434000623805,35.48579941758714,8.087839,9.533533,6.642144,2.891389,-0.96563035,-0.1619965,1.0,0.0,0.0,2.8518627,-0.9999329,-0.011557443,1.5715352,3.435492,-4.512392e-07,4.2735e-06,-1.0378501e-05,0.9355933,1.3082461
194.62518,294.27734,249.49632,29.882484,233.95921,234.1859,237.91371,248.04892,0.22668457,3.7278137,22.754362,22.117267793440885,13.766641024002695,6.166461440324217,36.87817782917155,46.503311006031645,56.7555661675134,10.924863,12.933842,8.915884,4.0179577,-0.39482564,-0.9095759,1.0,0.0,0.0,4.6290755,-0.9976282,0.06882922,-0.96904224,2.5723462,-9.874173e-07,5.1282004e-06,-2.2710596e-05,0.999032,1.2565972
188.52966,291.05222,242.88393,26.576918,196.90622,203.95572,215.40727,223.39822,7.0494995,11.451553,8.288777,46.5,26.964882557359548,13.788412438644409,16.492422502470642,14.273086975784032,15.227885513958661,4.5486636,5.081046,4.016281,1.064765,0.88806605,0.43090066,2.0,0.0,0.0,3.2806633,-0.99835646,0.057304103,-0.17500724,1.1237991,-9.714914e-07,8.1807e-06,-2.2344302e-05,0.9654361,1.4270363
196.93417,292.81256,252.03658,23.651064,206.41302,211.99594,220.08951,239.21667,5.5829163,8.093567,5.54502,45.760000000000026,25.912663825917118,8.38172451084678,15.620499351813308,18.65996088888024,17.341126116036854,4.5948243,5.6323137,3.557335,2.0749788,0.8345355,-0.48316386,2.0,0.0,0.0,3.1095982,-0.9877181,-0.15624474,-0.21086326,1.1408911,-1.1095175e-06,8.9133e-06,-2.5518902e-05,0.973665,1.3812177
188.52966,291.05222,242.88393,26.576918,196.90622,203.95572,215.40727,223.39822,7.0494995,11.451553,8.288777,29.259999962121547,19.713417630970795,13.48025891140588,22.090722034374522,22.433392439161768,26.666823607075376,4.5486636,5.081046,4.016281,1.064765,0.88806605,0.43090066,2.0,0.0,0.0,3.2806633,-0.99835646,0.057304103,-0.17500724,1.1237991,-9.714914e-07,8.1807e-06,-2.2344302e-05,0.9654361,1.4270363
190.6719,289.53528,247.64206,27.388668,201.73318,202.99161,210.35622,231.0876,1.2584229,7.364609,10.363123,52.220000000000006,22.82716381320698,9.007713454165547,9.0,9.60818730428065,11.55878694991562,1.2427754,1.548357,0.9371939,0.61116314,-0.19021158,0.69204277,2.0,0.0,0.0,3.4737155,-0.99839777,0.05657939,-0.27551562,0.69649905,-1.0351957e-06,7.4481004e-06,-2.3809502e-05,0.99380064,1.4263412
202.77689,294.70407,264.13116,25.33873,212.1234,228.60432,246.09904,255.82281,16.480927,17.49472,14.047485,46.299999999999955,19.841585933278637,7.763841063597643,11.704699910719626,8.558489762457286,10.24689120678207,2.8733053,4.523674,1.2229366,3.3007374,-0.46596164,0.71814,2.0,0.0,0.0,3.5814195,-0.9987092,0.050787605,-0.23835908,1.021247,-2.489778e-06,5.1282004e-06,-5.7264893e-05,0.92790633,1.2891448
199.46942,292.39966,251.46881,25.745394,219.69801,216.48238,220.19086,231.40689,-3.2156372,3.7084808,7.213755,53.040000000000006,26.247394997682438,8.27019135296753,13.45362404707371,7.313943522886035,13.182072536657138,3.5596242,3.8423157,3.2769327,0.56538296,0.32503814,-0.78307325,2.0,0.0,0.0,2.4457958,-0.9992415,-0.03893148,0.025823796,2.046767,2.3889132e-07,4.6398e-06,5.4945003e-06,1.0148541,1.3506857
194.42786,292.2067,241.78366,22.797443,209.03255,209.80388,214.61807,224.32066,0.7713318,4.8141937,5.4153686,50.36,27.588548943473732,11.940816054700017,12.041594578792296,11.488040480918285,10.122615523001937,4.94981,6.922928,2.9766922,3.9462357,0.7243849,-0.5449287,2.0,0.0,0.0,2.2963479,-0.9999486,0.010100495,-0.07877183,0.71786404,-5.57413e-07,6.4713004e-06,-1.2820499e-05,0.9963236,1.3927611
199.38277,292.54312,237.28491,18.98602,222.45226,213.70395,222.4806,230.20409,-8.748306,8.776657,10.071412,42.88,25.480588117193765,8.999157121737587,19.209372712298546,17.258964744231875,17.36917423512673,3.508503,3.723669,3.2933369,0.43033218,-0.49141943,-0.85482514,2.0,0.0,0.0,2.6983652,-0.97583413,0.21851084,-0.16720438,2.260417,7.432174e-07,6.2271e-06,1.7094e-05,1.0409366,1.3689177
197.17195,295.90292,284.3086,13.429021,291.51868,284.17334,275.13397,281.03842,-7.345337,-9.039368,9.393744,25.11999636883018,13.861532788660675,6.405367919003032,23.194827009486403,24.34454285098287,26.313548277321367,7.153927,10.690241,3.6176128,7.072628,-0.19554102,0.95349884,2.0,0.0,0.0,2.8943985,-0.9999996,-0.0004217672,0.024151742,1.5639181,-2.1924914e-06,9.1575e-06,-5.04273e-05,1.025848,1.0412762
196.97089,295.86,263.98492,25.734465,215.44276,229.43001,239.29074,249.88707,13.987244,9.860733,11.95373,18.39471997374568,14.34195078682859,10.212788965919039,44.82186966202994,44.95330868034239,46.78478509619029,4.06988,7.1457243,0.9940357,6.1516886,-0.26765084,0.9493422,2.0,0.0,0.0,3.2287235,-0.998537,0.05406694,-0.34184,1.559645,-2.8083007e-06,7.5702e-06,-6.459092e-05,0.9390348,1.2895435
184.01955,292.26465,240.15562,26.269133,204.10475,208.70882,213.3527,226.65652,4.604065,4.6438904,16.569164,50.28,22.25427956307966,9.493660745148528,20.8806130178211,20.20937195750707,13.308361213204636,7.0202107,6.914154,7.1262674,-0.21211338,-0.47538567,-0.8566762,2.0,0.0,0.0,3.3032856,-0.9955844,0.09386728,-0.4980832,1.8032061,2.0757002e-06,7.692301e-06,4.7741105e-05,0.97794026,1.4003464
185.63864,294.2502,256.08493,29.397236,227.19489,236.84056,250.63528,255.66238,9.645676,13.7947235,25.714998,28.879999397392293,15.207437873899751,7.499265014946208,33.54101966249684,55.40862786985424,42.73682529364533,6.3510604,7.9571753,4.7449455,3.2122297,-0.32482657,-0.8934114,2.0,0.0,0.0,5.8649383,-0.9992978,0.03746586,-0.39776057,2.106589,-1.433349e-07,5.8608002e-06,-3.2967027e-06,0.9592736,1.2423979
213.8166,294.36414,281.2681,14.826677,287.56866,280.6395,276.7751,276.6564,-6.9291687,-3.8644104,10.871099,32.479999997681865,17.36415202767233,8.298513545109468,9.055385138137417,11.944028565524157,13.681767352946338,7.580634,10.957291,4.2039776,6.753313,-0.17491071,0.9646522,2.0,0.0,0.0,3.425116,-0.999377,-0.03528471,-0.10571031,1.341722,-3.3657138e-06,5.1282004e-06,-7.7411416e-05,1.0246906,1.0489049
199.17674,296.07587,269.6643,25.285553,217.64182,236.70062,250.87143,263.4226,19.058807,14.170807,16.56465,53.08,19.80115937101758,7.816504247930998,18.027756377319946,15.591323387133802,16.14866055520184,6.705473,10.284706,3.1262398,7.1584663,-0.27717727,0.9449692,2.0,0.0,0.0,3.4070535,-0.9960759,-0.08850027,-0.363205,1.717746,-3.5355913e-06,8.7912e-06,-8.13186e-05,0.9194814,1.2508453
193.12753,293.52106,252.42093,32.262363,245.57558,250.20784,249.66264,251.01709,4.632263,-0.54519653,27.600935,17.319621147897728,12.229471765798387,7.379219802712686,34.132096331752024,42.39825815873984,48.62106074815173,7.862372,9.712074,6.0126696,3.6994047,-0.39496642,-0.8913516,2.0,0.0,0.0,5.9506364,-0.9982409,0.059287224,-0.3018968,2.303147,8.706261e-07,6.4713004e-06,2.00244e-05,0.9814863,1.1731089
212.55942,296.75842,285.13773,13.974035,289.93735,284.20563,276.52545,279.131,-5.73172,-7.680176,9.17886,,,,,,,5.598551,8.411541,2.7855606,5.6259804,-0.39011222,0.8279376,2.0,1.0,2.0,2.6013446,-0.93949133,0.34257174,-0.25415063,1.038339,-2.5853346e-06,5.0061003e-06,-5.9462694e-05,1.0201675,1.044168
196.80406,297.01703,271.55582,29.495417,294.22528,287.06296,280.24158,273.84384,-7.162323,-6.8213806,25.435305,21.73233115306748,15.08595809481428,11.994147754184436,49.8196748283246,88.11617925921759,89.71300096713536,10.035205,14.361414,5.708996,8.652418,0.5425549,0.8243129,2.0,1.0,2.0,6.1685057,0.50207335,0.86482483,0.008546,7.5674834,6.901305e-07,6.3492002e-06,1.5873002e-05,1.0249504,1.0346756
194.4458,296.3277,262.07202,32.477474,219.36632,229.03899,247.52339,255.22806,9.672668,18.484406,24.162619,30.2999796538743,15.252940583767616,4.899315208526341,42.485291572496,41.520470848708605,43.90188643482781,4.058435,5.52969,2.5871801,2.9425097,-0.44128752,0.45966098,2.0,0.0,0.0,5.383403,0.84718186,0.53130275,0.6526544,3.7474213,-4.4964654e-06,7.2039e-06,-0.00010341871,0.95776844,1.2937871
198.30992,294.47745,267.8277,24.056894,257.40933,268.11102,263.91327,264.04233,10.701691,-4.197754,19.406498,12.623504351566073,7.935515981052583,4.2808641809613,47.80167361086848,89.53976688624881,85.43888088191063,5.3904424,6.3628864,4.4179983,1.9448881,0.45632267,0.8223362,2.0,0.0,0.0,3.3446684,0.08029643,0.99677074,1.7567605,5.324158,-1.9323654e-06,5.7387e-06,-4.4444405e-05,0.96008486,1.0983415
188.17717,268.89905,220.89122,14.621853,216.22868,219.6505,222.23567,220.9089,3.421814,2.5851746,11.746461,49.43372187758516,24.901828707637804,7.123860635048857,45.803929962395145,45.803929962395145,45.803929962395145,4.591582,6.609335,2.5738287,4.0355062,-0.8733273,-0.45497113,2.0,0.0,0.0,2.3452756,-0.63190436,0.7750458,-0.28982085,2.204868,7.4746436e-06,1.8803401e-05,0.0001719168,0.98442155,1.2242132
190.71475,281.07083,218.51915,14.19658,245.4793,202.96463,202.30676,215.3108,-42.514664,-0.65786743,6.1572537,52.080000000000005,33.20412327875567,9.635283975461686,18.973665961010276,17.270449075216977,18.667948420841824,1.405294,0.63275623,2.1778316,-1.5450754,0.02412878,-0.11992261,2.0,0.0,0.0,3.311531,-0.5441068,0.8390156,-0.8419668,0.40166202,9.852939e-06,1.78266e-05,0.0002266176,1.2094684,1.3848267
190.69545,280.12393,217.53354,16.68304,213.70583,206.31241,208.37788,209.01147,-7.3934174,2.0654755,10.4979925,53.650000000000006,27.977936216969884,10.722204466912027,3.1622776601683795,13.803489509455327,10.948327004323248,3.9617252,6.1698475,1.753603,4.4162445,-0.32643872,-0.74636567,2.0,0.0,0.0,1.9446759,-0.89766717,0.44067296,-0.102923535,1.978399,7.655139e-06,1.91697e-05,0.00017606819,1.035836,1.3577658
184.28607,290.27875,228.50203,23.76074,233.68777,242.03142,237.22127,227.13423,8.343643,-4.81015,18.094727,38.59999999999849,21.550598459037474,13.115726583161532,47.16990566028302,35.02094764904469,31.23046041625895,4.4897203,6.94658,2.0328608,4.913719,-0.8178018,-0.3332097,2.0,0.0,0.0,2.7482255,-0.26784992,0.96346027,-0.28926355,1.388725,7.602052e-06,1.97802e-05,0.0001748472,0.96552664,1.1993432
186.73427,286.86005,215.3509,17.024448,238.31714,203.29839,206.82408,216.50305,-35.018753,3.5256958,10.515989,,,,,,,1.5454946,1.218358,1.8726311,-0.65427303,-0.39422765,0.42430097,2.0,0.0,0.0,2.182467,-0.78699684,0.6169563,-0.5945044,1.1579831,9.778618e-06,1.5384601e-05,0.00022490822,1.172253,1.4110296
186.47028,285.97986,215.24332,17.324049,237.28207,203.57376,206.66733,215.12189,-33.708313,3.093567,10.671561,,,,,,,1.5454946,1.218358,1.8726311,-0.65427303,-0.39422765,0.42430097,2.0,0.0,0.0,2.182467,-0.78699684,0.6169563,-0.5945044,1.1579831,9.778618e-06,1.5384601e-05,0.00022490822,1.1655828,1.4047972
192.39464,292.26828,217.52174,12.663828,256.33563,205.4156,206.94052,214.15108,-50.92003,1.5249176,3.4359775,57.61999999999999,35.44148647506774,14.367297568472626,12.083045973594572,12.504222121354156,16.387706291716302,2.7229948,2.7741156,2.671874,0.102241516,-0.43617475,-0.24581406,2.0,0.0,0.0,4.082024,-0.9154074,0.40252802,-0.3607898,1.5810101,7.5330395e-06,1.90476e-05,0.0001732599,1.2478878,1.4228144
192.95065,274.66165,219.2862,12.189849,203.97755,212.08585,211.26506,212.30818,8.108292,-0.8207855,5.2613187,46.16000000000004,28.52520613705321,12.582590404072011,11.045361017187261,10.893100283438697,26.296916715957952,2.3044887,3.0068302,1.6021471,1.4046831,0.06576735,-0.103238195,2.0,0.0,0.0,3.690001,-0.11115766,0.9938025,-0.17872286,1.2947191,6.858835e-06,1.90476e-05,0.00015775321,0.9617688,1.2950494
184.28607,290.27875,228.50203,23.76074,233.68777,242.03142,237.22127,227.13423,8.343643,-4.81015,18.094727,40.42,23.374000103116437,12.253337166977085,46.61544808322666,45.04802124075707,41.64071969346328,4.4897203,6.94658,2.0328608,4.913719,-0.8178018,-0.3332097,2.0,0.0,0.0,2.7482255,-0.26784992,0.96346027,-0.28926355,1.388725,7.602052e-06,1.97802e-05,0.0001748472,0.96552664,1.1993432
184.11685,280.46158,217.06294,15.434043,238.19716,208.05058,208.59453,214.38176,-30.146576,0.5439453,7.1855273,47.440000000000005,26.219197931083638,5.763937878052557,24.413111231467404,27.215899527732812,30.482566721318648,1.8953309,1.8329554,1.9577065,-0.12475109,-0.082990214,0.83677953,2.0,0.0,0.0,3.5741563,-0.9812705,0.19263367,-0.738486,0.96142507,7.994896e-06,1.3431e-05,0.0001838826,1.1449002,1.3480451
204.2366,291.74933,231.27385,16.571833,250.70381,216.17241,217.71295,221.44705,-34.531403,1.5405426,7.375087,,,,,,,8.078873,9.684225,6.473521,3.2107038,0.742138,0.6337193,1.0,0.0,0.0,13.156371,0.7738497,0.63336915,0.36078987,4.798579,7.872795e-06,1.5873e-05,0.0001810743,1.1597401,1.3496141
203.32289,290.50394,239.75552,19.248695,228.65186,227.04724,233.42627,237.26735,-1.6046143,6.3790283,11.74316,33.9999999903028,25.282678560994174,10.689309540605022,49.80767914719719,63.06404214030409,77.79824291575443,16.654232,21.113585,12.194878,8.918707,0.6134345,0.78381455,1.0,0.0,0.0,8.887288,0.644901,0.76426595,-5.257834,0.209377,1.3818535e-05,2.5763102e-05,0.0003178263,1.0070673,1.2794868
193.94556,296.5961,236.63719,26.324896,199.72424,207.16039,211.38303,226.7824,7.436142,4.222641,15.944302,32.09999999913285,21.03152378253928,9.982243931564588,33.421549934136806,42.55080366912235,35.86280757865223,5.1384625,6.7775774,3.4993477,3.2782297,-0.10423412,0.9566858,2.0,0.0,0.0,3.8304174,0.17560309,0.9844608,-0.7319836,2.09377,-4.724739e-06,3.7851e-06,-0.000108668995,0.9641044,1.431722
198.13303,295.65674,236.42134,25.33175,207.46245,223.20573,229.15366,234.8818,15.743286,5.9479218,15.745457,29.22474018226539,7.644495026084776,2.8203195931399225,32.89376840679705,85.06357313546519,92.64508460582988,2.03763,2.334628,1.740632,0.59399605,-0.4660495,0.7921804,2.0,0.0,0.0,3.8831823,-0.5875545,0.80918425,0.2866626,0.957152,-1.6297696e-06,4.884e-06,-3.74847e-05,0.9294674,1.324593
199.44875,296.67902,248.30421,21.991325,229.0462,235.04933,241.6487,246.43736,6.003128,6.599365,14.542587,,,,,,,4.901551,6.739046,3.0640554,3.6749907,0.045084417,0.96987295,2.0,0.0,0.0,2.5726025,0.9751372,0.22160053,-0.5237211,4.905404,-6.18463e-06,2.3199e-06,-0.00014224648,0.9744601,1.2621989
207.94864,293.08447,265.91785,20.83993,282.98566,280.02493,273.868,271.36002,-2.9607239,-6.1569214,11.843112,12.85570592302767,12.057445329959062,11.355262702265343,76.58013005398054,116.87303922187346,117.07414930349614,3.2069273,3.1811762,3.2326784,-0.051502228,-0.43217766,0.095488004,2.0,0.0,0.0,1.3319373,0.959598,0.28137216,0.37825343,2.909913,4.7778247e-08,1.01343e-05,1.0988997e-06,1.010573,1.046637
204.95822,294.0925,260.67014,29.736164,285.49905,281.74393,276.5249,267.1974,-3.755127,-5.2190247,21.284245,15.42656131115344,12.773598972148097,7.427905107492301,49.49747468305833,129.78793964047378,116.41262213830856,3.4196138,3.2448874,3.5943403,-0.34945297,-0.24551293,0.42954937,2.0,0.0,0.0,2.8974342,0.089320034,0.99600273,0.791434,2.192049,-1.2740858e-07,1.17216005e-05,-2.9303974e-06,1.0133282,1.0438291
208.92046,297.25623,260.613,19.799961,282.73538,275.2958,271.36835,265.14316,-7.439575,-3.9274597,10.063447,13.12556983615382,9.320741657700516,3.5245695367671828,49.25444142409901,118.98984265943174,112.37828287507635,3.610746,4.360012,2.8614798,1.4985323,-0.33247694,0.51579964,2.0,0.0,0.0,3.3271856,0.9675195,-0.25279522,0.9014174,3.6534152,-3.0631177e-06,3.9072e-06,-7.045171e-05,1.0270239,1.0797702
195.34784,296.12488,243.51228,32.842064,251.41045,234.9509,235.67441,235.14668,-16.459549,0.72351074,26.895864,25.559999124259072,9.623190419070804,3.463740114833321,52.52676978211535,58.30197475280534,57.87871225178889,4.334069,6.8298416,1.8382959,4.9915457,-0.40755928,0.8247685,2.0,0.0,0.0,3.7479503,-0.14885007,0.98885953,0.5731393,2.5638,-3.0471915e-06,4.0293003e-06,-7.008541e-05,1.0700552,1.2603692
194.24327,293.39676,239.27248,25.793947,210.37091,202.88025,207.60118,220.24591,-7.4906616,4.720932,6.9408593,,,,,,,5.0152373,6.5944567,3.436018,3.1584387,0.27939385,0.75650233,2.0,0.0,0.0,1.9392105,0.85109544,0.5250101,-0.05722105,3.008192,-2.1765652e-06,8.669101e-06,-5.0061e-05,1.0369216,1.4461573
190.55759,287.53098,225.75897,17.857843,206.5938,202.28596,207.44395,214.25914,-4.307831,5.1579895,5.5656796,44.86,32.11820041322314,21.3,19.026297590440446,20.64888405344941,24.865512844330453,6.6017046,4.7270136,8.476396,-3.749382,0.10747409,0.8072325,2.0,0.0,0.0,1.3589493,-0.77972764,0.62611765,-0.18856935,2.367242,2.3889133e-06,1.4529901e-05,5.4945005e-05,1.0212958,1.4214084
194.70656,284.48886,227.9403,15.675506,206.85973,205.88475,219.15141,227.65611,-0.9749756,13.266663,9.622543,32.66000000000001,25.71889145496536,21.56,45.45327270945405,55.36305764016809,66.23373493616377,4.1156597,4.5629683,3.6683512,0.8946171,0.7354329,-0.5115652,2.0,0.0,0.0,4.725255,-0.7636702,0.64560616,-0.70727456,3.8328812,9.210587e-06,1.9291801e-05,0.00021184351,1.0047356,1.381787
189.66254,291.91983,226.53366,23.18402,206.75748,196.7945,200.76317,210.41472,-9.962982,3.9686737,7.628679,,,,,,,6.8430037,5.020769,8.665238,-3.6444693,-0.048577875,0.7252768,2.0,0.0,0.0,1.8796257,-0.6916793,0.7222041,0.51276004,2.456975,9.237131e-07,1.2942601e-05,2.1245402e-05,1.0506263,1.483374
193.261,293.1748,233.42561,22.265265,215.55444,205.82515,210.92795,225.58296,-9.729294,5.1027985,11.3512125,56.040000000000006,33.82332268370607,9.18,5.830951894845301,7.873835798315504,8.141410065338139,7.731899,7.0507307,8.413067,-1.3623362,0.38157713,0.7786446,2.0,0.0,0.0,1.9617724,-0.5376401,0.8431739,0.038085427,2.9911,2.7339784e-06,1.3308901e-05,6.28815e-05,1.0472697,1.4243877
222.50076,296.10117,287.0996,10.196914,292.1334,291.68918,291.16205,289.76685,-0.44421387,-0.5271301,5.7729197,15.360000000000003,9.34498795180723,4.875,128.8598922474687,123.5061811911104,118.16890300733613,14.322502,20.111383,8.533621,11.577763,-0.11420884,0.98723865,2.0,1.0,2.0,2.1402285,0.9200274,0.39185295,0.0053877025,1.7604761,-3.7957177e-06,5.4945003e-06,-8.730151e-05,1.0015229,1.0151256
183.0978,280.4913,212.77121,19.797579,190.84552,191.29102,195.63972,203.65662,0.4454956,4.348709,11.0162735,44.18,31.34954331306991,8.62,17.804493814764857,19.594076059114244,23.509568074493373,6.49851,7.320833,5.6761866,1.6446466,0.63778883,-0.5470637,2.0,0.0,0.0,4.7934704,-0.81086713,0.58523005,-0.54954493,3.824335,1.1047395e-05,1.89255e-05,0.0002540901,0.9976711,1.4663067
202.18811,294.6011,272.0344,24.296988,211.36278,220.82918,238.1538,266.48135,9.4664,17.324615,5.558734,46.96000000000001,16.854469474179904,7.4129481534227155,3.605551275463989,3.9168580759556804,6.891610130022621,4.394918,6.272089,2.517747,3.754342,0.8551359,0.49034238,2.0,0.0,0.0,5.3659263,-0.9659662,0.25866786,0.7678395,4.4353743,-2.8773125e-06,2.3199e-06,-6.617819e-05,0.95713246,1.3340678
192.56949,294.73093,246.68341,30.24658,198.01057,220.93132,232.39594,239.91895,22.920746,11.464615,24.616241,18.375,11.947646575342466,6.44,33.13608305156178,70.24963941598405,43.205567197794664,7.317209,10.598299,4.0361185,6.5621805,-0.43859276,0.7446723,2.0,1.0,2.0,5.1107917,0.69579124,-0.71824384,-0.51164526,0.44011903,-7.6232877e-06,1.5873001e-06,-0.00017533562,0.896254,1.3340387
197.2128,294.60022,242.81262,29.724548,206.49016,211.61346,231.55855,240.79314,5.1233063,19.945084,20.918095,30.319999952824922,14.62221101486568,5.439068088071073,22.360679774997898,21.684932312996413,25.663187156671853,5.019434,7.6142073,2.4246607,5.1895466,0.58238834,0.36826807,2.0,0.0,0.0,5.426143,-0.75726783,0.6531042,-0.04180109,1.200713,-1.9323652e-06,4.7619e-06,-4.44444e-05,0.9757893,1.392162
198.25351,296.09988,270.40115,30.90818,279.87616,272.40964,269.09183,268.8682,-7.466522,-3.31781,28.386818,24.719250345791618,13.641478854057162,6.888824041045005,45.617978911828175,74.751273449022,62.070905934128355,7.896325,9.926096,5.8665543,4.0595417,0.26987663,0.7208639,2.0,1.0,2.0,3.3821273,-0.62262386,0.78252095,0.4707732,3.055195,-2.3198997e-06,2.6862e-06,-5.3357697e-05,1.0274092,1.0869656
202.44267,296.2568,277.27747,25.306604,241.43065,256.99243,265.59375,274.25638,15.561783,8.601318,19.4338,22.57928402892669,14.204616566711707,5.300686468128403,36.22154055254967,31.225301118381207,41.95909236460942,7.3847337,9.399626,5.3698416,4.029784,0.29116765,0.71560395,2.0,1.0,2.0,2.8073854,-0.15480128,0.98794526,0.37212256,2.64926,-2.962252e-06,1.5873001e-06,-6.81318e-05,0.9394465,1.1527841
194.21619,294.16003,253.42824,31.213984,226.37138,231.84143,238.06473,244.51231,5.470047,6.223297,23.79574,25.87999687111905,13.77503711037157,4.419517715110755,45.27692569068709,42.06057319676511,42.086228999698285,2.8246646,3.7862349,1.8630943,1.9231405,-0.3704624,-0.53557676,2.0,0.0,0.0,3.532619,-0.99073505,0.13580707,-0.1135132,1.145164,-2.9250918e-06,5.0061003e-06,-6.727711e-05,0.9764061,1.2687984
226.88968,296.766,291.41827,6.015122,292.50104,292.3513,292.18048,292.4489,-0.14974976,-0.17080688,3.6118803,12.881683365699875,7.579788702572915,1.2818816982093222,45.79301256742124,109.48551688288059,106.8755653180292,5.5726094,6.837473,4.307746,2.529727,0.5726944,0.7151827,2.0,0.0,0.0,2.84231,-0.8237659,0.5669296,-0.09103346,2.811634,-4.799061e-06,8.4249e-06,-0.00011037841,1.0005122,1.0151007
189.77068,295.16867,259.99072,28.763102,251.17007,250.20827,248.617,250.49104,-0.96180725,-1.5912628,24.385927,16.706960401091017,9.27410457564262,2.900109451598199,65.07513121880457,66.30884925891716,65.10316275906962,7.094603,7.2304173,6.958789,0.27162838,0.05986578,0.97978693,2.0,0.0,0.0,3.281669,-0.979079,0.2034788,-0.3429547,2.5894382,-5.218448e-06,7.9365e-06,-0.000120024306,1.003844,1.1796919
204.3678,295.06918,275.58948,21.662771,256.60602,261.6554,264.02682,267.02115,5.0493774,2.3714294,13.057088,25.219486583000236,14.947989090577796,4.849857827560852,25.079872407968907,29.49012342284753,32.66777202725279,6.763842,9.415648,4.1120358,5.3036127,-0.084328,0.90968657,2.0,0.0,0.0,2.9371371,-0.99999547,0.0029093795,-0.41280904,0.837508,-4.209796e-06,8.4249e-06,-9.68253e-05,0.98070216,1.1277015
193.94131,294.1738,248.95277,25.327898,216.41342,215.09189,228.19344,239.46289,-1.3215332,13.101547,15.51671,24.399861046522993,16.347066577497923,7.085759316097007,34.785054261852174,31.368344109581788,38.24395155355668,5.0902023,4.9868155,5.193589,-0.20677376,-0.7400059,-0.5492842,1.0,0.0,0.0,3.4749076,-0.9959475,0.08993388,0.21792297,1.217805,-2.5906434e-06,6.3492002e-06,-5.95848e-05,1.006144,1.3676656
186.59189,294.72852,249.56111,35.352936,203.81631,219.49971,233.56076,241.09291,15.683395,14.06105,29.356575,30.03999836004448,13.652563795409497,5.467363078229155,49.8196748283246,57.999670270915544,59.68995140159641,4.500403,3.8789396,5.121866,-1.2429266,-0.70928776,-0.20356572,1.0,0.0,0.0,3.9114714,-0.9996395,0.026840148,-0.008545989,2.0852242,-1.9642177e-06,1.0622701e-05,-4.5177007e-05,0.92854935,1.3427285
207.08112,294.19882,269.42465,21.132189,237.12349,238.4554,247.26985,258.07315,1.3319092,8.814453,10.508528,39.05999999996551,20.117675979200182,9.875648036189254,14.142135623730951,13.623663573985652,14.887816126284731,3.2288637,2.5253782,3.9323492,-1.406971,0.52714545,-0.30691692,3.0,3.0,9.0,4.5847073,-0.8682921,0.4960528,0.1005084,2.35015,-5.8342575e-06,3.0525002e-06,-0.00013418793,0.99441445,1.2337688
194.44576,294.2345,239.09253,26.09695,200.52654,208.68092,220.20435,218.96916,8.154388,11.523422,6.7088614,35.46,29.377297830374754,22.3,40.11234224026316,42.97499723787682,48.933561144253,4.0029273,4.3569593,3.6488953,0.7080641,0.5556171,0.8073555,2.0,0.0,0.0,5.5469017,-0.29402393,0.95579785,1.3053086,4.845582,-2.6331138e-06,4.0293003e-06,-6.056162e-05,0.96092415,1.4099731
193.53351,294.9369,240.57207,28.176819,203.83156,206.3712,217.84123,231.70615,2.5396423,11.470032,17.575293,62.36,32.91939025783787,16.674644345682204,9.219544457292887,9.836959655731953,10.609599262559053,6.850062,8.73162,4.968504,3.763116,0.66582066,0.7421492,2.0,0.0,0.0,5.8076706,-0.032160006,0.9994826,0.8930569,6.23858,-5.319314e-06,1.9536e-06,-0.00012234422,0.9876938,1.4291573
194.48967,293.69788,255.09494,31.762785,215.62114,221.54079,236.56377,253.19543,5.919647,15.02298,24.754622,53.879999999999995,33.2477516963893,12.562172503432416,16.278820596099706,22.402012160588942,25.12103976572382,17.641743,18.635742,16.647743,1.987999,0.26764518,0.950313,1.0,0.0,0.0,11.629519,0.6466148,0.7628166,1.0898008,4.1362643,-1.0362576e-05,4.5177003e-06,-0.00023833924,0.97327965,1.3257056
210.51917,295.0135,283.32376,17.071531,288.2633,281.03018,276.04495,278.39865,-7.233124,-4.9852295,12.246066,25.719979112260695,11.989343351881827,6.299780770467537,18.027756377319946,15.916522509260714,15.23087083179623,10.182655,14.1615095,6.203801,7.9577084,0.1902165,0.9529153,2.0,0.0,0.0,11.984721,0.3767759,0.9263044,0.074498795,2.1365001,-4.1036224e-06,9.035401e-06,-9.4383315e-05,1.0257379,1.0497574
198.3208,295.81885,269.3519,25.47723,291.54318,283.67102,266.94702,259.49347,-7.872162,-16.723999,13.127346,24.642122344553663,8.241136065865152,0.20306455428744924,49.49747468305833,72.31416648957654,68.81815083206087,11.0133705,13.725073,8.301669,5.4234037,-0.026247546,0.96933985,2.0,1.0,2.0,0.7286313,0.864506,0.50261974,0.48396367,3.8713381,-5.791787e-06,5.0061003e-06,-0.0001332111,1.027751,1.0428237
206.25363,294.5755,270.73596,25.145771,261.61533,257.71454,261.4427,266.6328,-3.9007874,3.7281494,21.959713,27.81999541199398,13.723689638876012,2.6827635359122697,13.601470508735444,17.605554055181678,19.529588435436803,7.0909786,8.439009,5.7429485,2.6960602,-0.16290793,0.94267654,2.0,0.0,0.0,10.081942,0.32970852,0.9440827,2.9704783,5.7770963,-1.698783e-06,1.20879e-05,-3.907201e-05,1.0151361,1.1430302
195.2417,294.50662,267.74973,26.276272,243.9491,249.67201,257.55896,263.86154,5.7229156,7.8869476,21.791494,31.179999646564404,15.584583850257456,5.6904821481700045,5.656854249492381,8.411976772046788,12.165007664972672,5.8497686,8.640059,3.0594778,5.5805817,-0.869921,-0.016817331,2.0,0.0,0.0,4.7586384,0.37351266,0.9276249,3.1620204,5.1276,-2.1977999e-06,1.47741e-05,-5.0549395e-05,0.97707826,1.179574
201.31107,284.58258,238.09888,19.895983,265.4878,245.43538,236.92651,237.76108,-20.052414,-8.508865,13.872641,31.839736945842425,22.807003611864943,5.662278381827848,42.5205832509386,47.43135890336108,55.30607950060148,4.6842856,3.357048,6.0115232,-2.6544752,-0.22923422,0.9637226,1.0,0.0,0.0,3.0030906,0.9959195,-0.09024251,0.34685615,2.6407142,-5.1335087e-06,2.6495702e-05,-0.000118070704,1.0817014,1.1595011
192.81836,293.44077,227.71393,23.17275,204.67372,209.05513,204.74466,213.06117,4.3814087,-4.3104706,8.246713,25.759897859996432,14.574890929477315,9.529901627421797,42.42640687119285,76.39106876753502,82.25432276832329,5.4318357,5.6769495,5.186722,0.4902277,-0.93485343,0.34642035,2.0,0.0,0.0,7.8431654,-0.92873394,0.37074652,-0.579456,2.1493192,-4.6504174e-06,4.1514004e-06,-0.000106959604,0.9790419,1.4036525
193.0618,293.90125,230.26729,18.7406,233.20828,218.5342,217.49149,223.73482,-14.674088,-1.0427094,12.395044,42.75999999999918,26.162928427758235,6.733265187785642,28.178005607210743,26.69779390887913,33.500460379165155,3.786426,5.5026035,2.0702486,3.432355,-0.52173364,0.6972867,2.0,0.0,0.0,5.3850446,0.67690414,0.7360709,0.4936244,3.661961,-6.5987083e-06,2.8083e-06,-0.00015177029,1.0671477,1.3448753
207.67125,292.5944,244.57109,24.703457,214.66365,228.3538,243.0123,230.02753,13.690155,14.658493,13.899426,23.53918622910238,17.98791916682161,10.263313129613241,35.510561809129406,43.21490715853239,55.14451765632321,9.02156,12.211662,5.831457,6.380205,0.005652562,0.94861484,1.0,0.0,0.0,16.06205,0.82819515,0.56043965,1.1462787,3.4184,-1.3765448e-05,2.9304001e-06,-0.0003166053,0.9400485,1.2813205
196.95552,294.56268,257.6603,26.574768,215.83028,213.0997,227.78984,242.76538,-2.7305756,14.69014,9.898705,42.21999999999483,27.965856844380653,7.777894804756693,9.219544457292887,20.223868943878934,24.73218888467343,8.354125,10.413652,6.2945976,4.119055,0.07511767,0.9889009,1.0,0.0,0.0,11.911061,0.67037904,0.7420187,1.4962931,2.858637,-1.139777e-05,3.9072e-06,-0.0002621487,1.0128136,1.3822764
209.67714,295.45236,262.79407,26.691868,241.78926,246.4889,243.37077,257.91135,4.699646,-3.1181335,17.681343,41.280000000044375,27.54022998847898,7.634629199116174,29.274562336608895,29.510546382180536,35.619978996748074,6.7716637,7.3910294,6.152298,1.2387314,0.0131635815,0.94796246,1.0,0.0,0.0,3.074548,0.82070255,0.5713551,-0.7886473,0.69222605,-1.9111289e-07,6.3492002e-06,-4.3955965e-06,0.98093367,1.1986437
199.72787,296.83862,237.15912,26.759104,209.94629,215.18594,219.82298,228.31526,5.2396545,4.637039,19.29916,44.48,26.557246619270575,10.015359634814436,29.546573405388315,27.236867228190327,27.450411987437114,9.137155,11.016423,7.257886,3.7585373,-0.5028549,0.83688855,2.0,0.0,0.0,5.660008,0.81030923,0.58600223,0.7343987,3.4055812,-1.5554479e-06,3.7851e-06,-3.57753e-05,0.97565055,1.3794518
191.57672,296.47272,234.6307,24.990822,197.23936,204.81181,211.35606,222.76962,7.5724487,6.5442505,12.287267,34.63999999960701,20.012349098295427,7.301823800234414,19.026297590440446,27.4969655707784,35.69438903573141,4.500212,5.6330767,3.3673477,2.265729,-0.43962187,0.87517154,2.0,0.0,0.0,5.335323,-0.40086678,0.9161361,-0.31824562,1.076796,-8.265639e-06,0.0,-0.00019010968,0.9630273,1.4475372
191.97913,295.87555,236.62212,28.666971,202.42229,213.62033,228.88057,234.63953,11.198044,15.260239,20.978292,30.359999954228716,18.553172218477748,7.97785763330017,38.41874542459709,47.30411545600584,45.76173460930357,6.587971,8.603054,4.5728884,4.0301657,-0.7097831,0.68548965,2.0,0.0,0.0,6.135632,-0.70770335,0.70650953,0.15884419,2.251871,-6.710192e-06,4.3956e-06,-0.00015433441,0.9475797,1.3850533
191.06813,291.57693,239.72282,21.756195,215.32901,217.19908,227.39479,241.59415,1.8700714,10.195709,8.706248,26.66883561771082,12.008404555878615,6.178850643189781,45.17742799230607,45.62129960871508,81.01174030299995,2.5141234,2.6127405,2.4155064,0.19723415,-0.45236403,-0.66479903,3.0,3.0,9.0,9.307534,-0.98774475,0.15607704,-0.3379386,3.2474802,-4.0346085e-06,6.2271e-06,-9.279599e-05,0.99139005,1.342441
190.89923,294.1893,235.95483,25.530817,200.88686,206.77902,217.96371,232.62234,5.892166,11.184692,12.805542,44.149359474212815,16.342035564848782,3.9394501564044426,15.0,15.0,15.0,4.127487,3.327672,4.9273024,-1.5996304,-0.86463475,0.18221305,2.0,0.0,0.0,6.7143445,-0.8866982,0.46234846,0.16478918,3.238934,-3.307317e-06,6.8376003e-06,-7.606829e-05,0.971505,1.4227232
206.04916,294.9293,244.90459,26.677639,217.23022,216.24498,221.2506,241.70476,-0.98524475,5.005615,18.783876,48.660000000000004,30.289182281770472,9.236499713256704,25.116865660834943,28.39864720236922,31.388982671116295,9.8002,11.716475,7.8839264,3.8325481,-0.11420976,0.9678551,2.0,0.0,0.0,4.655142,0.7704519,0.6374978,0.29297915,3.33294,-1.1785306e-06,3.6630001e-06,-2.7106205e-05,1.0045562,1.3638666
190.07008,296.67435,230.22282,26.893944,201.13464,216.1538,218.77492,217.43898,15.01915,2.6211243,14.331444,33.57999998275912,22.301070322072366,7.512959205377676,11.40175425099138,50.09037779863394,50.3593616478455,6.647485,7.7210255,5.573944,2.1470814,-0.6855794,0.706954,2.0,0.0,0.0,4.5534844,0.17425938,0.9846996,-0.2578663,1.4912771,-8.823052e-06,-1.7094001e-06,-0.0002029302,0.93051636,1.3725151
184.8764,288.63385,216.18507,19.738262,193.06673,196.53271,202.41728,208.27007,3.4659882,5.8845673,9.037107,45.879999999999846,19.99541108930787,6.522531449481209,29.068883707497267,34.08667323838492,37.287138739372885,6.3243546,4.200926,8.447783,-4.2468576,-0.5830019,0.24650498,2.0,0.0,0.0,5.468592,-0.7821954,0.6230329,0.031397227,2.956916,4.618565e-07,8.1807e-06,1.06227e-05,0.9823643,1.4686301
187.91434,290.08887,224.67693,20.157154,204.45311,203.82547,209.2556,219.34969,-0.6276398,5.43013,5.3078284,37.2,23.951050746431033,6.101685167675893,14.035668847618199,21.71545972303601,39.40790136846498,5.877046,5.7112846,6.0428076,-0.33152294,-0.88683295,0.34975314,2.0,0.0,0.0,5.061469,-0.6299749,0.77661526,0.72771055,2.700536,-1.4439652e-06,6.9597004e-06,-3.32112e-05,1.0030793,1.4232218
199.17584,291.80994,250.32785,28.157574,255.98389,253.24156,253.78865,244.55188,-2.7423248,0.5470886,25.169962,43.08000000000876,27.668549553273994,12.16925489723458,43.93176527297759,64.17566639144292,72.16289508899835,15.759041,18.850525,12.667556,6.182969,0.5048476,0.85582185,1.0,0.0,0.0,13.605548,0.7594275,0.65059185,0.15475687,2.226233,3.8753495e-07,1.08669e-05,8.913304e-06,1.0108289,1.1522988
196.89594,290.9168,233.31566,25.8772,223.22766,219.82268,216.02814,218.67622,-3.4049835,-3.7945404,17.654308,46.199999999999996,31.75958184600789,12.41804443724954,49.01020301937138,56.02462947738899,54.48443276288953,13.852112,16.63134,11.072885,5.5584555,0.46455503,0.8707516,1.0,0.0,0.0,11.460453,0.556346,0.8309506,-0.48582155,1.200713,-1.5023608e-06,1.0622701e-05,-3.4554298e-05,1.0154897,1.3234159
203.69052,290.96048,259.79068,26.943365,276.65338,264.87515,261.32217,262.17398,-11.778229,-3.5529785,25.13253,36.31999999939252,25.256221566500837,10.759179848498002,55.32114494576125,64.89038758933634,76.3119039286322,16.61627,19.618103,13.614438,6.003665,0.4533281,0.8752295,1.0,0.0,0.0,15.326252,0.8175369,0.5758761,-0.446993,2.4783401,-1.8580442e-07,1.14774e-05,-4.273502e-06,1.0444671,1.0984815
193.92404,291.30905,228.27673,22.346094,217.16971,210.9468,213.01245,219.72342,-6.2229156,2.0656586,12.286531,45.14,27.97029483223854,12.507254042837774,21.02379604162864,24.089014746450925,24.87186249856953,4.607414,4.8841925,4.330635,0.5535574,-0.43703416,0.63256264,2.0,0.0,0.0,4.1426153,-0.7806098,0.62501824,1.5169152,3.153474,4.2469647e-08,7.2039e-06,9.768019e-07,1.0294999,1.3809599
191.70682,287.35614,229.3216,23.736036,205.4347,214.77216,217.6149,226.35922,9.337463,2.842743,14.479506,,,,,,,4.6354547,4.5614433,4.709466,-0.14802265,-0.69978315,0.32147712,2.0,0.0,0.0,5.18286,-0.9904287,0.13802408,0.026752686,2.644987,1.5926085e-07,9.2796e-06,3.6629995e-06,0.95652384,1.3379581
219.97426,288.08945,260.44727,18.183867,253.36917,258.8069,255.58228,258.64093,5.4377136,-3.2246094,14.709764,25.8,13.199337610593542,5.199999999999999,42.01190307520001,58.95612915000196,56.139761031598695,19.554394,24.914848,14.193937,10.720911,0.086102545,0.9955144,0.0,2.0,0.0,21.538017,0.9970943,0.07617637,-1.403216,5.730093,1.47687915e-05,2.2710601e-05,0.0003396822,0.9789893,1.1131444
196.04462,294.9053,234.9712,29.759907,220.47324,205.50822,210.78828,224.1302,-14.965012,5.28006,19.849165,62.160000000000004,33.25542839682549,9.065761025760938,6.324555320336759,7.511652658787911,8.857875901844157,7.8543606,9.174541,6.5341797,2.6403618,-0.52810407,0.5643889,2.0,0.0,0.0,4.924763,-0.58598804,0.8103194,1.1800911,1.8416631,-2.8826223e-06,5.4945003e-06,-6.6300316e-05,1.0728195,1.4350048
215.29626,287.6808,260.77786,23.416504,237.37038,250.18251,259.40356,262.13263,12.812134,9.221054,21.04694,34.09999999665016,22.263264492509656,7.550892444037565,99.64995242023306,97.23085571920605,94.74824885284605,20.309381,25.805271,14.813493,10.991778,0.39533806,0.9153386,1.0,0.0,0.0,15.346814,0.92955345,0.36868733,-2.30742,0.35893202,1.4652001e-06,1.24542e-05,3.36996e-05,0.9487888,1.1498836
189.20758,292.56427,228.4986,20.267685,200.7669,200.05952,210.40411,216.87225,-0.7073822,10.344589,6.151989,47.160000000000004,27.27623063741398,8.175987447462552,6.708203932499369,12.603287181435743,17.13391173516673,4.684477,3.3208055,6.048148,-2.7273426,-0.6059145,0.6014842,2.0,0.0,0.0,4.111446,-0.75743,0.652916,1.5457114,3.88843,-3.1852124e-08,5.7387e-06,-7.325989e-07,1.0035359,1.4623861
196.2597,295.14374,232.72368,22.323555,219.58289,206.27948,217.11945,229.68277,-13.303406,10.839966,16.442835,52.94000000000001,34.12347536270515,8.95087696385651,7.211102550927978,4.793023146242362,10.772769057063707,7.589791,11.009175,4.1704063,6.838769,0.03592424,0.9322853,2.0,0.0,0.0,5.232371,-0.2900009,0.9570262,1.2978773,3.4953141,-3.2064524e-06,5.3724e-06,-7.374841e-05,1.0644921,1.4307954
224.84271,290.43735,265.20306,20.515219,273.13977,268.27692,265.6235,265.6024,-4.862854,-2.6534119,18.832403,33.39999999517238,19.053378493371728,6.069657318735354,73.39650628371062,92.50818059399961,89.17304702103641,18.548376,24.774076,12.322679,12.451398,0.21391809,0.9745769,1.0,0.0,0.0,17.379833,0.999999,-0.001334549,-3.371397,0.371751,5.913887e-06,1.7338201e-05,0.0001360194,1.0181262,1.0826029
189.20758,292.56427,228.4986,20.267685,200.7669,200.05952,210.40411,216.87225,-0.7073822,10.344589,6.151989,49.34,29.37912068748244,8.805266967961193,18.24828759089466,15.172860838956622,18.923751292037363,4.684477,3.3208055,6.048148,-2.7273426,-0.6059145,0.6014842,2.0,0.0,0.0,4.111446,-0.75743,0.652916,1.5457114,3.88843,-3.1852124e-08,5.7387e-06,-7.325989e-07,1.0035359,1.4623861
192.63335,293.59625,227.43703,23.093481,225.64383,198.51224,203.87387,217.2511,-27.131592,5.3616333,11.015629,56.92,31.732011112851044,11.601879383835676,9.219544457292887,7.4318285965541495,10.732873951659165,5.321964,4.857869,5.7860584,-0.9281893,-0.41828772,0.60215956,2.0,0.0,0.0,4.2302203,-0.7881072,0.61553746,0.88395375,1.978399,-5.149435e-07,6.9597004e-06,-1.18437e-05,1.1366746,1.4789832
187.94537,292.12173,231.30434,30.437897,205.10294,211.25331,220.17775,227.52457,6.1503754,8.924438,22.95668,30.919997467464462,16.58576677605681,6.417597372735692,24.041630560342615,29.925701005085074,36.51901491989653,4.9145217,5.746764,4.082279,1.664485,-0.5482448,0.3976369,2.0,0.0,0.0,5.4688683,-0.929703,0.3683097,0.033069305,2.303147,-1.00865115e-07,9.768e-06,-2.3198977e-06,0.97088623,1.3828031
195.02707,293.1026,224.16653,16.72577,210.92805,204.47108,212.13309,216.99791,-6.45697,7.6620026,8.462078,45.6599999999998,32.46678781729426,7.931587943102576,22.02271554554524,29.200948472073243,35.502959579422125,9.672018,10.573121,8.770914,1.802207,0.32666582,0.93525517,2.0,0.0,0.0,9.69187,0.31992844,0.94744164,0.25898096,1.4100901,-2.7552128e-06,8.302801e-06,-6.3369895e-05,1.0315789,1.4334673
223.50865,290.4708,269.87158,16.653679,273.555,274.95685,272.37103,269.8194,1.4018555,-2.5858154,14.467354,26.599967432467622,14.824793444588002,5.298448671981351,57.20453531460185,66.8426272204095,68.64442370209547,18.834694,26.078043,11.591344,14.486699,0.06813596,0.9971066,0.0,2.0,0.0,21.951038,0.98839927,-0.15187748,-2.7674177,1.546826,1.1833084e-05,2.10012e-05,0.00027216092,0.99490154,1.0564232
195.99544,295.06375,233.0556,24.506561,206.68155,207.22365,210.5067,221.41875,0.542099,3.2830505,12.361829,51.06,35.144127238975244,9.803499022756919,11.704699910719626,13.317824275429196,20.234025186959688,8.493753,8.804867,8.182641,0.62222576,-0.056919325,0.96095836,2.0,0.0,0.0,7.4178424,0.06895458,0.9976197,1.333176,2.4441562,-2.4685435e-06,6.2271e-06,-5.6776502e-05,0.997384,1.4238904
187.95392,288.60547,238.56973,21.594246,217.21779,222.28735,228.93906,233.2554,5.069565,6.651703,11.081532,16.08,12.182473846885403,7.220000000000001,67.91481560118504,68.88041034499906,64.12639144301474,2.1738257,2.6276197,1.7200317,0.907588,-0.40930912,0.14165685,2.0,0.0,0.0,2.311231,-0.99984777,-0.017429993,-0.43194464,2.700536,-1.1785305e-06,2.69841e-05,-2.7106202e-05,0.97719365,1.2983441
201.0791,296.17697,270.5044,23.847334,266.77957,262.25427,259.72134,267.43863,-4.525299,-2.5329285,20.63423,15.395995101428134,11.931632380842721,8.236471569748065,49.49747468305833,57.092384129138296,58.472401172376735,5.2603507,7.803811,2.7168903,5.0869207,0.5280094,0.8279406,2.0,1.0,2.0,4.443822,0.7109421,0.70325035,-0.21773724,0.92296803,-6.67834e-06,2.1978e-06,-0.00015360182,1.0172554,1.1293504
191.65279,295.18805,252.45488,25.917805,204.80461,212.15747,231.41125,244.67604,7.3528595,19.253784,15.186723,28.279929752500777,10.49086606813494,1.6885411638876826,41.10960958218893,58.60180469884057,49.34069963095786,4.0525227,6.399129,1.7059164,4.6932125,0.89472985,-0.2466116,2.0,0.0,0.0,4.4426394,0.32396597,0.9460685,0.39738902,2.456975,-6.200558e-06,4.884e-06,-0.00014261283,0.96534246,1.391363
192.68658,291.2909,231.33678,16.873842,203.86221,215.37059,215.12021,224.6697,11.508377,-0.25038147,9.335425,29.32,19.746169968051117,7.5600000000000005,37.16180835212409,61.10374997850746,54.01020766212419,3.020564,3.2464123,2.794716,0.4516964,0.21460262,-0.5285168,2.0,0.0,0.0,2.0600019,-0.07288934,0.99733955,-0.908477,0.80332404,3.8116436e-06,1.01343e-05,8.76678e-05,0.9465648,1.3525101
192.71533,292.9296,236.10393,18.951288,206.12518,212.4512,215.89351,225.31111,6.3260193,3.4423065,9.561002,22.133333333333336,17.14687984496124,13.925,33.61547262794322,36.824333502513504,39.389869373516824,4.3981605,5.401887,3.394434,2.007453,0.16422206,-0.7629165,2.0,0.0,0.0,1.5499357,0.8057279,0.59228486,-0.80388135,2.0211291,2.5375566e-06,1.11111e-05,5.8363803e-05,0.97022367,1.3788089
206.39543,292.55725,250.60132,27.536924,227.68564,236.29414,238.86816,241.87814,8.608505,2.5740204,21.436897,37.17999999930208,23.722654445255447,8.618891073755107,44.77722635447622,43.386176199126744,42.860824329864656,5.577569,8.04225,3.1128883,4.9293613,-0.093297586,0.9474442,2.0,0.0,0.0,3.2528396,0.84852475,0.52915525,-2.4744384,0.15382801,-4.19387e-07,4.3956e-06,-9.645901e-06,0.9635687,1.2381063
211.57208,292.6487,262.80777,24.246025,242.91408,243.08894,258.15964,259.40854,0.17486572,15.070694,13.895054,26.8799716230097,18.262376852035665,6.52513444341586,73.90788315062423,76.89376623865225,72.7146441066564,7.3036656,10.35681,4.2505217,6.106288,-0.8994669,0.39307144,2.0,0.0,0.0,4.4552503,-0.15234539,-0.9883271,-2.116993,0.192285,-6.1952483e-06,-1.0989e-06,-0.00014249071,0.99928063,1.2038751
197.25041,295.08606,262.90546,26.275944,212.33029,242.71169,246.89755,261.3784,30.381393,4.1858673,14.359562,33.6199999295748,18.330464998420094,5.689077236871471,14.866068747318506,19.0128550736574,17.72787853914276,6.6780047,9.490042,3.8659678,5.624074,0.4618039,0.71407413,2.0,0.0,0.0,3.8400478,0.22221182,0.9749982,-0.78493154,3.2004771,2.1181697e-06,6.2271e-06,4.8717906e-05,0.8748252,1.2157885
203.086,294.32397,251.01169,20.972984,209.26521,220.858,238.4301,243.95761,11.592789,17.572098,10.457777,28.19998503768283,21.305127838843937,12.928827045476766,44.204072210600685,49.55899906552465,60.233514680262594,6.1000323,7.37119,4.8288746,2.5423155,0.7806378,0.31615445,1.0,0.0,0.0,5.8331285,0.12473015,0.99219054,-1.5828679,0.70931804,6.0625302e-06,1.5873e-05,0.0001394382,0.94751024,1.332639
189.54272,293.36722,247.34753,33.665436,207.89317,209.0946,219.25499,233.57724,1.2014313,10.160385,22.906998,32.519999543311286,12.583610803720555,4.762083268055201,21.633307652783937,21.364165381256463,35.94007470533104,9.585989,15.367431,3.8045464,11.562884,0.07513344,0.8097296,2.0,0.0,0.0,3.1056812,-0.94729835,0.32035196,-0.10032259,1.2776271,1.6987826e-07,5.6166e-06,3.9072e-06,0.9942541,1.4030358
199.81152,291.08752,248.66502,22.714556,209.16185,221.93567,230.00444,234.58156,12.773819,8.068771,11.210007,36.21999999999921,23.39344417404201,9.828108288445161,39.44616584663204,29.85898766689671,42.413837603871656,3.2776961,4.941036,1.614356,3.3266802,-0.38672647,0.7518344,2.0,0.0,0.0,2.6104586,0.32407314,0.94603163,-2.7568283,-0.572582,-1.4333489e-07,5.2503e-06,-3.2967023e-06,0.9424436,1.3115852
200.11835,293.8159,248.23083,26.3796,220.31923,223.23224,235.55278,242.91086,2.9130096,12.320541,16.774828,41.879999999999995,24.052140976165727,7.864847884022572,48.46648326421054,47.291643096279685,43.55665156182285,10.07469,13.644196,6.505185,7.1390104,0.7977847,0.39971143,1.0,0.0,0.0,5.3900557,0.25275376,0.9675305,-1.1813916,0.24783401,6.39167e-06,1.37973e-05,0.00014700841,0.98695076,1.3161893
206.48874,293.02615,242.83823,22.51252,218.69574,223.48782,230.33397,236.54546,4.7920837,6.8461456,11.4749,41.339999999999975,24.256880807531555,10.74219870199578,18.027756377319946,18.806291391060014,27.135443228815774,3.4222836,3.9140377,2.9305296,0.9835081,0.5494511,0.072382696,2.0,0.0,0.0,3.790008,-0.08277889,0.9965677,-3.282407,-0.26492602,3.2701564e-06,8.1807e-06,7.52136e-05,0.97855777,1.3111504
196.42734,294.29517,252.51257,28.369375,210.45236,231.30748,246.2827,251.46638,20.855118,14.97522,19.740458,33.399999999978526,19.22912320472038,7.490278695830574,20.615528128088304,20.751023654514686,22.233202725799746,8.364044,10.459051,6.2690372,4.190014,0.19107932,0.938406,2.0,0.0,0.0,3.2621043,0.04902302,0.99879736,0.17593613,4.5293803,2.3252087e-06,4.7619e-06,5.34798e-05,0.90983814,1.2723114
197.72424,294.54105,263.23087,30.511173,273.46396,270.7796,271.4848,263.28268,-2.6843567,0.7052002,25.843512,22.612131773985755,16.078108679613468,8.253883397497134,20.0,74.37607655337118,62.18210348641607,8.568911,11.660777,5.477043,6.183734,0.121988095,0.975094,2.0,0.0,0.0,2.1767297,-0.37911308,0.9253499,0.8074112,6.477868,2.2243435e-06,6.2271e-06,5.11599e-05,1.0099134,1.087752
193.01862,293.11212,242.06148,30.49673,202.77733,207.62013,229.0711,239.83272,4.842804,21.450974,24.755507,23.349994983024285,15.450524174168548,8.875567340240032,20.748070572954703,74.2310393291129,69.75611265813808,7.132372,9.974165,4.290579,5.683586,-0.27080277,0.91827893,2.0,0.0,0.0,1.8993341,-0.8966013,0.44283748,0.7955212,5.268609,1.8261915e-06,5.6166e-06,4.2002404e-05,0.9766747,1.4117712
207.9951,293.94583,247.20804,21.719841,237.78775,250.48537,251.75563,244.40259,12.697617,1.2702637,15.9022,33.01999998372253,28.24449304680835,21.377277623332247,30.463092423455635,47.083500601226206,56.61406567260083,7.601998,10.696344,4.5076513,6.188693,-0.03409511,0.85919315,2.0,0.0,0.0,3.4003906,0.9876167,0.15688424,-2.7388074,0.99560905,-1.624461e-06,3.1746001e-06,-3.7362603e-05,0.949308,1.173505
190.91063,294.9558,261.87875,25.28084,209.7018,227.18425,249.13687,256.28604,17.482452,21.952621,11.37057,16.85384947126296,10.429008781664258,4.674410189556172,70.38555156936158,94.54496378634701,104.12217607775534,8.62747,8.141058,9.113883,-0.97282505,0.29403985,0.71509176,2.0,0.0,0.0,1.7005907,0.60800916,0.7939293,-1.7411546,0.97424406,-1.1732218e-06,1.97802e-05,-2.6984102e-05,0.92304724,1.298311
186.22842,293.08804,239.54796,27.096127,206.20451,210.66972,213.10149,218.20393,4.46521,2.4317627,9.004182,41.399999999999956,18.94909513394037,5.441318246517694,25.709920264364882,28.86564417682838,30.58129299184032,9.557377,11.78133,7.3334236,4.4479065,0.5260589,0.6628627,2.0,0.0,0.0,2.2362227,0.34555343,0.93839866,-1.5312203,0.48712203,-2.0757002e-06,2.24664e-05,-4.7741105e-05,0.9788047,1.3912206
201.8396,294.69495,257.02737,27.259516,214.4054,228.4804,238.88834,251.24644,14.074997,10.407944,18.954977,32.99999960126002,20.41870673052065,12.952014629559491,42.579337712087536,52.993745492422754,54.08908597371681,8.704342,10.848563,6.5601215,4.2884417,0.18041131,0.9125533,2.0,0.0,0.0,1.0994811,-0.6828317,0.7305745,-0.9565945,1.0340661,-3.8806565e-06,1.5384601e-05,-8.92551e-05,0.93839735,1.2898041
186.84569,294.72836,239.20428,30.105848,198.87964,201.42987,223.58286,235.08296,2.550232,22.152985,20.897078,36.85999999802704,18.142997017018814,5.347165886877018,15.344738999685251,17.32017390342853,21.959192310156034,9.374064,11.06678,7.681349,3.3854313,0.3325237,0.6653407,2.0,0.0,0.0,2.8930573,0.61268353,0.7903279,-1.7937312,0.106825,-2.4366911e-06,2.10012e-05,-5.6043897e-05,0.9873394,1.463181
195.69673,293.27457,245.611,24.547007,209.07031,212.63835,221.70325,231.06813,3.568039,9.064896,6.287044,33.29999998787814,19.96910954822587,6.511113086820811,39.05124837953327,49.79157705275321,51.592697953446006,7.1186376,6.186633,8.050642,-1.8640089,0.3649624,0.6311251,2.0,0.0,0.0,2.333832,0.55915815,0.82906055,-1.8032061,0.239288,-2.457926e-06,1.78266e-05,-5.65323e-05,0.98322016,1.3792176
191.68509,295.52582,266.65207,23.553455,213.55017,229.22466,248.60965,266.47336,15.674484,19.384995,13.203765,29.739999745912108,16.874875369408144,4.559409023976359,38.27531841800928,40.37313475404162,40.44844604657199,9.693,11.903411,7.482589,4.420822,0.24085474,0.7752077,2.0,0.0,0.0,1.6738638,-0.33693674,0.94152665,-1.2133464,0.40166202,-3.8169524e-06,1.68498e-05,-8.77899e-05,0.9316195,1.289241
182.05743,288.83237,225.36438,23.406542,190.85962,196.20802,202.19542,211.50383,5.348404,5.9873962,10.261657,53.54,23.34738204203628,10.470647702754535,15.556349186104045,15.424545751177856,12.789136488458215,3.6105537,4.3676405,2.853467,1.5141735,-0.9180709,-0.3068758,2.0,0.0,0.0,4.451766,-0.8572023,-0.5149795,-0.33199355,2.8885481,-7.676374e-06,2.22222e-05,-0.0001765566,0.9727411,1.4720721
189.00787,278.91132,219.71243,11.863035,223.69809,208.72308,212.81744,218.61093,-14.975006,4.0943604,4.1048646,48.64000000000001,25.730423256240773,8.76221011894994,8.94427190999916,9.859946726330413,13.985775779316223,3.541884,4.7010717,2.3826962,2.3183756,0.33089587,0.47450498,2.0,0.0,0.0,3.5293508,-0.5122557,-0.8588326,-0.35614532,2.3971531,-5.17067e-06,2.2100101e-05,-0.00011892541,1.0717458,1.3362744
194.05142,293.57666,247.12524,23.010065,228.10442,237.2061,250.06854,251.5539,9.101685,12.862442,16.63183,43.419999999999845,24.107725281502443,8.951768722408334,14.422205101855956,17.405427082030464,21.584085628616865,7.530085,9.517128,5.543042,3.9740858,-0.15479709,0.97152686,2.0,0.0,0.0,1.127747,-0.6462328,-0.76313925,-0.58614415,0.61958504,-4.5920215e-06,1.81929e-05,-0.0001056165,0.9616296,1.2376438
186.1615,291.68744,232.75601,28.520618,224.35655,226.20525,223.60423,222.82137,1.8486938,-2.6010132,22.331877,30.400000000000002,11.218757332739289,3.7399999999999998,41.78516483155236,41.78516483155236,54.79724714997583,3.0774074,4.40808,1.7467346,2.6613455,-0.5694129,-0.43419254,2.0,0.0,0.0,5.1512833,0.9562133,0.29266998,-3.3260658,1.9399421,-1.4068042e-06,1.12332e-05,-3.2356496e-05,0.99182737,1.2894813
180.01035,288.46634,213.53107,20.34893,188.01884,190.5532,195.81473,203.52837,2.5343628,5.2615204,5.676215,31.0599998027535,11.621800389368778,4.519101792812168,46.486557196677836,44.661467768807896,45.56894755764936,3.5058322,5.0005493,2.011115,2.9894342,0.024327248,0.04181029,1.0,0.0,0.0,2.8200483,-0.64975667,0.76014173,0.7394148,2.371515,-6.5668573e-06,5.1282004e-06,-0.00015103772,0.9867,1.5138361
189.67467,294.35458,233.29633,30.56832,200.02328,205.3043,207.2159,219.12973,5.281021,1.9115906,16.59643,40.479999999913176,27.38719557176161,6.581388899884436,27.294688127912362,39.55667484168894,32.25042817754058,12.048381,16.195286,7.901476,8.29381,0.20914197,0.97527087,2.0,0.0,0.0,6.8385973,0.79311466,0.6090721,1.1590976,4.354187,-4.937088e-06,4.7619e-06,-0.00011355302,0.9742771,1.4337478
194.45186,289.3031,241.64922,21.71208,210.00174,215.85275,226.51822,234.7423,5.851013,10.665466,13.985622,80.0,23.827388710965433,15.015127210905067,27.410810271133386,28.732752152314685,28.575536926884016,16.403395,21.891462,10.915326,10.976136,0.31064877,0.9452629,1.0,0.0,0.0,7.9413204,0.8162599,0.5776846,1.2729825,4.943861,-3.1268219e-06,6.4713004e-06,-7.1916904e-05,0.9728935,1.3402798
185.98383,291.443,235.61179,25.196644,227.30547,238.73715,235.47183,227.47128,11.431686,-3.2653198,16.566431,26.539989315227388,17.684946257455785,5.11944636971662,14.7648230602334,26.453763761819335,44.1161319989808,4.2673078,3.430297,5.1043186,-1.6740217,0.7433091,0.32294816,1.0,0.0,0.0,1.9333668,-0.15343292,0.9881585,-0.34295473,2.448429,-9.587505e-06,2.3199e-06,-0.00022051261,0.952116,1.2207693
189.41325,293.94675,232.56125,30.15611,199.80052,205.1942,207.3811,216.47684,5.3936768,2.186905,15.215709,46.16,29.993461322954904,9.072185719627923,21.37755832643195,22.825205843306534,28.067926353379256,12.048381,16.195286,7.901476,8.29381,0.20914197,0.97527087,2.0,0.0,0.0,6.8385973,0.79311466,0.6090721,1.1590976,4.354187,-4.937088e-06,4.7619e-06,-0.00011355302,0.9737143,1.4325296
189.89995,294.67194,244.84396,25.251537,200.19986,218.11383,240.19559,242.19269,17.91397,22.081757,9.179349,31.439996195725644,16.8367206716138,6.984237593769104,47.29693436154187,47.29693436154187,25.868556157129714,4.2268677,4.2261047,4.2276306,-0.0015258789,0.8060107,0.3972153,1.0,0.0,0.0,2.848274,0.4555941,0.8901872,0.06372343,4.666116,-9.083179e-06,2.0757002e-06,-0.00020891312,0.91786873,1.3510007
193.42653,293.12024,234.72574,30.550392,241.94319,218.46591,217.49757,219.90927,-23.47728,-0.968338,21.485891,41.88000000000001,26.094022334597557,13.1,71.5788935482185,64.2203671394946,66.96959870125141,14.059076,17.360386,10.757766,6.60262,-0.121390626,0.97425294,1.0,0.0,0.0,4.6709037,0.7809196,-0.6246312,0.8412236,5.486532,-5.3086534e-08,3.1990203e-05,-1.2209903e-06,1.1074643,1.3417207
185.76518,288.78802,220.33351,22.935812,202.20177,196.36945,199.50935,203.67795,-5.832321,3.1399078,8.255998,,,,,,,8.097567,8.08307,8.112063,-0.028993607,0.18448628,0.9432939,2.0,0.0,0.0,3.4768817,0.8289583,-0.5593099,-0.12428857,2.303147,-4.4062162e-07,2.23443e-05,-1.0134298e-05,1.0297008,1.4706362
192.40677,289.26993,233.82643,25.393194,238.11275,200.80144,204.47014,218.17395,-37.31131,3.6687012,10.790792,30.150000000000002,27.820434782608697,26.35,49.09175083453431,72.70327687426423,77.48159371260415,9.462383,12.065929,6.858836,5.2070932,-0.034822024,0.97184575,2.0,0.0,0.0,2.3862293,0.6711943,-0.7412809,1.2105595,1.978399,-1.9323652e-06,2.41758e-05,-4.4444398e-05,1.185812,1.440577
192.42589,288.31543,233.15976,25.161459,236.68497,200.83313,204.41183,217.53612,-35.851837,3.5787048,10.725408,55.480000000000004,33.71126983131139,8.941031647109702,17.029386365926403,16.960847944710434,18.126447529222137,9.462383,12.065929,6.858836,5.2070932,-0.034822024,0.97184575,2.0,0.0,0.0,2.3862293,0.6711943,-0.7412809,1.2105595,1.978399,-1.9323652e-06,2.41758e-05,-4.4444398e-05,1.1785156,1.435597
208.56592,295.29852,278.3953,19.040934,294.34363,290.46805,286.553,283.1156,-3.8755798,-3.915039,14.40555,34.74,20.223923322683707,9.54,46.2709412050371,72.2210514442423,78.86398770225325,16.32614,22.386269,10.266012,12.120256,0.029596968,0.9942722,2.0,0.0,0.0,5.2894526,0.96723855,-0.25386837,0.19395706,5.3754344,1.1572956e-06,3.1013402e-05,2.66178e-05,1.0133425,1.0166299
189.31187,293.57623,245.45467,32.083035,218.67155,221.94821,224.68504,235.68877,3.276657,2.7368317,24.560135,42.82000000000001,27.171791447283933,7.5600000000000005,35.789356146262,40.28930482272766,39.778497025924295,16.92109,20.387207,13.45497,6.9322367,-0.027910303,0.98914576,2.0,0.0,0.0,4.885398,0.89980793,-0.4362857,0.5088586,5.6403604,-1.7518695e-07,3.21123e-05,-4.0293e-06,0.9852368,1.322724
189.67943,293.56357,239.07826,26.702837,198.78429,206.46698,224.6063,231.0217,7.6826935,18.139313,16.68257,50.17500000000001,26.418532020624976,11.065246526302955,13.892443989449804,19.64995628811929,11.622029367359907,5.874566,6.9233103,4.825822,2.0974884,-0.1865268,-0.93069273,2.0,0.0,0.0,5.3435917,-0.9992454,0.038836703,-0.90680486,1.593829,3.9231263e-06,1.08669e-05,9.02319e-05,0.9627897,1.4218427
183.04451,291.59122,230.07076,28.686083,215.94385,212.51265,212.99503,221.36465,-3.4311981,0.4823761,20.257177,30.29999993027828,18.154157158084423,10.578443378660074,21.93171219946131,24.933664766665117,26.338859748926566,2.927669,2.7519884,3.1033497,-0.35136127,-0.18317944,-0.4697213,3.0,3.0,9.0,5.9575806,-0.99974114,0.022744676,-1.0344375,1.585283,3.9868305e-06,1.68498e-05,9.1697104e-05,1.0161458,1.3721123
196.65515,295.42184,250.07323,27.284649,207.3964,212.20625,224.00769,235.87045,4.80986,11.801437,12.691131,38.52,19.31659778050932,9.760404101156302,13.601470508735444,17.274393915852276,18.863629386754223,6.385586,8.664858,4.1063137,4.558544,0.17125612,0.900841,2.0,0.0,0.0,5.377515,0.99770904,0.06764899,-0.041615296,3.1107442,-6.057223e-06,4.0293003e-06,-0.00013931612,0.977334,1.3921449
204.35435,294.43445,250.73044,22.913593,232.31982,224.37727,226.3126,232.7137,-7.9425507,1.9353333,4.5322566,36.799999999990064,25.647547722846646,11.449904428172214,7.810249675906654,12.575158602187667,21.938746749922863,1.6839795,1.1687641,2.199195,-1.0304308,-0.37817234,-0.27163652,2.0,0.0,0.0,6.6238627,-0.9784263,0.20659554,-1.0102859,0.40166202,1.7253265e-06,6.1050005e-06,3.968251e-05,1.0353982,1.3122294
192.20343,292.71286,233.31927,23.034304,207.34778,203.61424,215.27908,221.233,-3.7335358,11.664841,15.1284895,46.26,25.90406564745848,14.016526761845554,12.649110640673518,10.273587117558227,14.617891988587191,3.4033995,4.768215,2.0385838,2.7296314,-0.8409854,0.082607955,2.0,0.0,0.0,5.921274,-0.9965938,0.08246534,0.01987874,1.6408321,2.898548e-06,7.8144e-06,6.66666e-05,1.0183363,1.4375854
206.66168,294.70386,276.89716,19.78198,264.1634,271.22333,270.25146,272.08252,7.0599365,-0.9718628,15.884008,20.979284316035432,12.637876790686564,5.861127309424239,36.61966684720111,46.68967913488179,54.03210575481683,6.8893557,9.12609,4.6526213,4.473469,0.59854937,0.37816188,2.0,0.0,0.0,6.6927104,-0.92020756,0.39143023,0.14955501,2.0852242,-3.7160884e-08,4.6398e-06,-8.547004e-07,0.97397,1.0865726
208.06535,293.71564,269.49194,19.35563,262.2442,255.67432,254.42032,256.56027,-6.5698853,-1.2539978,11.364422,33.8399999980204,21.571182113149813,9.272779936819697,16.1245154965971,23.750747614522016,26.663883618767056,2.2154093,3.695057,0.73576164,2.9592953,-0.2843852,0.36640477,2.0,0.0,0.0,6.010389,-0.9812082,0.1929513,-1.0381533,0.55549,1.3059391e-06,6.2271e-06,3.00366e-05,1.0256963,1.1487882
203.6075,294.7334,259.2622,23.365517,214.88594,225.59955,235.25519,246.70909,10.713608,9.65564,11.302841,,,,,,,2.531673,1.9248972,3.1384487,-1.2135515,0.09725684,-0.7650065,2.0,0.0,0.0,6.539263,-0.9774567,0.21113513,-0.8326778,0.546944,2.256196e-06,7.692301e-06,5.1892508e-05,0.95251054,1.306445
202.24574,293.43274,247.04048,21.450073,214.34207,219.50859,226.9772,237.92801,5.166519,7.4686127,10.694605,45.65999999999982,28.97130947719598,6.820237159422225,5.0990195135927845,7.142616061942639,11.832770609184694,1.9130712,1.5868883,2.239254,-0.6523657,0.3041922,0.07944138,2.0,0.0,0.0,5.983695,-0.96763223,0.2523637,-0.4611124,1.4741851,1.7890305e-06,7.2039e-06,4.11477e-05,0.97646326,1.3367711
192.12216,292.7622,244.01163,27.267775,206.55415,207.46571,221.57889,236.57387,0.91156006,14.113174,16.370634,56.480000000000004,27.5088052819956,12.09583488451948,2.0,3.6893554418484573,7.246236680012732,1.9067755,1.3518839,2.461667,-1.1097832,-0.1048177,-0.20904222,2.0,0.0,0.0,6.1842318,-0.9796822,0.20055553,-0.44699296,0.90587604,3.1002785e-06,7.5702e-06,7.130641e-05,0.9956062,1.4111353
211.16501,292.63324,266.6013,21.896345,262.6745,255.30342,253.43144,257.2278,-7.3710785,-1.8719788,17.158743,32.45999937899128,17.36705993780241,5.204673926374712,20.396078054371138,19.889680764338177,21.105695768144397,2.112976,2.7668667,1.4590855,1.3077812,0.011934482,0.47521952,2.0,0.0,0.0,6.7805257,-0.99416786,0.10784254,-1.3268595,0.145282,-8.493913e-08,5.1282004e-06,-1.9536e-06,1.0288719,1.1462175
206.84709,294.28088,277.56192,18.81156,289.75055,273.97858,265.82544,270.51437,-15.771973,-8.153137,13.758276,24.619988004953846,14.697978286815975,7.664563154839636,38.27531841800928,40.12774633240982,42.15530549908725,5.4358406,8.217358,2.6543236,5.563034,0.7569937,0.5476644,2.0,0.0,0.0,7.580547,-0.9763684,0.21611191,-0.40259087,1.0084281,-1.067048e-06,3.5409003e-06,-2.4542103e-05,1.0575664,1.0741018
218.28935,294.8116,284.5359,12.059646,292.28113,289.4267,287.0056,286.55475,-2.8544312,-2.4210815,8.677857,18.98306939911103,11.115748003807669,4.558470345380693,48.373546489791295,53.303593822746635,58.83262876717989,7.7263675,9.067721,6.3850136,2.6827078,0.6295626,0.72291756,2.0,1.0,2.0,6.132273,-0.8532128,0.52156264,0.19228505,3.6235042,-7.8037823e-07,9.1575e-06,-1.79487e-05,1.0098623,1.0186055
218.84274,293.98648,279.04477,15.155732,288.17194,280.58365,275.81586,275.11618,-7.5882874,-4.7677917,11.67727,24.15999868043822,16.538661972289475,8.81791291800287,36.05551275463989,36.294079585253186,42.21101413369031,3.1836557,4.258913,2.1083984,2.1505146,0.4909355,0.74397933,2.0,0.0,0.0,7.404192,-0.99006116,0.1406365,-0.70504504,1.807479,-9.714914e-07,4.7619e-06,-2.2344302e-05,1.0270447,1.0477676
181.05963,284.91544,212.66432,21.19825,195.89674,192.98842,194.98198,201.97728,-2.9083252,1.9935608,11.902845,47.9,32.41189265175719,10.32,45.5411901469428,30.980521527407298,43.03322258140771,9.5619545,13.813581,5.3103275,8.503254,0.16815291,-0.9599869,2.0,0.0,0.0,6.4539747,-0.96862173,0.24853913,-0.22609743,3.093652,7.3206916e-06,1.77045e-05,0.0001683759,1.01507,1.4763343
182.73541,283.0542,209.38737,17.683727,201.00278,193.11505,197.01974,202.55824,-7.887726,3.9046936,9.337995,46.900000000000006,30.252564856230034,8.360000000000001,28.635642126552707,45.20889080825742,38.66263985830877,7.1668973,9.212691,5.1211033,4.091588,0.22351202,-0.94571716,2.0,0.0,0.0,6.688863,-0.9953815,0.09599755,-0.78883284,2.8543642,8.0586005e-06,1.8803401e-05,0.00018534782,1.0408447,1.4657283
215.40323,292.7561,270.68744,20.077223,284.26236,282.55475,278.29205,268.88843,-1.7076111,-4.2626953,16.840881,46.86524722239469,19.094965587516423,6.348159133325845,33.12099032335839,67.52126438664283,104.62536941099015,14.906007,18.606365,11.205648,7.400717,-0.6070526,0.7359451,1.0,0.0,0.0,8.897173,0.9641501,-0.26535735,-1.9068727,1.046885,-1.9074145e-05,1.0256401e-05,-0.00043870535,1.0060434,1.036104
191.26999,282.2021,236.12212,21.144773,222.30348,221.94096,223.2989,228.30734,-0.3625183,1.3579407,15.253981,44.09999999999783,33.995957983015586,10.5827797552095,27.313000567495326,27.54625970180011,31.729542320822155,13.298747,14.831805,11.765689,3.0661163,-0.374,0.9239965,1.0,0.0,0.0,11.306251,0.8984288,-0.43911904,-0.79087645,4.4311013,-6.821674e-06,1.4529901e-05,-0.0001568985,1.0016334,1.2715187
192.41168,293.2733,234.53595,25.198977,203.00682,209.3608,215.3956,220.32144,6.3539734,6.0348053,12.044496,33.82499984085358,17.156555008680577,8.534796159850751,9.219544457292887,7.526620381548945,7.687277501122132,4.991012,4.9780416,5.0039825,-0.025940895,0.9581595,0.22885336,2.0,0.0,0.0,5.1880727,-0.54401195,0.8390773,-0.47560343,0.337567,-2.8083e-06,6.3492002e-06,-6.45909e-05,0.9696506,1.4008033
198.03691,297.373,258.1316,29.667492,207.52791,220.61778,236.39249,249.27397,13.089874,15.774704,18.76083,49.5,25.564288171624423,10.049481818551303,14.0,17.23483883780107,22.146776186936734,9.203726,16.002247,2.4052057,13.597041,-0.96416116,-0.18677266,2.0,0.0,0.0,2.8572326,-0.90534055,-0.4246855,0.13840804,4.217451,-9.874174e-06,-2.8083e-06,-0.00022710601,0.9406672,1.3479103
189.98949,295.78198,244.11516,32.66774,197.9873,204.36908,212.1502,221.46341,6.381775,7.781128,15.703068,48.219999999999615,24.43117754211366,5.42697194764734,10.44030650891055,9.754079819354908,15.04992282479394,5.343709,9.084508,1.60291,7.481598,-0.71431434,0.6389018,2.0,0.0,0.0,1.5320925,-0.9951853,0.09800464,-0.1655323,2.290328,-7.256988e-06,2.1978e-06,-0.00016691072,0.9687733,1.4472932
194.44739,279.22552,224.13188,12.925522,211.315,219.5562,218.76476,220.80408,8.241196,-0.7914429,6.45083,28.999999984291243,16.780682175112116,7.79520830007638,21.840329667841555,68.2271454609772,46.09856606661686,5.285721,7.2926016,3.27884,4.0137615,-0.21894935,-0.31648302,2.0,0.0,0.0,3.3619103,-0.58678883,-0.8097396,-0.09660697,4.208905,7.16674e-07,1.4163601e-05,1.6483502e-05,0.9624643,1.2717725
194.95946,291.67892,234.93604,22.34079,201.30511,206.04427,213.96556,225.71991,4.739151,7.921295,9.72044,39.05,19.929442049647783,11.615753577136106,20.615528128088304,20.400824994292293,20.1865458005549,2.462048,2.132432,2.7916641,-0.65923214,-0.37039986,0.681517,2.0,0.0,0.0,1.6352594,-0.9473304,0.32025588,-1.7006539,1.7134731,4.501774e-06,1.7338201e-05,0.000103540806,0.97699934,1.4156129
196.94153,292.22437,247.48332,23.713484,204.83095,221.77112,223.92705,233.09665,16.94017,2.1559296,11.216227,48.32,18.68067678280232,7.9968607499543305,17.4928556845359,17.974488532861145,17.220179307157167,4.9679313,3.7728825,6.16298,-2.3900976,0.69967407,0.69190276,2.0,0.0,0.0,3.3501956,-0.5808243,0.81402856,-1.504096,0.41020802,4.8786915e-06,1.31868e-05,0.000112209906,0.92361414,1.3176845
192.65247,287.63376,224.55865,18.050747,205.21638,205.95822,212.05038,217.4145,0.74183655,6.092163,6.8408284,46.68,18.91720673178601,7.394644777158068,24.413111231467404,22.02946276235419,19.815891158586265,5.265692,5.2557735,5.275611,-0.01983738,0.76772803,0.60976183,2.0,0.0,0.0,2.830018,-0.78334534,0.6215862,-1.5875125,2.243325,4.8362226e-06,1.2576301e-05,0.000111233116,0.99639815,1.3965636
191.00217,292.41248,263.3051,27.716505,271.88358,252.75963,246.3574,250.20837,-19.123947,-6.4022217,14.970299,31.939999940351186,11.901086009758892,2.900442214628604,40.049968789001575,44.031324210659136,57.76929959965028,5.116526,5.697551,4.5355015,1.1620493,-0.66952986,0.38260204,3.0,3.0,9.0,11.653693,0.85404474,0.52019936,2.8240814,7.516207,-1.8038947e-05,-3.4188001e-06,-0.00041489577,1.0756606,1.1568797
195.0525,293.09592,277.60873,12.384489,279.16113,275.81744,269.62933,272.85352,-3.343689,-6.1881104,4.327476,26.239992200005457,15.142160015350777,5.779792176897263,22.561028345356956,27.02088413089148,29.78930304885336,6.5469594,10.02414,3.0697784,6.954362,-0.6644848,0.11748028,2.0,0.0,0.0,6.973942,0.80205375,0.5972517,2.1205225,6.413773,-1.8092036e-05,-9.768e-07,-0.00041611682,1.0121229,1.0626446
195.62122,280.33923,230.7671,12.985019,239.3861,231.06892,227.38087,224.72812,-8.317169,-3.6880493,6.981374,19.62023906568176,12.653305009192621,4.43945843811281,24.73863375370596,47.94866706402935,37.17305111566198,5.7301683,9.124183,2.336154,6.7880287,-0.18988138,-0.19775105,3.0,3.0,9.0,2.9376848,-0.69853646,-0.715574,0.14546777,4.2046323,9.343307e-07,1.30647e-05,2.1489606e-05,1.0359943,1.2132277
187.72375,296.23743,252.14227,28.915752,196.93333,210.47867,227.50975,235.9968,13.545334,17.031082,10.204907,41.45999999942636,24.045469602918445,10.623343419486329,11.661903789690601,15.730838655078454,16.31309829687757,3.3312964,2.2869406,4.3756523,-2.0887117,0.94545716,0.16857967,2.0,0.0,0.0,3.8070574,-0.6890863,0.72467893,0.11072646,1.969853,-5.828949e-06,3.0525002e-06,-0.00013406582,0.9356451,1.4074463
193.23877,292.5411,241.76808,25.329924,200.84207,203.90889,219.66223,230.6117,3.0668182,15.753342,10.370675,44.54,23.36883756540687,10.095826337987342,20.248456731316587,20.441293084563203,20.499201479208487,4.013037,5.4285927,2.5974817,2.831111,-0.43762112,0.49319044,2.0,0.0,0.0,1.8977278,-0.98613137,0.1659634,-1.7680931,0.90160304,3.2276873e-06,1.08669e-05,7.423681e-05,0.98495984,1.4346658
196.29169,297.4186,257.48193,29.741638,207.32939,221.97366,236.38182,248.8305,14.644272,14.408157,19.109377,37.35,23.70942808852026,15.02923556081706,28.0178514522438,29.971239850183053,32.742461868245755,9.203726,16.002247,2.4052057,13.597041,-0.96416116,-0.18677266,2.0,0.0,0.0,2.8572326,-0.90534055,-0.4246855,0.13840804,4.217451,-9.874174e-06,-2.8083e-06,-0.00022710601,0.93402696,1.3398824
187.75626,290.8766,239.08405,21.439972,197.38776,205.78697,219.58278,231.29446,8.399216,13.795807,10.535595,50.21999999999999,22.255269345162397,11.407327384899006,14.422205101855956,7.627090280761914,7.999828463562224,5.152386,7.2674217,3.0373507,4.230071,-0.26479957,0.26693407,2.0,0.0,0.0,2.5170105,-0.99667454,-0.08147997,-1.5131996,1.1408911,2.5110132e-06,1.05006e-05,5.7753303e-05,0.9591849,1.413484
197.54626,294.86066,258.57953,29.70112,203.40118,218.85951,232.85397,251.58487,15.458328,13.994461,17.019041,42.33999999999996,22.27754706314254,7.902478692420297,9.0,11.711844737526961,14.692175760476932,4.2818036,3.1277657,5.4358416,-2.308076,0.95273507,0.02991613,2.0,0.0,0.0,4.2218637,-0.6714052,0.7410901,-1.0753098,1.3203571,3.0418823e-06,1.2332101e-05,6.9963295e-05,0.92936873,1.34726
182.79715,285.2554,239.23041,26.72332,241.89618,233.68794,236.72195,238.26132,-8.208237,3.0340118,21.75022,38.68,14.210652312939672,5.88,44.01136216933077,144.23330963886582,143.74829179253294,8.843399,14.556361,3.130437,11.425924,-0.5675782,-0.79299825,2.0,0.0,0.0,1.7040921,-0.5036035,0.8639343,-1.1656002,4.8242173,3.8222606e-06,1.37973e-05,8.7912e-05,1.0351248,1.2206681
189.04765,288.2091,231.77069,23.877497,196.84476,195.36781,201.3967,214.27216,-1.476944,6.028885,6.809898,60.16000000000001,22.551604370128526,9.442074293910826,8.54400374531753,12.447788420027175,12.716933580757548,3.2851353,3.9888115,2.581459,1.4073524,0.911778,-0.21072233,2.0,0.0,0.0,3.700438,-0.10028757,0.9949582,1.2714962,3.251753,-1.4598915e-06,6.3492002e-06,-3.3577504e-05,1.0075598,1.4752128
185.01538,292.2167,234.52414,31.502821,194.38232,196.3766,206.9236,225.63707,1.994278,10.546997,18.460539,25.22000113968241,12.942513463484602,6.3202693287489335,34.438350715445125,49.055419767066475,53.06350665686625,4.3394103,5.6677933,3.0110273,2.656766,-0.889128,-0.27095833,2.0,0.0,0.0,3.3662355,-0.9116904,0.4108772,2.3217254,4.973772,1.061739e-06,8.7912e-06,2.4419998e-05,0.9898446,1.4880424
183.06606,294.3502,228.0635,29.05607,191.03238,194.46231,199.56462,213.96823,3.4299316,5.10231,17.685995,36.659999946579376,14.378188539477494,4.162876126676623,25.45584412271571,25.707815449094813,28.44102039099767,5.491349,7.270856,3.7118425,3.5590134,-0.8803712,-0.2829615,2.0,0.0,0.0,3.3147418,-0.9214339,0.3885343,2.6249228,5.140419,3.2276873e-06,1.2210001e-05,7.423681e-05,0.982362,1.5136619
183.0858,292.28372,231.70102,30.404953,200.37329,198.48555,204.0438,223.20276,-1.8877411,5.558243,20.527042,,,,,,,5.2119007,8.224225,2.1995764,6.0246487,-0.8675372,-0.18170744,2.0,0.0,0.0,3.8118167,-0.9998331,0.018254476,0.2038035,1.9356691,1.3802608e-07,9.035401e-06,3.1746e-06,1.0095108,1.4725692
185.59027,293.4505,240.01852,31.27323,195.74036,199.68575,213.58186,226.64339,3.9453888,13.896118,19.40745,,,,,,,4.935695,7.08354,2.7878504,4.2956896,-0.9552171,-0.07571368,2.0,0.0,0.0,4.3699484,-0.99141693,0.13073629,2.4101582,4.5293803,2.6278044e-06,1.2942601e-05,6.0439503e-05,0.980242,1.4695616
219.34676,291.48773,264.99728,14.62632,252.49915,257.65106,258.9782,261.8258,5.1519165,1.3271484,7.7329187,27.040242502293193,20.658461894804862,12.206251663828729,25.0,28.08519604979892,34.35073469861301,3.0941944,2.1358662,4.0525227,-1.9166565,-0.76135457,0.4817344,2.0,0.0,0.0,4.2445087,-0.63359785,0.7736623,0.41522416,4.3969173,-3.5727523e-06,7.8144e-06,-8.2173305e-05,0.9800043,1.1313275
210.32639,291.12268,261.79742,20.094248,227.55511,231.50209,241.27263,254.64651,3.9469757,9.770538,7.7006264,22.039941306199147,16.6017573471519,8.617441458894183,20.09975124224178,30.72929896213005,41.27199811624872,2.7569485,2.2491722,3.2647247,-1.0155525,-0.32334855,0.5858161,2.0,0.0,0.0,3.0904164,-0.2295016,0.97330797,0.41671035,4.802852,-5.3883264e-06,5.7387e-06,-0.0001239315,0.98295057,1.2575381
196.22287,289.87616,251.87166,20.59914,207.85217,233.99677,231.65761,240.1688,26.144592,-2.339157,5.9464326,34.559999998703624,26.289599036069283,15.07565178667397,25.495097567963924,27.233544188288487,30.409636196284936,2.9883275,2.1736345,3.8030205,-1.629386,-0.9719318,-0.061130762,2.0,0.0,0.0,6.148678,-0.8680107,0.49654502,-0.3197319,1.914304,6.051915e-07,9.8901e-06,1.3919404e-05,0.8882694,1.2388041
191.24261,280.16016,227.30919,15.572909,215.61676,215.10458,217.9573,218.7255,-0.5121765,2.8527222,5.2997565,50.29999999999999,29.1083460794327,13.680961155726635,8.06225774829855,5.895884432998609,5.3796348644645064,2.849843,3.3990126,2.3006735,1.0983391,-0.89653903,-0.10115984,2.0,0.0,0.0,6.907444,-0.8785228,0.47770014,-0.3026399,2.8671832,2.0969348e-06,1.07448e-05,4.82295e-05,1.0023811,1.302437
212.02472,289.95557,248.72942,16.06355,236.63544,231.67673,229.83263,238.46811,-4.9587097,-1.844101,4.26789,32.33999998839012,22.151446855438305,14.409085103674323,31.622776601683793,35.21115147325666,39.488741069554834,3.084847,2.6802664,3.4894276,-0.8091612,-0.9093173,-0.03048864,2.0,0.0,0.0,5.377316,-0.8045533,0.59388024,0.04607408,3.7175102,-1.3165562e-06,9.645901e-06,-3.0280793e-05,1.0214036,1.2515525
191.71802,290.89227,221.51007,16.566275,201.48709,195.00316,201.90546,211.5925,-6.4839325,6.902298,6.1696506,,,,,,,6.097553,7.4039993,4.791106,2.612893,-0.68936074,-0.69057786,2.0,0.0,0.0,5.680094,-0.8091632,0.5875836,-0.6738335,1.3118111,3.2754654e-06,1.28205e-05,7.53357e-05,1.0332505,1.491731
188.78154,291.12326,211.73181,17.452871,194.32135,195.3002,201.97574,208.09572,0.9788513,6.675537,7.969479,42.45999999999921,20.70563948081924,8.953851269263613,6.708203932499369,9.988451119515377,11.53871567565476,2.1896577,2.2133102,2.1660051,0.047305107,-0.6909652,-0.37795657,2.0,0.0,0.0,5.119726,-0.8881906,0.45947474,-1.2111169,0.79050505,2.7870653e-06,1.14774e-05,6.41025e-05,0.99498796,1.4906449
195.06494,289.8474,232.75229,25.629446,201.50075,201.29543,207.23076,221.38408,-0.20532227,5.9353333,13.715023,,,,,,,5.408945,6.7848253,4.033065,2.7517605,-0.80836046,-0.5158056,2.0,0.0,0.0,6.862947,-0.8644747,0.50267607,-0.6970563,2.683444,3.424109e-06,1.01343e-05,7.875451e-05,1.00102,1.4399105
210.06836,294.28287,263.98447,23.93601,224.04036,244.1453,258.90448,262.3289,20.104935,14.759186,17.421844,34.44,11.608047785547786,6.880000000000001,26.248809496813376,23.547844081969934,52.07976498841412,15.169242,17.578606,12.759878,4.8187275,0.6478572,0.7325426,0.0,2.0,0.0,15.193396,0.74666846,0.66519624,-0.61345416,7.161548,5.8395653e-06,1.2942601e-05,0.00013431,0.9176518,1.2053596
201.48598,291.0459,229.86214,19.903343,209.24045,208.509,212.3559,220.70932,-0.7314453,3.8468933,11.514279,80.0,29.28647631913881,21.49610254525159,44.04543109109048,44.5206192871476,44.44510044766828,5.4602575,7.3765326,3.5439825,3.83255,-0.55704474,0.8093064,2.0,0.0,0.0,3.110088,-0.12089397,0.9926651,0.5878162,2.529616,-6.938466e-06,-1.9536e-06,-0.00015958471,1.003508,1.3958433
227.97838,289.14133,272.6407,13.776172,271.28952,268.45676,269.89096,270.86404,-2.8327637,1.4342041,5.07379,22.65929633253231,14.730186668909806,8.30228828546697,41.048751503547585,46.11757367667911,51.274968962011144,3.623335,5.3446636,1.9020061,3.4426575,0.6656353,-0.34611985,0.0,2.0,0.0,4.182952,-0.38318497,0.9236714,-0.53895533,1.9997641,6.057222e-06,1.4285701e-05,0.00013931611,1.010552,1.07705
195.50787,294.20728,272.17087,27.253029,291.30838,290.4802,284.9351,274.2778,-0.82818604,-5.545105,21.557232,19.12092903690873,8.463982186104454,0.2876470096535225,44.94441010848846,98.87436975677362,110.53579766065127,11.247804,14.829898,7.6657095,7.1641884,0.34066594,0.91115624,1.0,1.0,1.0,7.8815584,0.967888,0.25138137,-0.23928805,1.8288441,-5.733392e-06,3.6630001e-06,-0.00013186802,1.0028511,1.0128307
233.6726,291.67966,279.16278,9.707829,270.9295,273.84433,268.73062,275.61386,2.9148254,-5.1137085,2.6199903,19.476488827184834,13.656144823461933,5.062001718815168,36.22154055254967,50.79051470395664,55.60785235198107,2.4652915,3.7354956,1.1950874,2.5404081,-0.66063285,-0.66888803,2.0,0.0,0.0,2.2731955,0.96663445,0.2561581,0.391444,1.5724641,6.9597004e-06,1.9902302e-05,0.0001600731,0.9893559,1.0651294
193.88315,293.9786,260.1615,29.135998,252.87851,255.48726,253.8787,255.05179,2.6087494,-1.6085663,26.313402,18.288914820668488,10.707628281855062,3.30088350928384,31.906112267087632,92.75451188096817,93.8825264831203,6.1898756,8.034237,4.3455143,3.6887226,-0.3767357,0.87983155,2.0,0.0,0.0,2.2098033,-0.99988836,0.014915464,-1.9113317,0.47003,-3.477196e-06,2.5641002e-06,-7.997551e-05,0.9897891,1.1506586
199.74219,295.3269,263.90356,33.67741,229.38268,247.63731,258.13412,260.75046,18.254639,10.496811,28.975103,23.619995355669253,13.89334370023675,6.3590960612174054,8.246211251235321,36.446106864433084,33.96127434229158,7.1054754,9.455325,4.7556257,4.6996994,-0.35850886,0.85457385,2.0,1.0,2.0,1.8749965,-0.5892161,-0.8079748,-1.4409299,1.7690221,-2.5906436e-06,2.8083e-06,-5.9584803e-05,0.9262848,1.1925783
197.3519,295.6373,279.4203,23.037518,288.99457,285.586,284.44254,281.93164,-3.4085693,-1.1434631,18.267876,15.590030185214943,9.503900561890633,4.042083263799577,44.68780594300866,72.90020910127326,87.3850670499626,6.0193453,7.608865,4.429826,3.179039,-0.7242782,0.5567402,2.0,0.0,0.0,2.9384348,-0.6817405,-0.73159355,-1.6779884,0.26065302,-2.7074345e-06,3.1746001e-06,-6.227099e-05,1.0119354,1.0351954
192.532,293.10703,233.0789,24.464113,228.93318,206.50798,208.77283,227.53847,-22.425201,2.2648468,15.563508,46.42000000000114,32.39858961562978,8.197364640692651,26.92582403567252,29.68344510265342,32.59762163751662,7.3648963,10.665062,4.0647306,6.6003313,-0.9195814,0.3016503,2.0,0.0,0.0,2.5254366,0.20688732,0.9783644,0.54285675,2.6065302,-1.3112477e-06,3.1746001e-06,-3.0158699e-05,1.1085924,1.4193497
207.3195,292.50934,269.29297,22.615303,267.2508,277.68658,277.43216,268.06158,10.435791,-0.25442505,19.364353,,,,,,,11.163683,14.336999,7.990366,6.346633,0.117664196,0.9731996,1.0,0.0,0.0,11.789142,0.8650455,0.5016933,1.0357379,8.746831,-3.944361e-06,5.7387e-06,-9.072031e-05,0.9624188,1.0533794
193.82394,292.3594,242.85567,28.279795,219.93283,217.2779,220.47263,230.93437,-2.6549377,3.1947327,19.693296,43.980000000000004,27.134895347757947,7.64721337175718,34.828149534535996,33.23975240634916,35.71099781979907,7.3519244,8.543158,6.1606913,2.3824663,-0.9209512,0.30407554,2.0,0.0,0.0,6.801592,0.6990747,0.71504843,1.8045065,6.144574,-9.0778707e-07,8.302801e-06,-2.0879103e-05,1.0122191,1.3455552
202.03893,291.93588,249.34576,25.81596,240.84207,240.68655,235.82211,237.39754,-0.15551758,-4.864441,17.299534,34.68000004680424,23.722584803046317,13.217124687230347,33.421549934136806,48.26041777556267,54.32910046805477,10.354521,11.880902,8.828139,3.052763,-0.26631898,0.9448217,2.0,0.0,0.0,9.8946085,0.8108223,0.5852922,1.9204351,8.0546055,-3.3922565e-06,2.8083e-06,-7.80219e-05,1.0006461,1.2129297
183.0609,291.2047,223.25484,25.353102,195.17381,198.05408,202.09024,208.52412,2.8802643,4.0361633,10.818007,45.74,33.8731950280112,23.6,17.070994909078117,23.253467485151592,26.431391123538546,9.89901,12.431788,7.366231,5.0655575,0.40692997,0.89217806,2.0,0.0,0.0,5.3945117,0.4331282,0.9013321,2.838015,5.6788173,-6.126235e-06,3.6630001e-06,-0.0001409034,0.9854572,1.4703293
189.66675,290.036,235.32054,23.91174,204.25426,211.08176,218.06511,228.29362,6.8274994,6.9833527,16.537336,36.025,27.639298765089322,21.224431467595373,41.23105625617661,52.78752969305135,52.470697879348144,13.358452,16.691616,10.025287,6.6663294,0.2690653,0.93132883,1.0,0.0,0.0,7.501229,0.72549486,0.6882274,1.5434821,6.046295,-6.662414e-06,4.0293003e-06,-0.00015323552,0.9676547,1.3740458
181.39308,290.81863,218.32507,21.668148,192.58691,193.94365,201.52922,208.70831,1.3567352,7.5855713,8.680811,38.25,27.332331341085823,17.064984350056697,23.40939982143925,26.66243212104388,31.269911737390714,4.587767,6.558978,2.6165562,3.942422,0.8585701,0.1103853,2.0,0.0,0.0,3.9371083,-0.7035319,0.7106633,2.0803938,3.3970351,-9.295527e-06,3.6630001e-06,-0.00021379712,0.9930045,1.4995006
192.88725,293.4373,259.3154,24.09535,230.93333,250.03967,261.08005,264.73752,19.106339,11.040375,19.06245,24.18,6.3964575028931465,0.9,22.090722034374522,36.58944056607686,28.80321657703683,10.53478,12.294067,8.775492,3.5185757,0.25085238,0.9359435,0.0,2.0,0.0,7.5348225,0.9357953,0.35254338,-0.27607298,2.7090821,-2.176565e-06,5.7387e-06,-5.0060997e-05,0.9235868,1.1735629
188.9815,292.1555,231.62225,27.800701,197.13055,199.45679,213.69128,221.54091,2.326233,14.234497,17.625746,61.69999999999999,28.30102758499235,8.785680030428939,6.324555320336759,7.614489685949927,8.622126042177776,9.7033,12.199073,7.207527,4.9915457,0.74932176,0.6246432,1.0,0.0,0.0,6.010052,0.7604739,0.6493683,-0.07951493,3.8713381,1.884587e-06,1.14774e-05,4.3345502e-05,0.98833716,1.4647558
187.03706,292.61093,228.88206,25.902231,195.34174,198.10197,210.11487,220.55103,2.7602386,12.012894,12.560455,41.36,23.68815675760788,16.019654848489488,11.180339887498949,12.256188877186508,15.971815091738595,4.6636853,5.909664,3.4177065,2.4919577,0.6256591,0.622779,2.0,0.0,0.0,3.0112739,0.86470354,-0.5022821,-1.0892435,1.9356691,-1.9111305e-06,8.1807e-06,-4.3956003e-05,0.9860666,1.4770722
216.30103,295.17102,273.819,16.751442,285.1232,279.69574,273.6834,273.51202,-5.4274597,-6.012329,14.023476,,,,,,,18.712423,23.47736,13.947488,9.529872,0.3256806,0.94209397,1.0,1.0,1.0,13.789453,0.9942557,0.107030116,-1.9789565,3.730329,-1.8792783e-06,1.01343e-05,-4.32234e-05,1.0194049,1.055329
184.94212,295.48303,232.98544,26.688751,204.54587,195.68861,210.10774,231.29155,-8.857254,14.419128,9.823334,60.25,25.148455261355526,15.89828517555759,5.0990195135927845,6.167886881689116,7.570209531417269,8.190844,8.138005,8.243681,-0.1056757,0.8651718,0.44709367,1.0,0.0,0.0,4.8816247,0.9070053,0.42111853,0.25489384,4.020893,-2.3889135e-07,9.8901e-06,-5.4945012e-06,1.045262,1.5099654
187.19394,295.3951,232.20064,29.158955,194.86613,192.9307,203.44962,214.54692,-1.9354401,10.518921,11.966923,61.3,26.156647734722075,8.943258329062344,5.0990195135927845,5.4438196152021,7.583754836786153,7.3999934,7.576437,7.22355,0.35288715,0.8932761,0.41754407,1.0,0.0,0.0,3.6105473,0.98287576,-0.18426806,-0.4850784,3.7004182,-1.6828564e-06,6.3492002e-06,-3.8705697e-05,1.0100318,1.5310944
192.75375,292.6616,237.77208,26.045479,210.16997,213.9655,216.74626,213.35594,3.7955322,2.7807617,6.2308307,29.379990792765078,16.084238686777976,6.698787270195647,12.083045973594572,47.98694791530068,45.3115652562974,2.946363,4.319954,1.572772,2.747182,0.14992379,0.9782345,2.0,0.0,0.0,2.4038453,0.9080036,-0.4189614,-1.1726599,2.123681,-3.9549786e-06,1.7094001e-06,-9.096451e-05,0.982261,1.3677981
188.3103,291.5547,225.82828,25.162872,197.39667,196.12515,199.99994,207.37843,-1.2715149,3.8747864,8.388883,66.78,25.190815466360554,11.81671076898935,4.0,4.919640422821131,8.294846038159665,5.3877716,5.2737036,5.5018396,-0.22813606,0.6894309,0.7109433,1.0,0.0,0.0,3.823016,0.99945873,0.032889534,-0.24318945,5.7728233,-2.6543484e-07,9.5238e-06,-6.105001e-06,1.0064832,1.4865746
186.28253,295.50928,242.4381,27.18112,196.75371,204.77673,216.23122,232.16257,8.0230255,11.454483,14.053814,39.63999999998432,20.05384185321089,5.86318675757461,8.94427190999916,9.85412087854501,11.726110485125403,5.0100865,5.6490993,4.3710737,1.2780256,0.7422515,0.5815848,2.0,0.0,0.0,2.6732526,0.82517254,-0.5648801,-1.1782334,2.8543642,-2.776448e-06,5.6166e-06,-6.38583e-05,0.9608206,1.4430803
184.85342,295.9872,237.032,29.22008,197.2581,200.95593,208.48918,224.81662,3.6978302,7.533249,17.423632,57.79999999962851,36.831330081587524,10.425588805677023,21.02379604162864,29.282391342214346,22.41806435404889,15.10267,17.777748,12.427591,5.350157,0.65073335,0.75516474,1.0,0.0,0.0,8.373588,0.8235438,0.56725246,-1.4006152,3.2004771,-1.5395219e-07,9.1575e-06,-3.5409003e-06,0.9815988,1.4728961
201.68065,292.52023,243.0781,24.304815,254.84021,234.46785,229.27861,230.86305,-20.37236,-5.1892395,17.73446,32.77999999999989,21.910066357880616,14.491312174339061,24.041630560342615,23.4934958874596,27.75836631443012,4.8899145,4.000638,5.779191,-1.778553,0.21824929,-0.016365439,2.0,0.0,0.0,2.8403125,-0.7186158,0.69540685,0.0973501,1.5425531,-4.4062162e-07,6.1050005e-06,-1.0134298e-05,1.0868876,1.2475921
232.42506,294.4133,275.8079,10.184839,280.79422,280.0037,274.5586,276.28094,-0.79052734,-5.445099,5.5905123,22.11325883079666,14.28800188854227,5.5132272385720515,28.844410203711913,34.13490797026051,40.64650598023462,6.667705,7.4749594,5.8604507,1.6145086,0.6568713,-0.17383853,1.0,0.0,0.0,4.2217064,-0.50545216,0.8628543,0.22275333,1.4271821,-2.9728696e-07,5.7387e-06,-6.8376003e-06,1.0028232,1.0514622
202.2319,292.33337,235.0732,16.91953,230.1392,209.42035,219.87238,228.80219,-20.718857,10.452026,5.7208667,46.72,32.72163060897436,22.1,11.180339887498949,15.552801752549067,19.22854383387735,5.040035,5.4854364,4.594633,0.89080334,0.7570001,0.5970208,2.0,0.0,0.0,4.210784,-0.7763798,0.63026506,-0.2844332,2.192049,1.8049549e-07,7.2039e-06,4.1513963e-06,1.0989343,1.3959167
217.76094,294.77054,281.4397,11.54278,290.16733,287.4335,283.7139,280.73367,-2.7338257,-3.7196045,9.61071,27.840000000000003,18.354246645367414,7.68,22.67156809750927,29.647981248933927,39.24870604371631,9.3122635,11.18352,7.4410057,3.7425146,0.27589417,0.92908514,2.0,0.0,0.0,3.1975992,-0.910523,0.41345766,0.8280331,3.7858782,-2.1553305e-06,5.8608002e-06,-4.95726e-05,1.0095111,1.025526
,,,,,,,,,,,30.279957029655613,10.085603249483457,3.6792556660515823,47.53945729601885,71.68804136552639,69.38332473353489,9.66763,12.886155,6.4491053,6.43705,0.30470353,0.9373044,2.0,1.0,2.0,3.02151,0.45977446,0.88803536,-0.009474897,3.2987561,4.974248e-06,1.28205e-05,0.0001144077,,
197.62073,297.21863,275.68414,26.927181,215.34874,234.40425,256.9058,270.61255,19.055511,22.501541,14.619891,26.259999999999998,9.629887374597768,5.340000000000001,48.08326112068523,35.89115729885943,39.32191089665557,1.6385818,1.7089682,1.5681953,0.14077282,-0.34222016,-0.075672716,0.0,2.0,0.0,6.5413213,-0.8787997,0.47719067,0.382898,3.6192312,-4.0186833e-06,1.7460301e-05,-9.242971e-05,0.91870666,1.2679746
209.43071,292.07156,241.8315,18.033695,267.171,239.67725,228.60544,232.78714,-27.493744,-11.071808,10.266342,38.2,23.17623913984295,6.198600115598454,49.51767361255979,53.829912436053995,58.161254791705,6.3281693,8.627089,4.02925,4.5978384,0.6187216,0.5548623,1.0,0.0,0.0,5.785202,0.9259228,0.37771234,-1.6272699,-0.064095005,2.7870653e-06,9.645901e-06,6.41025e-05,1.1147115,1.2186036
222.2203,288.47223,276.0636,12.32956,272.0322,270.16193,273.03268,274.68784,-1.8702698,2.870758,7.227837,24.4,11.09773428886439,2.7,35.90264614203248,37.09186671042321,37.77547620333551,2.9526577,4.493536,1.4117794,3.0817566,-0.45686895,0.675889,2.0,0.0,0.0,1.9001398,0.8865844,-0.46256575,-2.0945132,-0.188012,2.5051731e-05,5.0793602e-05,0.00057618984,1.0069227,1.0677752
209.43071,292.07156,241.8315,18.033695,267.171,239.67725,228.60544,232.78714,-27.493744,-11.071808,10.266342,36.399999999445306,22.831283351470077,6.961391924428305,49.64876634922564,51.886158388734906,53.28800715384952,6.3281693,8.627089,4.02925,4.5978384,0.6187216,0.5548623,1.0,0.0,0.0,5.785202,0.9259228,0.37771234,-1.6272699,-0.064095005,2.7870653e-06,9.645901e-06,6.41025e-05,1.1147115,1.2186036
188.5156,290.45282,219.30885,21.093819,220.67827,204.7566,203.371,206.20454,-15.921661,-1.3856049,8.589639,61.67499995086454,12.73935420281045,3.8213933966973257,39.6232255123179,29.186348702505494,27.040858459129822,3.8692117,4.9883423,2.750081,2.2382612,0.01068408,0.89606595,2.0,0.0,0.0,6.4720464,-0.99609613,-0.088273615,1.336706,6.2898564,-3.7107786e-06,7.4481004e-06,-8.534791e-05,1.0777589,1.4185272
190.28395,295.20178,258.9024,35.037117,278.68738,258.0491,257.41498,258.30304,-20.638275,-0.63412476,30.98583,28.639999995656076,11.604251381201241,4.099508172448666,33.40992843073951,29.478698562846574,29.097295957650417,12.015381,15.822943,8.20782,7.615123,0.08335706,0.94721365,2.0,1.0,2.0,5.2893987,-0.13709033,0.9905584,0.7801013,3.3628511,-1.9164395e-06,5.0061003e-06,-4.4078108e-05,1.0799781,1.1439753
190.78606,296.18414,251.41621,32.66027,215.33994,230.4414,238.6961,243.89218,15.101471,8.2547,26.560225,56.620000087074956,11.856794945875766,2.580459975525058,26.248809496813376,26.248809496813376,26.554727998486822,7.463895,11.098063,3.8297262,7.2683372,0.253025,0.8979707,2.0,1.0,2.0,4.8489604,-0.36504465,0.93098986,1.3863099,4.050804,-3.5674434e-06,4.6398e-06,-8.20512e-05,0.9344672,1.2852905
195.35913,296.19302,269.04935,34.68914,293.73438,282.92648,272.78952,267.93835,-10.807892,-10.136963,28.805487,21.260390767961077,8.660529241899916,4.439128624957009,53.06341388046555,70.40625091198415,65.28866841376363,11.554338,15.399095,7.7095814,7.689513,-0.11632444,0.8709211,2.0,1.0,2.0,4.1140056,0.06913814,0.9976069,0.42284125,2.8073611,-1.6138437e-06,1.4652001e-06,-3.7118403e-05,1.0382004,1.0468904
196.93585,294.75375,253.8129,25.21246,214.79884,223.4533,232.76399,242.26949,8.654449,9.310699,8.764356,14.506466880031585,12.487751340026453,10.234072068661419,46.06517122512408,66.27483259615134,77.28649194115407,4.15877,6.005802,2.311738,3.6940641,-0.45468011,0.7650591,2.0,0.0,0.0,5.3858776,-0.8533657,0.52131236,0.6686316,3.187658,-4.4699223e-06,1.01343e-05,-0.00010280821,0.96126956,1.3190844
192.41591,295.51752,247.06902,26.05949,234.99287,231.66743,237.4715,237.62927,-3.3254395,5.804062,9.846744,28.939996222603877,12.853653237676662,3.7791460266072816,23.194827009486403,28.946416906890352,29.16586420323406,5.897647,8.392085,3.4032087,4.9888763,-0.47244442,0.7601286,2.0,0.0,0.0,5.132355,-0.663374,0.7482878,1.3446946,3.0295572,-5.239683e-06,7.5702e-06,-0.00012051271,1.0143543,1.2756109
193.03716,291.49484,243.26373,29.215967,203.1986,208.71512,211.58443,228.651,5.5165253,2.8693085,15.389358,37.739999999999995,22.29296228314561,9.254391770541083,10.0,16.37723804425717,22.29741755896321,4.5602984,6.846628,2.2739687,4.5726595,-0.48725504,-0.5646285,2.0,0.0,0.0,3.9308696,-0.9990542,-0.04347765,0.3526154,1.8117521,-1.0086514e-07,3.5409003e-06,-2.3198982e-06,0.9735691,1.3966159
193.74727,292.99518,253.75587,25.911943,212.53218,233.56007,243.29018,246.14891,21.027893,9.730103,20.616657,43.940000000000005,24.356018500996118,12.153402898576699,11.40175425099138,8.296999684106828,11.450461288217731,2.2646227,2.8214216,1.7078238,1.1135979,-0.23710474,-0.051936597,2.0,0.0,0.0,4.018576,-0.9988178,0.048604265,0.1868973,1.4741851,1.0776653e-06,5.8608002e-06,2.47863e-05,0.90996796,1.2544746
189.6897,292.61255,242.42426,23.216644,201.40416,215.27295,232.56635,247.87521,13.86879,17.293396,12.557629,45.480000000000004,23.576707136973535,12.892261452785329,19.6468827043885,20.956206281374172,18.101292409431597,4.182422,5.805895,2.5589495,3.2469454,-0.21214887,-0.71004486,2.0,0.0,0.0,5.3020043,-0.99764323,0.068612434,-0.16311711,1.32463,-2.739287e-06,2.8083e-06,-6.30036e-05,0.9355758,1.359263
184.45038,268.5984,212.20573,15.943282,189.4495,191.48674,197.10542,207.89272,2.0372467,5.618683,3.5272856,,,,,,,1.6120663,1.5926104,1.6315222,-0.03891182,-0.04239443,0.14048305,2.0,0.0,0.0,6.522682,-0.9947266,-0.10256071,-0.5120169,1.273354,3.3604042e-06,1.1965801e-05,7.7289296e-05,0.9893609,1.4026997
202.69534,293.61426,244.18533,27.385262,210.80391,221.6503,224.8874,236.40964,10.84639,3.2371063,21.28466,44.98,28.68494611680737,11.730811479779819,46.010868281309364,44.60325872486908,48.287082189261874,15.036288,20.31167,9.760906,10.550764,0.62389207,0.7361628,1.0,0.0,0.0,13.650561,0.8983098,0.43936247,0.62608725,5.524989,-4.793752e-06,6.1050005e-06,-0.0001102563,0.9510653,1.3246734
183.71866,292.96536,221.25285,22.982054,214.41571,201.781,205.2988,216.28526,-12.634705,3.5177917,14.005637,78.53999999999999,33.554350171405524,7.520000000000001,45.221676218380054,45.300210657378535,44.14739005851341,9.082409,11.559679,6.605139,4.9545403,-0.23320693,0.957561,2.0,0.0,0.0,2.278333,0.8422905,-0.5390231,-0.45999774,1.961307,1.6510043e-06,3.77289e-05,3.79731e-05,1.0626159,1.4518976
185.91794,291.08313,225.16544,20.587252,261.95035,209.401,202.25545,211.7119,-52.549347,-7.1455536,8.356199,49.46,31.53972160580997,7.640000000000001,19.79898987322333,29.254170466077383,27.95827842028844,6.0601664,7.7153044,4.4050283,3.310276,-0.23444425,0.93518794,2.0,0.0,0.0,2.2651043,0.7124753,-0.7016965,0.25507957,3.5252252,1.7094001e-06,3.4310102e-05,3.93162e-05,1.2509508,1.3900752
184.90535,294.2522,237.31401,30.995398,198.45677,198.67194,208.05304,227.04971,0.21516418,9.3811035,21.731302,75.80000000000001,30.638087729543837,11.5,45.60701700396552,45.48058944287989,43.64024611940172,11.902266,15.531475,8.273056,7.258419,-0.52238315,0.8461579,2.0,0.0,0.0,2.318459,0.9145911,-0.40437877,-0.58837354,2.140773,2.3836044e-06,3.7362603e-05,5.4822904e-05,0.998917,1.4810959
184.76068,296.5879,227.80173,23.623503,242.55063,213.51956,210.98476,210.87949,-29.031067,-2.5348053,9.806345,46.1,33.210502236421725,7.340000000000001,20.591260281974,30.791408603719635,30.246971161817758,4.100019,4.8094187,3.3906193,1.4187994,-0.23271972,0.89754146,2.0,0.0,0.0,2.2311435,0.46506962,-0.8852737,0.723995,2.4142451,2.2668135e-06,3.4676403e-05,5.2136707e-05,1.1359644,1.3890432
180.2596,293.62848,234.54445,25.427883,201.41759,210.56303,216.01102,225.89627,9.145447,5.447983,14.559687,43.12,21.096748576981813,7.480000000000001,35.608987629529715,38.25705786522111,36.91603364842385,5.578903,5.6231565,5.53465,0.0885067,-0.2699374,0.8981146,2.0,0.0,0.0,1.2756889,0.0028707946,-0.9999951,-0.42358437,1.986945,-5.9829e-06,4.3956e-06,-0.0001376067,0.9565667,1.394492
204.0542,288.9528,235.93883,16.806145,231.6809,227.3898,222.38046,227.95859,-4.291092,-5.0093384,11.72806,35.83999999994399,27.00981664531738,13.436783762224882,28.30194339616981,29.45731959911038,37.64935520819958,2.6220884,2.5188923,2.7252846,-0.20639229,0.64519715,0.5124962,2.0,0.0,0.0,4.769079,-0.10520442,0.99445045,0.6312893,3.0509222,3.041883e-06,1.07448e-05,6.996331e-05,1.0188711,1.2707376
184.06703,285.48566,213.49126,21.536861,192.84134,195.52785,196.38332,201.66606,2.6865082,0.85546875,9.877154,38.41999999999739,21.040834415009037,7.179338874934563,19.130840826055895,33.02978251740549,24.46768503340478,4.382329,6.549822,2.2148361,4.3349857,0.6535903,0.6463214,2.0,0.0,0.0,4.1974564,-0.42403138,0.9056473,1.4377716,3.3286672,1.7094002e-06,1.0622701e-05,3.9316204e-05,0.98626024,1.4600767
187.94943,292.76794,232.94656,27.21063,210.66461,200.56296,206.42993,214.80547,-10.101654,5.866974,9.090316,41.64,24.792410215694158,10.375957262194401,22.02271554554524,21.307114428894824,22.217789030869156,3.0260968,3.2391644,2.8130293,0.42613506,0.4450687,0.55089587,2.0,0.0,0.0,6.9540014,0.48679015,0.8735188,1.9300953,4.670389,3.562135e-06,1.4285701e-05,8.19291e-05,1.0503665,1.4597309
192.26677,285.8792,224.50539,18.906248,209.52219,214.45572,211.6308,212.98149,4.9335327,-2.8249207,8.697205,38.13999999930695,22.922201099419816,5.939611115687334,42.941821107167776,50.104926865518635,40.79726568576124,4.0981116,6.104229,2.0919943,4.0122347,0.6964221,0.48885828,2.0,0.0,0.0,3.8761735,0.23147856,0.9728398,0.9346723,3.315848,3.2011435e-06,1.18437e-05,7.36263e-05,0.9769951,1.3330454
191.24591,292.2977,221.68858,18.252604,209.98878,199.64267,200.74509,207.27182,-10.346115,1.102417,5.8975224,57.040000000000006,31.955315926345815,9.36763200561694,21.93171219946131,22.423736366601055,22.51894279500413,8.538198,10.097771,6.978627,3.1191435,0.64353824,0.7347891,1.0,0.0,0.0,10.592113,0.4780605,0.8783268,2.9017386,5.7685504,6.020061e-06,1.6727701e-05,0.0001384614,1.0518231,1.4641043
187.73273,291.37424,220.95052,20.015032,216.49982,223.65744,223.57008,211.42896,7.1576233,-0.08735657,10.359638,26.819895075426622,14.820744980656308,5.960070278319895,36.069377593742864,82.99354927412628,68.20515088599257,3.7564778,6.2873487,1.2256069,5.061742,0.24014278,0.40267575,2.0,0.0,0.0,3.452247,-0.632255,0.77476,1.4726989,4.61484,2.1924916e-06,7.5702e-06,5.0427305e-05,0.9679974,1.3027701
190.0116,295.8109,245.31407,31.726576,199.84485,198.0349,210.65396,232.28766,-1.8099518,12.619064,17.184711,66.96,23.558979367077274,9.022891453671985,4.47213595499958,8.648799216286427,10.086395947342186,5.338177,5.110422,5.5659323,-0.45551014,-0.745503,-0.32645074,3.0,3.0,9.0,5.3423467,-0.98828155,0.15264095,0.021736557,1.5254611,5.0857307e-06,1.05006e-05,0.0001169718,1.0091395,1.4937313
188.88794,294.57947,237.65517,32.67593,199.86174,195.42029,200.39128,214.72368,-4.441452,4.970993,8.488573,,,,,,,4.2232437,3.6542368,4.7922506,-1.1380138,-0.20456931,-0.8333727,2.0,0.0,0.0,4.937631,-0.8114217,0.5844609,-1.627084,1.200713,5.2821524e-06,1.4163601e-05,0.0001214895,1.0227277,1.5074149
214.48505,293.79703,260.669,20.213787,255.00768,254.44879,253.07584,256.8449,-0.55888367,-1.3729553,15.601014,24.602345680860367,17.748338525213768,8.154277478784545,48.010415536631214,56.88318270094176,61.106475977868115,3.9817533,5.288582,2.6749249,2.613657,0.4072075,0.7965068,2.0,0.0,0.0,2.6772313,0.82166624,-0.5699683,-2.8632815,-0.658042,-6.662413e-06,7.3260003e-06,-0.0001532355,1.0021964,1.154641
190.66222,295.25943,229.08676,26.898245,196.72766,201.32314,208.5246,217.99863,4.5954742,7.201462,14.933928,58.24000000000001,22.97893199960899,9.001616731940121,6.0,5.418550752787816,5.982724872317113,5.0570116,5.0203876,5.0936356,-0.07324791,-0.7404151,-0.3793411,0.0,3.0,0.0,5.2946773,-0.9955655,-0.094069175,0.3652486,1.5083691,3.965596e-06,1.14774e-05,9.1208705e-05,0.9771736,1.4665946
186.95055,287.30304,231.0366,18.162676,215.18132,210.52538,212.86417,222.83678,-4.655945,2.338791,9.619932,59.68000000000001,24.8309293214764,12.464814897818403,12.806248474865697,13.272181493569354,14.435062670605614,3.25347,3.375741,3.131199,0.24454212,-0.5437103,0.6961858,1.0,0.0,0.0,5.1494184,0.09032199,0.99591243,0.57481146,3.9439793,2.6543464e-07,1.12332e-05,6.104997e-06,1.0221158,1.3646955
186.9632,295.65646,255.14359,34.788544,198.70648,199.71718,217.1849,235.25562,1.0106964,17.467728,14.192939,,,,,,,3.311458,4.2406015,2.3823147,1.8582869,-0.6009202,-0.39333808,3.0,3.0,9.0,4.224064,-0.9739262,-0.22686413,0.5285515,1.9997641,-7.644521e-07,5.6166e-06,-1.7582399e-05,0.9949394,1.4803758
183.91605,293.7779,228.46321,30.940466,201.22385,200.1396,215.34198,230.16809,-1.0842438,15.202377,24.257555,33.36,20.23739624119029,5.725,21.18962010041709,23.451975979453728,25.729865163511686,4.8866715,4.746852,5.026491,-0.27963924,-0.82635534,0.43626636,2.0,0.0,0.0,5.102864,0.12176724,0.9925585,0.94656247,4.772941,4.406219e-07,1.14774e-05,1.0134304e-05,1.0054175,1.4678649
197.47755,293.72714,245.26257,21.101418,260.33267,248.08624,240.02246,242.95639,-12.246429,-8.063782,15.744946,27.735717730488204,17.36267486928446,9.458960388336564,29.732137494637012,47.26967247115936,59.19747258523395,4.1883354,6.442237,1.9344339,4.507803,0.5339304,0.64180785,2.0,0.0,0.0,2.2977028,0.986608,-0.16310644,-3.3769708,-0.089733005,-5.356474e-06,7.4481004e-06,-0.0001231989,1.0493636,1.1839719
189.18178,293.00034,227.52193,23.6003,234.51471,204.49315,203.21269,212.55872,-30.02156,-1.2804565,9.679521,41.6,26.322529252762163,5.65253949645959,34.36568055487916,34.456673586642246,34.67781216624878,7.13199,5.8146706,8.449309,-2.6346388,-0.15439047,0.90869474,2.0,0.0,0.0,5.4133368,0.6544238,0.7561278,2.5062075,5.486532,-3.2489213e-06,1.0622701e-05,-7.472519e-05,1.1468096,1.4328125
198.44226,293.793,247.05063,19.011393,243.28786,231.21573,231.64467,243.00664,-12.072128,0.42893982,13.24573,50.925,32.28161110224933,7.145611033331852,42.01190307520001,43.82823189013835,43.5250634792404,10.251516,13.127645,7.375387,5.7522573,0.6352721,0.7492101,1.0,0.0,0.0,10.500041,0.5442198,0.8389426,2.0515974,10.451758,2.1924911e-06,1.3308901e-05,5.0427298e-05,1.0522115,1.2706445
187.29561,295.10754,232.31094,28.042583,219.33324,208.87376,219.53934,233.243,-10.459473,10.665573,11.708592,43.940000000000005,23.19861806511694,7.7652665672353915,46.09772228646444,48.52546443413369,57.51094964059387,7.7580304,9.276019,6.2400417,3.0359774,0.085529365,0.9592929,2.0,0.0,0.0,2.503094,0.4208819,0.90711504,0.98074645,4.3969173,-3.859422e-06,6.4713004e-06,-8.8766705e-05,1.0500755,1.4128512
188.51668,295.35583,232.15901,28.224586,218.71587,209.35312,220.49316,233.07169,-9.362747,11.140045,12.128675,42.500000000000014,22.172487283204557,5.059238308173827,47.38143096192854,46.56037554867584,58.49997463219946,7.7580304,9.276019,6.2400417,3.0359774,0.085529365,0.9592929,2.0,0.0,0.0,2.503094,0.4208819,0.90711504,0.98074645,4.3969173,-3.859422e-06,6.4713004e-06,-8.8766705e-05,1.0447223,1.4108021
190.81577,295.94803,259.3846,27.49525,202.66383,212.12906,226.43515,246.89806,9.465225,14.306091,7.908253,29.97999995708555,15.74206181967011,7.472170170809082,19.849433241279208,17.97463239961518,19.202749649155503,2.245738,3.3017302,1.1897459,2.1119843,0.3002351,-0.495467,2.0,0.0,0.0,5.820785,-0.9984891,0.05494731,0.121873386,4.3370953,4.7778368e-08,9.5238e-06,1.0989024e-06,0.9553799,1.395132
192.03293,295.96973,267.64813,29.122705,204.25677,214.90556,225.53185,255.42006,10.648788,10.626282,7.7015777,29.61999981825784,15.741671877057358,4.224332296706899,30.364452901377952,23.916414102840207,21.43589418324801,1.7782097,1.9229889,1.6334305,0.2895584,0.8734535,0.27676195,2.0,0.0,0.0,6.1019516,-0.97768795,0.21006188,0.2783024,5.6019034,-1.274086e-07,9.4017005e-06,-2.9303978e-06,0.950449,1.3772084
200.01068,296.7096,262.59674,28.723118,264.33112,264.53836,261.9661,261.09793,0.20724487,-2.5722656,22.43585,25.959992267913158,11.700231454719637,4.659335532530794,45.254833995939045,73.54512884092105,70.31207608850586,4.3426533,4.496207,4.1890993,0.30710793,0.680923,0.6354886,2.0,0.0,0.0,5.5303946,-0.95401525,0.2997577,0.7988654,6.4949603,-3.8116443e-06,8.302801e-06,-8.766782e-05,0.99921656,1.1216128
209.92152,295.34967,281.51788,12.462351,287.66623,285.0417,281.0641,279.93887,-2.6245422,-3.9776,9.721782,16.63961629837184,9.850181959216203,4.239928513411402,36.76955262170047,40.35430796929711,53.55988596705339,7.980637,10.067633,5.8936415,4.173991,0.90076,0.3969275,2.0,1.0,2.0,4.256473,-0.1089834,0.99404335,0.45776835,3.174839,-8.154157e-06,-1.4652001e-06,-0.0001875456,1.0092076,1.0361631
183.14236,289.48816,223.11807,23.358429,200.95012,209.69156,213.47093,220.4097,8.74144,3.7793732,9.802944,,,,,,,4.5639224,6.492977,2.6348677,3.8581095,-0.39558128,0.9004763,2.0,0.0,0.0,2.3754659,-0.37360457,-0.9275877,0.7784291,3.5679553,-2.6543475e-07,4.01709e-05,-6.1049996e-06,0.95831287,1.3805428
183.40042,285.2804,220.33917,22.651571,204.51712,205.69037,208.29922,215.08755,1.1732483,2.6088562,15.884537,25.48,17.75306701030928,9.475000000000001,74.7020065386866,85.97424533306177,83.37824799186794,3.1548524,4.5484724,1.7612324,2.78724,-0.065813154,-0.6446857,2.0,0.0,0.0,2.9112258,-0.53086543,0.8474558,-1.5693058,1.029793,2.3836046e-06,1.3919401e-05,5.4822907e-05,0.9942961,1.386941
183.02098,288.57748,219.87328,20.36524,190.98503,193.44525,197.50255,208.14713,2.4602203,4.0572968,6.797455,51.34000000000001,22.353498407485127,10.181246325427106,8.06225774829855,7.723740341699295,9.983745279750933,5.789682,7.4726696,4.106694,3.3659754,-0.813747,0.4132768,1.0,0.0,0.0,4.092782,0.79220235,-0.6102582,-0.21848038,1.7476571,1.8155735e-06,3.0769203e-05,4.175819e-05,0.9872821,1.4917786
186.17668,293.71332,247.15143,31.01923,195.64964,196.95389,203.9211,226.3275,1.304245,6.967209,9.781317,24.31999935992382,18.329571866454714,13.14456508552924,31.827660925679098,32.46532607800817,33.46497643451129,5.3334084,6.458642,4.2081747,2.2504673,-0.9231955,0.37380832,1.0,0.0,0.0,2.612271,0.3004826,-0.9537869,0.05982201,1.7391111,2.4844696e-06,3.08913e-05,5.71428e-05,0.9933779,1.4912796
183.0546,294.3859,246.20276,27.779371,196.7374,201.86696,211.71649,226.94937,5.1295624,9.849533,7.194818,39.499999999654996,20.871643383163327,13.377770288492247,14.7648230602334,15.948659929558692,17.07159167545844,5.3744197,7.6576967,3.0911427,4.566554,-0.6433619,0.68453526,2.0,0.0,0.0,2.4355311,0.21602805,-0.9763867,-0.31192902,1.8843931,3.4612694e-06,3.23565e-05,7.96092e-05,0.9745894,1.4583164
186.24304,293.40063,236.32518,25.6722,198.5305,193.1237,200.4475,220.66647,-5.4067993,7.3237915,7.283667,56.84000000000001,22.8045594618666,11.05687205415102,13.038404810405298,10.08887848478419,11.158406796572237,6.5461965,8.13686,4.955533,3.1813269,-0.94891226,0.27402857,1.0,0.0,0.0,2.921969,0.3939696,-0.9191231,0.15011233,1.6408321,1.9642175e-06,3.12576e-05,4.5177003e-05,1.0279965,1.5192368
186.55878,294.7572,234.24171,27.180962,198.58635,195.73781,200.37057,218.27408,-2.8485413,4.6327667,10.650694,70.04,23.401627928395303,13.19142747638422,3.1622776601683795,3.9137798105864396,7.319991594573077,5.9295025,7.705385,4.15362,3.5517654,-0.98535764,0.13407193,1.0,0.0,0.0,3.2984478,0.5181375,-0.855297,0.07115472,2.6407142,1.9323652e-06,3.2234402e-05,4.44444e-05,1.0145528,1.5058777
189.18205,292.2308,240.4212,20.94503,201.73404,208.28032,218.12347,240.46574,6.54628,9.843155,9.194549,46.339999999999996,28.177347522804506,6.24,42.638011210655684,42.07653592019053,38.800075486002136,11.548998,14.660512,8.437483,6.223029,-0.73063993,0.6581726,1.0,0.0,0.0,15.129929,0.84662193,-0.5321947,-0.6598998,5.8411913,1.5342132e-06,3.23565e-05,3.5286903e-05,0.9685699,1.4030648
187.56235,292.6826,228.03854,20.965633,193.96713,202.85236,217.83142,222.0326,8.885223,14.979065,7.2466097,,,,,,,9.974165,11.934693,8.013637,3.9210567,-0.755113,0.58766377,1.0,0.0,0.0,12.356666,0.88854265,-0.4587939,-1.7510011,5.007956,-2.410148e-06,3.30891e-05,-5.5433404e-05,0.9561986,1.4428356
193.33112,297.16568,277.68585,23.60614,287.38,287.73624,284.13647,280.43588,0.3562317,-3.599762,19.042593,33.083719982869916,7.5044060797476435,1.6422855757384682,33.83784863137726,88.75554450344524,67.7035968283929,12.716959,16.739305,8.694613,8.044692,-0.21620654,0.96401644,3.0,2.0,6.0,4.852587,0.99746233,-0.071193404,-0.3453699,1.251989,2.8720046e-06,8.0586005e-06,6.6056105e-05,0.99876195,1.0327711
203.91212,296.30637,268.4431,20.792631,277.3873,276.00626,269.94186,267.8653,-1.3810425,-6.064392,17.481462,15.443257793318192,7.387011972675567,2.4406659246769307,42.20189569201838,77.2228306949311,69.15328071149263,10.903499,14.205381,7.601616,6.6037655,-0.3274014,0.89049816,2.0,1.0,2.0,3.500715,0.9411801,-0.33790427,-0.5644076,1.183621,2.0173032e-07,9.035401e-06,4.639797e-06,1.0050037,1.0735495
188.57565,296.3251,246.2491,29.562092,196.32562,201.8122,210.24217,224.81429,5.4865723,8.429977,9.369452,51.52,13.94113100776343,2.121653720981549,9.848857801796104,9.809584899997313,11.751487050526455,5.823064,8.210109,3.436019,4.77409,-0.1932723,0.84245974,2.0,0.0,0.0,2.7593415,-0.4676233,-0.88392746,-1.431455,0.042730004,-5.106966e-06,5.9829003e-06,-0.00011746022,0.9728135,1.4683211
186.03197,296.33392,242.08757,32.06633,196.7253,201.98187,211.37735,222.42589,5.2565765,9.395477,15.425895,37.6799999998493,13.841621012017473,4.511058894305799,48.373546489791295,85.87508962672831,55.446684159829694,5.2731314,8.161277,2.384986,5.776291,-0.32837203,0.7444067,2.0,0.0,0.0,3.591812,-0.76640725,-0.6423546,-1.7552742,0.235015,-7.809091e-06,2.3199e-06,-0.0001796091,0.973975,1.4671313
191.48383,297.06265,256.19922,29.056725,202.52332,210.80577,226.37599,246.27007,8.282455,15.570221,12.519115,78.525,11.375791388420732,2.7602628586768008,22.02271554554524,26.87447161256514,19.70613105986108,5.361449,7.919406,2.8034916,5.1159143,-0.6426783,0.64034086,2.0,0.0,0.0,4.8356056,-0.9131125,-0.40770712,-1.9577773,-0.39311603,-8.50453e-06,2.5641002e-06,-0.0001956042,0.96071047,1.4091771
192.0973,296.00833,245.82898,28.787636,220.11877,223.72935,228.2166,232.13423,3.6105804,4.4872437,20.347271,30.939999961763753,11.512606811181442,1.8064687168034144,41.593268686170845,84.4788265818126,63.53521387818927,8.346686,11.123625,5.569748,5.553877,-0.36195824,0.8829516,2.0,1.0,2.0,1.8157116,0.34692,-0.93789417,-1.006756,0.730683,-2.9463263e-06,6.9597004e-06,-6.7765504e-05,0.98386186,1.3230643
184.52258,294.83554,231.81363,35.833775,198.52739,198.5631,207.34406,219.06479,0.035705566,8.78096,26.80136,43.620000000000005,16.791450479233223,5.46,37.05401462729781,44.691454829767196,49.82250001159326,12.304749,16.044975,8.564522,7.4804535,-0.05821187,0.9811776,1.0,1.0,1.0,3.9480922,0.9807821,-0.19510514,0.3654344,6.635969,-9.661826e-07,1.3308901e-05,-2.22222e-05,0.9998202,1.4848456
194.42381,295.0444,261.20563,35.95575,291.45453,280.41,268.0,260.987,-11.044525,-12.410004,31.7661,27.860000000000003,14.45597683945171,6.12,32.55764119219941,37.84526744633868,53.667364078244916,12.847815,18.143988,7.5516405,10.592347,0.13529322,0.9822875,2.0,1.0,2.0,2.930068,0.9574122,-0.28872353,0.53542536,5.824099,5.680305e-07,1.62393e-05,1.3064701e-05,1.0393871,1.0521894
188.07745,297.01465,236.48436,26.206917,212.99062,215.83134,222.61209,227.52432,2.8407288,6.7807465,15.821197,23.6662050292993,12.253867587631063,5.308714881300967,19.235384061671343,18.88965413859226,17.23991496758177,3.023426,3.609601,2.437251,1.1723499,-0.34567904,-0.17036894,3.0,3.0,9.0,3.7601979,-0.9668088,0.25549987,-0.76208025,2.4911592,2.2031088e-06,8.302801e-06,5.06715e-05,0.9868382,1.3761424
202.25952,292.78323,273.6352,16.959455,266.77847,260.49493,261.08008,265.34113,-6.283539,0.58514404,9.421876,25.880702985242813,18.075105216334606,15.339166847298376,17.4928556845359,20.731756497862943,22.705982702170033,5.1003118,5.5190086,4.681615,0.83739376,0.1735415,-0.919742,2.0,0.0,0.0,3.6332545,-0.83292776,0.5533812,-0.58948827,1.264808,9.024783e-07,5.3724e-06,2.0757001e-05,1.0241215,1.1239498
190.47577,291.80573,243.68886,27.012634,211.71478,207.83972,221.01347,242.36661,-3.875061,13.173752,16.689465,38.639999999833,22.506924158057693,7.740009768553771,13.0,13.95576701557113,16.606632406970842,5.2244906,6.7859707,3.6630106,3.12296,-0.8932773,-0.3695249,2.0,0.0,0.0,2.7475913,-0.99256194,0.12173767,-1.096489,1.175075,2.5853349e-06,8.669101e-06,5.94627e-05,1.0186445,1.403994
193.75056,292.92767,260.5929,25.61629,203.82912,209.17249,231.98553,256.28616,5.3433685,22.81305,6.89351,42.980000000003386,21.90807513254638,11.003614130812986,12.36931687685298,12.440686683082113,13.787260794646578,6.2211585,8.070479,4.3718376,3.6986418,-0.08906093,-0.96784365,2.0,0.0,0.0,2.7421765,-0.94510746,0.32675877,-0.8434531,2.794542,2.553483e-06,8.547e-06,5.8730107e-05,0.9744547,1.4004121
199.45059,295.6072,238.63306,23.600576,242.79156,216.63428,213.35112,228.62407,-26.157288,-3.2831573,10.180951,44.68,35.06409367681754,24.10266021905047,32.449961479175904,35.85105649165268,33.4252924633726,3.7631545,4.5900555,2.9362535,1.6538019,0.39423367,0.68730676,2.0,0.0,0.0,3.0192778,-0.11806098,0.99300605,-0.4053777,3.414127,-3.6895435e-06,7.3260003e-07,-8.48595e-05,1.120744,1.364545
198.17624,296.27466,255.32726,33.751076,218.42128,209.23846,223.28708,245.45276,-9.182816,14.0486145,22.022888,73.5,28.490879822184976,15.536730553261028,4.242640687119285,4.894092968019636,7.022379176433164,4.732546,5.4953556,3.969736,1.5256195,-0.79462636,0.43864566,2.0,0.0,0.0,2.7998824,-0.9953887,0.09592008,-1.1483222,0.414481,-3.9284355e-06,1.8315001e-06,-9.035402e-05,1.0438869,1.4159665
192.00008,297.3992,259.03207,31.443535,210.36281,211.22922,216.18425,235.03465,0.8664093,4.9550323,5.3283806,25.799999999999997,9.766285494355115,1.7399999999999998,40.607881008493905,58.2729724115599,57.00842213496961,1.9311914,2.1537962,1.7085867,0.4452095,0.2911289,0.51952016,2.0,0.0,0.0,4.7708573,-0.9633746,0.26815847,-0.32530537,2.8714561,-1.8049569e-06,7.3260003e-06,-4.151401e-05,0.99589825,1.4079454
187.15675,275.62772,215.20901,17.32426,197.80304,200.48111,203.81506,207.4307,2.67807,3.3339539,8.675668,38.739999999999995,26.36184626302499,4.211000747786691,26.120776117728447,30.827011330833358,32.70955776219141,3.6166587,2.7180357,4.5152817,-1.797246,0.33241844,-0.24456118,2.0,0.0,0.0,4.1164308,0.18475401,0.98278457,-0.8999309,1.888666,2.7605216e-07,6.5934e-06,6.3492e-06,0.98664176,1.3748313
190.16153,281.39124,222.20581,19.914799,207.24036,209.15138,212.71452,215.83235,1.911026,3.5631409,14.356177,27.71993042055729,10.512270057874193,3.8006396233822257,48.27007354458868,82.98122651464779,85.25891974584641,3.5853753,3.677126,3.4936247,0.18350124,0.8707244,-0.03819555,2.0,0.0,0.0,1.4453831,0.0582764,0.99829984,0.18132381,1.610921,1.921748e-06,1.05006e-05,4.4200206e-05,0.99086297,1.3453951
203.41138,296.4048,269.68637,25.51726,217.37566,216.10547,239.18839,264.22296,-1.2701874,23.082916,8.36998,55.82000000000001,16.557301320861583,4.767222891636216,8.246211251235321,4.8913191345808,6.0119539642308775,2.0536523,3.0259047,1.0813999,1.9445047,-0.4166376,-0.73968214,2.0,0.0,0.0,2.9711063,-0.9577468,-0.28761166,-0.23018467,1.700654,-1.2369259e-06,5.7387e-06,-2.8449296e-05,1.0058776,1.3715746
196.86598,294.6057,266.6649,27.775698,212.31752,214.0967,228.26869,255.12701,1.7791748,14.171997,8.303034,64.26,16.816853498480846,6.802637502654048,2.23606797749979,2.561147285921341,4.879127495534003,2.1740165,2.1724901,2.1755428,-0.0030527115,-0.660321,0.5084269,2.0,0.0,0.0,3.5948186,-0.9603489,0.2788,0.26325402,1.9271231,-3.5992957e-06,3.9072e-06,-8.27838e-05,0.99168986,1.3760405
187.53069,293.00986,225.63736,22.432507,206.70825,206.98767,213.5501,228.19499,0.27941895,6.5624237,17.745417,58.720000000000006,34.06626702643121,11.228086598673388,21.095023109728988,22.71352408661229,22.9993687990977,7.8736267,6.8046637,8.94259,-2.137926,-0.00406589,0.9468461,2.0,0.0,0.0,8.757669,0.74519014,0.6668518,0.08880404,3.8713381,2.8720042e-06,1.89255e-05,6.60561e-05,0.9986501,1.4155909
186.39117,289.54028,215.29434,22.19134,195.91263,191.72884,198.1016,205.13242,-4.183792,6.372757,12.05471,27.739999978086775,18.41325232174997,10.062341420221646,26.627053911388696,38.470913737002135,52.61120036425753,2.8979125,1.1271801,4.668645,-3.5414648,0.21512946,-0.14506485,2.0,0.0,0.0,4.151062,-0.36260226,0.9319437,-1.8266149,0.88878405,3.0578087e-06,1.4285701e-05,7.03296e-05,1.0218214,1.5101551
192.26591,292.2482,230.69057,22.251646,212.53105,219.98558,225.06093,232.17744,7.454529,5.075348,18.496391,50.42,31.05767220694174,11.60999677675797,20.248456731316587,49.00654074335453,58.92238475214484,10.011553,13.248961,6.774143,6.474818,0.1824735,0.92737746,2.0,0.0,0.0,12.214251,0.7493855,0.6621338,-0.14546774,4.6276593,1.9005133e-06,1.91697e-05,4.3711807e-05,0.96611357,1.328488
187.13165,294.84198,213.20013,14.134119,210.203,194.69737,199.83562,209.4016,-15.5056305,5.1382446,6.81757,69.58000000000001,31.115452507949616,8.479255701131935,7.615773105863909,6.754619149876648,6.452880192535192,5.270079,5.095543,5.4446154,-0.34907246,-0.24931711,0.83396155,2.0,0.0,0.0,4.0288215,0.26421964,0.9644623,-0.18875514,1.9570341,-1.5926478e-08,1.51404e-05,-3.66309e-07,1.0796397,1.5143603
180.81137,288.84903,224.8489,21.524164,192.25261,196.84369,211.30302,226.65005,4.5910797,14.459335,12.053531,34.85999999934908,22.053394116114198,14.166948435140174,14.317821063276353,14.767305805283659,18.640517206471166,3.1134596,3.730154,2.4967651,1.2333889,0.018150806,-0.74684596,2.0,0.0,0.0,5.4457164,-0.56490076,0.82515866,-1.7952173,0.658042,4.3849823e-06,1.3431e-05,0.000100854595,0.9766765,1.467403
187.13165,294.84198,213.20013,14.134119,210.203,194.69737,199.83562,209.4016,-15.5056305,5.1382446,6.81757,39.925000000000004,25.588089492787162,17.09700093073227,17.46424919657298,19.11182326384283,22.018307116009392,5.270079,5.095543,5.4446154,-0.34907246,-0.24931711,0.83396155,2.0,0.0,0.0,4.0288215,0.26421964,0.9644623,-0.18875514,1.9570341,-1.5926478e-08,1.51404e-05,-3.66309e-07,1.0796397,1.5143603
187.34921,282.95108,231.00249,19.735023,220.10594,229.71307,225.53426,227.15814,9.607132,-4.1788177,14.663227,27.959981418597323,16.446442503826173,4.940400345529065,16.1245154965971,32.62018858477225,38.83178937728189,4.7031703,7.151828,2.2545128,4.897315,-0.2132973,-0.9373159,2.0,0.0,0.0,4.4076924,-0.82395285,0.566658,-1.6287563,2.781723,6.5296963e-06,1.3919401e-05,0.00015018301,0.9581777,1.2317587
187.02585,294.72418,217.80693,20.812864,208.64807,193.24246,198.04872,208.74763,-15.405609,4.806259,6.42962,73.08000000000001,29.78876977764152,8.632014026033454,7.280109889280518,5.120613240613734,6.301206812940787,4.4569125,3.217801,5.696024,-2.4782228,-0.0817925,0.69540536,2.0,0.0,0.0,4.0456553,-0.21303084,0.9770452,-0.82413167,1.0682501,1.1732218e-06,1.3308901e-05,2.69841e-05,1.0797217,1.5251523
184.52707,291.7895,228.21576,24.327778,196.41147,196.69751,210.14961,221.81429,0.28604126,13.452103,9.49576,36.324999988453186,22.208502757433312,14.11090923050181,25.709920264364882,28.04768013909854,30.1722591866645,3.119945,3.9716434,2.2682467,1.7033968,-0.5575971,-0.7348696,2.0,0.0,0.0,5.6109595,-0.80433875,0.59417075,-1.5914139,1.478458,6.5774743e-06,1.5873e-05,0.00015128191,0.99854577,1.4834428
182.02698,295.76312,232.97725,32.93533,192.62411,195.22043,207.1391,224.2824,2.5963135,11.918671,21.49209,55.4,29.01506317046764,7.609477163775054,25.942243542145693,27.916380648499747,28.268540260002453,10.923529,16.038872,5.8081865,10.230685,-0.34594142,-0.9346187,2.0,0.0,0.0,1.4528977,0.7898039,0.6133583,0.40351984,5.0506864,2.2774307e-06,1.08669e-05,5.2380903e-05,0.9867006,1.5150213
182.08278,295.51172,246.74635,37.20009,192.61543,218.51527,236.9876,246.73557,25.899841,18.47232,32.446945,50.04,23.809302176073203,11.91333873140497,11.180339887498949,11.249092274656395,12.10017434065909,9.336107,12.953681,5.7185335,7.2351475,-0.1463576,-0.9860872,2.0,0.0,0.0,0.35264465,-0.8134972,0.58156395,-0.01616309,5.5420814,-3.3444786e-07,7.8144e-06,-7.692301e-06,0.88147354,1.3523618
182.68051,280.54678,217.74057,19.96735,196.52663,198.90498,203.2503,210.98927,2.378357,4.3453217,13.897301,44.1,31.521718592471522,7.159413888291532,30.083217912982647,33.62474667291401,35.019657728527704,12.182669,16.51193,7.853407,8.658524,-0.32868454,-0.93109596,2.0,0.0,0.0,1.3277643,0.19399382,0.981002,-0.5699811,3.2090232,1.0617382e-07,1.0622701e-05,2.4419978e-06,0.9880428,1.4104563
179.33757,293.1483,234.9466,33.204407,188.8312,203.93666,218.91824,231.00218,15.1054535,14.981583,26.01774,24.459888502785567,22.41035266812262,19.834599854460038,93.09215686285548,109.19917860643844,109.44663682061427,14.229988,17.850994,10.608981,7.242013,-0.4869444,-0.84346735,2.0,0.0,0.0,1.5197418,0.42653158,0.90447193,0.7637522,3.4269462,3.3391698e-06,1.05006e-05,7.6800905e-05,0.9259307,1.4374477
180.67892,290.9315,228.06589,29.480661,198.88701,211.66856,210.79105,208.99644,12.781555,-0.8775177,20.57394,49.019999999999996,30.961489436619715,5.72,23.194827009486403,22.04026110649104,25.354835561781062,12.687965,13.234465,12.141466,1.0929985,-0.4876147,-0.85039294,2.0,0.0,0.0,0.7102426,0.16328374,0.9865777,-1.0533875,2.2134142,-2.388911e-07,1.3308901e-05,-5.494495e-06,0.93961525,1.3744671
180.67892,290.9315,228.06589,29.480661,198.88701,211.66856,210.79105,208.99644,12.781555,-0.8775177,20.57394,46.90000000000001,29.71428822370494,6.621653694503524,22.20360331117452,25.07008577370895,27.625999884073135,12.687965,13.234465,12.141466,1.0929985,-0.4876147,-0.85039294,2.0,0.0,0.0,0.7102426,0.16328374,0.9865777,-1.0533875,2.2134142,-2.388911e-07,1.3308901e-05,-5.494495e-06,0.93961525,1.3744671
182.68051,280.54678,217.74057,19.96735,196.52663,198.90498,203.2503,210.98927,2.378357,4.3453217,13.897301,,,,,,,12.182669,16.51193,7.853407,8.658524,-0.32868454,-0.93109596,2.0,0.0,0.0,1.3277643,0.19399382,0.981002,-0.5699811,3.2090232,1.0617382e-07,1.0622701e-05,2.4419978e-06,0.9880428,1.4104563
179.8088,293.14935,221.32469,32.14204,188.7454,192.09026,198.84105,208.15663,3.3448486,6.7507935,21.37466,55.38000000000001,28.15314515798157,7.361485621394337,11.704699910719626,12.121406623791643,13.018463095902973,11.272982,14.785643,7.7603207,7.025322,-0.42086565,-0.8830816,2.0,0.0,0.0,1.9579073,0.60666263,0.7949588,0.27477247,3.8713381,6.9012984e-08,7.9365e-06,1.5872987e-06,0.9825871,1.5261022
182.11485,293.7864,233.78265,32.05119,201.34755,203.05202,212.22545,225.98216,1.7044678,9.173431,24.184023,39.50000000012569,27.398382767878807,11.2176701127391,25.80697580112788,22.53646706803866,24.68166934055985,9.980078,13.592311,6.3678446,7.2244663,-0.30765545,-0.9340769,2.0,0.0,0.0,1.1557099,0.33800846,0.9411422,0.4650139,3.5765011,2.5800261e-06,1.2210001e-05,5.93406e-05,0.99160576,1.4468529
203.35538,291.52963,257.44504,26.166227,279.26425,270.5583,259.43878,258.54642,-8.705963,-11.119507,18.987053,80.0,16.784638683392302,1.9599999999999997,84.4915808303779,81.61136826937957,79.06575058212391,6.6196356,7.9377174,5.3015537,2.6361637,0.79930973,0.5601883,1.0,0.0,0.0,5.287541,0.20870908,0.9779776,2.4480574,4.4311013,1.7943391e-06,1.2210001e-05,4.12698e-05,1.0321778,1.0775114
202.13437,285.97827,238.18596,16.542046,244.92397,238.5536,237.8717,229.41006,-6.3703613,-0.6819,7.107107,73.45,17.563084824387015,6.68,32.89376840679705,56.6952284275688,68.53372371046736,4.796829,6.376239,3.2174196,3.1588192,0.14985082,0.8374575,2.0,0.0,0.0,4.751639,-0.057291225,0.99835736,2.2778807,4.935315,4.0346072e-07,1.44078e-05,9.279596e-06,1.0267041,1.1988009
215.17238,291.63782,275.3342,16.68818,288.31833,286.87094,285.01508,279.77887,-1.4473877,-1.8558655,12.240293,28.438317608040002,19.558633459410657,9.294111224368304,26.476404589747453,39.90496774343596,52.04967438559845,12.316193,14.834855,9.797531,5.037324,0.08416697,0.97979784,1.0,1.0,1.0,13.831173,0.95180416,0.30670616,-1.44929,0.87169206,-2.2615046e-05,-6.2271e-06,-0.00052014604,1.0050454,1.0166168
189.7242,293.76892,248.54251,27.630995,204.09438,212.76724,229.66763,241.97124,8.672867,16.90039,18.521667,31.474999999999998,17.103508333333334,5.44,4.47213595499958,7.210189279954834,9.719550121208702,4.672459,6.642906,2.702012,3.9408941,0.33268386,-0.3317333,2.0,0.0,0.0,1.3131531,0.8078502,0.58938664,1.6031181,3.0509222,-5.8236396e-06,-9.768e-07,-0.00013394371,0.95923775,1.3807056
189.07529,293.91687,244.46191,24.890924,195.65729,213.7206,236.11565,243.7642,18.063309,22.39505,12.766018,40.699999999984485,16.98978957825418,1.3418522274882723,3.1622776601683795,9.039100851356825,9.725940984479395,6.528075,6.7302704,6.32588,0.40439034,-0.18817604,0.885701,2.0,0.0,0.0,3.682647,-0.30496806,0.9523623,0.5302236,2.3287852,-5.9988264e-07,8.0586005e-06,-1.37973e-05,0.9154817,1.3752389
188.79562,295.81793,240.30423,29.30701,203.79349,210.21223,221.27232,233.27058,6.418747,11.060089,19.98034,,,,,,,7.351925,8.545066,6.158784,2.386282,-0.24632038,0.9469481,2.0,0.0,0.0,3.9398854,-0.32967398,0.94409454,0.64225054,2.8671832,6.051913e-07,6.8376003e-06,1.39194e-05,0.9694654,1.4072347
193.6553,295.03635,241.15451,27.481073,204.17749,204.87123,227.12766,244.47289,0.69374084,22.256424,15.729533,37.579999999750825,22.930439472110425,7.117672230594467,11.40175425099138,18.22186171952467,20.438703732010588,9.804779,12.211281,7.3982763,4.8130045,0.33663052,0.85740864,1.0,0.0,0.0,3.9619055,0.85966,0.51086605,-0.29186448,2.3287852,3.2913915e-06,9.768e-06,7.5702e-05,0.9966138,1.4401063
218.80986,295.1985,271.96414,19.608618,267.2129,264.29794,265.63818,269.2863,-2.9149475,1.3402405,15.38064,31.200000441887074,21.59192873717776,10.58236156993817,42.720018726587654,42.93789487302905,62.42284838762557,10.521427,14.669668,6.373187,8.296481,0.64639926,0.7490381,2.0,0.0,0.0,2.2571788,0.0032449828,0.9999943,-5.7694793,0.11109801,3.4771956e-06,1.05006e-05,7.99755e-05,1.011029,1.1169156
188.5147,294.22458,240.70099,29.801994,196.96716,221.28473,234.2126,239.74457,24.317566,12.927872,21.243238,30.479999998250303,14.751675053428794,6.061187357264252,27.586228448267445,28.307708543814083,26.22588775839879,7.8822103,10.113413,5.6510077,4.462405,-0.044141755,0.9592967,2.0,0.0,0.0,4.0105515,-0.3616088,0.9323297,0.49789745,1.8416631,-2.9463265e-06,7.692301e-06,-6.776551e-05,0.89010733,1.3296199
189.4247,294.76483,239.19296,27.395147,228.33083,211.31503,218.24257,225.1164,-17.015793,6.927536,10.291764,59.980000000000004,31.815506232630362,12.09286349193509,19.235384061671343,17.282600708612193,13.630905360628043,11.795636,13.814343,9.776929,4.0374146,0.676367,0.68620604,1.0,0.0,0.0,4.758053,0.682976,0.73044056,-1.2098165,2.7219012,7.915264e-06,1.4896201e-05,0.00018205108,1.0805234,1.3949071
182.20857,296.66293,233.3898,28.760744,215.97804,223.84851,227.28854,227.49258,7.870468,3.440033,22.212242,41.69999999999978,17.720021146065807,6.436510346817099,11.704699910719626,12.963007485529069,13.831068843872453,7.645871,8.890324,6.4014187,2.488905,-0.16821438,0.93681455,2.0,0.0,0.0,3.9902577,-0.5892261,0.8079679,0.41429523,2.3800611,9.290218e-07,6.7155e-06,2.1367501e-05,0.9648402,1.3252844
209.94034,294.1893,273.97098,23.927896,250.47754,259.84988,265.44525,269.36414,9.372345,5.5953674,19.378605,36.479999998363084,21.167102821767227,10.634849771769414,23.345235059857504,22.44917385561254,30.444429482900276,8.948884,12.862501,5.035267,7.8272343,0.1884612,0.9693778,2.0,0.0,0.0,4.0796947,0.9832559,0.18222849,-4.928627,-0.51703304,-4.1248572e-06,1.8315001e-06,-9.487171e-05,0.9639317,1.132151
193.01889,295.7329,247.58508,29.05399,204.43936,213.32353,226.76566,239.40115,8.884171,13.442123,17.353764,34.459999980542676,17.458345713665302,7.335420291325962,20.615528128088304,26.665528681585446,24.681814997425178,6.8931713,7.3177805,6.468562,0.84921837,-0.22099367,0.78976774,2.0,0.0,0.0,3.4504235,-0.018397445,0.9998305,0.9079197,4.478104,-2.5269394e-06,3.6630001e-06,-5.8119607e-05,0.9583535,1.3863117
192.2949,295.12836,254.15729,30.153084,234.6252,241.58533,241.72192,247.66093,6.960129,0.13659668,21.938993,,,,,,,7.167088,10.313701,4.0204754,6.2932253,-0.024561495,0.9049299,2.0,0.0,0.0,6.151607,-0.44689602,0.8945858,2.7248735,7.0419044,4.793753e-06,1.14774e-05,0.00011025631,0.9711898,1.221632
192.57794,296.04,246.70079,29.626257,215.47354,214.72287,221.92033,237.35324,-0.7506714,7.197464,19.959898,39.07999999999985,19.725227897456566,7.042004908857765,25.079872407968907,28.079355721993977,20.86213322227158,7.2042847,7.6550264,6.753543,0.90148354,0.23994574,0.8262225,2.0,0.0,0.0,7.591996,-0.6354592,0.7721343,2.7748492,6.5505095,2.5747172e-06,9.2796e-06,5.9218495e-05,1.003496,1.3787074
203.56143,292.48517,256.79428,23.4281,219.81363,223.83963,238.9182,254.3164,4.026001,15.0785675,16.147385,33.8399999976912,23.427949610462775,7.406442122299903,27.202941017470888,29.14331789176936,31.530290035367575,7.2269835,8.849503,5.6044645,3.245038,-0.08317975,0.9366705,1.0,0.0,0.0,9.26275,0.866396,0.49935728,-1.275212,3.1662931,-7.9258825e-06,3.7851e-06,-0.0001822953,0.9820139,1.3066728
199.21794,294.72104,256.0076,24.614925,234.97726,232.56589,238.15836,251.05371,-2.411377,5.5924683,17.980942,40.05,32.3427419768123,23.47498900455537,30.01666203960727,35.036508164006065,38.32836419534947,6.084391,7.626796,4.5419865,3.0848093,0.8640478,0.14205196,2.0,0.0,0.0,9.609189,-0.38340625,0.92357975,1.0563599,1.773295,-2.760522e-06,1.7094001e-06,-6.349201e-05,1.0103686,1.2672583
199.66225,295.10376,260.82007,26.551151,216.03624,229.81645,242.87962,256.15195,13.780212,13.063171,16.146044,31.919999984994707,23.552824765673943,19.096612887760706,31.240998703626616,30.406099930098513,32.435628930104826,3.6193295,3.201396,4.037263,-0.8358669,0.51362467,0.25650352,1.0,0.0,0.0,7.3676124,0.2268315,0.97393394,-0.20231725,1.576737,-4.740665e-06,5.9829003e-06,-0.000109035296,0.9400382,1.2840846
190.21097,295.11887,239.4142,38.001045,206.59737,218.52849,232.98915,235.70259,11.931122,14.460663,31.332632,33.040000000000006,17.692169312169316,6.18,30.479501308256342,102.52044647975572,96.1003454530081,11.331734,15.788607,6.87486,8.913747,0.30657527,0.8810188,1.0,0.0,0.0,8.8802185,0.89340746,0.44924694,2.1719844,6.178758,-1.5501392e-06,6.3492002e-06,-3.5653204e-05,0.94540244,1.3504823
192.83585,295.1764,222.21057,22.823034,268.55994,216.19127,200.43077,204.4698,-52.368668,-15.760498,8.636023,52.279999999999994,34.785594173105906,8.686810261537541,30.528675044947494,26.924001898766317,29.820813282257205,5.826688,7.5020456,4.15133,3.3507156,-0.096551925,0.9744352,2.0,0.0,0.0,3.339528,-0.021567184,0.9997671,-1.0682501,2.072405,2.521631e-06,1.50183005e-05,5.7997513e-05,1.242233,1.3653483
188.27315,293.7806,218.7886,23.146172,206.07674,195.6641,200.57666,204.46214,-10.412643,4.912567,7.8955507,67.18,34.02271629211723,8.666462521343751,13.45362404707371,16.144100574710635,17.533551266245798,5.1350284,6.230506,4.039551,2.1909552,-0.7996453,0.40223506,2.0,0.0,0.0,1.2678239,-0.6480112,0.7616299,-1.8474226,1.683562,1.1148261e-06,9.035401e-06,2.5641e-05,1.0532169,1.5014539
194.69876,291.58817,222.30011,17.058405,280.24722,214.11725,216.52478,215.25317,-66.129974,2.4075317,4.9110503,45.08000000000001,32.973047993795355,11.529539270984934,26.92582403567252,56.86676701508911,64.29583540952027,5.928358,7.7267494,4.1299667,3.5967827,-0.24201548,0.95097435,2.0,0.0,0.0,5.3401484,0.48440018,0.87484634,0.14565368,4.503742,-1.2263088e-06,1.2942601e-05,-2.82051e-05,1.3088493,1.3618155
188.27849,273.97714,222.05766,12.457571,236.68594,225.68184,217.14291,220.22174,-11.004105,-8.538925,5.5790734,39.4,31.042929742929243,8.941334878359331,41.6293165929973,39.469255162275104,42.651431310332946,3.0461254,2.6337242,3.4585266,-0.8248024,-0.1512273,-0.14954075,2.0,0.0,0.0,0.8577712,-0.3145191,0.9492499,-2.3042617,0.123917006,2.9781786e-06,1.36752005e-05,6.8498106e-05,1.0487593,1.2139972
192.66772,291.63367,222.24478,16.71974,279.38934,214.39459,217.46434,215.24489,-64.99475,3.069748,4.7233567,41.0,29.54519368444989,12.47295682431178,26.076809620810597,37.22960838574031,61.184870262423274,6.337707,8.019359,4.6560555,3.3633032,-0.14838384,0.9755424,2.0,0.0,0.0,5.621184,0.5794083,0.8150372,0.6441083,5.529262,-2.9994126e-06,9.768e-06,-6.898649e-05,1.3031548,1.360266
188.27315,293.7806,218.7886,23.146172,206.07674,195.6641,200.57666,204.46214,-10.412643,4.912567,7.8955507,59.94000000000001,33.57208776881787,7.0414627495810675,19.1049731745428,14.741551051998478,17.310498329570034,5.1350284,6.230506,4.039551,2.1909552,-0.7996453,0.40223506,2.0,0.0,0.0,1.2678239,-0.6480112,0.7616299,-1.8474226,1.683562,1.1148261e-06,9.035401e-06,2.5641e-05,1.0532169,1.5014539
194.68187,287.017,234.20927,16.871109,241.77301,212.97908,218.80902,233.34712,-28.79393,5.829941,6.2174997,30.919257732961295,20.771349778806886,12.354483763815287,38.27531841800928,108.82627293364482,113.70693201526903,9.366245,10.788285,7.9442043,2.844081,0.273764,0.9360728,1.0,0.0,0.0,8.969004,0.65808046,0.75294745,1.3381921,6.6274233,-4.241648e-06,1.28205e-05,-9.755791e-05,1.1351961,1.34763
191.10522,293.426,218.16377,15.268977,286.7776,219.33157,206.09259,210.25998,-67.446014,-13.238983,5.864876,54.67999999999999,35.346017876227386,9.052351310342672,25.632011235952593,24.846125960398567,23.724947370573123,4.771076,6.600178,2.9419746,3.6582031,-0.37900102,0.8821516,2.0,0.0,0.0,4.097867,0.2785354,0.96042573,-0.8456825,1.683562,1.7306347e-06,1.52625e-05,3.98046e-05,1.307507,1.3378192
206.87363,292.45828,269.95728,21.469858,289.94238,286.1983,281.54443,273.32516,-3.7440796,-4.6538696,17.279877,37.699999999962586,21.656609128897458,11.452795824144959,67.13898951012258,75.09653538541399,78.39146892217636,17.837643,21.31082,14.364468,6.946352,0.4595641,0.87860894,1.0,0.0,0.0,15.620391,0.72492915,0.68882334,3.1796696,8.058878,-3.424109e-06,1.52625e-05,-7.875451e-05,1.0130821,1.0218729
190.80162,286.798,214.06528,14.51748,223.39894,197.06786,197.77966,203.37605,-26.331085,0.71180725,5.1097302,64.49999999999999,40.845546325878594,9.78,13.341664064126334,13.387618415376698,14.161198282503749,1.2481155,1.7272797,0.7689514,0.95832825,-0.23561504,-0.33198303,2.0,0.0,0.0,3.7882266,-0.64933044,0.76050603,-0.65395486,1.478458,5.7811703e-06,1.77045e-05,0.00013296692,1.1336143,1.4553262
183.38986,276.59088,212.18199,16.034391,194.99672,191.65198,193.71242,202.10646,-3.3447418,2.06044,5.5026693,73.64,37.74872020855136,16.911848844250066,10.04987562112089,10.539671617915804,8.953739090651686,3.2179909,3.7835646,2.6524172,1.1311474,-0.88812435,-0.38824338,2.0,0.0,0.0,5.749001,-0.87569517,0.48286393,-1.395599,1.5639181,7.718844e-06,1.5995101e-05,0.00017753341,1.0174521,1.4431934
195.01979,286.30127,242.00252,22.789598,203.83713,206.50961,220.55978,240.42725,2.6724854,14.050171,14.0373,80.0,30.53191565495208,8.8,31.064449134018133,31.485280700552885,31.280503261934264,8.443206,11.252191,5.634221,5.6179695,0.38443935,0.78103995,2.0,0.0,0.0,5.9122853,0.38342747,0.9235708,1.9744976,5.059232,2.6915084e-06,2.2710601e-05,6.190469e-05,0.98705876,1.3863823
194.79843,289.92065,226.00226,17.277788,243.25638,203.87578,211.93622,218.7769,-39.3806,8.06044,8.788594,43.38,34.93158778205834,27.5,26.2189572806209,28.247974492527433,44.90721011418752,4.9738445,5.9108086,4.0368805,1.8739281,-0.53044736,0.8086364,2.0,0.0,0.0,4.800735,-0.05339963,0.998573,0.22999886,1.038339,5.0751128e-06,2.1367501e-05,0.0001167276,1.1931598,1.4220456
217.08812,290.35516,268.13354,22.42264,236.75809,241.00908,258.93524,268.30402,4.250992,17.926163,10.981163,37.260000000000005,16.396339294317166,6.969609701238875,17.46424919657298,16.89065932525145,18.420924859723314,1.7274704,2.6566133,0.79832745,1.8582859,-0.3850723,0.44273466,2.0,1.0,2.0,5.5613422,0.94168216,-0.3365032,2.308349,5.6061764,2.3841354e-05,4.7619003e-05,0.00054835115,0.9823617,1.2047478
215.73438,291.54938,274.48578,20.24073,264.13535,266.5161,269.66122,270.85718,2.3807678,3.145111,14.778483,25.293773832287012,12.077262007669898,3.5804280283471477,20.248456731316587,44.224797112235564,43.51607164339449,8.973681,12.371511,5.5758514,6.79566,-0.24743441,0.9656968,0.0,2.0,0.0,10.605079,0.99926937,-0.038216498,1.8123093,3.4611301,1.4089277e-05,2.5396801e-05,0.00032405337,0.99106705,1.0939277
190.35683,294.73578,236.02768,27.727207,204.16441,215.43597,214.62994,218.8785,11.271561,-0.8060303,12.491298,36.60000000000001,20.045855178964317,6.855118999651427,33.0,38.283398420498706,36.5095251298098,4.0273433,6.193118,1.8615685,4.3315496,-0.9225174,0.29394323,2.0,0.0,0.0,3.0796514,0.42295045,0.9061525,2.0244732,3.9696171,-5.234374e-06,0.0,-0.0001203906,0.94768023,1.3680899
190.09407,295.63202,267.53473,30.624014,282.9839,282.95822,277.3523,269.9278,-0.025665283,-5.6059265,25.994513,16.18010350158902,7.152815024047604,0.26299831080738223,44.41846462902562,56.74468868529105,58.39726130565012,9.113691,7.2842083,10.943174,-3.658966,-0.3372754,0.8744042,2.0,0.0,0.0,1.3762791,0.64661753,0.76281345,-1.2989922,1.7348381,-1.6456958e-06,8.9133e-06,-3.7851e-05,1.0000907,1.0447904
186.88022,295.60855,244.27574,31.671766,206.4516,211.02112,217.13895,231.2974,4.569519,6.1178284,23.858498,27.38164152493985,9.375009179501356,2.6004379767954484,26.40075756488817,51.008087846634396,46.986733042987694,5.009133,3.875887,6.142379,-2.266492,0.03705953,0.6680448,2.0,0.0,0.0,0.12717496,0.9310938,-0.36475822,-1.4426019,1.341722,-2.1765652e-06,7.9365e-06,-5.0061e-05,0.9783457,1.4008482
206.21426,293.23492,247.62791,25.0954,214.849,217.42702,221.53458,235.4812,2.5780182,4.107559,11.559344,34.78000000000001,20.664324228500725,6.830169441782971,28.160255680657446,31.35825757625476,33.20469177042736,10.219469,10.664298,9.77464,0.889658,-0.2375457,0.9288813,2.0,0.0,0.0,3.891952,0.69412965,-0.7198497,-0.8681622,1.4442741,-6.699574e-06,1.2576301e-05,-0.0001540902,0.9881431,1.348659
212.51924,293.94037,271.87204,20.365473,280.89844,281.10098,272.6788,272.4859,0.20254517,-8.42218,18.135345,24.96056501797336,10.82643006428432,5.3805532097428905,81.9799697076834,101.73218870302289,104.2023989425387,16.340828,21.752214,10.9294405,10.822774,-0.36393553,0.92835295,1.0,0.0,0.0,5.558267,0.96636224,-0.25718412,-0.97164303,2.644987,-4.2894267e-06,1.72161e-05,-9.865681e-05,0.99927944,1.0456754
230.93832,292.80328,277.5421,13.6241865,284.23157,283.56317,280.03333,278.8681,-0.668396,-3.5298462,7.688764,18.65508074021415,12.051187234483363,6.207749349230302,18.681541692269406,24.047393882187663,36.24469945264162,8.77244,13.749871,3.7950096,9.954862,-0.10795559,-0.98783636,2.0,1.0,2.0,4.1991253,-0.8189449,0.5738719,-0.33366555,3.6662343,-5.940431e-06,3.4188001e-06,-0.00013662991,1.0023571,1.0325857
178.29192,276.82983,204.38313,22.840422,185.51874,187.16254,189.35092,194.6715,1.6437988,2.188385,15.957696,20.46,17.218888888888888,10.0,76.5605468309312,84.30605209862009,92.68197039680481,11.289959,13.665941,8.913978,4.7519636,-0.134275,-0.9907383,1.0,0.0,0.0,3.3079185,-0.90303755,0.42956096,-0.5575336,1.7946601,8.26033e-06,2.2588501e-05,0.0001899876,0.99121726,1.4790878
200.06808,294.07175,240.54416,26.51228,218.8104,214.31467,212.47835,219.66254,-4.4957275,-1.836319,7.8719172,39.18,28.416537821579418,8.580000000000002,22.20360331117452,26.84322851880263,28.458186910281878,3.4848504,4.661396,2.3083048,2.3530912,0.051163793,0.19171607,2.0,0.0,0.0,1.9103645,-0.9566037,0.2913903,-0.025823811,2.6919901,1.1572957e-06,4.6398e-06,2.6617801e-05,1.0209773,1.3721495
199.054,293.60605,272.15817,21.1143,241.97069,240.15788,244.20323,262.92056,-1.8128052,4.045349,7.8558807,33.14,21.969799361022364,8.38,24.186773244895647,24.51395081404257,25.884843905014563,3.0602407,3.8129396,2.3075418,1.5053978,-0.53102475,0.10983768,2.0,0.0,0.0,4.239507,-0.93496114,0.35474965,0.06335188,4.208905,-5.5263517e-06,1.3431e-06,-0.00012710609,1.0075483,1.2225543
192.2185,293.19293,232.08504,22.790962,206.7002,212.19403,216.63203,218.50833,5.4938354,4.4380035,12.502646,15.675716335256789,11.081342811386614,6.837863594138232,37.107950630558946,72.74658251369027,88.0513433410792,2.2440214,1.8608046,2.6272383,-0.7664337,-0.1677057,-0.03534323,2.0,0.0,0.0,3.9551857,-0.70679784,0.70741516,-0.47300255,1.9014851,5.478574e-06,1.1965801e-05,0.0001260072,0.97410935,1.3817209
194.54114,293.81915,244.33209,29.938126,214.31868,204.02382,212.19716,235.02074,-10.294861,8.17334,17.479519,48.46000000000001,27.323201947159273,7.024802713233906,18.384776310850235,17.524931335426817,17.912022996274967,3.4976306,4.1932964,2.8019648,1.3913317,0.15545566,0.7158208,2.0,0.0,0.0,2.9949837,-0.9876102,-0.15692526,1.323887,4.2003593,-1.0654553e-05,4.1514004e-06,-0.00024505472,1.0504591,1.4401218
188.22314,295.22778,251.88318,34.383354,245.61441,234.4326,239.24706,244.83327,-11.181808,4.814453,29.631643,21.379355458301614,10.044018128963083,3.379712814691679,46.95742752749558,74.24098162482863,75.65296857600573,6.1772866,7.583686,4.7708874,2.8127985,-0.2731654,0.8527506,2.0,0.0,0.0,1.678205,0.3775277,0.9259977,2.4766681,4.550745,-1.1955181e-05,2.6862e-06,-0.00027496918,1.0476973,1.2593291
186.27298,294.09192,236.36116,26.462482,198.27206,202.39847,212.74336,222.39653,4.126404,10.344894,11.312326,29.74000937151443,13.960484104414112,6.478288842110892,42.80186911806539,42.5982287591642,42.211633003655514,2.9938593,3.8144665,2.173252,1.6412144,-0.28159565,0.8614119,2.0,0.0,0.0,5.4367204,-0.67743087,0.73558617,0.9385738,2.337331,-1.6987788e-07,1.2332101e-05,-3.907191e-06,0.97961247,1.4530343
186.27298,294.09192,236.36116,26.462482,198.27206,202.39847,212.74336,222.39653,4.126404,10.344894,11.312326,24.039469751248554,18.327842373013205,12.200323003696546,47.647385983232944,76.637041335814,56.06460657115874,2.9938593,3.8144665,2.173252,1.6412144,-0.28159565,0.8614119,2.0,0.0,0.0,5.4367204,-0.67743087,0.73558617,0.9385738,2.337331,-1.6987788e-07,1.2332101e-05,-3.907191e-06,0.97961247,1.4530343
191.7952,293.7364,241.36977,28.537704,199.99069,215.86281,231.06674,238.26192,15.872116,15.203934,22.693825,54.06,27.984217333920313,7.417308465203462,9.899494936611665,11.551705813602975,11.484255497358447,6.9416213,9.934108,3.9491348,5.984973,-0.22726238,0.9449605,2.0,0.0,0.0,3.7426867,-0.65299106,0.7573652,2.241653,4.9224963,-6.604018e-06,2.9304001e-06,-0.00015189241,0.9264713,1.360755
189.38536,294.09265,240.78683,32.917873,221.97777,215.703,225.80739,233.5285,-6.274765,10.104385,24.717735,,,,,,,2.8414507,4.084568,1.5983334,2.4862347,0.11279452,0.44080317,2.0,0.0,0.0,5.4436703,-0.63821906,0.76985455,-0.31508732,0.752048,2.4632348e-06,1.1965801e-05,5.66544e-05,1.0290898,1.3634148
189.56593,293.87973,236.39035,31.530857,198.43259,201.34985,209.27264,221.21175,2.9172668,7.9227905,18.000544,47.760000000000005,23.22285618665717,11.072201474667313,6.0,20.528031795985857,14.527546351859346,5.0476646,7.4547386,2.6405907,4.814148,-0.36846793,0.9221178,2.0,0.0,0.0,5.048685,-0.6390658,0.7691518,2.1485758,4.0422583,-3.7957175e-06,5.7387e-06,-8.73015e-05,0.9855115,1.4595478
192.77533,296.1466,267.47253,29.81294,254.75108,261.26154,265.22946,263.72455,6.5104523,3.967926,24.159061,16.46,8.395671539961015,3.475,88.26733582352166,87.23780712945747,89.18002466520532,9.267055,10.792864,7.7412453,3.0516186,0.26207474,0.94417036,2.0,1.0,2.0,3.4677057,0.7558166,0.6547829,3.322722,6.3838625,-1.0935915e-05,7.3260003e-07,-0.00025152604,0.9750807,1.1335255
184.49191,295.67352,244.21631,31.684837,199.63472,210.81116,223.42554,230.11621,11.176437,12.61438,20.871435,46.68,19.405175616158353,5.400733517040554,29.614185789921695,32.340650864799585,33.128252075473775,6.15802,7.4913626,4.8246775,2.666685,0.070425525,0.92804503,2.0,0.0,0.0,1.5079628,-0.53834105,0.84272635,1.9235932,3.858519,-1.1307524e-05,4.2735e-06,-0.00026007305,0.94698364,1.4025515
191.7952,293.7364,241.36977,28.537704,199.99069,215.86281,231.06674,238.26192,15.872116,15.203934,22.693825,51.8,25.55699593073008,7.608717226939061,10.295630140987,25.101901561222245,18.101497060400632,6.9416213,9.934108,3.9491348,5.984973,-0.22726238,0.9449605,2.0,0.0,0.0,3.7426867,-0.65299106,0.7573652,2.241653,4.9224963,-6.604018e-06,2.9304001e-06,-0.00015189241,0.9264713,1.360755
207.83846,296.85083,282.39774,19.15456,284.6293,288.66995,287.84763,282.34207,4.0406494,-0.82232666,14.5594225,20.578797552539356,6.709793160449358,0.34291010519041626,48.104053883222775,82.26625204510779,80.34088380507528,8.783123,10.702067,6.8641777,3.8378897,-0.14300579,0.97564685,2.0,1.0,2.0,5.819292,0.9958083,0.091462485,2.5468938,4.7601223,-1.0574922e-05,1.221e-07,-0.00024322321,0.9860025,1.0283399
187.19333,294.41843,242.50412,32.241882,197.37819,200.58228,208.40894,234.05792,3.2040863,7.82666,21.25603,52.46,24.81742920028774,6.931115155024239,15.524174696260024,15.844940987954923,16.849998443772403,7.7353315,11.258675,4.2119884,7.046686,-0.50090903,0.8526903,2.0,0.0,0.0,1.9554529,-0.9345466,0.3558394,1.4628524,3.452584,-8.955769e-06,4.1514004e-06,-0.00020598268,0.9840261,1.4678187
195.93701,292.51715,268.8611,25.680187,290.2497,286.29926,283.9393,274.19437,-3.9504395,-2.3599548,20.210522,21.650381398801983,13.658537766846658,5.879043574514078,35.38361202590826,81.88335953794677,92.77718775558688,12.521822,18.186333,6.8573103,11.329022,0.48023638,0.85283095,2.0,0.0,0.0,5.2269597,0.9830066,-0.18356931,-1.1525953,3.661961,5.903269e-06,3.72405e-05,0.00013577519,1.0137982,1.0217181
176.40952,286.24506,225.2352,25.971167,189.12779,191.65414,197.20488,214.21686,2.526352,5.5507355,14.40126,44.940000000000005,26.60594504792332,9.440000000000001,13.0,17.2612835874405,14.710781894294996,4.1921515,4.1967297,4.1875734,0.009156227,-0.16053003,0.9357474,2.0,0.0,0.0,1.515687,-0.94474584,-0.3278018,-0.6303604,0.59394705,-4.1832523e-06,2.0634901e-05,-9.6214804e-05,0.9868182,1.4935501
183.16037,289.14313,220.40271,21.516994,191.48108,202.08617,205.25024,212.35327,10.605087,3.1640778,10.392783,28.24,15.391177402323123,5.840000000000001,17.11724276862369,22.452856388464603,20.2403032858983,6.1812916,4.994445,7.3681383,-2.3736935,-0.18006232,0.96166086,1.0,0.0,0.0,8.141255,0.91857004,-0.39525807,-2.5855367,4.3328223,3.9868305e-06,3.06471e-05,9.1697104e-05,0.9475219,1.4307913
212.91795,289.1446,256.61172,23.635757,231.39037,231.39655,247.04707,255.07903,0.0061798096,15.650528,18.3978,37.93999999998987,25.948369715332884,8.013728024791595,48.08326112068523,46.40585266706455,41.79055800186248,11.874989,17.765158,5.9848194,11.780338,0.36648738,0.9158449,1.0,0.0,0.0,8.707356,0.883665,0.46811953,-2.3692856,0.59394705,6.2058652e-06,9.8901e-06,0.0001427349,0.9999733,1.2495631
208.87422,291.87003,249.0986,27.156303,223.51666,217.15532,223.05435,239.127,-6.3613434,5.8990326,17.248583,43.09999999999985,28.829246678047443,8.827630320840006,33.97057550292606,25.582814069808915,27.494779391611434,9.021751,12.098358,5.9451437,6.1532145,0.14054911,0.94786835,1.0,0.0,0.0,9.159201,0.93590117,0.3522624,-1.5384657,2.3757882,3.9072e-06,1.3919401e-05,8.98656e-05,1.029294,1.3440611
210.77522,293.90076,261.08734,24.150402,231.88403,241.3684,249.93915,260.16412,9.48436,8.570755,11.422416,,,,,,,9.03701,13.234465,4.8395557,8.394909,-0.18342039,0.8544046,0.0,3.0,0.0,5.5500455,0.99022895,-0.13945028,-2.1052887,0.645223,7.2251346e-06,1.6727701e-05,0.0001661781,0.9607059,1.217644
214.96446,291.82373,254.26329,24.096375,229.14091,237.91829,251.17715,255.93587,8.777374,13.258865,17.47859,36.63999999726153,26.32531025883852,6.46273360663761,48.50142005173415,55.509006424441345,54.41502803033274,10.686808,15.362471,6.0111437,9.351327,0.4914002,0.811655,1.0,0.0,0.0,8.075601,0.81069905,0.58546287,-2.1753285,-0.068368,3.2011435e-06,8.669101e-06,7.36263e-05,0.9631076,1.2265712
212.3773,294.71988,271.3182,24.337599,228.23674,245.45975,257.11557,265.7038,17.223007,11.655823,14.303695,31.51999967578447,15.828350413351444,8.383482550639876,1.0,6.435853287928987,7.512088492231948,7.3225493,10.349943,4.2951555,6.0547876,0.16161054,0.9295714,1.0,0.0,0.0,5.68768,0.99116385,-0.13264167,-2.743452,0.79905105,9.046018e-06,2.0757001e-05,0.00020805841,0.92983365,1.2006851
209.63528,290.7685,246.91014,25.09864,239.75642,238.88402,240.04724,246.13528,-0.872406,1.1632233,20.912008,39.45999999992358,29.975797337175145,10.618465557484214,39.6232255123179,30.027403126471803,29.585381221655183,9.328476,13.958933,4.69802,9.260913,0.38487664,0.8615013,1.0,0.0,0.0,8.772961,0.85952425,0.5110948,-1.9921468,2.9911,3.4188001e-06,8.302801e-06,7.86324e-05,1.003652,1.2171953
219.02658,291.28912,268.0611,20.043144,254.29724,242.47173,258.95273,268.82156,-11.825516,16.481003,14.326774,,,,,,,13.95302,19.505943,8.400096,11.105847,0.108658634,0.9902737,1.0,0.0,0.0,10.02053,0.94657934,0.3224705,-1.1851072,4.448193,7.957735e-06,1.31868e-05,0.0001830279,1.0487707,1.2013323
210.77522,293.90076,261.08734,24.150402,231.88403,241.3684,249.93915,260.16412,9.48436,8.570755,11.422416,35.340000066508686,20.43573144093915,11.47908831216517,14.212670403551895,17.255427146271387,20.34191701356026,9.03701,13.234465,4.8395557,8.394909,-0.18342039,0.8544046,0.0,3.0,0.0,5.5500455,0.99022895,-0.13945028,-2.1052887,0.645223,7.2251346e-06,1.6727701e-05,0.0001661781,0.9607059,1.217644
210.07922,294.30502,261.71884,25.818966,222.75778,227.30722,230.75427,252.52321,4.5494385,3.447052,9.928926,37.0199999997209,21.270334131084276,6.709025974694001,13.601470508735444,14.626648052507376,18.961001066916737,7.0604596,8.949075,5.1718445,3.7772303,0.09098515,0.85694754,1.0,0.0,0.0,6.728263,0.9929998,0.1181149,-2.0935843,0.017092,6.258953e-06,1.3919401e-05,0.00014395591,0.97998554,1.2947456
206.1325,293.9401,258.0287,28.229298,245.3629,250.89197,253.4309,256.50018,5.529068,2.5389252,25.229053,,,,,,,11.098445,16.45356,5.74333,10.71023,0.28908536,0.93512845,1.0,0.0,0.0,4.953007,0.86583644,0.5003268,0.08360215,5.4480753,-5.3352396e-06,4.0293003e-06,-0.00012271051,0.9779624,1.1715803
199.36417,293.73584,245.28625,30.486032,211.34343,209.85585,223.60225,238.02325,-1.4875793,13.746399,22.377253,17.88,14.639126984126987,12.933333333333335,48.05205510693585,85.03822776352582,73.02608951578867,12.083478,15.887415,8.279541,7.607874,-0.23169906,0.9451637,2.0,0.0,0.0,3.5721252,0.724154,0.68963796,0.569238,4.713119,-7.3419264e-06,-2.442e-07,-0.00016886431,1.0070885,1.3997029
190.018,293.3382,236.81953,27.316729,210.44073,205.03784,212.02724,228.75607,-5.402893,6.989395,15.046409,43.080000000000005,28.682483735170305,6.4,14.035668847618199,18.800138628272755,21.337255958350166,7.6803956,11.373888,3.9869032,7.386985,-0.024313059,0.9712173,2.0,0.0,0.0,2.0231955,0.84472775,0.5351953,0.12763265,3.7046912,-7.405631e-06,4.0293003e-06,-0.00017032951,1.0263507,1.4306539
197.73329,286.6697,233.42229,16.42493,258.7471,214.72687,218.16972,225.50542,-44.020233,3.4428558,4.560562,49.36,33.21597488958365,7.5200000000000005,15.620499351813308,28.00940686582001,23.36240745499124,2.8931437,2.4620485,3.3242388,-0.86219025,-0.0475527,-0.25489616,2.0,0.0,0.0,3.5631034,-0.99733347,0.07297562,-0.758922,0.81614304,5.160052e-06,3.08913e-05,0.00011868119,1.2050058,1.3350435
199.71597,291.5206,235.28935,23.585905,261.55707,216.5054,212.85298,215.0014,-45.051666,-3.65242,9.408578,,,,,,,2.0374389,2.3079224,1.7669554,0.540967,0.30052316,-0.11211556,2.0,0.0,0.0,3.4832363,-0.999524,0.030840851,-0.63351876,0.752048,3.8753483e-06,2.8693501e-05,8.9133006e-05,1.2080857,1.3464819
185.66458,296.93073,250.5809,37.813152,212.20267,230.70833,242.45897,245.85611,18.505661,11.750641,33.104115,22.299965204343344,14.01173841742288,8.810276936219307,20.518284528683193,81.68695326598892,104.7847648300059,7.782829,10.538021,5.0276365,5.5103846,0.12261015,0.52760077,2.0,0.0,0.0,3.9754977,-0.88374287,0.46797225,-0.24021693,2.0040371,-1.7677961e-06,5.1282004e-06,-4.065931e-05,0.91978765,1.2870395
195.39816,295.94012,263.29547,35.62294,264.14758,259.02142,260.46085,264.09534,-5.1261597,1.4394226,30.79385,20.969747781773556,12.404922785379107,7.707139508978247,49.92995093127971,95.33076720905116,103.33725799897806,9.270679,12.753012,5.7883463,6.9646654,-4.671514e-05,0.8614259,2.0,0.0,0.0,4.279421,-0.8529289,0.5220267,0.10831125,1.234897,-1.4227306e-06,4.0293003e-06,-3.2722804e-05,1.0197905,1.1425315
189.12593,294.67676,254.24384,35.40211,288.30405,275.79657,260.05405,254.61847,-12.507477,-15.742523,31.366787,16.94293747940513,12.268166512892185,8.395708331487548,44.94441010848846,102.99425066735218,109.43493671477104,8.325894,12.290633,4.3611555,7.9294777,0.45508954,0.81735635,2.0,1.0,2.0,7.3374796,0.25621262,0.96662027,1.4961072,5.230152,-8.865522e-07,5.9829003e-06,-2.03907e-05,1.0453503,1.0684569
185.0925,295.96155,253.08264,38.58702,258.69342,252.53629,248.74536,244.63544,-6.157135,-3.790924,34.374916,20.352216220356357,10.239402401194715,6.671695700549326,39.698866482558415,105.86277662590832,116.76132867568862,9.782843,14.507529,5.058156,9.449373,-0.59468883,0.53045905,2.0,0.0,0.0,1.4419725,0.5028702,0.86436117,0.37472355,1.7220191,-2.022613e-06,2.3199e-06,-4.65201e-05,1.0243812,1.1719565
193.96786,295.02734,266.65192,29.997557,279.9076,280.1985,275.46033,268.87122,0.29089355,-4.738159,25.212425,11.899373590012782,8.279442487341012,5.622176130979498,90.1834917287529,117.30718517817327,117.53393522424889,8.181877,10.440358,5.923397,4.516961,-0.005739987,0.7723795,2.0,0.0,0.0,4.5945415,-0.91053903,0.41342244,-0.21717988,2.046767,-1.321865e-06,3.2967e-06,-3.0402896e-05,0.9989618,1.0529227
192.2537,294.22098,244.9967,35.642437,219.3039,225.79257,233.35748,241.34592,6.488678,7.564911,32.175293,33.67999999936434,14.362794524419913,6.9357292270536615,28.653097563788805,31.43475380639837,34.94367011366561,5.035838,6.691739,3.3799372,3.311802,-0.11585304,0.30174822,2.0,0.0,0.0,4.782632,-0.9500273,0.31216642,-0.74907553,2.2176871,-1.5660654e-06,3.7851e-06,-3.6019504e-05,0.97126263,1.3030587
187.44736,296.83008,273.41452,30.408913,264.75586,262.88086,267.17276,275.2017,-1.875,4.2919006,23.602797,25.09574196053396,11.53425215121018,4.299775929048039,22.627416997969522,35.5256651434577,53.24281135041999,7.573004,10.895487,4.2505207,6.644966,0.12296781,0.6286104,2.0,0.0,0.0,3.936287,-0.92603993,0.37742487,-0.22739796,1.076796,-1.3537178e-06,4.1514004e-06,-3.113551e-05,1.0071325,1.129143
191.06631,295.51483,257.93585,32.75532,286.43484,278.4865,277.76602,266.58533,-7.9483337,-0.7204895,26.177647,19.68331766666893,14.359408343405478,7.1850605175715385,40.22437072223753,79.57162114535399,85.06165384183171,10.852379,15.589464,6.1152935,9.474171,0.21115117,0.9494205,2.0,1.0,2.0,9.773846,0.41429213,0.9101438,-0.21420737,2.550981,-2.4791607e-06,5.2503e-06,-5.7020698e-05,1.0285412,1.0611459
188.66231,295.44376,263.74344,32.480797,286.3764,270.59634,262.8707,263.7359,-15.78006,-7.725647,27.170158,23.78901498143781,11.972167053420215,5.658989656427286,49.25444142409901,79.27886279752568,81.00886553657422,9.300627,13.602612,4.998642,8.60397,0.5064796,0.7830579,2.0,1.0,2.0,8.708228,0.38788778,0.9217065,0.28331852,2.9868271,1.3112477e-06,8.4249e-06,3.0158699e-05,1.0583159,1.0918247
185.26828,295.93912,247.31377,36.601437,233.83145,240.08327,242.1605,244.77997,6.251816,2.07724,33.07845,23.37961297394255,11.83829789442989,3.5395718991529868,58.4888570301164,73.03865823923603,73.67478329724,6.5049953,7.8076267,5.202364,2.6052628,-0.7263785,0.49814403,1.0,0.0,0.0,2.004218,-0.031063598,-0.9995169,-1.7142161,1.675016,-9.1309556e-07,7.4481004e-06,-2.1001199e-05,0.9739598,1.232652
181.71696,296.9735,258.40582,37.564503,250.65633,253.31313,254.9721,256.34998,2.6567993,1.6589813,35.50512,19.812242790825092,11.093164315553086,2.5205489018097196,47.20169488482379,91.25214281489258,86.32099869779438,10.763489,14.406051,7.120926,7.285125,-0.7556164,0.48838738,2.0,0.0,0.0,1.396316,-0.47909683,-0.8777613,-0.5030993,0.585401,1.1466783e-06,6.2271e-06,2.63736e-05,0.9895118,1.1723573
188.66231,295.44376,263.74344,32.480797,286.3764,270.59634,262.8707,263.7359,-15.78006,-7.725647,27.170158,24.97954458594777,12.314755460977752,5.581343126891608,49.25444142409901,79.13600138890446,78.82528225648603,9.300627,13.602612,4.998642,8.60397,0.5064796,0.7830579,2.0,1.0,2.0,8.708228,0.38788778,0.9217065,0.28331852,2.9868271,1.3112477e-06,8.4249e-06,3.0158699e-05,1.0583159,1.0918247
193.75781,296.51776,246.56973,26.390844,257.2485,255.29721,248.67917,247.28815,-1.951294,-6.618042,15.02082,14.318026597405645,11.15381116185878,6.05993406777569,42.43819034784589,120.0018405346978,114.20558713519375,4.674749,5.1993113,4.1501865,1.0491247,0.1748348,0.86659783,2.0,0.0,0.0,2.3236105,-0.92044395,0.39087346,-0.8311914,1.209259,-2.213726e-06,4.3956e-06,-5.0915696e-05,1.0076432,1.161461
191.62172,295.70477,257.80765,32.875748,285.75146,278.50208,276.70673,266.12915,-7.2493896,-1.7953491,26.649118,17.091623939365412,12.761605348590269,7.958178466436363,49.0,75.73715420167281,83.42414953698713,10.852379,15.589464,6.1152935,9.474171,0.21115117,0.9494205,2.0,1.0,2.0,9.773846,0.41429213,0.9101438,-0.21420737,2.550981,-2.4791607e-06,5.2503e-06,-5.7020698e-05,1.02603,1.0617687
190.15486,296.56262,252.086,31.440008,253.86095,240.1754,240.0962,241.90512,-13.685547,-0.079193115,26.565296,16.74860396532634,13.916832629274653,8.454503475478623,48.46648326421054,85.64271564672646,97.17786703643839,5.7179604,10.006974,1.4289465,8.578028,0.62761647,0.42742878,2.0,0.0,0.0,3.70548,-0.8232816,0.56763273,-0.36784965,2.1835032,-1.3749526e-06,5.6166e-06,-3.162391e-05,1.0569814,1.2347752
188.02437,284.8244,233.3344,15.71088,238.4869,244.58888,232.64003,227.46545,6.1019897,-11.948853,6.227263,21.149130683363612,12.888060324208324,0.9253359899417812,27.730849247724095,86.66478796129755,59.834293127285264,1.9226079,2.1637154,1.6815004,0.48221493,0.1896233,-0.009496506,2.0,0.0,0.0,1.2318003,-0.57578754,-0.81759846,-0.86574703,1.8331171,-1.3696433e-06,8.669101e-06,-3.1501797e-05,0.97505206,1.1645026
191.00467,291.5317,219.36418,18.093401,219.04109,220.5859,213.75243,212.52187,1.5448151,-6.833481,9.816055,22.6910314275649,14.416142987626596,5.547504856787262,45.803929962395145,43.53090756680725,37.908726450864926,3.3835616,4.1013536,2.6657696,1.4355841,-0.114268124,-0.12742338,2.0,0.0,0.0,1.579593,-0.875611,-0.48301575,-0.4993837,0.91442204,-5.1494357e-07,1.03785005e-05,-1.1843702e-05,0.99299675,1.3216244
202.4078,292.823,248.07207,20.059937,275.673,252.40483,241.84401,236.35716,-23.268173,-10.560822,9.112049,34.5684870232451,10.30009524737627,1.8103945843960338,14.317821063276353,103.29016831577826,100.12894205499121,3.38833,5.5407534,1.2359066,4.304847,-0.8295584,-0.1728874,2.0,0.0,0.0,0.9549145,-0.540757,-0.8411776,-1.488862,0.538398,5.202521e-07,7.2039e-06,1.1965799e-05,1.092186,1.1601323
185.37798,292.03668,234.19743,21.004856,197.08742,204.79019,222.63155,232.40283,7.702774,17.841354,11.788571,64.25,13.014541328241624,3.821715192413156,15.231546211727817,15.231546211727817,14.774683637502086,3.6445084,2.702776,4.586241,-1.8834648,0.51102304,0.19539884,2.0,0.0,0.0,2.249429,-0.99855524,-0.053726617,-0.25860938,0.99133605,-4.9901746e-07,1.28205e-05,-1.1477401e-05,0.962387,1.4260286
192.74365,291.83408,243.30711,20.154434,254.70903,253.43187,243.22624,233.51733,-1.2771606,-10.205627,8.820852,18.185819814665656,8.49913419605114,0.20306527411947323,34.9857113690718,86.98658958726891,56.511702847403015,3.2723546,3.8961077,2.6486015,1.2475061,-0.9550772,0.05195999,2.0,0.0,0.0,2.9207997,-0.83924454,-0.54375356,-1.8253143,0.35038602,6.6358695e-07,6.3492002e-06,1.52625e-05,1.0050395,1.1515287
183.94902,293.51117,256.8713,21.819674,230.29694,230.12839,237.75114,248.11537,-0.16854858,7.622757,11.297778,19.619999999999997,12.664712518195053,6.68,16.401219466856727,70.13488332230109,40.86947255559822,8.549263,9.416031,7.682494,1.7335367,0.18137625,0.9766623,2.0,1.0,2.0,2.727969,0.90259534,-0.43048915,-1.271682,1.341722,4.618566e-06,2.89377e-05,0.00010622702,1.0007324,1.2754235
206.9485,293.35666,267.02402,26.188583,250.6875,249.66042,245.39212,258.53424,-1.0270844,-4.2682953,13.9352455,26.61969152238534,10.88986350315172,2.345124923557996,29.068883707497267,33.40387270773411,34.97837748476914,3.8489914,5.6010294,2.0969534,3.504076,-0.9036891,-0.3236463,2.0,0.0,0.0,4.400517,0.9662209,0.2577144,0.04588831,0.59394705,-2.6543475e-07,3.1746001e-06,-6.1049996e-06,1.0041139,1.1750227
217.74664,293.4787,273.20938,19.236517,252.7068,253.4075,259.023,269.19882,0.70069885,5.615509,11.064536,19.41529262099767,11.029427107908104,5.080038239779017,49.040799340956916,67.77938039837832,54.88320152485062,6.075235,8.847214,3.303256,5.5439577,-0.95636445,-0.25013125,2.0,0.0,0.0,4.5849504,0.9111124,0.41215724,-0.34648457,0.282018,-1.7200174e-06,1.4652001e-06,-3.95604e-05,0.9972349,1.1581295
232.36787,294.98315,280.3605,8.703095,285.45447,284.3761,283.40506,282.49725,-1.0783691,-0.9710388,5.72825,27.99999329500738,18.811948000921443,10.358246737283944,82.64481377803733,87.30437099882906,92.00454568130608,9.59133,10.53764,8.64502,1.8926201,0.60699403,0.76604074,1.0,1.0,1.0,9.044178,0.99437064,-0.10595641,-1.9027855,3.956798,-9.518491e-06,1.221e-06,-0.0002189253,1.003792,1.0372994
195.16682,293.6558,235.73145,23.881279,201.78,205.70706,215.92348,227.85922,3.927063,10.216415,14.0128,48.18,22.026961669662793,5.99195837441478,13.0,12.650393779807066,13.126236920204603,3.992054,4.7541,3.2300081,1.5240917,0.31033507,0.5749241,2.0,0.0,0.0,6.2424827,0.29567945,0.95528704,-0.0339982,2.09377,-3.8222615e-07,7.4481004e-06,-8.791201e-06,0.98090947,1.4275435
198.61266,294.40967,275.76257,17.494427,288.16827,284.42212,281.1741,275.87708,-3.7461548,-3.2480164,11.485527,27.05999814918125,16.88952965621302,7.435176303355377,25.96150997149434,31.412275666084103,53.34121213390755,10.500255,14.397277,6.6032324,7.7940445,0.5323503,0.7992076,1.0,1.0,1.0,9.786593,0.9628446,0.27005553,-1.9012994,3.5594091,-8.393049e-06,3.7851e-06,-0.00019304012,1.0131711,1.0351152
193.52676,294.07806,262.18524,30.518293,252.2611,252.44331,257.76776,258.98697,0.18222046,5.3244476,27.318789,,,,,,,7.236712,8.144873,6.3285513,1.8163214,0.17928351,0.9659697,1.0,1.0,1.0,3.1551785,0.90922326,-0.41630816,-1.0325798,5.8070073,-8.016131e-07,5.9829003e-06,-1.8437102e-05,0.9992782,1.1649271
189.72534,295.09146,242.61406,28.744263,202.68707,213.72087,229.12671,237.99007,11.033798,15.405838,21.963673,31.1799999858166,18.173638554078615,6.539199492471155,11.045361017187261,25.856475149451903,29.848793743861528,5.3040323,8.114352,2.4937124,5.62064,-0.8688463,0.44979095,2.0,0.0,0.0,2.163547,0.3859369,0.9225247,0.9588241,3.055195,1.0458131e-06,4.7619e-06,2.4053701e-05,0.94837284,1.380733
188.46973,295.5971,238.63231,35.700108,199.23044,206.82527,229.2707,237.01703,7.5948334,22.445435,29.116325,32.65999986145577,16.317375312704172,4.7606614527524975,13.416407864998739,27.929847667279255,32.44868465263227,7.25407,9.035675,5.4724646,3.5632105,-0.9830568,0.08456364,2.0,0.0,0.0,1.4023066,0.6885888,0.72515106,0.5317098,1.4357281,1.969526e-06,6.7155e-06,4.52991e-05,0.963279,1.4292117
185.49611,294.2187,239.53531,28.235588,198.01248,205.97528,221.01704,234.00845,7.962799,15.041763,19.879183,38.51999999942061,20.63671080061771,6.992584573133802,10.0,18.197589417454836,23.060630567680725,4.867788,7.0644655,2.6711102,4.3933554,-0.8040202,0.30973402,2.0,0.0,0.0,4.636149,0.16614933,0.9861004,1.1722883,4.2345433,1.534213e-06,4.3956e-06,3.52869e-05,0.961341,1.4284174
192.62302,294.05838,234.94862,25.685486,203.87347,208.55103,210.09538,215.62051,4.6775513,1.5443573,9.463031,49.16000000000001,27.67471981050245,9.599244802269972,10.770329614269007,8.886246918365494,12.397506711754414,7.8770595,11.906463,3.8476562,8.058806,0.6103647,0.7473037,2.0,0.0,0.0,8.215802,0.51574063,0.8567446,-1.2703816,1.136618,-1.916439e-06,8.9133e-06,-4.4078097e-05,0.9775712,1.4100069
198.94154,295.79376,281.97183,14.158392,284.22147,284.60587,282.6367,277.479,0.3843994,-1.9691772,9.247679,,,,,,,3.980228,3.9243374,4.0361185,-0.11178112,0.13068235,0.97384447,1.0,1.0,1.0,4.843785,0.715748,-0.69835836,-1.9362264,4.2687273,-3.721396e-06,5.8608002e-06,-8.559211e-05,0.99864936,1.0393101
189.46724,287.71307,237.77208,30.7162,197.92322,201.58908,216.17091,236.51038,3.665863,14.581833,24.226433,46.480000000000004,30.350276394779698,11.815116994780539,22.20360331117452,26.627925987032512,27.30436892921436,14.36046,20.149532,8.571389,11.578143,0.310243,0.92931205,1.0,0.0,0.0,9.3286085,0.9107917,-0.41286612,-1.4663823,4.3370953,6.174014e-06,2.95482e-05,0.00014200232,0.98181516,1.4272255
186.43301,286.42523,222.06789,21.051851,194.87425,198.59106,203.84776,209.68617,3.7168121,5.2566986,8.952842,42.65999999999998,28.43718065351693,12.968682660193442,17.72004514666935,19.96975853579832,21.94374943635229,10.2141285,13.47252,6.955737,6.5167828,0.32225513,0.92866963,2.0,0.0,0.0,7.070757,0.86392903,-0.50361335,-1.9800712,1.717746,4.0346094e-06,2.9792402e-05,9.279602e-05,0.9812841,1.4422866
183.1136,277.4591,205.10463,14.692556,191.70856,191.69093,193.03786,198.20258,-0.017623901,1.3469238,6.116968,36.879999993968035,22.51564682426513,13.331775402051528,15.132745950421556,28.728827177772438,23.40972269605242,7.934285,9.847126,6.0214443,3.8256817,0.7881326,0.4457817,2.0,0.0,0.0,7.9222527,0.6931025,-0.7208389,-0.73960066,2.683444,-1.4439654e-06,2.6862e-05,-3.3211203e-05,1.0000919,1.4474294
204.30772,283.1312,238.1567,15.863116,242.0637,222.47722,223.66057,227.17639,-19.586487,1.1833496,6.476895,40.94,31.220260282341663,20.62725262690974,24.186773244895647,26.808641177733637,30.823125288628937,5.4772344,7.0415754,3.9128933,3.1286821,0.34745726,0.85447407,2.0,0.0,0.0,5.0310316,-0.9215621,0.38823047,0.4891657,2.5766191,-5.7440093e-06,5.6166e-06,-0.00013211221,1.0880382,1.2726301
197.1233,289.28583,219.12082,18.288769,242.33348,221.4744,208.86409,213.22366,-20.859085,-12.610306,11.980532,47.699999999999996,32.16644703858151,7.831650520595987,38.3275357934736,43.202510981447396,51.71097500381072,5.579285,5.7551565,5.403414,0.35174274,0.8681086,0.4633498,2.0,0.0,0.0,5.438009,0.37084875,0.9286932,2.4948745,5.845464,-1.5713737e-06,1.24542e-05,-3.6141595e-05,1.0941828,1.3061818
188.83415,288.82266,219.05301,20.595446,225.52315,205.64207,207.77605,213.87035,-19.881073,2.1339722,10.569158,45.06,32.68922697968316,8.038678647314729,30.675723300355934,28.557355398315256,31.911395640881377,4.3939643,5.51443,3.2734985,2.2409315,0.8083286,0.44323754,1.0,0.0,0.0,4.5199604,-0.54475087,0.83859766,-1.1236132,1.2861731,2.5322481e-06,1.07448e-05,5.8241705e-05,1.096678,1.404492
187.94345,290.52142,220.50247,19.94341,228.41396,218.50482,215.44081,216.57336,-9.909134,-3.0640106,8.390342,20.619999999999997,8.306133693315335,2.7199999999999998,36.87817782917155,85.2451000690172,90.09266761094398,2.2133107,3.256713,1.1699085,2.0868044,-0.3932281,-0.50997114,2.0,0.0,0.0,3.7906663,-0.33749887,0.94132566,-0.24932028,2.781723,4.3425134e-06,9.645901e-06,9.9877805e-05,1.0453497,1.3295882
189.81815,286.4975,219.161,17.378366,223.23378,212.19075,209.24496,209.36998,-11.04303,-2.9457855,7.864938,29.539992873278077,17.99286630898068,9.724539225028497,47.0,52.942975906397045,55.347139139734765,3.659577,4.594633,2.7245207,1.8701124,0.10590398,-0.101833224,2.0,0.0,0.0,1.9102241,-0.0996935,0.9950177,-0.5278085,1.9185771,8.860213e-06,1.5506701e-05,0.0002037849,1.052043,1.3501885
198.64218,293.9734,244.94365,23.797466,261.0538,263.34253,258.4879,246.05038,2.2887268,-4.8546143,17.372805,23.27290851555582,15.524481012419821,6.068786712509002,68.3682266844773,81.14838485626268,83.43526182170606,3.2788405,3.1048765,3.4528046,-0.34792805,-0.7788374,-0.4304012,2.0,0.0,0.0,2.4441383,0.99892026,0.046449788,-1.7028835,1.602375,5.584748e-06,1.36752005e-05,0.0001284492,0.9913089,1.1163156
193.96977,292.6087,244.65874,23.754091,261.37958,247.74269,242.68726,237.87584,-13.636887,-5.055435,15.122295,,,,,,,3.1710658,4.6308756,1.711256,2.9196196,-0.9311513,-0.009564832,2.0,0.0,0.0,1.8776747,0.9485527,-0.31661767,-1.5291768,2.204868,5.696231e-06,1.5995101e-05,0.00013101331,1.0550445,1.1810993
196.11952,291.84967,227.81563,18.344414,231.00377,211.5051,219.98457,219.14035,-19.498672,8.479477,10.652123,43.72000000000001,33.72938318045169,11.734306454823589,15.033296378372908,39.283830823952805,40.96561481066127,7.508912,9.635393,5.382431,4.252962,-0.9142152,0.33722323,2.0,0.0,0.0,2.9490461,-0.9309674,0.36510152,-1.0214328,0.45293802,4.5442434e-06,1.1965801e-05,0.0001045176,1.09219,1.3798707
205.4597,290.6245,234.9518,15.422032,264.76947,252.74133,246.38358,236.64569,-12.028137,-6.3577576,4.063212,23.659916552703276,14.859533673530146,6.649445707397836,78.57748997714512,83.38320674710863,89.26310200695968,3.1247144,3.1399736,3.109455,0.030518532,-0.84229946,-0.48462498,2.0,0.0,0.0,2.3429666,0.9909939,-0.13390401,-1.9741261,0.653769,5.5528963e-06,1.3553101e-05,0.00012771662,1.0475907,1.1498891
198.18718,293.93152,244.71191,24.034698,261.02057,263.86362,258.75092,245.27089,2.843048,-5.1127014,17.475374,23.819958997754476,15.498110737244819,6.865722779253446,80.13463477668449,86.46285090751257,91.69838948434138,3.2788405,3.1048765,3.4528046,-0.34792805,-0.7788374,-0.4304012,2.0,0.0,0.0,2.4441383,0.99892026,0.046449788,-1.7028835,1.602375,5.584748e-06,1.36752005e-05,0.0001284492,0.9892253,1.1139524
198.72166,292.29956,251.0485,29.376333,279.03387,282.72067,274.7501,253.13148,3.686798,-7.970581,16.898914,26.47959472759829,13.513440524002688,4.4645595974210455,26.92582403567252,83.19547778504827,86.47528555400773,3.8501353,5.674659,2.0256119,3.649047,-0.5685495,-0.8004991,2.0,0.0,0.0,1.9836648,0.93294805,-0.3600096,-1.2404708,0.26065302,6.3332736e-06,1.5873e-05,0.0001456653,0.9869596,1.0338811
199.749,290.64294,231.16286,16.396563,224.95879,211.0331,224.85747,226.6183,-13.92569,13.824371,7.595964,47.31999999999999,34.50361351279056,6.8442156056929635,7.280109889280518,32.24819886676815,37.50643179277971,4.428491,3.8350677,5.0219145,-1.1868467,-0.90953934,-0.23202083,2.0,0.0,0.0,2.3555756,-0.9887987,0.14925265,-1.9483023,1.209259,5.9191966e-06,1.18437e-05,0.00013614152,1.0659882,1.3772386
194.46335,288.42365,232.01048,18.607681,248.89142,243.62958,236.48686,223.44797,-5.261841,-7.1427155,13.175164,44.17999999999996,28.41563387789964,10.879062542686386,49.64876634922564,55.50342702690585,55.57753084765565,5.2952585,6.2675114,4.3230057,1.9445057,-0.84426534,-0.47358704,2.0,0.0,0.0,0.22623762,-0.9442741,0.32914695,-2.3293424,0.081187,6.296114e-06,1.4652001e-05,0.00014481062,1.0215977,1.1838614
196.04343,291.148,229.95645,19.929176,241.80193,203.97636,215.77621,225.00856,-37.82556,11.79985,13.644303,50.3,32.567528303012594,10.383760017434573,15.297058540778355,14.307087370351816,14.738908111671416,3.0648189,4.298971,1.8306665,2.4683046,-0.952128,-0.044934474,2.0,0.0,0.0,3.5621831,-0.75393355,0.65695024,1.2772557,3.5850472,6.5987097e-06,1.4652001e-05,0.00015177032,1.1854409,1.4273615
198.59148,293.8582,249.13905,24.406649,279.5491,274.99533,245.32114,231.39267,-4.553772,-29.674194,10.332354,22.819827091809902,10.914531818287958,3.3667167270879865,72.67385089807053,80.38061622893832,84.02894573668306,3.3461742,5.2965927,1.3957558,3.900837,-0.56718373,-0.7319468,2.0,0.0,0.0,1.3884528,0.9187802,0.39476773,0.005016127,1.8373901,4.9423957e-06,1.57509e-05,0.0001136751,1.0165595,1.0685934
204.03647,293.88995,237.5836,16.40367,249.50258,243.48016,229.67061,228.44537,-6.022415,-13.809555,7.043618,35.375008752214384,21.371696201035363,5.963251200133957,31.016124838541646,33.909115936302356,38.56470436703411,5.3385596,7.117112,3.560007,3.557105,0.6931886,0.6706841,2.0,0.0,0.0,3.2092323,-0.10270444,0.9947116,2.7631452,6.7470675,1.396187e-06,8.9133e-06,3.21123e-05,1.0247347,1.2070386
194.1858,292.6432,244.59767,24.099123,259.03287,248.1156,242.65143,238.12482,-10.917267,-5.4641724,15.358373,30.71999193111685,14.828204466151268,5.498974501063514,90.77374912900606,83.74688123794856,81.85549004291877,3.1710658,4.6308756,1.711256,2.9196196,-0.9311513,-0.009564832,2.0,0.0,0.0,1.8776747,0.9485527,-0.31661767,-1.5291768,2.204868,5.696231e-06,1.5995101e-05,0.00013101331,1.0440007,1.179463
192.84906,290.92142,242.83852,23.490955,239.87515,253.65417,255.82062,244.48114,13.779022,2.1664429,12.876779,27.459997826591405,14.483275825551575,4.363962877544745,64.98819333399976,67.4872782954972,73.27575476281763,2.728908,4.480566,0.9772501,3.503316,-0.27904218,-0.80005443,2.0,0.0,0.0,1.0234764,-0.113311015,0.9935586,-0.15382801,1.055431,5.526352e-06,1.51404e-05,0.0001271061,0.94567794,1.1469215
196.52249,288.12994,239.21275,13.272808,232.79694,256.8165,251.26018,236.68301,24.019562,-5.55632,4.576326,27.925054939383273,17.259558232306475,8.747294478739892,60.55025380971006,65.60581315860826,70.01283794019567,5.0982137,4.8532906,5.343137,-0.48984623,-0.8075601,-0.5499003,2.0,0.0,0.0,2.0225093,0.97116286,0.23841475,-1.7608477,0.760594,5.2980786e-06,1.2576301e-05,0.0001218558,0.9064719,1.1219293
187.81923,291.40988,231.31264,20.228348,237.50703,212.89919,216.74614,221.80327,-24.60785,3.8469543,11.795256,41.45999999999994,31.706695406121742,23.679845195959704,29.274562336608895,35.350747201324744,36.360386399268364,2.2314324,1.4667158,2.996149,-1.5294333,0.6627365,0.68129236,2.0,0.0,0.0,3.3634136,-0.2787453,0.96036476,0.40091893,1.8673011,8.313418e-06,1.8315e-05,0.00019120862,1.1155845,1.3687694
199.24478,290.4643,230.74245,15.993993,224.74825,212.2258,225.65572,225.08858,-12.522446,13.429916,7.091607,44.15999999999997,32.68636474646795,12.71035687518978,4.242640687119285,25.980356509762636,45.315240335745486,4.428491,3.8350677,5.0219145,-1.1868467,-0.90953934,-0.23202083,2.0,0.0,0.0,2.3555756,-0.9887987,0.14925265,-1.9483023,1.209259,5.9191966e-06,1.18437e-05,0.00013614152,1.0590053,1.3686569
203.53406,292.71204,237.8617,22.773544,275.40598,260.24258,229.93733,224.43143,-15.163391,-30.305252,12.809654,42.382178909687184,15.567761855495926,3.7471730872633744,48.041648597857254,84.38656596145285,73.0293343255766,1.5573215,1.4171209,1.6975222,-0.28040123,-0.14801663,0.8362704,2.0,0.0,0.0,2.9487321,-0.61270726,0.79030955,0.57406837,3.3073022,2.0173027e-07,1.12332e-05,4.6397963e-06,1.0582664,1.1247661
204.28323,296.6059,262.55005,25.783268,280.94522,272.2473,260.1744,259.0231,-8.6979065,-12.0729065,21.856655,,,,,,,14.791557,18.87952,10.703593,8.175927,0.55889463,0.8232711,1.0,0.0,0.0,3.9246643,0.5689025,0.8224047,1.409347,6.6872454,7.750695e-07,1.4896201e-05,1.7826598e-05,1.0319486,1.0894723
184.03949,291.9815,219.38503,20.852736,196.53746,198.19806,207.58937,210.78642,1.6605988,9.391312,10.279215,33.35999999998672,22.154667150251573,5.226353247332491,23.430749027719962,29.63232516004691,27.252431246338784,2.3523674,2.7588558,1.945879,0.81297684,0.42720833,0.13279352,2.0,0.0,0.0,4.083594,-0.62956774,0.77694523,0.7966359,1.7049271,-7.856872e-07,4.3956e-06,-1.8070805e-05,0.9916215,1.4731804
189.39343,293.6849,225.6736,24.252392,212.6871,202.078,211.9207,222.77953,-10.6091,9.842697,15.198372,40.074996289887046,26.083806293997164,15.767392047613948,33.37663853655727,58.02665087964639,31.173105086971862,4.7056503,7.6935587,1.717742,5.9758167,0.7771663,0.54741055,2.0,0.0,0.0,3.7161865,0.18954177,0.9818724,-0.22182444,4.2046323,-2.824226e-06,8.547e-06,-6.4957196e-05,1.0525,1.4533244
188.77315,291.5825,225.91718,21.339653,210.52261,202.71672,204.96858,211.33922,-7.805893,2.2518616,10.528912,49.480000000000004,32.01523027980352,13.664572152342657,24.166091947189145,36.77558450186658,23.646683976589806,7.697373,10.709315,4.6854305,6.023885,0.645134,0.6925875,2.0,0.0,0.0,3.6637654,0.30420738,0.95260555,-0.13989434,3.4269462,-2.3305174e-06,9.5238e-06,-5.36019e-05,1.0385064,1.4383742
190.17856,292.1438,239.02628,19.591396,198.12094,215.4594,228.77017,234.80188,17.338455,13.310776,7.0655556,33.30000004191961,13.17596988151415,2.726776942990748,18.867962264113206,22.424361855697832,22.82423289038931,2.50554,1.3873634,3.6237164,-2.236353,0.2487497,0.546175,2.0,0.0,0.0,4.4890056,-0.7967904,0.6042555,0.929842,1.585283,3.2383033e-07,7.0818005e-06,7.4480977e-06,0.91952795,1.3559111
187.80669,293.147,218.95705,20.892195,196.54749,198.27228,206.50607,210.38954,1.7247925,8.233795,10.396525,34.63999999935153,20.84261631760787,8.97445847219379,19.1049731745428,19.938466569185557,23.42337919134037,2.3523674,2.7588558,1.945879,0.81297684,0.42720833,0.13279352,2.0,0.0,0.0,4.083594,-0.62956774,0.77694523,0.7966359,1.7049271,-7.856872e-07,4.3956e-06,-1.8070805e-05,0.9913009,1.4785073
187.93301,297.18213,248.26445,27.719753,193.39919,207.69151,225.9177,237.77979,14.292328,18.226181,14.282793,52.42,23.935647087953086,7.67332566902135,16.15549442140351,14.191714323276713,11.962208954553688,2.1904206,1.9977636,2.3830776,-0.385314,-0.26735318,0.16847372,2.0,0.0,0.0,2.3773432,0.7959145,-0.6054085,0.423027,3.5893202,-4.7778246e-07,1.4285701e-05,-1.0988997e-05,0.9311848,1.4308823
189.44125,294.20642,253.08275,29.455572,248.23178,234.76122,234.69034,241.94731,-13.470566,-0.070877075,23.041636,47.74000000000001,27.458851011688072,5.27146530878886,24.186773244895647,25.75420195771506,28.538997097081097,11.912567,14.44649,9.378643,5.0678473,-0.38965458,0.90798664,1.0,0.0,0.0,3.5488496,0.98826784,-0.15272918,0.22163859,3.1662931,1.2316175e-06,2.74725e-05,2.8327202e-05,1.0573798,1.2532157
191.12256,294.11987,247.46748,25.709694,205.2604,210.98978,218.85933,235.60617,5.72937,7.8695526,12.712635,45.6,29.43082864765003,7.362531073352469,15.620499351813308,19.51979235251085,19.675480172672625,9.30921,11.096156,7.5222645,3.5738916,-0.34276128,0.930766,1.0,0.0,0.0,2.9122953,0.8882233,-0.45941135,0.275144,2.939824,2.144713e-06,2.6495702e-05,4.9328402e-05,0.97284526,1.3940005
192.02397,294.551,238.67668,30.017754,214.80031,199.2934,204.85602,214.32002,-15.506912,5.562622,10.296938,61.7,30.297227651565745,9.522058731776166,12.041594578792296,10.465221640395146,11.21714341163505,2.3407316,2.8507967,1.8306665,1.0201302,0.09083183,0.80775166,2.0,0.0,0.0,2.2629902,-0.99904454,-0.043694712,-0.1120269,2.3287852,-1.8845869e-06,1.4529901e-05,-4.33455e-05,1.0778095,1.4779767
189.43286,292.04135,232.22386,23.89517,206.84357,195.46474,201.03964,219.13065,-11.37883,5.5749054,7.5299716,59.3,30.962332942606565,17.2730707263652,4.242640687119285,6.356482213449176,10.021940420422219,4.2035956,4.46912,3.9380713,0.5310488,-0.19988436,-0.92490053,2.0,0.0,0.0,2.2771308,-0.9692527,0.2460658,0.20343196,2.486886,-2.7180527e-06,1.26984005e-05,-6.251521e-05,1.0582142,1.4940871
200.45758,294.04538,233.9138,20.864477,227.92279,218.07811,216.88959,225.2979,-9.844681,-1.1885223,10.943734,44.88000000000001,30.307028920706966,6.66337913427928,19.849433241279208,26.93659792384591,31.855126719684737,3.4127464,4.968503,1.8569899,3.1115131,-0.29648656,0.014485687,2.0,0.0,0.0,5.815709,-0.05436555,0.99852085,2.257816,6.9906282,1.0351957e-06,1.18437e-05,2.3809502e-05,1.0451429,1.3483489
200.45758,294.04538,233.9138,20.864477,227.92279,218.07811,216.88959,225.2979,-9.844681,-1.1885223,10.943734,,,,,,,3.4127464,4.968503,1.8569899,3.1115131,-0.29648656,0.014485687,2.0,0.0,0.0,5.815709,-0.05436555,0.99852085,2.257816,6.9906282,1.0351957e-06,1.18437e-05,2.3809502e-05,1.0451429,1.3483489
195.93907,292.36182,243.24486,24.42906,201.13936,205.08318,218.0915,235.93202,3.9438171,13.008331,11.128763,31.65970872712432,14.036522011852357,5.3393268830915215,13.892443989449804,14.805698494308935,11.72840457938503,2.4759736,2.1450224,2.8069248,-0.6619024,-0.06774517,0.08085972,3.0,3.0,9.0,1.0868056,0.50770676,0.86152893,-0.425628,3.273118,-4.0399177e-06,5.6166e-06,-9.291811e-05,0.9807697,1.4255768
184.93867,289.8205,217.11961,27.355743,190.33951,192.96524,196.74828,200.98991,2.6257324,3.7830353,16.026346,50.32000000000001,28.13929768358798,7.625,9.848857801796104,10.159014943535412,9.091280801005032,9.106253,11.842371,6.3701344,5.4722366,0.007874861,-0.9586512,2.0,0.0,0.0,2.9897785,0.42668155,0.9044016,0.2927934,2.978281,4.1779435e-06,1.57509e-05,9.609271e-05,0.98639274,1.5019311
192.57132,296.83304,234.66344,22.872747,248.73419,224.74385,224.51399,226.49669,-23.990341,-0.2298584,15.832367,39.040000000000006,26.867458146964857,8.12,19.79898987322333,22.410344736045378,22.46200844709287,6.475429,7.4467278,5.5041304,1.9425974,-0.48379374,-0.8683889,1.0,0.0,0.0,0.9569193,0.19390748,-0.9810187,-0.73216933,3.303029,-2.718052e-06,8.0586005e-06,-6.2515195e-05,1.1067452,1.3207616
183.76053,291.78687,227.47023,28.288359,188.9433,193.92915,205.79527,218.38654,4.985855,11.866119,15.895188,50.50000000000001,32.391986591390264,7.26,11.40175425099138,13.32398108900142,16.331671044624205,6.629173,8.467621,4.7907248,3.676896,-0.33130634,-0.9345699,2.0,0.0,0.0,1.8603226,0.12992822,0.99152285,-0.5077439,1.636559,2.4685435e-06,1.5506701e-05,5.67765e-05,0.9742903,1.5046054
208.5618,293.24054,252.09137,21.369741,219.39046,222.13864,231.65125,243.54294,2.7481842,9.512604,12.403937,51.00000000000001,28.00219552715655,12.240000000000002,6.708203932499369,10.044988550414727,12.541221931940527,3.1952915,2.9736395,3.4169436,-0.44330406,0.7137953,0.049402654,2.0,0.0,0.0,7.5756793,-0.9289758,0.37014008,-0.4891656,2.162138,-4.066461e-06,2.6862e-06,-9.35286e-05,0.9876285,1.320079
195.24066,294.2,262.4365,30.335407,203.96661,210.61996,227.55136,256.50385,6.653351,16.931396,16.343657,,,,,,,7.5306582,10.795535,4.2657814,6.5297537,0.67030466,0.7233414,2.0,0.0,0.0,6.364022,-0.8927326,0.45058635,0.016534664,2.7731771,-7.469335e-06,-1.3431e-06,-0.0001717947,0.9684106,1.3968287
195.24066,294.2,262.4365,30.335407,203.96661,210.61996,227.55136,256.50385,6.653351,16.931396,16.343657,43.02,24.478173688781037,10.256452231265836,19.849433241279208,20.12091441182861,19.15515130233317,7.5306582,10.795535,4.2657814,6.5297537,0.67030466,0.7233414,2.0,0.0,0.0,6.364022,-0.8927326,0.45058635,0.016534664,2.7731771,-7.469335e-06,-1.3431e-06,-0.0001717947,0.9684106,1.3968287
215.43893,294.98,284.36395,13.365448,290.1067,285.83804,286.54718,285.5793,-4.2686462,0.70913696,9.914333,15.725222800741516,9.801763745916011,5.059229541699149,14.035668847618199,25.755992669646766,52.09392985510937,8.8201275,12.333742,5.306514,7.0272284,0.5733876,0.60333747,2.0,1.0,2.0,7.8244753,-0.87603456,0.48224804,0.32976413,2.7219012,-7.2092084e-06,-7.3260003e-07,-0.0001658118,1.0149338,1.031983
209.28369,295.5192,282.2738,19.870516,291.39462,286.43787,281.90195,280.79596,-4.9567566,-4.535919,16.735678,26.720000894746516,14.404294652039114,3.8197657061116246,25.612496949731394,27.062808364686823,36.24270129986265,8.857325,12.503892,5.2107563,7.2931356,0.6089384,0.6146954,2.0,1.0,2.0,7.386894,-0.8742195,0.4855306,0.07617088,1.764749,-7.708227e-06,-2.6862e-06,-0.00017728921,1.0173048,1.0317043
200.77335,294.40408,272.24277,24.953232,286.83163,285.1019,282.53424,276.93402,-1.7297363,-2.5676575,19.763071,23.800000000000004,9.122441781650933,4.58,49.76946855251722,112.61672164400885,101.07740284918472,12.599266,17.57517,7.6233625,9.951808,0.42035276,0.8803408,1.0,1.0,1.0,10.357931,0.9507486,0.30996272,2.3116932,8.554546,-7.2835314e-06,4.3956e-06,-0.00016752123,1.006067,1.0326276
187.12283,294.82166,247.2992,32.15782,204.2556,214.64076,226.94572,237.62444,10.385162,12.304962,22.458096,34.660000000000004,16.43736425645907,6.84237583820356,38.01315561749642,66.16988267438093,48.1973967671248,4.229347,4.9826193,3.4760752,1.5065441,-0.43957755,0.789654,2.0,0.0,0.0,2.9666853,0.6028271,0.79787153,-0.2114206,1.4015441,3.2170697e-06,1.0989001e-05,7.39926e-05,0.95161605,1.3735585
185.33365,290.71497,220.55467,20.556475,200.88173,199.07175,204.6137,214.84254,-1.8099823,5.5419464,8.755326,58.2,25.97282630132485,10.592039734294842,10.04987562112089,13.935163998194477,11.861373619539785,2.6976252,3.5638208,1.8314295,1.7323914,0.33185166,-0.26868522,2.0,0.0,0.0,1.8236555,-0.92042077,-0.3909278,-1.5392088,1.6536511,3.355096e-06,1.1965801e-05,7.7167206e-05,1.0090921,1.4603527
207.79343,294.5195,267.78094,24.310087,245.84676,257.4425,259.32663,266.67896,11.595749,1.8841248,17.248352,25.49459689613121,12.574805532914938,3.720202511703943,32.64965543462902,55.35400138154796,43.26287942678137,7.480682,9.089467,5.8718967,3.2175703,-0.6083598,0.7380102,2.0,0.0,0.0,4.453468,-0.86619455,-0.4997065,-0.0013004859,1.2477161,8.334652e-06,1.5384601e-05,0.000191697,0.9549579,1.1440204
188.04977,292.05774,220.96025,21.736162,229.54726,198.44664,198.75014,205.5557,-31.100616,0.3034973,9.470396,,,,,,,5.6880126,6.6692305,4.7067947,1.9624357,0.022936404,0.91112435,2.0,0.0,0.0,3.9198751,0.9797452,-0.2002467,-2.3243265,0.333294,-5.298078e-06,1.7338201e-05,-0.000121855795,1.1567203,1.4717193
187.0585,292.573,246.10457,28.320719,203.00117,222.90614,234.73756,242.0816,19.904968,11.831421,23.30274,44.779999999999994,29.326490370999714,10.1,19.235384061671343,23.7905572173888,27.866933487287678,10.842459,14.47968,7.2052383,7.2744417,-0.5391817,0.8393452,2.0,0.0,0.0,4.401011,0.009708277,-0.9999527,0.28610522,1.4656391,-3.0790436e-06,3.63858e-05,-7.0818e-05,0.91070247,1.312539
187.14084,284.84372,228.2117,17.277767,207.30058,208.93321,212.27701,220.69574,1.6326294,3.3437958,8.929367,46.440000000000005,30.135031309904154,10.76,25.96150997149434,23.152081056162487,25.764122625463656,11.742417,13.307331,10.177504,3.1298275,-0.50028247,0.8630729,2.0,0.0,0.0,3.6962442,-0.34314805,-0.9392811,-0.77211255,0.25638002,-3.015339e-06,3.4065903e-05,-6.93528e-05,0.9921859,1.3633243
189.25443,283.01135,218.7422,17.90334,196.651,199.47292,201.00175,206.36081,2.8219147,1.5288391,4.1299243,38.56,30.048464022140223,21.36,33.37663853655727,33.569291623702,38.46203577284518,8.369387,9.060092,7.6786804,1.3814116,-0.6106564,0.77684385,2.0,0.0,0.0,2.7136328,-0.646446,-0.7629593,-0.5250217,1.1067071,-4.0876957e-06,3.60195e-05,-9.4017e-05,0.98585314,1.418796
225.42511,290.23584,266.87546,14.7226,271.76572,266.74792,264.75095,265.97794,-5.0177917,-1.9969788,8.57594,24.660000000000004,17.42211373801917,10.16,55.669726084905896,72.76974723927054,86.96815446945358,10.508265,15.590226,5.426304,10.163922,-0.72271514,0.6386316,1.0,0.0,0.0,10.706327,0.7321311,-0.68116355,-1.5665191,1.269081,4.740666e-06,2.61294e-05,0.00010903532,1.018811,1.0880529
182.58803,280.39264,218.36111,19.124197,200.46272,196.83243,201.82356,212.71748,-3.6302948,4.9911346,10.756453,42.88000000000001,27.495964217252396,8.360000000000001,32.64965543462902,30.558919262328715,26.974375454991286,7.719119,7.341053,8.097185,-0.7561321,-0.24151117,0.9201809,2.0,0.0,0.0,3.2307065,-0.14887622,-0.98885554,-1.7719947,0.70504504,-4.9264695e-06,2.10012e-05,-0.0001133088,1.0184436,1.4245247
223.20126,292.57095,268.29758,19.604353,283.55096,278.08182,274.82343,269.1584,-5.4691467,-3.2583923,16.892673,28.4,15.15300603773585,7.0,106.07639309676411,102.8125064500107,97.67723933147805,13.565797,17.982231,9.149363,8.832869,-0.39661163,0.9076519,1.0,0.0,0.0,6.7836194,0.182115,-0.9832771,-0.9723862,0.273472,1.1944568e-06,2.16117e-05,2.7472506e-05,1.0196674,1.0521039
201.97025,278.8816,226.94046,13.451292,208.13411,212.87979,216.7087,223.56276,4.745682,3.8289032,4.541269,37.440000000000005,27.830018521372537,6.998002658512355,47.20169488482379,71.004574457261,69.70632743998735,7.487358,6.8950796,8.079637,-1.184557,0.86531806,0.4708763,1.0,0.0,0.0,5.1605268,0.21975984,0.9755539,0.6821938,2.6706252,1.1042085e-06,1.72161e-05,2.5396797e-05,0.9777072,1.3100426
188.82707,293.71188,227.38498,25.776846,221.23003,200.03885,207.63698,219.5907,-21.191177,7.5981293,16.747152,66.56000000000002,30.57487311745952,11.177490577647301,6.324555320336759,6.817306032420655,7.5523419444815225,3.8482285,6.1076612,1.5887957,4.5188656,-0.85823053,-0.15449134,2.0,0.0,0.0,4.1055655,-0.55572885,0.83136326,1.7218335,5.0506864,5.834256e-06,2.11233e-05,0.0001341879,1.1059353,1.4682742
193.39908,292.69626,264.32916,21.772917,221.49214,235.06337,254.62802,262.79968,13.571228,19.564651,15.371327,27.958772862522693,16.900322489804374,8.982359310290018,51.47760419210422,66.62515937377668,73.4796578015939,5.9298835,6.9362803,4.9234867,2.0127935,-0.22052787,0.9645643,2.0,0.0,0.0,5.3592224,-0.6348365,-0.7726463,0.65822786,2.0211291,-1.8686609e-06,1.69719e-05,-4.29792e-05,0.9422657,1.2451802
199.93616,289.2764,228.29642,15.970463,231.52997,209.11778,211.32394,218.08456,-22.412186,2.2061615,6.671585,48.519999999999996,31.59001764797137,9.014343616768006,16.0312195418814,14.377807740802027,16.960299230770907,6.513007,7.863326,5.1626883,2.7006378,-0.510701,0.7229567,2.0,0.0,0.0,1.5078478,-0.7707365,-0.63715297,-1.1516665,0.952879,-1.1047397e-05,1.11111e-05,-0.00025409012,1.107175,1.3833181
216.82796,291.79633,267.0967,20.724274,257.00943,262.68924,264.9139,268.80246,5.6798096,2.2246704,18.148077,31.539999994037963,18.127176628167035,6.574718640975446,42.42640687119285,50.52571484976752,58.24784240532483,9.522279,11.780187,7.264371,4.5158157,-0.20358908,0.9759307,2.0,0.0,0.0,4.4474216,-0.1051277,-0.9944585,-0.06669597,2.6578062,1.6828566e-06,2.3321101e-05,3.87057e-05,0.97837824,1.1108042
189.38646,281.37558,224.21951,19.81901,208.9813,198.1167,202.5314,212.07297,-10.8645935,4.4147034,6.382536,47.459999999999965,30.187844139361406,5.579907539361587,25.493721625259667,20.559007641045383,16.388968336628835,6.146385,7.1621284,5.130642,2.0314865,-0.67713994,0.56599927,2.0,0.0,0.0,1.1672885,0.59715116,-0.8021277,-1.4439024,0.25210702,-9.369848e-06,1.12332e-05,-0.0002155065,1.0548394,1.4202517
194.06448,293.9344,269.0633,24.763659,290.71286,275.22098,264.4902,265.5908,-15.491882,-10.730774,21.607965,28.199997179529333,17.76016629507652,6.7530855113688,66.09444449365041,70.11394094167602,77.66640110867054,6.5646996,6.812293,6.3171062,0.4951868,-0.6515405,0.7178051,2.0,0.0,0.0,4.9307895,-0.7830859,-0.62191325,0.9225964,2.944097,-5.2821524e-06,1.17216005e-05,-0.0001214895,1.0562888,1.0679941
211.70673,293.85034,263.45053,18.185984,267.93347,263.91577,264.77704,259.617,-4.0177,0.8612671,14.9294815,22.81997818864391,19.870894094650467,15.513515749287508,64.19542827915856,75.64998306125071,97.78466823875888,8.04282,9.343926,6.7417145,2.602212,-0.34239143,0.9300604,2.0,0.0,0.0,4.267251,-0.3601672,-0.9328875,0.20473242,2.0980432,3.238305e-07,2.08791e-05,7.4481018e-06,1.0152234,1.1134247
197.7126,290.5033,250.61542,20.920044,211.2667,220.612,235.25648,239.11873,9.345306,14.644485,10.0766115,42.37999999997041,29.07588153803365,6.397489104423944,21.2602916254693,22.86928716658639,23.851305104141243,5.995501,7.8041925,4.1868095,3.617383,-0.5669489,0.7954231,2.0,0.0,0.0,3.5774076,-0.8503667,-0.52619,-0.17240624,1.4528201,-1.1726909e-05,1.05006e-05,-0.0002697189,0.95763916,1.3168064
189.97601,285.52332,216.98901,17.788483,211.46466,197.69046,199.34364,204.31233,-13.7742,1.653183,8.289335,59.239999999999995,33.6664294815358,7.353092341439906,4.0,9.826492014412835,12.226875134605788,2.4000554,1.656703,3.1434078,-1.4867048,-0.022833139,-0.008800983,2.0,0.0,0.0,1.8314545,-0.8378488,0.5459015,-1.6986104,1.2562621,-1.1997653e-05,3.7851e-06,-0.00027594602,1.0696756,1.4442948
218.24307,292.32117,275.74088,15.167733,288.65402,286.41907,282.15976,276.6488,-2.2349548,-4.259308,12.299353,23.79999808660242,14.660196725564832,8.616248731690284,48.08326112068523,85.91968088979019,87.24257924303964,11.825394,16.851084,6.7997026,10.051381,-0.29419884,0.941362,2.0,0.0,0.0,6.360247,0.3925057,-0.91974944,-0.6736478,0.90587604,3.4188001e-06,1.90476e-05,7.86324e-05,1.0078031,1.0206065
205.15454,292.93414,250.9061,23.573336,212.33675,223.78163,236.6026,242.40312,11.444885,12.820969,15.507697,,,,,,,6.9574537,7.720645,6.1942625,1.5263824,-0.43986604,0.8814466,2.0,0.0,0.0,4.8961873,-0.8202845,-0.57195526,0.5850294,1.9484881,-1.0558995e-05,1.0622701e-05,-0.00024285688,0.9488569,1.3090178
184.29662,281.837,219.75198,26.143196,191.3825,190.82492,191.83662,197.38307,-0.55758667,1.0117035,9.949908,55.2,33.58743747660952,7.156105186633367,14.142135623730951,9.30749867535829,13.016979204582025,4.517761,5.8242083,3.2113142,2.612894,0.42211992,0.028261006,2.0,0.0,0.0,3.1774669,-0.9477957,0.31887734,-1.4405584,-0.273472,-8.971695e-06,1.03785005e-05,-0.000206349,1.0029219,1.4769403
240.1926,291.73376,279.92328,10.092038,286.0326,285.9942,284.71326,282.79553,-0.038391113,-1.2809448,7.565344,13.158960505115923,9.463257052332592,4.162720061216258,90.37134182232009,106.10512805406364,104.793772862561,10.425097,14.622742,6.227453,8.395288,-0.34991238,0.9268644,1.0,1.0,1.0,8.216734,0.69723314,-0.7168442,-0.8962154,1.046885,6.402288e-06,2.0757001e-05,0.00014725262,1.0001342,1.0200688
193.39908,292.69626,264.32916,21.772917,221.49214,235.06337,254.62802,262.79968,13.571228,19.564651,15.371327,27.15999998672489,16.623084735596976,7.1967859595541865,69.39579244213688,73.48140803910177,80.4866115139396,5.9298835,6.9362803,4.9234867,2.0127935,-0.22052787,0.9645643,2.0,0.0,0.0,5.3592224,-0.6348365,-0.7726463,0.65822786,2.0211291,-1.8686609e-06,1.69719e-05,-4.29792e-05,0.9422657,1.2451802
194.40135,290.85553,219.7541,21.964842,204.06578,204.4948,206.9802,210.0198,0.4290161,2.4853973,15.1461525,59.620000000000005,34.20737688129558,5.532213177311799,9.219544457292887,10.802024936646538,14.090602047799715,2.6007237,1.6315231,3.5699244,-1.9384012,-0.41480404,-0.13960356,2.0,0.0,0.0,0.4556293,0.6457006,-0.76358783,-1.9163479,1.0084281,-1.2528522e-05,5.8608002e-06,-0.000288156,0.9979021,1.4223126
190.81221,286.30838,224.71133,20.600477,210.50249,198.278,202.52185,207.98215,-12.224487,4.2438507,5.3640895,,,,,,,6.728744,5.4251585,8.03233,-2.607171,-0.6663586,0.6646458,2.0,0.0,0.0,3.143787,0.65002334,-0.7599138,-1.061376,0.465757,-9.693678e-06,1.08669e-05,-0.00022295461,1.0616533,1.4439745
207.41096,291.24677,252.89417,23.886068,264.50812,258.49863,253.47772,250.93611,-6.009491,-5.0209045,19.012018,43.719999999999956,27.397834676687058,8.868656628635213,31.76476034853718,38.52234586067186,43.619428812589824,12.886726,16.93158,8.841872,8.089707,0.42878646,0.8775015,1.0,0.0,0.0,18.937057,0.89829946,0.43938357,2.6992357,6.477868,-6.673031e-06,1.2332101e-05,-0.0001534797,1.0232477,1.126686
192.63943,294.3104,234.2116,31.690342,215.63316,213.05978,214.80243,227.59004,-2.5733795,1.7426453,22.75691,10.974053364978193,8.285974415923269,6.658142213905679,85.18006223537895,86.35654588613777,93.31354449519371,4.453479,5.3252068,3.5817509,1.7434559,0.77787,0.45957035,2.0,0.0,0.0,3.928443,-0.6516353,0.7585321,0.07709984,2.5766191,-4.0080654e-06,2.3199e-06,-9.21855e-05,1.0120782,1.3813512
200.18414,293.2843,235.03778,21.616676,247.27525,219.47812,214.28676,223.25377,-27.797134,-5.1913605,10.735274,41.65999999999946,29.888279416024027,8.480287963166546,28.460498941515414,35.7051110806199,39.57436750468766,4.625535,6.652445,2.5986252,4.0538197,0.70334363,0.6188151,2.0,0.0,0.0,7.896999,0.4785922,0.8780372,1.9274944,5.486532,-1.4094587e-05,3.6630001e-07,-0.0003241755,1.126651,1.3362803
189.44112,293.7149,231.23727,24.544823,199.85115,209.77869,212.14163,215.5886,9.927536,2.3629456,11.986421,,,,,,,1.5412984,1.2065325,1.8760643,-0.6695318,0.072301894,0.421439,2.0,0.0,0.0,3.3987596,-0.6691431,0.7431332,-0.03325509,2.2988741,-2.7499048e-06,2.1978e-06,-6.324781e-05,0.9526761,1.400118
193.42369,291.3359,227.74553,23.640852,201.81195,205.75566,211.42651,221.6236,3.9437103,5.6708527,11.047399,32.41999999735366,20.042228445317342,7.642102007418062,28.442925306655784,34.113001997610745,42.54263790612272,2.4866552,3.1479855,1.825325,1.3226604,0.50940824,-0.49069554,2.0,0.0,0.0,3.93628,-0.71174324,0.7024394,0.1486261,3.367124,-3.0525e-06,1.7094001e-06,-7.02075e-05,0.98083305,1.4159315
203.67633,291.12506,242.03914,17.035954,264.05154,224.37254,225.50417,234.65614,-39.679,1.1316223,5.8035307,39.62000000000332,27.32710054289798,8.668090102018285,35.77708763999664,36.22673527767633,44.595627850373994,7.7826385,10.895488,4.6697893,6.2256985,0.83285046,0.54361284,1.0,0.0,0.0,11.440152,0.7873946,0.6164492,2.47351,6.896622,-1.3330134e-05,1.4652001e-06,-0.00030659308,1.1768442,1.2975075
199.85544,294.7392,255.50148,24.42123,279.8696,233.55786,220.01773,241.98175,-46.311737,-13.540131,8.721325,39.579999999965956,26.157548159967003,8.314646641533233,30.675723300355934,29.948044566570566,32.41743172507166,2.4231353,3.4802713,1.3659992,2.114272,-0.04176426,0.18500903,2.0,0.0,0.0,5.4898767,-0.54723734,0.8369773,1.2328535,3.730329,-6.4394485e-06,-7.3260003e-07,-0.00014810731,1.1982881,1.2619537
194.39435,291.46945,231.27776,21.027704,214.57173,212.50723,220.69727,225.94942,-2.064499,8.190033,14.184827,39.44999999984225,24.595850227245084,5.460014685105629,33.24154027718932,34.67052618521656,33.76798719548048,2.479216,3.359336,1.5990963,1.7602396,-0.41811988,-0.066087484,2.0,0.0,0.0,4.718084,-0.6841045,0.72938377,0.72473794,4.208905,-5.059187e-06,1.0989e-06,-0.0001163613,1.009715,1.3715743
198.14607,296.36084,234.11827,21.925825,260.04745,215.42526,210.23209,219.16307,-44.622192,-5.1931763,7.357908,42.6200000001163,30.90023382342047,13.633496789188701,17.0,23.657183197139947,26.74503473494776,5.0448036,6.321684,3.7679234,2.5537605,0.9612419,0.22629419,2.0,0.0,0.0,6.0463357,-0.11165021,0.9937474,1.6317286,2.7389932,-1.0580231e-05,-9.768e-07,-0.00024334532,1.2071353,1.3757014
200.38232,291.9646,238.48291,26.903769,213.02295,220.97272,220.64732,237.18007,7.949768,-0.32539368,21.368917,40.35,37.4610463483146,34.46,36.05551275463989,56.45436988187764,69.00173155779125,6.624595,9.084889,4.164301,4.9205885,-0.027962342,0.93422496,2.0,0.0,0.0,4.94591,0.6444472,0.76464856,-0.5055145,1.380179,-3.1852263e-08,6.8376003e-06,-7.326021e-07,0.96402377,1.3212699
193.37389,290.69345,226.43246,19.528912,211.76219,203.74342,213.62325,217.69475,-8.018768,9.879822,10.550516,34.88,27.814486681500174,20.987994398575626,47.01063709417264,52.2044842398239,67.7474929898029,5.3164325,6.681058,3.951807,2.729251,0.5286865,0.8217691,2.0,0.0,0.0,4.794593,-0.4223975,0.90641046,-0.6784781,1.9997641,3.2542303e-06,5.9829003e-06,7.4847296e-05,1.0393572,1.4267623
188.92007,289.2012,220.91814,16.952276,233.74825,204.39685,204.90105,211.5039,-29.351395,0.50419617,8.977753,33.02,29.0227972465582,24.8,35.17101079013795,40.609630271632376,60.067581964717036,4.2192373,4.9948273,3.4436474,1.5511799,-0.22642569,0.91251993,2.0,0.0,0.0,4.967725,-0.5089197,0.86081386,-0.4490366,3.0637412,2.3305176e-06,5.3724e-06,5.3601903e-05,1.1436,1.4149005
185.08946,274.9792,219.48422,15.923757,199.11919,196.58453,208.39424,215.87036,-2.5346527,11.809708,8.201192,55.24000000000001,22.602194692262888,11.077069549398542,2.23606797749979,4.099810573792962,5.564137745044656,5.7686996,8.727804,2.809595,5.918209,-0.7886962,0.10996705,2.0,0.0,0.0,2.512151,-0.19097362,-0.98159474,-0.4258138,3.0466492,-3.1480565e-06,2.3809502e-05,-7.24053e-05,1.0128934,1.3987834
182.89452,283.40533,227.50241,20.8678,190.53587,200.63539,219.57074,229.30772,10.099518,18.935349,8.475981,40.92,20.71729182735389,8.255895459551931,8.602325267042627,10.117416713349488,11.85087446973026,2.174779,2.2964773,2.0530806,0.24339676,-0.007919371,-0.051726274,2.0,0.0,0.0,1.2093592,-0.900401,-0.4350592,-1.9653944,2.140773,-4.788444e-06,2.2588501e-05,-0.00011013421,0.9496623,1.4125391
187.31978,289.0249,225.75636,20.726248,198.488,204.38184,214.11497,223.51352,5.8938293,9.733139,5.9216146,48.580000000000005,20.450809617399326,8.109869486576176,36.40054944640259,36.15235226430094,34.44611916536544,5.717769,3.892292,7.5432463,-3.6509542,-0.39404804,0.5947918,2.0,0.0,0.0,3.5084002,0.20981416,-0.977741,-0.22535431,4.802852,-2.6862e-06,2.22222e-05,-6.17826e-05,0.9711627,1.4141418
184.75732,283.18158,212.19504,17.252962,207.79512,194.70403,197.91226,208.01837,-13.091095,3.2082367,5.6240892,,,,,,,6.690785,5.983675,7.397895,-1.4142199,-0.3099246,-0.9469941,2.0,0.0,0.0,3.796169,-0.720326,0.69363534,-1.2079586,0.82041603,7.0446386e-06,1.62393e-05,0.00016202668,1.0672358,1.4544208
202.09494,291.62302,247.01341,27.21604,261.62158,256.99963,242.55586,241.29637,-4.6219482,-14.443771,23.877815,44.61999999999985,32.984174798946654,15.178258666378161,25.495097567963924,34.22105202968364,37.54862973755066,15.547879,19.45215,11.643608,7.8085423,0.1385813,0.974967,1.0,0.0,0.0,7.9326143,0.94319177,0.33224848,0.51536095,3.909795,4.4911567e-06,1.24542e-05,0.0001032966,1.0179843,1.1347215
188.58582,282.7395,212.06993,12.178385,238.3446,206.24649,199.7153,203.23416,-32.098114,-6.531189,3.3620687,60.86,42.18440041706555,8.769237110415887,25.0,26.705574725821155,27.740371407293342,3.289332,3.3704004,3.2082634,0.16213703,-0.28046557,0.91680783,2.0,0.0,0.0,1.8705465,-0.6526165,0.75768775,-0.6890677,0.730683,3.7001607e-06,1.6605602e-05,8.51037e-05,1.1556299,1.3708816
202.77325,288.29346,225.49588,14.272498,276.75638,226.28786,212.82468,214.86806,-50.46852,-13.463181,5.226507,,,,,,,6.953258,5.1970224,8.709494,-3.5124712,0.14494592,0.98873615,2.0,0.0,0.0,2.3586266,-0.06521355,0.997871,-0.42507058,2.3971531,-2.2296517e-06,1.07448e-05,-5.128199e-05,1.223028,1.2740121
195.81345,286.73758,220.173,13.303011,265.4383,214.07048,205.98595,209.16447,-51.367813,-8.084534,4.467391,59.480000000000004,41.861721402778606,9.74348156486251,23.345235059857504,24.298814635217322,26.340953954006658,2.5261402,1.5876503,3.4646301,-1.8769798,-0.34197158,-0.08493912,2.0,0.0,0.0,2.551883,-0.7481739,0.6635021,-0.38642785,1.448547,1.0935913e-06,1.26984005e-05,2.51526e-05,1.2399575,1.339454
202.41046,291.62323,247.15405,27.373943,260.81287,254.80031,244.5351,241.58852,-6.012558,-10.265213,24.182093,43.06,35.161177674082644,28.099452894771606,29.0,37.31889001237479,38.63340864017059,15.547879,19.45215,11.643608,7.8085423,0.1385813,0.974967,1.0,0.0,0.0,7.9326143,0.94319177,0.33224848,0.51536095,3.909795,4.4911567e-06,1.24542e-05,0.0001032966,1.0235971,1.1445168
183.87598,281.31104,204.76794,13.2156925,215.28534,188.89546,189.9927,194.03273,-26.389877,1.0972443,4.127159,,,,,,,5.280952,4.4492817,6.1126223,-1.6633406,0.5385101,-0.7661358,2.0,0.0,0.0,4.09769,-0.80793643,0.5892693,-1.4258816,0.68795305,5.7174652e-06,1.75824e-05,0.0001315017,1.1397063,1.4892418
194.20076,279.65585,218.85297,16.744852,246.22621,204.51778,202.7009,205.6042,-41.708435,-1.8168793,6.303444,61.05999999999999,42.18065860148429,11.636558791227534,12.806248474865697,21.38088932945857,24.72179945352809,2.7746878,3.494769,2.0546064,1.4401627,-0.3072086,-0.83602226,2.0,0.0,0.0,1.1825496,0.108391784,0.9941074,-0.9595671,0.53412503,4.1726353e-06,1.72161e-05,9.597061e-05,1.2039355,1.3673915
192.01387,270.06088,209.20789,13.115123,202.39427,200.19768,197.48312,198.15828,-2.1965942,-2.7145538,3.685901,52.1,41.921474489395095,28.099166516942272,31.144823004794873,35.12304110760429,42.49975969666348,2.0910397,1.699048,2.4830313,-0.78398323,0.0030117035,0.521681,2.0,0.0,0.0,1.8446215,0.008603251,0.99996245,-1.4465035,0.64095,6.025369e-06,2.02686e-05,0.00013858349,1.0109721,1.3489711
199.55812,293.0453,262.2524,23.050821,290.6249,284.97922,275.63037,262.19235,-5.645691,-9.348846,18.13874,40.85,30.090845366829946,14.847637882456123,47.853944456021594,51.23306801435704,47.95598169422259,16.93959,21.258171,12.621011,8.63716,0.21268156,0.96336055,1.0,0.0,0.0,7.1490335,0.9932954,0.11560272,-1.6815182,1.5340071,7.1295794e-06,1.37973e-05,0.00016398032,1.0198109,1.0283041
190.86044,281.0436,211.50427,11.930856,223.3155,201.02878,196.80786,201.48479,-22.286728,-4.2209167,2.5720143,64.64000000000001,43.46955108575041,15.284448389652383,19.6468827043885,18.04790468473732,19.868592689313164,2.5511289,3.4249544,1.6773033,1.7476511,-0.28905404,0.38910133,2.0,0.0,0.0,1.2080375,0.106104866,0.9943541,-0.9359728,0.542671,4.8786915e-06,1.8681301e-05,0.000112209906,1.1108633,1.3980267
203.32864,288.7004,225.82095,14.282669,276.92926,226.48622,213.21053,215.20111,-50.44304,-13.275696,5.2923985,61.34000000000001,41.70418855465274,12.061538358229967,19.313207915827967,21.64094264856778,24.416466982460694,6.953258,5.1970224,8.709494,-3.5124712,0.14494592,0.98873615,2.0,0.0,0.0,2.3586266,-0.06521355,0.997871,-0.42507058,2.3971531,-2.2296517e-06,1.07448e-05,-5.128199e-05,1.2227201,1.274693
183.03189,271.36435,206.57156,14.982592,202.31181,192.23997,193.43587,199.96034,-10.071838,1.1958923,6.2903986,64.2,41.8996385488166,15.578997264823533,7.0710678118654755,7.900163557697552,14.153109196185307,2.921565,1.332427,4.510703,-3.178276,0.65133536,-0.25176823,2.0,0.0,0.0,2.792979,-0.72904605,0.68446416,-1.3428369,0.055549003,6.619943e-06,1.96581e-05,0.0001522587,1.052392,1.4115916
224.19377,295.1638,274.3271,19.638231,288.10587,281.66507,276.91415,273.3734,-6.440796,-4.7509155,17.183361,26.99940351826519,16.568778401228684,8.164813326735526,63.50397000564675,78.94492545342058,96.32354102012933,15.706584,20.285728,11.1274395,9.158289,-0.052642733,0.97420526,1.0,0.0,0.0,9.383301,0.9778176,-0.209458,-1.1566826,0.52985203,1.0850973e-05,1.97802e-05,0.0002495724,1.0228668,1.0479248
209.9649,294.09247,275.52023,20.529377,291.89206,288.2359,284.32062,278.2995,-3.6561584,-3.9152832,15.699662,28.199998569531818,16.746941178753122,5.6662814233980585,48.05205510693585,45.83584920429481,44.730555374594466,13.938332,22.19323,5.6834345,16.509796,-0.52837765,0.8401098,2.0,1.0,2.0,7.116631,0.37085822,-0.92868936,-1.1782334,0.465757,2.4366914e-06,1.30647e-05,5.60439e-05,1.0126846,1.0203186
195.48538,293.60703,262.8212,30.670206,251.18823,255.77872,255.41959,254.51878,4.5904846,-0.35913086,26.460688,24.57416812676889,20.915378654161835,17.830897438245195,41.773197148410844,40.06006841219299,43.98190917633559,15.447546,18.956964,11.9381275,7.018837,-0.6129627,0.78100157,2.0,1.0,2.0,5.4562483,0.17451274,-0.98465466,1.7229482,6.576147,-3.4665784e-06,1.18437e-05,-7.9731304e-05,0.9820529,1.1478946
219.64694,294.1153,266.82407,21.024168,240.87355,246.46288,259.78622,266.84393,5.589325,13.323349,14.832126,29.35999862441766,17.73632674543875,6.127035232122865,25.079872407968907,20.254118326672305,25.570367797590364,9.441782,14.877966,4.005597,10.872369,-0.060860544,0.930706,2.0,1.0,2.0,5.892267,0.6173913,-0.786656,-1.9111458,1.179348,5.29277e-06,1.4163601e-05,0.000121733705,0.97732186,1.1933452
213.57718,293.92264,273.1656,20.34484,290.8701,285.54083,279.7396,274.89648,-5.329254,-5.801239,16.438335,29.039999015119378,19.401326915923487,6.703982796079562,42.05948168962618,38.40281156876628,36.66976340885488,13.358452,19.918344,6.79856,13.119784,-0.43205196,0.86599874,2.0,1.0,2.0,6.1752486,0.24137256,-0.97043234,1.0812548,4.3328223,-8.7062614e-07,1.24542e-05,-2.0024401e-05,1.0186638,1.0293541
213.57718,293.92264,273.1656,20.34484,290.8701,285.54083,279.7396,274.89648,-5.329254,-5.801239,16.438335,34.14,21.20752296126244,6.987412450315392,33.24154027718932,43.73992569362447,46.02083163925051,13.358452,19.918344,6.79856,13.119784,-0.43205196,0.86599874,2.0,1.0,2.0,6.1752486,0.24137256,-0.97043234,1.0812548,4.3328223,-8.7062614e-07,1.24542e-05,-2.0024401e-05,1.0186638,1.0293541
210.14243,293.7342,266.75058,26.042973,269.71387,258.9155,255.88934,257.71344,-10.79837,-3.0261536,21.653017,38.47999999911931,25.66076677801225,11.989074973400974,19.0,20.24566343384928,22.790631734542927,11.749857,14.026076,9.473637,4.5524397,-0.6847802,0.71458054,2.0,0.0,0.0,4.716834,0.2619127,-0.9650914,1.9559195,6.1018443,-2.670274e-06,1.9291801e-05,-6.14163e-05,1.0417062,1.134479
180.39392,291.55463,230.91017,28.073875,207.07751,219.98668,221.92732,226.76212,12.909164,1.9406433,20.054562,25.8,11.617647337344028,2.54,24.331050121192877,60.90498280886046,34.52670017202298,1.7038169,2.234293,1.1733408,1.0609522,0.2195872,-0.25714704,2.0,0.0,0.0,2.2339692,-0.98961854,0.14371601,-0.59431857,1.200713,9.502566e-07,1.7338201e-05,2.1855902e-05,0.94131845,1.3253286
193.16565,295.2272,236.15942,20.204344,230.30891,213.27666,217.41023,224.85014,-17.032257,4.1335754,8.299234,54.040000000000006,28.574914699771924,12.251490773403756,22.20360331117452,18.372733621607566,15.611632855514609,3.6084566,2.7523708,4.4645424,-1.7121716,0.72323585,0.21495011,2.0,0.0,0.0,3.1678522,-0.5984573,0.8011544,-0.59636223,1.145164,-3.0684264e-06,6.8376003e-06,-7.0573806e-05,1.07986,1.3842453
187.15265,293.10196,240.086,30.513012,270.34753,239.2846,235.471,237.10773,-31.062927,-3.813614,22.313532,29.839999693028336,19.67540252036195,8.719753356676796,22.847319317591726,25.997487714448983,28.006869735719874,7.052066,9.259997,4.8441343,4.415863,0.60361046,-0.35144725,2.0,0.0,0.0,0.5967108,0.66283756,0.748761,-0.0033440695,2.4270642,8.8655224e-07,6.4713004e-06,2.0390702e-05,1.1298158,1.2249094
191.96971,294.74344,267.38724,27.406254,211.3131,227.77254,235.1879,257.42044,16.459442,7.4153595,8.873327,19.362028372182248,13.126010301684145,8.293645944774083,49.01020301937138,69.33806276344491,81.5953842272648,3.2536612,3.3677292,3.1395931,0.22813606,-0.7099643,0.2135948,2.0,1.0,2.0,5.444833,-0.97887194,-0.20447347,-0.2446757,2.619349,-2.3517525e-06,3.7851e-06,-5.4090306e-05,0.92773736,1.2940253
189.3695,292.86835,246.19135,25.533932,250.06953,235.4879,231.98935,235.16263,-14.5816345,-3.4985504,16.62325,,,,,,,4.5725064,6.286586,2.858427,3.4281588,-0.44992706,0.09369123,2.0,1.0,2.0,5.197821,-0.99720705,-0.07468484,0.12373124,4.0337124,-1.0192696e-06,6.8376003e-06,-2.34432e-05,1.061921,1.2436662
194.80713,292.10538,235.49771,23.840164,232.2437,233.02545,236.76741,235.01048,0.78175354,3.7419586,16.194166,30.83999863687388,17.58097982135152,5.180616396408395,29.427877939124322,32.943331862280324,27.51750434518574,7.5058603,9.894051,5.11767,4.7763805,0.6409782,-0.16202316,2.0,0.0,0.0,1.3554839,-0.3503335,0.9366243,0.3310646,2.320239,8.812435e-07,9.645901e-06,2.02686e-05,0.9966452,1.2535342
184.37799,292.16492,232.70084,24.54311,199.08672,208.09016,223.1805,236.58606,9.0034485,15.090332,13.488164,35.15999996296447,13.46718077050844,5.484782836299333,15.132745950421556,14.371630004021405,26.183516415771233,4.853672,7.7961817,1.9111624,5.8850193,-0.3721432,-0.11933771,3.0,3.0,9.0,2.0239098,0.99341106,0.11460115,-0.5201914,2.1194081,1.8898957e-06,1.3431e-05,4.34676e-05,0.9567329,1.4040304
185.906,293.67142,240.30655,31.15726,200.77646,205.73186,210.85933,230.7174,4.9553986,5.127472,16.105036,33.87999993393179,9.987223674338932,3.1090990582527427,14.317821063276353,49.72409529131767,39.56001762765895,3.5336823,5.0493813,2.0179834,3.0313978,0.29129985,0.16348308,2.0,0.0,0.0,4.5302434,-0.9991826,0.04042001,0.22423962,3.1833851,-7.1136526e-07,5.7387e-06,-1.63614e-05,0.9759133,1.4274474
214.30672,293.368,258.79572,16.130428,232.76837,240.77814,246.62749,252.33693,8.009766,5.84935,7.6056256,27.940037654069194,13.639496809084983,5.334267676532673,18.202784526251566,19.835837275812064,20.337657837564215,4.309272,5.4717026,3.146841,2.3248615,0.8142016,-0.2897016,2.0,0.0,0.0,2.8899443,-0.98675644,-0.16220655,-1.3539838,2.7731771,-1.1307524e-06,7.0818005e-06,-2.6007305e-05,0.9667338,1.2184163
194.44696,294.55112,269.99686,22.071402,263.27078,268.3106,266.71225,267.04773,5.0398254,-1.5983582,16.117264,20.607891128235128,9.166560912033555,0.7435447449441016,33.28663395418648,101.26830832235792,82.95357222278503,5.7231107,5.063879,6.3823423,-1.3184633,0.37018976,0.8668181,2.0,1.0,2.0,1.7283515,-0.68158776,0.73173565,-0.08118704,4.508015,1.3218653e-06,8.1807e-06,3.0402902e-05,0.98121643,1.097799
187.93301,280.43243,205.81874,12.372374,193.75131,194.34315,198.23819,201.32378,0.59184265,3.8950348,6.729572,52.0,30.891750005733254,9.20491459099313,15.524174696260024,30.326866365972116,19.354274748173392,2.5778341,3.2410717,1.9145966,1.3264751,0.43559054,-0.035634115,2.0,0.0,0.0,3.6305506,0.004707412,0.9999887,0.22442538,2.529616,1.3537174e-06,1.56288e-05,3.11355e-05,0.9969547,1.4429756
199.96689,295.44473,270.47476,25.469437,291.52084,287.68143,280.89954,276.35733,-3.8394165,-6.781891,18.326431,19.18885187648641,7.892410187191627,3.085062458247379,99.48996556856949,156.8265312847656,141.10296353127254,9.381505,13.033795,5.7292147,7.3045807,0.5487287,0.82806,2.0,1.0,2.0,6.083465,0.77537674,0.6314986,0.7780576,8.225525,-7.2729136e-07,5.0061003e-06,-1.6727701e-05,1.0133461,1.0269858
183.62195,296.5856,234.42503,30.03134,196.9866,201.46025,207.10332,212.88728,4.473648,5.6430664,9.494487,47.96000000000001,24.792683564966747,9.925988165361991,11.180339887498949,10.101726760766924,12.635200336164921,2.630671,3.394434,1.8669081,1.5275259,-0.6125546,-0.5501604,2.0,0.0,0.0,6.864908,-0.8852111,0.46518925,0.837508,2.927005,-7.9630445e-06,9.768e-07,-0.00018315003,0.9777939,1.4721793
188.96414,290.6415,226.99376,24.883457,230.56207,221.06224,213.52097,219.4744,-9.499832,-7.541275,16.455517,34.25999999104427,19.410843194032232,4.567707107270363,42.43819034784589,47.91724245438515,44.30275444783044,3.1825113,4.7228174,1.6422052,3.0806122,-0.035833552,-0.8865425,2.0,0.0,0.0,2.9726565,-0.9855829,0.16919172,-1.6239258,1.2477161,7.6073616e-06,1.91697e-05,0.00017496932,1.0429735,1.3147497
186.91505,290.2805,221.44104,22.445107,205.6653,206.83917,205.01645,216.56805,1.1738739,-1.8227234,16.1271,36.999999997130665,24.343909504233636,7.229697271653777,31.304951684997057,40.493114891668206,39.778767118679994,3.6210456,5.2721767,1.9699144,3.3022623,0.1951445,-0.66472316,2.0,0.0,0.0,3.6434176,-0.83965087,0.5431261,-0.7771288,1.0511581,5.913887e-06,2.0634901e-05,0.0001360194,0.9943247,1.4034116
194.7943,280.9773,238.86342,17.873713,228.80716,231.53165,237.70323,238.71664,2.7244873,6.171585,8.046142,29.68003725978544,25.077710305516632,19.847237222773984,43.01162633521314,94.11074469080502,87.4429923999956,5.319293,5.588442,5.050144,0.53829765,0.8235494,-0.47467428,2.0,0.0,0.0,4.7199993,-0.90004456,0.43579742,0.16516069,1.6408321,4.714122e-06,1.47741e-05,0.00010842481,0.9882328,1.2135589
188.79004,283.6253,222.28687,11.294218,228.40286,216.4269,216.3661,216.7936,-11.975967,-0.060791016,4.571648,55.47999999998452,27.289876331180416,11.812179958075248,14.866068747318506,70.93600191387176,47.58640958426268,5.452818,4.8212442,6.0843916,-1.2631474,0.9029735,-0.21829025,2.0,0.0,0.0,4.9629555,-0.88869816,0.45849243,-0.31285796,0.752048,4.268192e-06,1.4896201e-05,9.8168406e-05,1.0553349,1.3104901
188.79004,283.6253,222.28687,11.294218,228.40286,216.4269,216.3661,216.7936,-11.975967,-0.060791016,4.571648,,,,,,,5.452818,4.8212442,6.0843916,-1.2631474,0.9029735,-0.21829025,2.0,0.0,0.0,4.9629555,-0.88869816,0.45849243,-0.31285796,0.752048,4.268192e-06,1.4896201e-05,9.8168406e-05,1.0553349,1.3104901
190.98422,293.40353,237.85939,26.056442,216.6262,209.38777,210.78757,219.2572,-7.238434,1.3997955,8.117639,42.14,29.357066764457407,9.197463807122384,21.587033144922902,26.381604312303686,27.759920136000627,2.0765433,1.4167395,2.7363472,-1.3196077,-0.012262315,-0.036105573,2.0,0.0,0.0,5.9080906,-0.85934675,0.51139295,-0.68460894,2.2347791,-3.6099127e-07,7.8144e-06,-8.302799e-06,1.0345695,1.4012449
198.11661,289.79697,236.26877,20.871637,227.70522,213.64441,215.55093,224.77426,-14.060806,1.9065247,11.067337,43.94,31.298144852718703,7.019311025222919,22.80350850198276,35.31978774787884,42.61620622366115,3.163436,4.606841,1.7200308,2.8868103,0.2331385,0.939746,2.0,0.0,0.0,3.0632825,-0.4515122,0.8922646,0.1476972,1.7305651,-3.944361e-06,2.0757002e-06,-9.072031e-05,1.065814,1.3564453
195.58188,293.307,228.5079,19.380758,249.44247,218.04088,209.28636,213.73251,-31.401596,-8.754517,8.351649,46.46,35.70324141784824,8.749357623445885,21.95449840010015,30.092160978977514,32.81111993317332,5.236125,8.152502,2.319748,5.832754,0.51400363,0.82150316,2.0,0.0,0.0,3.963153,-0.80794936,0.5892516,0.20343198,4.7259383,-4.889309e-06,1.5873001e-06,-0.0001124541,1.144017,1.3451928
211.91872,290.54483,240.68167,17.983286,221.78107,229.1598,234.59868,236.31483,7.3787384,5.4388733,10.5399685,,,,,,,8.868387,10.266776,7.4699984,2.7967777,0.7485095,0.59872127,1.0,0.0,0.0,20.579565,0.612642,0.7903604,3.050922,6.1616664,-5.669688e-06,1.20879e-05,-0.00013040283,0.9678009,1.26787
193.49847,290.9932,230.4322,17.005054,244.29697,218.84126,221.44528,227.08382,-25.455704,2.6040192,11.010741,47.74,34.022905252790345,5.834235395653373,32.984845004941285,37.652301671551626,36.50811332076671,6.6791496,9.788756,3.569543,6.2192135,0.15509772,0.97677153,2.0,0.0,0.0,3.6040711,-0.5649751,0.8251076,0.40036157,2.794542,-4.215104e-06,2.5641002e-06,-9.69474e-05,1.1163204,1.3296999
203.55026,294.484,230.75725,16.575962,213.53786,220.03528,231.1877,227.28813,6.4974213,11.15242,6.4582243,,,,,,,4.567929,6.4395676,2.69629,3.7432775,0.85577446,0.4207167,2.0,0.0,0.0,14.168382,0.45251313,0.8917576,2.510852,4.649024,-1.0182078e-05,9.2796e-06,-0.00023418778,0.970471,1.3383491
195.32945,287.98233,222.92917,16.499304,259.54752,224.04799,208.4514,215.8389,-35.499527,-15.596588,9.70294,52.040000000000006,37.10222612538072,8.077093027318579,30.265491900843113,29.723787437360215,34.74738992672275,5.421916,8.583216,2.2606163,6.3225994,0.08302705,0.96511394,2.0,0.0,0.0,3.3809779,-0.7820648,0.62319666,0.15865836,4.512288,-5.091039e-06,7.3260003e-07,-0.0001170939,1.1584461,1.28536
198.16974,292.89023,227.6267,18.570997,248.34985,216.7836,208.696,214.11449,-31.566254,-8.087601,8.043679,,,,,,,5.236125,8.152502,2.319748,5.832754,0.51400363,0.82150316,2.0,0.0,0.0,3.963153,-0.80794936,0.5892516,0.20343198,4.7259383,-4.889309e-06,1.5873001e-06,-0.0001124541,1.1456118,1.3510718
189.02115,293.66876,249.57408,29.794706,198.91792,209.28018,235.12949,246.24683,10.362259,25.849304,21.18239,38.28000000000001,19.292514460005272,9.52186953221043,32.802438933713454,34.607512884620675,33.01014213743466,8.638724,12.432551,4.8448973,7.587654,-0.97852206,0.1397402,2.0,0.0,0.0,6.1965175,-0.9964553,0.08412147,-1.1494371,1.405817,-2.2986655e-06,6.2271e-06,-5.2869305e-05,0.9504862,1.4032326
198.95355,293.33115,252.9554,23.313501,242.52129,241.18509,240.15028,245.71169,-1.3361969,-1.0348053,18.06974,34.21999999999999,16.558846383147856,9.7,49.57822102496216,55.80037665508253,51.63767194957233,9.611549,12.331072,6.892026,5.439046,-0.6575135,0.739203,2.0,0.0,0.0,4.0972533,-0.9841072,0.17757428,-0.21290688,1.7775681,-8.34527e-06,7.3260003e-06,-0.0001919412,1.0055401,1.2162076
189.4985,258.37753,210.83916,10.210014,195.08473,201.28024,209.30914,210.6433,6.195511,8.0289,2.9274304,59.3,32.38426863572433,7.959999999999999,8.54400374531753,9.781164542448641,10.797692070053396,3.8520432,4.4458485,3.2582378,1.1876106,-0.005752489,-0.18142346,2.0,0.0,0.0,5.4774866,0.48896974,0.87230057,0.0072455094,4.99941,-2.8401516e-06,1.17216005e-05,-6.532349e-05,0.9692195,1.2836707
188.0688,290.6709,235.1567,23.113928,219.67696,238.8326,238.05894,227.34454,19.15564,-0.7736511,14.421813,,,,,,,5.888682,5.754775,6.0225887,-0.26781368,0.76156646,0.6023277,1.0,0.0,0.0,7.7654376,0.7104003,0.70379776,0.11629992,2.9312782,-6.471301e-06,1.1355301e-05,-0.00014883991,0.9197947,1.2170486
187.59862,291.76807,223.9075,23.453793,193.73337,196.50975,205.19965,214.61407,2.7763824,8.689896,10.980775,43.16000000000001,22.04057295578706,8.192027915885465,16.401219466856727,10.053364481203477,11.048614189517693,5.073989,5.7280703,4.4199076,1.3081627,-0.6422807,-0.731347,0.0,3.0,0.0,5.523932,-0.9814295,0.19182186,-0.48730785,2.3800611,1.3430998e-06,9.2796e-06,3.0891297e-05,0.98587155,1.4847511
194.97029,289.84525,234.81535,20.26982,239.87857,205.64648,218.35703,230.17337,-34.232086,12.710541,11.0327425,55.760000000000005,30.06552587859425,12.9,7.211102550927978,8.650619309670233,13.185578581872855,1.2378159,1.8238001,0.6518316,1.1719685,0.54337764,-0.07164286,2.0,0.0,0.0,3.5479965,-0.6988008,0.715316,-0.352987,3.6662343,-3.1852085e-08,1.01343e-05,-7.32598e-07,1.1664609,1.4094344
192.57532,292.51892,242.75145,26.582037,220.92636,208.19174,226.00351,237.64604,-12.734619,17.811768,18.549202,55.14,28.91385900213623,10.372054681260261,13.038404810405298,12.14042483525114,13.306137935675569,4.57079,6.0126696,3.12891,2.8837595,-0.1792902,0.9408041,2.0,0.0,0.0,2.5136561,-0.68816185,0.7255567,0.023594437,3.9482522,3.928437e-07,7.8144e-06,9.035405e-06,1.0611677,1.4050457
187.20331,283.93753,226.45544,19.681023,201.84541,198.47253,209.3281,218.24385,-3.372879,10.85556,7.426775,47.36,25.907024807075512,8.383029172592268,3.605551275463989,7.479462799390739,11.241293753088728,3.5294857,3.809888,3.2490835,0.56080437,-0.2554485,-0.8755146,2.0,0.0,0.0,4.906344,-0.9312976,0.36425853,-0.20659024,2.4783401,1.3802634e-07,1.0012201e-05,3.1746058e-06,1.0169942,1.4306138
188.9486,290.86508,227.78671,22.30802,206.36783,200.68898,205.59143,213.80229,-5.6788483,4.9024506,7.633863,,,,,,,3.279985,3.663392,2.8965778,0.76681423,-0.19907877,-0.92630124,2.0,0.0,0.0,4.3655295,-0.8559592,0.517043,-0.40221938,3.371397,2.0173056e-07,1.1355301e-05,4.6398027e-06,1.0282967,1.4493326
196.92259,294.27823,259.06702,27.293335,278.24347,264.5099,252.9856,251.5982,-13.733582,-11.524292,23.922316,38.34,26.20252965598336,5.660367644893986,27.202941017470888,32.93835627674669,38.589684628933185,9.074397,12.11438,6.0344143,6.0799656,0.17375623,0.9835348,2.0,0.0,0.0,1.3042804,-0.56438154,0.82551324,-0.61549777,4.1704483,-2.1765663e-07,7.0818005e-06,-5.0061026e-06,1.0519209,1.1125416
207.49634,293.324,258.62955,22.631199,239.78499,247.18155,248.8496,254.81558,7.3965607,1.668045,19.42572,27.119999999999997,15.59789947643979,5.180000000000001,49.64876634922564,49.52067241261351,53.07777634201537,7.8776317,6.7981777,8.957086,-2.158908,0.5195849,0.74201536,2.0,0.0,0.0,1.2173883,0.27074537,0.9626502,0.20027366,2.046767,1.619152e-06,2.11233e-05,3.7240497e-05,0.9700764,1.1866744
201.88579,293.53366,243.6141,22.971233,245.78426,226.19263,224.06606,228.0768,-19.591629,-2.1265717,10.619917,30.140000000000004,20.499335463258788,7.4,42.941821107167776,61.13333359544852,57.78328692116144,7.8011417,7.2590303,8.343253,-1.0842228,0.26383117,0.8394191,2.0,0.0,0.0,0.6922471,0.25041094,0.9681381,0.3617188,1.88012,5.1494334e-07,2.30769e-05,1.18436965e-05,1.0866148,1.2977154
204.62566,291.4682,265.19855,22.551178,243.17159,256.90784,264.15308,262.5326,13.736252,7.2452393,17.59643,21.91975203882921,15.853483252544773,4.57816103737172,32.01562118716424,44.760580521571754,44.54498930132286,3.887714,6.387684,1.387744,4.99994,-0.71493053,-0.20897289,2.0,0.0,0.0,1.977192,-0.96996015,0.24326178,-0.7583646,1.1408911,2.3942216e-06,9.5238e-06,5.50671e-05,0.94653237,1.1345243
199.38895,296.47754,273.83472,29.834848,291.65237,287.39017,278.2638,272.18906,-4.262207,-9.126373,24.639091,27.160093000204363,12.66083998222332,3.8593146619690515,45.34313619501854,32.35475039751785,18.805473832181335,18.394632,27.39956,9.389707,18.009853,0.04662561,0.9967375,2.0,1.0,2.0,7.5272217,0.9931781,0.11660599,0.8226454,7.4948425,-1.6085348e-06,3.1746001e-06,-3.69963e-05,1.0148307,1.0316204
217.49834,291.9923,268.1449,16.16826,288.91028,280.66693,276.2547,271.39685,-8.243347,-4.4122314,9.130428,,,,,,,16.03353,18.090195,13.976863,4.113332,-0.3624438,0.8962676,1.0,0.0,0.0,7.1692877,0.9567748,-0.29082957,-2.4175892,2.77745,4.135474e-06,4.0293e-05,9.51159e-05,1.0293705,1.0403516
197.99652,289.23938,242.32196,22.45214,209.66199,227.24611,235.1939,239.15369,17.584122,7.9477844,16.93479,40.26,28.81574365585561,13.540000000000001,25.80697580112788,25.769666830358563,31.226708010223355,13.322972,14.16456,12.481384,1.683176,-0.30661005,0.91794527,1.0,0.0,0.0,4.156623,0.69838977,-0.7157173,-1.3662454,2.939824,4.5177007e-06,4.0659303e-05,0.000103907114,0.9226208,1.2728024
180.96124,288.56607,222.8794,23.320425,203.8732,196.04306,197.77046,205.8529,-7.830139,1.7274017,10.782585,69.04,28.90075787008293,12.615356264415055,12.041594578792296,10.300830509934979,10.354582523774575,6.7407618,5.4098988,8.071625,-2.661726,0.00680531,0.9982616,1.0,0.0,0.0,3.8028584,0.9970524,0.07672102,-0.39200136,1.6237401,-4.416835e-06,1.69719e-05,-0.000101587204,1.039941,1.4719524
183.67468,292.9522,222.93355,22.837704,217.49638,194.56477,200.1814,207.21646,-22.93161,5.616623,9.49665,69.62,29.202424467000277,10.500511941769597,20.0,19.694599521526985,16.012296847636783,6.822594,4.616761,9.028427,-4.411666,-0.36547154,0.91826534,2.0,0.0,0.0,3.7410722,0.98871964,0.14977634,-0.5116453,1.200713,-4.1620174e-06,1.51404e-05,-9.57264e-05,1.117861,1.5056796
197.35771,280.40314,227.11436,13.77714,212.00366,212.6555,220.55199,221.71259,0.6518402,7.8964844,4.7127476,,,,,,,11.199734,11.513137,10.886332,0.6268053,-0.39875248,0.8423898,2.0,0.0,0.0,7.518993,0.63562185,0.77200043,2.2015238,6.28131,2.7180522e-06,1.75824e-05,6.25152e-05,0.9969348,1.3185793
205.8243,290.77893,266.11102,20.393524,282.7145,279.06726,273.84598,271.0355,-3.6472473,-5.221283,15.464032,40.6,18.598138614616477,8.160882010478378,47.38143096192854,53.41396266788747,66.67388714123973,18.175652,19.791687,16.559618,3.232069,0.11744405,0.98614705,1.0,0.0,0.0,12.917628,0.7724646,0.63505775,1.8940539,7.52048,5.213139e-06,1.77045e-05,0.0001199022,1.0130694,1.0419672
218.57599,293.70105,270.9755,22.213522,234.78188,236.86002,250.85788,259.84534,2.0781403,13.997864,9.577479,,,,,,,3.3705916,4.614854,2.1263294,2.4885244,-0.36348096,-0.77894485,2.0,0.0,0.0,6.4835224,-0.15608823,0.98774296,-0.74294466,0.670861,-2.9304001e-06,6.9597004e-06,-6.73992e-05,0.9912263,1.2399774
229.20187,290.13068,280.68674,10.795655,281.1952,276.73056,274.52386,276.60367,-4.46463,-2.2066956,6.169302,25.819801287723998,12.926669113900088,3.4422813185355863,45.89117562233506,50.277235650341446,50.55947773101266,6.1971245,10.750136,1.6441126,9.106024,-0.8053211,0.22261429,3.0,3.0,9.0,7.4751654,0.96743304,0.25312647,0.81818664,1.7348381,-1.3500015e-05,-8.0586005e-06,-0.00031050033,1.0161335,1.0484229
207.37257,293.38263,266.6781,23.982092,221.81425,233.1699,242.60309,258.00238,11.355652,9.433182,9.833349,26.859997601242714,12.270755664637417,1.4231316242461733,24.166091947189145,64.05096652541175,55.29042219668272,3.7396922,5.255392,2.2239923,3.0313997,-0.90862405,0.19383131,2.0,0.0,0.0,2.8769174,-0.783305,-0.6216369,-3.1635065,-0.41020802,8.414282e-06,2.1367501e-05,0.0001935285,0.95129883,1.2582353
213.25006,293.4691,267.90543,23.76699,238.38734,243.82411,254.2201,265.49033,5.4367676,10.395981,14.05527,23.159465869158847,13.962043991168057,5.482209124833536,17.0,21.132746648269144,22.919265318956143,3.6405025,5.467124,1.8138809,3.653243,-0.8106392,0.07186288,2.0,0.0,0.0,3.0460355,-0.9694547,-0.24526922,-4.0513616,-0.96997106,7.920575e-06,2.11233e-05,0.00018217321,0.9777021,1.2036098
213.82758,291.68597,272.4023,22.23647,254.18272,240.87823,245.65555,264.76358,-13.304489,4.777313,10.014734,,,,,,,4.9278746,8.1822605,1.6734886,6.508772,-0.84696424,-0.52217245,2.0,1.0,2.0,3.9656732,-0.98566884,0.16869037,-3.6502566,-0.025638001,6.046605e-06,1.9291801e-05,0.00013907191,1.0552332,1.210927
213.82758,291.68597,272.4023,22.23647,254.18272,240.87823,245.65555,264.76358,-13.304489,4.777313,10.014734,24.379996307190122,16.032536082753715,10.685180701700395,26.90724809414742,29.28658842226906,31.19700876399711,4.9278746,8.1822605,1.6734886,6.508772,-0.84696424,-0.52217245,2.0,1.0,2.0,3.9656732,-0.98566884,0.16869037,-3.6502566,-0.025638001,6.046605e-06,1.9291801e-05,0.00013907191,1.0552332,1.210927
218.55415,292.99393,268.53214,20.122337,272.80667,253.24614,251.81267,260.26013,-19.560532,-1.4334717,9.172296,36.96000000209033,21.869324943190698,11.28822419105627,16.278820596099706,21.003820056750186,22.596899681370864,3.2399268,5.373275,1.1065788,4.266696,-0.94712234,-0.116898745,3.0,3.0,9.0,6.2172136,0.49126768,0.8710085,0.63481927,3.025284,-9.1681195e-06,-6.4713004e-06,-0.00021086674,1.0772392,1.1569532
222.80428,290.97882,279.32486,13.287522,265.54645,260.4207,267.10138,279.43283,-5.125763,6.6806946,1.7365284,24.080261166940964,15.40337975069881,8.722150623809338,32.0624390837628,33.95074914323061,35.04996507291235,5.4280205,9.318748,1.5372925,7.781456,-0.76362604,0.22612801,3.0,3.0,9.0,6.622205,0.89424264,0.44758216,0.7938491,1.5981021,-1.2815192e-05,-8.0586005e-06,-0.00029474942,1.0196826,1.1173414
213.08719,292.82394,276.24646,17.864239,269.4916,243.55972,255.67287,273.08673,-25.931885,12.113144,4.0425572,22.978977383362295,10.415515613634366,2.740433530740618,45.35416188179427,44.949627191327394,44.64269723854339,4.6703615,6.243477,3.0972462,3.1462307,-0.8150077,0.17802033,2.0,0.0,0.0,3.4400053,-0.34493226,-0.9386273,-2.5985415,-0.589674,7.193283e-06,2.0024401e-05,0.00016544551,1.1064703,1.2022675
189.37378,294.94473,245.38078,31.69154,201.14159,226.28381,239.64207,244.66719,25.142227,13.358261,24.95431,34.599999995104795,15.260551887947505,7.239659056702029,7.280109889280518,10.165297830925867,11.78813471641966,5.958878,10.37207,1.5456858,8.826385,-0.31559768,-0.7611446,2.0,0.0,0.0,4.843073,-0.9933723,-0.11493982,0.7340271,2.77745,-1.1095174e-06,2.9304001e-06,-2.55189e-05,0.88889074,1.3034283
198.54416,287.48987,234.77928,22.868666,221.28546,229.38393,221.0122,218.45457,8.098465,-8.371719,13.924133,42.980000000000004,30.453347640941292,10.168451133178602,29.427877939124322,28.917616016282242,30.908720273914657,2.196525,2.2732067,2.1198435,0.15336323,-0.21767549,-0.117905974,2.0,0.0,0.0,4.4696035,-0.67242783,0.7401623,-0.28926355,1.175075,-1.3484087e-06,4.884e-06,-3.10134e-05,0.96469474,1.2533131
190.10872,281.6759,222.8996,13.936342,214.10123,205.92981,209.6387,214.94229,-8.171417,3.7088928,5.3253355,30.77917267032227,23.175957911113564,15.189157485719546,32.69556544854363,37.55622657807955,36.09570186704627,2.5887065,2.9721136,2.2052994,0.76681423,-0.6285411,0.09576306,2.0,0.0,0.0,4.412666,-0.78789,0.6158157,-1.0106574,1.6451051,3.8222615e-07,4.0293003e-06,8.791201e-06,1.0396806,1.3678248
213.11948,295.2115,277.68887,21.779547,267.8537,269.44672,274.78186,274.4553,1.5930176,5.335144,16.571884,24.238988748650748,13.500859133970753,7.880144209416159,9.219544457292887,11.802274025430195,14.595047580070236,11.867359,15.977448,7.757269,8.22018,0.15351756,0.9758643,1.0,1.0,1.0,8.458044,0.9978979,-0.0648042,-1.1133952,0.658042,-1.2475437e-06,2.442e-06,-2.8693503e-05,0.9940878,1.095621
206.4704,288.85413,243.1596,23.19167,233.99458,229.93872,235.50737,237.91167,-4.0558624,5.5686493,14.086912,50.86000000000001,28.453703306527213,5.164334036849731,23.259406699226016,23.227934637348085,28.61305648528275,12.0106125,15.974016,8.047209,7.9268074,0.8287659,0.45879862,1.0,1.0,1.0,18.79635,0.75116676,0.6601123,1.5111557,3.038103,5.7758616e-06,1.4896201e-05,0.00013284481,1.0176389,1.2562222
206.4704,288.85413,243.1596,23.19167,233.99458,229.93872,235.50737,237.91167,-4.0558624,5.5686493,14.086912,36.079999999743784,21.50598382435484,5.134802827761514,35.38361202590826,47.90040419476479,63.94241325760667,12.0106125,15.974016,8.047209,7.9268074,0.8287659,0.45879862,1.0,1.0,1.0,18.79635,0.75116676,0.6601123,1.5111557,3.038103,5.7758616e-06,1.4896201e-05,0.00013284481,1.0176389,1.2562222
192.73323,286.5911,228.47371,22.426231,198.85254,209.40176,212.2272,218.81613,10.549225,2.8254395,14.222467,30.899999950012393,23.710226465184462,17.098588226599738,44.94441010848846,75.59590099348489,60.09687339653954,4.605697,5.4877253,3.723669,1.7640562,0.15198812,0.9211111,2.0,0.0,0.0,5.4780703,0.3852956,0.9227931,2.0959992,4.7558494,-5.797096e-06,8.669101e-06,-0.0001333332,0.9496221,1.3686184
194.01752,281.3869,223.75917,14.132002,206.07706,217.86993,212.44098,215.08325,11.792877,-5.428955,3.1466212,63.960000000000015,27.047661393344423,10.602555349897747,12.041594578792296,108.1393820858095,47.83010298654728,4.4698825,6.634513,2.305252,4.329261,-0.8963487,0.216259,2.0,0.0,0.0,3.4501083,0.039628893,0.99921423,0.42562795,1.4271821,-2.5322481e-06,1.17216005e-05,-5.8241705e-05,0.94587195,1.2915362
190.09906,293.35953,230.25916,26.114483,212.19867,211.75096,217.41792,221.05798,-0.44770813,5.6669617,18.04392,34.459999999999994,23.955807483608904,9.808610437414032,72.87516646164013,70.88500802173719,71.88501199801998,4.60379,4.379468,4.8281116,-0.44864368,-0.988076,0.0851023,2.0,0.0,0.0,2.8705328,-0.019562392,0.9998083,-0.785489,1.6451051,5.276844e-06,1.9413901e-05,0.00012136741,1.0021143,1.3853987
187.56064,293.1916,235.67148,32.060783,203.50307,213.66496,232.9018,242.41234,10.161896,19.236832,27.808372,,,,,,,7.79313,12.108276,3.4779835,8.630293,-0.86665094,-0.46425152,2.0,0.0,0.0,1.3679482,-0.9727097,-0.23202252,-2.1991088,0.662315,7.1667396e-06,1.85592e-05,0.00016483502,0.95244,1.3722025
196.8297,292.96036,232.00592,23.57751,202.6068,209.60545,213.27396,221.04648,6.998657,3.6685028,12.556988,,,,,,,14.631136,14.000897,15.2613735,-1.2604761,0.7677847,0.58227575,1.0,1.0,1.0,15.588516,0.6498234,0.76008517,4.8205023,11.703748,-3.928436e-06,1.2332101e-05,-9.035403e-05,0.9666103,1.3976753
194.27737,296.84705,248.46468,29.679405,205.74194,205.91647,216.19592,227.23248,0.17453003,10.279449,10.418864,71.20000000000002,27.69124317965314,5.729903177425259,6.324555320336759,5.659872011920385,5.634221132729032,4.233735,6.1000338,2.3674364,3.7325974,-0.8917196,-0.27511024,2.0,0.0,0.0,6.227494,-0.9534698,-0.3014878,1.0883145,2.324512,-2.3517525e-06,6.1050005e-06,-5.4090306e-05,0.9991524,1.4415896
194.01752,281.3869,223.75917,14.132002,206.07706,217.86993,212.44098,215.08325,11.792877,-5.428955,3.1466212,,,,,,,4.4698825,6.634513,2.305252,4.329261,-0.8963487,0.216259,2.0,0.0,0.0,3.4501083,0.039628893,0.99921423,0.42562795,1.4271821,-2.5322481e-06,1.17216005e-05,-5.8241705e-05,0.94587195,1.2915362
204.46503,293.89276,259.38235,21.769154,210.56947,227.93799,237.86072,250.68115,17.368515,9.9227295,8.667907,30.999998829715672,9.65995398313656,3.7333287038451415,11.180339887498949,11.809894911666545,12.110378637135382,3.5271964,3.2349672,3.8194256,-0.58445835,-0.10899022,-0.98010767,0.0,3.0,0.0,2.8611364,-0.9058119,0.4236793,0.6851663,1.8331171,2.1022433e-06,5.7387e-06,4.8351598e-05,0.9238016,1.289354
207.61925,291.75345,239.58592,20.219885,229.75081,242.81474,241.3672,234.39227,13.063934,-1.4475403,10.75457,35.67999999993036,25.143616266082894,7.813583182043227,29.0,43.47993123526306,45.77062437717244,6.5248337,5.574708,7.4749594,-1.9002514,0.94267637,0.19598208,1.0,0.0,0.0,7.141259,-0.031453554,0.9995051,2.282711,5.2173333,4.0027567e-06,9.645901e-06,9.2063405e-05,0.9461979,1.2015475
195.90291,287.18246,226.26547,21.070614,243.75781,205.3943,207.29282,218.28496,-38.36351,1.8985138,13.957442,55.2,31.98187637530201,12.814108711692185,10.770329614269007,14.582393484092316,16.08810418639022,3.7843275,5.0512896,2.5173655,2.533924,0.103162296,0.95879835,2.0,0.0,0.0,4.8892813,-0.38999826,0.92081535,0.29799533,2.204868,1.8421175e-06,8.4249e-06,4.23687e-05,1.1867799,1.3982008
202.9564,291.19708,244.61269,23.488573,237.45866,240.51186,242.83011,238.16145,3.0531921,2.3182526,18.82708,44.39999999999996,29.47987972043955,10.377234961461845,11.704699910719626,14.900420611483133,20.37322588077005,5.5979786,7.6054316,3.5905256,4.014906,0.20603153,0.8726635,2.0,0.0,0.0,5.329368,-0.12392193,0.99229175,1.1860362,4.217451,3.1002783e-06,9.8901e-06,7.13064e-05,0.98730546,1.210739
196.17053,288.6412,226.62549,21.40767,244.44553,205.6161,207.0877,218.52254,-38.829422,1.4716034,14.15624,55.620000000000005,33.6842355831312,10.954752210960404,19.1049731745428,16.32953818591161,17.50503097023382,3.7843275,5.0512896,2.5173655,2.533924,0.103162296,0.95879835,2.0,0.0,0.0,4.8892813,-0.38999826,0.92081535,0.29799533,2.204868,1.8421175e-06,8.4249e-06,4.23687e-05,1.1888443,1.4037869
213.55557,292.07037,257.82785,16.395472,274.7067,265.6856,259.24896,254.4755,-9.021088,-6.4366455,10.585924,30.149999788396318,17.16176394284949,4.636572476234554,48.79549159502341,46.05527922596608,42.894659567009235,7.230799,7.8766785,6.58492,1.2917585,0.9785173,-0.1331365,1.0,0.0,0.0,8.671607,-0.042795755,0.99908376,2.9420538,5.9992924,4.124857e-06,1.2332101e-05,9.4871706e-05,1.033954,1.0993083
191.80179,290.66025,227.71986,18.923384,219.7568,210.73332,219.29996,229.03143,-9.023483,8.566635,10.545701,44.43999999999994,31.00281074225262,9.41263453691121,13.0,17.43879643879285,19.663515217671957,3.9552398,5.5548697,2.35561,3.1992598,-0.4418677,0.65519047,2.0,0.0,0.0,4.530895,-0.6875801,0.7261083,-0.0813728,0.89733005,2.5906436e-06,8.4249e-06,5.9584803e-05,1.0428195,1.37928
191.03221,295.4263,231.48576,29.979113,204.1032,201.731,211.07465,222.65599,-2.3721924,9.343643,21.813353,66.14000000000001,29.844934409181903,14.190095152960591,5.656854249492381,6.292774984360788,7.261265111434306,4.648807,6.3850136,2.9126005,3.472413,-0.11166042,0.56361353,2.0,0.0,0.0,5.2689753,-0.8604833,0.5094784,-0.43956167,0.564036,-2.3464436e-06,3.5409003e-06,-5.39682e-05,1.0117592,1.4644566
194.0549,279.30182,227.44276,13.360331,222.56459,214.84085,222.63837,223.22804,-7.7237396,7.797516,4.8241134,49.2,34.98163955891222,5.966807574497876,16.278820596099706,18.439039606910928,24.981984650720026,4.852528,7.0316563,2.6734,4.3582563,0.08240489,0.9376966,2.0,0.0,0.0,1.3742115,-0.77817446,0.62804717,0.37936807,2.811634,-1.8049566e-06,7.0818005e-06,-4.1514002e-05,1.035951,1.3000406
187.5089,291.7526,225.32199,18.4515,198.30147,201.82953,210.26929,219.67625,3.528061,8.439758,4.718041,48.58,30.528714941643926,7.530601076342267,14.035668847618199,14.758537037390088,15.945344102792665,6.727218,9.153939,4.300497,4.853442,0.17469394,0.7766219,2.0,0.0,0.0,2.8585668,-0.95360166,0.30106995,-1.54181,0.136736,-4.124857e-06,2.5641002e-06,-9.4871706e-05,0.9825196,1.4455397
191.59077,281.8181,220.78915,15.130292,208.7742,208.48471,208.19019,212.52132,-0.28948975,-0.29452515,7.561473,50.559999999999995,36.64453979177496,6.168780458719499,30.675723300355934,26.698943745078928,29.11428993369955,4.22496,5.625065,2.8248549,2.80021,-0.3394497,0.61546236,2.0,0.0,0.0,2.0358684,-0.9965701,0.0827477,-1.1695015,0.324748,-3.838187e-06,4.884e-06,-8.827829e-05,1.0013885,1.3517448
198.99094,292.42432,238.80688,22.971476,231.84827,231.8483,230.98659,228.83961,3.0517578e-05,-0.8617096,14.248015,42.140000000000306,32.232061795514284,8.937199907137217,15.620499351813308,38.88950482235102,46.46580786446395,5.995502,8.57139,3.4196138,5.1517763,0.024350487,0.9678896,2.0,0.0,0.0,2.4471803,-0.087296866,0.99618196,1.3290888,4.537926,-4.1938674e-07,8.0586005e-06,-9.645895e-06,0.9999999,1.2612743
188.1001,287.91116,226.23769,17.360495,198.47578,204.37407,217.28236,218.3078,5.898285,12.908295,7.160817,52.660000000000004,34.150334400964844,7.343156954354074,14.142135623730951,13.95699383831367,20.533889599258632,5.5134764,7.91521,3.111743,4.803467,0.17717716,0.8292171,2.0,0.0,0.0,2.5913463,-0.9855141,0.16959132,-1.4587651,-0.141009,-3.4347258e-06,3.7851e-06,-7.8998695e-05,0.9711398,1.408746
190.87943,294.41238,235.03043,23.846312,199.38358,201.93558,209.95958,221.05359,2.552002,8.024002,7.3667574,47.980000000000004,27.70253505431965,10.937201020449077,16.0,14.958573570267246,17.19643423901827,5.9321723,9.492711,2.3716335,7.1210775,-0.0077160895,0.3049576,2.0,0.0,0.0,3.142371,-0.9191447,0.39391917,-1.1525954,0.35893202,-4.4539956e-06,8.5470003e-07,-0.0001024419,0.9873623,1.457952
187.2178,290.59702,219.41208,16.993935,203.68147,199.15935,202.82837,207.53651,-4.5221252,3.6690216,4.1470437,49.7,31.898287020917646,7.271784247741247,10.295630140987,14.964801122542728,18.042201460915695,3.9399796,6.62078,1.2591791,5.361601,0.041437745,0.62433803,2.0,0.0,0.0,2.3922594,-0.9486319,0.3163807,-1.4385147,-0.465757,-4.321279e-06,2.1978e-06,-9.9389414e-05,1.022706,1.4591181
200.85075,292.5759,236.00137,16.916477,247.79076,227.49033,231.15071,233.25064,-20.30043,3.6603851,9.421957,45.560000000000045,30.681699065588816,9.268060532166256,48.54220409197961,49.249203723868604,50.52756262282208,5.273895,5.7387524,4.809037,0.92971516,0.6099224,0.7375779,2.0,0.0,0.0,3.621317,0.08393816,0.9964707,1.5434821,4.610567,2.548174e-07,9.8901e-06,5.8608002e-06,1.0892365,1.2861025
216.82544,292.62634,263.4518,19.686197,267.58884,263.90155,261.91013,262.93185,-3.6872864,-1.9914246,16.93637,,,,,,,15.356558,21.152115,9.561,11.591115,0.9357119,0.34184667,1.0,0.0,0.0,10.213219,0.14080217,0.9900377,-1.4091613,2.2176871,1.2793955e-06,1.12332e-05,2.9426097e-05,1.0139722,1.1088467
224.40228,287.34122,263.6389,17.114164,275.23734,269.43094,264.01782,263.58087,-5.8063965,-5.4131165,14.953721,,,,,,,11.976467,19.33274,4.6201935,14.712547,0.91767615,0.3692026,0.0,3.0,0.0,10.06148,0.5407637,0.8411744,-0.10533874,2.700536,2.983487e-06,1.31868e-05,6.8620204e-05,1.0215505,1.0664744
188.9513,293.8524,235.49002,26.643179,195.21509,200.767,205.89052,227.86723,5.5519104,5.12352,7.219079,45.86,22.95387863514357,6.625699491518759,13.416407864998739,14.218806668890709,15.8150778163512,4.148469,3.9071703,4.3897676,-0.48259735,-0.36454725,0.041199833,2.0,0.0,0.0,5.00625,-0.9112494,0.41185445,0.5183335,2.6065302,-9.3433056e-07,8.302801e-06,-2.1489603e-05,0.9723465,1.4636488
194.47256,294.4897,243.49066,23.094234,256.70517,238.84776,231.39899,229.23303,-17.857407,-7.4487762,15.790387,39.35999999996562,29.116164317222758,8.959480477490846,48.30113870293329,48.148038408037465,61.22177989055924,6.4214463,8.639679,4.2032137,4.4364653,0.45826882,0.8515319,2.0,0.0,0.0,5.1376348,0.14517929,0.98940516,2.3874924,8.819472,-1.8580471e-07,9.4017005e-06,-4.2735082e-06,1.0747648,1.2329597
185.50883,294.81055,230.16878,17.635818,199.02379,210.07823,217.91666,221.45856,11.054443,7.8384247,4.7466455,54.92,25.465874454470622,13.767661423816682,7.0710678118654755,7.706371006898829,8.372581318968344,5.585008,7.732853,3.4371634,4.2956896,0.024632454,0.7266,2.0,0.0,0.0,3.8877583,-0.8572155,0.5149573,-1.0277494,-0.047003,-4.013374e-06,4.884e-07,-9.23076e-05,0.9473794,1.403337
190.76044,290.51892,222.87032,17.032799,223.49583,207.74132,206.24599,218.36621,-15.754517,-1.4953308,9.777818,51.019999999999996,35.06396532825062,5.5793618268760765,23.769728648009426,24.827519246901893,28.807068729558804,6.814773,9.561381,4.068165,5.4932165,-0.044062078,0.9372364,2.0,0.0,0.0,1.5792873,-0.9778131,0.20947616,0.19637223,1.4528201,-3.3179347e-06,6.5934e-06,-7.63125e-05,1.0758371,1.3984648
194.09653,294.66827,232.52039,29.176094,222.85558,201.46124,205.64919,211.76157,-21.394333,4.1879425,15.161449,33.199999789461714,18.591655401439045,10.741135335202038,15.033296378372908,33.44728608607404,33.85642743894265,3.9251013,4.324913,3.5252895,0.7996235,-0.20632248,0.11943111,2.0,0.0,0.0,5.22435,-0.8862928,0.4631248,0.18838358,2.3458772,-1.7306347e-06,5.8608002e-06,-3.98046e-05,1.1061958,1.462655
221.04051,293.34302,267.76086,21.54276,276.03424,272.7723,267.25067,265.48666,-3.2619324,-5.521637,18.836674,36.25999997785997,22.36341281635095,11.437579850514506,68.37338590175153,93.7769103862987,106.01399340834216,15.405199,19.755825,11.054574,8.701251,0.9169029,0.35727286,1.0,0.0,0.0,10.604356,0.3300427,0.94396585,0.22312492,3.11929,2.2933566e-06,1.2332101e-05,5.27472e-05,1.0119585,1.0754135
191.18558,295.19293,231.81522,27.631084,195.70868,201.95511,213.48132,227.30571,6.2464294,11.526215,19.371326,51.260000000000005,25.489938650104136,10.214294409449677,8.94427190999916,7.304338151715307,8.190385987627268,6.271517,9.039108,3.5039253,5.535183,0.08900827,0.7012142,2.0,0.0,0.0,4.8026457,-0.88226837,0.4707465,-0.5504739,1.269081,-3.3232434e-06,2.3199e-06,-7.64346e-05,0.9690702,1.461676
194.39378,295.7991,245.92746,27.972628,205.57712,213.84018,232.61066,237.08098,8.263062,18.770477,18.660946,33.300000169231296,12.47256000129647,3.7233683844312973,17.0,21.95195258813668,24.342805584052847,5.1863403,7.3536415,3.0190392,4.3346024,-0.9151833,-0.2861559,3.0,3.0,9.0,3.9993865,-0.91142946,0.41145575,0.014119475,2.277509,-4.7618996e-06,-1.7094001e-06,-0.000109523695,0.9613587,1.3832718
192.03792,295.71008,253.0652,30.228624,219.14548,242.32303,245.3017,247.08398,23.177551,2.9786682,23.896343,34.55999997298304,16.38828538080527,7.519494925614761,12.649110640673518,47.14306966520154,26.833545075095568,8.924468,14.559795,3.2891407,11.270655,-0.8350558,-0.51608276,2.0,0.0,0.0,3.7244089,-0.9865879,0.1632295,0.05629212,2.354423,-6.8694526e-06,-7.3260003e-07,-0.0001579974,0.90435266,1.2203135
192.17116,295.19006,250.07503,32.93163,201.06499,224.09525,243.85155,244.58664,23.030258,19.756302,25.614656,28.499994233171073,13.490754825950868,4.087310861156783,20.0,24.226971879294062,26.42692489877515,5.63651,6.5811033,4.6919165,1.8891869,-0.78730416,0.43674582,2.0,0.0,0.0,4.028779,-0.87811536,0.47844866,0.41113696,1.6322861,-4.5442434e-06,-2.442e-07,-0.000104517596,0.89723,1.3172526
196.97958,291.82178,243.09282,23.30907,241.34174,237.5563,237.79054,239.85545,-3.785431,0.23423767,19.510773,51.839999999999996,13.752649523809525,2.28,34.058772731852805,83.61404602701639,83.35868718129964,6.0510097,7.1880703,4.913949,2.2741213,0.7934345,0.069544256,2.0,0.0,0.0,3.114209,-0.90393704,0.4276649,0.54898775,3.3927622,4.193869e-07,1.36752005e-05,9.645899e-06,1.0159348,1.228432
186.51498,293.68457,235.07164,25.215132,225.11913,225.14801,235.33871,232.11516,0.028884888,10.190704,16.545107,29.660593894117124,8.87942470793021,0.9422555906160335,43.01162633521314,139.03192979654628,136.22039016704156,7.766043,10.177505,5.354582,4.8229227,-0.7367455,-0.5430273,3.0,3.0,9.0,3.4415212,-0.6455763,-0.7636954,0.74888974,3.371397,-1.958909e-06,3.1013402e-05,-4.5054905e-05,0.99987173,1.3044066
175.81113,289.03134,208.52902,23.917896,192.16852,189.592,188.49338,194.47093,-2.5765228,-1.0986176,14.792807,50.680000000000014,18.6914191540268,8.242670485430542,22.47220505424423,38.68501327136092,26.960265460077075,3.502781,5.895549,1.110013,4.785536,-0.856526,-0.26524436,2.0,0.0,0.0,1.8886703,-0.78725904,-0.6166217,-0.23835912,2.5424352,1.3590261e-06,3.77289e-05,3.12576e-05,1.0135899,1.5244913
181.37454,288.8826,223.63113,21.823738,202.74626,202.25714,204.1966,206.63152,-0.48912048,1.9394531,6.508626,,,,,,,10.310648,12.614907,8.006388,4.6085196,-0.33984506,0.74902636,2.0,0.0,0.0,9.358262,0.89838314,-0.4392124,0.22739792,4.3670063,7.3206916e-06,4.23687e-05,0.0001683759,1.0024183,1.4282937
186.37674,269.9482,215.01442,13.9828205,201.48047,195.775,198.43564,206.0058,-5.705475,2.6606445,3.8473694,69.86,30.004279463099415,8.87071918934892,13.0,12.461938126334964,8.333501415741546,5.7858677,6.696699,4.8750362,1.8216629,-0.10006565,0.08941203,2.0,0.0,0.0,5.6953516,0.6110875,-0.7915629,1.0065703,2.9654622,7.617978e-06,3.9194103e-05,0.0001752135,1.029143,1.3788698
176.8935,279.24905,202.25677,14.4465065,190.7696,188.69489,191.10522,194.96916,-2.0747223,2.4103394,6.58474,59.480000000000004,27.370869138245798,12.01558614286171,14.560219778561036,14.753350142526276,13.798446130894575,5.8396587,8.506916,3.1724014,5.3345146,0.41182083,-0.5573288,3.0,3.0,9.0,3.5446699,-0.14498828,-0.98943317,0.6013783,3.2474802,5.9032704e-06,3.9194103e-05,0.00013577522,1.0109951,1.4798973
181.37454,288.8826,223.63113,21.823738,202.74626,202.25714,204.1966,206.63152,-0.48912048,1.9394531,6.508626,,,,,,,10.310648,12.614907,8.006388,4.6085196,-0.33984506,0.74902636,2.0,0.0,0.0,9.358262,0.89838314,-0.4392124,0.22739792,4.3670063,7.3206916e-06,4.23687e-05,0.0001683759,1.0024183,1.4282937
197.36676,291.01712,233.82782,20.626774,204.29074,213.62616,218.51701,224.99289,9.335419,4.890854,11.952225,51.10000000000001,31.155072084252016,8.907735120477094,14.0,41.539685296186626,22.594527760402325,8.544495,10.467064,6.6219254,3.8451385,0.660775,0.7441664,2.0,0.0,0.0,8.060109,0.059219196,0.9982448,2.621021,4.99941,4.459305e-07,1.1355301e-05,1.0256402e-05,0.9563002,1.3622729
192.66342,289.971,226.86595,17.12602,229.36305,203.34494,205.99121,218.00854,-26.018112,2.6462708,4.22326,34.725,27.882514427040395,21.85,31.064449134018133,51.37073577192821,60.04454044676634,4.529779,6.7936,2.2659578,4.5276423,0.045898452,0.93393666,2.0,0.0,0.0,4.087347,-0.055850454,0.99843895,1.386124,5.29852,-7.432161e-08,8.669101e-06,-1.7093971e-06,1.1279507,1.4260055
203.60239,294.88217,258.9594,26.02512,228.6385,240.97,248.18239,251.6904,12.331497,7.212387,16.90842,12.24,6.556495668651867,3.0999999999999996,103.96261182335253,105.33285197546593,96.39154109775488,5.9447618,7.2014217,4.688102,2.51332,0.045120277,0.8118283,2.0,0.0,0.0,3.7138908,0.81845886,0.5745647,-1.6980531,0.78195906,-2.1871829e-06,5.7387e-06,-5.0305207e-05,0.9488256,1.2237298
186.97641,294.07022,232.2641,29.560442,195.36787,195.0595,202.42174,208.80176,-0.30838013,7.3622437,9.421087,74.46,26.21736328161361,10.032507735771613,2.23606797749979,3.389035905821078,3.859024691249938,3.06253,3.9258642,2.1991959,1.7266684,0.57118344,0.6322468,2.0,0.0,0.0,6.050935,-0.86266446,-0.50577635,-0.7996083,1.5169151,2.059774e-06,1.2332101e-05,4.7374804e-05,1.001581,1.5075924
189.36746,295.5551,232.18553,27.630045,197.79727,196.38643,207.18196,220.42694,-1.4108429,10.795532,12.93406,69.66,23.74231309904154,9.76,11.661903789690601,10.492451395336424,8.186990244319762,4.139504,5.1310225,3.1479855,1.983037,0.7194128,0.5440986,2.0,0.0,0.0,4.7084036,-0.90485376,-0.42572203,-0.5036567,1.012701,-2.2668132e-06,8.9133e-06,-5.2136704e-05,1.007184,1.5049671
188.5088,294.1597,258.55676,29.669529,228.43057,235.82338,250.76364,256.2815,7.392807,14.940262,23.769875,15.74,10.77823163507109,5.450000000000001,71.95231479704827,122.75163352548641,117.20570105975986,5.5844355,7.517687,3.651184,3.8665028,0.79111195,-0.20936057,2.0,0.0,0.0,3.9085484,-0.92823935,0.37198284,-2.2325497,1.081069,-1.1572955e-06,7.5702e-06,-2.6617796e-05,0.96865106,1.2473729
187.92772,295.49506,246.15819,31.362644,197.73007,199.56676,213.67827,233.60445,1.8366852,14.111511,14.601171,64.68,20.79099348534202,7.239999999999999,5.830951894845301,5.517971907381378,7.324914221622254,2.0467854,2.938923,1.1546478,1.784275,0.02714312,0.7144282,3.0,3.0,9.0,4.6162763,-0.99060977,-0.1367179,-0.54601514,1.6792891,-4.1248563e-06,6.7155e-06,-9.487169e-05,0.9907966,1.4806827
188.22708,288.0695,248.11465,26.2054,257.9891,254.94469,257.5308,256.65195,-3.0444183,2.5861053,19.496641,25.34,14.053137380191693,5.92,33.28663395418648,69.1335415442346,67.79667264140815,6.018391,7.5474434,4.489339,3.0581045,0.8130909,-0.042140424,2.0,0.0,0.0,3.4960952,-0.9801347,0.19833152,-1.1888229,0.38457,-2.983487e-06,9.035401e-06,-6.8620204e-05,1.0119414,1.1299294
199.9404,291.8487,255.29678,22.864014,232.74791,240.42546,241.28387,245.9817,7.6775513,0.8584137,15.214497,26.830908055277416,7.920096240298212,1.8800218359444711,40.80441152620633,85.42048051409029,84.55649329868216,5.205034,6.8119116,3.598156,3.2137556,-0.41404414,-0.7592028,2.0,0.0,0.0,3.5856104,-0.83616483,0.5484778,0.08824677,1.8245711,-3.4400346e-06,7.3260003e-06,-7.912079e-05,0.9680668,1.2138844
200.41325,293.0796,254.62984,22.476408,208.31088,219.31436,237.33804,254.20576,11.003479,18.023682,7.467557,32.01999988888058,15.1189215711952,4.3994851701757165,9.433981132056603,8.245429373215904,8.74340863669166,3.4903817,3.9514246,3.0293388,0.92208576,-0.21092638,-0.7277651,3.0,3.0,9.0,3.5194108,-0.77835816,0.62782013,0.32976416,2.995373,-3.1427483e-06,5.2503e-06,-7.228321e-05,0.94982785,1.3363447
201.5953,291.26065,255.4633,22.709635,236.07053,241.44609,242.54538,246.85057,5.3755646,1.099289,15.189365,9.976650774186059,5.448806546503191,0.20102753972727533,51.45223524399808,84.07167189118596,82.45599265355567,5.205034,6.8119116,3.598156,3.2137556,-0.41404414,-0.7592028,2.0,0.0,0.0,3.5856104,-0.83616483,0.5484778,0.08824677,1.8245711,-3.4400346e-06,7.3260003e-06,-7.912079e-05,0.97773594,1.2063175
192.22127,287.6971,231.77455,21.308046,199.89464,210.54016,227.97536,228.07484,10.645523,17.435196,13.860489,40.839999999976556,17.39021962315318,8.402605571141256,17.11724276862369,16.769312725887964,15.907250706506625,5.6733246,6.0656977,5.2809515,0.78474617,0.0260908,-0.7091186,2.0,0.0,0.0,4.280211,-0.8510602,0.5250677,0.9305852,2.431337,-2.5640995e-06,6.5934e-06,-5.897429e-05,0.9494371,1.3664714
194.46635,293.11688,245.40126,22.932213,228.81097,234.02032,240.09694,243.73283,5.2093506,6.0766144,15.895541,,,,,,,2.0332422,3.0949564,0.97152805,2.1234283,0.23062369,-0.48736462,2.0,0.0,0.0,6.3420744,-0.9961063,-0.08815781,1.778497,3.7687862,3.4718873e-06,2.02686e-05,7.985341e-05,0.97773975,1.2525275
188.91559,295.15964,247.4428,31.42039,196.32455,209.49669,228.67075,240.40193,13.172134,19.174057,23.438978,53.86,28.91633075413224,14.890994750816526,11.40175425099138,12.531064806459558,14.232431979315411,5.876473,9.607543,2.145403,7.46214,0.08634766,-0.97953016,2.0,0.0,0.0,5.9240627,-0.9994216,-0.034000944,0.1177862,1.4357281,-6.3332745e-06,1.64835e-05,-0.00014566531,0.93712485,1.4088988
186.9186,291.8219,241.2023,21.773167,198.80522,215.99124,221.88606,233.17789,17.18602,5.894821,9.182532,36.37999999824891,20.484333369820774,6.122744038637343,16.55294535724685,16.215073550077697,19.19462848348871,4.102499,3.1270037,5.0779943,-1.9509907,0.8487942,-0.10236108,2.0,0.0,0.0,2.5999906,-0.60427326,0.7967768,-0.9543654,1.15371,3.875349e-07,3.2844902e-05,8.913303e-06,0.92043185,1.3510821
196.0663,290.23608,234.7563,17.458187,207.00327,228.70326,233.86736,232.39093,21.699997,5.164093,7.222704,30.860000000000003,26.03891792755617,18.560000000000002,35.510561809129406,39.98749077554922,45.86736302998288,7.008956,8.717885,5.300027,3.4178581,0.82083327,0.5451021,2.0,0.0,0.0,1.1787426,-0.88961184,0.45671573,-1.0769818,1.422909,2.1022433e-06,2.5763102e-05,4.8351598e-05,0.9051172,1.269051
191.98555,293.67734,240.2672,27.163774,211.8662,215.13487,221.54881,230.13426,3.2686768,6.4139404,16.561697,36.239999999302725,23.038641214315682,5.86815589375917,88.12230086017678,46.343785116804774,41.21196362457323,5.6088505,5.845953,5.371748,0.47420502,-0.0978127,-0.028696865,2.0,0.0,0.0,4.0916266,-0.996798,0.07995865,-0.47541764,1.7134731,5.706848e-06,2.62515e-05,0.0001312575,0.98480636,1.3650848
184.0735,294.93585,224.20998,26.39911,196.47139,199.64642,201.59236,207.08064,3.1750336,1.9459381,11.35099,35.75999999999208,24.728200593377114,11.07573343122365,36.124783736376884,20.06748903743583,25.61252118875322,7.468855,7.9770126,6.960697,1.0163155,-0.410097,-0.8362751,2.0,0.0,0.0,4.292141,-0.99317753,0.1166102,-0.52836573,1.6493781,-3.2117612e-06,2.0634901e-05,-7.3870506e-05,0.9840967,1.477291
194.909,292.52487,242.82982,26.522488,231.23288,205.34964,208.41972,221.88971,-25.88324,3.0700836,10.872218,57.32000000000001,32.93931893379852,12.527445792266855,21.095023109728988,16.97816780787554,15.563871197010625,3.4369717,4.8963995,1.9775438,2.9188557,0.5781846,-0.77244556,2.0,0.0,0.0,5.7527328,-0.9924756,-0.122441396,0.658971,2.456975,-3.700161e-06,1.5995101e-05,-8.5103704e-05,1.1260448,1.424521
195.50316,294.5091,238.42647,30.07855,247.26857,203.93353,203.43266,212.90067,-43.335037,-0.50086975,13.890579,60.775000000000006,30.397593537615688,19.136853379292205,14.317821063276353,15.026303939231559,17.365487092307912,3.8917198,4.266925,3.5165148,0.7504101,0.42171466,-0.25449616,2.0,0.0,0.0,4.8851695,-0.9960573,-0.08871058,0.615312,3.4226732,-3.0790436e-06,1.69719e-05,-7.0818e-05,1.2124959,1.4441426
184.11719,288.3211,233.07239,18.912601,200.60469,213.04538,222.47336,230.86673,12.440689,9.4279785,6.536868,41.89999999998037,24.160086332479302,5.404259918028233,13.038404810405298,21.910750754127424,18.918132632003452,2.9072595,3.8774137,1.9371052,1.9403086,0.61187935,0.30897307,2.0,0.0,0.0,1.7386403,-0.7955119,0.60593706,-1.4953643,0.773413,7.697609e-07,2.62515e-05,1.77045e-05,0.94160545,1.3533319
194.909,292.52487,242.82982,26.522488,231.23288,205.34964,208.41972,221.88971,-25.88324,3.0700836,10.872218,61.58,36.64913724382821,12.479084917277538,20.024984394500787,16.360235402627406,15.369361575401953,3.4369717,4.8963995,1.9775438,2.9188557,0.5781846,-0.77244556,2.0,0.0,0.0,5.7527328,-0.9924756,-0.122441396,0.658971,2.456975,-3.700161e-06,1.5995101e-05,-8.5103704e-05,1.1260448,1.424521
198.05374,295.40536,254.19846,26.919308,273.4199,265.0584,247.23228,242.85857,-8.361481,-17.826126,19.163582,45.06132359349448,10.504992812591109,3.7397267971682373,25.298221281347036,25.298221281347036,25.298221281347036,5.278663,7.6557894,2.901537,4.7542524,0.70806444,-0.066394895,2.0,0.0,0.0,4.077828,-0.98610085,0.16614632,-0.66491604,1.217805,3.2807739e-06,2.2710601e-05,7.54578e-05,1.0315458,1.1144916
184.46161,295.31848,226.95961,29.36096,191.55615,191.06769,195.59512,205.06691,-0.48846436,4.5274353,10.19711,52.96,30.311722157871998,12.161645371630303,24.020824298928627,21.382937976947275,20.9958921699998,6.659502,8.715978,4.6030264,4.1129513,-0.109183475,-0.99331594,2.0,0.0,0.0,5.158321,-0.99727017,-0.0738368,-0.59896314,1.0511581,-6.26957e-06,1.56288e-05,-0.00014420011,1.0025564,1.5456223
198.05374,295.40536,254.19846,26.919308,273.4199,265.0584,247.23228,242.85857,-8.361481,-17.826126,19.163582,34.17618435526458,11.37073916865193,4.180035129605978,25.298221281347036,78.45958848799626,72.59975962425646,5.278663,7.6557894,2.901537,4.7542524,0.70806444,-0.066394895,2.0,0.0,0.0,4.077828,-0.98610085,0.16614632,-0.66491604,1.217805,3.2807739e-06,2.2710601e-05,7.54578e-05,1.0315458,1.1144916
192.02353,295.27216,245.63101,24.534655,207.51195,209.49258,221.13008,233.63348,1.9806366,11.637497,10.058594,49.24,22.846893504422322,6.342841665102905,11.661903789690601,10.58327825281584,10.273035396693604,6.054253,7.1377134,4.970793,2.1669207,0.6105386,0.75482357,2.0,0.0,0.0,3.7866476,-0.40942606,0.912343,-0.77434194,0.739229,-6.9543904e-07,2.22222e-05,-1.5995098e-05,0.9905456,1.4094635
185.70998,294.40762,244.65456,30.909239,219.6612,220.70296,228.22833,236.782,1.0417633,7.5253754,25.02068,,,,,,,5.236126,3.6912422,6.7810097,-3.0897675,-0.12671053,-0.072154224,2.0,0.0,0.0,4.747125,-0.9761627,0.21703932,-0.68293685,1.440001,4.8521483e-06,2.3809502e-05,0.00011159941,0.9952798,1.3339541
190.9327,294.9448,237.3041,31.78181,227.8878,196.30745,202.26204,212.5279,-31.580353,5.95459,14.075497,50.56,30.268404091450186,20.438717885005588,19.79898987322333,19.546168500950934,21.24138616253675,3.2136045,3.567255,2.8599539,0.70730114,0.95640993,-0.2737838,2.0,0.0,0.0,5.6520596,-0.98833907,-0.15226814,-0.4375181,1.8673011,-2.9728697e-06,2.08791e-05,-6.8376e-05,1.1608719,1.5024636
181.12549,291.57318,239.76572,31.650307,190.07936,194.94966,207.0042,228.43091,4.8703003,12.054535,18.776186,30.159999998508944,22.94763239700053,17.948370494993146,27.459060435491963,31.854174070391785,32.656525899597916,2.9715424,3.4184694,2.5246153,0.89385414,0.5315663,0.19618246,2.0,0.0,0.0,2.763798,-0.7407188,0.67181474,-1.3082813,0.91442204,-4.3000435e-07,2.9914501e-05,-9.8901e-06,0.97501767,1.4956331
192.38014,297.1343,238.71277,26.740688,215.39363,200.28845,206.95872,222.92526,-15.105179,6.670273,12.686242,56.879999999999995,29.456512519805333,12.884650839420384,15.264337522473747,15.846065546042524,15.879265159203024,3.5991092,4.9826183,2.2156,2.7670183,0.81836796,-0.5000089,2.0,0.0,0.0,6.504158,-0.9999996,-0.00075075025,0.14658251,1.5895561,-4.830913e-06,1.51404e-05,-0.000111110996,1.0754172,1.483532
189.3007,293.91602,237.37903,24.476841,200.38458,212.71053,225.6716,232.70152,12.325943,12.961075,15.977378,31.259999999420437,17.70931030634669,7.803147046129771,19.697715603592208,20.745118077330535,18.449491354305795,5.207704,4.203596,6.211812,-2.008216,0.98727465,0.09764298,1.0,0.0,0.0,2.4831643,-0.8067328,0.5909158,-0.5263222,0.662315,3.8753507e-07,2.7228301e-05,8.913306e-06,0.94205296,1.3817652
189.97356,292.6785,246.71562,27.150879,199.5253,205.6929,212.0599,227.97815,6.1676025,6.3670044,9.0229025,44.92,23.75343638205419,8.708607889804592,8.54400374531753,9.737407150237823,12.357472039263017,5.5062284,6.0099993,5.0024576,1.0075417,0.86254984,0.40884554,2.0,0.0,0.0,3.8591516,-0.46120322,0.88729423,-0.6000778,0.98706305,3.609911e-07,2.61294e-05,8.302795e-06,0.97001547,1.4228907
181.13423,293.58536,232.97522,29.087967,187.44594,195.28146,200.24698,208.45961,7.8355255,4.965515,8.772175,42.95999999999997,23.56648241530347,11.101798436954686,25.495097567963924,18.600848774527424,17.0662280714467,4.3611565,4.548855,4.173458,0.37539673,0.20626512,-0.95498705,2.0,0.0,0.0,4.4976234,-0.9980153,-0.062969685,-1.3725619,0.158101,-5.6537615e-06,1.40415e-05,-0.00013003651,0.95987576,1.5033959
186.6929,296.19684,236.87292,25.01791,202.04262,207.13948,216.26685,220.32544,5.096863,9.127365,9.906661,47.42000000000001,22.707928226263807,4.699949255473914,15.620499351813308,19.52338587762353,23.888535806552525,4.357722,3.3192787,5.396165,-2.0768862,0.7336869,-0.060094774,1.0,0.0,0.0,2.6679199,-0.63738954,0.7705413,-0.4952964,1.1152531,-2.282738e-07,2.1855902e-05,-5.2502974e-06,0.97539407,1.429939
185.78079,294.09128,249.0864,25.801582,228.23886,234.7642,233.31003,239.34663,6.525345,-1.4541779,18.466269,30.9399997029031,20.11935357073195,5.382734479899514,23.021728866442675,21.08102953507742,21.109861449078885,6.643288,10.346508,2.9400682,7.40644,-0.29432428,-0.93459606,1.0,0.0,0.0,4.307218,-0.99848706,0.05498339,-0.68442315,1.7519301,-4.8627658e-06,1.7948701e-05,-0.00011184361,0.9722047,1.2527092
199.49657,292.08463,241.61226,17.49053,235.96773,212.79768,226.43495,238.90825,-23.170044,13.637268,6.7682943,,,,,,,5.207514,6.1797667,4.235261,1.9445057,0.64740586,0.71677744,2.0,0.0,0.0,1.8720149,-0.8640385,0.5034247,-1.3582567,0.675134,1.5554481e-06,2.6862e-05,3.5775305e-05,1.108883,1.372593
194.82008,293.78418,249.43292,26.116413,203.05936,206.46619,220.16837,236.73682,3.4068298,13.702179,9.810402,39.099999999999994,22.282090581868445,7.737593802080869,10.44030650891055,14.505514995209584,17.616127209298657,7.488884,9.951276,5.026492,4.9247837,0.68552434,0.72174716,2.0,0.0,0.0,3.095345,-0.04535398,0.9989706,-0.56756586,1.209259,-1.7359436e-06,2.0024401e-05,-3.99267e-05,0.98349935,1.4229167
189.5892,296.0197,237.4252,25.911186,201.36195,208.6116,215.88956,219.93196,7.249649,7.277954,10.450417,45.58,24.374460711315088,7.77732498224498,15.620499351813308,20.39826976833985,22.386621556496724,4.357722,3.3192787,5.396165,-2.0768862,0.7336869,-0.060094774,1.0,0.0,0.0,2.6679199,-0.63738954,0.7705413,-0.4952964,1.1152531,-2.282738e-07,2.1855902e-05,-5.2502974e-06,0.9652481,1.4189993
186.51369,291.65814,233.73389,32.542896,201.10477,194.36584,196.50159,208.42198,-6.738922,2.1357422,12.296961,54.8,29.30961617554641,15.74685452757121,12.041594578792296,11.595042915357928,13.609796022358532,3.6504207,5.5506725,1.7501688,3.8005037,0.069908634,-0.91501164,2.0,0.0,0.0,5.7569804,-0.99768066,0.06806706,0.21346425,1.9484881,-6.205866e-06,1.31868e-05,-0.00014273492,1.0346713,1.5005628
186.51369,294.33743,232.3179,31.134893,202.37842,196.07155,197.68459,206.60426,-6.3068695,1.6130371,11.568091,65.08,30.925573140000655,14.879515229566977,7.810249675906654,9.478929469209875,11.578901285397157,5.360495,5.9981728,4.7228174,1.2753553,0.40556228,-0.88197637,2.0,0.0,0.0,6.107495,-0.9983874,0.056765165,0.13487817,1.7134731,-5.632526e-06,1.3431e-05,-0.0001295481,1.0321661,1.5011736
180.22842,287.68454,227.88731,26.997576,194.37785,192.96974,196.51112,209.89432,-1.4081116,3.5413818,11.394151,55.42,26.347529414818275,10.277269881185545,12.041594578792296,13.208321054316512,13.038043071685708,6.411337,8.119312,4.7033615,3.4159508,0.12951812,-0.9659188,2.0,0.0,0.0,4.580879,-0.9998633,-0.016522262,-1.3536122,0.70077205,-4.92647e-06,1.64835e-05,-0.00011330881,1.007297,1.4908272
192.51593,292.5647,237.32584,25.629482,218.31923,205.03212,217.38829,220.83334,-13.287109,12.356171,11.170798,,,,,,,3.3024936,3.5592442,3.045743,0.51350117,0.97691834,-0.05106414,2.0,0.0,0.0,8.434172,-0.9840776,-0.17773896,0.8228311,3.4269462,-9.555653e-07,1.8803401e-05,-2.1978001e-05,1.064805,1.4269212
189.96587,295.12128,224.7336,26.177187,203.01694,196.25023,197.46858,204.57184,-6.7667084,1.2183533,9.378931,60.2,30.679152016433704,9.987628440490827,9.219544457292887,10.52918943570475,13.22666814616401,6.0635996,8.206294,3.920905,4.285389,0.16006625,-0.9554541,2.0,0.0,0.0,5.834954,-0.99250776,0.12218056,0.15475693,1.585283,-5.8767264e-06,1.2210001e-05,-0.00013516471,1.03448,1.503801
189.30069,294.80896,236.65994,29.130701,211.432,197.5022,200.06642,217.8701,-13.92981,2.5642242,14.071823,63.220000000000006,31.59446939824381,12.443194875872429,25.298221281347036,20.67724682161404,18.317995539814298,4.77184,5.694498,3.8491821,1.8453159,0.34215555,-0.9104818,2.0,0.0,0.0,4.8000712,-0.9999827,-0.0058493386,0.1859684,1.9826721,-2.3782957e-06,2.1245402e-05,-5.4700802e-05,1.0705299,1.492687
190.63823,296.23633,239.90164,30.506645,242.40808,197.47083,200.70108,221.52168,-44.937256,3.2302551,13.665704,,,,,,,1.6786394,1.2172155,2.1400633,-0.92284775,0.63547844,0.26280302,2.0,0.0,0.0,6.944384,-0.98864025,-0.15030004,-0.15364222,0.662315,-2.861387e-06,1.90476e-05,-6.58119e-05,1.227564,1.5001523
197.74625,293.95667,241.93117,27.604933,238.7383,204.29692,211.36221,221.75278,-34.441376,7.0652924,10.837474,59.42,37.12507301367984,24.38815355046173,15.811388300841896,16.430014532687046,19.443741362170044,1.1287055,1.2755833,0.98182774,0.29375553,0.3164345,0.28763545,2.0,0.0,0.0,7.7344036,-0.98614526,-0.16588327,0.32772055,1.1237991,-2.8773131e-06,2.02686e-05,-6.61782e-05,1.168585,1.4388698
189.30069,291.58423,246.87328,32.00619,200.54889,202.24265,210.73502,227.80492,1.6937561,8.492371,14.180202,42.55999999999999,27.70681289823701,12.054746963662936,3.605551275463989,11.28194499957758,16.29581441434583,4.8956375,7.37615,2.415125,4.961025,-0.61599714,-0.753014,2.0,0.0,0.0,5.8769946,-0.9999481,-0.010178117,0.3680354,2.3971531,-6.258952e-06,1.5995101e-05,-0.0001439559,0.99162513,1.4417545
180.87723,295.07657,243.89558,39.95796,186.30186,188.5449,197.0295,226.55426,2.243042,8.484589,23.309404,44.94,23.87940203446591,9.066592002459995,18.973665961010276,16.200354118091752,16.479851567612315,8.524655,9.176448,7.872863,1.303585,-0.3695446,-0.9017973,2.0,0.0,0.0,3.886304,-0.984125,0.17747545,-1.0628623,1.1878941,-5.9722834e-06,1.51404e-05,-0.00013736251,0.9881034,1.5650201
211.17593,294.1552,261.5694,24.399097,267.6379,263.87247,260.3371,260.56757,-3.765442,-3.5353699,22.126251,12.775,10.774504065040649,3.1,68.99492734541992,114.23907538429901,120.17886443736653,5.9850097,9.046356,2.9236631,6.122693,0.548644,-0.7230159,3.0,3.0,9.0,4.539643,-0.89842427,0.439128,-0.18875514,5.1105084,2.9091655e-06,8.7912e-06,6.6910805e-05,1.01427,1.1147628
182.99028,294.50278,230.36284,31.31526,190.07117,193.97032,198.28854,206.13223,3.8991547,4.318222,13.728291,80.0,17.967371436476064,9.815218603429477,46.04615733977217,46.04615733977217,45.75656712020884,6.245002,7.528368,4.9616356,2.5667324,0.34770674,0.8728231,2.0,0.0,0.0,3.0790427,0.7057175,0.7084929,0.16125932,1.504096,-1.3494705e-05,2.0757002e-06,-0.0003103782,0.9798982,1.5182878
204.27818,294.5859,269.88193,19.419645,273.62332,262.90173,263.16406,267.04788,-10.721588,0.2623291,16.07585,56.360017322120804,17.623041676863696,6.358630101387966,35.510561809129406,89.00239314307777,88.96984585369131,14.197561,16.631721,11.763401,4.8683205,0.51723325,0.8314755,2.0,1.0,2.0,1.4677061,0.8076191,0.5897034,-0.4194972,1.273354,-1.2916056e-05,7.3260003e-07,-0.0002970693,1.0407817,1.1205171
188.77184,290.78757,239.0028,24.86496,209.89555,221.69592,231.06462,233.96649,11.800369,9.368698,16.122305,44.98143079498265,15.364486262703156,5.81056743425341,12.0,64.34541684186817,63.2354952366844,10.591433,12.473754,8.709111,3.7646427,0.7053393,0.6981902,1.0,0.0,0.0,1.985384,0.91984284,0.3922859,-0.6682601,1.273354,-1.2979761e-05,1.7094001e-06,-0.0002985345,0.9467723,1.3116505
200.4432,296.22708,262.78027,24.55338,236.71524,243.67204,246.48186,255.30255,6.9568024,2.8098145,19.040174,39.18,20.459295576822356,5.120000000000001,34.058772731852805,43.89467544076146,49.28414518062502,10.077169,15.97783,4.17651,11.80132,0.2604304,0.81178665,2.0,0.0,0.0,5.0872703,0.98336285,0.18165098,0.8293336,3.2004771,-8.281566e-07,9.768e-06,-1.9047602e-05,0.97145015,1.2156794
188.4854,292.7748,241.90973,23.380417,204.94089,205.77287,215.25584,235.10745,0.8319855,9.482971,11.355759,44.739999999999824,30.050361924433364,9.49971835086076,17.4928556845359,18.313954723786555,25.820501004460645,6.9599333,9.122657,4.7972097,4.325447,0.88434,0.43848592,2.0,0.0,0.0,3.7552345,0.5844929,0.81139845,0.85311365,3.696145,2.5481734e-07,9.2796e-06,5.860799e-06,0.9959568,1.4228057
187.14581,286.92795,213.35757,16.13043,200.30603,197.96497,199.80675,201.6394,-2.3410645,1.8417816,3.9915915,60.7,31.1809853486386,15.070971993196078,15.231546211727817,13.851551298746584,11.264991995091755,6.3237824,9.181408,3.466157,5.715251,0.4449755,0.73234046,2.0,0.0,0.0,2.1190653,0.2356164,0.9718457,0.13041939,2.2475982,-1.7996475e-06,6.7155e-06,-4.1391893e-05,1.0118257,1.4493876
184.13956,280.81412,215.9904,18.80828,194.14462,197.29172,206.02168,208.01416,3.1470947,8.729965,7.1937785,51.5,28.163548487532182,13.259538585869777,12.206555615733702,12.398973085385324,13.619674253809015,6.182628,8.546974,3.8182821,4.728692,0.81458604,0.41087714,2.0,0.0,0.0,2.4658842,-0.28366682,0.9589225,0.73495597,3.3243942,-1.2316176e-06,1.1965801e-05,-2.8327204e-05,0.98404855,1.4233447
193.27785,288.07764,219.35478,18.01662,199.2193,201.85475,202.9305,207.44919,2.6354523,1.0757446,6.3033276,56.08,31.361514791855406,13.122422736208389,17.46424919657298,19.916807215949035,16.768610112538635,8.591037,10.742506,6.4395676,4.3029385,0.9359418,0.32880965,2.0,0.0,0.0,3.1061144,0.19218436,0.9813586,1.5447825,3.7559671,-1.1095176e-06,7.0818005e-06,-2.5518904e-05,0.98694384,1.4271531
183.14041,280.34863,216.65804,16.030054,191.46092,196.62785,202.03894,210.15126,5.166931,5.411087,8.179182,55.36,30.806475963042256,13.812430842573525,4.123105625617661,12.018725341067684,16.094366334351776,5.5626903,7.511202,3.6141787,3.8970232,0.30797625,0.63243806,2.0,0.0,0.0,1.4669336,-0.066574216,0.99778086,0.6860952,2.0681322,-2.033231e-06,7.0818005e-06,-4.6764315e-05,0.9737223,1.4257829
218.28975,300.67715,276.03555,20.968653,289.67795,280.03827,272.0529,272.34665,-9.639679,-7.985382,18.485413,73.6,15.883716271233283,7.761289067228215,47.51841748206689,47.52527940274543,47.52527940274543,11.959301,16.410452,7.508149,8.902303,0.21121782,0.85250145,1.0,1.0,1.0,7.192616,0.9781117,0.20807996,1.4282968,3.07656,-2.2827398e-07,1.07448e-05,-5.2503015e-06,1.0344228,1.0737002
191.02156,295.40164,240.55067,28.125204,198.43358,207.91273,221.07716,232.45573,9.4791565,13.164429,18.919905,47.239999999999995,22.2984751513491,9.086549277185298,4.0,4.785680191249281,9.100399683846252,5.6794286,7.9636593,3.3951979,4.5684614,-0.822917,-0.09974375,2.0,0.0,0.0,2.9776754,-0.28369737,-0.95891356,-0.68479466,1.021247,-1.3908782e-06,3.5409003e-06,-3.19902e-05,0.954408,1.4207963
189.79639,279.37167,226.77246,16.09209,217.73404,204.33199,209.23096,217.84167,-13.402054,4.8989716,5.605708,25.739988262785943,22.960145751006205,18.495123811315302,43.01162633521314,57.361314727552575,57.96066413049401,3.2744522,4.7193832,1.8295212,2.889862,0.9455403,0.30572772,2.0,0.0,0.0,1.6980559,-0.9777176,0.20992173,-0.24244632,4.127718,3.7851e-06,1.1965801e-05,8.70573e-05,1.0655895,1.367244
201.49857,291.98645,238.01498,19.670069,210.24947,213.1788,223.3138,232.44438,2.9293365,10.1349945,12.262391,72.575,25.05253008554444,13.98,24.0,49.6880924625842,52.02178976497463,7.32522,8.659516,5.990924,2.6685925,0.9815306,0.09980644,2.0,0.0,0.0,3.5025055,-0.99716187,-0.0752838,0.36970744,3.533771,3.9443617e-06,1.51404e-05,9.0720314e-05,0.9862588,1.3696786
192.29245,293.30258,236.945,27.434484,219.76694,197.03761,209.08879,225.49695,-22.729324,12.051178,15.960178,58.06,28.12812177350849,11.37146849371911,6.708203932499369,8.715470875158879,10.896935899044044,4.5740323,5.4461412,3.7019234,1.7442179,0.16435146,-0.77991354,2.0,0.0,0.0,3.258446,-0.904385,0.4267169,-0.2021315,0.773413,2.3676782e-06,1.36752005e-05,5.44566e-05,1.1153553,1.4885614
191.99338,291.5084,245.89375,26.621138,223.48708,199.80325,209.66983,233.00142,-23.683823,9.866577,6.1229486,56.14000000000001,30.541183993242996,6.074062952633873,12.041594578792296,6.8008279405001995,12.798029834080364,3.517468,4.372981,2.6619549,1.7110262,0.92085505,0.16880107,2.0,0.0,0.0,2.5705657,-0.9687865,0.24789536,-0.19804431,3.956798,4.7459744e-06,1.44078e-05,0.00010915741,1.1185358,1.4589772
190.76936,292.86307,231.02129,26.446323,228.22592,197.66919,206.29054,224.53134,-30.556732,8.621353,15.654273,62.52,34.26365377587968,13.432911059899308,17.029386365926403,15.07672794227231,15.233598980402382,4.3199544,4.5461836,4.093725,0.45245838,0.39826742,-0.7948218,2.0,0.0,0.0,2.392918,-0.8907236,0.45454454,0.30802757,1.487004,1.3484084e-06,1.52625e-05,3.1013395e-05,1.1545852,1.4815818
190.79382,293.12708,231.15617,21.752783,196.03258,198.13864,213.55148,228.46436,2.1060638,15.412842,7.394469,59.42,23.34022742598141,14.75659238215719,12.36931687685298,15.144728455675002,15.082555106343142,3.9218578,5.312235,2.5314808,2.780754,0.33525476,-0.8086305,2.0,0.0,0.0,2.0843327,-0.5382388,0.84279186,-0.5534465,0.94006,5.674996e-06,8.9133e-06,0.0001305249,0.98937076,1.4794039
190.37843,288.3224,219.21486,18.79975,214.42937,198.20885,204.58638,209.99387,-16.22052,6.377533,8.664689,61.10000000000001,34.3719562954178,11.544717527965954,8.06225774829855,7.339581029797043,10.93298622918156,4.0918164,4.601119,3.5825138,1.0186052,0.75543654,0.54650027,2.0,0.0,0.0,2.0959578,-0.88296443,0.46943888,-0.051276058,2.760358,2.542865e-06,1.52625e-05,5.8485897e-05,1.0818355,1.4546393
188.27565,292.3707,243.05165,25.132322,197.86359,218.40558,219.13832,235.48962,20.541992,0.7327423,11.560997,40.499999999999105,20.85640184104028,8.347410573601504,9.055385138137417,10.492305720493336,11.561879865890845,2.5442615,3.4478445,1.6406784,1.8071661,-0.14759079,-0.07139045,2.0,0.0,0.0,2.0445642,0.3265977,0.94516295,-0.52595055,1.6322861,6.630561e-06,1.1965801e-05,0.00015250291,0.90594566,1.3386595
189.0002,294.9705,233.60461,30.050203,197.48183,200.69923,209.89185,224.0859,3.2174072,9.192612,20.011261,45.4,22.922463364166678,7.641666414962897,8.246211251235321,8.772558173006423,10.402890015814005,5.329974,9.198194,1.4617548,7.7364388,-0.8306571,-0.09710171,2.0,0.0,0.0,3.0320723,-0.15178482,-0.9884132,-0.9735007,0.841781,-2.6543573e-08,4.884e-06,-6.105022e-07,0.98396903,1.469714
186.98346,294.15775,234.33234,29.333344,196.03366,198.81612,203.5139,212.00595,2.7824554,4.6977844,9.4978,48.480000000000004,28.001253517651676,6.8837712753386695,17.4928556845359,19.283959049216662,20.446754687961935,3.6393576,4.945614,2.3331013,2.6125126,0.025797784,-0.83843327,2.0,0.0,0.0,2.8036842,-0.7245207,0.6892526,-0.6340761,0.589674,4.3902915e-06,1.14774e-05,0.0001009767,0.9860049,1.4795468
194.70403,294.545,234.38626,22.59056,213.49388,205.43474,212.19716,220.70633,-8.059143,6.7624207,8.390917,60.24000000000001,24.342879460190314,4.10275515413396,9.055385138137417,8.5107133684061,8.670273723677312,3.2927651,3.9792747,2.6062555,1.3730192,-0.6755707,-0.28608865,2.0,0.0,0.0,2.2556674,-0.06386068,-0.99795836,-1.2805995,0.935787,1.6191523e-06,4.1514004e-06,3.72405e-05,1.0392298,1.4337643
195.64273,294.55685,233.54317,22.228567,210.84343,206.06526,211.29803,219.84535,-4.7781677,5.232773,8.979819,16.824370263446053,16.31484171920106,15.934435791484667,49.33558553417604,70.45577734132426,79.26957231495206,3.2927651,3.9792747,2.6062555,1.3730192,-0.6755707,-0.28608865,2.0,0.0,0.0,2.2556674,-0.06386068,-0.99795836,-1.2805995,0.935787,1.6191523e-06,4.1514004e-06,3.72405e-05,1.0231876,1.4294348
205.22412,294.75122,258.4638,22.730978,229.79669,235.46628,249.44644,254.82053,5.669586,13.980164,16.020144,,,,,,,7.8568406,7.9213142,7.792367,0.12894726,0.9516841,0.29606444,2.0,0.0,0.0,2.5905466,-0.9999552,0.009424648,-0.2192235,1.457093,1.937674e-06,9.645901e-06,4.45665e-05,0.97592187,1.2517768
200.74721,291.79562,237.50862,19.531345,210.28633,212.6237,222.62424,231.60864,2.3373718,10.000534,11.887373,61.97499999914383,29.863312928380715,12.394304100336237,26.076809620810597,29.423225763827478,25.345886109506342,7.32522,8.659516,5.990924,2.6685925,0.9815306,0.09980644,2.0,0.0,0.0,3.5025055,-0.99716187,-0.0752838,0.36970744,3.533771,3.9443617e-06,1.51404e-05,9.0720314e-05,0.989007,1.372357
198.22504,291.86752,251.32988,18.672716,240.48575,240.46335,242.12062,249.5478,-0.022399902,1.6572723,7.9386973,48.206325146336255,15.57846070670523,12.013416503453474,44.10215414239989,61.83311720330153,67.52770617030204,6.79627,7.6451073,5.9474325,1.6976748,0.9136481,0.3257023,2.0,0.0,0.0,2.8842704,-0.9988554,-0.047826555,0.018578276,3.431219,3.8859653e-06,1.08669e-05,8.93772e-05,1.0000931,1.2137713
191.78175,292.92252,229.4982,25.782162,221.69548,197.17812,202.49577,210.85146,-24.517365,5.3176575,10.814258,63.72000000000001,29.894948423685864,12.919393276687847,7.615773105863909,8.370345096433109,11.26021808265162,4.663686,4.7228184,4.604553,0.11826515,0.41965774,-0.77654785,2.0,0.0,0.0,3.2444782,-0.9188136,0.39469102,0.23538662,1.5553721,1.2847044e-06,1.20879e-05,2.95482e-05,1.1243412,1.4855732
186.94472,289.5498,220.02989,23.108858,203.04962,202.57352,206.70073,210.63345,-0.47610474,4.1272125,15.319747,36.56,24.001273274261617,7.650773491769362,22.847319317591726,22.344958238354486,25.421706796591724,2.61236,3.3688745,1.8558455,1.5130291,-0.22313473,-0.42042476,2.0,0.0,0.0,3.5893376,-0.8159106,-0.57817763,-0.6104817,2.683444,-9.741457e-06,1.6605602e-05,-0.00022405351,1.0023503,1.4293567
193.0187,285.41394,226.72195,19.857216,200.99786,212.87508,213.30833,220.25739,11.877213,0.43325806,14.400584,51.25000000000001,35.542870930707124,8.416725754468391,37.64306044943742,35.13804875177044,35.3236153944443,3.4590993,4.363064,2.5551348,1.807929,-0.47526106,0.61192286,2.0,0.0,0.0,4.6962824,-0.8029534,-0.5960415,0.82357424,3.3628511,-5.2821524e-06,2.3931601e-05,-0.0001214895,0.9442057,1.3407578
192.48268,290.80252,223.20712,15.717075,213.56238,209.7627,208.98444,213.61436,-3.7996826,-0.7782593,7.2119484,46.14,30.756577695707506,15.415791772495528,16.97056274847714,25.131844328946606,17.199175404781695,2.1984324,1.0451584,3.3517065,-2.306548,-0.09881823,0.58942837,2.0,0.0,0.0,2.0391803,-0.9997408,-0.022748599,0.62590164,3.63205,-6.184631e-06,2.1367501e-05,-0.00014224651,1.0181142,1.3863405
205.58218,293.98727,276.92587,21.637562,289.96417,290.04517,289.19165,286.06598,0.08099365,-0.8535156,14.604248,17.830486899160313,9.561943351575461,4.680244812082159,98.3064931049533,124.53132625177483,123.52160925023085,11.394871,16.203297,6.586445,9.616852,-0.46659213,0.8648534,1.0,0.0,0.0,6.2724605,0.55272245,-0.83336526,1.2534753,3.5252252,6.0519096e-07,3.18681e-05,1.3919392e-05,0.99972075,1.0135914
192.46817,295.34094,238.55466,22.886759,198.70718,204.89897,214.81137,229.3117,6.1917877,9.912399,10.759952,56.8,23.04231821086262,10.32,6.708203932499369,5.835503902502743,6.653694308281808,3.0032063,3.9865227,2.0198898,1.9666328,-0.6294766,0.6148381,2.0,0.0,0.0,4.978414,-0.9734781,0.2287796,-0.41392368,1.012701,-3.917818e-06,6.9597004e-06,-9.010981e-05,0.9697813,1.4413979
191.6672,294.58795,259.8131,26.64299,267.58664,262.6223,256.35062,256.10873,-4.964325,-6.271698,23.206625,17.759999999999998,12.610049937578026,7.360000000000001,48.46648326421054,75.3047106461503,78.498007082697,11.759012,19.282001,4.236024,15.045978,0.18608516,0.9693969,2.0,1.0,2.0,2.6754391,-0.73963004,0.67301315,1.1202692,4.183267,-4.523009e-06,4.884e-06,-0.000104029205,1.0189029,1.1217171
209.62439,289.4744,235.9158,17.555338,227.95256,224.45177,222.39952,221.86684,-3.5007935,-2.052246,4.8999662,48.88,35.24450896582047,16.58905223851912,9.899494936611665,15.369066963411663,32.86278374797655,5.189965,4.6453733,5.734556,-1.0891829,0.017279059,0.90448606,1.0,0.0,0.0,9.426422,0.9094996,0.41570464,2.5246,5.695909,3.1268219e-06,1.11111e-05,7.1916904e-05,1.0155971,1.2896954
201.16951,296.90344,243.56036,29.305729,229.80412,213.67223,219.87924,231.94115,-16.131897,6.207016,20.17168,68.84,35.96420790376943,13.960328581913311,15.297058540778355,13.544685129545586,13.710178374432491,4.599784,5.6956425,3.5039253,2.1917171,0.059156477,0.78067696,2.0,0.0,0.0,5.1739,-0.5785343,0.8156578,1.4268105,2.6535332,-2.3039738e-06,1.4652001e-06,-5.29914e-05,1.0754983,1.3895276
210.97333,288.65283,244.56938,17.359976,218.35793,226.23863,234.89647,244.78114,7.880707,8.657837,11.168261,,,,,,,8.473344,9.457614,7.4890738,1.9685402,0.5511179,0.7371944,1.0,0.0,0.0,18.0511,0.7261836,0.6875007,3.3754847,6.7171564,8.21786e-06,1.8315e-05,0.00018901078,0.9651664,1.2758777
196.57715,295.18683,236.08026,26.932762,209.58398,203.24278,212.13913,222.06198,-6.341202,8.896347,14.938412,31.77499999918245,22.50760972544673,14.687987231765817,18.0,27.4546488475087,35.97461150759612,3.7620096,4.181469,3.3425503,0.8389187,-0.02156511,0.7107973,2.0,0.0,0.0,1.896109,-0.82666254,0.5626971,-0.47207358,0.927241,-3.041883e-06,8.302801e-06,-6.996331e-05,1.0312002,1.4523853
192.0469,293.43933,233.34445,17.97667,203.9266,210.38142,219.4464,231.1995,6.4548187,9.064972,10.363488,42.120000000000005,19.838167178112002,8.804767883283052,9.433981132056603,11.625922996658538,12.76895670697612,3.077599,3.334158,2.8210402,0.5131178,-0.095758766,-0.2385991,2.0,0.0,0.0,4.249938,-0.9757523,0.21887645,0.24504724,1.119526,-3.424109e-06,5.1282004e-06,-7.875451e-05,0.9693185,1.3947967
195.86868,294.92194,240.21819,30.421171,206.33813,207.14821,219.5651,235.21718,0.81007385,12.416885,22.224628,59.56,21.113666583818336,9.480954512836318,8.94427190999916,8.676122543706773,8.21528403814798,3.2885685,4.873129,1.7040081,3.1691208,0.07409033,0.92559534,2.0,0.0,0.0,2.3287768,-0.90215164,0.43141827,-0.15011235,2.0681322,-3.2860828e-06,8.9133e-06,-7.5579905e-05,0.9960894,1.4237243
194.38972,297.67297,241.56152,30.724688,215.01424,203.30597,209.58107,219.95389,-11.708267,6.2751007,13.376549,56.5,30.596321902134562,10.427949404984263,13.45362404707371,12.050576987018667,12.090332985059153,3.0739741,5.0169535,1.1309948,3.8859587,-0.08119266,0.90712416,2.0,0.0,0.0,2.1058989,-0.8225673,0.56866705,-0.21550782,0.71786404,-3.8275693e-06,4.0293003e-06,-8.8034096e-05,1.0575894,1.4641625
210.6225,290.8951,239.87909,20.975464,223.51888,229.92322,223.86003,224.513,6.4043427,-6.0631866,10.5625925,,,,,,,7.5709057,8.09833,7.043482,1.0548477,0.5727659,0.69627476,1.0,0.0,0.0,14.838969,0.8201969,0.5720812,3.3331256,6.114663,7.4746436e-06,1.52625e-05,0.0001719168,0.97214574,1.2651837
200.31686,295.51416,236.4663,25.02902,232.8125,212.36192,214.63808,221.78676,-20.450577,2.2761536,15.901485,,,,,,,5.5026035,8.168144,2.8370628,5.3310814,0.7725779,0.5004186,2.0,0.0,0.0,5.841421,-0.28755873,0.95776284,1.3021504,4.178994,-1.9960698e-06,3.4188001e-06,-4.5909608e-05,1.0963006,1.3915591
195.03564,295.39996,242.47911,31.456587,208.75102,206.33473,220.6778,232.72661,-2.4162903,14.343063,19.62399,19.222152470762854,13.597890138016467,9.425940623927213,35.608987629529715,62.12421400324361,52.39435733179652,3.7454147,5.876855,1.6139746,4.2628803,-0.18668602,0.13563275,2.0,0.0,0.0,3.418737,-0.9494657,0.31387,-0.13599287,0.90160304,-3.275465e-06,9.035401e-06,-7.5335694e-05,1.0117105,1.4316541
195.61378,297.494,231.75883,18.889193,218.69644,209.07204,215.23183,228.30197,-9.624405,6.15979,10.742378,57.96,33.43672863027987,9.180067834148545,18.439088914585774,13.52897586546979,16.271109555830158,4.2564335,5.93141,2.5814571,3.3499527,0.7046717,0.6092143,2.0,0.0,0.0,3.689152,-0.72070575,0.69324076,0.62348646,2.2475982,-2.813609e-06,6.2271e-06,-6.471301e-05,1.0460339,1.4229257
197.34056,297.47363,236.21254,24.121841,209.89883,209.55441,213.62001,221.00694,-0.3444214,4.0655975,10.394624,49.50000000000001,29.585067715463655,17.783742420693333,13.45362404707371,14.54026686936614,17.022090429009065,2.1684842,3.164771,1.1721973,1.9925737,0.74224776,0.14040834,2.0,0.0,0.0,2.2113485,-0.7689896,0.63926053,-0.6084381,0.49139503,-3.5833696e-06,7.5702e-06,-8.24175e-05,1.0016435,1.4195532
206.24751,296.10867,240.17737,24.20601,233.5743,217.63211,216.78726,225.88568,-15.942184,-0.84484863,14.07161,57.86,36.62300152797362,14.23887804369331,4.0,13.38567954718754,21.283975806528844,5.0318327,8.0926075,1.9710579,6.1215496,0.37717837,0.16994374,1.0,0.0,0.0,6.6309285,0.65594614,0.75480753,0.94433314,5.9608355,-2.431383e-06,2.8083e-06,-5.592181e-05,1.0732529,1.3605927
195.59479,294.83096,269.41495,26.81172,250.55717,257.2812,259.61792,262.94568,6.7240143,2.336731,19.73457,21.3123462738297,11.573858064727812,5.564667425104469,45.34313619501854,58.62936886920641,64.94608814806408,2.0040584,2.13167,1.8764467,0.25522327,-0.46652576,0.6299281,2.0,0.0,0.0,4.3563833,-0.98189414,0.18942936,-2.2871697,0.042730004,2.5641e-06,1.0622701e-05,5.89743e-05,0.9738651,1.1459484
196.44379,294.24753,260.80298,20.023046,260.5546,259.77997,262.90097,259.68802,-0.7746277,3.1210022,13.539172,17.120180377956036,10.68918899116663,5.053197125687865,30.805843601498726,60.006485675300894,66.36160418893343,9.785513,12.042276,7.5287504,4.513526,-0.2122263,0.9419038,2.0,1.0,2.0,4.3212576,0.6392946,-0.76896155,1.0658349,3.465403,1.799648e-06,2.7716702e-05,4.1391904e-05,1.0029819,1.1326798
188.46251,290.5484,234.53278,20.699953,235.34909,226.87523,228.25243,231.6063,-8.473862,1.3771973,15.186799,31.579999991823676,14.76937811850538,6.416286072379128,31.016124838541646,50.114889996775005,53.08111773263421,9.004202,9.48432,8.524084,0.9602356,-0.4075858,0.8937503,2.0,1.0,2.0,2.779605,0.60958326,-0.7927217,0.2851763,2.273236,2.9622524e-06,3.3455402e-05,6.8131805e-05,1.0373503,1.2806528
222.18182,296.32993,275.39313,16.2824,283.675,275.1148,277.2997,273.6133,-8.560181,2.184906,2.4911067,24.22671862744722,14.112050484112373,6.319662377538468,3.605551275463989,93.45732187029292,91.92559479416819,3.1605744,4.0181866,2.3029623,1.7152243,-0.31558883,-0.28437236,2.0,1.0,2.0,4.295736,-0.15572906,0.9877996,-0.62200016,0.64095,1.1652586e-05,2.41758e-05,0.0002680095,1.0311149,1.0771137
216.72556,295.19186,281.9899,15.6108465,287.64297,276.94757,270.89285,275.29678,-10.695404,-6.054718,8.972201,15.312851891455491,9.666260295755437,0.44436953613884567,41.773197148410844,56.921094629610174,57.892917268671276,5.726926,8.37568,3.0781717,5.2975082,-0.90755653,-0.3157608,3.0,2.0,6.0,1.700443,-0.9777808,-0.20962703,0.62162864,2.4612482,1.7518701e-07,8.9133e-06,4.029301e-06,1.0386189,1.0658764
184.50024,280.42776,227.93646,23.59234,207.10811,220.92697,231.37718,235.04901,13.818863,10.450211,18.293747,27.160000000000004,9.175864076078046,2.72,13.601470508735444,13.769620966681291,15.049413450230878,8.321126,10.41022,6.232032,4.1781883,0.042769328,-0.9216306,2.0,0.0,0.0,3.8219802,-0.5474557,0.8368343,-0.7226944,3.3457592,2.5163217e-06,1.11111e-05,5.78754e-05,0.9374505,1.2693233
188.42331,291.48828,209.54634,10.593436,242.69778,199.95702,198.3992,200.44695,-42.74077,-1.5578156,2.5287254,43.739999999999995,36.568427014581005,30.35999879678057,39.05124837953327,39.547688351319906,44.47375381262381,3.5739303,3.9911003,3.1567602,0.8343401,-0.5834389,0.12999606,2.0,0.0,0.0,6.5914445,-0.9515687,0.30743563,0.24764822,1.4357281,8.515149e-06,2.0512802e-05,0.00019584842,1.2137498,1.4577547
178.62387,265.3905,216.94601,18.36697,187.85352,190.78189,196.63075,204.84273,2.9283752,5.8488617,6.149468,36.79999999599664,20.558326934180045,9.702358990767511,24.08318915758459,30.018896175896014,23.283676101274793,6.512625,7.851117,5.1741333,2.6769838,0.8591667,-0.3809036,2.0,0.0,0.0,2.8159559,-0.67020905,0.74217194,0.10180888,2.422791,9.327379e-06,1.75824e-05,0.00021452972,0.9846507,1.3910676
206.71817,287.92752,253.2161,17.672853,238.06029,239.08885,243.57713,250.47795,1.0285645,4.4882812,12.273368,28.279995817069715,22.123155861048115,10.844772397693848,67.2393248934859,73.4597399392067,65.06232176678313,4.969076,5.8886824,4.04947,1.8392124,-0.39620143,0.86779207,2.0,0.0,0.0,4.1196985,0.43173847,0.9019986,-0.17835128,1.162256,3.1746004e-06,1.2576301e-05,7.3015806e-05,0.995698,1.20427
206.30348,287.885,242.3283,13.03442,230.91757,241.89879,233.46663,242.0165,10.981216,-8.432159,2.4238977,30.939999921193724,24.766761110667836,10.655121321950315,86.08957183465367,81.53632543200317,64.79376799766395,4.4288716,4.1738386,4.6839046,-0.51006603,-0.6394993,0.70746654,2.0,0.0,0.0,2.4932742,0.057774816,0.9983292,-0.7039303,0.26065302,5.1069655e-06,1.3919401e-05,0.00011746021,0.9546041,1.1901052
207.76071,289.35455,244.03908,18.526266,240.57362,237.0424,234.11388,245.81725,-3.5312195,-2.9285278,12.950968,27.160090692275634,19.600786298364273,10.881745091800939,37.013511046643494,49.87644107149403,57.71909127784658,7.213249,8.415356,6.0111427,2.404213,-0.933602,0.23112321,2.0,0.0,0.0,5.4255915,0.88289404,0.46957183,-1.0080565,0.858873,1.571374e-06,1.08669e-05,3.6141602e-05,1.014897,1.2206869
189.01138,289.88834,212.12636,15.259446,244.614,203.13197,203.31236,204.2004,-41.482025,0.1803894,6.3297267,65.24000000000001,42.19119774885981,8.222036338743285,21.46767638878527,19.064235934991224,18.477214668061208,3.2485104,5.1539116,1.3431091,3.8108025,-0.3669958,0.22446582,2.0,0.0,0.0,6.6537046,-0.9678,0.25171974,0.46742907,1.7092,8.828361e-06,2.11233e-05,0.0002030523,1.2042122,1.4270936
193.21506,291.44843,209.41107,10.57005,243.10878,200.03093,198.17558,200.84906,-43.07785,-1.8553467,2.4780838,64.48,42.33850270714631,12.01861546074775,10.816653826391969,10.99313471047623,19.71305920184909,4.318809,4.497732,4.139886,0.35784626,-0.7437351,0.15257794,2.0,0.0,0.0,5.053198,-0.97863925,0.20558429,0.4152241,1.440001,7.1826657e-06,2.08791e-05,0.00016520132,1.215356,1.4570168
188.78268,292.63058,210.59277,14.927514,234.12143,193.64207,195.38116,199.39294,-40.479355,1.73909,3.290429,52.960000000000015,34.815065616800474,22.799978959412822,22.47220505424423,20.287184288451915,23.25115802642084,2.424662,2.2556572,2.593667,-0.33800983,-0.49481857,0.25377947,2.0,0.0,0.0,4.888474,-0.9786528,0.20551957,0.596548,1.700654,6.3279654e-06,1.84371e-05,0.0001455432,1.2090422,1.5111932
186.4263,292.70056,224.83061,19.664764,211.79993,198.53659,204.51045,214.40381,-13.263336,5.9738617,4.8288,68.82000000000002,31.049962229595053,12.660973507929645,12.0,12.80088447715601,10.3380811424554,5.2208667,5.1947336,5.2469997,-0.05226612,-0.8225049,-0.21592216,2.0,0.0,0.0,2.2928548,-0.32849985,0.9445036,-0.51164526,0.739229,7.0180963e-06,1.3919401e-05,0.00016141622,1.0668055,1.4742903
181.83154,293.4304,226.56209,23.432182,189.95746,195.98582,204.25058,213.30981,6.028366,8.264755,7.0690575,46.24,25.58222274183923,11.60802101073178,9.433981132056603,10.623734295224079,11.445902047803303,5.214762,7.9094877,2.5200367,5.389451,-0.07987645,-0.31726325,2.0,0.0,0.0,2.6083052,-0.1282386,0.99174297,0.010961169,1.854482,8.785891e-06,1.5506701e-05,0.00020207549,0.9692408,1.4972022
189.52162,277.5493,226.77907,14.417826,256.08295,222.67044,218.40147,223.9159,-33.412506,-4.2689667,9.961352,45.04000000000159,35.42041274545718,7.9590183981565445,15.524174696260024,24.801456305405154,33.54660641855086,4.1580067,5.0921097,3.2239037,1.868206,-0.81847835,0.42251143,2.0,0.0,0.0,1.7897128,-0.55658734,0.83078843,-0.57351094,1.192167,9.2796e-06,1.75824e-05,0.0002134308,1.1500536,1.2464577
206.71817,287.92752,253.2161,17.672853,238.06029,239.08885,243.57713,250.47795,1.0285645,4.4882812,12.273368,,,,,,,4.969076,5.8886824,4.04947,1.8392124,-0.39620143,0.86779207,2.0,0.0,0.0,4.1196985,0.43173847,0.9019986,-0.17835128,1.162256,3.1746004e-06,1.2576301e-05,7.3015806e-05,0.995698,1.20427
187.16577,291.40173,212.85844,14.817185,230.03062,195.57477,195.70508,201.54327,-34.455856,0.13031006,3.9378388,65.32000000000001,35.15936364022481,11.438538251043997,15.264337522473747,13.873324057121103,16.323792475607075,3.2034945,3.2838001,3.123189,0.16061115,-0.5125758,-0.78921866,2.0,0.0,0.0,3.7529118,-0.9950337,0.09953589,0.7089464,2.538162,5.584748e-06,1.5506701e-05,0.0001284492,1.1761774,1.4899762
196.30006,270.42545,223.76245,13.594779,226.38644,207.78374,211.49217,217.8871,-18.602707,3.708435,8.5841055,54.9,37.60369209770366,8.00717342639906,15.033296378372908,16.60592184557817,19.289259964722486,2.0897045,1.6101589,2.56925,-0.9590912,-0.102411464,-0.18753615,2.0,0.0,0.0,2.935167,-0.8355525,0.54941005,-0.5450862,0.418754,1.2247161e-05,2.10012e-05,0.0002816847,1.0895292,1.3014755
188.78268,292.63058,210.59277,14.927514,234.12143,193.64207,195.38116,199.39294,-40.479355,1.73909,3.290429,65.22,38.907449783399066,17.49913116249302,8.602325267042627,10.693701742167374,12.896183838373624,2.424662,2.2556572,2.593667,-0.33800983,-0.49481857,0.25377947,2.0,0.0,0.0,4.888474,-0.9786528,0.20551957,0.596548,1.700654,6.3279654e-06,1.84371e-05,0.0001455432,1.2090422,1.5111932
206.30348,287.885,242.3283,13.03442,230.91757,241.89879,233.46663,242.0165,10.981216,-8.432159,2.4238977,,,,,,,4.4288716,4.1738386,4.6839046,-0.51006603,-0.6394993,0.70746654,2.0,0.0,0.0,2.4932742,0.057774816,0.9983292,-0.7039303,0.26065302,5.1069655e-06,1.3919401e-05,0.00011746021,0.9546041,1.1901052
200.28004,294.8375,269.08575,24.545248,208.68304,222.27728,235.29369,270.22824,13.594238,13.016403,8.469836,27.359570951938462,9.778982080358393,3.024900100775797,47.4236228055175,47.65865394880542,46.96137353154951,2.8786473,2.8546133,2.9026814,-0.048068047,0.65600663,-0.512281,2.0,0.0,0.0,4.5048265,-0.81079334,0.5853321,0.30245408,1.871574,5.2556084e-07,6.9597004e-06,1.2087899e-05,0.9388411,1.3264401
204.53168,293.1087,251.7504,22.536331,221.10962,242.67055,238.55295,240.9665,21.560928,-4.1175995,8.76676,39.8,25.103647538996523,5.022172848264398,24.351591323771842,28.300175735507977,92.45930467484186,5.0455666,6.8306046,3.2605286,3.570076,0.5602841,0.75038785,2.0,0.0,0.0,12.068498,0.76956266,0.6385712,1.7314941,4.0337124,1.6403868e-06,1.69719e-05,3.7728896e-05,0.91115147,1.2078462
204.53168,293.1087,251.7504,22.536331,221.10962,242.67055,238.55295,240.9665,21.560928,-4.1175995,8.76676,39.32000000004248,24.977934147676503,7.682523421003317,24.041630560342615,28.16546003452668,31.58142545753067,5.0455666,6.8306046,3.2605286,3.570076,0.5602841,0.75038785,2.0,0.0,0.0,12.068498,0.76956266,0.6385712,1.7314941,4.0337124,1.6403868e-06,1.69719e-05,3.7728896e-05,0.91115147,1.2078462
214.04489,291.9414,257.72214,22.445257,237.29857,251.93314,261.34808,261.70883,14.634567,9.4149475,16.600304,33.680000000465455,25.397080021897146,10.814989268430407,44.0,40.14237067801484,42.645529078961275,6.573283,9.633867,3.5126991,6.121168,0.7226497,-0.018201485,2.0,0.0,0.0,7.618731,0.7030896,0.71110106,1.6504927,3.4440382,2.898548e-06,1.2210001e-05,6.66666e-05,0.9419109,1.1588051
204.84715,289.45688,251.16196,23.614328,239.17244,245.19077,246.10211,250.08577,6.018326,0.91134644,20.434242,36.9599999997344,23.43097204802709,7.389384923415095,31.38470965295043,53.135655103598125,68.53369018611376,6.748583,10.200013,3.2971525,6.9028606,0.6384703,0.5449199,1.0,0.0,0.0,17.618046,0.9023604,0.4309822,1.8903384,3.499587,4.618565e-07,1.9413901e-05,1.06227e-05,0.9754545,1.1805375
194.86823,291.79572,223.19432,19.422052,235.26202,218.26884,208.24487,208.36494,-16.99318,-10.023972,8.399537,46.16000000000001,31.38313847922044,5.932167795400278,31.622776601683793,36.22268928113216,38.52920322120013,4.2879076,5.775758,2.8000574,2.9757004,-0.7938726,0.11633298,2.0,0.0,0.0,3.6002412,-0.8225946,0.56862783,-0.57239616,0.679407,6.051914e-07,6.5934e-06,1.3919403e-05,1.0778544,1.3368638
196.242,295.22003,232.7335,26.553947,207.13278,219.05504,225.71939,228.14424,11.922256,6.6643524,20.89117,41.44,27.946901393675358,7.1171834566834935,42.44997055358225,54.48503420784441,50.42047178158455,6.746675,7.3917913,6.1015587,1.2902327,0.13080403,0.8789933,2.0,0.0,0.0,6.048538,0.63978714,0.7685519,3.448311,9.186951,6.4394476e-06,2.01465e-05,0.0001481073,0.94557416,1.347698
187.71979,287.48163,223.95834,19.363804,217.24254,200.76584,199.78987,209.64423,-16.4767,-0.9759674,6.9766564,44.95,36.56834681575635,28.039724594214043,31.575306807693888,36.14378101437274,41.231744707937025,5.315097,7.140765,3.4894285,3.6513367,0.40932238,0.87956285,2.0,0.0,0.0,3.6896124,-0.72458607,0.68918395,-0.7095038,2.6706252,2.266813e-06,8.669101e-06,5.21367e-05,1.0820693,1.431925
186.58391,291.7367,230.84346,19.963177,205.8189,207.0129,222.26755,231.3638,1.1940002,15.254654,7.704025,46.82000000000001,24.16038822828918,10.884801186942093,24.73863375370596,24.57674676966803,26.67224397040518,4.755245,5.6540594,3.856431,1.7976284,0.49488252,0.81309074,2.0,0.0,0.0,3.954219,-0.8320026,0.5547713,-1.1055924,1.350268,2.8985482e-06,1.26984005e-05,6.666661e-05,0.99423224,1.4092683
185.18726,294.33475,233.36978,30.302567,193.74606,198.2611,210.99884,216.36302,4.51503,12.737747,13.863071,52.120000000000005,20.620031649983265,8.23361055052466,7.0710678118654755,6.453955596486241,7.713609581942928,3.5516129,5.746764,1.3564615,4.3903027,-0.0024566054,-0.2872305,2.0,0.0,0.0,4.6031103,-0.94756335,0.3195673,-1.1685727,2.157865,-5.5475875e-06,2.5152602e-05,-0.00012759451,0.97722685,1.4845815
179.41684,290.6305,220.73322,24.350773,188.67726,190.29204,193.48116,204.04955,1.6147766,3.1891174,10.621193,45.32000000000001,26.318685736290853,14.62181098229363,24.698178070456937,24.385010899578056,23.51486494420736,3.6769352,4.773938,2.5799322,2.194006,-0.22160903,-0.8949386,2.0,0.0,0.0,3.946171,-0.84669214,-0.53208274,-1.1319735,2.418518,-6.535005e-06,1.90476e-05,-0.00015030512,0.9915142,1.5272866
181.38614,294.68896,225.07945,26.25236,188.90637,192.82576,197.55614,214.52148,3.9193878,4.730377,14.546654,39.760000000000005,26.528210497119023,7.3643203237493635,26.92582403567252,23.790927170495603,19.519757539148692,6.3232102,11.359774,1.2866468,10.073127,-0.34336287,-0.043022335,2.0,0.0,0.0,2.4569912,-0.9728271,0.23153085,-1.7376248,3.0979252,-8.992931e-06,1.7948701e-05,-0.0002068374,0.9796739,1.5282656
195.53156,291.47412,224.09709,21.239006,243.22902,206.32234,206.21092,211.81679,-36.906677,-0.11141968,10.519824,43.96,34.45772703961255,9.99005040019606,20.0,22.91721230483169,28.488832014184855,4.270358,6.1225414,2.4181747,3.7043667,0.36301658,0.120306015,2.0,0.0,0.0,2.5515854,-0.97073025,0.24017076,0.030654121,2.3458772,-5.786478e-06,1.3553101e-05,-0.000133089,1.1788787,1.4127123
185.70352,294.28275,233.14864,30.199589,193.13908,197.72707,210.3888,216.66795,4.587982,12.661728,13.958928,50.45,19.91957116135721,8.112519407233357,5.0,5.9291512908856046,6.367401167040264,3.5516129,5.746764,1.3564615,4.3903027,-0.0024566054,-0.2872305,2.0,0.0,0.0,4.6031103,-0.94756335,0.3195673,-1.1685727,2.157865,-5.5475875e-06,2.5152602e-05,-0.00012759451,0.9767964,1.4883281
183.58202,290.0709,227.61336,25.28119,189.6588,194.56126,208.82417,220.93015,4.902466,14.262909,14.062048,46.78000000000001,27.05860291699388,9.395617471447185,22.80350850198276,18.63968789276234,19.05556045942188,3.592433,5.775758,1.4091082,4.3666496,0.5530871,-0.38619435,2.0,0.0,0.0,3.6776068,-0.9264483,-0.37642145,-2.080022,1.333176,-8.541691e-06,2.01465e-05,-0.0001964589,0.97480243,1.4908974
194.21062,289.39636,221.42632,15.297797,252.52153,205.8352,207.75885,213.6228,-46.686325,1.923645,6.5003476,51.54,36.97880733886277,7.087329251835278,16.64331697709324,17.017425639444166,23.087652680501364,3.5134625,3.0289574,3.9979677,-0.96901035,-0.33194867,-0.16149871,2.0,0.0,0.0,3.9955215,-0.9648622,-0.26275536,1.2237501,4.247362,-7.2676044e-06,2.11233e-05,-0.0001671549,1.2268142,1.4059614
182.71265,293.35553,241.48042,32.090286,190.71684,198.99878,212.97548,233.18144,8.281937,13.9767,20.493048,51.92,19.31655719900967,8.720108585574916,8.06225774829855,11.696862645620218,11.478681774008969,3.760293,6.09927,1.4213161,4.6779537,-0.18007776,-0.34847936,2.0,0.0,0.0,3.7297816,-0.98287565,0.18426873,-1.022919,2.170684,-4.8840006e-06,2.9792402e-05,-0.00011233201,0.95838195,1.4741575
197.41342,284.6448,229.27135,17.165823,241.99734,206.69191,215.26268,225.16122,-35.305435,8.57077,7.4295816,,,,,,,4.4622536,4.520623,4.403884,0.11673927,-0.574594,0.27810514,2.0,0.0,0.0,4.169418,-0.94306576,-0.33260557,1.1618844,3.6747801,-6.2536433e-06,2.3443201e-05,-0.0001438338,1.1708119,1.3771454
187.99066,280.24844,223.12772,16.616074,238.30984,218.17291,213.8055,217.42476,-20.136932,-4.3674164,10.495406,41.720000000000006,26.678688325991192,9.34,44.82186966202994,47.17135042374815,48.82337740593664,6.82164,10.4960575,3.1472225,7.348835,0.17530727,-0.7795684,2.0,0.0,0.0,0.76470417,0.7949907,0.6066194,-0.510159,2.012583,-1.4492738e-05,1.36752005e-05,-0.00033333298,1.092298,1.2845244
184.92621,282.0399,221.5197,22.009703,227.15883,214.16399,205.29207,206.90509,-12.994843,-8.871918,10.065132,34.92,19.05450055340343,8.6,44.384682042344295,43.03618477556267,57.05229553331013,5.1487627,6.888975,3.4085503,3.480425,0.772331,0.5669715,2.0,0.0,0.0,2.414053,-0.253348,-0.9673748,0.6099244,2.341604,-8.759348e-06,2.5396801e-05,-0.00020146501,1.060677,1.3169342
179.98451,283.5844,216.22401,23.588377,189.2938,200.12277,207.26978,210.1273,10.8289795,7.147003,16.455488,47.160000000000004,27.545888019265504,6.9,20.248456731316587,83.7459458506434,34.32387751750897,9.875357,12.473752,7.2769604,5.1967916,0.01059109,-0.9618517,1.0,0.0,0.0,0.53473866,0.9999043,-0.013697321,-1.4567214,4.584929,-1.4938672e-05,1.40415e-05,-0.00034358946,0.94588834,1.4170521
183.38553,244.9058,203.0067,10.704677,189.03456,188.34203,193.43535,196.79211,-0.6925354,5.0933228,2.8080645,38.760000000000005,22.516731458505653,4.32,20.518284528683193,19.057301001227614,22.1754568277983,7.659223,10.628057,4.6903896,5.937667,-0.7049184,0.6184851,2.0,0.0,0.0,3.018656,0.53381026,-0.84560394,0.8519991,3.6491423,-4.841531e-06,3.35775e-05,-0.000111355206,1.003677,1.3003248
184.21202,253.5921,211.62273,12.5587225,199.01045,196.8685,201.6733,210.73647,-2.1419525,4.8047943,5.287621,51.4,31.383800638977636,10.779999999999998,16.76305461424021,20.29713747188642,19.120521886118457,13.508381,12.945669,14.071093,-1.1254234,-0.30070585,0.92011654,2.0,0.0,0.0,5.386459,0.43173605,-0.9019997,0.8211591,3.7046912,-1.7306354e-06,3.93162e-05,-3.9804614e-05,1.0108801,1.2881294
178.07803,289.58145,208.57074,26.87383,187.27841,187.12234,188.77875,196.06319,-0.1560669,1.6564026,18.560066,32.6,19.126964824120602,11.100000000000001,41.23105625617661,44.297825633637736,42.957378951920035,7.4827795,10.314845,4.650714,5.664131,0.0041137487,-0.8791069,2.0,0.0,0.0,3.386896,0.8480993,-0.52983683,-1.376835,2.7560852,-7.649831e-06,1.69719e-05,-0.0001759461,1.000834,1.5475514
179.42451,273.1886,195.49486,10.54455,184.72708,185.79503,187.5953,190.85461,1.0679474,1.8002777,5.076299,33.540000000000006,24.419886731391585,11.45,23.769728648009426,26.421633084315705,30.294388684820245,5.8657913,9.884512,1.8470707,8.037441,-0.4620462,-0.65637183,2.0,0.0,0.0,4.021292,0.48541087,-0.87428594,0.99226487,3.448311,-6.418213e-06,2.6862e-05,-0.0001476189,0.994252,1.4703763
214.19034,291.42508,268.8473,20.676949,269.8984,247.0711,246.4445,260.21127,-22.827301,-0.6266022,8.917169,28.699997424169766,16.74007966275454,6.07516702263555,28.071337695236398,28.886295965636812,28.696438334713815,7.065799,11.127057,3.0045414,8.122516,-0.16103473,0.93881965,2.0,0.0,0.0,2.8500187,0.67290705,-0.7397266,-1.2148324,1.021247,1.7879687e-05,2.6617801e-05,0.0004112328,1.0923916,1.179519
230.14053,293.80225,274.9326,13.033189,277.05344,277.89392,272.34674,273.18658,0.8404846,-5.54718,10.22015,28.53999512649681,16.34401276615269,6.14207813581716,48.46648326421054,52.593246130880765,53.975902030911314,13.153013,17.952856,8.353171,9.599685,0.36369413,0.92694426,0.0,2.0,0.0,10.441634,0.99819267,0.06009265,-4.5761976,-0.329021,2.3682096e-05,3.18681e-05,0.0005446882,0.99697554,1.0572461
232.02528,293.71753,274.95685,13.207294,276.31854,278.11453,272.48596,273.22748,1.79599,-5.6285706,10.3070755,29.560000000000002,15.69102106161947,5.0600000000000005,40.44749683231337,47.572251152136666,51.997654493642905,13.153013,17.952856,8.353171,9.599685,0.36369413,0.92694426,0.0,2.0,0.0,10.441634,0.99819267,0.06009265,-4.5761976,-0.329021,2.3682096e-05,3.18681e-05,0.0005446882,0.99354225,1.0561028
190.06184,292.34955,217.94263,17.78709,200.24664,197.71921,200.4167,206.48859,-2.5274353,2.6974945,3.003834,50.519999999999996,28.24575442470961,8.504925712875721,20.0,20.540999141444946,21.234362264694138,7.3376184,8.3272295,6.348007,1.9792223,-0.9676733,0.20515536,2.0,0.0,0.0,5.912563,-0.99785566,-0.06545007,0.88544,2.666352,-1.3324825e-06,2.0757002e-06,-3.0647097e-05,1.0127829,1.4786098
225.52168,294.4859,275.48544,15.248198,257.53293,258.26828,264.4102,271.08432,0.73535156,6.1419067,9.142958,10.345397865291357,9.305802235546206,8.299200423209152,48.60041152089147,54.54749230803904,58.307432343508346,2.5415912,3.1014423,1.98174,1.1197023,-0.5676204,-0.68825877,3.0,3.0,9.0,5.6691446,-0.9922512,0.12424672,-0.32381913,2.341604,-2.0279217e-06,3.1746001e-06,-4.66422e-05,0.99715275,1.1402326
205.77,293.8265,285.23294,11.096803,291.0521,281.5883,282.00848,283.4676,-9.463806,0.42019653,5.0877113,19.876710482036348,11.261921292941377,6.2382451766155045,25.079872407968907,22.161366860259857,19.99016564590532,4.042603,3.765252,4.319954,-0.5547018,-0.5059908,-0.6258936,3.0,2.0,6.0,4.829401,-0.99972343,0.023508037,-0.5185193,1.807479,-2.3358261e-06,1.9536e-06,-5.3724e-05,1.0336087,1.0434614
193.8173,293.81464,270.2966,26.872034,204.71547,224.33794,245.81693,261.07562,19.622467,21.478989,12.812576,30.499958511097105,13.01778998583613,5.422271188258174,3.1622776601683795,6.953317637054042,9.609146824164448,5.7002206,6.901182,4.499259,2.4019232,-0.31517532,-0.8514979,3.0,2.0,6.0,6.740125,-0.9919767,0.12641951,-0.28536212,1.871574,-1.7890306e-06,2.0757002e-06,-4.1147705e-05,0.9125317,1.3096967
192.88928,296.92285,268.6711,24.80244,282.96722,259.20755,261.71155,267.03598,-23.759674,2.5039978,18.522354,30.13999932203551,13.583535472286167,1.8045609775140588,31.016124838541646,31.82875131149306,36.73019131845763,8.362709,13.444288,3.281129,10.163159,-0.29098368,0.9011743,2.0,0.0,0.0,4.747955,-0.98062,-0.19591832,-0.883582,2.64926,2.7339784e-06,1.1965801e-05,6.28815e-05,1.0916628,1.1455023
196.83836,295.81433,262.51254,23.602112,243.70462,242.85623,248.31104,257.10233,-0.8483887,5.4548035,17.159718,29.11999716472166,15.521744057151444,4.44167745301541,40.718546143004666,40.950340246791534,44.28950973079835,9.602585,12.336413,6.8687563,5.467657,-0.094799876,0.8429884,2.0,0.0,0.0,4.9039054,-0.9885179,-0.15110306,-0.79236287,3.384216,-2.9197835e-07,1.0256401e-05,-6.7155024e-06,1.0034934,1.2180636
198.69633,296.05035,252.8568,32.585632,215.42284,226.88692,231.40593,245.82304,11.464081,4.5190125,24.786226,39.71999999991255,15.625200738292843,3.140780550418582,22.627416997969522,22.4940725765429,26.80052178460438,7.717402,7.8793488,7.555455,0.32389355,-0.092843115,0.8856672,2.0,0.0,0.0,5.284164,-0.9991634,-0.040890615,-0.90271777,3.6534152,-2.6915086e-06,1.50183005e-05,-6.19047e-05,0.94947225,1.3048366
199.10364,295.09714,244.49007,27.493073,208.89757,213.31265,224.66267,237.01993,4.415085,11.350021,17.800743,32.579999998536955,16.074021201578628,4.899813569888962,19.6468827043885,21.65397185094694,27.219804015540358,3.8043556,3.3429317,4.2657795,-0.92284775,-0.6505648,0.4963845,2.0,0.0,0.0,5.4717484,-0.99279726,0.11980498,-0.95399374,2.243325,-3.0843526e-06,1.1965801e-05,-7.094011e-05,0.9793023,1.383402
187.69598,284.91956,227.82512,16.865477,236.57724,213.89517,220.69112,226.36845,-22.682068,6.795944,9.472925,32.079999992648524,22.539195133627068,5.918788269192926,25.45584412271571,25.92793119730891,27.822133672450885,4.4071264,5.120723,3.69353,1.4271927,0.13577574,0.7509717,2.0,0.0,0.0,1.2353274,-0.15317082,0.98819894,-0.940989,3.465403,-6.2377176e-06,1.96581e-05,-0.0001434675,1.1060429,1.3320524
188.62347,289.3614,234.04315,22.018187,222.72882,209.1962,209.20058,218.83447,-13.532623,0.0043792725,6.859713,28.75999542521644,19.433581031652924,5.3628962195968715,10.770329614269007,29.976802087190215,35.342573384149006,5.709186,7.605813,3.8125591,3.793254,-0.3384939,0.89982045,2.0,0.0,0.0,2.7203407,-0.18488449,-0.98275983,-0.57016677,2.405699,-1.4439654e-06,3.21123e-05,-3.3211203e-05,1.0646887,1.3832058
192.19962,281.6788,231.08904,11.899847,237.1002,227.35927,235.74756,234.90063,-9.740936,8.38829,2.9586465,28.919997296023702,20.343409438592555,5.084660265683682,36.124783736376884,34.76585402026213,38.25566444248247,3.9458938,4.9250135,2.966774,1.9582396,-0.44381505,0.79513264,2.0,0.0,0.0,2.6656578,-0.6113691,-0.7913451,-1.5525855,0.653769,-6.513769e-06,2.0512802e-05,-0.0001498167,1.0428438,1.238915
190.3568,294.03354,234.79552,26.372938,244.22656,210.98184,217.90343,223.44185,-33.24472,6.921585,16.208094,35.980000000000004,21.78765976095955,4.3595007998008715,25.612496949731394,29.78520266276655,28.797788272634953,3.5691614,2.4658632,4.6724596,-2.2065964,0.53998834,0.64587045,2.0,0.0,0.0,0.49776223,0.95646375,0.29184407,-0.32660583,2.52107,-6.258952e-06,1.47741e-05,-0.0001439559,1.1575714,1.3936439
199.34006,292.11298,235.22725,21.10319,218.00412,217.31387,217.91948,224.2823,-0.6902466,0.6056061,6.699777,46.039999999999914,23.803518070347796,6.2101706353291295,32.2490309931942,32.52571091122668,30.930525194588,8.609541,9.157374,8.061707,1.0956678,0.010738805,0.9677731,1.0,0.0,0.0,6.0368824,0.73929906,-0.6733769,0.09103348,2.0510402,9.449476e-07,3.38217e-05,2.1733795e-05,1.0031762,1.3441985
193.1561,293.93222,264.73123,25.556826,270.58093,266.67044,267.9327,266.72943,-3.910492,1.2622681,22.499485,,,,,,,15.508967,22.490036,8.527899,13.962137,-0.710541,0.5565917,2.0,0.0,0.0,1.0103776,0.5449029,-0.83849806,-1.3484104,0.98706305,-9.5025666e-07,6.3492002e-06,-2.1855903e-05,1.0146642,1.1022302
205.35312,295.70325,284.58456,11.697809,289.99597,282.24304,286.61902,285.60864,-7.7529297,4.3759766,8.798334,30.619997127439508,11.351856873658084,3.6395756841644493,25.80697580112788,69.62209654256831,66.17384688232167,14.490934,22.752888,6.228979,16.523909,-0.81885123,0.44038138,2.0,0.0,0.0,1.5592457,-0.5449054,-0.8384968,-1.6438047,1.055431,-7.9630445e-07,4.3956e-06,-1.8315002e-05,1.027469,1.0476902
258.6719,290.40012,284.12802,3.2997017,285.40332,284.57767,284.5621,284.52048,-0.8256531,-0.015563965,1.4437851,15.320000000000002,9.747361522198732,2.8599999999999994,33.24154027718932,57.09674026581646,58.90767146610157,7.421167,11.568454,3.27388,8.294574,-0.20467952,0.8138437,3.0,2.0,6.0,13.675586,0.99637496,-0.08506946,-8.093805,-0.52985203,-6.901305e-08,2.11233e-05,-1.5873001e-06,1.0029013,1.02046
183.3608,291.9693,232.10477,26.207869,191.13368,197.72363,204.62068,216.5565,6.5899506,6.897049,11.823283,44.75999999999998,24.642936193903488,11.26013473202176,20.518284528683193,51.90852094876195,37.608942430454626,7.5747213,10.061529,5.0879135,4.9736156,0.38314515,-0.915537,2.0,0.0,0.0,6.6927595,-0.9969907,0.0775194,-1.0610046,2.042494,6.816366e-06,1.47741e-05,0.00015677641,0.96667093,1.4766536
185.36458,251.07378,209.93594,10.948183,191.84068,194.9803,201.14238,206.22902,3.139618,6.162079,5.272576,32.239999789384896,28.217229611889096,24.580968073931015,48.54894437575342,60.17013663270291,63.17145325339697,7.1165395,10.351088,3.8819914,6.469096,-0.30700684,-0.8885278,2.0,0.0,0.0,7.956114,-0.99993885,-0.011047353,-0.6346334,2.025402,6.5987088e-06,1.78266e-05,0.0001517703,0.98389775,1.2876879
198.92784,287.99332,237.22891,19.982698,219.81943,217.512,222.63545,232.42839,-2.307434,5.123459,13.444337,,,,,,,8.867052,7.653881,10.080222,-2.426341,0.9121457,0.34355932,1.0,0.0,0.0,6.605464,-0.24505687,0.9695085,0.3325509,1.7220191,-5.4361053e-06,6.2271e-06,-0.00012503042,1.0106083,1.3240342
186.64848,291.75586,225.89038,24.650198,209.54692,193.63637,199.51254,209.20306,-15.910553,5.876175,8.371464,62.36,28.927088239099497,10.48,5.385164807134504,5.529948369876711,8.674117479920346,4.820291,4.6388874,5.0016947,-0.36280727,-0.30958927,0.69996303,2.0,0.0,0.0,2.7829354,0.09211764,0.9957478,-0.29836687,1.995491,-6.657105e-06,1.08669e-05,-0.00015311342,1.0821671,1.5067204
181.74304,287.80347,224.92555,23.696758,191.85725,198.02103,201.2091,208.16692,6.1637726,3.1880798,11.140287,55.54,28.329037699680512,9.6,11.180339887498949,11.416292724341162,10.978152513054113,8.34764,6.5746193,10.120661,-3.5460415,-0.1800108,0.8492849,2.0,0.0,0.0,2.9633603,0.5697237,0.8218358,-0.24616204,4.029439,-7.77724e-06,1.3431e-05,-0.00017887652,0.96887314,1.4533985
187.10852,293.29907,226.54909,20.925247,221.63248,194.58936,198.43015,213.61578,-27.043121,3.8407898,5.552168,31.219970993159954,25.461536364785044,19.469808063824225,36.49657518178932,51.32848263869412,54.86059591598655,6.4304113,8.309299,4.551523,3.7577763,-0.049986452,0.79848576,2.0,0.0,0.0,2.5604835,-0.23838265,0.97117096,-0.71043265,0.35893202,-4.8468396e-06,1.0622701e-05,-0.00011147731,1.1389754,1.5072719
193.96068,294.0807,250.9466,26.842302,202.91396,209.0916,217.67365,235.58551,6.177643,8.5820465,7.080356,48.06,25.06488127589034,13.594412470564631,11.661903789690601,10.064443476088162,11.885852357605692,2.759046,1.9226074,3.5954847,-1.6728773,0.49057114,-0.578585,2.0,0.0,0.0,3.0931842,-0.96375465,0.26678875,0.3765815,3.8328812,1.5979175e-06,6.9597004e-06,3.6752102e-05,0.9704549,1.4064683
193.40044,296.73355,277.63293,21.169706,280.79544,273.67032,269.13242,271.96277,-7.125122,-4.537903,16.676777,24.33956278792647,15.724225867958873,5.526645097439814,39.6232255123179,37.70547927242758,37.93348339176697,4.7233896,5.1531496,4.2936296,0.85951996,0.33027428,-0.93014187,2.0,0.0,0.0,7.152775,-0.99994385,-0.010581416,-0.2190377,1.1152531,2.3092825e-06,7.2039e-06,5.3113497e-05,1.0260354,1.0842738
194.28871,293.88214,243.82101,25.101576,206.5959,207.83693,214.78003,225.8051,1.2410278,6.9431,7.9150205,45.14,26.532194130413462,10.306699134494481,13.601470508735444,15.96861171516882,17.482153007589865,4.9812837,5.8196306,4.1429367,1.6766939,0.05974897,-0.983783,2.0,0.0,0.0,4.5329976,-0.9783778,0.2068247,0.43510285,4.48665,1.4333478e-06,6.2271e-06,3.2967e-05,0.99402887,1.4140035
197.28748,295.39713,240.11249,26.528618,210.42558,207.98758,219.2459,224.54411,-2.4380035,11.258316,7.2193685,61.24000000000001,23.832247322910398,6.021455719567221,13.45362404707371,13.58506738033237,12.394411992821112,1.9685783,2.000433,1.9367237,0.06370926,-0.3881852,-0.15357178,2.0,0.0,0.0,2.9473994,-0.9989987,-0.044731285,0.038457032,2.5723462,1.0351957e-06,5.9829003e-06,2.3809502e-05,1.0117218,1.4202633
209.35168,296.6174,276.20605,20.353947,231.41556,249.08745,263.70868,277.08905,17.67189,14.621231,10.949178,35.01999998475965,11.502032628077952,4.238935861113596,8.94427190999916,9.431047650083984,9.072625899920986,7.0646553,12.184958,1.9443521,10.240606,-0.40962026,-0.56855553,2.0,1.0,2.0,3.4266474,0.001068756,0.99999917,2.6637511,4.0379853,-4.8309134e-06,-1.3431e-06,-0.00011111101,0.9290535,1.1908163
211.28355,295.12433,260.10394,23.291845,228.08,243.43246,257.012,262.05432,15.352463,13.579529,15.968797,41.1399999999997,18.68987478523689,12.045335466081317,25.0,25.53296860318208,25.290488694019242,11.382854,12.804132,9.961576,2.842556,0.2951548,0.76247156,1.0,0.0,0.0,11.652672,0.69111073,0.7227488,2.354609,8.524635,-2.760522e-06,8.0586005e-06,-6.349201e-05,0.9369334,1.2123458
203.32869,294.95523,259.4408,22.963127,228.25027,240.99423,255.99986,261.02692,12.7439575,15.0056305,16.043882,,,,,,,11.382854,12.804132,9.961576,2.842556,0.2951548,0.76247156,1.0,0.0,0.0,11.652672,0.69111073,0.7227488,2.354609,8.524635,-2.760522e-06,8.0586005e-06,-6.349201e-05,0.94711924,1.22391
191.57124,293.00253,241.0923,19.140882,207.23677,225.83412,229.17853,238.6191,18.597351,3.3444061,12.330355,25.92090666242933,14.12019522313583,6.562055915974018,9.055385138137417,11.96062875693828,27.50533362087425,2.6415439,3.6370678,1.6460199,1.9910479,-0.86640185,0.18149823,3.0,3.0,9.0,3.221124,-0.995208,0.09777751,0.44643563,1.290446,1.2210003e-07,7.692301e-06,2.808301e-06,0.9176504,1.2974237
197.0914,295.18582,252.83125,27.154022,200.73526,210.71796,228.49846,238.54176,9.982697,17.780502,10.75148,42.47999999999996,21.391085767181664,10.210756240742136,7.211102550927978,9.741314940461558,9.603432612250712,2.5892792,3.1125069,2.0660515,1.0464554,-0.41793096,0.4764173,2.0,0.0,0.0,4.9526634,-0.9997371,0.022922967,0.32251865,1.3759061,4.0186824e-06,9.645901e-06,9.24297e-05,0.95262533,1.4008574
217.47324,293.95892,279.3471,15.486876,273.42746,272.57605,269.58514,270.81592,-0.8514099,-2.9909058,7.8669987,27.640136772936483,17.27890993205293,9.392776742029737,24.515301344262525,21.35787524501357,22.31940893143442,5.1115656,7.6649456,2.5581856,5.10676,0.2832552,0.9272445,2.0,0.0,0.0,2.0710373,-0.5287265,0.8487917,-0.24857712,1.781841,9.024783e-07,5.3724e-06,2.0757001e-05,1.0031235,1.0784473
191.97101,294.49506,247.47473,28.04252,196.18831,207.28328,224.66292,241.99242,11.094971,17.379639,16.851198,45.499999999999986,20.07535166030858,6.418413061652427,7.615773105863909,8.73123353255401,9.443993540392832,3.4922895,4.786909,2.19767,2.5892391,-0.4871016,0.38934797,2.0,0.0,0.0,4.3760176,-0.9984108,0.056350652,-0.023222804,1.461366,2.813609e-07,6.3492002e-06,6.471301e-06,0.9464744,1.4207371
200.89244,293.87357,255.15756,28.120619,207.33092,223.61638,246.29045,253.07288,16.285461,22.674072,19.903774,36.93995841021229,19.454553660079593,8.015611108109145,12.041594578792296,14.063412171561394,13.01856139151954,3.1163206,3.73168,2.5009613,1.2307186,0.4911081,0.5477373,2.0,0.0,0.0,5.0946994,-0.99989986,0.014137092,-0.08211593,1.9570341,1.2953218e-06,6.3492002e-06,2.9792402e-05,0.9271723,1.3141862
202.32832,294.20306,254.34557,25.88907,218.78198,216.60397,227.18253,238.39772,-2.178009,10.578552,11.193733,40.62000000033619,24.548123559134403,11.955853281038262,10.44030650891055,13.460796787006585,16.976832726154218,2.37087,1.5853605,3.1563797,-1.5710192,0.595429,-0.08226514,2.0,0.0,0.0,4.2103205,-0.9965315,0.08321342,0.558091,3.0808332,4.3106606e-06,1.4163601e-05,9.9145196e-05,1.0100553,1.3582534
191.01971,296.1066,246.51332,32.20074,200.85936,203.17209,214.12152,232.34326,2.312729,10.949432,19.16433,78.33333333333331,27.65308866233784,6.415083162354675,28.0178514522438,44.79865817062702,41.95566403970313,9.000004,11.985814,6.0141945,5.9716196,0.073869176,0.97544587,2.0,0.0,0.0,3.079643,-0.51332927,0.8581914,0.14100902,3.63205,-3.9231263e-06,3.2967e-06,-9.02319e-05,0.9886169,1.4574177
198.46011,292.9656,230.40334,18.983103,241.0086,210.66733,212.69626,219.33499,-30.341278,2.0289307,9.115202,56.74000000000001,37.53998883629814,10.351358172569295,15.033296378372908,15.33491216811843,20.555873947406663,5.42802,5.6384172,5.2176228,0.4207945,-0.35403886,0.8668026,2.0,0.0,0.0,8.449754,0.72076917,0.693175,0.64355093,2.9697351,-3.9178176e-06,4.2735e-06,-9.01098e-05,1.1440246,1.3906552
206.81868,293.71585,241.10156,20.439503,260.08264,251.72234,238.46878,235.76877,-8.360306,-13.253555,15.906407,,,,,,,18.73455,23.595242,13.873858,9.721383,0.9881858,0.09371368,1.0,0.0,0.0,18.310362,0.2635461,0.96464676,-0.4938101,2.341604,1.6796714e-05,3.1013402e-05,0.00038632442,1.0332124,1.1668247
208.48984,294.19635,242.2492,20.699858,265.43884,254.30412,240.69029,237.3844,-11.13472,-13.613831,16.148365,26.948024620675817,18.059642409832257,9.64188992352793,31.400636936215164,112.68038509428737,115.5307032635929,18.73455,23.595242,13.873858,9.721383,0.9881858,0.09371368,1.0,0.0,0.0,18.310362,0.2635461,0.96464676,-0.4938101,2.341604,1.6796714e-05,3.1013402e-05,0.00038632442,1.0437851,1.1568682
197.6113,293.67548,230.00972,18.523733,240.66463,210.45268,212.62039,219.27962,-30.211945,2.1677094,8.670315,56.02,37.671982058050645,7.467555922766185,16.0312195418814,18.151240148421106,23.623209472719466,5.42802,5.6384172,5.2176228,0.4207945,-0.35403886,0.8668026,2.0,0.0,0.0,8.449754,0.72076917,0.693175,0.64355093,2.9697351,-3.9178176e-06,4.2735e-06,-9.01098e-05,1.143557,1.3954465
243.74121,292.48288,281.22888,8.498293,289.0996,288.2609,286.75348,284.6012,-0.8387146,-1.5074158,5.805092,28.599998352830745,14.404100801348259,6.759471854771759,47.853944456021594,64.68625413493294,67.78291496365016,19.374134,24.40326,14.345012,10.058248,-0.4493044,0.8928385,1.0,1.0,1.0,16.594057,0.9506868,-0.31015208,1.0385249,9.310867,-3.248922e-06,2.9181901e-05,-7.4725205e-05,1.0029095,1.0146464
177.17137,285.63364,222.0903,18.90955,194.2105,196.47719,199.49039,214.17328,2.266693,3.0131989,8.194079,41.980000000000004,27.150126279120403,16.74,30.870698080866262,67.19643231174683,37.20083838782471,5.3524833,4.6243906,6.080576,-1.4561853,0.80689865,0.18473521,2.0,0.0,0.0,6.6105,0.8470736,-0.5314754,-1.4624807,2.089497,-1.5713739e-06,2.5763102e-05,-3.61416e-05,0.98846334,1.453775
181.36734,280.22803,215.86647,19.499641,194.7781,187.46509,191.7005,200.57901,-7.313019,4.2354126,3.688152,76.26,30.319727836793867,14.137394502826902,38.948684188300895,45.13390687432306,37.16691044705239,5.801318,6.162217,5.440419,0.72179794,0.66403973,0.56566536,2.0,0.0,0.0,8.494533,0.7916988,-0.6109115,-1.1782334,3.367124,3.0790414e-07,3.06471e-05,7.081795e-06,1.03901,1.4948279
200.68591,290.87863,260.19568,19.859348,263.8495,255.20143,259.7732,260.79315,-8.648056,4.571762,13.788985,32.159999999562174,21.85666134125906,12.74006883169504,62.84887155233581,68.62256973280057,65.7456629436871,18.6531,23.586466,13.719731,9.8667345,-0.2705195,0.96219593,1.0,1.0,1.0,15.645266,0.9548139,-0.29720408,0.5129457,6.6829724,7.0605654e-07,3.2967e-05,1.62393e-05,1.0338871,1.1398002
193.5194,287.2724,229.3713,19.798513,212.90613,218.38718,227.68823,227.30856,5.4810486,9.301056,11.017587,20.43946681462993,13.173746967230572,3.2625212182881973,49.64876634922564,65.45836120262487,59.97650053115167,5.1544843,4.3642073,5.9447613,-1.580554,-0.40798956,-0.87059003,2.0,0.0,0.0,1.3820558,0.88505167,-0.46549124,-1.3946702,1.333176,9.3963916e-07,7.692301e-06,2.16117e-05,0.97490215,1.3154271
183.59421,293.56342,218.56604,22.195316,194.98885,200.23172,204.08977,208.57838,5.242874,3.8580475,13.780568,41.84899133521573,16.862886394374467,4.927428748349163,37.013511046643494,37.013511046643494,78.01840432337815,6.4708505,5.9848194,6.9568815,-0.9720621,-0.39534926,-0.86152947,2.0,0.0,0.0,1.6108073,0.9912669,0.1318658,-1.6917365,0.38884303,1.6563132e-06,8.669101e-06,3.8095204e-05,0.973816,1.4661185
186.0318,276.77115,225.08934,18.073133,202.36102,200.07477,215.44772,226.79364,-2.286255,15.372955,10.259066,54.36,20.873182458481615,6.5200000000000005,7.0710678118654755,5.477283587052392,6.532584250946116,4.3155656,3.941886,4.689245,-0.7473593,-0.36482134,-0.73999655,2.0,0.0,0.0,1.4217714,0.48425686,0.87492514,-0.07189788,2.6236222,2.8189172e-06,1.0989001e-05,6.48351e-05,1.011427,1.3833386
188.84833,286.1664,221.00668,19.149649,207.13394,213.18408,220.90923,218.83614,6.0501404,7.7251434,11.981142,44.60000000000001,18.8514742926156,6.38,13.038404810405298,14.05636124517127,13.828360555783258,4.9345503,4.5583916,5.310709,-0.7523174,-0.013134122,-0.8641025,2.0,0.0,0.0,0.9695707,0.9367414,0.350019,-1.433313,1.5169151,1.2263087e-06,9.035401e-06,2.8205099e-05,0.9716201,1.3423442
188.7978,292.2279,233.708,21.368603,232.3652,238.9452,233.95645,232.0152,6.580002,-4.9887543,13.771285,37.559999999529396,14.524638419121649,4.00105683719031,47.01063709417264,49.07890896911441,37.43873133524419,4.012847,5.0318336,2.9938602,2.0379734,-0.26877695,-0.95151436,2.0,0.0,0.0,2.02982,0.95082563,0.309725,-0.9038324,0.572582,2.1234782e-06,9.2796e-06,4.884e-05,0.9724623,1.2229913
205.73918,291.7639,255.79703,19.511288,239.80577,241.73349,239.23,245.97606,1.9277191,-2.5034943,6.459631,26.257783989007976,17.267888010068983,9.716826344797877,35.510561809129406,32.16647343384148,31.95461489755685,2.476355,1.7188864,3.2338238,-1.5149374,-0.4033882,0.8162525,2.0,0.0,0.0,5.8202043,-0.9285344,0.37124592,-0.35354432,1.8288441,7.16674e-07,5.7387e-06,1.6483502e-05,0.99202543,1.2069651
194.32416,289.21967,230.10669,22.142248,211.60446,214.08496,220.86844,223.7006,2.4804993,6.783478,12.321147,30.53999999652969,20.29722019434578,10.442482310883694,10.816653826391969,19.718167640671364,18.46784395545793,4.671124,4.7716494,4.5705986,0.20105076,0.711986,0.33370262,2.0,0.0,0.0,3.4355528,0.11690307,0.993143,-0.46204135,1.7134731,-3.2807739e-06,1.08669e-05,-7.54578e-05,0.98841345,1.3509574
201.98746,293.28613,254.55223,21.504807,252.45331,247.0075,244.8127,248.77391,-5.445801,-2.194809,16.962484,70.19999999999985,14.718267054581238,9.495508495221634,45.17742799230607,45.17742799230607,90.69034027831245,8.308346,9.112738,7.503953,1.6087847,0.48682994,0.6638789,2.0,0.0,0.0,4.3353314,0.3792905,0.92527735,-0.022851268,1.726292,-6.152778e-06,8.302801e-06,-0.0001415139,1.0220472,1.1873572
187.99713,285.60098,221.01105,16.476423,205.33798,215.51137,211.57811,209.73601,10.173386,-3.933258,5.550666,57.84000000000001,20.684537962483343,7.056874357113484,29.732137494637012,65.09056476270923,88.63503804708522,3.6553802,4.4538593,2.8569012,1.5969582,0.39319232,0.259832,2.0,0.0,0.0,3.0562987,-0.19811277,0.9801789,-0.46278453,1.290446,-3.3869485e-06,6.7155e-06,-7.7899815e-05,0.9527942,1.3252246
189.79408,293.74286,227.39827,25.494587,205.41026,207.2681,213.3404,219.49303,1.8578339,6.072296,17.902292,12.52,10.104033333333332,8.8,89.71388821990425,99.35644738503287,101.88846524533568,7.1634645,8.637009,5.6899204,2.9470882,0.86384606,-0.16259634,2.0,0.0,0.0,3.5268009,0.0055381623,0.9999844,0.98576266,3.8499732,-3.5143569e-06,5.6166e-06,-8.083021e-05,0.9910366,1.4172121
186.07819,289.87494,224.85196,22.090254,197.18974,202.83203,207.72536,220.95227,5.642288,4.893326,12.28271,46.55999999999999,10.351374830327709,0.8400000000000001,12.529964086141668,12.47898341856031,11.7354216207426,5.222201,5.818104,4.626298,1.1918058,-0.51524574,-0.6082107,2.0,0.0,0.0,1.8713127,-0.3300887,0.94394934,-1.671858,0.88023806,-3.4453437e-06,4.6398e-06,-7.9242905e-05,0.97218245,1.4291378
193.6452,292.64435,240.11984,26.375587,201.75902,209.23947,216.37149,229.76634,7.4804535,7.132019,14.440674,34.18000000000001,17.891403717826506,6.28,9.219544457292887,12.276497269080439,14.8738738656031,2.1753511,2.8301954,1.5205069,1.3096886,0.49381733,0.43119854,2.0,0.0,0.0,2.3909087,-0.5846138,0.81131124,0.11072645,4.802852,-2.7870658e-06,1.05006e-05,-6.410251e-05,0.9642493,1.3986096
200.5938,293.8188,244.01765,20.281576,209.85371,217.82779,230.01254,234.99686,7.9740753,12.184753,5.9194593,25.18,17.517707468879667,13.340000000000003,31.144823004794873,77.3484112265181,56.34383682801342,2.6169376,1.4823561,3.7515192,-2.2691631,0.5803379,0.6523818,2.0,0.0,0.0,0.7732552,-0.4262526,0.90460277,0.31917453,2.089497,-2.1394046e-06,1.30647e-05,-4.9206308e-05,0.96339273,1.3488581
196.67586,294.72995,254.18135,22.374414,203.7879,218.56306,235.118,247.29865,14.775162,16.554932,4.362814,51.580000000000005,22.922556022242784,11.378520460215004,15.0,14.544286066626283,15.499409244279137,1.7455916,1.2652836,2.2258997,-0.9606161,-0.5483771,0.17850545,2.0,0.0,0.0,1.1793766,-0.7845906,0.6200129,0.2043609,3.0124652,-2.2455781e-06,1.11111e-05,-5.1648298e-05,0.9323986,1.3484893
191.95697,291.50433,252.40572,20.657944,201.96135,210.14609,230.08784,249.20279,8.184738,19.941757,5.9878383,26.340711495222074,18.903477160409246,12.78081773525731,27.459060435491963,37.21631226113049,39.32996929362904,3.467111,4.2177124,2.7165098,1.5012026,-0.7000759,0.40570354,2.0,0.0,0.0,2.4092014,-0.9992183,-0.03952283,0.40835023,2.696263,-1.0670475e-06,9.2796e-06,-2.4542092e-05,0.9610522,1.3871509
202.6673,294.38217,255.99109,21.740664,209.15079,226.61145,241.06137,248.86003,17.460663,14.449921,11.910286,66.55999999978368,17.689924226202148,6.86516485043875,28.071337695236398,52.56131559954563,46.20013364335463,5.074179,3.1189919,7.0293665,-3.9103746,0.3867496,0.88581973,2.0,0.0,0.0,0.7584356,-0.82731444,0.5617368,0.3260485,2.290328,-7.5330395e-06,4.3956e-06,-0.0001732599,0.9229489,1.2990613
188.9065,284.51837,222.7837,19.485607,212.62512,201.50964,203.6109,207.44482,-11.1154785,2.1012573,6.0836806,,,,,,,8.911306,10.906551,6.9160614,3.99049,-0.035897747,-0.9168322,2.0,0.0,0.0,2.9362297,-0.9957311,-0.09229741,-0.5868873,1.773295,-2.144713e-06,9.645901e-06,-4.9328402e-05,1.055161,1.4119343
185.53407,288.34528,223.36256,21.354696,205.06409,200.74654,201.64915,209.91039,-4.3175507,0.9026184,9.486832,51.779999999999994,34.2628681066067,13.142968416254686,26.832815729997478,25.70782169432173,26.417245653343638,5.0554852,5.311472,4.7994986,0.5119734,-0.105784744,-0.9010344,2.0,0.0,0.0,2.0875182,-0.79647726,0.6046677,-1.1583546,0.25638002,-2.5003956e-06,1.20879e-05,-5.7509096e-05,1.0215075,1.4363649
187.8378,284.19135,218.83673,16.345356,199.25671,198.97728,209.18495,212.18808,-0.2794342,10.207672,9.749526,42.97999999999968,33.21237672186983,15.367884296914411,48.373546489791295,31.21982388071539,34.85480301169542,7.2914567,9.485082,5.0978317,4.38725,-0.2346667,-0.93954635,1.0,0.0,0.0,2.3933866,-0.5743176,0.81863207,-0.2621393,1.431455,-6.582787e-07,1.44078e-05,-1.5140409e-05,1.0014044,1.4282603
195.90758,292.54712,249.63844,19.287117,209.46481,217.39828,231.40579,244.87126,7.9334717,14.007507,5.0377555,,,,,,,1.9144053,0.8788233,2.9499874,-2.0711641,-0.2744225,0.665823,2.0,0.0,0.0,1.9483232,-0.9999963,-0.0025062559,0.21383584,2.2988741,-2.5163215e-06,1.07448e-05,-5.7875397e-05,0.9635072,1.3456736
184.29468,290.85022,219.21553,29.377005,209.10043,195.39336,197.79738,201.80818,-13.707077,2.4040222,19.619326,,,,,,,7.5842586,9.265719,5.9027977,3.3629217,-0.44677967,-0.8786799,2.0,0.0,0.0,2.2866995,-0.9529183,0.30322555,-1.0097284,0.645223,-3.4506527e-06,9.5238e-06,-7.936501e-05,1.0701512,1.4885368
212.5884,295.06372,270.5198,19.003836,238.36243,234.37701,251.17468,268.1457,-3.9854126,16.797668,9.038311,80.0,12.617050095790843,4.960566763934901,33.000293513537756,37.84668144103146,47.35194141285785,7.121309,6.685254,7.5573635,-0.8721094,0.009544596,0.97058904,2.0,0.0,0.0,0.9125896,-0.9390481,-0.34378257,0.0118900975,1.32463,-8.042675e-06,1.5873001e-06,-0.00018498153,1.0170043,1.2589277
195.01024,294.83472,266.92746,20.295784,255.39478,256.3081,264.68552,268.0172,0.9133301,8.377411,15.204435,56.48569635485835,6.32557509648291,0.45233365975244466,22.47220505424423,46.39978946966003,40.62416357709221,3.8644433,4.055193,3.6736937,0.3814993,-0.08117053,0.8187026,2.0,0.0,0.0,2.1455715,-0.9399259,-0.34137744,-0.09177662,1.1408911,-7.564891e-06,3.5409003e-06,-0.00017399249,0.9964366,1.1503136
184.19023,290.70734,212.62558,21.251781,202.15544,192.91534,193.54102,201.94798,-9.240097,0.6256714,11.731035,42.739999999999995,28.521892225876222,7.1486208216740605,22.47220505424423,22.822409595582215,23.908191090259287,4.541986,4.5160446,4.5679274,-0.051882744,0.16947606,-0.81519395,1.0,0.0,0.0,1.8733228,-0.6516493,0.75851977,-1.314598,1.521188,-5.7864776e-07,1.0989001e-05,-1.3308899e-05,1.0478971,1.5069166
206.57169,295.83655,263.29245,24.13396,213.08258,229.4931,248.48518,255.73853,16.410522,18.99208,13.299756,63.46000000000961,20.46042792759912,10.357133762551529,40.311288741492746,42.93521560635819,41.93858275184387,3.8587208,3.8812294,3.8362122,0.045017242,-0.06639126,0.90415275,2.0,0.0,0.0,0.48107466,-0.8120137,0.5836348,0.34852815,2.469794,-5.260917e-06,7.0818005e-06,-0.00012100109,0.9284923,1.2890869
184.27786,285.1219,220.05807,21.980562,219.28093,197.09346,202.93806,209.94421,-22.18747,5.8446045,12.839068,50.06,33.146766554331656,12.571957791768465,33.60059523282288,29.640755429844408,48.30091130070778,4.8929667,5.2401314,4.545802,0.69432926,0.27574942,-0.81578434,1.0,0.0,0.0,2.1616795,-0.8866147,0.4625079,-0.8954722,2.7048092,3.185193e-08,1.57509e-05,7.3259434e-07,1.1125734,1.4466329
199.48715,293.82843,243.83212,20.37684,209.64038,218.26869,229.23782,234.75975,8.628311,10.969131,6.0948973,50.040000000000006,23.802915863126888,9.780203925124654,14.422205101855956,17.969944488248146,11.540315353613261,2.6169376,1.4823561,3.7515192,-2.2691631,0.5803379,0.6523818,2.0,0.0,0.0,0.7732552,-0.4262526,0.90460277,0.31917453,2.089497,-2.1394046e-06,1.30647e-05,-4.9206308e-05,0.9604693,1.3461776
206.57169,295.83655,263.29245,24.13396,213.08258,229.4931,248.48518,255.73853,16.410522,18.99208,13.299756,,,,,,,3.8587208,3.8812294,3.8362122,0.045017242,-0.06639126,0.90415275,2.0,0.0,0.0,0.48107466,-0.8120137,0.5836348,0.34852815,2.469794,-5.260917e-06,7.0818005e-06,-0.00012100109,0.9284923,1.2890869
184.15692,289.50754,218.18175,19.47161,208.07071,200.90182,202.75139,209.08914,-7.1688843,1.8495636,12.206777,29.039997595805552,22.580352354637643,16.534908105892367,25.553864678361276,29.419578859519657,32.21669676578241,3.5352077,4.281803,2.7886124,1.4931908,0.28463513,-0.776361,2.0,0.0,0.0,1.6518259,-0.58235586,0.8129333,-1.5715352,2.86291,5.6803043e-07,1.1965801e-05,1.30647e-05,1.0356835,1.4410399
187.8643,286.20795,232.64154,25.75754,219.71242,229.74765,232.42456,228.20607,10.035233,2.6769104,21.571781,28.55999927611657,14.877507082350828,4.7783359020818335,28.442925306655784,28.65551718870699,29.913083037197463,6.724167,9.414124,4.03421,5.3799133,0.061824784,-0.9594908,2.0,0.0,0.0,2.4069202,-0.74555933,0.66643876,0.19024143,2.324512,-1.2740869e-06,1.1355301e-05,-2.9304e-05,0.95632064,1.2457492
211.06189,293.44254,267.12073,22.657803,253.93835,260.0088,259.31433,264.2716,6.0704346,-0.694458,20.09049,40.475,23.996809796279944,7.640025976797837,37.36308338453881,45.3191094598703,47.55317849238536,14.391172,17.090284,11.6920595,5.398225,-0.08229831,0.991542,1.0,0.0,0.0,4.6104374,0.93043554,0.36645496,0.68033594,4.149083,-8.170082e-06,4.2735e-06,-0.00018791188,0.976653,1.128587
199.90271,296.51187,268.29056,27.352123,290.2048,269.22723,262.82095,263.3636,-20.97757,-6.4062805,24.032787,34.91999999532806,18.643704679764358,9.154818590639811,18.24828759089466,30.949141218887327,37.209435776809606,13.932991,16.51422,11.351762,5.1624575,-0.037093397,0.99573034,1.0,0.0,0.0,8.534325,0.98955077,0.14418434,1.5308487,6.473595,-7.963044e-06,6.7155e-06,-0.00018315001,1.0779177,1.1013442
219.6031,294.73868,275.225,18.070265,290.34134,283.26016,275.50006,270.74857,-7.0811768,-7.7601013,15.092822,36.32000000190472,20.77147462333112,9.355865575392162,31.38470965295043,45.338346149811464,53.277098560402266,13.50304,16.381458,10.624623,5.756835,-0.23628613,0.95803905,1.0,0.0,0.0,6.119197,0.9669528,0.25495476,0.9502781,5.25579,-9.598121e-06,5.6166e-06,-0.00022075679,1.0249989,1.0405228
212.85565,296.52948,275.9006,24.205664,291.36316,273.62003,270.37427,271.94968,-17.743134,-3.245758,21.510612,26.480591137564666,17.912890268581027,7.979543111463537,21.470910553583888,21.64759462571013,23.336104345530977,13.355017,17.091427,9.618607,7.4728203,-0.27471894,0.95629704,1.0,1.0,1.0,8.043189,0.99047947,-0.13765934,1.7853711,7.6102133,-5.749318e-06,1.3919401e-05,-0.00013223432,1.0648459,1.0837272
181.30522,259.26514,201.49603,14.925654,193.69395,188.69171,193.62288,196.38249,-5.002243,4.9311676,10.315385,,,,,,,4.749332,5.7330294,3.7656345,1.9673948,0.71241,-0.51711607,2.0,0.0,0.0,5.252637,0.75509053,0.6556202,0.23854488,2.388607,3.7107782e-06,1.7338201e-05,8.53479e-05,1.0265101,1.3740145
185.03557,256.7931,199.67484,10.362258,202.82385,190.47583,190.936,193.9986,-12.348022,0.46017456,6.0257034,69.93999999999998,40.04314276578725,14.076515603637551,18.973665961010276,18.239581978912497,15.470631661206859,6.7562118,7.184636,6.3277874,0.8568487,0.8983683,0.39779282,2.0,0.0,0.0,6.260991,0.7705494,0.6373801,-0.067253314,2.3800611,3.7320133e-06,1.77045e-05,8.5836306e-05,1.0648272,1.3481662
181.30522,259.26514,201.49603,14.925654,193.69395,188.69171,193.62288,196.38249,-5.002243,4.9311676,10.315385,65.5,33.82636753321976,9.21161031220407,15.811388300841896,16.572473717266586,17.613528968295753,4.749332,5.7330294,3.7656345,1.9673948,0.71241,-0.51711607,2.0,0.0,0.0,5.252637,0.75509053,0.6556202,0.23854488,2.388607,3.7107782e-06,1.7338201e-05,8.53479e-05,1.0265101,1.3740145
185.03557,256.7931,199.67484,10.362258,202.82385,190.47583,190.936,193.9986,-12.348022,0.46017456,6.0257034,66.25,42.32652572211066,29.472780595474177,26.076809620810597,26.30203404032795,26.735729785882707,6.7562118,7.184636,6.3277874,0.8568487,0.8983683,0.39779282,2.0,0.0,0.0,6.260991,0.7705494,0.6373801,-0.067253314,2.3800611,3.7320133e-06,1.77045e-05,8.5836306e-05,1.0648272,1.3481662
182.26482,293.11237,226.6086,31.619595,189.10747,192.15369,204.28035,217.40656,3.0462189,12.126663,22.9219,29.020006673268785,16.67400647207268,3.7015550787457245,29.410882339705484,30.84013761043658,33.012552754429024,7.1623197,10.940505,3.3841343,7.5563707,0.0518666,-0.95099187,2.0,0.0,0.0,2.052935,-0.96628386,0.25747746,0.8376938,3.8371542,-9.608742e-07,5.7387e-06,-2.2100106e-05,0.98414695,1.5254059
193.16414,291.0586,242.3049,22.87432,213.35562,216.00972,228.75919,239.49167,2.6540985,12.749466,12.296887,34.85999999871443,19.344772911279353,9.384847189974751,14.7648230602334,16.89124513260981,18.923998230416398,3.6605306,3.5546646,3.7663965,-0.21173191,-0.14084703,0.7725929,2.0,0.0,0.0,5.7288938,0.98978674,0.14255485,0.11982979,3.9311602,3.3975653e-06,1.1355301e-05,7.8144e-05,0.98771304,1.3474329
187.12877,293.62213,228.62157,26.69837,194.01802,194.45757,198.22583,212.00595,0.43954468,3.7682648,11.045969,50.0,22.50021342980012,9.125103125629787,9.433981132056603,9.799028872432094,10.366133326889264,5.0316415,6.7245483,3.3387346,3.3858137,0.16852708,0.95683134,2.0,0.0,0.0,7.6828394,0.9663876,0.257089,0.8397374,4.2687273,4.3956e-06,1.2332101e-05,0.000101098805,0.9977396,1.5099548
186.47467,293.4659,233.47781,34.239704,197.04549,200.3978,213.94891,228.92111,3.3523102,13.551117,26.93527,26.11493763907156,13.79582440299573,9.592297701751647,47.43416490252569,94.39259268907854,96.40291231849878,5.2985015,8.555748,2.041255,6.514493,0.14241156,-0.842978,2.0,0.0,0.0,1.6332778,-0.84757763,0.5306703,0.3825264,2.944097,-1.2316175e-06,5.7387e-06,-2.8327202e-05,0.9832717,1.4644169
188.44177,293.81116,235.83687,28.206255,201.18631,205.22694,209.41194,224.48238,4.040634,4.1849976,16.10302,19.847116067238183,14.585942820278289,8.346756679091904,41.23105625617661,52.22287323556373,56.26077066027809,5.021532,6.8637953,3.1792688,3.6845264,-0.23035711,-0.92041576,2.0,0.0,0.0,1.7035588,-0.5338579,0.8455736,-0.47839025,3.9183412,9.290218e-07,7.4481004e-06,2.1367501e-05,0.9803114,1.4316403
181.19771,294.07748,228.82414,27.347061,193.40099,194.03017,198.58234,213.17548,0.6291809,4.55217,11.909374,46.35999999999997,24.353553912170575,10.713647432559634,11.180339887498949,9.375385201626951,13.430906714445312,5.0316415,6.7245483,3.3387346,3.3858137,0.16852708,0.95683134,2.0,0.0,0.0,7.6828394,0.9663876,0.257089,0.8397374,4.2687273,4.3956e-06,1.2332101e-05,0.000101098805,0.9967573,1.5156276
186.72296,291.46082,224.76125,22.28138,194.42409,199.13472,206.37819,213.1879,4.7106323,7.243469,12.403312,23.357225693168047,18.450770194332343,16.266548163053358,40.792156108742276,64.44929590777335,59.46308157818315,7.2710466,10.73335,3.8087435,6.9246063,-0.14685611,-0.9501982,2.0,0.0,0.0,1.7678068,-0.86525244,0.5013354,-0.25377902,2.9483702,2.7870653e-06,9.645901e-06,6.41025e-05,0.97634447,1.4636364
185.7897,289.1344,219.43353,18.43261,203.32474,201.61757,202.21344,207.68199,-1.7071686,0.595871,8.527418,36.59999999996964,25.670727247298228,11.932832044376998,26.40075756488817,28.78576640143422,32.32839458815688,10.5570965,12.294448,8.819745,3.4747028,0.51687956,0.7999612,2.0,0.0,0.0,8.78868,0.9257702,0.3780865,0.07134052,4.610567,5.197213e-06,1.3431e-05,0.00011953589,1.0084673,1.4340734
185.15154,291.76715,232.95056,31.346464,199.27855,215.33035,224.27034,229.68002,16.051804,8.939987,25.987602,29.120001004583948,17.884315087096457,6.261317692207514,48.08326112068523,54.84890463564544,54.54530467463367,7.787788,11.358628,4.2169476,7.1416807,-0.2666824,-0.8909837,1.0,0.0,0.0,2.3675313,-0.91780585,-0.39702836,0.98817766,3.0808332,2.112861e-06,8.547e-06,4.8595804e-05,0.925455,1.3549745
181.84442,294.25473,220.45636,25.147335,193.79282,196.23663,200.0624,206.54434,2.4438171,3.82576,11.706089,37.319999998204345,17.72975374215097,7.151356314156898,23.021728866442675,21.413983683021186,25.282653955533476,2.6537528,2.0866528,3.2208529,-1.1342001,-0.22908038,-0.83641505,2.0,0.0,0.0,3.3055105,0.99122113,0.13221207,-0.19674377,2.7560852,-1.603226e-06,7.4481004e-06,-3.6874197e-05,0.98754656,1.4994893
200.70866,293.9864,238.52621,18.25768,259.87903,233.94954,223.55525,223.63255,-25.92949,-10.394287,6.2845716,32.35999994385052,27.435224422232125,20.71570404385543,41.10960958218893,43.63459343700988,46.89734895695331,1.7713428,1.6185522,1.9241333,-0.3055811,0.6162587,0.411426,2.0,0.0,0.0,2.396729,-0.7859114,0.6183385,1.4344275,2.486886,5.29277e-06,1.63614e-05,0.000121733705,1.1108336,1.256623
194.88069,295.29855,241.34915,28.907219,237.76416,208.34851,214.59026,220.67838,-29.41565,6.241745,15.172215,48.64,26.427589715660407,16.246153943520525,10.04987562112089,20.43951173880083,18.362975408344305,2.3620954,3.5405493,1.1836414,2.3569078,0.53371596,-0.0033704937,2.0,0.0,0.0,1.9111606,-0.40560484,0.914048,-1.0149305,-0.22646901,1.2210001e-05,2.30769e-05,0.00028083002,1.1411848,1.4173298
198.8332,294.50836,240.58482,22.849226,282.6401,238.76627,214.7067,218.5889,-43.87384,-24.05957,6.395199,41.220000000002486,25.71924856070121,6.021534539801656,29.410882339705484,29.68606480551118,31.49295155612506,1.4417272,1.1783018,1.7051525,-0.5268507,0.7220422,0.12683265,2.0,0.0,0.0,3.0469768,-0.4547297,0.8906292,0.94377565,2.760358,3.6470744e-06,1.1355301e-05,8.388271e-05,1.1837523,1.2334589
193.76807,296.65027,237.396,23.776814,215.32907,217.55072,218.091,221.3565,2.2216492,0.5402832,5.2070208,32.47999999825341,21.267900833115288,4.739588741219401,19.72308292331602,18.231290503613984,27.444833426958517,3.8425064,3.4623413,4.2226715,-0.7603302,-0.26620746,0.09226968,2.0,0.0,0.0,3.7607925,-0.96146244,0.2749354,-0.421355,0.88878405,6.407596e-06,1.5873e-05,0.00014737471,0.9897879,1.3635913
195.0522,292.98505,237.53314,25.682058,236.43816,204.64015,212.48041,220.2273,-31.798004,7.8402557,8.277068,47.68,25.664076156417877,7.174301864991501,15.0,15.43046605661966,15.656071050033539,2.817607,2.8935251,2.7416887,0.1518364,-0.13729066,0.57516265,2.0,0.0,0.0,2.5769312,-0.79301095,0.6092068,-0.8709488,1.2391701,9.6459e-06,1.7338201e-05,0.00022185569,1.155385,1.4317085
215.43054,292.56894,259.42184,18.851423,282.03012,277.14737,263.84714,254.656,-4.8827515,-13.300232,13.823802,25.48127447218939,16.139681094399243,6.499360738371172,28.792360097775937,68.38345895753883,53.08415704067678,5.687059,8.582834,2.7912836,5.7915506,0.6610992,0.71551526,2.0,0.0,0.0,5.5576887,0.3795563,0.9251684,1.1338313,4.349914,-7.4321764e-07,9.2796e-06,-1.7094006e-05,1.017618,1.0556439
216.63724,293.47217,251.18753,15.336107,257.13843,249.0639,245.26593,245.14917,-8.074524,-3.7979736,10.379736,27.861218232348495,14.112152951982265,4.5657219541580085,25.495097567963924,96.64149551421313,70.34745695524417,3.6937213,5.5937815,1.7936611,3.8001204,0.7496553,0.42961267,2.0,0.0,0.0,3.7702162,0.11203055,0.99370456,0.7141484,3.7516942,-2.0703912e-06,7.0818005e-06,-4.7618996e-05,1.0324194,1.1783007
215.17218,292.80185,251.96675,15.19718,259.92157,251.61253,245.90201,246.00397,-8.309036,-5.7105255,10.506776,30.339951003454722,17.68662788449511,9.695252861754971,25.495097567963924,38.00966122589927,50.07656635049512,5.086006,7.864089,2.3079233,5.5561657,0.5486333,0.79411453,2.0,0.0,0.0,4.083529,0.122268416,0.9924968,1.057289,4.4353743,-1.4917435e-06,7.4481004e-06,-3.4310102e-05,1.0330231,1.1637014
197.71036,293.804,235.63718,24.628302,240.37912,218.5179,208.4095,218.54916,-21.861221,-10.108398,12.497365,30.825002336419125,28.059625230431354,23.142504338104988,46.84015371452148,48.498812733755464,55.712267576194975,1.4756799,1.2252254,1.7261343,-0.50090885,0.40078878,0.27525392,2.0,0.0,0.0,2.7292557,-0.35156444,0.9361633,0.54508626,3.4098542,3.4400348e-06,1.2332101e-05,7.91208e-05,1.1000432,1.3445306
200.03249,294.08945,245.95148,27.702492,274.86346,241.26953,215.65128,221.6435,-33.593933,-25.618256,9.263021,40.07999999999795,24.212024403229165,4.881323163875322,41.6293165929973,40.20617629565425,38.086345031060375,1.611876,1.9748726,1.2488794,0.72599316,0.07088007,-0.8644283,2.0,0.0,0.0,2.942202,-0.6796229,0.7335612,1.4058172,3.055195,5.3989434e-06,1.52625e-05,0.0001241757,1.1392382,1.2189249
215.17218,292.80185,251.96675,15.19718,259.92157,251.61253,245.90201,246.00397,-8.309036,-5.7105255,10.506776,,,,,,,5.086006,7.864089,2.3079233,5.5561657,0.5486333,0.79411453,2.0,0.0,0.0,4.083529,0.122268416,0.9924968,1.057289,4.4353743,-1.4917435e-06,7.4481004e-06,-3.4310102e-05,1.0330231,1.1637014
208.38078,292.09717,251.26453,13.42765,265.67557,245.30307,242.39085,248.75777,-20.372498,-2.9122162,6.3063807,36.740000020382425,26.718066306927028,13.86300723045813,32.7566787083184,29.308687486103572,31.685124229956504,1.2242718,1.1390066,1.3095369,-0.17053032,-0.0040999055,-0.43844166,2.0,0.0,0.0,2.6123652,-0.10560906,0.99440736,0.6175414,4.7943063,-4.4593108e-07,1.1355301e-05,-1.02564145e-05,1.0830504,1.1907604
198.18393,293.64276,239.5241,23.34385,244.73343,211.81769,219.32094,227.86156,-32.91574,7.50325,9.797748,48.580000000000005,26.184330115811544,6.829672046296177,7.615773105863909,11.214041074173178,13.048068422928225,2.660047,3.0056858,2.3144083,0.6912775,0.24307978,0.39423382,2.0,0.0,0.0,2.167402,-0.20163694,0.9794599,0.39070085,1.88012,1.1657898e-05,2.36874e-05,0.00026813164,1.1553966,1.3862995
206.81696,293.3395,236.9282,21.306479,251.73218,238.22351,226.91246,221.64087,-13.508667,-11.31105,12.606605,42.88000000000158,30.555070655076616,7.264287530269852,25.298221281347036,33.28933683999288,35.208972349169066,1.9266138,1.4850273,2.3682003,-0.883173,0.6482569,-0.50640345,2.0,0.0,0.0,2.0582025,-0.19394839,0.9810112,0.74554557,3.384216,1.2847045e-06,9.4017005e-06,2.9548202e-05,1.0567058,1.2313626
190.71179,295.3225,241.09438,25.651075,245.97665,217.77383,215.17378,221.19771,-28.20282,-2.6000519,6.093732,32.459999694159,22.59042484579128,5.606303819565039,16.0312195418814,20.761965940608185,25.00985050391217,3.0932407,4.600357,1.5861244,3.0142326,-0.1548137,0.56696653,2.0,0.0,0.0,3.5941324,-0.92826545,0.37191755,-0.72901094,0.585401,8.600087e-06,1.56288e-05,0.000197802,1.129505,1.3560973
195.97069,294.07623,256.3164,26.210821,276.9828,265.97668,254.99785,245.80902,-11.0061035,-10.978836,16.031101,10.167845703996502,5.87631118063318,2.22085391220946,49.193495504995376,103.51788512251083,108.75102966546098,4.463207,5.281334,3.6450796,1.6362543,-0.89323926,0.017762452,2.0,1.0,2.0,1.1349463,-0.83681726,-0.5474807,-3.2898383,1.440001,3.70547e-06,1.01343e-05,8.522581e-05,1.0413799,1.1056466
198.6235,294.73172,267.2827,22.348312,227.94785,247.49117,261.0995,263.6473,19.54332,13.608322,13.195516,29.659584608979475,8.000397978217132,0.30295863067433176,27.313000567495326,27.313000567495326,27.313000567495326,1.4875073,1.90277,1.0722446,0.8305254,-0.49637017,-0.37531638,3.0,3.0,9.0,3.283303,0.9027434,0.4301788,-2.027074,2.8030882,7.0605665e-07,4.3956e-06,1.6239303e-05,0.9210343,1.1908778
193.51054,294.53357,252.45572,22.914255,239.41978,237.04057,238.8751,247.61786,-2.3792114,1.8345337,14.833156,14.460441331609399,12.307591766026993,9.50951563546835,39.11521443121589,61.603933618709874,71.05786398478692,2.6043487,1.7433033,3.465394,-1.7220907,-0.6704368,0.3585307,2.0,1.0,2.0,1.5005003,0.87457854,0.48488265,-2.728032,2.0510402,2.7286694e-06,7.692301e-06,6.27594e-05,1.0100372,1.242545
189.17839,295.56808,244.79507,33.44447,218.67354,216.03853,221.2983,238.08905,-2.6350098,5.2597656,22.83247,,,,,,,4.94218,5.8520575,4.032303,1.8197546,-0.8597389,-0.09618029,2.0,1.0,2.0,1.9957262,-0.9835844,-0.18044613,-3.1570039,1.1494371,2.3092825e-06,7.4481004e-06,5.3113497e-05,1.0121969,1.3681267
196.57817,281.7815,226.25653,13.216167,243.44177,223.58525,228.99442,223.09763,-19.856522,5.4091644,4.392397,36.86,23.578753050268425,8.959999999999999,63.58808821494471,77.7417158411446,75.84190606434616,7.0207834,8.207821,5.833746,2.374075,0.30039266,0.91213155,2.0,0.0,0.0,3.7066581,-0.53254235,0.84640306,0.20157413,1.4912771,2.5057045e-06,1.2210001e-05,5.7631205e-05,1.0888096,1.2602866
195.68921,279.80875,225.66313,12.583499,244.37546,223.88602,229.93877,221.7558,-20.48944,6.0527496,3.7695608,37.519999999814836,22.24020706597504,10.180407526556717,32.57299494980466,63.497256419801964,66.15690058391795,7.0207834,8.207821,5.833746,2.374075,0.30039266,0.91213155,2.0,0.0,0.0,3.7066581,-0.53254235,0.84640306,0.20157413,1.4912771,2.5057045e-06,1.2210001e-05,5.7631205e-05,1.0915173,1.2497821
191.3728,294.64362,249.03777,26.892525,234.6773,208.7459,226.54225,243.20152,-25.931412,17.796356,14.375874,37.86,29.676012737797723,23.35826539201604,28.178005607210743,34.226241556827674,42.7064451899371,6.0754256,7.772147,4.378704,3.393443,0.2558832,0.89422333,2.0,0.0,0.0,2.7804313,-0.91937166,-0.3933892,-0.28647682,2.9911,8.63194e-06,1.8803401e-05,0.0001985346,1.1242248,1.4114941
203.65337,296.93622,266.29868,17.503408,250.77876,246.35506,244.81801,253.94373,-4.423706,-1.5370483,2.664716,,,,,,,4.6915345,4.1681166,5.2149525,-1.0468359,-0.72244805,0.6267832,3.0,3.0,9.0,2.0034602,-0.41921255,-0.9078876,0.2682701,1.6237401,5.420178e-06,2.30769e-05,0.00012466409,1.0179566,1.2053181
186.73033,294.9204,246.46419,24.006176,236.9761,234.99913,239.06596,240.12952,-1.9769745,4.0668335,14.152816,31.319967595572717,20.045823783014498,6.178833008452594,11.661903789690601,12.65366188335749,29.458562843656225,5.6414704,8.146781,3.13616,5.010621,-0.692891,0.12013298,2.0,0.0,0.0,5.82057,0.4272206,-0.90414727,2.4794548,5.9693813,1.0160845e-05,3.96825e-05,0.00023369942,1.0084127,1.2549851
192.88596,292.32684,248.86313,23.395248,217.3734,214.15887,232.65851,250.4275,-3.2145233,18.499634,10.187581,31.11999998177985,20.36805621233492,8.577167629284892,19.235384061671343,28.06519283994972,33.403222195060394,4.0355453,2.6909485,5.380142,-2.6891937,0.7518256,0.042756855,2.0,0.0,0.0,3.2364297,-0.011692899,-0.99993134,3.0288138,5.785642,8.865522e-06,3.4310102e-05,0.00020390702,1.01501,1.3649999
184.92773,295.09802,258.36472,28.325325,242.6266,244.68655,247.55344,248.64088,2.0599518,2.8668823,22.359272,15.782197551385684,9.341278453045264,3.9596477006649344,35.58808611269992,96.4366400489209,95.6764827030983,4.958585,4.6587257,5.258444,-0.5997181,-0.31321597,-0.23167962,2.0,0.0,0.0,4.3395467,-0.99554944,0.09423822,1.1808343,2.77745,-2.1022436e-06,1.62393e-05,-4.83516e-05,0.99158126,1.2060246
189.43372,294.40637,256.90903,29.837273,221.75879,230.11725,237.12302,246.96378,8.358459,7.005768,22.786661,24.899763238817425,10.33626105027805,3.9599904152298357,43.965895873961216,63.900464891148424,66.46578522012676,2.491424,1.7021008,3.2807474,-1.5786467,-0.75620043,0.008416891,2.0,0.0,0.0,4.296863,-0.99606353,0.08864,0.9136789,2.6535332,-3.769174e-06,1.3431e-05,-8.6691005e-05,0.9636774,1.2793756
193.57996,288.2671,227.1679,17.623844,198.74144,205.20099,216.10579,226.62416,6.459549,10.9048,7.239487,34.04,19.028243306169966,6.125,7.0710678118654755,27.92677453300553,19.5390517829862,4.4773226,6.673046,2.281599,4.391447,-0.2567944,0.41844687,2.0,0.0,0.0,4.812851,-0.95116425,0.3086845,1.2181767,2.8885481,4.5123915e-07,4.6398e-06,1.03785005e-05,0.9685209,1.4048036
188.90836,291.50043,224.95456,20.625547,202.95486,208.69392,211.8532,213.17711,5.7390594,3.1592712,6.2534904,20.295829281733177,6.668888362706004,3.021965655659497,41.78516483155236,114.95687189186889,109.71811368217487,7.4986115,13.497698,1.4995251,11.998173,-0.06298834,-0.4718351,2.0,0.0,0.0,0.4704847,-0.79656035,0.6045555,0.072083615,3.7559671,1.449274e-06,1.07448e-05,3.33333e-05,0.9725001,1.3967844
